profile,x_over_d,r_over_d,x_m,y_m,temperature,ch4,o2,co2,h2o
radial,0.75,0.0,0.005400000140070915,0.0,294.1288146972656,0.15633994340896606,0.19647261500358582,2.1101877791807055e-05,1.8103819456882775e-05
radial,0.75,0.062499998926392034,0.005400000140070915,0.00044999999227002263,294.18115234375,0.15633057057857513,0.19646407663822174,2.7680340281222016e-05,2.3747648810967803e-05
radial,0.75,0.12499999785278407,0.005400000140070915,0.0008999999845400453,294.38824462890625,0.1562957465648651,0.19643233716487885,5.213734766584821e-05,4.472996079130098e-05
radial,0.75,0.18750000486357346,0.005400000140070915,0.0013500000350177288,294.9440002441406,0.15621088445186615,0.19635501503944397,0.0001117188367061317,9.584655344951898e-05
radial,0.75,0.24999999570556813,0.005400000140070915,0.0017999999690800905,296.35589599609375,0.15601688623428345,0.19617825746536255,0.000247926072916016,0.00021270278375595808
radial,0.75,0.31249998654756284,0.005400000140070915,0.0022499999031424522,300.054931640625,0.15555858612060547,0.19576068222522736,0.000569678726606071,0.0004887454560957849
radial,0.75,0.3750000097271469,0.005400000140070915,0.0027000000700354576,311.68109130859375,0.1542544811964035,0.1945728212594986,0.0014850517036393285,0.0012740849051624537
radial,0.75,0.437500032906731,0.005400000140070915,0.003150000236928463,360.5472412109375,0.14921937882900238,0.18998947739601135,0.005017508752644062,0.004304840229451656
radial,0.75,0.49999999141113627,0.005400000140070915,0.003599999938160181,525.0615844726562,0.1331438422203064,0.17539316415786743,0.01627326011657715,0.013963255099952221
radial,0.75,0.5347222193247743,0.005400000140070915,0.0038499999791383743,692.9747314453125,0.11688919365406036,0.16071248054504395,0.02760719694197178,0.023691464215517044
radial,0.75,0.5752314528864291,0.005400000140070915,0.0041416664607822895,930.8402709960938,0.0935446172952652,0.13989800214767456,0.04372206702828407,0.03753262758255005
radial,0.75,0.6157407511232628,0.005400000140070915,0.004433333408087492,1174.287353515625,0.06912251561880112,0.11874274164438248,0.06020652875304222,0.05171293392777443
radial,0.75,0.6562499846849177,0.005400000140070915,0.004724999889731407,1396.029296875,0.04621070995926857,0.10001467168331146,0.07499615848064423,0.0644753947854042
radial,0.75,0.6967592829217514,0.005400000140070915,0.00501666683703661,1561.7276611328125,0.028092268854379654,0.08681189268827438,0.08572053909301758,0.07379037141799927
radial,0.75,0.7372685164834063,0.005400000140070915,0.005308333318680525,1656.7149658203125,0.016396038234233856,0.08013927191495895,0.09152685105800629,0.0789094865322113
radial,0.75,0.7777777500450611,0.005400000140070915,0.00559999980032444,1695.174072265625,0.010043865069746971,0.0784119963645935,0.09353452920913696,0.08077167719602585
radial,0.75,0.8182870482818948,0.005400000140070915,0.0058916667476296425,1700.9002685546875,0.006852662190794945,0.07940622419118881,0.09341620653867722,0.08080407232046127
radial,0.75,0.8587962818435497,0.005400000140070915,0.006183333229273558,1690.358154296875,0.0050672986544668674,0.08177979290485382,0.09225138276815414,0.07994212955236435
radial,0.75,0.8993055800803834,0.005400000140070915,0.00647500017657876,1668.7301025390625,0.0037915955763310194,0.08527620136737823,0.09033142775297165,0.07845516502857208
radial,0.75,0.9398148136420382,0.005400000140070915,0.006766666658222675,1636.074462890625,0.002765354933217168,0.08998294919729233,0.08764268457889557,0.07634250819683075
radial,0.75,0.9803240472036931,0.005400000140070915,0.0070583331398665905,1591.9207763671875,0.001956280553713441,0.0959351658821106,0.08416882902383804,0.07359238713979721
radial,0.75,1.0208333454405267,0.005400000140070915,0.007350000087171793,1535.1357421875,0.0013426311779767275,0.10324560105800629,0.07984501868486404,0.07015375047922134
radial,0.75,1.0613425790021818,0.005400000140070915,0.007641666568815708,1463.778076171875,0.0008933565113693476,0.11211493611335754,0.07455457746982574,0.06593432277441025
radial,0.75,1.1018518772390153,0.005400000140070915,0.00793333351612091,1376.73095703125,0.0005784942768514156,0.12260323762893677,0.06826568394899368,0.06090981885790825
radial,0.75,1.1423611754758491,0.005400000140070915,0.008225000463426113,1275.9173583984375,0.00036888872273266315,0.13437394797801971,0.061186060309410095,0.05524775758385658
radial,0.75,1.1828703443623252,0.005400000140070915,0.008516666479408741,1166.666259765625,0.00023581139976158738,0.1467134654521942,0.05375119298696518,0.04929810017347336
radial,0.75,1.2233796425991588,0.005400000140070915,0.008808333426713943,1055.7784423828125,0.00015371899644378573,0.15882238745689392,0.04644790291786194,0.043451786041259766
radial,0.75,1.2638889408359926,0.005400000140070915,0.009100000374019146,949.919677734375,0.00010366181959398091,0.1700010448694229,0.03970177471637726,0.03805045410990715
radial,0.75,1.3124999693698354,0.005400000140070915,0.009449999779462814,834.6098022460938,6.762392877135426e-05,0.18178629875183105,0.032587066292762756,0.032353341579437256
radial,0.75,1.3518518406069941,0.005400000140070915,0.009733333252370358,751.22705078125,4.949254071107134e-05,0.19007058441638947,0.027584770694375038,0.028347468003630638
radial,0.75,1.391203711844153,0.005400000140070915,0.0100166667252779,677.1112060546875,3.70787747669965e-05,0.19728539884090424,0.0232277512550354,0.024858204647898674
radial,0.75,1.4305555830813117,0.005400000140070915,0.010300000198185444,612.6422729492188,2.8326126994215883e-05,0.20347733795642853,0.019488142803311348,0.021863320842385292
radial,0.75,1.4699074543184705,0.005400000140070915,0.010583333671092987,557.670166015625,2.200123344664462e-05,0.20871713757514954,0.01632339507341385,0.019328786060214043
radial,0.75,1.5092591962052717,0.005400000140070915,0.010866666212677956,511.49615478515625,1.7328757166978903e-05,0.21310845017433167,0.013671028427779675,0.017204580828547478
radial,0.75,1.5486110674424305,0.005400000140070915,0.011149999685585499,472.963134765625,1.3791424862574786e-05,0.21678239107131958,0.011451886035501957,0.015427334234118462
radial,0.75,1.5879629386795893,0.005400000140070915,0.011433333158493042,440.72796630859375,1.1038856428058352e-05,0.21987712383270264,0.009582544676959515,0.013930235058069229
radial,0.75,1.627314809916748,0.005400000140070915,0.011716666631400585,413.4260559082031,8.83059146872256e-06,0.22252735495567322,0.007981664501130581,0.012648145668208599
radial,0.75,1.6666666811539068,0.005400000140070915,0.012000000104308128,390.3902282714844,7.049199211905943e-06,0.22479647397994995,0.006610964424908161,0.011550407856702805
radial,0.75,1.746031792006559,0.005400000140070915,0.012571428902447224,355.6528015136719,4.488102604227606e-06,0.22829881310462952,0.004495285917073488,0.009856054559350014
radial,0.75,1.8253967735088534,0.005400000140070915,0.013142856769263744,333.3390197753906,2.9361244742176495e-06,0.23063138127326965,0.0030862134881317616,0.008727596141397953
radial,0.75,1.9047618843615055,0.005400000140070915,0.01371428556740284,319.1957702636719,2.0101654172322014e-06,0.2321666181087494,0.0021587838418781757,0.007984861731529236
radial,0.75,1.9841269952141576,0.005400000140070915,0.014285714365541935,309.6668395996094,1.407022637067712e-06,0.2332461178302765,0.0015066401101648808,0.007462589535862207
radial,0.75,2.0634921060668097,0.005400000140070915,0.01485714316368103,302.53741455078125,9.342686553281965e-07,0.23409941792488098,0.0009911437518894672,0.007049753330647945
radial,0.75,2.142857087569104,0.005400000140070915,0.015428571030497551,297.2176818847656,5.490440457833756e-07,0.23478539288043976,0.0005767281400039792,0.006717868149280548
radial,0.75,2.2222223277721143,0.005400000140070915,0.01600000075995922,293.6318664550781,2.563386374276888e-07,0.2352997362613678,0.00026599850389175117,0.006469019688665867
radial,0.75,2.301587309274409,0.005400000140070915,0.01657142862677574,291.7215881347656,7.667948409562086e-08,0.2356100231409073,7.853169518057257e-05,0.006318888161331415
radial,0.75,2.3809522907767033,0.005400000140070915,0.017142856493592262,291.0997619628906,1.0650730963845945e-08,0.23572207987308502,1.0825137906067539e-05,0.006264668423682451
radial,0.75,2.460317530979713,0.005400000140070915,0.017714286223053932,291.0076599121094,7.089782649849496e-10,0.23573879897594452,7.265572321557556e-07,0.006256581749767065
radial,0.75,2.5396825124820075,0.005400000140070915,0.018285714089870453,291.0004577636719,3.329067577162448e-11,0.23573993146419525,3.632343137383032e-08,0.006256029009819031
radial,0.75,2.619047493984302,0.005400000140070915,0.018857141956686974,291.0000305175781,8.783720278904283e-13,0.23573999106884003,1.7611674341111438e-09,0.00625600153580308
radial,0.75,2.6984129928880267,0.005400000140070915,0.019428573548793793,291.0,3.488899063587309e-15,0.23574000597000122,8.592995759393318e-11,0.006256000138819218
radial,0.75,2.777777715689606,0.005400000140070915,0.019999999552965164,291.0,6.322885470703782e-18,0.23574000597000122,4.9597205682705425e-12,0.006256000138819218
radial,0.75,2.941176450500886,0.005400000140070915,0.021176470443606377,291.0,3.1526347093942732e-18,0.23574000597000122,1.0265742859190581e-14,0.006256000138819218
radial,0.75,3.1045751853121653,0.005400000140070915,0.02235294133424759,291.0,2.381256114554379e-18,0.23574000597000122,4.45071543075751e-17,0.006256000138819218
radial,0.75,3.2679739201234446,0.005400000140070915,0.0235294122248888,291.0,3.1973198332650003e-18,0.23574000597000122,1.4979568809087632e-18,0.006256000138819218
radial,0.75,3.4313726549347243,0.005400000140070915,0.024705883115530014,291.0,4.857286447792021e-18,0.23574000597000122,1.0553952974606155e-18,0.006256000138819218
radial,0.75,3.5947711310452886,0.005400000140070915,0.025882352143526077,291.0,7.731993848042459e-18,0.23574000597000122,1.664431528678429e-18,0.006256000138819218
radial,0.75,3.7581698658565683,0.005400000140070915,0.02705882303416729,291.0,1.2506501850394461e-17,0.23574000597000122,2.6909138652005958e-18,0.006256000138819218
radial,0.75,3.9215686006678476,0.005400000140070915,0.028235293924808502,291.0,2.01063684848326e-17,0.23574000597000122,4.331868353733545e-18,0.006256000138819218
radial,0.75,4.084967335479127,0.005400000140070915,0.029411764815449715,291.0,3.164932982587528e-17,0.23574000597000122,6.832091651936832e-18,0.006256000138819218
radial,0.75,4.248366070290406,0.005400000140070915,0.030588235706090927,291.0,4.805798259691413e-17,0.23574000597000122,1.038997910062339e-17,0.006256000138819218
radial,0.75,4.411764546400971,0.005400000140070915,0.03176470473408699,291.0,6.917474558253535e-17,0.23574000597000122,1.4958343768159827e-17,0.006256000138819218
radial,0.75,4.575163539912966,0.005400000140070915,0.03294117748737335,291.0,9.213536032798628e-17,0.23574000597000122,1.9905358632898538e-17,0.006256000138819218
radial,0.75,4.73856201602353,0.005400000140070915,0.034117646515369415,291.0,1.1013085322508971e-16,0.23574000597000122,2.3778491230473956e-17,0.006256000138819218
radial,0.75,4.901961009535524,0.005400000140070915,0.03529411926865578,291.0,1.1216526754571693e-16,0.23574000597000122,2.4276745126806498e-17,0.006256000138819218
radial,0.75,5.065359485646089,0.005400000140070915,0.03647058829665184,291.0,8.758033477500787e-17,0.23574000597000122,1.9108968991467185e-17,0.006256000138819218
radial,0.75,5.228757961756654,0.005400000140070915,0.0376470573246479,291.0,5.4767492699515504e-17,0.23574000597000122,1.2109375747030203e-17,0.006256000138819218
radial,0.75,5.392156955268648,0.005400000140070915,0.038823530077934265,291.0,3.2367167087616147e-17,0.23574000597000122,7.274409940887312e-18,0.006256000138819218
radial,0.75,5.555555431379212,0.005400000140070915,0.03999999910593033,291.0,2.1439775360461955e-17,0.23574000597000122,4.90219573760875e-18,0.006256000138819218
radial,0.75,6.166666539178954,0.005400000140070915,0.04439999908208847,291.0,1.234891620791002e-14,0.23574000597000122,1.3465913802047317e-15,0.006256000138819218
radial,0.75,6.777777646978697,0.005400000140070915,0.04879999905824661,291.0,1.4660104727393097e-13,0.23574000597000122,1.3236799860144501e-14,0.006256000138819218
radial,0.75,7.3888887547784385,0.005400000140070915,0.053199999034404755,291.0,9.114844295998736e-13,0.23574000597000122,7.641044237225933e-14,0.006256000138819218
radial,0.75,7.99999986257818,0.005400000140070915,0.0575999990105629,291.0,3.89879708379004e-12,0.23574000597000122,3.155988654007097e-13,0.006256000138819218
radial,0.75,8.611110970377922,0.005400000140070915,0.06199999898672104,291.0,1.228576788914193e-11,0.23573999106884003,9.756082660489218e-13,0.006256000138819218
radial,0.75,9.222222078177664,0.005400000140070915,0.06639999896287918,291.0,3.097724854406181e-11,0.23573999106884003,2.41589734328862e-12,0.00625599967315793
radial,0.75,9.833333185977406,0.005400000140070915,0.07079999893903732,291.0,6.877493713419724e-11,0.23573999106884003,5.2721473020600484e-12,0.00625599967315793
radial,0.75,10.444444293777147,0.005400000140070915,0.07519999891519547,291.0,1.296069501721675e-10,0.23573997616767883,9.736505872381951e-12,0.00625599967315793
radial,0.75,11.05555540157689,0.005400000140070915,0.07959999889135361,291.0,1.7774159921657429e-10,0.23573997616767883,1.313630194205162e-11,0.006255999207496643
radial,0.75,11.666666509376633,0.005400000140070915,0.08399999886751175,291.0,1.6275586434133515e-10,0.23573997616767883,1.1868980624718528e-11,0.006255999207496643
radial,0.75,12.277777617176374,0.005400000140070915,0.08839999884366989,291.0,1.2160830675789214e-10,0.23573997616767883,8.674040652412174e-12,0.00625599967315793
radial,0.75,12.888887690173256,0.005400000140070915,0.09279999136924744,291.0,1.871697796751448e-10,0.23573997616767883,1.2885175565413576e-11,0.00625599967315793
radial,0.75,13.499999832775858,0.005400000140070915,0.09719999879598618,291.0,6.11568407027363e-10,0.23573994636535645,4.103099110475128e-11,0.006255998741835356
radial,0.75,14.1111109405756,0.005400000140070915,0.10159999877214432,291.0,2.7016735515417167e-09,0.23573973774909973,1.743025862532832e-10,0.006255993153899908
radial,0.75,14.722222048375341,0.005400000140070915,0.10599999874830246,291.0000915527344,1.5599027847201796e-08,0.23573827743530273,9.47546041629721e-10,0.006255954038351774
radial,0.75,15.333333156175083,0.005400000140070915,0.1103999987244606,291.0006103515625,1.1455036741381264e-07,0.23572605848312378,6.5981851093965815e-09,0.006255625747144222
radial,0.75,15.944444263974827,0.005400000140070915,0.11479999870061874,291.0048828125,9.239712426278857e-07,0.2356218546628952,5.17440845726469e-08,0.006252826191484928
radial,0.75,16.555555371774567,0.005400000140070915,0.11919999867677689,291.0361328125,6.877785835968098e-06,0.234843909740448,3.8133919133542804e-07,0.006231908220797777
radial,0.75,17.16666647957431,0.005400000140070915,0.12359999865293503,291.2153015136719,4.042855289299041e-05,0.23043352365493774,2.236836053270963e-06,0.006113303359597921
radial,0.75,17.777778622176914,0.005400000140070915,0.12800000607967377,291.61737060546875,0.00010863759234780446,0.22135023772716522,6.015034159645438e-06,0.005868996027857065
radial,0.75,18.388889729976654,0.005400000140070915,0.1324000060558319,291.9921875,0.00016425098874606192,0.21354016661643982,9.125385076913517e-06,0.0056588314473629
radial,0.75,19.000000837776398,0.005400000140070915,0.13680000603199005,292.18634033203125,0.00018400332191959023,0.20952251553535461,1.0338925676478539e-05,0.0055504729971289635
radial,0.75,19.611111945576138,0.005400000140070915,0.1412000060081482,292.31488037109375,0.00018978040316142142,0.20673683285713196,1.0837874469871167e-05,0.005475124344229698
radial,0.75,20.22222305337588,0.005400000140070915,0.14560000598430634,292.3977355957031,0.00019176112255081534,0.2050202190876007,1.1064504178648349e-05,0.005428595002740622
radial,0.75,20.83333416117562,0.005400000140070915,0.15000000596046448,292.4415283203125,0.00019219648675061762,0.20410007238388062,1.1140669812448323e-05,0.0054035549983382225
radial,0.75,21.444445268975365,0.005400000140070915,0.15440000593662262,292.4749450683594,0.00019193893240299076,0.20337805151939392,1.1161107977386564e-05,0.005383828189224005
radial,0.75,22.055556376775108,0.005400000140070915,0.15880000591278076,292.5058898925781,0.00019145065743941814,0.2027290016412735,1.1162012924614828e-05,0.005366045515984297
radial,0.75,22.666667484574848,0.005400000140070915,0.1632000058889389,292.5308532714844,0.00019092347065452486,0.20219172537326813,1.1153790183016099e-05,0.005351284518837929
radial,0.75,23.27777859237459,0.005400000140070915,0.16760000586509705,292.5475158691406,0.00018995709251612425,0.20178340375423431,1.1112837455584668e-05,0.005339965224266052
radial,0.75,23.88888970017433,0.005400000140070915,0.1720000058412552,292.56317138671875,0.00018925717449747026,0.2013985514640808,1.1085225196438842e-05,0.005329296458512545
radial,0.75,24.500000807974075,0.005400000140070915,0.17640000581741333,292.577392578125,0.00018856025417335331,0.2010156214237213,1.1056695257138927e-05,0.005318610463291407
radial,0.75,25.111111915773815,0.005400000140070915,0.18080000579357147,292.5892639160156,0.0001878333860076964,0.20068511366844177,1.1024457307939883e-05,0.0053093754686415195
radial,0.75,25.72222302357356,0.005400000140070915,0.18520000576972961,292.5960998535156,0.00018739512597676367,0.20051461458206177,1.1003397958120331e-05,0.005304662510752678
radial,0.75,26.3333341313733,0.005400000140070915,0.18960000574588776,292.600341796875,0.00018699245993047953,0.20040446519851685,1.0983142601617146e-05,0.005301619414240122
radial,0.75,26.944445239173042,0.005400000140070915,0.1940000057220459,292.6036682128906,0.00018652743892744184,0.20031346380710602,1.0958688108075876e-05,0.0052991039119660854
radial,0.75,27.55555427736706,0.005400000140070915,0.19839999079704285,292.6060791015625,0.00018604913202580065,0.20024289190769196,1.0932053555734456e-05,0.005297150928527117
radial,0.75,28.166667454772526,0.005400000140070915,0.20280000567436218,292.60736083984375,0.0001855996815720573,0.2001982033252716,1.0906509487540461e-05,0.005295913200825453
radial,0.75,28.77777856257227,0.005400000140070915,0.20720000565052032,292.6075744628906,0.00018522409664001316,0.20017966628074646,1.0884859875659458e-05,0.005295397248119116
radial,0.75,29.38888967037201,0.005400000140070915,0.21160000562667847,292.6072692871094,0.00018495196127332747,0.2001766860485077,1.0868970093724784e-05,0.0052953120321035385
radial,0.75,30.000000778171753,0.005400000140070915,0.2160000056028366,292.42694091796875,4.359830927569419e-05,0.20259931683540344,4.635763161786599e-06,0.005355313420295715
radial,1,0.0,0.007199999876320362,0.0,294.4076843261719,0.15628281235694885,0.1964205503463745,6.121645128587261e-05,5.251928814686835e-05
radial,1,0.062499998926392034,0.007199999876320362,0.00044999999227002263,294.5267333984375,0.15626347064971924,0.1964029222726822,7.479755731765181e-05,6.4170963014476e-05
radial,1,0.12499999785278407,0.007199999876320362,0.0008999999845400453,294.96209716796875,0.15619605779647827,0.19634148478507996,0.00012213189620524645,0.00010478073818376288
radial,1,0.18750000486357346,0.007199999876320362,0.0013500000350177288,295.9978942871094,0.15604768693447113,0.19620636105537415,0.00022627478756476194,0.00019412908295635134
radial,1,0.24999999570556813,0.007199999876320362,0.0017999999690800905,298.3343505859375,0.15574128925800323,0.19592729210853577,0.00044132681796327233,0.0003786329471040517
radial,1,0.31249998654756284,0.007199999876320362,0.0022499999031424522,303.89019775390625,0.15507464110851288,0.19532039761543274,0.000909056281670928,0.0007799308514222503
radial,1,0.3750000097271469,0.007199999876320362,0.0027000000700354576,319.68902587890625,0.15333621203899384,0.19373944401741028,0.0021277684718370438,0.0018256052862852812
radial,1,0.43750000056914157,0.007199999876320362,0.0031500000040978193,373.8011169433594,0.14780373871326447,0.18872149288654327,0.005998210981488228,0.0051469686441123486
radial,1,0.49999999141113627,0.007199999876320362,0.003599999938160181,523.323486328125,0.13317441940307617,0.1755664050579071,0.016164032742381096,0.01387455128133297
radial,1,0.5347222193247743,0.007199999876320362,0.0038499999791383743,663.3145751953125,0.11955013871192932,0.16348953545093536,0.025526123121380806,0.021918175742030144
radial,1,0.5752314528864291,0.007199999876320362,0.0041416664607822895,856.9759521484375,0.10031279921531677,0.14690963923931122,0.03845999389886856,0.033047158271074295
radial,1,0.6157407511232628,0.007199999876320362,0.004433333408087492,1057.1927490234375,0.07971181720495224,0.13006237149238586,0.051762428134679794,0.04452581703662872
radial,1,0.6562499846849177,0.007199999876320362,0.004724999889731407,1250.7752685546875,0.05878494679927826,0.11442466825246811,0.06438382714986801,0.05547187104821205
radial,1,0.6967592829217514,0.007199999876320362,0.00501666683703661,1415.3839111328125,0.039467163383960724,0.10210428386926651,0.07476004958152771,0.0645553395152092
radial,1,0.7372685164834063,0.007199999876320362,0.005308333318680525,1526.3795166015625,0.0243055559694767,0.09500901401042938,0.08134868741035461,0.07043789327144623
radial,1,0.7777777500450611,0.007199999876320362,0.00559999980032444,1577.426513671875,0.014485697261989117,0.09322328120470047,0.08391623944044113,0.07288727164268494
radial,1,0.8182870482818948,0.007199999876320362,0.0058916667476296425,1583.5941162109375,0.009015658870339394,0.09510548412799835,0.08360742032527924,0.0728602260351181
radial,1,0.858796217168371,0.007199999876320362,0.00618333276361227,1564.6434326171875,0.006089593283832073,0.09888485074043274,0.08176568895578384,0.07150237262248993
radial,1,0.8993055800803834,0.007199999876320362,0.00647500017657876,1531.977783203125,0.004400684032589197,0.1036902442574501,0.07911652326583862,0.06944793462753296
radial,1,0.9398148136420382,0.007199999876320362,0.006766666658222675,1489.1025390625,0.0032918022479861975,0.10936611890792847,0.07585430145263672,0.0668792650103569
radial,1,0.9803240472036931,0.007199999876320362,0.0070583331398665905,1436.026611328125,0.002482419600710273,0.11601056903600693,0.07196216285228729,0.06379415094852448
radial,1,1.0208333454405267,0.007199999876320362,0.007350000087171793,1372.2686767578125,0.0018583444179967046,0.12369228154420853,0.06741534918546677,0.060177240520715714
radial,1,1.0613425790021818,0.007199999876320362,0.007641666568815708,1298.4669189453125,0.0013718504924327135,0.13230834901332855,0.062283292412757874,0.05608607456088066
radial,1,1.1018518772390153,0.007199999876320362,0.00793333351612091,1217.077880859375,0.0009998728055506945,0.14153847098350525,0.05676298588514328,0.05167936906218529
radial,1,1.1423611754758491,0.007199999876320362,0.008225000463426113,1131.8125,0.0007240842678584158,0.15094131231307983,0.05112382024526596,0.0471736304461956
radial,1,1.1828703443623252,0.007199999876320362,0.008516666479408741,1046.3597412109375,0.0005248480010777712,0.1601150929927826,0.04561151564121246,0.042766448110342026
radial,1,1.2233796425991588,0.007199999876320362,0.008808333426713943,963.5599365234375,0.0003829257912002504,0.1687818020582199,0.040396884083747864,0.03859540820121765
radial,1,1.2638889408359926,0.007199999876320362,0.009100000374019146,885.68798828125,0.0002828036667779088,0.17673641443252563,0.035606157034635544,0.03476223722100258
radial,1,1.3124999693698354,0.007199999876320362,0.009449999779462814,800.145751953125,0.00020000989024993032,0.18527469038963318,0.030460165813565254,0.030643833801150322
radial,1,1.3518518406069941,0.007199999876320362,0.009733333252370358,736.9452514648438,0.0001530699955765158,0.19146135449409485,0.026729507371783257,0.02765762433409691
radial,1,1.391203711844153,0.007199999876320362,0.0100166667252779,679.050048828125,0.00011815137986559421,0.1970498263835907,0.023358426988124847,0.024958956986665726
radial,1,1.4305555830813117,0.007199999876320362,0.010300000198185444,626.6721801757812,9.190058335661888e-05,0.20205841958522797,0.02033635415136814,0.022539494559168816
radial,1,1.4699074543184705,0.007199999876320362,0.010583333671092987,579.771728515625,7.195227226475254e-05,0.2065187245607376,0.017644573003053665,0.02038434147834778
radial,1,1.5092591962052717,0.007199999876320362,0.010866666212677956,538.1805419921875,5.664467244059779e-05,0.21046732366085052,0.015261239372193813,0.01847607083618641
radial,1,1.5486110674424305,0.007199999876320362,0.011149999685585499,501.6636047363281,4.4820761104347184e-05,0.2139398604631424,0.013164983130991459,0.016797607764601707
radial,1,1.5879629386795893,0.007199999876320362,0.011433333158493042,469.6896667480469,3.5581993870437145e-05,0.2169952243566513,0.011320359073579311,0.015320601873099804
radial,1,1.627314809916748,0.007199999876320362,0.011716666631400585,441.3813781738281,2.81920401903335e-05,0.21972320973873138,0.00967323686927557,0.014001722447574139
radial,1,1.6666666811539068,0.007199999876320362,0.012000000104308128,416.31207275390625,2.2225300199352205e-05,0.2221677154302597,0.008197177201509476,0.012819808907806873
radial,1,1.7460316626562014,0.007199999876320362,0.012571427971124649,375.98004150390625,1.3585190572484862e-05,0.22618147730827332,0.005773361772298813,0.010878996923565865
radial,1,1.8253967735088534,0.007199999876320362,0.013142856769263744,347.5797119140625,8.250081009464338e-06,0.22910495102405548,0.004007802810519934,0.009465256705880165
radial,1,1.9047618843615055,0.007199999876320362,0.01371428556740284,328.1185607910156,4.987928605260095e-06,0.23118650913238525,0.0027506232727319,0.008458590134978294
radial,1,1.9841269952141576,0.007199999876320362,0.014285714365541935,315.5638427734375,3.1044107799971243e-06,0.23258259892463684,0.0019073820440098643,0.007783371489495039
radial,1,2.0634921060668097,0.007199999876320362,0.01485714316368103,307.83984375,2.080678768834332e-06,0.23347307741641998,0.0013694986701011658,0.0073526580817997456
radial,1,2.142857087569104,0.007199999876320362,0.015428571030497551,302.576904296875,1.4494212337012868e-06,0.23410384356975555,0.0009884813334792852,0.007047551218420267
radial,1,2.2222223277721143,0.007199999876320362,0.01600000075995922,298.3836669921875,9.556548548061983e-07,0.23463305830955505,0.0006687704008072615,0.0067915357649326324
radial,1,2.301587309274409,0.007199999876320362,0.01657142862677574,295.0652160644531,5.556362339120824e-07,0.23508360981941223,0.00039658710011281073,0.006573577411472797
radial,1,2.3809522907767033,0.007199999876320362,0.017142856493592262,292.7106018066406,2.5073734377656365e-07,0.2354399710893631,0.00018127630755770952,0.006401159334927797
radial,1,2.460317530979713,0.007199999876320362,0.017714286223053932,291.442626953125,6.888749481959167e-08,0.23565693199634552,5.019234959036112e-05,0.006296189967542887
radial,1,2.5396825124820075,0.007199999876320362,0.018285714089870453,291.0552978515625,8.241149984655749e-09,0.23572996258735657,6.068619768484496e-06,0.006260858848690987
radial,1,2.619047493984302,0.007199999876320362,0.018857141956686974,291.004150390625,5.230616495488505e-10,0.2357393503189087,3.94248758084359e-07,0.006256315857172012
radial,1,2.6984127341873116,0.007199999876320362,0.019428571686148643,291.0002746582031,2.5164403547051073e-11,0.23573997616767883,2.0811262047004675e-08,0.006256016902625561
radial,1,2.777777715689606,0.007199999876320362,0.019999999552965164,291.0000305175781,7.562768228504269e-13,0.23573999106884003,1.4158968442146147e-09,0.006256001070141792
radial,1,2.941176450500886,0.007199999876320362,0.021176470443606377,291.0,2.1848979955130712e-17,0.23574000597000122,2.343017793671187e-11,0.006256000138819218
radial,1,3.1045751853121653,0.007199999876320362,0.02235294133424759,291.0,1.7216450887478537e-17,0.23574000597000122,1.54106707863505e-13,0.006256000138819218
radial,1,3.2679739201234446,0.007199999876320362,0.0235294122248888,291.0,3.4584097156041966e-17,0.23574000597000122,2.7061425497909114e-17,0.006256000138819218
radial,1,3.4313726549347243,0.007199999876320362,0.024705883115530014,291.0,4.988383490661468e-17,0.23574000597000122,8.722776723688062e-18,0.006256000138819218
radial,1,3.5947711310452886,0.007199999876320362,0.025882352143526077,291.0,7.590161655183299e-17,0.23574000597000122,1.532205673786062e-17,0.006256000138819218
radial,1,3.7581698658565683,0.007199999876320362,0.02705882303416729,291.0,1.1710890916791765e-16,0.23574000597000122,2.4086271901515137e-17,0.006256000138819218
radial,1,3.9215686006678476,0.007199999876320362,0.028235293924808502,291.0,1.7975182635215047e-16,0.23574000597000122,3.747313132450182e-17,0.006256000138819218
radial,1,4.084967335479127,0.007199999876320362,0.029411764815449715,291.0,2.703124597869624e-16,0.23574000597000122,5.691193196777963e-17,0.006256000138819218
radial,1,4.248366070290406,0.007199999876320362,0.030588235706090927,291.0,3.91392272646498e-16,0.23574000597000122,8.29510085506875e-17,0.006256000138819218
radial,1,4.411764546400971,0.007199999876320362,0.03176470473408699,291.0,5.341934513449821e-16,0.23574000597000122,1.136606909792046e-16,0.006256000138819218
radial,1,4.575163539912966,0.007199999876320362,0.03294117748737335,291.0,6.687256826541329e-16,0.23574000597000122,1.4261006688975984e-16,0.006256000138819218
radial,1,4.73856201602353,0.007199999876320362,0.034117646515369415,291.0,7.449881881810554e-16,0.23574000597000122,1.59319115263331e-16,0.006256000138819218
radial,1,4.901961009535524,0.007199999876320362,0.03529411926865578,291.0,7.128560462665227e-16,0.23574000597000122,1.535209497462487e-16,0.006256000138819218
radial,1,5.065359485646089,0.007199999876320362,0.03647058829665184,291.0,5.4825853931325815e-16,0.23574000597000122,1.1972970851606126e-16,0.006256000138819218
radial,1,5.228757961756654,0.007199999876320362,0.0376470573246479,291.0,3.5494873303044093e-16,0.23574000597000122,7.898748992757841e-17,0.006256000138819218
radial,1,5.392156955268648,0.007199999876320362,0.038823530077934265,291.0,2.2645830832471626e-16,0.23574000597000122,5.1301860704546984e-17,0.006256000138819218
radial,1,5.555555431379212,0.007199999876320362,0.03999999910593033,291.0,1.675991534903174e-16,0.23574000597000122,3.8456093207455737e-17,0.006256000138819218
radial,1,6.166666539178954,0.007199999876320362,0.04439999908208847,291.0,9.987941463479588e-14,0.23574000597000122,1.0771672250453786e-14,0.006256000138819218
radial,1,6.777777646978697,0.007199999876320362,0.04879999905824661,291.0,1.062466954693253e-12,0.23574000597000122,9.566399593059077e-14,0.006256000138819218
radial,1,7.3888887547784385,0.007199999876320362,0.053199999034404755,291.0,5.992958299755324e-12,0.23574000597000122,5.013234835940517e-13,0.006256000138819218
radial,1,7.99999986257818,0.007199999876320362,0.0575999990105629,291.0,2.3151709716007218e-11,0.23573999106884003,1.8710254699738638e-12,0.006255999207496643
radial,1,8.611110970377922,0.007199999876320362,0.06199999898672104,291.0,6.577170752475325e-11,0.23573999106884003,5.210978350211892e-12,0.006255999207496643
radial,1,9.222222078177664,0.007199999876320362,0.06639999896287918,291.0,1.4796537606276416e-10,0.23573997616767883,1.1502597485613109e-11,0.006255999207496643
radial,1,9.833333185977406,0.007199999876320362,0.07079999893903732,291.0,2.8826452336261355e-10,0.23573994636535645,2.1990118059811437e-11,0.006255998741835356
radial,1,10.444444293777147,0.007199999876320362,0.07519999891519547,291.0,4.6012593735156315e-10,0.23573991656303406,3.4378840052529114e-11,0.0062559982761740685
radial,1,11.05555540157689,0.007199999876320362,0.07959999889135361,291.0,5.269857328293881e-10,0.23573991656303406,3.866733669366518e-11,0.006255997810512781
radial,1,11.666666509376633,0.007199999876320362,0.08399999886751175,291.0,4.590965663187063e-10,0.23573991656303406,3.2989902476465716e-11,0.0062559982761740685
radial,1,12.277777617176374,0.007199999876320362,0.08839999884366989,291.0,6.759495185804099e-10,0.23573991656303406,4.674019851713673e-11,0.006255997810512781
radial,1,12.888888724976116,0.007199999876320362,0.09279999881982803,291.0,2.259338494070562e-09,0.23573976755142212,1.511318709068732e-10,0.006255994085222483
radial,1,13.499999832775858,0.007199999876320362,0.09719999879598618,291.00006103515625,9.987364713026636e-09,0.23573897778987885,6.384098250045156e-10,0.0062559726648032665
radial,1,14.1111109405756,0.007199999876320362,0.10159999877214432,291.00030517578125,5.628871946328218e-08,0.23573368787765503,3.3927343157102996e-09,0.006255831103771925
radial,1,14.722223083178203,0.007199999876320362,0.10600000619888306,291.0019226074219,3.8194599483176717e-07,0.2356937676668167,2.191186787570132e-08,0.0062547605484724045
radial,1,15.333333156175083,0.007199999876320362,0.1103999987244606,291.01361083984375,2.6860257094085682e-06,0.235401451587677,1.5015112353466975e-07,0.006246906239539385
radial,1,15.944444263974827,0.007199999876320362,0.11479999870061874,291.08636474609375,1.7027392459567636e-05,0.23355811834335327,9.426973406334582e-07,0.006197351962327957
radial,1,16.555555371774567,0.007199999876320362,0.11919999867677689,291.361083984375,6.729413871653378e-05,0.22703564167022705,3.719839696714189e-06,0.006021980661898851
radial,1,17.16666544477145,0.007199999876320362,0.12359999120235443,291.79229736328125,0.00013791228411719203,0.2176700383424759,7.633396307937801e-06,0.005770105868577957
radial,1,17.777778622176914,0.007199999876320362,0.12800000607967377,292.0769348144531,0.00017722242046147585,0.21189795434474945,9.855262760538608e-06,0.005614741239696741
radial,1,18.388889729976654,0.007199999876320362,0.1324000060558319,292.2135314941406,0.00018704633112065494,0.20896939933300018,1.054209133144468e-05,0.005535641219466925
radial,1,19.000002907382118,0.007199999876320362,0.13680002093315125,292.3302307128906,0.00019151334709022194,0.20644955337047577,1.0959252904285677e-05,0.0054674651473760605
radial,1,19.611111945576138,0.007199999876320362,0.1412000060081482,292.40057373046875,0.00019317003898322582,0.20501679182052612,1.1147441000503022e-05,0.00542862992733717
radial,1,20.22222305337588,0.007199999876320362,0.14560000598430634,292.4384765625,0.00019329559290781617,0.2042207270860672,1.1199766049685422e-05,0.005406956188380718
radial,1,20.83333416117562,0.007199999876320362,0.15000000596046448,292.4714050292969,0.0001930413127411157,0.2035132795572281,1.121866353059886e-05,0.005387625191360712
radial,1,21.444445268975365,0.007199999876320362,0.15440000593662262,292.5027770996094,0.00019273425277788192,0.20285755395889282,1.1230976269871462e-05,0.005369686055928469
radial,1,22.055556376775108,0.007199999876320362,0.15880000591278076,292.5238342285156,0.00019210082245990634,0.20240169763565063,1.1213636753382161e-05,0.005357146263122559
radial,1,22.666667484574848,0.007199999876320362,0.1632000058889389,292.54052734375,0.00019140314543619752,0.2020140290260315,1.1188167263753712e-05,0.005346433259546757
radial,1,23.27777859237459,0.007199999876320362,0.16760000586509705,292.5542907714844,0.00019041022460442036,0.20164446532726288,1.1143347364850342e-05,0.005336132366210222
radial,1,23.88888970017433,0.007199999876320362,0.1720000058412552,292.56744384765625,0.00018950947560369968,0.201287180185318,1.1103021279268432e-05,0.005326173268258572
radial,1,24.500000807974075,0.007199999876320362,0.17640000581741333,292.5815124511719,0.00018886166799347848,0.2009214460849762,1.1076830560341477e-05,0.00531599810346961
radial,1,25.111111915773815,0.007199999876320362,0.18080000579357147,292.5924072265625,0.00018813832139130682,0.20062758028507233,1.1043479389627464e-05,0.005307810381054878
radial,1,25.72222302357356,0.007199999876320362,0.18520000576972961,292.59808349609375,0.00018758268561214209,0.20047813653945923,1.1015193194907624e-05,0.005303671583533287
radial,1,26.3333341313733,0.007199999876320362,0.18960000574588776,292.6021728515625,0.0001871555723482743,0.2003708928823471,1.099349628930213e-05,0.005300709046423435
radial,1,26.944445239173042,0.007199999876320362,0.1940000057220459,292.6056213378906,0.00018669402925297618,0.20027756690979004,1.0969094546453562e-05,0.0052981311455369
radial,1,27.555556346972786,0.007199999876320362,0.19840000569820404,292.60821533203125,0.000186227320227772,0.20020300149917603,1.094310027838219e-05,0.0052960715256631374
radial,1,28.166667454772526,0.007199999876320362,0.20280000567436218,292.6098937988281,0.00018580198229756206,0.20015114545822144,1.0918991392827593e-05,0.005294641479849815
radial,1,28.77777856257227,0.007199999876320362,0.20720000565052032,292.6105041503906,0.00018543248006608337,0.20012491941452026,1.0897673746512737e-05,0.005293919239193201
radial,1,29.38888967037201,0.007199999876320362,0.21160000562667847,292.6102600097656,0.00018513528630137444,0.200119286775589,1.0880178706429433e-05,0.0052937655709683895
radial,1,30.000000778171753,0.007199999876320362,0.2160000056028366,292.42919921875,4.363648622529581e-05,0.20255596935749054,4.639917733584298e-06,0.005354147404432297
radial,2,0.0,0.014399999752640724,0.0,297.8997802734375,0.15568771958351135,0.19587978720664978,0.00047815166180953383,0.00041027070255950093
radial,2,0.062499998926392034,0.014399999752640724,0.00044999999227002263,298.36865234375,0.15562619268894196,0.19582408666610718,0.0005211267853155732,0.00044715311378240585
radial,2,0.12499999785278407,0.014399999752640724,0.0008999999845400453,299.91851806640625,0.15542690455913544,0.19564390182495117,0.0006602044450119138,0.000566519855055958
radial,2,0.18750000486357346,0.014399999752640724,0.0013500000350177288,303.0677490234375,0.15503646433353424,0.19529172778129578,0.0009321733959950507,0.0007999736117199063
radial,2,0.24999999570556813,0.014399999752640724,0.0017999999690800905,309.0846252441406,0.15432468056678772,0.19465261697769165,0.0014262038748711348,0.0012241420336067677
radial,2,0.31249998654756284,0.014399999752640724,0.0022499999031424522,321.2309875488281,0.15296071767807007,0.19343796372413635,0.0023668480571359396,0.0020321160554885864
radial,2,0.3750000097271469,0.014399999752640724,0.0027000000700354576,348.5247802734375,0.15004447102546692,0.19088108837604523,0.004353751894086599,0.0037401884328573942
radial,2,0.4374999682315522,0.014399999752640724,0.0031499997712671757,410.39349365234375,0.14364299178123474,0.1854410618543625,0.00861097127199173,0.007406085729598999
radial,2,0.49999999141113627,0.014399999752640724,0.003599999938160181,527.0869140625,0.13152866065502167,0.17577815055847168,0.016285650432109833,0.01403773482888937
radial,2,0.5347222193247743,0.014399999752640724,0.0038499999791383743,616.4166870117188,0.12195192277431488,0.1687006801366806,0.022013358771800995,0.019008442759513855
radial,2,0.5752314528864291,0.014399999752640724,0.0041416664607822895,729.2383422851562,0.10910335928201675,0.16016992926597595,0.029114598408341408,0.02521021105349064
radial,2,0.6157407511232628,0.014399999752640724,0.004433333408087492,839.0829467773438,0.09540221840143204,0.15246009826660156,0.035848576575517654,0.03115207701921463
radial,2,0.6562499846849177,0.014399999752640724,0.004724999889731407,939.317138671875,0.08123071491718292,0.14623764157295227,0.041754938662052155,0.036450132727622986
radial,2,0.6967592829217514,0.014399999752640724,0.00501666683703661,1023.71630859375,0.06698817014694214,0.14207014441490173,0.04642961919307709,0.04076483100652695
radial,2,0.7372685811585851,0.014399999752640724,0.005308333784341812,1086.4442138671875,0.05308591574430466,0.1403854787349701,0.0495530366897583,0.043823324143886566
radial,2,0.7777777500450611,0.014399999752640724,0.00559999980032444,1122.14013671875,0.04010063037276268,0.14139753580093384,0.050907235592603683,0.04542739689350128
radial,2,0.8182870482818948,0.014399999752640724,0.0058916667476296425,1128.2149658203125,0.028806479647755623,0.14492061734199524,0.05048930644989014,0.04554333910346031
radial,2,0.8587962818435497,0.014399999752640724,0.006183333229273558,1107.8504638671875,0.0198447797447443,0.15025250613689423,0.04862862825393677,0.044410400092601776
radial,2,0.8993055800803834,0.014399999752640724,0.00647500017657876,1069.57177734375,0.013381464406847954,0.15639367699623108,0.04590001702308655,0.04248293489217758
radial,2,0.9398148136420382,0.014399999752640724,0.006766666658222675,1023.1014404296875,0.009073488414287567,0.16248944401741028,0.04287148639559746,0.04022892564535141
radial,2,0.9803239825285144,0.014399999752640724,0.007058332674205303,975.2782592773438,0.006321831606328487,0.16809320449829102,0.03990383446216583,0.0379614382982254
radial,2,1.0208333454405267,0.014399999752640724,0.007350000087171793,929.2572631835938,0.004567393567413092,0.17311206459999084,0.037138041108846664,0.035815805196762085
radial,2,1.0613425790021818,0.014399999752640724,0.007641666568815708,885.805419921875,0.0034167729318141937,0.17762497067451477,0.034586139023303986,0.03381742909550667
radial,2,1.1018518772390153,0.014399999752640724,0.00793333351612091,844.7177124023438,0.0026293552946299314,0.18174810707569122,0.032214511185884476,0.0319490060210228
radial,2,1.1423611754758491,0.014399999752640724,0.008225000463426113,805.6333618164062,0.0020674914121627808,0.18557359278202057,0.029988400638103485,0.030188195407390594
radial,2,1.1828703443623252,0.014399999752640724,0.008516666479408741,768.2609252929688,0.0016519133932888508,0.18916447460651398,0.02788178063929081,0.028517305850982666
radial,2,1.2233796425991588,0.014399999752640724,0.008808333426713943,732.4110717773438,0.0013353292597457767,0.19256184995174408,0.02587701380252838,0.026924096047878265
radial,2,1.2638889408359926,0.014399999752640724,0.009100000374019146,698.1275024414062,0.0010897422907873988,0.19577665627002716,0.023971760645508766,0.025407809764146805
radial,2,1.3124999693698354,0.014399999752640724,0.009449999779462814,659.0404052734375,0.0008616566774435341,0.19941338896751404,0.021808894351124763,0.023684531450271606
radial,2,1.3518517112566366,0.014399999752640724,0.009733332321047783,628.8177490234375,0.0007157690706662834,0.20221129059791565,0.02014041319489479,0.0223540011793375
radial,2,1.391203711844153,0.014399999752640724,0.0100166667252779,599.8069458007812,0.0005957661778666079,0.20489022135734558,0.018539903685450554,0.021076926961541176
radial,2,1.4305557124316692,0.014399999752640724,0.010300001129508018,572.1257934570312,0.0004965770058333874,0.2074451893568039,0.017011160030961037,0.019856542348861694
radial,2,1.4699074543184705,0.014399999752640724,0.010583333671092987,545.7962036132812,0.00041410321136936545,0.20987854897975922,0.01555337943136692,0.01869237795472145
radial,2,1.5092591962052717,0.014399999752640724,0.010866666212677956,520.796875,0.0003450887161307037,0.21219608187675476,0.014163590967655182,0.017582178115844727
radial,2,1.5486110674424305,0.014399999752640724,0.011149999685585499,497.1178283691406,0.00028706854209303856,0.2144017517566681,0.012839783914387226,0.016524430364370346
radial,2,1.5879629386795893,0.014399999752640724,0.011433333158493042,474.6754150390625,0.00023795793822500855,0.21650613844394684,0.01157587580382824,0.015514342114329338
radial,2,1.627314809916748,0.014399999752640724,0.011716666631400585,453.2565612792969,0.00019584360416047275,0.2185327708721161,0.010357971303164959,0.014540859498083591
radial,2,1.6666666811539068,0.014399999752640724,0.012000000104308128,432.9908447265625,0.00015987918595783412,0.22047242522239685,0.009191801771521568,0.013608595356345177
radial,2,1.746031792006559,0.014399999752640724,0.012571428902447224,397.2887878417969,0.00010436910088174045,0.22395479679107666,0.007097178138792515,0.011933793313801289
radial,2,1.8253967735088534,0.014399999752640724,0.013142856769263744,368.3510437011719,6.665055843768641e-05,0.22686421871185303,0.005346491001546383,0.010533667169511318
radial,2,1.9047618843615055,0.014399999752640724,0.01371428556740284,345.1947021484375,4.098511271877214e-05,0.22927972674369812,0.003892662702128291,0.009370731189846992
radial,2,1.9841269952141576,0.014399999752640724,0.014285714365541935,327.3973693847656,2.403460894129239e-05,0.23121783137321472,0.002725979546085,0.008437342941761017
radial,2,2.0634921060668097,0.014399999752640724,0.01485714316368103,314.54412841796875,1.3447568562696688e-05,0.23268476128578186,0.0018427585018798709,0.0077306660823524
radial,2,2.142857087569104,0.014399999752640724,0.015428571030497551,305.9715576171875,7.322197234316263e-06,0.23371002078056335,0.00122524902690202,0.00723657663911581
radial,2,2.2222223277721143,0.014399999752640724,0.01600000075995922,300.8176574707031,4.1290127228421625e-06,0.2343517541885376,0.000838514300994575,0.006927147042006254
radial,2,2.301587309274409,0.014399999752640724,0.01657142862677574,297.9957275390625,2.6307516236556694e-06,0.23471325635910034,0.0006205355748534203,0.006752738729119301
radial,2,2.3809522907767033,0.014399999752640724,0.017142856493592262,296.3279724121094,1.8835507944459096e-06,0.23493117094039917,0.0004890491254627705,0.0066475216299295425
radial,2,2.460317530979713,0.014399999752640724,0.017714286223053932,295.0303039550781,1.3782261021333397e-06,0.23510527610778809,0.0003839247510768473,0.006563385482877493
radial,2,2.5396825124820075,0.014399999752640724,0.018285714089870453,293.8658447265625,9.65497406468785e-07,0.23526763916015625,0.0002858092193491757,0.006484847981482744
radial,2,2.619047493984302,0.014399999752640724,0.018857141956686974,292.841796875,6.234197940102604e-07,0.23541833460330963,0.00019469660765025765,0.006411905866116285
radial,2,2.6984127341873116,0.014399999752640724,0.019428571686148643,292.0042419433594,3.4931392178805254e-07,0.23555123805999756,0.00011427836579969153,0.006347517017275095
radial,2,2.777777715689606,0.014399999752640724,0.019999999552965164,291.45159912109375,1.6175218320313434e-07,0.23564974963665009,5.4654454288538545e-05,0.006299770902842283
radial,2,2.941176450500886,0.014399999752640724,0.021176470443606377,291.0334777832031,1.1172193836728184e-08,0.23573334515094757,4.0407635424344335e-06,0.0062592364847660065
radial,2,3.1045751853121653,0.014399999752640724,0.02235294133424759,291.0013122558594,2.80421796894359e-10,0.2357397824525833,1.4073549436943722e-07,0.0062561132945120335
radial,2,3.2679739201234446,0.014399999752640724,0.0235294122248888,291.0000305175781,7.578078789483023e-13,0.23574000597000122,3.9477257018916134e-09,0.006256003864109516
radial,2,3.4313726549347243,0.014399999752640724,0.024705883115530014,291.0,1.6879565846732343e-14,0.2357400357723236,1.0137655992448202e-10,0.006256001070141792
radial,2,3.5947711310452886,0.014399999752640724,0.025882352143526077,291.0,3.5457822387865295e-14,0.2357400357723236,2.775023049891856e-13,0.006256001070141792
radial,2,3.7581698658565683,0.014399999752640724,0.02705882303416729,291.0,4.9719787071104624e-14,0.2357400357723236,5.899358319829285e-15,0.006256001070141792
radial,2,3.9215686006678476,0.014399999752640724,0.028235293924808502,291.0,6.860723604897381e-14,0.2357400357723236,1.3623967608906128e-14,0.006256001070141792
radial,2,4.084967335479127,0.014399999752640724,0.029411764815449715,291.0,9.273555908644385e-14,0.2357400357723236,1.8989792580754138e-14,0.006256001070141792
radial,2,4.248366070290406,0.014399999752640724,0.030588235706090927,291.0,1.2006553791552715e-13,0.2357400357723236,2.4870245972233654e-14,0.006256001070141792
radial,2,4.411764546400971,0.014399999752640724,0.03176470473408699,291.0,1.451559277507522e-13,0.2357400506734848,3.037935164930741e-14,0.006256001070141792
radial,2,4.575163539912966,0.014399999752640724,0.03294117748737335,291.0,1.5941348447453402e-13,0.2357400506734848,3.375001761895223e-14,0.006256001070141792
radial,2,4.73856201602353,0.014399999752640724,0.034117646515369415,291.0,1.564827640295613e-13,0.2357400357723236,3.357634198344721e-14,0.006256001070141792
radial,2,4.901961009535524,0.014399999752640724,0.03529411926865578,291.0,1.407815379030064e-13,0.2357400357723236,3.070638768211051e-14,0.006256001070141792
radial,2,5.065359485646089,0.014399999752640724,0.03647058829665184,291.0,1.1858043843723798e-13,0.23574002087116241,2.635589771600444e-14,0.006256001070141792
radial,2,5.228757961756654,0.014399999752640724,0.0376470573246479,291.0,9.204854760358483e-14,0.23574000597000122,2.0811026919765815e-14,0.006256000138819218
radial,2,5.392156955268648,0.014399999752640724,0.038823530077934265,291.0,6.801183287342624e-14,0.23574000597000122,1.5573646024039448e-14,0.006256000138819218
radial,2,5.555555431379212,0.014399999752640724,0.03999999910593033,291.0,5.5621167258579005e-14,0.23574000597000122,5.804707300764711e-14,0.006256000138819218
radial,2,6.166666539178954,0.014399999752640724,0.04439999908208847,291.0,3.163931269756226e-11,0.23573999106884003,3.1956457879206424e-12,0.00625599967315793
radial,2,6.777777646978697,0.014399999752640724,0.04879999905824661,291.0,2.197002024750816e-10,0.23573994636535645,1.9066125414579638e-11,0.0062559982761740685
radial,2,7.3888887547784385,0.014399999752640724,0.053199999034404755,291.0,8.700892228930002e-10,0.2357398271560669,7.101505494766513e-11,0.006255995016545057
radial,2,7.99999986257818,0.014399999752640724,0.0575999990105629,291.0,2.4457336156302745e-09,0.2357395440340042,1.933486981631205e-10,0.00625598756596446
radial,2,8.611110970377922,0.014399999752640724,0.06199999898672104,291.0000305175781,5.2735860123220846e-09,0.2357390820980072,4.0613237772824107e-10,0.00625597545877099
radial,2,9.222222078177664,0.014399999752640724,0.06639999896287918,291.0000305175781,9.784471899365599e-09,0.23573845624923706,7.287391246002528e-10,0.006255959160625935
radial,2,9.833333185977406,0.014399999752640724,0.07079999893903732,291.00006103515625,1.6276782588420247e-08,0.23573771119117737,1.1651275499957592e-09,0.006255938671529293
radial,2,10.444444293777147,0.014399999752640724,0.07519999891519547,291.0001220703125,2.563749390560588e-08,0.23573672771453857,1.7591114120918405e-09,0.006255912594497204
radial,2,11.05555540157689,0.014399999752640724,0.07959999889135361,291.0003662109375,7.626447739994546e-08,0.2357311248779297,4.870608805163101e-09,0.006255763117223978
radial,2,11.666666509376633,0.014399999752640724,0.08399999886751175,291.0018310546875,3.8364069609997387e-07,0.2356959581375122,2.2844178104719504e-08,0.006254822015762329
radial,2,12.277777617176374,0.014399999752640724,0.08839999884366989,291.0102844238281,2.2248837012739386e-06,0.23548094928264618,1.260867747987504e-07,0.006249053869396448
radial,2,12.888888724976116,0.014399999752640724,0.09279999881982803,291.058837890625,1.2733126823150087e-05,0.23423928022384644,7.04857313849061e-07,0.006215713452547789
radial,2,13.499999832775858,0.014399999752640724,0.09719999879598618,291.2763671875,5.713039718102664e-05,0.22895404696464539,3.139746922897757e-06,0.00607375567778945
radial,2,14.11111197537846,0.014399999752640724,0.10160000622272491,291.65606689453125,0.00012627402611542493,0.22053676843643188,6.939120794413611e-06,0.00584762217476964
radial,2,14.722222048375341,0.014399999752640724,0.10599999874830246,291.9531555175781,0.00017203166498802602,0.21450655162334442,9.483836947765667e-06,0.005685510113835335
radial,2,15.333334190977945,0.014399999752640724,0.1104000061750412,292.0938720703125,0.00018721818923950195,0.21162675321102142,1.0398364793218207e-05,0.005607908125966787
radial,2,15.944444263974827,0.014399999752640724,0.11479999870061874,292.1946105957031,0.00019210872414987534,0.20941944420337677,1.0804392331920099e-05,0.00554824760183692
radial,2,16.555554336971706,0.014399999752640724,0.11919999122619629,292.29144287109375,0.00019496223831083626,0.20736965537071228,1.1106751117040403e-05,0.005492787342518568
radial,2,17.16666647957431,0.014399999752640724,0.12359999865293503,292.35784912109375,0.00019623256230261177,0.2060217708349228,1.1269610695308074e-05,0.005456263665109873
radial,2,17.777778622176914,0.014399999752640724,0.12800000607967377,292.39703369140625,0.000196389650227502,0.20521213114261627,1.1326567801006604e-05,0.005434251856058836
radial,2,18.388889729976654,0.014399999752640724,0.1324000060558319,292.4293518066406,0.0001962890528375283,0.2045236974954605,1.135639104177244e-05,0.005415485706180334
radial,2,19.000000837776398,0.014399999752640724,0.13680000603199005,292.45977783203125,0.00019605440320447087,0.20388737320899963,1.1374511814210564e-05,0.00539811234921217
radial,2,19.611111945576138,0.014399999752640724,0.1412000060081482,292.48553466796875,0.00019567036360967904,0.20336054265499115,1.1377573173376732e-05,0.005383694544434547
radial,2,20.22222305337588,0.014399999752640724,0.14560000598430634,292.5054931640625,0.0001951840240508318,0.20294202864170074,1.1368577361281496e-05,0.005372208077460527
radial,2,20.83333416117562,0.014399999752640724,0.15000000596046448,292.52044677734375,0.0001945591066032648,0.20260240137577057,1.1347109648340847e-05,0.0053628431633114815
radial,2,21.444445268975365,0.014399999752640724,0.15440000593662262,292.5331726074219,0.00019387179054319859,0.20229461789131165,1.131980479840422e-05,0.005354323890060186
radial,2,22.055556376775108,0.014399999752640724,0.15880000591278076,292.5447692871094,0.00019313767552375793,0.20199114084243774,1.1288349014648702e-05,0.005345881916582584
radial,2,22.666667484574848,0.014399999752640724,0.1632000058889389,292.55572509765625,0.00019239014363847673,0.20169174671173096,1.1255116987740621e-05,0.005337528884410858
radial,2,23.27777859237459,0.014399999752640724,0.16760000586509705,292.5699157714844,0.00019151832384523004,0.20130297541618347,1.1217963219678495e-05,0.005326676648110151
radial,2,23.88888970017433,0.014399999752640724,0.1720000058412552,292.58526611328125,0.0001904928794829175,0.20088928937911987,1.1172855920449365e-05,0.005315147340297699
radial,2,24.500000807974075,0.014399999752640724,0.17640000581741333,292.5948486328125,0.00018964651098940521,0.20063607394695282,1.113186590373516e-05,0.005308119114488363
radial,2,25.111111915773815,0.014399999752640724,0.18080000579357147,292.60040283203125,0.000188961552339606,0.20048318803310394,1.1096524758613668e-05,0.005303878337144852
radial,2,25.72222302357356,0.014399999752640724,0.18520000576972961,292.6051940917969,0.0001883122604340315,0.20035076141357422,1.1062918019888457e-05,0.005300208926200867
radial,2,26.3333341313733,0.014399999752640724,0.18960000574588776,292.6094055175781,0.0001877215108834207,0.20023618638515472,1.103169415728189e-05,0.005297041032463312
radial,2,26.944445239173042,0.014399999752640724,0.1940000057220459,292.6130065917969,0.0001871615822892636,0.2001371532678604,1.1000797712767962e-05,0.00529430853202939
radial,2,27.555556346972786,0.014399999752640724,0.19840000569820404,292.61614990234375,0.00018666188407223672,0.20005138218402863,1.0972604286507703e-05,0.005291950888931751
radial,2,28.166667454772526,0.014399999752640724,0.20280000567436218,292.6188659667969,0.00018625264056026936,0.19997863471508026,1.0949273018923122e-05,0.005289965309202671
radial,2,28.77777856257227,0.014399999752640724,0.20720000565052032,292.6216125488281,0.00018591349362395704,0.19990846514701843,1.0929630661848933e-05,0.005288071930408478
radial,2,29.38888967037201,0.014399999752640724,0.21160000562667847,292.62652587890625,0.00018560627358965576,0.19979608058929443,1.0911711797234602e-05,0.005285074468702078
radial,2,30.000000778171753,0.014399999752640724,0.2160000056028366,300.0,0.0,0.0,0.0,0.0
radial,3,0.0,0.02160000056028366,0.0,304.3768005371094,0.15470944344997406,0.19500696659088135,0.0011537892278283834,0.0009905581828206778
radial,3,0.062499998926392034,0.02160000056028366,0.00044999999227002263,305.1503601074219,0.15461553633213043,0.1949247419834137,0.0012177058961242437,0.0010455083101987839
radial,3,0.12499999785278407,0.02160000056028366,0.0008999999845400453,307.6674499511719,0.15431301295757294,0.1946609914302826,0.0014229079242795706,0.0012219666969031096
radial,3,0.18750000486357346,0.02160000056028366,0.0013500000350177288,312.6315612792969,0.15372684597969055,0.19415517151355743,0.001817371929064393,0.0015613610157743096
radial,3,0.24999999570556813,0.02160000056028366,0.0017999999690800905,321.72955322265625,0.15267600119113922,0.1932649314403534,0.002514500170946121,0.0021617612801492214
radial,3,0.31249998654756284,0.02160000056028366,0.0022499999031424522,338.95135498046875,0.15072785317897797,0.19166666269302368,0.0037753323558717966,0.0032495507039129734
radial,3,0.3750000097271469,0.02160000056028366,0.0027000000700354576,372.75006103515625,0.14693783223628998,0.18872696161270142,0.0061254194006323814,0.005283444654196501
radial,3,0.43750000056914157,0.02160000056028366,0.0031500000040978193,435.0977478027344,0.13979455828666687,0.18370606005191803,0.010239506140351295,0.008864295668900013
radial,3,0.49999999141113627,0.02160000056028366,0.003599999938160181,531.2363891601562,0.1279798150062561,0.17669016122817993,0.016261432319879532,0.014159825630486012
radial,3,0.5347222193247743,0.02160000056028366,0.0038499999791383743,595.2373657226562,0.1193876788020134,0.17245832085609436,0.02011062018573284,0.01758592203259468
radial,3,0.5752314528864291,0.02160000056028366,0.0041416664607822895,668.5428466796875,0.10837455838918686,0.16816605627536774,0.024353062734007835,0.02142297849059105
radial,3,0.6157407511232628,0.02160000056028366,0.004433333408087492,733.74951171875,0.09693887084722519,0.165053129196167,0.02793552726507187,0.024747267365455627
radial,3,0.6562499846849177,0.02160000056028366,0.004724999889731407,787.4595947265625,0.08539867401123047,0.16331645846366882,0.030684255063533783,0.027406617999076843
radial,3,0.6967592829217514,0.02160000056028366,0.00501666683703661,827.2039184570312,0.07408849149942398,0.1630217730998993,0.03250662982463837,0.02931312844157219
radial,3,0.7372685164834063,0.02160000056028366,0.005308333318680525,851.653564453125,0.06324733793735504,0.16412055492401123,0.03339690342545509,0.030455095693469048
radial,3,0.7777777500450611,0.02160000056028366,0.00559999980032444,860.5217895507812,0.053024452179670334,0.16648775339126587,0.033410705626010895,0.030871659517288208
radial,3,0.8182870482818948,0.02160000056028366,0.0058916667476296425,854.3574829101562,0.043557390570640564,0.16994205117225647,0.03264256939291954,0.030630625784397125
radial,3,0.8587962818435497,0.02160000056028366,0.006183333229273558,834.5241088867188,0.03498852998018265,0.17424720525741577,0.03121991641819477,0.02982928603887558
radial,3,0.8993055800803834,0.02160000056028366,0.00647500017657876,803.4074096679688,0.027437079697847366,0.17912986874580383,0.029300644993782043,0.028590023517608643
radial,3,0.9398148136420382,0.02160000056028366,0.006766666658222675,764.2499389648438,0.020969485864043236,0.1843084692955017,0.027058782055974007,0.027049530297517776
radial,3,0.9803240472036931,0.02160000056028366,0.0070583331398665905,720.7239990234375,0.01559591107070446,0.18951788544654846,0.024666912853717804,0.025346403941512108
radial,3,1.0208333454405267,0.02160000056028366,0.007350000087171793,676.568359375,0.011289456859230995,0.19451208412647247,0.022288840264081955,0.023613499477505684
radial,3,1.0613425790021818,0.02160000056028366,0.007641666568815708,635.0216674804688,0.007984318770468235,0.19908297061920166,0.020063836127519608,0.021965214982628822
radial,3,1.1018518772390153,0.02160000056028366,0.00793333351612091,598.2142333984375,0.005564647726714611,0.20309244096279144,0.01808527484536171,0.020480692386627197
radial,3,1.1423611754758491,0.02160000056028366,0.008225000463426113,566.927490234375,0.0038745678029954433,0.2064894139766693,0.016390252858400345,0.019195139408111572
radial,3,1.1828703443623252,0.02160000056028366,0.008516666479408741,540.719482421875,0.002735753543674946,0.20931708812713623,0.014959844760596752,0.018099667504429817
radial,3,1.2233796425991588,0.02160000056028366,0.008808333426713943,518.4837646484375,0.0019791361410170794,0.2116827368736267,0.013740621507167816,0.017157621681690216
radial,3,1.2638889408359926,0.02160000056028366,0.009100000374019146,499.14459228515625,0.001475445693358779,0.21369877457618713,0.012678095139563084,0.01633027195930481
radial,3,1.3124999693698354,0.02160000056028366,0.009449999779462814,478.4269104003906,0.0010729192290455103,0.2158086597919464,0.011538633145391941,0.015437069348990917
radial,3,1.3518518406069941,0.02160000056028366,0.009733333252370358,462.92303466796875,0.0008465063874609768,0.21735736727714539,0.010684099048376083,0.01476382464170456
radial,3,1.391203711844153,0.02160000056028366,0.0100166667252779,448.2283935546875,0.0006768793682567775,0.2188091278076172,0.009870758280158043,0.014120932668447495
radial,3,1.4305557124316692,0.02160000056028366,0.010300001129508018,434.22955322265625,0.0005466828588396311,0.22018396854400635,0.009091181680560112,0.013503228314220905
radial,3,1.4699074543184705,0.02160000056028366,0.010583333671092987,420.8384704589844,0.0004444006772246212,0.22149741649627686,0.00833946093916893,0.012906517833471298
radial,3,1.5092591962052717,0.02160000056028366,0.010866666212677956,408.0037841796875,0.0003623800294008106,0.2227599024772644,0.0076117971912026405,0.012328122742474079
radial,3,1.5486110674424305,0.02160000056028366,0.011149999685585499,395.7226257324219,0.0002956042590085417,0.22397573292255402,0.006907290779054165,0.011767569929361343
radial,3,1.5879629386795893,0.02160000056028366,0.011433333158493042,384.00067138671875,0.00024055106041487306,0.22514751553535461,0.006225614342838526,0.01122476626187563
radial,3,1.627314809916748,0.02160000056028366,0.011716666631400585,372.845458984375,0.00019466143567115068,0.22627750039100647,0.005566372536122799,0.010699514299631119
radial,3,1.6666666811539068,0.02160000056028366,0.012000000104308128,362.4953308105469,0.0001570513122715056,0.22734516859054565,0.004942486062645912,0.010202208533883095
radial,3,1.746031792006559,0.02160000056028366,0.012571428902447224,344.4627685546875,0.00010106509580509737,0.22925539314746857,0.003824614454060793,0.009310690686106682
radial,3,1.8253967735088534,0.02160000056028366,0.013142856769263744,329.7352294921875,6.353115168167278e-05,0.2308746874332428,0.002875414676964283,0.008553249761462212
radial,3,1.9047618843615055,0.02160000056028366,0.01371428556740284,318.01983642578125,3.8328122172970325e-05,0.2322206199169159,0.0020858205389231443,0.007922893390059471
radial,3,1.9841269952141576,0.02160000056028366,0.014285714365541935,309.2018127441406,2.2098427507444285e-05,0.23328274488449097,0.0014620358124375343,0.007424707990139723
radial,3,2.0634921060668097,0.02160000056028366,0.01485714316368103,302.94537353515625,1.2233585039211903e-05,0.23407121002674103,0.0009976363508030772,0.007053673267364502
radial,3,2.142857087569104,0.02160000056028366,0.015428571030497551,298.7814025878906,6.628381925111171e-06,0.23461686074733734,0.0006747853476554155,0.006795658729970455
radial,3,2.2222223277721143,0.02160000056028366,0.01600000075995922,296.2283630371094,3.6947706121281954e-06,0.23496189713478088,0.00046964071225374937,0.006631702650338411
radial,3,2.301587309274409,0.02160000056028366,0.01657142862677574,294.796630859375,2.292780663992744e-06,0.23515921831130981,0.00035181661951355636,0.006537535693496466
radial,3,2.3809522907767033,0.02160000056028366,0.017142856493592262,294.00201416015625,1.6380159877371625e-06,0.23526954650878906,0.00028570828726515174,0.006484690122306347
radial,3,2.460317530979713,0.02160000056028366,0.017714286223053932,293.46282958984375,1.2644816251849988e-06,0.23534494638442993,0.00024041056167334318,0.006448468193411827
radial,3,2.5396825124820075,0.02160000056028366,0.018285714089870453,292.99163818359375,9.801698297451367e-07,0.23541203141212463,0.00020000616495963186,0.006416150834411383
radial,3,2.619047493984302,0.02160000056028366,0.018857141956686974,292.5426330566406,7.369146146629646e-07,0.23547771573066711,0.00016031699487939477,0.006384396459907293
radial,3,2.6984127341873116,0.02160000056028366,0.019428571686148643,292.1168212890625,5.250540766610357e-07,0.2355424016714096,0.00012107560178264976,0.0063529908657073975
radial,3,2.777777715689606,0.02160000056028366,0.019999999552965164,291.737060546875,3.445601350904326e-07,0.23560388386249542,8.361347136087716e-05,0.006322999484837055
radial,3,2.9411761918001704,0.02160000056028366,0.021176468580961227,291.2198181152344,9.719596505419759e-08,0.23569625616073608,2.721021701290738e-05,0.006277828011661768
radial,3,3.1045751853121653,0.02160000056028366,0.02235294133424759,291.032958984375,9.613596141377911e-09,0.23573388159275055,4.282554982637521e-06,0.00625945720821619
radial,3,3.2679739201234446,0.02160000056028366,0.0235294122248888,291.0025939941406,1.5678366938054467e-10,0.23574042320251465,3.3375343377883837e-07,0.006256294436752796
radial,3,3.4313726549347243,0.02160000056028366,0.024705883115530014,291.0001220703125,2.914205552220772e-12,0.23574107885360718,1.8503143905945763e-08,0.006256044376641512
radial,3,3.5947711310452886,0.02160000056028366,0.025882352143526077,290.9999694824219,1.390178553870025e-12,0.23574122786521912,5.69896241309209e-10,0.006256032735109329
radial,3,3.7581698658565683,0.02160000056028366,0.02705882303416729,290.99993896484375,1.8054800276362526e-12,0.23574136197566986,8.874570999947706e-13,0.006256035529077053
radial,3,3.9215686006678476,0.02160000056028366,0.028235293924808502,290.99993896484375,2.3642533243661834e-12,0.2357414960861206,3.809945523132463e-13,0.0062560392543673515
radial,3,4.084967076778412,0.02160000056028366,0.029411762952804565,290.99993896484375,3.008156874637069e-12,0.23574161529541016,5.879569834471576e-13,0.006256042048335075
radial,3,4.248366070290406,0.02160000056028366,0.030588235706090927,290.99993896484375,3.683285881156406e-12,0.23574167490005493,7.479337787129337e-13,0.006256043910980225
radial,3,4.411764546400971,0.02160000056028366,0.03176470473408699,290.99993896484375,4.256297137655851e-12,0.23574164509773254,8.798302256023127e-13,0.006256043445318937
radial,3,4.575163539912966,0.02160000056028366,0.03294117748737335,290.99993896484375,4.5629281603121186e-12,0.2357414960861206,9.609784756142714e-13,0.006256038788706064
radial,3,4.73856201602353,0.02160000056028366,0.034117646515369415,290.99993896484375,4.484453173386749e-12,0.2357412576675415,9.621301151618855e-13,0.006256032269448042
radial,3,4.901961009535524,0.02160000056028366,0.03529411926865578,290.9999694824219,4.1306194575874144e-12,0.23574092984199524,9.020900888258299e-13,0.006256024353206158
radial,3,5.065359485646089,0.02160000056028366,0.03647058829665184,290.9999694824219,3.6357479527016068e-12,0.23574061691761017,8.076017068633923e-13,0.006256015971302986
radial,3,5.228757961756654,0.02160000056028366,0.0376470573246479,291.0,2.954245572131531e-12,0.2357403188943863,6.665320422330479e-13,0.006256008055061102
radial,3,5.392156955268648,0.02160000056028366,0.038823530077934265,291.0,2.2387662470396696e-12,0.23574009537696838,5.119585311241792e-13,0.006256002467125654
radial,3,5.555555431379212,0.02160000056028366,0.03999999910593033,291.0,8.451119665187079e-11,0.23573999106884003,9.511972806630631e-12,0.00625599967315793
radial,3,6.166666539178954,0.02160000056028366,0.04439999908208847,291.0,1.653822967462304e-09,0.23573964834213257,1.4437476214546052e-10,0.0062559908255934715
radial,3,6.777777646978697,0.02160000056028366,0.04879999905824661,291.0000305175781,7.046155214851524e-09,0.23573872447013855,5.647496914562566e-10,0.006255965679883957
radial,3,7.3888887547784385,0.02160000056028366,0.053199999034404755,291.0001220703125,2.2054194914744585e-08,0.23573626577854156,1.690762529982237e-09,0.006255900952965021
radial,3,7.99999986257818,0.02160000056028366,0.0575999990105629,291.0002746582031,5.8286040882649104e-08,0.23573099076747894,4.251870855398465e-09,0.00625575939193368
radial,3,8.611110970377922,0.02160000056028366,0.06199999898672104,291.0007019042969,1.4125495795269671e-07,0.2357202172279358,9.673018830369529e-09,0.006255472078919411
radial,3,9.222222078177664,0.02160000056028366,0.06639999896287918,291.0015869140625,3.3213808592336136e-07,0.23569779098033905,2.1180337483883704e-08,0.006254872307181358
radial,3,9.833333185977406,0.02160000056028366,0.07079999893903732,291.00604248046875,1.3563404763772269e-06,0.23558416962623596,7.922393763237778e-08,0.00625182781368494
radial,3,10.444444293777147,0.02160000056028366,0.07519999891519547,291.0306396484375,7.311346962524112e-06,0.23493510484695435,4.0719234561947815e-07,0.006234415341168642
radial,3,11.05555540157689,0.02160000056028366,0.07959999889135361,291.1434631347656,3.360726259415969e-05,0.23207896947860718,1.8390812783763977e-06,0.00615775678306818
radial,3,11.666666509376633,0.02160000056028366,0.08399999886751175,291.43377685546875,9.399304690305144e-05,0.22540883719921112,5.124700237502111e-06,0.0059786890633404255
radial,3,12.277777617176374,0.02160000056028366,0.08839999884366989,291.7694091796875,0.0001553776819491759,0.2183428704738617,8.481026270601433e-06,0.005788951180875301
radial,3,12.888888724976116,0.02160000056028366,0.09279999881982803,291.96234130859375,0.00018366271979175508,0.2144838571548462,1.0073437806568108e-05,0.005685233976691961
radial,3,13.499999832775858,0.02160000056028366,0.09719999879598618,292.06707763671875,0.00019223030540160835,0.21222524344921112,1.0649360774550587e-05,0.0056243520230054855
radial,3,14.1111109405756,0.02160000056028366,0.10159999877214432,292.1617736816406,0.0001961482921615243,0.21014904975891113,1.100550616683904e-05,0.005568277556449175
radial,3,14.722222048375341,0.02160000056028366,0.10599999874830246,292.2418518066406,0.00019811857782769948,0.20847098529338837,1.1233141776756383e-05,0.005522904917597771
radial,3,15.333333156175083,0.02160000056028366,0.1103999987244606,292.3014831542969,0.0001988700096262619,0.2072540819644928,1.135458023782121e-05,0.005489950533956289
radial,3,15.944444263974827,0.02160000056028366,0.11479999870061874,292.34783935546875,0.0001990475575439632,0.20630310475826263,1.141919165092986e-05,0.0054641407914459705
radial,3,16.555554336971706,0.02160000056028366,0.11919999122619629,292.38861083984375,0.00019891929696314037,0.20545516908168793,1.145632631960325e-05,0.005441071931272745
radial,3,17.16666751437717,0.02160000056028366,0.12360000610351562,292.42584228515625,0.00019867873925250024,0.20468635857105255,1.1481638466648292e-05,0.005420120432972908
radial,3,17.777778622176914,0.02160000056028366,0.12800000607967377,292.4591369628906,0.00019836331193801016,0.2040162831544876,1.1497494597279001e-05,0.0054018329828977585
radial,3,18.388889729976654,0.02160000056028366,0.1324000060558319,292.484375,0.0001978963555302471,0.20350368320941925,1.1496264050947502e-05,0.005387804005295038
radial,3,19.000000837776398,0.02160000056028366,0.13680000603199005,292.50189208984375,0.0001973304752027616,0.2031266689300537,1.1481872206786647e-05,0.005377441644668579
radial,3,19.611111945576138,0.02160000056028366,0.1412000060081482,292.5162353515625,0.00019671636982820928,0.2027978152036667,1.1461705980764236e-05,0.005368365906178951
radial,3,20.22222305337588,0.02160000056028366,0.14560000598430634,292.5284729003906,0.00019606517162173986,0.2024962157011032,1.143723329732893e-05,0.005360006354749203
radial,3,20.83333416117562,0.02160000056028366,0.15000000596046448,292.5396728515625,0.00019539361528586596,0.20220385491847992,1.141036773333326e-05,0.005351869389414787
radial,3,21.444445268975365,0.02160000056028366,0.15440000593662262,292.5499267578125,0.00019471596169751137,0.20192542672157288,1.1381834156054538e-05,0.005344098899513483
radial,3,22.055556376775108,0.02160000056028366,0.15880000591278076,292.560791015625,0.0001939039648277685,0.20161913335323334,1.1345765415171627e-05,0.0053355335257947445
radial,3,22.666667484574848,0.02160000056028366,0.1632000058889389,292.5747985839844,0.00019297641119919717,0.2012357860803604,1.1305879525025375e-05,0.005324833560734987
radial,3,23.27777859237459,0.02160000056028366,0.16760000586509705,292.5876770019531,0.00019210093887522817,0.20089471340179443,1.1267848094576038e-05,0.005315341986715794
radial,3,23.88888970017433,0.02160000056028366,0.1720000058412552,292.59600830078125,0.00019121890363749117,0.20066839456558228,1.1224651643715333e-05,0.005309054162353277
radial,3,24.500000807974075,0.02160000056028366,0.17640000581741333,292.6023864746094,0.0001903600787045434,0.20049110054969788,1.1180642104591243e-05,0.005304133519530296
radial,3,25.111111915773815,0.02160000056028366,0.18080000579357147,292.60784912109375,0.00018958956934511662,0.20034120976924896,1.1140988135593943e-05,0.005299978423863649
radial,3,25.72222302357356,0.02160000056028366,0.18520000576972961,292.6126708984375,0.00018885851022787392,0.2002086490392685,1.110264020098839e-05,0.005296309478580952
radial,3,26.3333341313733,0.02160000056028366,0.18960000574588776,292.6169128417969,0.00018815042858477682,0.2000913769006729,1.1064018508477602e-05,0.0052930694073438644
radial,3,26.944445239173042,0.02160000056028366,0.1940000057220459,292.62066650390625,0.0001874844601843506,0.19998644292354584,1.1026515494449995e-05,0.005290181376039982
radial,3,27.555556346972786,0.02160000056028366,0.19840000569820404,292.624267578125,0.0001868913823273033,0.19989018142223358,1.0992483112204354e-05,0.005287546664476395
radial,3,28.166667454772526,0.02160000056028366,0.20280000567436218,292.62786865234375,0.00018640316557139158,0.19979864358901978,1.09641378003289e-05,0.005285062827169895
radial,3,28.77777856257227,0.02160000056028366,0.20720000565052032,292.63250732421875,0.0001859802141552791,0.19968660175800323,1.0939332241832744e-05,0.005282054655253887
radial,3,29.38888967037201,0.02160000056028366,0.21160000562667847,292.640869140625,0.00018556619761511683,0.19949838519096375,1.0914990525634494e-05,0.005277043674141169
radial,3,30.000000778171753,0.02160000056028366,0.2160000056028366,300.0,0.0,0.0,0.0,0.0
radial,15,0.0,0.1080000028014183,0.0,356.81719970703125,0.04909079521894455,0.19130492210388184,0.0033385949209332466,0.006261979229748249
radial,15,0.062499998926392034,0.1080000028014183,0.00044999999227002263,356.78106689453125,0.04906448349356651,0.19131377339363098,0.00333680328913033,0.006261574104428291
radial,15,0.12499999785278407,0.1080000028014183,0.0008999999845400453,356.672119140625,0.04898525029420853,0.19134053587913513,0.0033314090687781572,0.006260354071855545
radial,15,0.18750000486357346,0.1080000028014183,0.0013500000350177288,356.48919677734375,0.04885224252939224,0.19138562679290771,0.0033223540522158146,0.006258312612771988
radial,15,0.24999999570556813,0.1080000028014183,0.0017999999690800905,356.2303771972656,0.048664212226867676,0.19144979119300842,0.003309553023427725,0.006255435757339001
radial,15,0.31249998654756284,0.1080000028014183,0.0022499999031424522,355.8936767578125,0.04841982573270798,0.19153378903865814,0.0032929149456322193,0.006251711398363113
radial,15,0.3750000097271469,0.1080000028014183,0.0027000000700354576,355.4773254394531,0.04811796545982361,0.1916384994983673,0.003272361820563674,0.006247134879231453
radial,15,0.4374999682315522,0.1080000028014183,0.0031499997712671757,354.9776611328125,0.047756195068359375,0.19176530838012695,0.0032477257773280144,0.006241682916879654
radial,15,0.49999999141113627,0.1080000028014183,0.003599999938160181,354.38031005859375,0.04732435941696167,0.1919187605381012,0.003218318335711956,0.006235228851437569
radial,15,0.5347222193247743,0.1080000028014183,0.0038499999791383743,353.9949951171875,0.04704613238573074,0.19201883673667908,0.003199372673407197,0.006231103092432022
radial,15,0.5752314528864291,0.1080000028014183,0.0041416664607822895,353.4933776855469,0.046684421598911285,0.1921502947807312,0.003174741752445698,0.0062257759273052216
radial,15,0.6157407511232628,0.1080000028014183,0.004433333408087492,352.940185546875,0.046285998076200485,0.1922968029975891,0.0031476092990487814,0.006219952367246151
radial,15,0.6562499846849177,0.1080000028014183,0.004724999889731407,352.33343505859375,0.04584955424070358,0.1924593150615692,0.0031178852077573538,0.006213624030351639
radial,15,0.6967592829217514,0.1080000028014183,0.00501666683703661,351.673095703125,0.04537522792816162,0.1926383376121521,0.0030855759978294373,0.006206807680428028
radial,15,0.7372685164834063,0.1080000028014183,0.005308333318680525,350.9598083496094,0.044863589107990265,0.1928342580795288,0.0030507193878293037,0.006199524272233248
radial,15,0.7777777500450611,0.1080000028014183,0.00559999980032444,350.194580078125,0.04431547969579697,0.193047434091568,0.003013370092958212,0.006191802676767111
radial,15,0.8182870482818948,0.1080000028014183,0.0058916667476296425,349.3789367675781,0.04373214393854141,0.19327804446220398,0.0029736103024333715,0.006183677352964878
radial,15,0.8587962818435497,0.1080000028014183,0.006183333229273558,348.51507568359375,0.04311521723866463,0.19352620840072632,0.002931548748165369,0.006175186950713396
radial,15,0.8993055800803834,0.1080000028014183,0.00647500017657876,347.60546875,0.0424666553735733,0.1937919557094574,0.002887316048145294,0.00616637896746397
radial,15,0.9398148136420382,0.1080000028014183,0.006766666658222675,346.6531982421875,0.04178865998983383,0.19407515227794647,0.0028410600498318672,0.006157302297651768
radial,15,0.9803241118788719,0.1080000028014183,0.007058333605527878,345.66143798828125,0.041083648800849915,0.1943756639957428,0.002792942337691784,0.006148009095340967
radial,15,1.0208333454405267,0.1080000028014183,0.007350000087171793,344.6336669921875,0.04035414010286331,0.19469323754310608,0.0027431328780949116,0.0061385538429021835
radial,15,1.0613425790021818,0.1080000028014183,0.007641666568815708,343.5733642578125,0.03960270434617996,0.19502763450145721,0.0026918044313788414,0.006128990091383457
radial,15,1.1018518772390153,0.1080000028014183,0.00793333351612091,342.48419189453125,0.03883187472820282,0.19537855684757233,0.0026391283608973026,0.0061193727888166904
radial,15,1.1423611754758491,0.1080000028014183,0.008225000463426113,341.3695068359375,0.03804410621523857,0.19574570655822754,0.0025852718390524387,0.006109751760959625
radial,15,1.1828703443623252,0.1080000028014183,0.008516666479408741,340.23248291015625,0.03724164515733719,0.19612878561019897,0.002530386671423912,0.006100174970924854
radial,15,1.2233796425991588,0.1080000028014183,0.008808333426713943,339.0758056640625,0.036426328122615814,0.19652768969535828,0.002474599052220583,0.0060906847938895226
radial,15,1.2638889408359926,0.1080000028014183,0.009100000374019146,337.9024353027344,0.03560030087828636,0.1969420611858368,0.0024180549662560225,0.006081324070692062
radial,15,1.3124999693698354,0.1080000028014183,0.009449999779462814,336.47979736328125,0.03459984064102173,0.197457954287529,0.002349542686715722,0.006070339120924473
radial,15,1.3518518406069941,0.1080000028014183,0.009733333252370358,335.318115234375,0.0337836779654026,0.19789054989814758,0.002293630503118038,0.006061675492674112
radial,15,1.391203711844153,0.1080000028014183,0.0100166667252779,334.1476745605469,0.03296201676130295,0.19833703339099884,0.0022373241372406483,0.006053232587873936
radial,15,1.4305555830813117,0.1080000028014183,0.010300000198185444,332.971435546875,0.03213679790496826,0.19879662990570068,0.002180760260671377,0.006045041140168905
radial,15,1.4699074543184705,0.1080000028014183,0.010583333671092987,331.7915344238281,0.03130931779742241,0.1992688924074173,0.00212402967736125,0.006037123501300812
radial,15,1.5092591962052717,0.1080000028014183,0.010866666212677956,330.6097412109375,0.03048071451485157,0.19975340366363525,0.0020672136452049017,0.006029498763382435
radial,15,1.5486110674424305,0.1080000028014183,0.011149999685585499,329.42767333984375,0.029651891440153122,0.20024976134300232,0.0020103773567825556,0.006022182758897543
radial,15,1.5879629386795893,0.1080000028014183,0.011433333158493042,328.24456787109375,0.028822198510169983,0.2007584273815155,0.0019534805323928595,0.006015174090862274
radial,15,1.627314809916748,0.1080000028014183,0.011716666631400585,327.05389404296875,0.02798677608370781,0.20128250122070312,0.0018961932510137558,0.00600843783468008
radial,15,1.6666666811539068,0.1080000028014183,0.012000000104308128,325.85369873046875,0.02714436501264572,0.2018226832151413,0.0018384342547506094,0.00600196560844779
radial,15,1.746031792006559,0.1080000028014183,0.012571428902447224,323.4530029296875,0.02545648068189621,0.20293819904327393,0.0017227502539753914,0.005989923141896725
radial,15,1.8253967735088534,0.1080000028014183,0.013142856769263744,321.0901184082031,0.023789025843143463,0.20408093929290771,0.0016085569513961673,0.0059791915118694305
radial,15,1.9047618843615055,0.1080000028014183,0.01371428556740284,318.7542724609375,0.022132569923996925,0.20524956285953522,0.001495248288847506,0.005969531834125519
radial,15,1.9841268658638,0.1080000028014183,0.01428571343421936,316.44879150390625,0.020486749708652496,0.20643199980258942,0.0013828377705067396,0.005960638634860516
radial,15,2.0634921060668097,0.1080000028014183,0.01485714316368103,314.1745300292969,0.0188492089509964,0.2076118290424347,0.0012711965246126056,0.005952035542577505
radial,15,2.142857087569104,0.1080000028014183,0.015428571030497551,311.93408203125,0.01721838116645813,0.20876485109329224,0.0011602421291172504,0.005943048745393753
radial,15,2.2222223277721143,0.1080000028014183,0.01600000075995922,309.73101806640625,0.015592999756336212,0.20985859632492065,0.0010498992633074522,0.005932776257395744
radial,15,2.301587309274409,0.1080000028014183,0.01657142862677574,307.5703430175781,0.013972393237054348,0.21085192263126373,0.0009401156567037106,0.005920084193348885
radial,15,2.3809522907767033,0.1080000028014183,0.017142856493592262,305.46044921875,0.012357916682958603,0.2116963267326355,0.0008309553377330303,0.005903670564293861
radial,15,2.460317530979713,0.1080000028014183,0.017714286223053932,303.4156494140625,0.010755153372883797,0.21233992278575897,0.000722746248356998,0.005882227327674627
radial,15,2.5396825124820075,0.1080000028014183,0.018285714089870453,301.45721435546875,0.009175160899758339,0.21273568272590637,0.0006161707569845021,0.005854697898030281
radial,15,2.619047493984302,0.1080000028014183,0.018857141956686974,299.6053466796875,0.007628655061125755,0.21285323798656464,0.0005118843400850892,0.005820467136800289
radial,15,2.6984127341873116,0.1080000028014183,0.019428571686148643,297.8580322265625,0.0061064669862389565,0.21268177032470703,0.0004092137096449733,0.005778975784778595
radial,15,2.777777715689606,0.1080000028014183,0.019999999552965164,296.2347412109375,0.0046182675287127495,0.21234238147735596,0.0003088700759690255,0.00573376938700676
radial,15,2.941176450500886,0.1080000028014183,0.021176470443606377,293.80078125,0.0021966383792459965,0.21144244074821472,0.00014567190373782068,0.005650866776704788
radial,15,3.1045751853121653,0.1080000028014183,0.02235294133424759,292.6626281738281,0.0008832970634102821,0.21049681305885315,5.712695565307513e-05,0.0055933441035449505
radial,15,3.2679739201234446,0.1080000028014183,0.0235294122248888,292.3106994628906,0.0003897933638654649,0.2097756266593933,2.3778382455930114e-05,0.005561521742492914
radial,15,3.4313726549347243,0.1080000028014183,0.024705883115530014,292.2589111328125,0.00027666633832268417,0.20922857522964478,1.6093312297016382e-05,0.00554386992007494
radial,15,3.5947711310452886,0.1080000028014183,0.025882352143526077,292.27093505859375,0.00025941801141016185,0.20875251293182373,1.4927923075447325e-05,0.0055306293070316315
radial,15,3.7581698658565683,0.1080000028014183,0.02705882303416729,292.2876281738281,0.000254368525929749,0.20828503370285034,1.4583200027118437e-05,0.005517835728824139
radial,15,3.9215686006678476,0.1080000028014183,0.028235293924808502,292.3059997558594,0.00025107734836637974,0.20779955387115479,1.4369452401297167e-05,0.005504596047103405
radial,15,4.084967335479127,0.1080000028014183,0.029411764815449715,292.3262023925781,0.00024883548030629754,0.20729011297225952,1.4238512449082918e-05,0.005490731447935104
radial,15,4.248366070290406,0.1080000028014183,0.030588235706090927,292.3475341796875,0.00024729029973968863,0.206770122051239,1.4161860235617496e-05,0.005476598162204027
radial,15,4.411764546400971,0.1080000028014183,0.03176470473408699,292.369140625,0.00024618188035674393,0.20625799894332886,1.4118390026851557e-05,0.0054626865312457085
radial,15,4.575163539912966,0.1080000028014183,0.03294117748737335,292.3902282714844,0.00024533001123927534,0.20577014982700348,1.4093318895902485e-05,0.005449437536299229
radial,15,4.73856201602353,0.1080000028014183,0.034117646515369415,292.41015625,0.00024461455177515745,0.20531898736953735,1.4076678780838847e-05,0.0054371836595237255
radial,15,4.901961009535524,0.1080000028014183,0.03529411926865578,292.42852783203125,0.0002439621603116393,0.20491132140159607,1.4062345144338906e-05,0.0054261102341115475
radial,15,5.065359485646089,0.1080000028014183,0.03647058829665184,292.4450988769531,0.00024333599139936268,0.2045479416847229,1.4047287550056353e-05,0.0054162368178367615
radial,15,5.228757961756654,0.1080000028014183,0.0376470573246479,292.4598693847656,0.00024271947040688246,0.204227477312088,1.4030145393917337e-05,0.00540752662345767
radial,15,5.392156955268648,0.1080000028014183,0.038823530077934265,292.472900390625,0.0002421230310574174,0.2039472460746765,1.401153076585615e-05,0.005399907939136028
radial,15,5.555555431379212,0.1080000028014183,0.03999999910593033,292.48333740234375,0.0002415574563201517,0.20372197031974792,1.3991089872433804e-05,0.00539378123357892
radial,15,6.166666539178954,0.1080000028014183,0.04439999908208847,292.51397705078125,0.0002394945186097175,0.20306438207626343,1.3905184459872544e-05,0.005375882610678673
radial,15,6.777777646978697,0.1080000028014183,0.04879999905824661,292.5380859375,0.00023754566791467369,0.2025529444217682,1.381561469315784e-05,0.005361948162317276
radial,15,7.3888887547784385,0.1080000028014183,0.053199999034404755,292.55511474609375,0.00023593749210704118,0.20218852162361145,1.3736368600802962e-05,0.005352006293833256
radial,15,7.99999986257818,0.1080000028014183,0.0575999990105629,292.569091796875,0.00023468455765396357,0.20188778638839722,1.3674625733983703e-05,0.005343794822692871
radial,15,8.611110970377922,0.1080000028014183,0.06199999898672104,292.5829772949219,0.0002335746248718351,0.20158889889717102,1.3621439393318724e-05,0.005335628055036068
radial,15,9.222222078177664,0.1080000028014183,0.06639999896287918,292.5977783203125,0.00023244319891091436,0.20127424597740173,1.3567962014349177e-05,0.005327021237462759
radial,15,9.833333185977406,0.1080000028014183,0.07079999893903732,292.6123046875,0.00023121976119000465,0.20097056031227112,1.3508877600543201e-05,0.005318703129887581
radial,15,10.444444293777147,0.1080000028014183,0.07519999891519547,292.62469482421875,0.00022986572002992034,0.20071424543857574,1.3439975191431586e-05,0.00531166372820735
radial,15,11.05555540157689,0.1080000028014183,0.07959999889135361,292.6340637207031,0.00022839600569568574,0.20051655173301697,1.3361008313950151e-05,0.005306213162839413
radial,15,11.666666509376633,0.1080000028014183,0.08399999886751175,292.640625,0.00022693639039061964,0.20036886632442474,1.3279946870170534e-05,0.005302121862769127
radial,15,12.277777617176374,0.1080000028014183,0.08839999884366989,292.64520263671875,0.0002255867439089343,0.20025694370269775,1.320397132076323e-05,0.005299007520079613
radial,15,12.888888724976116,0.1080000028014183,0.09279999881982803,292.64862060546875,0.0002243155613541603,0.20016592741012573,1.3132151252648327e-05,0.005296463146805763
radial,15,13.499999832775858,0.1080000028014183,0.09719999879598618,292.6513671875,0.0002230675017926842,0.20008541643619537,1.3061760910204612e-05,0.005294201895594597
radial,15,14.1111109405756,0.1080000028014183,0.10159999877214432,292.65374755859375,0.00022183742839843035,0.20000961422920227,1.2992690244573168e-05,0.005292065441608429
radial,15,14.722222048375341,0.1080000028014183,0.10599999874830246,292.6559143066406,0.0002206281351391226,0.19993580877780914,1.292515116801951e-05,0.005289977416396141
radial,15,15.333333156175083,0.1080000028014183,0.1103999987244606,292.6579895019531,0.0002194412227254361,0.1998627781867981,1.285926737182308e-05,0.0052879080176353455
radial,15,15.944444263974827,0.1080000028014183,0.11479999870061874,292.6599426269531,0.0002182766911573708,0.19979026913642883,1.2795053407899104e-05,0.00528585072606802
radial,15,16.555555371774567,0.1080000028014183,0.11919999867677689,292.6618347167969,0.0002171334344893694,0.19971859455108643,1.2732427421724424e-05,0.005283817648887634
radial,15,17.16666647957431,0.1080000028014183,0.12359999865293503,292.66375732421875,0.00021600919717457145,0.1996484100818634,1.2671239346673246e-05,0.0052818311378359795
radial,15,17.777778622176914,0.1080000028014183,0.12800000607967377,292.6656494140625,0.00021490103972610086,0.1995803415775299,1.2611286365427077e-05,0.005279910285025835
radial,15,18.388889729976654,0.1080000028014183,0.1324000060558319,292.6676025390625,0.00021380564430728555,0.19951479136943817,1.2552336556836963e-05,0.005278068594634533
radial,15,19.000000837776398,0.1080000028014183,0.13680000603199005,292.6695861816406,0.00021271915466059,0.1994519829750061,1.2494114344008267e-05,0.005276313982903957
radial,15,19.611111945576138,0.1080000028014183,0.1412000060081482,292.671630859375,0.00021163615747354925,0.1993916928768158,1.2436206816346385e-05,0.005274641327559948
radial,15,20.22222305337588,0.1080000028014183,0.14560000598430634,292.6738586425781,0.00021051408839412034,0.19933059811592102,1.2376034646877088e-05,0.005272958427667618
radial,15,20.83333416117562,0.1080000028014183,0.15000000596046448,292.67626953125,0.00020932868937961757,0.19926749169826508,1.2311991667957045e-05,0.005271228030323982
radial,15,21.444445268975365,0.1080000028014183,0.15440000593662262,292.6786193847656,0.0002081639104289934,0.19920587539672852,1.2248743587406352e-05,0.0052695428021252155
radial,15,22.055556376775108,0.1080000028014183,0.15880000591278076,292.6808776855469,0.0002070557529805228,0.199146568775177,1.2188421351311263e-05,0.005267923232167959
radial,15,22.666667484574848,0.1080000028014183,0.1632000058889389,292.6831359863281,0.0002059541584458202,0.19908715784549713,1.2128162779845297e-05,0.005266303196549416
radial,15,23.27777859237459,0.1080000028014183,0.16760000586509705,292.6854553222656,0.00020484217384364456,0.1990261673927307,1.2066937415511347e-05,0.005264642648398876
radial,15,23.88888970017433,0.1080000028014183,0.1720000058412552,292.6878662109375,0.00020371955179143697,0.19896343350410461,1.2004699783574324e-05,0.005262937396764755
radial,15,24.500000807974075,0.1080000028014183,0.17640000581741333,292.6903076171875,0.0002025821595452726,0.19889935851097107,1.1940985132241622e-05,0.005261195823550224
radial,15,25.111111915773815,0.1080000028014183,0.18080000579357147,292.6927490234375,0.00020142478751949966,0.19883430004119873,1.1875135896843858e-05,0.005259428173303604
radial,15,25.72222302357356,0.1080000028014183,0.18520000576972961,292.6952209472656,0.00020025248522870243,0.19876797497272491,1.1807342161773704e-05,0.005257627461105585
radial,15,26.3333341313733,0.1080000028014183,0.18960000574588776,292.69775390625,0.00019908329704776406,0.1986992061138153,1.1738799003069289e-05,0.005255762487649918
radial,15,26.944445239173042,0.1080000028014183,0.1940000057220459,292.7004699707031,0.00019794738909695297,0.1986258625984192,1.167148457170697e-05,0.005253777839243412
radial,15,27.555556346972786,0.1080000028014183,0.19840000569820404,292.70361328125,0.0001968908472917974,0.19854430854320526,1.1608373824856244e-05,0.0052515799179673195
radial,15,28.166667454772526,0.1080000028014183,0.20280000567436218,292.7074279785156,0.00019597768550738692,0.1984495222568512,1.1553563126653899e-05,0.005249038338661194
radial,15,28.77777856257227,0.1080000028014183,0.20720000565052032,292.7126159667969,0.00019522037473507226,0.1983262598514557,1.1508103852975182e-05,0.0052457526326179504
radial,15,29.38888967037201,0.1080000028014183,0.21160000562667847,292.72369384765625,0.0001945481781149283,0.19807755947113037,1.1467680451460183e-05,0.005239157006144524
radial,15,30.000000778171753,0.1080000028014183,0.2160000056028366,300.0,0.0,0.0,0.0,0.0
radial,30,0.0,0.2160000056028366,0.0,320.22503662109375,0.021260017529129982,0.1805412769317627,0.0012606848031282425,0.005143878981471062
radial,30,0.062499998926392034,0.2160000056028366,0.00044999999227002263,320.22039794921875,0.021256832405924797,0.1805432140827179,0.0012604963267222047,0.005143876187503338
radial,30,0.12499999785278407,0.2160000056028366,0.0008999999845400453,320.2066345214844,0.0212472602725029,0.18054917454719543,0.0012599308975040913,0.005143872462213039
radial,30,0.18750000486357346,0.2160000056028366,0.0013500000350177288,320.18365478515625,0.021231260150671005,0.1805594265460968,0.0012589872349053621,0.005143875256180763
radial,30,0.24999999570556813,0.2160000056028366,0.0017999999690800905,320.1513977050781,0.0212087444961071,0.18057414889335632,0.0012576610315591097,0.005143888294696808
radial,30,0.31249998654756284,0.2160000056028366,0.0022499999031424522,320.10968017578125,0.021179618313908577,0.18059346079826355,0.0012559471651911736,0.0051439134404063225
radial,30,0.3750000097271469,0.2160000056028366,0.0027000000700354576,320.05841064453125,0.021143779158592224,0.18061740696430206,0.0012538388837128878,0.005143951158970594
radial,30,0.43750000056914157,0.2160000056028366,0.0031500000040978193,319.9974060058594,0.021101102232933044,0.180646151304245,0.0012513294350355864,0.005144002381712198
radial,30,0.49999999141113627,0.2160000056028366,0.003599999938160181,319.926513671875,0.02105148881673813,0.1806798130273819,0.001248412998393178,0.005144069902598858
radial,30,0.5347222193247743,0.2160000056028366,0.0038499999791383743,319.8828430175781,0.021020883694291115,0.18070083856582642,0.0012466150801628828,0.0051441197283566
radial,30,0.5752314528864291,0.2160000056028366,0.0041416664607822895,319.8279724121094,0.02098238840699196,0.18072760105133057,0.0012443552259355783,0.005144190974533558
radial,30,0.6157407511232628,0.2160000056028366,0.004433333408087492,319.7684326171875,0.02094060555100441,0.18075677752494812,0.0012419025879353285,0.005144272930920124
radial,30,0.6562499846849177,0.2160000056028366,0.004724999889731407,319.70355224609375,0.02089504338800907,0.18078884482383728,0.0012392287608236074,0.0051443688571453094
radial,30,0.6967592829217514,0.2160000056028366,0.00501666683703661,319.63311767578125,0.020845569670200348,0.18082386255264282,0.0012363260611891747,0.005144479684531689
radial,30,0.7372685164834063,0.2160000056028366,0.005308333318680525,319.5572204589844,0.02079225331544876,0.18086186051368713,0.0012331983307376504,0.005144605413079262
radial,30,0.7777777500450611,0.2160000056028366,0.00559999980032444,319.47589111328125,0.020735062658786774,0.180902898311615,0.001229843939654529,0.0051447488367557526
radial,30,0.8182870482818948,0.2160000056028366,0.0058916667476296425,319.3890075683594,0.02067393809556961,0.18094706535339355,0.001226259395480156,0.005144910421222448
radial,30,0.8587962818435497,0.2160000056028366,0.006183333229273558,319.29644775390625,0.020608801394701004,0.18099445104599,0.0012224402744323015,0.005145092494785786
radial,30,0.8993055800803834,0.2160000056028366,0.00647500017657876,319.19818115234375,0.02053958550095558,0.18104520440101624,0.0012183827348053455,0.005145295988768339
radial,30,0.9398148136420382,0.2160000056028366,0.006766666658222675,319.0940856933594,0.020466215908527374,0.18109941482543945,0.001214082119986415,0.005145523697137833
radial,30,0.9803240472036931,0.2160000056028366,0.0070583331398665905,318.9840087890625,0.020388614386320114,0.1811572015285492,0.0012095342390239239,0.005145777016878128
radial,30,1.0208334101157057,0.2160000056028366,0.00735000055283308,318.8679504394531,0.02030671201646328,0.1812187135219574,0.001204735366627574,0.0051460592076182365
radial,30,1.0613425790021818,0.2160000056028366,0.007641666568815708,318.74578857421875,0.020220443606376648,0.18128404021263123,0.0011996810790151358,0.005146371200680733
radial,30,1.1018518772390153,0.2160000056028366,0.00793333351612091,318.6174621582031,0.020129742100834846,0.1813533455133438,0.0011943680001422763,0.0051467157900333405
radial,30,1.1423611754758491,0.2160000056028366,0.008225000463426113,318.48284912109375,0.0200345478951931,0.1814267337322235,0.0011887926375493407,0.005147095769643784
radial,30,1.1828703443623252,0.2160000056028366,0.008516666479408741,318.34197998046875,0.01993481256067753,0.18150435388088226,0.0011829520808532834,0.005147513933479786
radial,30,1.2233796425991588,0.2160000056028366,0.008808333426713943,318.1947937011719,0.019830506294965744,0.18158629536628723,0.0011768448166549206,0.005147973075509071
radial,30,1.2638889408359926,0.2160000056028366,0.009100000374019146,318.0411376953125,0.019721539691090584,0.18167275190353394,0.0011704657226800919,0.005148475058376789
radial,30,1.3124999693698354,0.2160000056028366,0.009449999779462814,317.8482360839844,0.01958460360765457,0.18178243935108185,0.0011624497128650546,0.005149134434759617
radial,30,1.3518518406069941,0.2160000056028366,0.009733333252370358,317.6852722167969,0.019468754529953003,0.1818762719631195,0.0011556691024452448,0.005149720702320337
radial,30,1.391203711844153,0.2160000056028366,0.0100166667252779,317.5161437988281,0.01934840716421604,0.181974858045578,0.0011486264411360025,0.005150360055267811
radial,30,1.4305555830813117,0.2160000056028366,0.010300000198185444,317.3409729003906,0.019223608076572418,0.18207813799381256,0.0011413244064897299,0.00515105202794075
radial,30,1.4699074543184705,0.2160000056028366,0.010583333671092987,317.15972900390625,0.019094310700893402,0.1821862757205963,0.0011337599717080593,0.005151799879968166
radial,30,1.5092591962052717,0.2160000056028366,0.010866666212677956,316.97235107421875,0.018960490822792053,0.18229940533638,0.0011259320890530944,0.005152605473995209
radial,30,1.5486110674424305,0.2160000056028366,0.011149999685585499,316.7789306640625,0.01882214844226837,0.1824176162481308,0.001117840176448226,0.00515347346663475
radial,30,1.5879629386795893,0.2160000056028366,0.011433333158493042,316.5793762207031,0.01867923140525818,0.18254107236862183,0.0011094817891716957,0.0051544057205319405
radial,30,1.627314809916748,0.2160000056028366,0.011716666631400585,316.3734436035156,0.018531540408730507,0.18267005681991577,0.00110084458719939,0.005155406892299652
radial,30,1.6666666811539068,0.2160000056028366,0.012000000104308128,316.16162109375,0.018379395827651024,0.18280436098575592,0.00109194777905941,0.005156476981937885
radial,30,1.746031792006559,0.2160000056028366,0.012571428902447224,315.7181396484375,0.018060192465782166,0.18308910727500916,0.00107327860314399,0.0051587969064712524
radial,30,1.825396644158496,0.2160000056028366,0.01314285583794117,315.2505187988281,0.01772264763712883,0.1833944022655487,0.001053531770594418,0.005161354783922434
radial,30,1.9047618843615055,0.2160000056028366,0.01371428556740284,314.7587890625,0.017366521060466766,0.18372198939323425,0.0010326951742172241,0.005164195317775011
radial,30,1.9841268658638,0.2160000056028366,0.01428571343421936,314.2451171875,0.01699323207139969,0.18407121300697327,0.0010108501883223653,0.0051673222333192825
radial,30,2.0634921060668097,0.2160000056028366,0.01485714316368103,313.7099609375,0.016602836549282074,0.18444249033927917,0.000987999141216278,0.005170745775103569
radial,30,2.142857087569104,0.2160000056028366,0.015428571030497551,313.15380859375,0.016195520758628845,0.18483594059944153,0.0009641513461247087,0.005174471065402031
radial,30,2.2222223277721143,0.2160000056028366,0.01600000075995922,312.5772705078125,0.015771619975566864,0.18525147438049316,0.0009393237414769828,0.005178496707230806
radial,30,2.301587309274409,0.2160000056028366,0.01657142862677574,311.98114013671875,0.015331517904996872,0.18568867444992065,0.0009135364089161158,0.005182815715670586
radial,30,2.3809522907767033,0.2160000056028366,0.017142856493592262,311.3662109375,0.014875669032335281,0.18614692986011505,0.0008868124568834901,0.005187416449189186
radial,30,2.460317530979713,0.2160000056028366,0.017714286223053932,310.73333740234375,0.01440463773906231,0.18662536144256592,0.0008591817459091544,0.005192277953028679
radial,30,2.5396825124820075,0.2160000056028366,0.018285714089870453,310.08349609375,0.01391907874494791,0.18712279200553894,0.000830678385682404,0.005197377875447273
radial,30,2.619047493984302,0.2160000056028366,0.018857141956686974,309.41705322265625,0.013419217430055141,0.1876383125782013,0.0008013112237676978,0.005202689208090305
radial,30,2.6984127341873116,0.2160000056028366,0.019428571686148643,308.7320861816406,0.012903666123747826,0.18817254900932312,0.0007709937635809183,0.005208199843764305
radial,30,2.777777715689606,0.2160000056028366,0.019999999552965164,308.0317077636719,0.012374873273074627,0.1887218952178955,0.0007398654124699533,0.005213850177824497
radial,30,2.941176450500886,0.2160000056028366,0.021176470443606377,306.56854248046875,0.01126372255384922,0.1898632049560547,0.0006743629928678274,0.0052252584137022495
radial,30,3.1045751853121653,0.2160000056028366,0.02235294133424759,305.08868408203125,0.010131143033504486,0.191000834107399,0.0006074666162021458,0.005236036144196987
radial,30,3.2679739201234446,0.2160000056028366,0.0235294122248888,303.6146240234375,0.008996054530143738,0.19211700558662415,0.0005402672104537487,0.005246006418019533
radial,30,3.4313726549347243,0.2160000056028366,0.024705883115530014,302.1801452636719,0.007886067032814026,0.1931859701871872,0.00047438620822504163,0.005254954565316439
radial,30,3.5947711310452886,0.2160000056028366,0.025882352143526077,300.8149108886719,0.006825820542871952,0.194190114736557,0.0004112845635972917,0.005262843798846006
radial,30,3.7581698658565683,0.2160000056028366,0.02705882303416729,299.5450439453125,0.005837137345224619,0.195116326212883,0.00035227203625254333,0.005269727669656277
radial,30,3.9215686006678476,0.2160000056028366,0.028235293924808502,298.3899841308594,0.004936120938509703,0.19595570862293243,0.00029833201551809907,0.005275682546198368
radial,30,4.084967335479127,0.2160000056028366,0.029411764815449715,297.3604736328125,0.004131397698074579,0.19670334458351135,0.00025001258472912014,0.0052807689644396305
radial,30,4.248366070290406,0.2160000056028366,0.030588235706090927,296.458740234375,0.0034242174588143826,0.19735683500766754,0.00020742640481330454,0.0052849845960736275
radial,30,4.411764546400971,0.2160000056028366,0.03176470473408699,295.6804504394531,0.002810289617627859,0.19791579246520996,0.00017035487690009177,0.005288281943649054
radial,30,4.575163539912966,0.2160000056028366,0.03294117748737335,295.01806640625,0.0022825272753834724,0.19838187098503113,0.00013840844621881843,0.005290613509714603
radial,30,4.73856201602353,0.2160000056028366,0.034117646515369415,294.4634704589844,0.0018338559893891215,0.1987590491771698,0.00011119259579572827,0.005291994661092758
radial,30,4.901961009535524,0.2160000056028366,0.03529411926865578,294.00994873046875,0.0014592341613024473,0.19905513525009155,8.842808892950416e-05,0.005292573012411594
radial,30,5.065359485646089,0.2160000056028366,0.03647058829665184,293.6515197753906,0.0011556000681594014,0.19928216934204102,6.994811701588333e-05,0.005292647518217564
radial,30,5.228757961756654,0.2160000056028366,0.0376470573246479,293.3774719238281,0.0009171105921268463,0.19945691525936127,5.5409036576747894e-05,0.00529257208108902
radial,30,5.392156955268648,0.2160000056028366,0.038823530077934265,293.1708984375,0.0007321826415136456,0.19959554076194763,4.411384725244716e-05,0.005292567424476147
radial,30,5.555555431379212,0.2160000056028366,0.03999999910593033,293.033447265625,0.0006052464013919234,0.19970418512821198,3.6340163205750287e-05,0.005292927380651236
radial,30,6.166666539178954,0.2160000056028366,0.04439999908208847,292.813720703125,0.0003937070141546428,0.1998160481452942,2.335720455448609e-05,0.005291652400046587
radial,30,6.777777646978697,0.2160000056028366,0.04879999905824661,292.7689208984375,0.0003438837011344731,0.19965681433677673,2.0314659195719287e-05,0.005286298226565123
radial,30,7.3888887547784385,0.2160000056028366,0.053199999034404755,292.7601623535156,0.00032690883381292224,0.19946035742759705,1.929677091538906e-05,0.005280636716634035
radial,30,7.99999986257818,0.2160000056028366,0.0575999990105629,292.758056640625,0.00031565147219225764,0.1992613971233368,1.8637319953995757e-05,0.005275036208331585
radial,30,8.611110970377922,0.2160000056028366,0.06199999898672104,292.7579650878906,0.00030637532472610474,0.1990722417831421,1.810630419640802e-05,0.005269747227430344
radial,30,9.222222078177664,0.2160000056028366,0.06639999896287918,292.758544921875,0.00029848780832253397,0.19890347123146057,1.7663858670857735e-05,0.005265046842396259
radial,30,9.833333185977406,0.2160000056028366,0.07079999893903732,292.75897216796875,0.0002915140357799828,0.19875746965408325,1.727756352920551e-05,0.005260990932583809
radial,30,10.444444293777147,0.2160000056028366,0.07519999891519547,292.7591247558594,0.000285236252238974,0.19863131642341614,1.6933499864535406e-05,0.00525749521329999
radial,30,11.05555540157689,0.2160000056028366,0.07959999889135361,292.75909423828125,0.00027959278668276966,0.19852076470851898,1.66282679856522e-05,0.005254440475255251
radial,30,11.666666509376633,0.2160000056028366,0.08399999886751175,292.75909423828125,0.00027456952375359833,0.19842183589935303,1.6361171219614334e-05,0.005251715891063213
radial,30,12.277777617176374,0.2160000056028366,0.08839999884366989,292.7593078613281,0.00027015520026907325,0.19833144545555115,1.6130936273839325e-05,0.005249235779047012
radial,30,12.888888724976116,0.2160000056028366,0.09279999881982803,292.759765625,0.0002663212944753468,0.19824755191802979,1.5935194824123755e-05,0.005246941931545734
radial,30,13.499999832775858,0.2160000056028366,0.09719999879598618,292.7604675292969,0.0002630255767144263,0.1981690227985382,1.5770805475767702e-05,0.005244800820946693
radial,30,14.1111109405756,0.2160000056028366,0.10159999877214432,292.7613830566406,0.0002602159802336246,0.19809526205062866,1.5634119336027652e-05,0.005242793820798397
radial,30,14.722223083178203,0.2160000056028366,0.10600000619888306,292.7625427246094,0.00025783583987504244,0.1980259120464325,1.5521494788117707e-05,0.005240912549197674
radial,30,15.333333156175083,0.2160000056028366,0.1103999987244606,292.7638244628906,0.0002558190026320517,0.19796064496040344,1.5429133782163262e-05,0.005239143036305904
radial,30,15.944444263974827,0.2160000056028366,0.11479999870061874,292.7652282714844,0.0002540690475143492,0.19789835810661316,1.53518449224066e-05,0.00523745734244585
radial,30,16.555555371774567,0.2160000056028366,0.11919999867677689,292.7667236328125,0.0002524870214983821,0.19783766567707062,1.5284251276170835e-05,0.005235818214714527
radial,30,17.16666647957431,0.2160000056028366,0.12359999865293503,292.7683410644531,0.00025102734798565507,0.19777801632881165,1.522355159977451e-05,0.00523420749232173
radial,30,17.777778622176914,0.2160000056028366,0.12800000607967377,292.77001953125,0.0002496803062967956,0.19771936535835266,1.5168900063144974e-05,0.0052326275035738945
radial,30,18.388889729976654,0.2160000056028366,0.1324000060558319,292.7718200683594,0.00024843786377459764,0.1976616382598877,1.5119729141588323e-05,0.005231074057519436
radial,30,19.000000837776398,0.2160000056028366,0.13680000603199005,292.77374267578125,0.0002472932101227343,0.1976044476032257,1.5075591363711283e-05,0.005229538772255182
radial,30,19.611111945576138,0.2160000056028366,0.1412000060081482,292.7757568359375,0.00024624032084830105,0.19754751026630402,1.5036078366392758e-05,0.0052280118688941
radial,30,20.22222305337588,0.2160000056028366,0.14560000598430634,292.7778625488281,0.00024527357891201973,0.19749075174331665,1.500074449722888e-05,0.005226492881774902
radial,30,20.83333416117562,0.2160000056028366,0.15000000596046448,292.780029296875,0.0002443873090669513,0.19743424654006958,1.496911409049062e-05,0.005224982742220163
radial,30,21.444445268975365,0.2160000056028366,0.15440000593662262,292.78228759765625,0.00024357663642149419,0.1973779946565628,1.4940772416593973e-05,0.0052234819158911705
radial,30,22.055556376775108,0.2160000056028366,0.15880000591278076,292.78460693359375,0.00024283731181640178,0.19732201099395752,1.4915385690983385e-05,0.0052219899371266365
radial,30,22.666667484574848,0.2160000056028366,0.1632000058889389,292.7869567871094,0.00024216593010351062,0.19726622104644775,1.4892718354531098e-05,0.005220505408942699
radial,30,23.27777859237459,0.2160000056028366,0.16760000586509705,292.78936767578125,0.00024155990104191005,0.19721049070358276,1.4872632164042443e-05,0.005219023674726486
radial,30,23.88888970017433,0.2160000056028366,0.1720000058412552,292.79180908203125,0.0002410174929536879,0.19715461134910583,1.4855082554277033e-05,0.005217540077865124
radial,30,24.500000807974075,0.2160000056028366,0.17640000581741333,292.7943115234375,0.00024053655215539038,0.19709843397140503,1.4839979485259391e-05,0.005216050893068314
radial,30,25.111111915773815,0.2160000056028366,0.18080000579357147,292.79681396484375,0.00024011402274481952,0.19704198837280273,1.482709740230348e-05,0.005214555189013481
radial,30,25.72222302357356,0.2160000056028366,0.18520000576972961,292.79937744140625,0.00023974833311513066,0.19698525965213776,1.4816344446444418e-05,0.005213053897023201
radial,30,26.3333341313733,0.2160000056028366,0.18960000574588776,292.8019714355469,0.00023944003623910248,0.1969282627105713,1.4807837942498736e-05,0.005211547017097473
radial,30,26.944445239173042,0.2160000056028366,0.1940000057220459,292.8045654296875,0.00023919128580018878,0.19687116146087646,1.4801818906562403e-05,0.005210038274526596
radial,30,27.555556346972786,0.2160000056028366,0.19840000569820404,292.80718994140625,0.00023900697124190629,0.19681411981582642,1.4798772099311464e-05,0.005208533722907305
radial,30,28.166667454772526,0.2160000056028366,0.20280000567436218,292.809814453125,0.0002388979191891849,0.19675764441490173,1.4799732525716536e-05,0.005207046866416931
radial,30,28.77777856257227,0.2160000056028366,0.20720000565052032,292.8123779296875,0.0002388903230894357,0.19670279324054718,1.4807128536631353e-05,0.005205607507377863
radial,30,29.38888967037201,0.2160000056028366,0.21160000562667847,292.8150634765625,0.00023906675050966442,0.19664984941482544,1.4828663552179933e-05,0.005204230546951294
radial,30,30.000000778171753,0.2160000056028366,0.2160000056028366,292.55377197265625,6.781662523280829e-05,0.20050543546676636,7.317694326047786e-06,0.005302770528942347
radial,45,0.0,0.3240000009536743,0.0,310.0764465332031,0.011793500743806362,0.16828523576259613,0.0007119404617697,0.004668543580919504
radial,45,0.062499998926392034,0.3240000009536743,0.00044999999227002263,310.074462890625,0.011792327277362347,0.16828550398349762,0.000711865141056478,0.00466852867975831
radial,45,0.12499999785278407,0.3240000009536743,0.0008999999845400453,310.06854248046875,0.011788805015385151,0.16828641295433044,0.0007116390042938292,0.0046684835106134415
radial,45,0.18750000486357346,0.3240000009536743,0.0013500000350177288,310.0586242675781,0.011782930232584476,0.16828800737857819,0.0007112620514817536,0.004668411798775196
radial,45,0.24999999570556813,0.3240000009536743,0.0017999999690800905,310.04473876953125,0.011774697341024876,0.16829030215740204,0.0007107336423359811,0.004668311681598425
radial,45,0.31249998654756284,0.3240000009536743,0.0022499999031424522,310.0268859863281,0.011764105409383774,0.1682932823896408,0.0007100535440258682,0.004668184090405703
radial,45,0.3750000097271469,0.3240000009536743,0.0027000000700354576,310.0062561035156,0.011751478537917137,0.16829948127269745,0.0007092714076861739,0.004668118432164192
radial,45,0.43750000056914157,0.3240000009536743,0.0031500000040978193,309.98358154296875,0.011737015098333359,0.16831135749816895,0.0007084193057380617,0.004668194800615311
radial,45,0.49999999141113627,0.3240000009536743,0.003599999938160181,309.9573669433594,0.01172031369060278,0.16832582652568817,0.0007074372842907906,0.004668302834033966
radial,45,0.5347222193247743,0.3240000009536743,0.0038499999791383743,309.94091796875,0.011709957383573055,0.16833379864692688,0.0007068180129863322,0.0046683382242918015
radial,45,0.5752314528864291,0.3240000009536743,0.0041416664607822895,309.9200439453125,0.011696923524141312,0.16834311187267303,0.0007060315110720694,0.004668358713388443
radial,45,0.6157407511232628,0.3240000009536743,0.004433333408087492,309.89739990234375,0.011682870797812939,0.16835245490074158,0.0007051765569485724,0.004668358713388443
radial,45,0.6562499846849177,0.3240000009536743,0.004724999889731407,309.87298583984375,0.011667811311781406,0.16836188733577728,0.0007042543729767203,0.004668339621275663
radial,45,0.6967592829217514,0.3240000009536743,0.00501666683703661,309.849365234375,0.011652570217847824,0.1683705449104309,0.000703369383700192,0.00466832285746932
radial,45,0.7372685164834063,0.3240000009536743,0.005308333318680525,309.826904296875,0.011637208983302116,0.1683836281299591,0.0007025373633950949,0.004668453708291054
radial,45,0.7777777500450611,0.3240000009536743,0.00559999980032444,309.8052062988281,0.011621600948274136,0.1684044450521469,0.0007017453317530453,0.004668817389756441
radial,45,30.000000778171753,0.3240000009536743,0.2160000056028366,292.77874755859375,0.00010610846220515668,0.19634003937244415,1.1025545973097906e-05,0.005196436308324337
radial,45,29.38888967037201,0.3240000009536743,0.21160000562667847,292.9808654785156,0.00028322896105237305,0.19424082338809967,1.8407761672278866e-05,0.005143117159605026
radial,45,28.77777856257227,0.3240000009536743,0.20720000565052032,292.98077392578125,0.0002833173202816397,0.19424474239349365,1.8412833014735952e-05,0.005143225193023682
radial,45,28.166667454772526,0.3240000009536743,0.20280000567436218,292.9804382324219,0.00028345570899546146,0.19425401091575623,1.842011079133954e-05,0.005143475253134966
radial,45,27.555556346972786,0.3240000009536743,0.19840000569820404,292.9798278808594,0.0002836466592270881,0.19426876306533813,1.8429793271934614e-05,0.005143872927874327
radial,45,26.944445239173042,0.3240000009536743,0.1940000057220459,292.97900390625,0.00028389430372044444,0.1942887157201767,1.844222060753964e-05,0.0051444112323224545
radial,45,26.3333341313733,0.3240000009536743,0.18960000574588776,292.9779968261719,0.00028420050512067974,0.1943139135837555,1.8457536498317495e-05,0.005145090166479349
radial,45,25.72222302357356,0.3240000009536743,0.18520000576972961,292.97674560546875,0.0002845674753189087,0.1943444460630417,1.847591011028271e-05,0.005145912058651447
radial,45,25.111111915773815,0.3240000009536743,0.18080000579357147,292.9753112792969,0.0002849978336598724,0.19438035786151886,1.8497545170248486e-05,0.0051468792371451855
radial,45,24.500000807974075,0.3240000009536743,0.17640000581741333,292.97369384765625,0.00028549483977258205,0.1944216787815094,1.8522710888646543e-05,0.005147993098944426
radial,45,23.88888970017433,0.3240000009536743,0.1720000058412552,292.9718017578125,0.00028606262640096247,0.1944683939218521,1.855176014942117e-05,0.005149251781404018
radial,45,23.27777859237459,0.3240000009536743,0.16760000586509705,292.9697265625,0.00028670617030002177,0.19452041387557983,1.8585122234071605e-05,0.005150654353201389
radial,45,22.666667484574848,0.3240000009536743,0.1632000058889389,292.9674987792969,0.00028743146685883403,0.19457775354385376,1.8623282812768593e-05,0.005152200348675251
radial,45,22.055556376775108,0.3240000009536743,0.15880000591278076,292.96502685546875,0.0002882451517507434,0.1946403980255127,1.866680759121664e-05,0.005153891630470753
radial,45,21.444445268975365,0.3240000009536743,0.15440000593662262,292.96246337890625,0.0002891546464525163,0.19470834732055664,1.8716318663791753e-05,0.00515572726726532
radial,45,20.83333416117562,0.3240000009536743,0.15000000596046448,292.959716796875,0.000290167547063902,0.1947815865278244,1.8772454495774582e-05,0.00515770772472024
radial,45,20.22222305337588,0.3240000009536743,0.14560000598430634,292.95684814453125,0.0002912922063842416,0.19486004114151,1.8835899027180858e-05,0.005159831140190363
radial,45,19.611111945576138,0.3240000009536743,0.1412000060081482,292.95391845703125,0.0002925377630162984,0.1949435919523239,1.8907403500634246e-05,0.005162094719707966
radial,45,19.000000837776398,0.3240000009536743,0.13680000603199005,292.9508361816406,0.0002939149853773415,0.1950320154428482,1.898780647024978e-05,0.005164493806660175
radial,45,18.388889729976654,0.3240000009536743,0.1324000060558319,292.94775390625,0.000295436242595315,0.19512498378753662,1.9078055629506707e-05,0.005167018622159958
radial,45,17.777778622176914,0.3240000009536743,0.12800000607967377,292.9446716308594,0.00029711631941609085,0.19522202014923096,1.9179227820131928e-05,0.0051696584559977055
radial,45,17.16666647957431,0.3240000009536743,0.12359999865293503,292.941650390625,0.0002989725908264518,0.19532251358032227,1.929251811816357e-05,0.005172396544367075
radial,45,16.555555371774567,0.3240000009536743,0.11919999867677689,292.9387512207031,0.0003010262153111398,0.19542571902275085,1.9419301679590717e-05,0.005175214260816574
radial,45,15.944444263974827,0.3240000009536743,0.11479999870061874,292.9360656738281,0.0003033032699022442,0.19553077220916748,1.956120104296133e-05,0.005178088787943125
radial,45,15.333332121372223,0.3240000009536743,0.11039999127388,292.93365478515625,0.0003058367292396724,0.195636585354805,1.972021891560871e-05,0.005180991720408201
radial,45,14.722222048375341,0.3240000009536743,0.10599999874830246,292.9316711425781,0.00030867784516885877,0.1957421600818634,1.989948214031756e-05,0.005183897912502289
radial,45,14.1111109405756,0.3240000009536743,0.10159999877214432,292.9302673339844,0.00031194338225759566,0.19584694504737854,2.010663774854038e-05,0.005186795722693205
radial,45,13.499999832775858,0.3240000009536743,0.09719999879598618,292.92962646484375,0.00031580927316099405,0.19595065712928772,2.0353149011498317e-05,0.0051896823570132256
radial,45,12.888887690173256,0.3240000009536743,0.09279999136924744,292.9300231933594,0.00032045101397670805,0.1960521936416626,2.0649969883379526e-05,0.005192531738430262
radial,45,12.277777617176374,0.3240000009536743,0.08839999884366989,292.9317932128906,0.00032607436878606677,0.19614943861961365,2.1009771444369107e-05,0.005195292178541422
radial,45,11.666666509376633,0.3240000009536743,0.08399999886751175,292.9353942871094,0.00033298408379778266,0.1962396651506424,2.145158032362815e-05,0.005197898484766483
radial,45,11.05555540157689,0.3240000009536743,0.07959999889135361,292.9414978027344,0.0003416624094825238,0.1963193118572235,2.200594826717861e-05,0.005200265906751156
radial,45,10.44444532858001,0.3240000009536743,0.07520000636577606,292.9513244628906,0.00035295920679345727,0.1963832825422287,2.272724304930307e-05,0.005202281288802624
radial,45,9.833333185977406,0.3240000009536743,0.07079999893903732,292.9671936035156,0.00036857021041214466,0.19642327725887299,2.372434755670838e-05,0.005203764885663986
radial,45,9.222222078177664,0.3240000009536743,0.06639999896287918,292.9945068359375,0.000392253597965464,0.1964227557182312,2.52386525971815e-05,0.005204368848353624
radial,45,8.611110970377922,0.3240000009536743,0.06199999898672104,293.0458984375,0.00043289762106724083,0.19634465873241425,2.783870331768412e-05,0.005203317850828171
radial,45,7.99999986257818,0.3240000009536743,0.0575999990105629,293.15185546875,0.0005116222891956568,0.19610601663589478,3.286687206127681e-05,0.005198887083679438
radial,45,7.3888887547784385,0.3240000009536743,0.053199999034404755,293.3769836425781,0.0006720488891005516,0.19554834067821503,4.307553172111511e-05,0.00518781179562211
radial,45,6.777777646978697,0.3240000009536743,0.04879999905824661,293.8299560546875,0.0009856552351266146,0.19444023072719574,6.29311689408496e-05,0.005165411625057459
radial,45,6.166666539178954,0.3240000009536743,0.04439999908208847,294.6585388183594,0.0015471229562535882,0.19253042340278625,9.826925816014409e-05,0.005126821808516979
radial,45,5.555555431379212,0.3240000009536743,0.03999999910593033,296.00885009765625,0.002448823070153594,0.18962480127811432,0.00015466188779100776,0.005068515427410603
radial,45,5.392156955268648,0.3240000009536743,0.038823530077934265,296.47430419921875,0.002758206333965063,0.18866321444511414,0.00017393629241269082,0.005049335304647684
radial,45,5.228757961756654,0.3240000009536743,0.0376470573246479,296.9638977050781,0.0030834681820124388,0.18767240643501282,0.00019415465067140758,0.0050296420231461525
radial,45,5.065359485646089,0.3240000009536743,0.03647058829665184,297.4647216796875,0.003415660234168172,0.186677023768425,0.00021475498215295374,0.00500990217551589
radial,45,4.901961009535524,0.3240000009536743,0.03529411926865578,297.99603271484375,0.003767645452171564,0.18563991785049438,0.0002365289838053286,0.004989383742213249
radial,45,4.73856201602353,0.3240000009536743,0.034117646515369415,298.560302734375,0.004141097888350487,0.18455864489078522,0.0002595716214273125,0.004968046676367521
radial,45,4.575163539912966,0.3240000009536743,0.03294117748737335,299.1526794433594,0.004532819613814354,0.18344531953334808,0.00028367602499201894,0.004946138244122267
radial,45,4.411764546400971,0.3240000009536743,0.03176470473408699,299.7670593261719,0.004938852973282337,0.18231414258480072,0.00030858939862810075,0.004923949483782053
radial,45,4.248366070290406,0.3240000009536743,0.030588235706090927,300.39752197265625,0.005355321802198887,0.181179016828537,0.0003340652910992503,0.004901767708361149
radial,45,4.084967335479127,0.3240000009536743,0.029411764815449715,301.03826904296875,0.005778452847152948,0.18005341291427612,0.0003598654002416879,0.004879871383309364
radial,45,3.9215686006678476,0.3240000009536743,0.028235293924808502,301.6838073730469,0.006204612087458372,0.1789499968290329,0.00038576198858208954,0.004858524072915316
radial,45,3.7581698658565683,0.3240000009536743,0.02705882303416729,302.3288269042969,0.006630379240959883,0.17788030207157135,0.00041154271457344294,0.004837965592741966
radial,45,3.5947711310452886,0.3240000009536743,0.025882352143526077,302.968505859375,0.007052584085613489,0.17685437202453613,0.0004370128735899925,0.004818405490368605
radial,45,3.4313726549347243,0.3240000009536743,0.024705883115530014,303.59844970703125,0.007468370255082846,0.1758805364370346,0.000461999443359673,0.004800013266503811
radial,45,3.2679739201234446,0.3240000009536743,0.0235294122248888,304.215087890625,0.007875336334109306,0.17496486008167267,0.0004863589128945023,0.004782913252711296
radial,45,3.1045751853121653,0.3240000009536743,0.02235294133424759,304.8153076171875,0.008271480910480022,0.1741112470626831,0.000509974081069231,0.00476717809215188
radial,45,2.941176450500886,0.3240000009536743,0.021176470443606377,305.39337158203125,0.00865315180271864,0.17332550883293152,0.0005326312966644764,0.004752907902002335
radial,45,2.777777715689606,0.3240000009536743,0.019999999552965164,305.9472961425781,0.00901893712580204,0.17260731756687164,0.000554251077119261,0.0047400761395692825
radial,45,2.6984127341873116,0.3240000009536743,0.019428571686148643,306.208251953125,0.009191366843879223,0.17228245735168457,0.0005644065095111728,0.004734362009912729
radial,45,2.619047493984302,0.3240000009536743,0.018857141956686974,306.4624328613281,0.009359504096210003,0.17197516560554504,0.0005742853390984237,0.004729022737592459
radial,45,2.5396825124820075,0.3240000009536743,0.018285714089870453,306.70880126953125,0.009522578679025173,0.17168498039245605,0.0005838437937200069,0.00472403597086668
radial,45,2.460317530979713,0.3240000009536743,0.017714286223053932,306.94757080078125,0.00968069676309824,0.17141100764274597,0.000593088916502893,0.004719379357993603
radial,45,2.3809522907767033,0.3240000009536743,0.017142856493592262,307.1784362792969,0.009833747521042824,0.17115268111228943,0.0006020147120580077,0.00471503846347332
radial,45,2.301587309274409,0.3240000009536743,0.01657142862677574,307.401123046875,0.00998151395469904,0.17090961337089539,0.0006106090731918812,0.004711000248789787
radial,45,2.2222223277721143,0.3240000009536743,0.01600000075995922,307.615234375,0.010123762302100658,0.17068138718605042,0.0006188586121425033,0.004707248881459236
radial,45,2.142857087569104,0.3240000009536743,0.015428571030497551,307.8204345703125,0.010260269045829773,0.17046749591827393,0.0006267510470934212,0.00470376992598176
radial,45,2.0634921060668097,0.3240000009536743,0.01485714316368103,308.01641845703125,0.010390829294919968,0.17026741802692413,0.0006342746200971305,0.004700544755905867
radial,45,1.9841268658638,0.3240000009536743,0.01428571343421936,308.2027893066406,0.010515248402953148,0.17008055746555328,0.0006414186209440231,0.004697558004409075
radial,45,1.9047618843615055,0.3240000009536743,0.01371428556740284,308.3793029785156,0.010633347555994987,0.169906347990036,0.0006481728050857782,0.004694790113717318
radial,45,1.825396902859211,0.3240000009536743,0.013142857700586319,308.5457458496094,0.010744963772594929,0.16974417865276337,0.0006545281503349543,0.004692222457379103
radial,45,1.7460316626562014,0.3240000009536743,0.012571427971124649,308.7016906738281,0.010849899612367153,0.1695934534072876,0.0006604737718589604,0.0046898378059268
radial,45,1.6666666811539068,0.3240000009536743,0.012000000104308128,308.8471984863281,0.010948136448860168,0.16945341229438782,0.0006660085637122393,0.004687615670263767
radial,45,1.627314809916748,0.3240000009536743,0.011716666631400585,308.9154357910156,0.01099434681236744,0.16938796639442444,0.0006685999687761068,0.004686576314270496
radial,45,1.5879629386795893,0.3240000009536743,0.011433333158493042,308.98126220703125,0.011039012111723423,0.16932502388954163,0.0006710963207297027,0.00468557421118021
radial,45,1.5486110674424305,0.3240000009536743,0.011149999685585499,309.04473876953125,0.011082223616540432,0.16926412284374237,0.0006735024508088827,0.0046845986507833
radial,45,1.5092591962052717,0.3240000009536743,0.010866666212677956,309.10577392578125,0.01112387515604496,0.16920527815818787,0.0006758125382475555,0.004683651030063629
radial,45,1.4699074543184705,0.3240000009536743,0.010583333671092987,309.16436767578125,0.011163950897753239,0.1691484898328781,0.0006780258263461292,0.0046827285550534725
radial,45,1.4305555830813117,0.3240000009536743,0.010300000198185444,309.220458984375,0.011202453635632992,0.16909362375736237,0.0006801424315199256,0.004681828897446394
radial,45,1.391203711844153,0.3240000009536743,0.0100166667252779,309.2740783691406,0.011239389888942242,0.16904062032699585,0.0006821625283919275,0.004680950660258532
radial,45,1.3518518406069941,0.3240000009536743,0.009733333252370358,309.3252258300781,0.011274770833551884,0.1689893752336502,0.0006840869900770485,0.0046800910495221615
radial,45,1.3124999693698354,0.3240000009536743,0.009449999779462814,309.37396240234375,0.011308575049042702,0.16893984377384186,0.0006859144777990878,0.0046792482025921345
radial,45,1.2638889408359926,0.3240000009536743,0.009100000374019146,309.4306335449219,0.011348155327141285,0.168880894780159,0.0006880383007228374,0.004678227473050356
radial,45,1.2233796425991588,0.3240000009536743,0.008808333426713943,309.47503662109375,0.01137931551784277,0.16883358359336853,0.0006896959966979921,0.004677392542362213
radial,45,1.1828703443623252,0.3240000009536743,0.008516666479408741,309.516845703125,0.011408819817006588,0.168787881731987,0.00069125194568187,0.004676570184528828
radial,45,1.1423611754758491,0.3240000009536743,0.008225000463426113,309.5560302734375,0.011436677537858486,0.16874368488788605,0.0006927070789970458,0.004675758071243763
radial,45,1.1018518772390153,0.3240000009536743,0.00793333351612091,309.5926513671875,0.011462879367172718,0.1687009632587433,0.0006940606399439275,0.004674955736845732
radial,45,1.0613425790021818,0.3240000009536743,0.007641666568815708,309.6267395019531,0.01148747093975544,0.16865958273410797,0.0006953151314519346,0.004674160853028297
radial,45,1.0208333454405267,0.3240000009536743,0.007350000087171793,309.658447265625,0.01151055283844471,0.1686192750930786,0.0006964757922105491,0.004673365969210863
radial,45,0.9803240472036931,0.3240000009536743,0.0070583331398665905,309.6878356933594,0.011532220058143139,0.1685798168182373,0.0006975470460020006,0.004672566428780556
radial,45,0.9398148136420382,0.3240000009536743,0.006766666658222675,309.7151184082031,0.011552550829946995,0.16854184865951538,0.0006985344225540757,0.004671782720834017
radial,45,0.8993055800803834,0.3240000009536743,0.00647500017657876,309.740478515625,0.011571630835533142,0.1685054749250412,0.0006994469440542161,0.004671019967645407
radial,45,0.8587962818435497,0.3240000009536743,0.006183333229273558,309.7638854980469,0.011589442379772663,0.16846971213817596,0.0007002808852121234,0.0046702497638762
radial,45,0.8182870482818948,0.3240000009536743,0.0058916667476296425,309.7850036621094,0.011605952866375446,0.1684340089559555,0.0007010267581790686,0.0046694534830749035
radial,45,0.7777777500450611,0.3240000009536743,0.00559999980032444,309.80517578125,0.011621600948274136,0.1684044450521469,0.0007017453317530453,0.004668817389756441
radial,60,30.000000778171753,0.4320000112056732,0.2160000056028366,293.798828125,0.00024127803044393659,0.17683275043964386,2.3286927898880094e-05,0.004689368419349194
radial,60,29.38888967037201,0.4320000112056732,0.21160000562667847,293.37799072265625,0.0003361504932399839,0.18722040951251984,2.3103923012968153e-05,0.004960786551237106
radial,60,28.77777856257227,0.4320000112056732,0.20720000565052032,293.3779602050781,0.00033625465584918857,0.1872258484363556,2.3111500922823325e-05,0.00496093463152647
radial,60,28.166667454772526,0.4320000112056732,0.20280000567436218,293.3778991699219,0.0003364600706845522,0.18723434209823608,2.3127522581489757e-05,0.004961168393492699
radial,60,27.555556346972786,0.4320000112056732,0.19840000569820404,293.3780517578125,0.0003368301840964705,0.18724428117275238,2.3157568648457527e-05,0.0049614496529102325
radial,60,26.944445239173042,0.4320000112056732,0.1940000057220459,293.37835693359375,0.00033736813929863274,0.1872553825378418,2.3201824660645798e-05,0.0049617700278759
radial,60,26.3333341313733,0.4320000112056732,0.18960000574588776,293.3788757324219,0.0003380737325642258,0.187267005443573,2.3260156012838706e-05,0.004962112754583359
radial,60,25.72222302357356,0.4320000112056732,0.18520000576972961,293.3796691894531,0.0003389527555555105,0.18727928400039673,2.333304291823879e-05,0.004962482955306768
radial,60,25.111111915773815,0.4320000112056732,0.18080000579357147,293.3806457519531,0.00034001102903857827,0.18729226291179657,2.3420932848239318e-05,0.004962879233062267
radial,60,24.500000807974075,0.4320000112056732,0.17640000581741333,293.38189697265625,0.00034125716774724424,0.18730585277080536,2.352451701881364e-05,0.004963302053511143
radial,60,23.88888970017433,0.4320000112056732,0.1720000058412552,293.3833923339844,0.000342702551279217,0.18731999397277832,2.36446903727483e-05,0.004963749088346958
radial,60,23.27777859237459,0.4320000112056732,0.16760000586509705,293.3852233886719,0.0003443608875386417,0.1873345971107483,2.3782527932780795e-05,0.004964218009263277
radial,60,22.666667484574848,0.4320000112056732,0.1632000058889389,293.3873291015625,0.0003462474560365081,0.18734952807426453,2.3939224774949253e-05,0.00496470695361495
radial,60,22.055556376775108,0.4320000112056732,0.15880000591278076,293.38983154296875,0.0003483800683170557,0.18736466765403748,2.411611785646528e-05,0.004965213127434254
radial,60,21.444445268975365,0.4320000112056732,0.15440000593662262,293.3927001953125,0.0003507809014990926,0.1873798966407776,2.4314853362739086e-05,0.004965733736753464
radial,60,20.83333416117562,0.4320000112056732,0.15000000596046448,293.39605712890625,0.0003534778661560267,0.18739503622055054,2.4537454009987414e-05,0.004966265056282282
radial,60,20.22222305337588,0.4320000112056732,0.14560000598430634,293.3998718261719,0.00035650405334308743,0.18740980327129364,2.478628266544547e-05,0.0049668001011013985
radial,60,19.611111945576138,0.4320000112056732,0.1412000060081482,293.4042663574219,0.00035989785101264715,0.18742379546165466,2.506401142454706e-05,0.004967330489307642
radial,60,19.000000837776398,0.4320000112056732,0.13680000603199005,293.4093017578125,0.0003637054469436407,0.1874365508556366,2.537381078582257e-05,0.004967844113707542
radial,60,18.388889729976654,0.4320000112056732,0.1324000060558319,293.4151306152344,0.0003679864457808435,0.1874474287033081,2.5719753466546535e-05,0.004968325607478619
radial,60,17.777778622176914,0.4320000112056732,0.12800000607967377,293.421875,0.0003728170704562217,0.18745553493499756,2.610699630167801e-05,0.004968754947185516
radial,60,17.16666751437717,0.4320000112056732,0.12360000610351562,293.4296875,0.0003782925195991993,0.18745961785316467,2.654192940099165e-05,0.004969099070876837
radial,60,16.555555371774567,0.4320000112056732,0.11919999867677689,293.4388732910156,0.00038453354500234127,0.187457874417305,2.7032674552174285e-05,0.00496931467205286
radial,60,15.944444263974827,0.4320000112056732,0.11479999870061874,293.4496765136719,0.0003916991990990937,0.18744796514511108,2.7590012905420735e-05,0.004969344008713961
radial,60,15.333333156175083,0.4320000112056732,0.1103999987244606,293.4625549316406,0.0004000072367489338,0.1874271184206009,2.8228809242136776e-05,0.004969120491296053
radial,60,14.722221013572481,0.4320000112056732,0.10599999129772186,293.4781494140625,0.00040976941818371415,0.1873914748430252,2.8970534913241863e-05,0.004968549124896526
radial,60,14.1111109405756,0.4320000112056732,0.10159999877214432,293.49737548828125,0.00042143469909206033,0.18733470141887665,2.984632010338828e-05,0.004967476241290569
radial,60,13.499999832775858,0.4320000112056732,0.09719999879598618,293.52154541015625,0.0004356412391643971,0.18724757432937622,3.090054087806493e-05,0.004965675994753838
radial,60,12.888888724976116,0.4320000112056732,0.09279999881982803,293.5526428222656,0.0004533277824521065,0.18711724877357483,3.2198608096223325e-05,0.004962834529578686
radial,60,12.277777617176374,0.4320000112056732,0.08839999884366989,293.59368896484375,0.0004759161965921521,0.18692462146282196,3.383973671589047e-05,0.004958487115800381
radial,60,11.666666509376633,0.4320000112056732,0.08399999886751175,293.649169921875,0.0005055779474787414,0.18664130568504333,3.597516115405597e-05,0.004951943177729845
radial,60,11.05555540157689,0.4320000112056732,0.07959999889135361,293.72607421875,0.0005456322687678039,0.18622586131095886,3.883515819325112e-05,0.004942198283970356
radial,60,10.444444293777147,0.4320000112056732,0.07519999891519547,293.8348388671875,0.0006011690711602569,0.18561884760856628,4.2771120206452906e-05,0.004927816800773144
radial,60,9.833333185977406,0.4320000112056732,0.07079999893903732,293.9910583496094,0.0006798995309509337,0.18473830819129944,4.831173282582313e-05,0.004906831309199333
radial,60,9.222222078177664,0.4320000112056732,0.06639999896287918,294.216796875,0.0007929998682811856,0.18347987532615662,5.621588206849992e-05,0.004876762628555298
radial,60,8.611110970377922,0.4320000112056732,0.06199999898672104,294.54034423828125,0.0009553197887726128,0.1817290484905243,6.747829320374876e-05,0.004834937863051891
radial,60,7.99999986257818,0.4320000112056732,0.0575999990105629,294.99224853515625,0.0011837217025458813,0.17939609289169312,8.320300548803061e-05,0.004779353737831116
radial,60,7.3888887547784385,0.4320000112056732,0.053199999034404755,295.5951843261719,0.0014924125280231237,0.1764766275882721,0.0001042700678226538,0.0047101471573114395
radial,60,6.777777646978697,0.4320000112056732,0.04879999905824661,296.35272216796875,0.0018871112260967493,0.17310750484466553,0.0001309304789174348,0.0046309190802276134
radial,60,6.166666539178954,0.4320000112056732,0.04439999908208847,297.2413024902344,0.002360258949920535,0.1695757508277893,0.00016249512555077672,0.004548884928226471
radial,60,5.555555431379212,0.4320000112056732,0.03999999910593033,298.2439270019531,0.002906498033553362,0.1661267727613449,0.0001984166301554069,0.004470210522413254
radial,60,5.392156955268648,0.4320000112056732,0.038823530077934265,298.52960205078125,0.003064447082579136,0.16524139046669006,0.00020870543085038662,0.004450310952961445
radial,60,5.228757961756654,0.4320000112056732,0.0376470573246479,298.807861328125,0.003219449892640114,0.16442415118217468,0.00021875454694963992,0.004432095214724541
radial,60,5.065359485646089,0.4320000112056732,0.03647058829665184,299.0733642578125,0.003368278732523322,0.16368991136550903,0.00022835747222416103,0.004415891133248806
radial,60,4.901961009535524,0.4320000112056732,0.03529411926865578,299.3352355957031,0.0035159774124622345,0.1630101203918457,0.0002378422359470278,0.004401054233312607
radial,60,4.73856201602353,0.4320000112056732,0.034117646515369415,299.5966796875,0.003664253745228052,0.16237503290176392,0.0002473194326739758,0.004387366585433483
radial,60,4.575163539912966,0.4320000112056732,0.03294117748737335,299.85736083984375,0.003812827169895172,0.1617843210697174,0.00025677168741822243,0.004374814685434103
radial,60,4.411764546400971,0.4320000112056732,0.03176470473408699,300.11639404296875,0.003961155191063881,0.1612381637096405,0.000266165443463251,0.0043633924797177315
radial,60,4.248366070290406,0.4320000112056732,0.030588235706090927,300.3730773925781,0.00410876702517271,0.16073578596115112,0.0002754724118858576,0.004353073425590992
radial,60,4.084967335479127,0.4320000112056732,0.029411764815449715,300.62677001953125,0.004255190491676331,0.1602759063243866,0.0002846646821126342,0.004343816544860601
radial,60,3.9215686006678476,0.4320000112056732,0.028235293924808502,300.8767395019531,0.004399953410029411,0.1598568856716156,0.0002937149256467819,0.004335572011768818
radial,60,3.7581698658565683,0.4320000112056732,0.02705882303416729,301.12225341796875,0.0045425789430737495,0.15947675704956055,0.00030259581399150193,0.004328281618654728
radial,60,3.5947711310452886,0.4320000112056732,0.025882352143526077,301.362548828125,0.0046825166791677475,0.15913352370262146,0.00031127591500990093,0.004321885295212269
radial,60,3.4313726549347243,0.4320000112056732,0.024705883115530014,301.5966491699219,0.004819163586944342,0.1588251143693924,0.00031972088618204,0.004316318780183792
radial,60,3.2679739201234446,0.4320000112056732,0.0235294122248888,301.82366943359375,0.004951965995132923,0.1585492193698883,0.00032789958640933037,0.0043115159496665
radial,60,3.1045751853121653,0.4320000112056732,0.02235294133424759,302.042724609375,0.005080345086753368,0.15830358862876892,0.0003357797977514565,0.004307407885789871
radial,60,2.941176450500886,0.4320000112056732,0.021176470443606377,302.2526550292969,0.005203581415116787,0.1580861210823059,0.0003433207457419485,0.004303929395973682
radial,60,2.777777715689606,0.4320000112056732,0.019999999552965164,302.45294189453125,0.00532133923843503,0.15789389610290527,0.0003505054337438196,0.004301000386476517
radial,60,2.6984127341873116,0.4320000112056732,0.019428571686148643,302.5466613769531,0.0053764753974974155,0.1578090786933899,0.0003538629098329693,0.004299761261790991
radial,60,2.619047493984302,0.4320000112056732,0.018857141956686974,302.6376647949219,0.005430043209344149,0.157729834318161,0.00035712128737941384,0.004298638552427292
radial,60,2.5396825124820075,0.4320000112056732,0.018285714089870453,302.72576904296875,0.005481929052621126,0.15765585005283356,0.00036027372698299587,0.004297621548175812
radial,60,2.460317530979713,0.4320000112056732,0.017714286223053932,302.81103515625,0.005532186012715101,0.15758675336837769,0.00036332380841486156,0.004296701401472092
radial,60,2.3809522907767033,0.4320000112056732,0.017142856493592262,302.8935852050781,0.00558085460215807,0.15752220153808594,0.0003662743547465652,0.004295870661735535
radial,60,2.301587309274409,0.4320000112056732,0.01657142862677574,302.9732360839844,0.005627848207950592,0.15746204555034637,0.00036912044743075967,0.004295123275369406
radial,60,2.2222223277721143,0.4320000112056732,0.01600000075995922,303.0499267578125,0.005673125386238098,0.1574060320854187,0.00037185981636866927,0.00429445318877697
radial,60,2.142857087569104,0.4320000112056732,0.015428571030497551,303.1236877441406,0.0057166749611496925,0.1573539674282074,0.00037449225783348083,0.0042938548140227795
radial,60,2.0634921060668097,0.4320000112056732,0.01485714316368103,303.19439697265625,0.005758456885814667,0.15730564296245575,0.00037701550172641873,0.004293322097510099
radial,60,1.9841269952141576,0.4320000112056732,0.014285714365541935,303.26202392578125,0.005798438563942909,0.15726087987422943,0.00037942794733680785,0.004292849916964769
radial,60,1.9047618843615055,0.4320000112056732,0.01371428556740284,303.3266296386719,0.005836647003889084,0.15721945464611053,0.00038173142820596695,0.004292432684451342
radial,60,1.825396902859211,0.4320000112056732,0.013142857700586319,303.3881530761719,0.005873057991266251,0.15718117356300354,0.00038392480928450823,0.0042920662090182304
radial,60,1.746031792006559,0.4320000112056732,0.012571428902447224,303.4464111328125,0.005907570477575064,0.15714597702026367,0.00038600218249484897,0.004291745368391275
radial,60,1.6666666811539068,0.4320000112056732,0.012000000104308128,303.50164794921875,0.005940309725701809,0.15711356699466705,0.0003879714058712125,0.004291466437280178
radial,60,1.627314809916748,0.4320000112056732,0.011716666631400585,303.528076171875,0.005955958738923073,0.1570984125137329,0.0003889123327098787,0.00429134164005518
radial,60,1.5879629386795893,0.4320000112056732,0.011433333158493042,303.55377197265625,0.005971177015453577,0.1570838987827301,0.00038982724072411656,0.004291226156055927
radial,60,1.5486110674424305,0.4320000112056732,0.011149999685585499,303.57861328125,0.005985932424664497,0.15706998109817505,0.00039071409264579415,0.0042911190539598465
radial,60,1.5092591962052717,0.4320000112056732,0.010866666212677956,303.6028747558594,0.006000291556119919,0.15705665946006775,0.0003915769048035145,0.004291018936783075
radial,60,1.4699074543184705,0.4320000112056732,0.010583333671092987,303.62640380859375,0.0060142697766423225,0.15704384446144104,0.00039241660851985216,0.004290926270186901
radial,60,1.4305555830813117,0.4320000112056732,0.010300000198185444,303.6492919921875,0.006027824245393276,0.1570315808057785,0.00039323061355389655,0.0042908405885100365
radial,60,1.391203711844153,0.4320000112056732,0.0100166667252779,303.6714172363281,0.006040968932211399,0.15701985359191895,0.0003940198221243918,0.004290761426091194
radial,60,1.3518518406069941,0.4320000112056732,0.009733333252370358,303.69293212890625,0.006053735502064228,0.15700861811637878,0.0003947861259803176,0.004290688782930374
radial,60,1.3124999693698354,0.4320000112056732,0.009449999779462814,303.71368408203125,0.006066071800887585,0.1569978892803192,0.000395526469219476,0.004290621727705002
radial,60,1.2638889408359926,0.4320000112056732,0.009100000374019146,303.73828125,0.006080677267163992,0.15698538720607758,0.0003964026691392064,0.004290547221899033
radial,60,1.2233796425991588,0.4320000112056732,0.008808333426713943,303.7579650878906,0.006092372350394726,0.15697550773620605,0.0003971041296608746,0.004290491808205843
radial,60,1.1828703443623252,0.4320000112056732,0.008516666479408741,303.77691650390625,0.00610364880412817,0.15696613490581512,0.00039778032805770636,0.004290441051125526
radial,60,1.1423611754758491,0.4320000112056732,0.008225000463426113,303.795166015625,0.0061144838109612465,0.15695720911026,0.0003984299546573311,0.00429039541631937
radial,60,1.1018518772390153,0.4320000112056732,0.00793333351612091,303.8126525878906,0.006124901585280895,0.1569487601518631,0.0003990544064436108,0.0042903539724648
radial,60,1.0613425790021818,0.4320000112056732,0.007641666568815708,303.82952880859375,0.0061349328607320786,0.15694069862365723,0.000399655633373186,0.004290316719561815
radial,60,1.0208334101157057,0.4320000112056732,0.00735000055283308,303.8457336425781,0.0061445836909115314,0.1569330245256424,0.00040023395558819175,0.004290282726287842
radial,60,0.9803239825285144,0.4320000112056732,0.007058332674205303,303.861328125,0.006153853144496679,0.1569257229566574,0.00040078931488096714,0.0042902519926428795
radial,60,0.9398148136420382,0.4320000112056732,0.006766666658222675,303.8762512207031,0.0061627402901649475,0.15691879391670227,0.0004013216821476817,0.004290223587304354
radial,60,0.8993055800803834,0.4320000112056732,0.00647500017657876,303.8905334472656,0.006171246059238911,0.1569122076034546,0.0004018311738036573,0.004290197975933552
radial,60,0.8587962818435497,0.4320000112056732,0.006183333229273558,303.9041748046875,0.0061793699860572815,0.15690596401691437,0.0004023177025374025,0.004290175624191761
radial,60,0.8182870482818948,0.4320000112056732,0.0058916667476296425,303.91717529296875,0.00618711207062006,0.1569000780582428,0.00040278135566040874,0.0042901551350951195
radial,60,0.7777777500450611,0.4320000112056732,0.00559999980032444,303.9295349121094,0.006194474175572395,0.1568945348262787,0.0004032221622765064,0.004290136508643627
radial,60,0.7372685164834063,0.4320000112056732,0.005308333318680525,303.9412536621094,0.006201456300914288,0.15688930451869965,0.0004036401223856956,0.004290120676159859
radial,60,0.6967592829217514,0.4320000112056732,0.00501666683703661,303.95233154296875,0.006208058446645737,0.15688440203666687,0.000404035352403298,0.004290105774998665
radial,60,0.6562499846849177,0.4320000112056732,0.004724999889731407,303.9627685546875,0.006214281544089317,0.15687981247901917,0.0004044078232254833,0.0042900932021439075
radial,60,0.6157407511232628,0.4320000112056732,0.004433333408087492,303.97259521484375,0.006220126058906317,0.15687550604343414,0.0004047576803714037,0.004290082026273012
radial,60,0.5752314528864291,0.4320000112056732,0.0041416664607822895,303.9817810058594,0.006225592456758022,0.15687152743339539,0.00040508483652956784,0.004290071781724691
radial,60,0.5347222193247743,0.4320000112056732,0.0038499999791383743,303.99029541015625,0.006230683997273445,0.1568678319454193,0.0004053895827382803,0.0042900629341602325
radial,60,0.49999999141113627,0.4320000112056732,0.003599999938160181,303.99713134765625,0.006234750151634216,0.15686489641666412,0.0004056329489685595,0.00429005641490221
radial,60,0.43750000056914157,0.4320000112056732,0.0031500000040978193,304.00823974609375,0.0062413704581558704,0.15686017274856567,0.00040602899389341474,0.004290046636015177
radial,60,0.3750000097271469,0.4320000112056732,0.0027000000700354576,304.017822265625,0.006247098557651043,0.15685608983039856,0.00040637142956256866,0.004290038254112005
radial,60,0.31249998654756284,0.4320000112056732,0.0022499999031424522,304.02593994140625,0.006251937244087458,0.15685267746448517,0.0004066606634296477,0.00429003220051527
radial,60,0.24999999570556813,0.4320000112056732,0.0017999999690800905,304.03253173828125,0.006255891174077988,0.15684989094734192,0.0004068968119099736,0.004290027543902397
radial,60,0.18750000486357346,0.4320000112056732,0.0013500000350177288,304.0376892089844,0.006258963607251644,0.1568477600812912,0.00040708028245717287,0.004290023818612099
radial,60,0.12499999785278407,0.4320000112056732,0.0008999999845400453,304.0413513183594,0.0062611582688987255,0.15684624016284943,0.0004072111623827368,0.0042900219559669495
radial,60,0.062499998926392034,0.4320000112056732,0.00044999999227002263,304.0435485839844,0.006262481212615967,0.1568453311920166,0.00040728988824412227,0.0042900205589830875
radial,60,0.0,0.4320000112056732,0.0,304.0442810058594,0.006262926384806633,0.15684503316879272,0.00040731634362600744,0.0042900205589830875
radial,75,30.000000778171753,0.5400000214576721,0.2160000056028366,296.5133361816406,0.0004950724542140961,0.12369213253259659,4.710238863481209e-05,0.0032995541114360094
radial,75,29.38888967037201,0.5400000214576721,0.21160000562667847,294.94146728515625,0.0004545568663161248,0.1573696881532669,3.6257442843634635e-05,0.004180748015642166
radial,75,28.777776492966545,0.5400000214576721,0.20719999074935913,294.94439697265625,0.0004551380407065153,0.1573360115289688,3.6306591937318444e-05,0.004179882816970348
radial,75,28.166667454772526,0.5400000214576721,0.20280000567436218,294.9495544433594,0.00045618758304044604,0.15727177262306213,3.639756323536858e-05,0.004178232979029417
radial,75,27.555556346972786,0.5400000214576721,0.19840000569820404,294.9566345214844,0.0004577762447297573,0.15718777477741241,3.6534067476168275e-05,0.004176083020865917
radial,75,26.944445239173042,0.5400000214576721,0.1940000057220459,294.9656982421875,0.0004599127278197557,0.15708321332931519,3.671683953143656e-05,0.004173412453383207
radial,75,26.3333341313733,0.5400000214576721,0.18960000574588776,294.9768981933594,0.0004626209265552461,0.15695489943027496,3.694793485919945e-05,0.004170138388872147
radial,75,25.72222302357356,0.5400000214576721,0.18520000576972961,294.9903869628906,0.00046592706348747015,0.1568014770746231,3.722929977811873e-05,0.004166225902736187
radial,75,25.111111915773815,0.5400000214576721,0.18080000579357147,295.0062255859375,0.0004698662960436195,0.15662169456481934,3.7563509977189824e-05,0.004161642398685217
radial,75,24.500000807974075,0.5400000214576721,0.17640000581741333,295.0246276855469,0.0004744827456306666,0.15641407668590546,3.7953763239784166e-05,0.004156351089477539
radial,75,23.88888970017433,0.5400000214576721,0.1720000058412552,295.04571533203125,0.00047983272816054523,0.15617698431015015,3.8404188671847805e-05,0.004150310531258583
radial,75,23.27777859237459,0.5400000214576721,0.16760000586509705,295.0697021484375,0.000485986442072317,0.15590834617614746,3.8919959479244426e-05,0.0041434671729803085
radial,75,22.666667484574848,0.5400000214576721,0.1632000058889389,295.0968933105469,0.0004930288996547461,0.15560567378997803,3.9507358451373875e-05,0.004135758616030216
radial,75,22.055556376775108,0.5400000214576721,0.15880000591278076,295.1275634765625,0.0005010601598769426,0.15526627004146576,4.017371611553244e-05,0.004127115476876497
radial,75,21.444447338581085,0.5400000214576721,0.1544000208377838,295.16204833984375,0.0005101961432956159,0.15488731861114502,4.092745075467974e-05,0.0041174693033099174
radial,75,20.83333416117562,0.5400000214576721,0.15000000596046448,295.2007141113281,0.0005205718334764242,0.15446613729000092,4.177826122031547e-05,0.00410675210878253
radial,75,20.22222305337588,0.5400000214576721,0.14560000598430634,295.2439880371094,0.000532343634404242,0.15399973094463348,4.2737359763123095e-05,0.004094889387488365
radial,75,19.611111945576138,0.5400000214576721,0.1412000060081482,295.2923278808594,0.0005456871585920453,0.15348492562770844,4.381726830615662e-05,0.0040818010456860065
radial,75,19.000000837776398,0.5400000214576721,0.13680000603199005,295.34619140625,0.0005607933853752911,0.1529184877872467,4.503144737100229e-05,0.004067409783601761
radial,75,18.388889729976654,0.5400000214576721,0.1324000060558319,295.4061584472656,0.0005778791382908821,0.1522972136735916,4.6395020035561174e-05,0.004051635507494211
radial,75,17.777778622176914,0.5400000214576721,0.12800000607967377,295.4727783203125,0.0005971828941255808,0.15161800384521484,4.7924469981808215e-05,0.004034402780234814
radial,75,17.16666544477145,0.5400000214576721,0.12359999120235443,295.54656982421875,0.000618955644313246,0.15087856352329254,4.963683750247583e-05,0.004015658050775528
radial,75,16.555555371774567,0.5400000214576721,0.11919999867677689,295.6281433105469,0.0006434745737351477,0.15007661283016205,5.155088729225099e-05,0.003995347768068314
radial,75,15.944444263974827,0.5400000214576721,0.11479999870061874,295.7181701660156,0.0006710347370244563,0.14920982718467712,5.3686420869780704e-05,0.003973417915403843
radial,75,15.333333156175083,0.5400000214576721,0.1103999987244606,295.8171691894531,0.0007019465556368232,0.14827723801136017,5.606384729617275e-05,0.003949851728975773
radial,75,14.722222048375341,0.5400000214576721,0.10599999874830246,295.9256896972656,0.0007365314522758126,0.1472797989845276,5.870374297956005e-05,0.003924680408090353
radial,75,14.1111109405756,0.5400000214576721,0.10159999877214432,296.0440979003906,0.0007750745862722397,0.14622052013874054,6.162349745864049e-05,0.0038979898672550917
radial,75,13.500000867578718,0.5400000214576721,0.09720000624656677,296.1725158691406,0.0008178317220881581,0.14510466158390045,6.483787728939205e-05,0.0038699230644851923
radial,75,12.888888724976116,0.5400000214576721,0.09279999881982803,296.3111877441406,0.0008650855161249638,0.14393949508666992,6.836305692559108e-05,0.0038406767416745424
radial,75,12.277777617176374,0.5400000214576721,0.08839999884366989,296.45989990234375,0.00091708725085482,0.14273704588413239,7.221194391604513e-05,0.0038105722051113844
radial,75,11.666666509376633,0.5400000214576721,0.08399999886751175,296.6181945800781,0.0009740349487401545,0.14151346683502197,7.639265095349401e-05,0.0037800362333655357
radial,75,11.05555540157689,0.5400000214576721,0.07959999889135361,296.7855529785156,0.0010360722662881017,0.1402851641178131,8.09090633993037e-05,0.0037494997959583998
radial,75,10.444443258974287,0.5400000214576721,0.07519999146461487,296.9604187011719,0.0011030207388103008,0.13907641172409058,8.574120147386566e-05,0.003719593398272991
radial,75,9.833333185977406,0.5400000214576721,0.07079999893903732,297.1407470703125,0.00117440614849329,0.1379164159297943,9.084792691282928e-05,0.0036910674534738064
radial,75,9.222222078177664,0.5400000214576721,0.06639999896287918,297.3245544433594,0.001249925815500319,0.13683125376701355,9.620079799788073e-05,0.0036645953077822924
radial,75,8.611110970377922,0.5400000214576721,0.06199999898672104,297.5105895996094,0.0013293351512402296,0.13584257662296295,0.00010177608783124015,0.0036407362204045057
radial,75,7.99999986257818,0.5400000214576721,0.0575999990105629,297.69671630859375,0.0014120439300313592,0.1349717676639557,0.00010752642265288159,0.003620031289756298
radial,75,7.3888887547784385,0.5400000214576721,0.053199999034404755,297.8796081542969,0.0014966616872698069,0.1342402696609497,0.00011335076851537451,0.0036030043847858906
radial,75,6.777777646978697,0.5400000214576721,0.04879999905824661,298.0567626953125,0.0015820597764104605,0.13365858793258667,0.00011916886433027685,0.0035898990463465452
radial,75,6.166666539178954,0.5400000214576721,0.04439999908208847,298.2262878417969,0.0016671884804964066,0.13322694599628448,0.0001249090419150889,0.0035806926898658276
radial,75,5.555555431379212,0.5400000214576721,0.03999999910593033,298.38592529296875,0.0017503418494015932,0.13293099403381348,0.0001304612378589809,0.003574962494894862
radial,75,5.392156955268648,0.5400000214576721,0.038823530077934265,298.4271240234375,0.0017721126787364483,0.13286742568016052,0.00013190842582844198,0.0035738241858780384
radial,75,5.228757961756654,0.5400000214576721,0.0376470573246479,298.4683837890625,0.0017939230892807245,0.13280531764030457,0.0001333575346507132,0.0035727256909012794
radial,75,5.065359485646089,0.5400000214576721,0.03647058829665184,298.5094299316406,0.001815707772038877,0.13274846971035004,0.00013480253983289003,0.0035717629361897707
radial,75,4.901961009535524,0.5400000214576721,0.03529411926865578,298.54925537109375,0.0018369562458246946,0.13269801437854767,0.00013620963727589697,0.003570954315364361
radial,75,4.73856201602353,0.5400000214576721,0.034117646515369415,298.5880126953125,0.0018577566370368004,0.1326535940170288,0.00013758474960923195,0.0035702919121831656
radial,75,4.575163539912966,0.5400000214576721,0.03294117748737335,298.6261901855469,0.001878346549347043,0.13261422514915466,0.000138943680212833,0.0035697559360414743
radial,75,4.411764546400971,0.5400000214576721,0.03176470473408699,298.6632995605469,0.0018984578782692552,0.13257989287376404,0.00014026880671735853,0.0035693394020199776
radial,75,4.248366070290406,0.5400000214576721,0.030588235706090927,298.6990966796875,0.0019179413793608546,0.13255077600479126,0.00014155043754726648,0.003569043008610606
radial,75,4.084967335479127,0.5400000214576721,0.029411764815449715,298.7339172363281,0.0019369801739230752,0.1325264275074005,0.00014280076720751822,0.0035688597708940506
radial,75,3.9215686006678476,0.5400000214576721,0.028235293924808502,298.7677917480469,0.0019555918406695127,0.13250626623630524,0.00014402103261090815,0.0035687757190316916
radial,75,3.7581698658565683,0.5400000214576721,0.02705882303416729,298.80035400390625,0.0019735749810934067,0.13249021768569946,0.0001451981661375612,0.003568782703951001
radial,75,3.5947711310452886,0.5400000214576721,0.025882352143526077,298.83172607421875,0.0019909765105694532,0.13247811794281006,0.00014633536920882761,0.00356887886300683
radial,75,3.4313726549347243,0.5400000214576721,0.024705883115530014,298.8621520996094,0.0020079179666936398,0.13246957957744598,0.0001474407472414896,0.0035690562799572945
radial,75,3.2679739201234446,0.5400000214576721,0.0235294122248888,298.89129638671875,0.002024245448410511,0.1324641853570938,0.00014850427396595478,0.0035693002864718437
radial,75,3.1045751853121653,0.5400000214576721,0.02235294133424759,298.9190368652344,0.0020398320630192757,0.13246192038059235,0.00014951782941352576,0.003569607622921467
radial,75,2.941176709201601,0.5400000214576721,0.021176472306251526,298.9454650878906,0.0020547735039144754,0.13246247172355652,0.00015048784553073347,0.0035699729342013597
radial,75,2.777777715689606,0.5400000214576721,0.019999999552965164,298.9706115722656,0.002069041831418872,0.13246504962444305,0.00015141260519158095,0.0035703738685697317
radial,75,2.6984127341873116,0.5400000214576721,0.019428571686148643,298.9822998046875,0.0020756691228598356,0.1324664205312729,0.0001518419448984787,0.0035705645568668842
radial,75,2.619047493984302,0.5400000214576721,0.018857141956686974,298.9938049316406,0.0020821704529225826,0.13246773183345795,0.00015226313553284854,0.003570751054212451
radial,75,2.5396825124820075,0.5400000214576721,0.018285714089870453,299.0050964355469,0.0020885728299617767,0.13246937096118927,0.00015267770504578948,0.0035709431394934654
radial,75,2.460317530979713,0.5400000214576721,0.017714286223053932,299.0159606933594,0.002094743074849248,0.1324712485074997,0.00015307703870348632,0.0035711368545889854
radial,75,2.3809522907767033,0.5400000214576721,0.017142856493592262,299.0264892578125,0.0021007158793509007,0.1324733942747116,0.00015346339205279946,0.0035713326651602983
radial,75,2.301587309274409,0.5400000214576721,0.01657142862677574,299.0367736816406,0.002106569241732359,0.13247579336166382,0.0001538418437121436,0.0035715317353606224
radial,75,2.2222223277721143,0.5400000214576721,0.01600000075995922,299.04669189453125,0.002112228889018297,0.13247832655906677,0.00015420756244566292,0.0035717301070690155
radial,75,2.142857087569104,0.5400000214576721,0.015428571030497551,299.05621337890625,0.002117652678862214,0.13248097896575928,0.0001545578707009554,0.0035719259176403284
radial,75,2.0634921060668097,0.5400000214576721,0.01485714316368103,299.0653991699219,0.002122896257787943,0.1324838250875473,0.00015489637735299766,0.0035721224267035723
radial,75,1.9841271245645153,0.5400000214576721,0.01428571529686451,299.0743408203125,0.002127993619069457,0.13248682022094727,0.0001552252797409892,0.00357231916859746
radial,75,1.9047618843615055,0.5400000214576721,0.01371428556740284,299.0828857421875,0.002132899360731244,0.132489874958992,0.00015554165292996913,0.003572513349354267
radial,75,1.8253967735088534,0.5400000214576721,0.013142856769263744,299.0910949707031,0.0021375841461122036,0.1324930191040039,0.00015584360517095774,0.003572704503312707
radial,75,1.746031792006559,0.5400000214576721,0.012571428902447224,299.0989685058594,0.002142096869647503,0.13249628245830536,0.00015613430878147483,0.003572894260287285
radial,75,1.6666666811539068,0.5400000214576721,0.012000000104308128,299.1065368652344,0.0021464405581355095,0.13249953091144562,0.0001564139820402488,0.0035730800591409206
radial,75,1.627314809916748,0.5400000214576721,0.011716666631400585,299.1101379394531,0.0021485055331140757,0.1325010359287262,0.00015654697199352086,0.00357316667214036
radial,75,1.5879629386795893,0.5400000214576721,0.011433333158493042,299.1136474609375,0.002150529297068715,0.13250240683555603,0.0001566773426020518,0.003573250025510788
radial,75,1.5486110674424305,0.5400000214576721,0.011149999685585499,299.1171875,0.002152525819838047,0.13250379264354706,0.00015680596698075533,0.003573332680389285
radial,75,1.5092591962052717,0.5400000214576721,0.010866666212677956,299.12054443359375,0.0021544573828577995,0.1325051486492157,0.00015693038585595787,0.0035734130069613457
radial,75,1.4699074543184705,0.5400000214576721,0.010583333671092987,299.1238098144531,0.0021563279442489147,0.13250648975372314,0.00015705086116213351,0.0035734912380576134
radial,75,1.4305555830813117,0.5400000214576721,0.010300000198185444,299.12701416015625,0.002158162649720907,0.1325078159570694,0.0001571689936099574,0.0035735685378313065
radial,75,1.391203711844153,0.5400000214576721,0.0100166667252779,299.130126953125,0.0021599535830318928,0.13250911235809326,0.00015728430298622698,0.0035736437421292067
radial,75,1.3518518406069941,0.5400000214576721,0.009733333252370358,299.1331481933594,0.0021616846788674593,0.13251036405563354,0.00015739575610496104,0.003573716850951314
radial,75,1.3124999693698354,0.5400000214576721,0.009449999779462814,299.1361083984375,0.0021633740980178118,0.13251160085201263,0.00015750453167129308,0.0035737885627895594
radial,75,1.2638889408359926,0.5400000214576721,0.009100000374019146,299.1396789550781,0.002165410667657852,0.132513165473938,0.00015763560077175498,0.003573876339942217
radial,75,1.2233796425991588,0.5400000214576721,0.008808333426713943,299.14251708984375,0.002167037921026349,0.13251441717147827,0.0001577403163537383,0.0035739466547966003
radial,75,1.1828703443623252,0.5400000214576721,0.008516666479408741,299.145263671875,0.002168607898056507,0.13251560926437378,0.00015784133574925363,0.0035740146413445473
radial,75,1.1423611754758491,0.5400000214576721,0.008225000463426113,299.1479187011719,0.0021701327059417963,0.1325168013572693,0.00015793947386555374,0.0035740812309086323
radial,75,1.1018518772390153,0.5400000214576721,0.00793333351612091,299.1505126953125,0.002171601401641965,0.1325179487466812,0.00015803397400304675,0.003574145259335637
radial,75,1.0613425790021818,0.5400000214576721,0.007641666568815708,299.1529541015625,0.002173016779124737,0.13251906633377075,0.00015812503988854587,0.0035742069594562054
radial,75,1.0208333454405267,0.5400000214576721,0.007350000087171793,299.1553649902344,0.0021743876859545708,0.1325201392173767,0.00015821325359866023,0.003574267029762268
radial,75,0.9803240472036931,0.5400000214576721,0.0070583331398665905,299.1576843261719,0.0021757064387202263,0.13252118229866028,0.00015829807671252638,0.0035743252374231815
radial,75,0.9398148136420382,0.5400000214576721,0.006766666658222675,299.1598815917969,0.0021769681479781866,0.13252219557762146,0.0001583792472956702,0.003574380883947015
radial,75,0.8993055154052045,0.5400000214576721,0.006474999710917473,299.1619873046875,0.0021781781688332558,0.13252317905426025,0.00015845708549022675,0.003574434434995055
radial,75,0.8587962818435497,0.5400000214576721,0.006183333229273558,299.16400146484375,0.0021793374326080084,0.13252410292625427,0.00015853166405577213,0.0035744854249060154
radial,75,0.8182870482818948,0.5400000214576721,0.0058916667476296425,299.16595458984375,0.002180440817028284,0.1325249820947647,0.00015860263374634087,0.003574534086510539
radial,75,0.7777777500450611,0.5400000214576721,0.00559999980032444,299.16778564453125,0.0021814899519085884,0.13252581655979156,0.00015867014008108526,0.0035745801869779825
radial,75,0.7372685164834063,0.5400000214576721,0.005308333318680525,299.1695556640625,0.0021824906580150127,0.13252660632133484,0.00015873451775405556,0.003574624191969633
radial,75,0.6967592829217514,0.5400000214576721,0.00501666683703661,299.17120361328125,0.0021834401413798332,0.13252735137939453,0.00015879560669418424,0.0035746656358242035
radial,75,0.6562499846849177,0.5400000214576721,0.004724999889731407,299.1727600097656,0.002184332348406315,0.13252805173397064,0.00015885301399976015,0.0035747045185416937
radial,75,0.6157407511232628,0.5400000214576721,0.004433333408087492,299.1742248535156,0.0021851747296750546,0.13252869248390198,0.00015890721988398582,0.0035747410729527473
radial,75,0.5752314528864291,0.5400000214576721,0.0041416664607822895,299.1756286621094,0.0021859686821699142,0.13252928853034973,0.00015895832621026784,0.0035747752990573645
radial,75,0.5347222193247743,0.5400000214576721,0.0038499999791383743,299.17694091796875,0.002186704659834504,0.1325298398733139,0.0001590057072462514,0.003574806498363614
radial,75,0.49999999141113627,0.5400000214576721,0.003599999938160181,299.1779479980469,0.0021872911602258682,0.13253024220466614,0.00015904346946626902,0.0035748309455811977
radial,75,0.4374999682315522,0.5400000214576721,0.0031499997712671757,299.17962646484375,0.0021882522851228714,0.13253098726272583,0.0001591053296579048,0.0035748721566051245
radial,75,0.3750000097271469,0.5400000214576721,0.0027000000700354576,299.1811218261719,0.0021890858188271523,0.13253165781497955,0.0001591588807059452,0.003574909409508109
radial,75,0.31249998654756284,0.5400000214576721,0.0022499999031424522,299.1823425292969,0.002189787570387125,0.1325322687625885,0.00015920394798740745,0.0035749413073062897
radial,75,0.24999999570556813,0.5400000214576721,0.0017999999690800905,299.183349609375,0.0021903624292463064,0.1325327754020691,0.00015924088074825704,0.00357496808283031
radial,75,0.18750000486357346,0.5400000214576721,0.0013500000350177288,299.1841125488281,0.002190813422203064,0.13253319263458252,0.00015926982450764626,0.0035749892704188824
radial,75,0.12499999785278407,0.5400000214576721,0.0008999999845400453,299.1846923828125,0.0021911398507654667,0.1325334906578064,0.0001592907792655751,0.003575005102902651
radial,75,0.062499998926392034,0.5400000214576721,0.00044999999227002263,299.1850280761719,0.0021913410164415836,0.1325336992740631,0.00015930365771055222,0.0035750146489590406
radial,75,0.0,0.5400000214576721,0.0,299.18511962890625,0.002191408071666956,0.13253375887870789,0.00015930795052554458,0.003575017908588052
centerline,0.0,0.0,0.0,0.0,294.0,0.15636999905109406,0.1965000033378601,1.700159124595757e-09,1.4586014618345189e-09
centerline,0.06218905279335256,0.0,0.0004477611801121384,0.0,294.0000305175781,0.15636998414993286,0.1964999884366989,9.922532129280626e-09,8.512753169043208e-09
centerline,0.12437810558670512,0.0,0.0008955223602242768,0.0,294.0001525878906,0.15636993944644928,0.19649994373321533,3.813387650097866e-08,3.271591353382064e-08
centerline,0.18656716242225635,0.0,0.0013432835694402456,0.0,294.0005187988281,0.15636983513832092,0.19649985432624817,1.164549416898808e-07,9.990938565351826e-08
centerline,0.24875621117341024,0.0,0.0017910447204485536,0.0,294.00140380859375,0.15636958181858063,0.19649961590766907,2.9749273267043463e-07,2.552259275034885e-07
centerline,0.3109452599245641,0.0,0.0022388058714568615,0.0,294.00323486328125,0.15636906027793884,0.19649913907051086,6.619349619541026e-07,5.678894012817182e-07
centerline,0.3731343248445127,0.0,0.0026865671388804913,0.0,294.0067138671875,0.15636812150478363,0.19649828970432281,1.3221820154285524e-06,1.1343307733113761e-06
centerline,0.4353233897644613,0.0,0.003134328406304121,0.0,294.01275634765625,0.15636655688285828,0.1964968591928482,2.4214700715674553e-06,2.0774359654751606e-06
centerline,0.49751242234682047,0.0,0.003582089440897107,0.0,294.0224914550781,0.15636412799358368,0.19649463891983032,4.127088686800562e-06,3.540726766004809e-06
centerline,0.5597015196043584,0.0,0.0040298509411513805,0.0,294.0372314453125,0.15636056661605835,0.19649140536785126,6.621003649343038e-06,5.680315553036053e-06
centerline,0.6218905198491282,0.0,0.004477611742913723,0.0,294.058349609375,0.15635563433170319,0.19648690521717072,1.0089419447467662e-05,8.655953934066929e-06
centerline,0.6840795847690768,0.0,0.004925373010337353,0.0,294.08740234375,0.1563490480184555,0.1964809000492096,1.4712984011566732e-05,1.2622624126379378e-05
centerline,0.7462686496890254,0.0,0.0053731342777609825,0.0,294.1258544921875,0.1563405841588974,0.19647319614887238,2.0657385903177783e-05,1.7722477423376404e-05
centerline,0.808457714608974,0.0,0.005820895545184612,0.0,294.17510986328125,0.15633003413677216,0.19646356999874115,2.80655367532745e-05,2.4078124624793418e-05
centerline,0.8706467795289226,0.0,0.006268656812608242,0.0,294.2364196777344,0.15631723403930664,0.19645191729068756,3.705346898641437e-05,3.178912083967589e-05
centerline,0.9328358444488711,0.0,0.006716418080031872,0.0,294.3109130859375,0.1563020497560501,0.19643808901309967,4.770824307342991e-05,4.093016468686983e-05
centerline,0.9950248446936409,0.0,0.007164178881794214,0.0,294.3994445800781,0.1562844216823578,0.1964220255613327,6.008613127050921e-05,5.154954851604998e-05
centerline,1.0572139096135895,0.0,0.007611940149217844,0.0,294.5027160644531,0.1562642902135849,0.19640368223190308,7.421510963467881e-05,6.367128662532195e-05
centerline,1.1194030392087169,0.0,0.008059701882302761,0.0,294.6212158203125,0.15624167025089264,0.19638307392597198,9.009824862005189e-05,7.729804929113016e-05
centerline,1.1815921041286654,0.0,0.00850746314972639,0.0,294.7552185058594,0.1562165766954422,0.19636021554470062,0.00010771764937089756,9.24145060707815e-05
centerline,1.2437810396982565,0.0,0.008955223485827446,0.0,294.9048156738281,0.15618903934955597,0.19633513689041138,0.00012704162509180605,0.00010899351036641747
centerline,1.305970104618205,0.0,0.009402984753251076,0.0,295.07000732421875,0.15615913271903992,0.19630789756774902,0.00014802739315200597,0.00012699842045549303
centerline,1.3681591695381536,0.0,0.009850746020674706,0.0,295.250732421875,0.1561269313097,0.19627858698368073,0.0001706243638182059,0.0001463858934585005
centerline,1.4303482344581022,0.0,0.010298507288098335,0.0,295.4467468261719,0.15609249472618103,0.19624724984169006,0.0001947778364410624,0.00016710904310457408
centerline,1.4925372993780508,0.0,0.010746268555521965,0.0,295.6578674316406,0.15605592727661133,0.196213960647583,0.00022042954515200108,0.00018911802908405662
centerline,1.5547263642979994,0.0,0.011194029822945595,0.0,295.88372802734375,0.15601728856563568,0.19617882370948792,0.00024751914315856993,0.00021236113389022648
centerline,1.616915429217948,0.0,0.011641791090369225,0.0,296.1240234375,0.15597666800022125,0.19614189863204956,0.00027598635642789304,0.00023678678553551435
centerline,1.6791044941378965,0.0,0.012089552357792854,0.0,296.3783874511719,0.1559341549873352,0.1961032599210739,0.0003057704889215529,0.0002623430045787245
centerline,1.741293559057845,0.0,0.012537313625216484,0.0,296.6464538574219,0.1558898389339447,0.19606301188468933,0.00033680969499982893,0.00028897690935991704
centerline,1.8034826239777937,0.0,0.012985074892640114,0.0,296.9277648925781,0.1558437943458557,0.1960212141275406,0.0003690426819957793,0.00031663611298426986
centerline,1.8656716888977423,0.0,0.013432836160063744,0.0,297.2218933105469,0.1557960957288742,0.19597795605659485,0.0004024100489914417,0.00034526974195614457
centerline,1.9278607538176908,0.0,0.013880597427487373,0.0,297.5284423828125,0.15574683248996735,0.1959332972764969,0.0004368546651676297,0.0003748290182556957
centerline,1.9900496893872819,0.0,0.014328357763588428,0.0,297.84698486328125,0.1556960642337799,0.19588734209537506,0.0004723217571154237,0.0004052671720273793
centerline,2.0522387543072305,0.0,0.014776119031012058,0.0,298.1770935058594,0.15564388036727905,0.19584012031555176,0.0005087586469016969,0.0004365391796454787
centerline,2.114427819227179,0.0,0.015223880298435688,0.0,298.5183410644531,0.15559032559394836,0.19579173624515533,0.0005461147520691156,0.0004686019674409181
centerline,2.176617013497485,0.0,0.015671642497181892,0.0,298.8703918457031,0.1555354744195938,0.19574221968650818,0.0005843418184667826,0.000501414411701262
centerline,2.2388060784174337,0.0,0.016119403764605522,0.0,299.2327880859375,0.15547937154769897,0.19569166004657745,0.0006233940948732197,0.0005349374259822071
centerline,2.3009951433373823,0.0,0.016567165032029152,0.0,299.60516357421875,0.15542209148406982,0.19564010202884674,0.0006632279837504029,0.0005691339028999209
centerline,2.363184208257331,0.0,0.01701492629945278,0.0,299.9871520996094,0.15536367893218994,0.19558760523796082,0.0007038020994514227,0.0006039686850272119
centerline,2.4253730144765644,0.0,0.017462685704231262,0.0,300.37841796875,0.1553041785955429,0.19553421437740326,0.0007450771518051624,0.0006394084775820374
centerline,2.487562079396513,0.0,0.017910446971654892,0.0,300.7785949707031,0.1552436202764511,0.19548000395298004,0.0007870160043239594,0.0006754216738045216
centerline,2.5497511443164615,0.0,0.01835820823907852,0.0,301.1873779296875,0.15518207848072052,0.19542498886585236,0.0008295835577882826,0.0007119785295799375
centerline,2.61194020923641,0.0,0.01880596950650215,0.0,301.60443115234375,0.15511955320835114,0.19536922872066498,0.0008727467502467334,0.0007490510470233858
centerline,2.6741292741563587,0.0,0.01925373077392578,0.0,302.0294494628906,0.15505610406398773,0.1953127682209015,0.0009164743823930621,0.0007866128580644727
centerline,2.7363183390763073,0.0,0.01970149204134941,0.0,302.462158203125,0.1549917608499527,0.19525566697120667,0.0009607371175661683,0.0008246393408626318
centerline,2.798507403996256,0.0,0.02014925330877304,0.0,302.90228271484375,0.15492653846740723,0.1951979249715805,0.0010055075399577618,0.0008631073287688196
centerline,2.8606964689162044,0.0,0.02059701457619667,0.0,303.3495788574219,0.1548604667186737,0.19513960182666779,0.001050759805366397,0.0009019950521178544
centerline,2.922885533836153,0.0,0.0210447758436203,0.0,303.80377197265625,0.15479357540607452,0.1950807273387909,0.0010964698158204556,0.0009412823710590601
centerline,2.9850745987561016,0.0,0.02149253711104393,0.0,304.2646484375,0.15472587943077087,0.19502133131027222,0.0011426149867475033,0.0009809505427256227
centerline,3.04726366367605,0.0,0.02194029837846756,0.0,304.7319641113281,0.15465739369392395,0.19496145844459534,0.0011891742469742894,0.0010209819301962852
centerline,3.1094527285959987,0.0,0.02238805964589119,0.0,305.20556640625,0.15458811819553375,0.19490112364292145,0.0012361281551420689,0.001061360351741314
centerline,3.1716417935159473,0.0,0.02283582091331482,0.0,305.6852111816406,0.15451809763908386,0.19484035670757294,0.0012834582012146711,0.0011020706733688712
centerline,3.233830858435896,0.0,0.02328358218073845,0.0,306.17071533203125,0.1544473022222519,0.1947791874408722,0.0013311472721397877,0.0011430989252403378
centerline,3.2960199233558445,0.0,0.02373134344816208,0.0,306.6619567871094,0.15437576174736023,0.1947176307439804,0.0013791796518489718,0.0011844320688396692
centerline,3.358208988275793,0.0,0.02417910471558571,0.0,307.1587219238281,0.15430347621440887,0.19465571641921997,0.0014275404391810298,0.001226058229804039
centerline,3.4203980531957416,0.0,0.02462686598300934,0.0,307.6608581542969,0.15423043072223663,0.19459347426891327,0.0014762162463739514,0.0012679663486778736
centerline,3.48258711811569,0.0,0.025074627250432968,0.0,308.16827392578125,0.1541566550731659,0.1945309191942215,0.0015251942677423358,0.0013101466465741396
centerline,3.544776183035639,0.0,0.025522388517856598,0.0,308.6808166503906,0.15408210456371307,0.19446806609630585,0.001574462978169322,0.0013525898102670908
centerline,3.6069652479555874,0.0,0.025970149785280228,0.0,309.1983337402344,0.15400680899620056,0.19440492987632751,0.0016240113181993365,0.0013952873414382339
centerline,3.669154312875536,0.0,0.026417911052703857,0.0,309.72076416015625,0.15393073856830597,0.19434155523777008,0.0016738292761147022,0.0014382314402610064
centerline,3.7313433777954845,0.0,0.026865672320127487,0.0,310.2479553222656,0.1538538783788681,0.19427792727947235,0.0017239077715203166,0.001481415587477386
centerline,11.860670314894783,0.0,0.08539682626724243,0.0,381.8523864746094,0.07132323086261749,0.19051684439182281,0.005027144216001034,0.0069267661310732365
centerline,11.485890588826603,0.0,0.08269841223955154,0.0,385.1463317871094,0.07553171366453171,0.19028320908546448,0.005299474578350782,0.007010531611740589
centerline,11.111110862758425,0.0,0.07999999821186066,0.0,388.3064880371094,0.08030162751674652,0.19001050293445587,0.005587052553892136,0.00708703463897109
centerline,10.987103192342653,0.0,0.0791071429848671,0.0,389.2901611328125,0.08204055577516556,0.1899135559797287,0.005685551557689905,0.007109527010470629
centerline,10.86309552192688,0.0,0.07821428775787354,0.0,390.1816711425781,0.08386091887950897,0.1898186355829239,0.005783206317573786,0.007128589786589146
centerline,10.739086816708246,0.0,0.07732142508029938,0.0,390.9850769042969,0.08575420826673508,0.18972396850585938,0.005879579111933708,0.007144119590520859
centerline,10.615079146292475,0.0,0.07642856985330582,0.0,391.6943054199219,0.08772993087768555,0.1896292269229889,0.005974589381366968,0.007155739236623049
centerline,10.491071475876703,0.0,0.07553571462631226,0.0,392.2939147949219,0.08978830277919769,0.18953533470630646,0.006067504640668631,0.007162878289818764
centerline,10.36706380546093,0.0,0.0746428593993187,0.0,392.765380859375,0.09192141145467758,0.18944388628005981,0.006157169584184885,0.007164871320128441
centerline,10.243055100242296,0.0,0.07374999672174454,0.0,393.0908508300781,0.09412635862827301,0.18935604393482208,0.006242516916245222,0.007160906679928303
centerline,10.119047429826525,0.0,0.07285714149475098,0.0,393.250732421875,0.09640952944755554,0.18927234411239624,0.006322679575532675,0.007150070276111364
centerline,9.995039759410753,0.0,0.07196428626775742,0.0,393.2254333496094,0.09878145903348923,0.18919339776039124,0.0063967336900532246,0.007131252903491259
centerline,9.87103208899498,0.0,0.07107143104076385,0.0,392.9964294433594,0.10124938189983368,0.18912041187286377,0.006463527213782072,0.007103256415575743
centerline,9.747023383776346,0.0,0.0701785683631897,0.0,392.5433044433594,0.1037999764084816,0.18905551731586456,0.0065213702619075775,0.007065144833177328
centerline,9.623015713360575,0.0,0.06928571313619614,0.0,391.84674072265625,0.10641296207904816,0.1890009343624115,0.006568434182554483,0.007016070187091827
centerline,9.499008042944803,0.0,0.06839285790920258,0.0,390.8995056152344,0.10906445980072021,0.18895892798900604,0.006603022571653128,0.006955485325306654
centerline,9.37500037252903,0.0,0.06750000268220901,0.0,389.7015075683594,0.11173494905233383,0.18893054127693176,0.006623395718634129,0.006882956251502037
centerline,9.250991667310396,0.0,0.06660714000463486,0.0,388.2539367675781,0.11441363394260406,0.18891721963882446,0.006629190407693386,0.0067980545572936535
centerline,9.126983996894625,0.0,0.0657142847776413,0.0,386.57183837890625,0.11707348376512527,0.18892063200473785,0.006619755178689957,0.006701040547341108
centerline,9.002976326478853,0.0,0.06482142955064774,0.0,384.6805725097656,0.11968441307544708,0.18894077837467194,0.006594086065888405,0.006592616438865662
centerline,8.87896865606308,0.0,0.06392857432365417,0.0,382.6053771972656,0.12222497910261154,0.18897752463817596,0.006552453152835369,0.006473613437265158
centerline,8.754959950844446,0.0,0.06303571164608002,0.0,380.369140625,0.12467768788337708,0.18903043866157532,0.006495296023786068,0.006344969384372234
centerline,8.630952280428675,0.0,0.062142856419086456,0.0,377.9938049316406,0.1270267814397812,0.18909883499145508,0.006423347629606724,0.006207758095115423
centerline,8.506944610012903,0.0,0.061250001192092896,0.0,375.5105285644531,0.1292574554681778,0.18918149173259735,0.006337590515613556,0.006063273176550865
centerline,8.3829364221957,0.0,0.060357142239809036,0.0,372.9597473144531,0.13135658204555511,0.18927675485610962,0.006239396054297686,0.005912932567298412
centerline,8.258928751779928,0.0,0.059464287012815475,0.0,370.3772888183594,0.133317232131958,0.18938304483890533,0.006130542140454054,0.005758257117122412
centerline,8.134920563962725,0.0,0.058571428060531616,0.0,367.7915954589844,0.13513921201229095,0.18949902057647705,0.006012849509716034,0.0056010084226727486
centerline,8.010912893546953,0.0,0.057678572833538055,0.0,365.2271423339844,0.1368207484483719,0.18962308764457703,0.005888024810701609,0.005442789290100336
centerline,7.88690470572975,0.0,0.056785713881254196,0.0,362.7044982910156,0.13836045563220978,0.18975327908992767,0.005757694132626057,0.005284822080284357
centerline,7.762897035313977,0.0,0.055892858654260635,0.0,360.2392578125,0.13976351916790009,0.18988803029060364,0.005623352713882923,0.005128142889589071
centerline,7.638888847496775,0.0,0.054999999701976776,0.0,357.84222412109375,0.14103783667087555,0.19002610445022583,0.005486330948770046,0.004973587114363909
centerline,7.514881177081002,0.0,0.054107144474983215,0.0,355.5204162597656,0.14219199120998383,0.1901663988828659,0.005347759462893009,0.004821786191314459
centerline,7.3908729892638,0.0,0.053214285522699356,0.0,353.2778625488281,0.1432352066040039,0.19030797481536865,0.005208571441471577,0.004673198331147432
centerline,7.266865318848027,0.0,0.052321430295705795,0.0,351.11602783203125,0.14417698979377747,0.19045010209083557,0.005069522652775049,0.0045281327329576015
centerline,7.142857131030825,0.0,0.051428571343421936,0.0,349.0335693359375,0.14502699673175812,0.19059227406978607,0.004931159783154726,0.004386716056615114
centerline,7.018849460615052,0.0,0.050535716116428375,0.0,347.02752685546875,0.14579463005065918,0.1907341629266739,0.004793867468833923,0.0042489441111683846
centerline,6.89484127279785,0.0,0.049642857164144516,0.0,345.09478759765625,0.14648845791816711,0.19087550044059753,0.004657956305891275,0.004114782903343439
centerline,6.770833084980647,0.0,0.04874999821186066,0.0,343.2320861816406,0.1471163034439087,0.1910160928964615,0.004523662384599447,0.003984164912253618
centerline,6.646825414564875,0.0,0.047857142984867096,0.0,341.4355773925781,0.14768533408641815,0.1911558359861374,0.004391141701489687,0.0038569846656173468
centerline,6.522817226747672,0.0,0.04696428403258324,0.0,339.7012634277344,0.1482021063566208,0.19129467010498047,0.0042604911141097546,0.0037331075873225927
centerline,6.3988095563319,0.0,0.046071428805589676,0.0,338.0250244140625,0.14867256581783295,0.19143259525299072,0.004131757188588381,0.003612375119701028
centerline,6.274801368514697,0.0,0.04517856985330582,0.0,336.4021911621094,0.14910221099853516,0.19156968593597412,0.004004906862974167,0.003494576085358858
centerline,6.150793698098925,0.0,0.044285714626312256,0.0,334.828369140625,0.14949598908424377,0.19170606136322021,0.0038798791356384754,0.0033794946502894163
centerline,6.026785510281722,0.0,0.0433928556740284,0.0,333.29998779296875,0.14985814690589905,0.19184176623821259,0.003756648162379861,0.0032669673673808575
centerline,5.90277783986595,0.0,0.042500000447034836,0.0,331.81390380859375,0.15019243955612183,0.19197684526443481,0.0036351822782307863,0.0031568421982228756
centerline,5.778769652048747,0.0,0.04160714149475098,0.0,330.36688232421875,0.15050223469734192,0.19211138784885406,0.0035154276993125677,0.003048960817977786
centerline,5.654761981632975,0.0,0.040714286267757416,0.0,328.9560241699219,0.15079055726528168,0.19224542379379272,0.0033973194658756256,0.002943168394267559
centerline,5.530753793815772,0.0,0.039821427315473557,0.0,327.5785217285156,0.1510600745677948,0.19237904250621796,0.0032807854004204273,0.002839315915480256
centerline,5.4067461234,0.0,0.038928572088479996,0.0,326.2318420410156,0.1513131707906723,0.19251227378845215,0.0031657470390200615,0.00273726019077003
centerline,5.282737935582797,0.0,0.038035713136196136,0.0,324.9136047363281,0.15155191719532013,0.19264517724514008,0.0030521210283041,0.0026368622202426195
centerline,5.158730265167025,0.0,0.037142857909202576,0.0,323.62164306640625,0.1517781913280487,0.19277776777744293,0.0029398214537650347,0.0025379888247698545
centerline,5.034722077349822,0.0,0.036249998956918716,0.0,322.3539733886719,0.15199358761310577,0.1929100751876831,0.0028287647292017937,0.002440515672788024
centerline,4.91071440693405,0.0,0.035357143729925156,0.0,321.10888671875,0.15219952166080475,0.19304212927818298,0.0027188751846551895,0.002344332868233323
centerline,4.786706219116847,0.0,0.034464284777641296,0.0,319.8847961425781,0.15239717066287994,0.19317391514778137,0.0026100778486579657,0.002249337499961257
centerline,4.662698548701075,0.0,0.033571429550647736,0.0,318.68017578125,0.1525876373052597,0.19330544769763947,0.0025022884365171194,0.0021554233971983194
centerline,4.538690360883872,0.0,0.032678570598363876,0.0,317.49359130859375,0.15277186036109924,0.19343674182891846,0.0023954170756042004,0.002062483923509717
centerline,4.4146826904681,0.0,0.031785715371370316,0.0,316.3250427246094,0.1529504954814911,0.19356770813465118,0.0022894698195159435,0.0019704997539520264
centerline,4.290674502650897,0.0,0.030892856419086456,0.0,315.1814880371094,0.15312333405017853,0.19369767606258392,0.002184924902394414,0.0018798644887283444
centerline,4.1666665735344095,0.0,0.029999999329447746,0.0,314.064208984375,0.15329185128211975,0.1938270777463913,0.002081317128613591,0.001790148438885808
centerline,4.104477508614461,0.0,0.029552238062024117,0.0,313.508056640625,0.1533750742673874,0.19389201700687408,0.0020295141730457544,0.0017453315667808056
centerline,4.042288443694512,0.0,0.029104476794600487,0.0,312.9531555175781,0.1534571349620819,0.19395679235458374,0.0019779775757342577,0.0017007740680128336
centerline,3.9800993787745638,0.0,0.028656715527176857,0.0,312.40301513671875,0.15353824198246002,0.19402138888835907,0.0019266842864453793,0.00165644905064255
centerline,3.9179105725553303,0.0,0.028208956122398376,0.0,311.857421875,0.15361842513084412,0.19408580660820007,0.0018756311619654298,0.0016123525565490127
centerline,3.8557215076353817,0.0,0.027761194854974747,0.0,311.3163757324219,0.15369774401187897,0.19415004551410675,0.0018248151754960418,0.0015684803947806358
centerline,3.793532442715433,0.0,0.027313433587551117,0.0,310.7798767089844,0.15377621352672577,0.1942140907049179,0.0017742387717589736,0.0015248334966599941
centerline,3.7313433777954845,0.0,0.026865672320127487,0.0,310.2479553222656,0.1538538783788681,0.19427792727947235,0.0017239077715203166,0.001481415587477386
centerline,45.08377363284429,0.0,0.3246031701564789,0.0,310.0294494628906,0.01175133790820837,0.16822858154773712,0.0007095032487995923,0.004666411783546209
centerline,44.047617250018654,0.0,0.3171428442001343,0.0,310.610595703125,0.012272831983864307,0.16892918944358826,0.000739648356102407,0.00469277985394001
centerline,43.01146500640446,0.0,0.30968254804611206,0.0,311.1878356933594,0.012802103534340858,0.16964271664619446,0.0007698588888160884,0.004719483200460672
centerline,41.97530862357881,0.0,0.30222222208976746,0.0,311.772216796875,0.01334507204592228,0.17040051519870758,0.0008006696007214487,0.004747489467263222
centerline,40.939152240753174,0.0,0.29476189613342285,0.0,312.3714904785156,0.013905726373195648,0.17121754586696625,0.0008324765367433429,0.004777340218424797
centerline,39.90299999713898,0.0,0.28730159997940063,0.0,312.98736572265625,0.01448484044522047,0.17207980155944824,0.0008653522818349302,0.0048087225295603275
centerline,38.86684361431334,0.0,0.27984127402305603,0.0,313.6196594238281,0.015083146281540394,0.17296652495861053,0.0008993035298772156,0.0048410953022539616
centerline,37.8306872314877,0.0,0.2723809480667114,0.0,314.26971435546875,0.0157016534358263,0.17386244237422943,0.0009344153222627938,0.004874089732766151
centerline,36.794530848662056,0.0,0.2649206221103668,0.0,314.9396667480469,0.016340719535946846,0.17475564777851105,0.0009708115831017494,0.004907461814582348
centerline,35.75837860504786,0.0,0.2574603259563446,0.0,315.62811279296875,0.016996853053569794,0.17563360929489136,0.0010084279347211123,0.004940913990139961
centerline,34.72222222222222,0.0,0.25,0.0,316.34844970703125,0.017680644989013672,0.1765008121728897,0.0010479723569005728,0.00497478898614645
centerline,34.3474435309569,0.0,0.2473015934228897,0.0,316.6195983886719,0.01793725974857807,0.17681565880775452,0.001062873867340386,0.004987273830920458
centerline,33.97266277008587,0.0,0.24460317194461823,0.0,316.89544677734375,0.018197758123278618,0.17713192105293274,0.001078010885976255,0.004999877884984016
centerline,33.59788407882055,0.0,0.24190476536750793,0.0,317.1770935058594,0.018462659791111946,0.17744895815849304,0.0010934487218037248,0.0050126174464821815
centerline,33.22310331794951,0.0,0.23920634388923645,0.0,317.4648132324219,0.018732110038399696,0.17776671051979065,0.0011092136846855283,0.005025503691285849
centerline,32.84832462668419,0.0,0.23650793731212616,0.0,317.7588195800781,0.01900622621178627,0.17808549106121063,0.0011253246339038014,0.00503855524584651
centerline,32.47354593541887,0.0,0.23380953073501587,0.0,318.05926513671875,0.019285136833786964,0.17840546369552612,0.0011417947243899107,0.005051782820373774
centerline,32.09876517454783,0.0,0.23111110925674438,0.0,318.36639404296875,0.019568992778658867,0.17872649431228638,0.0011586372274905443,0.005065188743174076
centerline,31.723986483282513,0.0,0.2284127026796341,0.0,318.6804504394531,0.019857974722981453,0.17904843389987946,0.0011758668115362525,0.005078775342553854
centerline,31.349205722411476,0.0,0.2257142812013626,0.0,319.0017395019531,0.020152276381850243,0.1793711930513382,0.0011934995418414474,0.005092548672109842
centerline,30.974427031146156,0.0,0.22301587462425232,0.0,319.3305969238281,0.0204521045088768,0.17969484627246857,0.0012115540448576212,0.005106518045067787
centerline,30.599646270275116,0.0,0.22031745314598083,0.0,319.6673889160156,0.02075769007205963,0.18001946806907654,0.0012300509260967374,0.005120696499943733
centerline,30.2248675790098,0.0,0.21761904656887054,0.0,320.0125732421875,0.02106928825378418,0.18034517765045166,0.0012490132357925177,0.005135097075253725
centerline,29.85008888774448,0.0,0.21492063999176025,0.0,320.36663818359375,0.021387171000242233,0.18067200481891632,0.0012684660032391548,0.005149733740836382
centerline,29.47530812687344,0.0,0.21222221851348877,0.0,320.7300720214844,0.021711619570851326,0.1810000091791153,0.0012884351890534163,0.005164619535207748
centerline,29.100529435608124,0.0,0.20952381193637848,0.0,321.10333251953125,0.02204294130206108,0.1813291609287262,0.0013089488493278623,0.005179767496883869
centerline,28.725748674737083,0.0,0.206825390458107,0.0,321.487060546875,0.022381482645869255,0.18165938556194305,0.0013300387654453516,0.005195191130042076
centerline,28.350969983471764,0.0,0.2041269838809967,0.0,321.8818664550781,0.02272762544453144,0.1819905787706375,0.001351739396341145,0.005210903473198414
centerline,27.976191292206448,0.0,0.2014285773038864,0.0,322.2884521484375,0.023081786930561066,0.1823226362466812,0.0013740883441641927,0.0052269198931753635
centerline,27.601410531335407,0.0,0.19873015582561493,0.0,322.70758056640625,0.023444414138793945,0.1826554387807846,0.0013971264706924558,0.005243255756795406
centerline,27.22663184007009,0.0,0.19603174924850464,0.0,323.1399841308594,0.02381599321961403,0.18298885226249695,0.0014208980137482285,0.005259928293526173
centerline,26.85185107919905,0.0,0.19333332777023315,0.0,323.58660888671875,0.02419705130159855,0.18332268297672272,0.0014454508200287819,0.005276956129819155
centerline,26.47707238793373,0.0,0.19063492119312286,0.0,324.0483703613281,0.024588145315647125,0.18365676701068878,0.0014708364615216851,0.005294358357787132
centerline,26.102293696668415,0.0,0.18793651461601257,0.0,324.5262756347656,0.024989888072013855,0.18399086594581604,0.0014971111668273807,0.005312156397849321
centerline,25.727512935797375,0.0,0.1852380931377411,0.0,325.0214538574219,0.02540295571088791,0.18432477116584778,0.0015243366360664368,0.005330372601747513
centerline,25.352734244532055,0.0,0.1825396865606308,0.0,325.5350646972656,0.025828072801232338,0.18465818464756012,0.0015525794588029385,0.0053490325808525085
centerline,24.977953483661018,0.0,0.17984126508235931,0.0,326.0683898925781,0.02626601979136467,0.184990793466568,0.0015819116961210966,0.0053681619465351105
centerline,24.6031747923957,0.0,0.17714285850524902,0.0,326.62274169921875,0.026717644184827805,0.18532225489616394,0.0016124112298712134,0.005387789104133844
centerline,24.228394031524658,0.0,0.17444443702697754,0.0,327.19964599609375,0.027183860540390015,0.18565215170383453,0.0016441624611616135,0.005407942924648523
centerline,23.853615340259342,0.0,0.17174603044986725,0.0,327.8006896972656,0.02766568213701248,0.18598000705242157,0.001677258755080402,0.005428657401353121
centerline,23.478836648994022,0.0,0.16904762387275696,0.0,328.42767333984375,0.028164232149720192,0.18630532920360565,0.0017118026735261083,0.005449967924505472
centerline,23.104055888122982,0.0,0.16634920239448547,0.0,329.0824890136719,0.02868073619902134,0.1866276115179062,0.0017479058587923646,0.005471914075314999
centerline,22.729277196857666,0.0,0.16365079581737518,0.0,329.7672119140625,0.029216524213552475,0.18694625794887543,0.0017856905469670892,0.005494539625942707
centerline,22.354496435986626,0.0,0.1609523743391037,0.0,330.4841613769531,0.029773062095046043,0.1872606724500656,0.0018252901500090957,0.005517892073839903
centerline,21.979717744721306,0.0,0.1582539677619934,0.0,331.2357482910156,0.030351951718330383,0.18757019937038422,0.0018668514676392078,0.005542025901377201
centerline,21.60493905345599,0.0,0.15555556118488312,0.0,332.0246887207031,0.030954958871006966,0.18787415325641632,0.001910535735078156,0.005566998850554228
centerline,21.23015829258495,0.0,0.15285713970661163,0.0,332.85394287109375,0.031584035605192184,0.18817183375358582,0.0019565203692764044,0.0055928779765963554
centerline,20.85537960131963,0.0,0.15015873312950134,0.0,333.7267150878906,0.0322413295507431,0.18846245110034943,0.0020050012972205877,0.005619736388325691
centerline,20.480598840448593,0.0,0.14746031165122986,0.0,334.6465148925781,0.032929230481386185,0.18874523043632507,0.002056194469332695,0.005647655576467514
centerline,20.105820149183273,0.0,0.14476190507411957,0.0,335.6172180175781,0.03365040943026543,0.18901927769184113,0.0021103397011756897,0.005676726810634136
centerline,19.731041457917957,0.0,0.14206349849700928,0.0,336.64306640625,0.03440782055258751,0.18928372859954834,0.002167702652513981,0.005707052070647478
centerline,19.356260697046917,0.0,0.1393650770187378,0.0,337.7286071777344,0.03520471975207329,0.1895376443862915,0.0022285731974989176,0.005738744046539068
centerline,18.981482005781597,0.0,0.1366666704416275,0.0,338.878662109375,0.036044634878635406,0.18978004157543182,0.002293266588822007,0.005771926138550043
centerline,18.606701244910557,0.0,0.13396824896335602,0.0,340.09857177734375,0.03693150728940964,0.19000983238220215,0.0023621295113116503,0.00580673199146986
centerline,18.23192255364524,0.0,0.13126984238624573,0.0,341.394287109375,0.0378698892891407,0.1902257353067398,0.00243555661290884,0.005843311082571745
centerline,17.85714386237992,0.0,0.12857143580913544,0.0,342.7724304199219,0.038865018635988235,0.19042633473873138,0.0025139928329735994,0.005881827790290117
centerline,17.482363101508884,0.0,0.12587301433086395,0.0,344.24005126953125,0.03992273285984993,0.1906101256608963,0.002597927814349532,0.005922463722527027
centerline,17.107583375440704,0.0,0.12317460030317307,0.0,345.8043212890625,0.04104933515191078,0.19077567756175995,0.0026878847274929285,0.005965414922684431
centerline,16.732804684175385,0.0,0.12047619372606277,0.0,347.4726257324219,0.04225170612335205,0.19092175364494324,0.002784422365948558,0.006010892800986767
centerline,16.358024958107208,0.0,0.11777777969837189,0.0,349.2532653808594,0.043537985533475876,0.19104711711406708,0.00288817984983325,0.006059135776013136
centerline,15.983245232039028,0.0,0.115079365670681,0.0,351.15557861328125,0.04491796717047691,0.19115057587623596,0.0029998968821018934,0.006110411137342453
centerline,15.60846550597085,0.0,0.11238095164299011,0.0,353.1895446777344,0.046403151005506516,0.1912308931350708,0.0031204111874103546,0.0061650085262954235
centerline,15.23368577990267,0.0,0.10968253761529922,0.0,355.36566162109375,0.04800710082054138,0.19128654897212982,0.0032506687566637993,0.006223231088370085
centerline,14.858906053834492,0.0,0.10698412358760834,0.0,357.693603515625,0.0497451089322567,0.19131602346897125,0.003391682868823409,0.0062853749841451645
centerline,14.484127362569174,0.0,0.10428571701049805,0.0,360.1801452636719,0.051633164286613464,0.19131848216056824,0.0035444237291812897,0.0063516912050545216
centerline,14.109347636500996,0.0,0.10158730298280716,0.0,362.8308410644531,0.05369004234671593,0.19129307568073273,0.003709914395585656,0.006422372069209814
centerline,13.734567910432816,0.0,0.09888888895511627,0.0,365.6510009765625,0.0559404157102108,0.19123858213424683,0.0038893776945769787,0.006497564725577831
centerline,13.359788184364637,0.0,0.09619047492742538,0.0,368.6419372558594,0.05841505154967308,0.19115398824214935,0.004084120970219374,0.006577289663255215
centerline,12.985008458296459,0.0,0.0934920608997345,0.0,371.79412841796875,0.06114894524216652,0.19103898108005524,0.004295188933610916,0.0066612702794373035
centerline,12.61022976703114,0.0,0.0907936543226242,0.0,375.07916259765625,0.06417782604694366,0.19089476764202118,0.004522844683378935,0.0067486693151295185
centerline,12.235450040962961,0.0,0.08809524029493332,0.0,378.4546813964844,0.06755002588033676,0.19072119891643524,0.0047670635394752026,0.006837999913841486
centerline,11.860670314894783,0.0,0.08539682626724243,0.0,381.8523864746094,0.07132323086261749,0.19051684439182281,0.005027144216001034,0.0069267661310732365
centerline,100.00000397364299,0.0,0.7200000286102295,0.0,297.7047119140625,0.0005177129642106593,0.09592440724372864,4.998501026420854e-05,0.0025677357334643602
centerline,98.96384345160591,0.0,0.7125396728515625,0.0,297.4980163574219,0.0005795476608909667,0.10389649122953415,5.2597035391954705e-05,0.0027786262799054384
centerline,97.92769120799171,0.0,0.7050793766975403,0.0,297.49530029296875,0.0005824434920214117,0.10407820343971252,5.2770908951060846e-05,0.0027834896463900805
centerline,96.89153068595462,0.0,0.6976190209388733,0.0,297.49310302734375,0.0005871153553016484,0.10432355850934982,5.306244202074595e-05,0.002790082013234496
centerline,95.85537844234042,0.0,0.6901587247848511,0.0,297.49139404296875,0.0005940397386439145,0.10465390980243683,5.350170613382943e-05,0.0027989789377897978
centerline,94.81922619872623,0.0,0.6826984286308289,0.0,297.49053955078125,0.0006033618119545281,0.10506919026374817,5.4099156841402873e-05,0.0028101825155317783
centerline,93.78306567668915,0.0,0.6752380728721619,0.0,297.490966796875,0.0006153438589535654,0.10557131469249725,5.4873111366759986e-05,0.002823750488460064
centerline,92.74691343307495,0.0,0.6677777767181396,0.0,297.49334716796875,0.0006303336704149842,0.10616103559732437,5.584869722952135e-05,0.002839713590219617
centerline,91.71076118946075,0.0,0.6603174805641174,0.0,297.4984436035156,0.0006487687351182103,0.10684097558259964,5.705659350496717e-05,0.002858152613043785
centerline,90.67460066742368,0.0,0.6528571248054504,0.0,297.50726318359375,0.0006711770547553897,0.10761204361915588,5.853450784343295e-05,0.0028791073709726334
centerline,89.63844842380948,0.0,0.6453968286514282,0.0,297.5208740234375,0.0006982044433243573,0.10847844183444977,6.0326940001687035e-05,0.0029027056880295277
centerline,88.60229618019528,0.0,0.637936532497406,0.0,297.5405578613281,0.0007306424085982144,0.10944557934999466,6.248838326428086e-05,0.002929111709818244
centerline,87.5661356581582,0.0,0.630476176738739,0.0,297.56756591796875,0.0007693407824262977,0.11051952838897705,6.507590296678245e-05,0.0029585070442408323
centerline,86.529983414544,0.0,0.6230158805847168,0.0,297.6034240722656,0.0008152385707944632,0.11170651018619537,6.81516612530686e-05,0.0029910781886428595
centerline,85.49383117092981,0.0,0.6155555844306946,0.0,297.6497802734375,0.0008694474818184972,0.11301269382238388,7.178890518844128e-05,0.0030270139686763287
centerline,84.45767064889272,0.0,0.6080952286720276,0.0,297.70843505859375,0.0009331401670351624,0.11444483697414398,7.606259168824181e-05,0.0030665183439850807
centerline,83.42151840527852,0.0,0.6006349325180054,0.0,297.7816162109375,0.001007500453852117,0.11599823832511902,8.105035522021353e-05,0.0031094932928681374
centerline,82.38535788324144,0.0,0.5931745767593384,0.0,297.87152099609375,0.0010939157800748944,0.11767278611660004,8.683930354891345e-05,0.003155963961035013
centerline,81.34920563962724,0.0,0.5857142806053162,0.0,297.98077392578125,0.0011938081588596106,0.11945827305316925,9.352064807899296e-05,0.0032056900672614574
centerline,80.31305339601305,0.0,0.578253984451294,0.0,298.1116638183594,0.001308717648498714,0.1213485449552536,0.00010118837235495448,0.0032585347071290016
centerline,79.27689287397597,0.0,0.570793628692627,0.0,298.26629638671875,0.0014402318047359586,0.12333746254444122,0.0001099376313504763,0.003314359113574028
centerline,78.24074063036177,0.0,0.5633333325386047,0.0,298.44647216796875,0.001589976716786623,0.12542127072811127,0.00011986251047346741,0.003373082261532545
centerline,77.20458838674757,0.0,0.5558730363845825,0.0,298.6532897949219,0.001759401522576809,0.12759995460510254,0.0001310417428612709,0.0034347104374319315
centerline,76.1684278647105,0.0,0.5484126806259155,0.0,298.8874206542969,0.001949676196090877,0.12986911833286285,0.00014353456208482385,0.0034991223365068436
centerline,75.1322756210963,0.0,0.5409523844718933,0.0,299.14849853515625,0.0021615950390696526,0.1322244256734848,0.00015737247304059565,0.003566185012459755
centerline,74.0961233774821,0.0,0.5334920883178711,0.0,299.4353942871094,0.002395134884864092,0.13464757800102234,0.00017253393889404833,0.0036353766918182373
centerline,73.05996285544502,0.0,0.5260317325592041,0.0,299.74566650390625,0.0026491445023566484,0.13710616528987885,0.00018892290245275944,0.0037057811859995127
centerline,72.02381061183083,0.0,0.5185714364051819,0.0,300.0755920410156,0.0029210199136286974,0.13954922556877136,0.00020634816610254347,0.0037759689148515463
centerline,70.98765836821663,0.0,0.5111111402511597,0.0,300.42034912109375,0.0032067836727946997,0.1419142186641693,0.00022452561825048178,0.0038441845681518316
centerline,69.95149784617954,0.0,0.5036507844924927,0.0,300.7740173339844,0.0035012979060411453,0.14413774013519287,0.00024309524451382458,0.003908640705049038
centerline,68.91534560256534,0.0,0.49619048833847046,0.0,301.13037109375,0.0037991188000887632,0.14617042243480682,0.0002616796118672937,0.003967923577874899
centerline,67.8791892197397,0.0,0.48873016238212585,0.0,301.4841613769531,0.004095564130693674,0.1479867696762085,0.00027996106655336916,0.0040212757885456085
centerline,66.84303283691406,0.0,0.48126983642578125,0.0,301.8319091796875,0.004387544468045235,0.1495874673128128,0.0002977385593112558,0.004068671725690365
centerline,65.80687645408842,0.0,0.47380951046943665,0.0,302.17230224609375,0.004673933144658804,0.15099500119686127,0.0003149496915284544,0.004110702313482761
centerline,64.77072421047423,0.0,0.46634921431541443,0.0,302.5062561035156,0.00495552271604538,0.1522432565689087,0.0003316651564091444,0.004148298874497414
centerline,63.73456782764859,0.0,0.4588888883590698,0.0,302.8363952636719,0.005234523210674524,0.15336914360523224,0.0003480462764855474,0.004182496108114719
centerline,62.69841144482295,0.0,0.4514285624027252,0.0,303.166015625,0.005513810086995363,0.15440523624420166,0.00036429346073418856,0.004214225336909294
centerline,61.662259201208755,0.0,0.443968266248703,0.0,303.4983215332031,0.005796260666102171,0.15537719428539276,0.00038059992948547006,0.004244229290634394
centerline,60.62610281838311,0.0,0.4365079402923584,0.0,303.8359069824219,0.006084318272769451,0.15630409121513367,0.00039712508441880345,0.004273064900189638
centerline,59.58994643555747,0.0,0.4290476143360138,0.0,304.1807556152344,0.006379903294146061,0.15719932317733765,0.0004139909287914634,0.004301125183701515
centerline,58.553790052731834,0.0,0.4215872883796692,0.0,304.53411865234375,0.006684501189738512,0.15807262063026428,0.00043128873221576214,0.004328696057200432
centerline,57.51763780911764,0.0,0.414126992225647,0.0,304.8968505859375,0.006999201141297817,0.15893056988716125,0.0004490820865612477,0.004355969373136759
centerline,56.481481426292,0.0,0.40666666626930237,0.0,305.26934814453125,0.007324793376028538,0.1597779244184494,0.00046741488040424883,0.004383082035928965
centerline,55.445325043466354,0.0,0.39920634031295776,0.0,305.6518249511719,0.007661897223442793,0.1606178730726242,0.00048631714889779687,0.0044101267121732235
centerline,54.40917279985216,0.0,0.39174604415893555,0.0,306.04443359375,0.008011004887521267,0.161452978849411,0.0005058097885921597,0.004437173251062632
centerline,53.37301641702652,0.0,0.38428571820259094,0.0,306.4471130371094,0.008372524753212929,0.16228385269641876,0.0005259088356979191,0.004464241210371256
centerline,52.33686003420088,0.0,0.37682539224624634,0.0,306.85980224609375,0.008746778592467308,0.1631096601486206,0.0005466224974952638,0.004491307307034731
centerline,51.300703651375244,0.0,0.36936506628990173,0.0,307.2821350097656,0.009134002029895782,0.16392768919467926,0.0005679504247382283,0.004518295172601938
centerline,50.26455140776105,0.0,0.3619047701358795,0.0,307.7137145996094,0.00953431986272335,0.164732426404953,0.0005898848758079112,0.00454504881054163
centerline,49.22839502493541,0.0,0.3544444441795349,0.0,308.153564453125,0.009947269223630428,0.16551606357097626,0.0006123792845755816,0.0045713456347584724
centerline,48.192238642109764,0.0,0.3469841182231903,0.0,308.59674072265625,0.01037085521966219,0.1662713885307312,0.0006351963384076953,0.004596899729222059
centerline,47.15608639849557,0.0,0.3395238220691681,0.0,309.0420837402344,0.01080551091581583,0.1669713854789734,0.0006582587375305593,0.004620916210114956
centerline,46.11993001566993,0.0,0.3320634961128235,0.0,309.501220703125,0.011258977465331554,0.16758956015110016,0.000682131212670356,0.0046427869237959385
centerline,45.08377363284429,0.0,0.3246031701564789,0.0,310.0294494628906,0.01175133790820837,0.16822858154773712,0.0007095032487995923,0.004666411783546209
