profile,x_over_d,r_over_d,x_m,y_m,temperature,ch4,o2,co2,h2o,co
radial,0.75,0.0,0.005400000140070915,0.0,294.0717468261719,0.15635909140110016,0.19648608565330505,3.942341209040023e-06,3.0408668862946797e-06,1.5050793081172742e-05
radial,0.75,0.013157894298072077,0.005400000140070915,9.473683894611895e-05,294.07330322265625,0.15635885298252106,0.19648578763008118,4.027371687698178e-06,3.1075833248905838e-06,1.53725704876706e-05
radial,0.75,0.026315788596144155,0.005400000140070915,0.0001894736778922379,294.0780334472656,0.15635813772678375,0.19648486375808716,4.2872306948993355e-06,3.3115618407464353e-06,1.635573062230833e-05
radial,0.75,0.03947368289421623,0.005400000140070915,0.00028421051683835685,294.08624267578125,0.15635690093040466,0.1964832842350006,4.736450136988424e-06,3.66447329724906e-06,1.8054583051707596e-05
radial,0.75,0.05263157719228831,0.005400000140070915,0.0003789473557844758,294.098388671875,0.156355082988739,0.19648095965385437,5.400022928370163e-06,4.186417754681315e-06,2.0562480131047778e-05
radial,0.75,0.06578947553255905,0.005400000140070915,0.0004736842238344252,294.1151428222656,0.15635257959365845,0.1964777112007141,6.3145866988634225e-06,4.906907633994706e-06,2.4016137103899382e-05
radial,0.75,0.07894736578843246,0.005400000140070915,0.0005684210336767137,294.13739013671875,0.15634922683238983,0.19647344946861267,7.530273705924628e-06,5.866410447197268e-06,2.8602418751688674e-05
radial,0.75,0.09210526412870321,0.005400000140070915,0.0006631579017266631,294.1663818359375,0.15634489059448242,0.19646787643432617,9.113184205489233e-06,7.118414487194968e-06,3.456737249507569e-05
radial,0.75,0.10526315438457662,0.005400000140070915,0.0007578947115689516,294.20367431640625,0.15633930265903473,0.19646072387695312,1.114847600547364e-05,8.732027708902024e-06,4.222749703330919e-05
radial,0.75,0.11842105272484736,0.005400000140070915,0.000852631579618901,294.251220703125,0.15633216500282288,0.1964516043663025,1.374438579659909e-05,1.0795360140036792e-05,5.198437429498881e-05
radial,0.75,0.1315789510651181,0.005400000140070915,0.0009473684476688504,294.3116149902344,0.1563231199979782,0.19644004106521606,1.7037255020113662e-05,1.3419775314105209e-05,6.4342915720772e-05
radial,0.75,0.14473684132099152,0.005400000140070915,0.001042105257511139,294.38800048828125,0.15631172060966492,0.1964254230260849,2.1197827663854696e-05,1.6745227185310796e-05,7.99341723904945e-05
radial,0.75,0.15789473157686493,0.005400000140070915,0.0011368420673534274,294.4842529296875,0.15629735589027405,0.1964070200920105,2.6439109205966815e-05,2.094696174026467e-05,9.954380948329344e-05
radial,0.75,0.17105262183273834,0.005400000140070915,0.001231578877195716,294.60540771484375,0.1562792956829071,0.19638390839099884,3.303126140963286e-05,2.6246179913869128e-05,0.00012416805839166045
radial,0.75,0.18421052825740641,0.005400000140070915,0.0013263158034533262,294.7583923339844,0.15625646710395813,0.1963547170162201,4.1360268369317055e-05,3.2941094104899094e-05,0.00015524638001807034
radial,0.75,0.19736840234448513,0.005400000140070915,0.001421052496880293,294.9513854980469,0.1562276929616928,0.1963179111480713,5.187460919842124e-05,4.1390252590645105e-05,0.00019443717610556632
radial,0.75,0.21052630876915324,0.005400000140070915,0.0015157894231379032,295.19384765625,0.15619155764579773,0.19627168774604797,6.508179649244994e-05,5.2019982831552625e-05,0.00024359364761039615
radial,0.75,0.22368421519382134,0.005400000140070915,0.0016105263493955135,295.49810791015625,0.15614625811576843,0.1962137371301651,8.165300823748112e-05,6.538244633702561e-05,0.00030517569393850863
radial,0.75,0.23684210544969472,0.005400000140070915,0.001705263159237802,295.87994384765625,0.1560894399881363,0.1961410641670227,0.00010244642908219248,8.218176662921906e-05,0.00038232665974646807
radial,0.75,0.24999999570556813,0.005400000140070915,0.0017999999690800905,296.3594055175781,0.15601813793182373,0.19604989886283875,0.00012855618842877448,0.0001033173903124407,0.0004790475941263139
radial,0.75,0.2631579021302362,0.005400000140070915,0.0018947368953377008,296.96234130859375,0.15592852234840393,0.19593530893325806,0.000161390082212165,0.00012994877761229873,0.0006004787283018231
radial,0.75,0.27631577621731496,0.005400000140070915,0.0019894735887646675,297.72235107421875,0.15581564605236053,0.19579099118709564,0.00020277858129702508,0.0001635861990507692,0.0007532929303124547
radial,0.75,0.28947368264198303,0.005400000140070915,0.002084210515022278,298.6834716796875,0.15567293763160706,0.19560860097408295,0.0002551272918935865,0.00020621807198040187,0.0009462464367970824
radial,0.75,0.30263158906665116,0.005400000140070915,0.002178947441279888,299.9041748046875,0.15549176931381226,0.19537705183029175,0.00032163268770091236,0.0002604912733659148,0.0011909560998901725
radial,0.75,0.31578946315372985,0.005400000140070915,0.002273684134706855,301.4629211425781,0.15526045858860016,0.19508150219917297,0.0004065918910782784,0.0003299708478152752,0.0015030133072286844
radial,0.75,0.32894733724080855,0.005400000140070915,0.0023684208281338215,303.46624755859375,0.1549631953239441,0.19470173120498657,0.0005158508429303765,0.0004195164074189961,0.0019035928416997194
radial,0.75,0.3421052436654767,0.005400000140070915,0.002463157754391432,306.0604248046875,0.15457817912101746,0.19420990347862244,0.0006574626895599067,0.0005358365015126765,0.0024218095932155848
radial,0.75,0.35526315009014475,0.005400000140070915,0.002557894680649042,309.4495849609375,0.15407487750053406,0.19356711208820343,0.0008427014108747244,0.0006883450550958514,0.003098342102020979
radial,0.75,0.36842105651481283,0.005400000140070915,0.0026526316069066525,313.9253845214844,0.15340957045555115,0.1927175670862198,0.001087753800675273,0.0008905905415304005,0.00399146880954504
radial,0.75,0.38157896293948096,0.005400000140070915,0.0027473685331642628,319.90869140625,0.15251874923706055,0.19158028066158295,0.0014161297585815191,0.0011623089667409658,0.005185617133975029
radial,0.75,0.39473680468897027,0.005400000140070915,0.002842104993760586,328.0208740234375,0.15130797028541565,0.19003483653068542,0.0018628337420523167,0.0015329879242926836,0.006806109566241503
radial,0.75,0.40789471111363834,0.005400000140070915,0.002936841920018196,339.4736328125,0.14959196746349335,0.18784508109092712,0.0024965391494333744,0.002060478553175926,0.00909880269318819
radial,0.75,0.4210526175383065,0.005400000140070915,0.0030315788462758064,356.44805908203125,0.1470327377319336,0.18458008766174316,0.0034425929188728333,0.002850524615496397,0.012511874549090862
radial,0.75,0.43421052396297455,0.005400000140070915,0.0031263157725334167,380.2757568359375,0.1434204876422882,0.17997530102729797,0.0047808559611439705,0.003981282003223896,0.017302032560110092
radial,0.75,0.4473684303876427,0.005400000140070915,0.003221052698791027,410.38623046875,0.13883331418037415,0.17413577437400818,0.006486488506197929,0.00545107526704669,0.023326115682721138
radial,0.75,0.460526272137132,0.005400000140070915,0.00331578915938735,446.78216552734375,0.13325247168540955,0.16704295575618744,0.008571178652346134,0.007287358865141869,0.030570168048143387
radial,0.75,0.47368421089938945,0.005400000140070915,0.003410526318475604,491.18353271484375,0.12637442350387573,0.1583154946565628,0.011153062805533409,0.009606877341866493,0.03939627856016159
radial,0.75,0.4868420849864682,0.005400000140070915,0.0035052630119025707,543.9412231445312,0.11812104284763336,0.1478668451309204,0.014271927997469902,0.012478348799049854,0.049824412912130356
radial,0.75,0.49999999141113627,0.005400000140070915,0.003599999938160181,602.9639282226562,0.10885562002658844,0.13618403673171997,0.017811357975006104,0.01586008630692959,0.06123236566781998
radial,0.75,0.5115740673823489,0.005400000140070915,0.003683333285152912,661.3253173828125,0.09961125999689102,0.12457183003425598,0.02137659676373005,0.019360650330781937,0.07236266136169434
radial,0.75,0.5231481433535615,0.005400000140070915,0.0037666666321456432,725.8541259765625,0.08933316171169281,0.11171995103359222,0.025384647771716118,0.02340986579656601,0.0844169557094574
radial,0.75,0.5347222193247743,0.005400000140070915,0.0038499999791383743,792.642333984375,0.0788925439119339,0.09878259152173996,0.02955080009996891,0.02785543166100979,0.09599140286445618
radial,0.75,0.5415076157078147,0.005400000140070915,0.003898854833096266,834.5880737304688,0.07244057208299637,0.09085152298212051,0.032177139073610306,0.030776510015130043,0.10278771817684174
radial,0.75,0.5483619558314482,0.005400000140070915,0.003948206081986427,882.327880859375,0.065018430352211,0.08174064755439758,0.03520732372999191,0.03416534513235092,0.11054390668869019
radial,0.75,0.5552860804729992,0.005400000140070915,0.003998059779405594,932.1705322265625,0.057393550872802734,0.07244810461997986,0.03837563842535019,0.03781396895647049,0.11815491318702698
radial,0.75,0.5622805717090765,0.005400000140070915,0.004048420116305351,980.9613647460938,0.05026032775640488,0.06387484818696976,0.0414406955242157,0.04153747111558914,0.12462107837200165
radial,0.75,0.5693460762914684,0.005400000140070915,0.0040992917492985725,1030.831298828125,0.04310189560055733,0.05533015727996826,0.044568147510290146,0.04543379694223404,0.13077792525291443
radial,0.75,0.576483434997499,0.005400000140070915,0.004150680731981993,1078.031494140625,0.03678278625011444,0.04796624183654785,0.0474737212061882,0.04924466833472252,0.13535447418689728
radial,0.75,0.5836932299037775,0.005400000140070915,0.004202591255307198,1122.0419921875,0.031430140137672424,0.041931912302970886,0.05010613799095154,0.052917346358299255,0.1382206380367279
radial,0.75,0.5909764958131645,0.005400000140070915,0.004255030769854784,1168.00048828125,0.02586779184639454,0.03564223647117615,0.05284653231501579,0.056767940521240234,0.1411781907081604
radial,0.75,0.5983336207767328,0.005400000140070915,0.004308002069592476,1214.177734375,0.020508918911218643,0.029672186821699142,0.0555698499083519,0.06067035719752312,0.1435774564743042
radial,0.75,0.6057657042725219,0.005400000140070915,0.0043615130707621574,1256.319580078125,0.01630423776805401,0.025316275656223297,0.05797094851732254,0.06429795920848846,0.14402633905410767
radial,0.75,0.6132731990267833,0.005400000140070915,0.00441556703299284,1295.884765625,0.01290891133248806,0.022051848471164703,0.060144439339637756,0.06773904711008072,0.14315694570541382
radial,0.75,0.6208570104920202,0.005400000140070915,0.004470170475542545,1335.4464111328125,0.009685827419161797,0.01900589093565941,0.062277212738990784,0.07116679847240448,0.14198514819145203
radial,0.75,0.6285179794455568,0.005400000140070915,0.004525329452008009,1370.419189453125,0.00736794900149107,0.017345642670989037,0.0641174465417862,0.07418063282966614,0.13940592110157013
radial,0.75,0.6362566879640023,0.005400000140070915,0.0045810481533408165,1401.0802001953125,0.005901614669710398,0.016947902739048004,0.06567931175231934,0.07679995149374008,0.13556841015815735
radial,0.75,0.6440741708502173,0.005400000140070915,0.004637334030121565,1431.8251953125,0.004592095501720905,0.01665901020169258,0.06720174849033356,0.07940363138914108,0.13158515095710754
radial,0.75,0.6519710748559899,0.005400000140070915,0.004694191738963127,1463.17333984375,0.003375285305082798,0.016368534415960312,0.06871623545885086,0.08203399181365967,0.12754446268081665
radial,0.75,0.6599482407586442,0.005400000140070915,0.004751627333462238,1494.91845703125,0.0022755893878638744,0.01613367348909378,0.07021747529506683,0.08466827869415283,0.12339243292808533
radial,0.75,0.6680065093355047,0.005400000140070915,0.004809646867215633,1523.6923828125,0.0014992295764386654,0.016535896807909012,0.07162098586559296,0.08697092533111572,0.11875823140144348
radial,0.75,0.6761466566887167,0.005400000140070915,0.00486825592815876,1548.6553955078125,0.0010732872178778052,0.017672933638095856,0.07292727380990982,0.08885447680950165,0.1136031448841095
radial,0.75,0.6843695235956047,0.005400000140070915,0.004927460569888353,1573.27587890625,0.0007653057691641152,0.018896471709012985,0.0742458924651146,0.09065945446491241,0.1083645448088646
radial,0.75,0.6926760155086716,0.005400000140070915,0.0049872673116624355,1598.748291015625,0.0005027083680033684,0.019997194409370422,0.07560963928699493,0.09250277280807495,0.10317720472812653
radial,0.75,0.7010669085300631,0.005400000140070915,0.005047681741416454,1623.35107421875,0.00030183448689058423,0.02120012417435646,0.07696594297885895,0.09421952068805695,0.09798775613307953
radial,0.75,0.7095431081122823,0.005400000140070915,0.005108710378408432,1644.381591796875,0.00017836299957707524,0.022824179381132126,0.07823969423770905,0.0955541655421257,0.09275059401988983
radial,0.75,0.7181054550326533,0.005400000140070915,0.005170359276235104,1663.4803466796875,0.00011279035970801488,0.02463410794734955,0.07947055250406265,0.0966794490814209,0.08753945678472519
radial,0.75,0.7267547900685006,0.005400000140070915,0.005232634488493204,1683.4853515625,7.393847045022994e-05,0.02626807615160942,0.0807550698518753,0.09786558896303177,0.08242195844650269
radial,0.75,0.735492083347506,0.005400000140070915,0.005295543000102043,1702.6083984375,4.760484443977475e-05,0.027925068512558937,0.08204779028892517,0.09893909096717834,0.07739449292421341
radial,0.75,0.7443181756469939,0.005400000140070915,0.005359090864658356,1718.279052734375,3.1345967727247626e-05,0.029882164672017097,0.08324776589870453,0.09967346489429474,0.07247031480073929
radial,0.75,0.7532339724194672,0.005400000140070915,0.005423284601420164,1732.49072265625,2.0925870558130555e-05,0.03190476819872856,0.08445089310407639,0.10024146735668182,0.06765184551477432
radial,0.75,0.762240443792608,0.005400000140070915,0.005488131195306778,1747.4202880859375,1.2765065548592247e-05,0.03374858200550079,0.08574964106082916,0.10083362460136414,0.06293696165084839
radial,0.75,0.7713383658685619,0.005400000140070915,0.005553636234253645,1760.530517578125,7.0932646849541925e-06,0.035680994391441345,0.08699898421764374,0.10125111043453217,0.058368247002363205
radial,0.75,0.7805287734501892,0.005400000140070915,0.005619807168841362,1771.00146484375,3.9566439227201045e-06,0.03777749091386795,0.08815871179103851,0.10144035518169403,0.0539531484246254
radial,0.75,0.7898126366651721,0.005400000140070915,0.005686650983989239,1780.10888671875,2.4598055006208597e-06,0.039890531450510025,0.0893043503165245,0.10150843858718872,0.04967638850212097
radial,0.75,0.7991907962908348,0.005400000140070915,0.00575417373329401,1787.7685546875,1.5771213384141447e-06,0.042022380977869034,0.09041864424943924,0.10144712030887604,0.045565929263830185
radial,0.75,0.8086644164803956,0.005400000140070915,0.005822383798658848,1793.431396484375,9.646355465520173e-07,0.04422125220298767,0.0914432629942894,0.10122539103031158,0.041661329567432404
radial,0.75,0.818234273336,0.005400000140070915,0.005891286768019199,1796.81298828125,5.514175995813275e-07,0.04650622606277466,0.09233833849430084,0.10083567351102829,0.03799187391996384
radial,0.75,0.827901272310151,0.005400000140070915,0.005960889160633087,1798.264892578125,2.7577385708354996e-07,0.048831358551979065,0.0931129902601242,0.10031522065401077,0.03456459939479828
radial,0.75,0.8376667069064246,0.005400000140070915,0.006031200289726257,1798.310302734375,1.293738876029238e-07,0.051131851971149445,0.09382481873035431,0.09970443695783615,0.0313512459397316
radial,0.75,0.8475313532269664,0.005400000140070915,0.0061022257432341576,1797.0816650390625,7.514654498663731e-08,0.05338813364505768,0.09447626769542694,0.09901899099349976,0.028356708586215973
radial,0.75,0.8574961167242792,0.005400000140070915,0.00617397204041481,1794.0224609375,4.901561112546915e-08,0.05565415322780609,0.09497100114822388,0.09823773056268692,0.02564561739563942
radial,0.75,0.8675622909019391,0.005400000140070915,0.006246448494493961,1788.83251953125,3.1904146879924156e-08,0.05795451998710632,0.09525252133607864,0.09735676646232605,0.023254631087183952
radial,0.75,0.8777307812124491,0.005400000140070915,0.006319661624729633,1782.389892578125,2.0482744389482832e-08,0.060207486152648926,0.09538377821445465,0.09643690288066864,0.021148990839719772
radial,0.75,0.8880026224586699,0.005400000140070915,0.006393618881702423,1775.2008056640625,1.2633211809998102e-08,0.06237410381436348,0.09540197998285294,0.09551304578781128,0.01929647848010063
radial,0.75,0.8983788494434621,0.005400000140070915,0.0064683277159929276,1766.44677734375,7.559593839800982e-09,0.06454101949930191,0.09523086994886398,0.09454146027565002,0.017719440162181854
radial,0.75,0.9088606263200443,0.005400000140070915,0.006543796509504318,1756.82666015625,4.377600948402005e-09,0.0666559636592865,0.09493622183799744,0.09356032311916351,0.01636696420609951
radial,0.75,0.9194488585409191,0.005400000140070915,0.0066200317814946175,1747.395751953125,2.4264816822494595e-09,0.06863629817962646,0.09462040662765503,0.09262493252754211,0.015166755765676498
radial,0.75,0.9301447102593051,0.005400000140070915,0.006697041913866997,1737.332763671875,1.4543082293982934e-09,0.07057210803031921,0.0942143127322197,0.09168775379657745,0.014132805168628693
radial,0.75,0.9409492162780629,0.005400000140070915,0.006774834357202053,1726.164306640625,1.0737986055886495e-09,0.07252311706542969,0.09367462992668152,0.09072089195251465,0.013267330825328827
radial,0.75,0.9518636701007684,0.005400000140070915,0.0068534184247255325,1714.634765625,8.967303566365104e-10,0.07443924248218536,0.09306980669498444,0.08976045250892639,0.012516524642705917
radial,0.75,0.9628890418551035,0.005400000140070915,0.006932801101356745,1703.04638671875,7.833182436023378e-10,0.07631088048219681,0.09243405610322952,0.08881696313619614,0.01184146013110876
radial,0.75,0.9740264310191076,0.005400000140070915,0.007012990303337574,1691.220947265625,6.836891053296767e-10,0.07817317545413971,0.09176001697778702,0.0878743976354599,0.01122206263244152
radial,0.75,0.9852770017459989,0.005400000140070915,0.007093994412571192,1679.191162109375,5.939166936030915e-10,0.08002707362174988,0.09105344116687775,0.08693324774503708,0.010649703443050385
radial,0.75,0.9966419181889958,0.005400000140070915,0.00717582181096077,1666.520263671875,5.200051500509062e-10,0.08191591501235962,0.09027709066867828,0.08597025275230408,0.010136032477021217
radial,0.75,1.0081224091764953,0.005400000140070915,0.0072584813460707664,1651.6290283203125,4.687825128080192e-10,0.08403575420379639,0.08931509405374527,0.08488297462463379,0.009670751169323921
radial,0.75,1.019719574186537,0.005400000140070915,0.007341980934143066,1633.87158203125,4.265159891936321e-10,0.08650295436382294,0.0881405919790268,0.08361400663852692,0.009195931255817413
radial,0.75,1.0314346420475178,0.005400000140070915,0.007426329422742128,1614.1517333984375,3.807162640701023e-10,0.0892229676246643,0.08683228492736816,0.0822148472070694,0.008687781170010567
radial,0.75,1.0432687122374773,0.005400000140070915,0.007511534728109837,1593.4119873046875,3.6020658678026507e-10,0.0920640230178833,0.08545573055744171,0.08075268566608429,0.008168954402208328
radial,0.75,1.0552231429351702,0.005400000140070915,0.0075976066291332245,1571.959716796875,3.634116341189042e-10,0.09496861696243286,0.08402640372514725,0.07925663143396378,0.0076644835062325
radial,0.75,1.0672989689434569,0.005400000140070915,0.007684552576392889,1547.8837890625,4.2224199137130825e-10,0.09808385372161865,0.0823737233877182,0.07764483243227005,0.007266722619533539
radial,0.75,1.0794976777914498,0.005400000140070915,0.007772383280098438,1520.9384765625,5.508613565297082e-10,0.1014493852853775,0.08048667758703232,0.07589652389287949,0.006959622260183096
radial,0.75,1.0918202396068308,0.005400000140070915,0.007861105725169182,1492.693359375,7.06235181446857e-10,0.10495965927839279,0.07851394265890121,0.0740719884634018,0.006645401008427143
radial,0.75,1.10426827126907,0.005400000140070915,0.007950731553137302,1463.1778564453125,8.687448538324816e-10,0.10861282050609589,0.07645948976278305,0.07217297703027725,0.006319868378341198
radial,0.75,1.1168426782306697,0.005400000140070915,0.008041267283260822,1432.4573974609375,1.0040905884523e-09,0.11240029335021973,0.07432828098535538,0.07020523399114609,0.005981955677270889
radial,0.75,1.1295448833455641,0.005400000140070915,0.008132723160088062,1400.532958984375,1.0961976881773694e-09,0.11632238328456879,0.07212270796298981,0.06816928833723068,0.005627803970128298
radial,0.75,1.1423760507669714,0.005400000140070915,0.008225107565522194,1367.2772216796875,1.1299289282007408e-09,0.12039549648761749,0.06983694434165955,0.06605729460716248,0.005251115188002586
radial,0.75,1.1553378620495398,0.005400000140070915,0.008318432606756687,1332.42431640625,1.0871663569389511e-09,0.12465369701385498,0.06745647639036179,0.0638524517416954,0.00484240148216486
radial,0.75,1.1684313519961305,0.005400000140070915,0.008412705734372139,1296.1636962890625,9.49349932000132e-10,0.1290760189294815,0.06499839574098587,0.06156646087765694,0.00439639575779438
radial,0.75,1.1816579434606764,0.005400000140070915,0.00850793719291687,1257.8570556640625,7.91804177779909e-10,0.1336352825164795,0.06240292266011238,0.05920900031924248,0.004004092421382666
radial,0.75,1.1950188005963962,0.005400000140070915,0.008604135364294052,1216.8275146484375,7.338252783206656e-10,0.1383078247308731,0.05960363894701004,0.056786246597766876,0.003763713873922825
radial,0.75,1.2085157343082957,0.005400000140070915,0.00870131328701973,1174.949951171875,7.347130126511559e-10,0.14297813177108765,0.05674588680267334,0.05436157435178757,0.0035928976722061634
radial,0.75,1.222149779399236,0.005400000140070915,0.0087994784116745,1133.505859375,7.180173122733891e-10,0.14760048687458038,0.053936444222927094,0.05196337774395943,0.0034002489410340786
radial,0.75,1.2359223587231505,0.005400000140070915,0.008898640982806683,1092.3807373046875,6.838073440817993e-10,0.15218845009803772,0.051167428493499756,0.04958463832736015,0.0031848368234932423
radial,0.75,1.2498348951339722,0.005400000140070915,0.0089988112449646,1051.93017578125,6.32811469891692e-10,0.15670321881771088,0.04846232384443283,0.047245439141988754,0.0029484755359590054
radial,0.75,1.2638889408359926,0.005400000140070915,0.009100000374019146,1012.4933471679688,5.726922824855762e-10,0.16110718250274658,0.04584278166294098,0.04496511071920395,0.0026943604461848736
radial,0.75,1.2800925307803683,0.005400000140070915,0.009216666221618652,968.9578247070312,6.628158022436992e-10,0.16597601771354675,0.04296782240271568,0.04244399070739746,0.0023900826927274466
radial,0.75,1.2962962500751019,0.005400000140070915,0.009333333000540733,927.6265869140625,8.068316015297228e-10,0.17060524225234985,0.04025242105126381,0.04004726558923721,0.0020802882499992847
radial,0.75,1.3124999693698354,0.005400000140070915,0.009449999779462814,888.2010498046875,7.622666942097567e-10,0.17502443492412567,0.03767535090446472,0.03776157274842262,0.0017646125052124262
radial,0.75,1.322034125526746,0.005400000140070915,0.009518645703792572,865.3717041015625,6.597518087403387e-10,0.17758478224277496,0.036188989877700806,0.036438316106796265,0.0015729344449937344
radial,0.75,1.3316050171852112,0.005400000140070915,0.00958755612373352,841.3352661132812,5.651855650157245e-10,0.18021422624588013,0.03463025018572807,0.03507768735289574,0.0014131846837699413
radial,0.75,1.3412129030459456,0.005400000140070915,0.009656732901930809,816.129638671875,5.2730952937452e-10,0.18287789821624756,0.033001627773046494,0.0336964912712574,0.0013089742278680205
radial,0.75,1.3508579124593072,0.005400000140070915,0.009726176969707012,791.7896728515625,5.045583395535402e-10,0.18542170524597168,0.03143244981765747,0.03237669914960861,0.0012254004832357168
radial,0.75,1.3605401747756534,0.005400000140070915,0.009795889258384705,769.3126220703125,4.733415326363399e-10,0.18777179718017578,0.02998565137386322,0.031157679855823517,0.001144670881330967
radial,0.75,1.370259819345342,0.005400000140070915,0.009865870699286461,748.4956665039062,4.37392538854553e-10,0.18994878232479095,0.02864750847220421,0.03002864122390747,0.0010673385113477707
radial,0.75,1.38001697551873,0.005400000140070915,0.009936122223734856,728.967041015625,3.9891684400217287e-10,0.1919911503791809,0.027393639087677002,0.028969556093215942,0.0009929462103173137
radial,0.75,1.3898120313468907,0.005400000140070915,0.010006646625697613,710.464111328125,3.5928535147000673e-10,0.1939261257648468,0.026206817477941513,0.027966249734163284,0.0009211046854034066
radial,0.75,1.3996445987787511,0.005400000140070915,0.010077441111207008,692.8302612304688,3.1949892731475416e-10,0.19576996564865112,0.025076746940612793,0.027010265737771988,0.0008516379748471081
radial,0.75,1.4095153245660994,0.005400000140070915,0.010148510336875916,675.955322265625,2.8031912902015677e-10,0.19753411412239075,0.02399614453315735,0.02609565109014511,0.0007844388019293547
radial,0.75,1.419424338059293,0.005400000140070915,0.010219855234026909,659.751220703125,2.423237166482295e-10,0.1992276906967163,0.022959206253290176,0.02521764114499092,0.0007194101344794035
radial,0.75,1.4293713805576167,0.005400000140070915,0.01029147394001484,644.1473388671875,2.059614145899502e-10,0.20085805654525757,0.02196126990020275,0.024372411891818047,0.0006564668146893382
radial,0.75,1.4393569694625008,0.005400000140070915,0.010363370180130005,629.100341796875,1.7162435361761652e-10,0.20242977142333984,0.02099943719804287,0.023557599633932114,0.0005955915548838675
radial,0.75,1.4493811047739453,0.005400000140070915,0.010435543954372406,614.5894775390625,1.396719129242996e-10,0.20394496619701385,0.020072270184755325,0.02277207002043724,0.0005368323181755841
radial,0.75,1.4594437864919505,0.005400000140070915,0.010507995262742043,600.517578125,1.1023289919753765e-10,0.205413818359375,0.019173473119735718,0.02201055735349655,0.00047990487655624747
radial,0.75,1.4695455320179462,0.005400000140070915,0.010580727830529213,586.5535888671875,8.390026173810128e-11,0.20686668157577515,0.018282925710082054,0.021257229149341583,0.00042535545071586967
radial,0.75,1.479686341351933,0.005400000140070915,0.010653741657733917,572.2471923828125,6.398613583424861e-11,0.20832723379135132,0.0173780620098114,0.020499451085925102,0.00038130805478431284
radial,0.75,1.4898662144939105,0.005400000140070915,0.010727036744356155,557.9705810546875,4.958441990332574e-11,0.20975852012634277,0.016482248902320862,0.019756443798542023,0.0003483360633254051
radial,0.75,1.500085410144594,0.005400000140070915,0.010800614953041077,544.4780883789062,3.6788752599825614e-11,0.2111072540283203,0.01563689298927784,0.019056228920817375,0.00031862975447438657
radial,0.75,1.5103439283039835,0.005400000140070915,0.010874476283788681,531.8829345703125,2.6228227922864278e-11,0.21236583590507507,0.014847763814032078,0.01840277761220932,0.0002912767813540995
radial,0.75,1.5206422863735094,0.005400000140070915,0.010948624461889267,520.0526733398438,1.8168270707330514e-11,0.21354752779006958,0.014106400310993195,0.017789188772439957,0.0002661692560650408
radial,0.75,1.5309804843531716,0.005400000140070915,0.011023059487342834,508.86126708984375,1.3175731339298835e-11,0.21466511487960815,0.013404591009020805,0.017208809033036232,0.00024329955340363085
radial,0.75,1.54135852224297,0.005400000140070915,0.011097781360149384,498.229736328125,1.058284102711804e-11,0.21572640538215637,0.012737495824694633,0.016657598316669464,0.00022239633835852146
radial,0.75,1.55177665874362,0.005400000140070915,0.011172791942954063,488.1046142578125,8.879024251950973e-12,0.21673646569252014,0.012102184817194939,0.016132958233356476,0.0002029977913480252
radial,0.75,1.5622348938551214,0.005400000140070915,0.011248091235756874,478.44024658203125,7.862050420415212e-12,0.21769988536834717,0.011495815590023994,0.015632521361112595,0.00018496843404136598
radial,0.75,1.5727337449789047,0.005400000140070915,0.011323682963848114,469.20245361328125,6.918892542229216e-12,0.21861997246742249,0.010916434228420258,0.015154581516981125,0.00016806003986857831
radial,0.75,1.5832729534142547,0.005400000140070915,0.011399565264582634,460.3646240234375,6.044885945966083e-12,0.21949946880340576,0.010362351313233376,0.014697729609906673,0.000152205306221731
radial,0.75,1.5938530365626018,0.005400000140070915,0.011475741863250732,451.89654541015625,5.2349713106081275e-12,0.22034138441085815,0.009831657633185387,0.014260378666222095,0.00013732947991229594
radial,0.75,1.604473994423946,0.005400000140070915,0.01155221275985241,443.73162841796875,4.503595413263284e-12,0.22115135192871094,0.009320598095655441,0.013839609920978546,0.00012357326340861619
radial,0.75,1.6151358269982867,0.005400000140070915,0.011628977954387665,435.76544189453125,3.940598281709784e-12,0.22193458676338196,0.008824811317026615,0.01343267597258091,0.00011201782035641372
radial,0.75,1.6258389223366976,0.005400000140070915,0.011706040240824223,428.0167236328125,3.549580768202887e-12,0.22268852591514587,0.00834582094103098,0.01304088719189167,0.00010277605906594545
radial,0.75,1.6365834097895358,0.005400000140070915,0.011783400550484657,420.61895751953125,3.2238703893960885e-12,0.2234056293964386,0.007889636792242527,0.012668205425143242,9.461268928134814e-05
radial,0.75,1.6473691600064437,0.005400000140070915,0.011861057952046394,413.6260986328125,2.925327948627432e-12,0.22408287227153778,0.007458675652742386,0.012316247448325157,8.70666845003143e-05
radial,0.75,1.6581968197392094,0.005400000140070915,0.011939017102122307,407.0144958496094,2.6519858357942905e-12,0.22472256422042847,0.00705145625397563,0.01198379322886467,8.009637531358749e-05
radial,0.75,1.6690663889878325,0.005400000140070915,0.012017278000712395,400.7497863769531,2.401450566180685e-12,0.22532813251018524,0.006665830500423908,0.011669076979160309,7.364887278527021e-05
radial,0.75,1.6799776090515985,0.005400000140070915,0.012095838785171509,394.8070983886719,2.1717111615970897e-12,0.2259019911289215,0.006300241686403751,0.011370817199349403,6.768079765606672e-05
radial,0.75,1.6909312560326524,0.005400000140070915,0.012174705043435097,389.1680908203125,1.961033115407962e-12,0.22644606232643127,0.005953537300229073,0.011088058352470398,6.215553730726242e-05
radial,0.75,1.7019270712302792,0.005400000140070915,0.01225387491285801,383.8177185058594,1.7678419492184183e-12,0.22696179151535034,0.005624763667583466,0.010820012539625168,5.704018985852599e-05
radial,0.75,1.7129653133451939,0.005400000140070915,0.012333350256085396,378.74432373046875,1.5907223455124964e-12,0.2274504154920578,0.005313177593052387,0.010566061362624168,5.230560782365501e-05
radial,0.75,1.7240464997788272,0.005400000140070915,0.012413134798407555,373.93536376953125,1.4282834897433316e-12,0.22791315615177155,0.005017989780753851,0.010325547307729721,4.792272375198081e-05
radial,0.75,1.7351701131297483,0.005400000140070915,0.012493224814534187,369.36505126953125,1.2810843965510577e-12,0.2283523678779602,0.004737700801342726,0.010097267106175423,4.389268360682763e-05
radial,0.75,1.746336929500103,0.005400000140070915,0.012573625892400742,364.99468994140625,1.1567745459434287e-12,0.22877076268196106,0.004470410756766796,0.009879783727228642,4.034317680634558e-05
radial,0.75,1.757546690189176,0.005400000140070915,0.012654336169362068,360.8106994628906,1.0591929893929986e-12,0.229169100522995,0.004215591587126255,0.009672725573182106,3.7348803743952885e-05
radial,0.75,1.768799912598398,0.005400000140070915,0.012735359370708466,356.84246826171875,9.774263646719628e-13,0.2295456826686859,0.0039744870737195015,0.009476959705352783,3.472178286756389e-05
radial,0.75,1.7800965967277687,0.005400000140070915,0.012816695496439934,353.11651611328125,9.027392006664969e-13,0.22989904880523682,0.0037482092157006264,0.0092932665720582,3.2303971238434315e-05
radial,0.75,1.7914370012780032,0.005400000140070915,0.012898346409201622,349.63055419921875,8.344599967610722e-13,0.230229452252388,0.003536586184054613,0.00912149716168642,3.0079821954132058e-05
radial,0.75,1.8028211262491014,0.005400000140070915,0.01298031210899353,346.37200927734375,7.719534646927206e-13,0.23053815960884094,0.0033388410229235888,0.00896101351827383,2.8032092814100906e-05
radial,0.75,1.8142491009914212,0.005400000140070915,0.013062593527138233,343.33001708984375,7.146544640790342e-13,0.2308262288570404,0.003154292469844222,0.008811257779598236,2.614540426293388e-05
radial,0.75,1.8257211842056777,0.005400000140070915,0.01314519252628088,340.495361328125,6.620710923943562e-13,0.2310945838689804,0.0029823672957718372,0.008671758696436882,2.440635762468446e-05
radial,0.75,1.8372378932933013,0.005400000140070915,0.013228112831711769,337.85882568359375,6.137566583436227e-13,0.2313440889120102,0.002822489943355322,0.008542044088244438,2.280256012454629e-05
radial,0.75,1.8487987108528614,0.005400000140070915,0.013311350718140602,335.41082763671875,5.693090313410587e-13,0.23157571256160736,0.00267407251521945,0.008421634323894978,2.132262488885317e-05
radial,0.75,1.8604045423368614,0.005400000140070915,0.013394912704825401,333.1419677734375,5.283712378213734e-13,0.23179033398628235,0.002536530839279294,0.008310051634907722,1.9956212781835347e-05
radial,0.75,1.8720548703438706,0.005400000140070915,0.013478795066475868,331.039306640625,4.905725348516854e-13,0.23198924958705902,0.002409074455499649,0.008206652477383614,1.8692095181904733e-05
radial,0.75,1.8837504709760349,0.005400000140070915,0.01356300339102745,329.08074951171875,4.566209606607363e-13,0.23217430710792542,0.0022904514335095882,0.008110437542200089,1.754078948579263e-05
radial,0.75,1.8954910855326388,0.005400000140070915,0.013647535815834999,327.2427978515625,4.282414809049506e-13,0.23234744369983673,0.0021794121712446213,0.008020426146686077,1.6536563634872437e-05
radial,0.75,1.907277231415113,0.005400000140070915,0.013732396066188812,325.51702880859375,4.042259148934191e-13,0.232509583234787,0.002075377618893981,0.007936133071780205,1.565225829835981e-05
radial,0.75,1.9191087792730994,0.005400000140070915,0.013817583210766315,323.90380859375,3.8208515127854947e-13,0.23266106843948364,0.0019781661685556173,0.007857373915612698,1.4832312444923446e-05
radial,0.75,1.9309858584569561,0.005400000140070915,0.013903098180890083,322.39471435546875,3.612758421416007e-13,0.23280277848243713,0.0018872269429266453,0.007783694192767143,1.4062643458601087e-05
radial,0.75,1.9429091157184708,0.005400000140070915,0.013988945633172989,320.9732360839844,3.416244609248664e-13,0.23293626308441162,0.0018015705281868577,0.007714293897151947,1.3336308256839402e-05
radial,0.75,1.9548781630065706,0.005400000140070915,0.014075122773647308,319.62255859375,3.229637694432408e-13,0.23306308686733246,0.0017201865557581186,0.007648354861885309,1.2646485629375093e-05
radial,0.75,1.9668935177226863,0.005400000140070915,0.01416163332760334,318.32745361328125,3.051490538117513e-13,0.23318469524383545,0.0016421547625213861,0.007585133425891399,1.1987170182692353e-05
radial,0.75,1.9789554385675325,0.005400000140070915,0.014248479157686234,317.0733642578125,2.8804888162203834e-13,0.23330239951610565,0.0015666070394217968,0.007523927837610245,1.1352833098499104e-05
radial,0.75,1.9910639255411096,0.005400000140070915,0.014335660263895988,315.84686279296875,2.7154434300083463e-13,0.23341751098632812,0.0014927384909242392,0.007464086636900902,1.0738429409684613e-05
radial,0.75,2.0032189786434174,0.005400000140070915,0.014423176646232605,314.63641357421875,2.5553322478832907e-13,0.23353107273578644,0.0014198485296219587,0.007405044045299292,1.0139599908143282e-05
radial,0.75,2.015421244626244,0.005400000140070915,0.014511032961308956,313.4328918457031,2.399372746927225e-13,0.23364394903182983,0.0013473983854055405,0.0073463632725179195,9.553008567309007e-06
radial,0.75,2.0276703354385166,0.005400000140070915,0.014599226415157318,312.23126220703125,2.2471126793089519e-13,0.23375657200813293,0.001275080954656005,0.007287797052413225,8.976729077403434e-06
radial,0.75,2.03996702718238,0.005400000140070915,0.014687762595713139,311.0311279296875,2.0984841468674187e-13,0.2338690459728241,0.0012028716737404466,0.007229324895888567,8.410524060309399e-06
radial,0.75,2.0523110611571207,0.005400000140070915,0.014776639640331268,309.836669921875,1.953783543371529e-13,0.2339809238910675,0.0011310246773064137,0.007171152159571648,7.855771400500089e-06
radial,0.75,2.06470282541381,0.005400000140070915,0.014865860342979431,308.6554870605469,1.8135471423208482e-13,0.23409152030944824,0.0010599936358630657,0.007113645784556866,7.314955837500747e-06
radial,0.75,2.077142449302806,0.005400000140070915,0.014955425634980202,307.49639892578125,1.6783701707080712e-13,0.23420001566410065,0.0009903046302497387,0.0070572299882769585,6.790878614992835e-06
radial,0.75,2.0896301915248237,0.005400000140070915,0.01504533737897873,306.3672180175781,1.5487459405216786e-13,0.23430569469928741,0.0009224293171428144,0.007002287544310093,6.285948074946646e-06
radial,0.75,2.102166052079863,0.005400000140070915,0.015135595574975014,305.2738037109375,1.4249826362291995e-13,0.23440799117088318,0.0008567118784412742,0.006949094124138355,5.801779479952529e-06
radial,0.75,2.114750419018997,0.005400000140070915,0.015226203016936779,304.219482421875,1.3072004687465083e-13,0.23450663685798645,0.0007933559827506542,0.006897816434502602,5.339160907169571e-06
radial,0.75,2.1273834216925835,0.005400000140070915,0.0153171606361866,303.20587158203125,1.1953791092828708e-13,0.23460140824317932,0.0007324542384594679,0.006848527118563652,4.898245606455021e-06
radial,0.75,2.1400651894509792,0.005400000140070915,0.01540846936404705,302.2332763671875,1.0894100698584028e-13,0.23469236493110657,0.000674026960041374,0.00680124294012785,4.4787889237341005e-06
radial,0.75,2.1527959809949,0.005400000140070915,0.01550013106316328,301.3014221191406,9.891384450877103e-14,0.2347794771194458,0.0006180541822686791,0.006755947135388851,4.080324288224801e-06
radial,0.75,2.165575666973988,0.005400000140070915,0.015592144802212715,300.4096374511719,8.943887297441222e-14,0.234862819314003,0.0005644958582706749,0.006712608505040407,3.702286221596296e-06
radial,0.75,2.178405152840747,0.005400000140070915,0.015684517100453377,299.55712890625,8.049798620648335e-14,0.2349424958229065,0.0005133041413500905,0.006671186536550522,3.344076503708493e-06
radial,0.75,2.191284050544103,0.005400000140070915,0.01577724516391754,298.74310302734375,7.207343039440997e-14,0.2350185513496399,0.000464429467683658,0.006631641648709774,3.005101916642161e-06
radial,0.75,2.204212360084057,0.005400000140070915,0.01587032899260521,297.96673583984375,6.414821744540194e-14,0.23509106040000916,0.0004178251256234944,0.006593936122953892,2.6847960725717712e-06
radial,0.75,2.217191116263469,0.005400000140070915,0.015963776037096977,297.2274169921875,5.6706484126423096e-14,0.23516011238098145,0.0003734489728230983,0.006558035034686327,2.3826348751754267e-06
radial,0.75,2.230219542980194,0.005400000140070915,0.016057580709457397,296.5245361328125,4.97337698909979e-14,0.23522573709487915,0.0003312659973744303,0.006523909978568554,2.0981467514502583e-06
radial,0.75,2.2432986750370927,0.005400000140070915,0.016151750460267067,295.857666015625,4.3217267600963866e-14,0.23528799414634705,0.0002912503550760448,0.006491540931165218,1.8309268625671393e-06
radial,0.75,2.2564282537334495,0.005400000140070915,0.016246283426880836,295.22662353515625,3.714628092426307e-14,0.23534689843654633,0.0002533885417506099,0.006460915319621563,1.5806547253305325e-06
radial,0.75,2.269608279069265,0.005400000140070915,0.016341179609298706,294.63140869140625,3.151273933097408e-14,0.2354024350643158,0.00021768384613096714,0.006432036869227886,1.3471194506564643e-06
radial,0.75,2.2828395271466837,0.005400000140070915,0.016436444595456123,294.072509765625,2.631209425417013e-14,0.23545457422733307,0.00018416316015645862,0.00640492606908083,1.1302590792183764e-06
radial,0.75,2.2961217392649917,0.005400000140070915,0.01653207652270794,293.551025390625,2.154459133340593e-14,0.23550322651863098,0.00015288731083273888,0.006379632744938135,9.302182206738507e-07
radial,0.75,2.309455174124903,0.005400000140070915,0.016628077253699303,293.06866455078125,1.721714574566286e-14,0.23554818332195282,0.00012396665988489985,0.0063562458381056786,7.474349104086286e-07
radial,0.75,2.322840349127849,0.005400000140070915,0.016724450513720512,292.6285705566406,1.3345774036940556e-14,0.23558923602104187,9.75824223132804e-05,0.0063349115662276745,5.82753727940144e-07
radial,0.75,2.336277005573114,0.005400000140070915,0.01682119444012642,292.2352600097656,9.957476229465693e-15,0.23562589287757874,7.400751928798854e-05,0.006315849721431732,4.3752527290052967e-07
radial,0.75,2.349765660862128,0.005400000140070915,0.01691831275820732,291.894775390625,7.0880225246008205e-15,0.23565761744976044,5.360149225452915e-05,0.006299352273344994,3.135338033644075e-07
radial,0.75,2.3633060562941766,0.005400000140070915,0.01701580360531807,291.61334228515625,4.770343869269292e-15,0.23568382859230042,3.673754690680653e-05,0.006285718642175198,2.1251807424960134e-07
radial,0.75,2.3768994853728347,0.005400000140070915,0.01711367629468441,291.3948974609375,3.0135818665543487e-15,0.2357041835784912,2.364949614275247e-05,0.006275138817727566,1.3525630038202507e-07
radial,0.75,2.3905446545945273,0.005400000140070915,0.017211921513080597,291.238037109375,1.782119839815132e-15,0.23571878671646118,1.425438495061826e-05,0.006267544813454151,8.059616618538712e-08
radial,0.75,2.404243116163545,0.005400000140070915,0.017310550436377525,291.1348571777344,9.90790532029353e-16,0.23572838306427002,8.075699952314608e-06,0.006262551061809063,4.5150791549986025e-08
radial,0.75,2.4179943526784577,0.005400000140070915,0.017409559339284897,291.07269287109375,5.241878746555407e-16,0.23573417961597443,4.351958978077164e-06,0.006259541492909193,2.4067819737183527e-08
radial,0.75,2.4317986228399806,0.005400000140070915,0.01750895008444786,291.0379638671875,2.6356872756805848e-16,0.2357374131679535,2.2705628452968085e-06,0.00625785905867815,1.2198415610953361e-08
radial,0.75,2.445656185348829,0.005400000140070915,0.017608724534511566,291.01953125,1.2773394487448778e-16,0.23573912680149078,1.1642434856184991e-06,0.006256964989006519,5.964126081892118e-09
radial,0.75,2.459567298905717,0.005400000140070915,0.017708884552121162,291.0100402832031,5.556254892579942e-17,0.23574000597000122,5.94631899275555e-07,0.006256504915654659,2.6178545997623814e-09
radial,0.75,2.473532222211361,0.005400000140070915,0.0178094319999218,291.00537109375,1.3026336061727898e-17,0.23574045300483704,3.0780296356169856e-07,0.00625627301633358,6.218335291130472e-10
radial,0.75,2.4875509552657604,0.005400000140070915,0.017910366877913475,291.0028381347656,0.0,0.23574069142341614,1.5845280643134174e-07,0.00625615194439888,0.0
radial,0.75,2.501624015470346,0.005400000140070915,0.01801169291138649,291.00140380859375,0.0,0.23574082553386688,7.959077663599601e-08,0.006256088614463806,0.0
radial,0.75,2.515751144124402,0.005400000140070915,0.018113408237695694,291.000732421875,0.0,0.23574087023735046,3.9885897251679125e-08,0.006256056949496269,0.0
radial,0.75,2.5299331173300743,0.005400000140070915,0.018215518444776535,291.0003662109375,0.0,0.23574090003967285,1.9935564310458176e-08,0.0062560406513512135,0.0
radial,0.75,2.5441699350873628,0.005400000140070915,0.018318023532629013,291.00018310546875,0.0,0.23574092984199524,9.929317812407135e-09,0.006256032735109329,0.0
radial,0.75,2.558461597396268,0.005400000140070915,0.018420923501253128,291.00006103515625,0.0,0.23574092984199524,4.918887075433531e-09,0.006256029009819031,0.0
radial,0.75,2.5728083629575043,0.005400000140070915,0.01852422021329403,291.00006103515625,0.0,0.23574092984199524,2.413881095009174e-09,0.006256026681512594,0.0
radial,0.75,2.587210490471787,0.005400000140070915,0.018627915531396866,291.0,0.0,0.23574092984199524,1.163357188360692e-09,0.006256025284528732,0.0
radial,0.75,2.601668756041262,0.005400000140070915,0.018732015043497086,291.0,0.0,0.23574092984199524,5.374881095754347e-10,0.006256025284528732,0.0
radial,0.75,2.6161823835637836,0.005400000140070915,0.01883651316165924,291.0,0.0,0.23574092984199524,2.3019508521571197e-10,0.006256025284528732,0.0
radial,0.75,2.630751890440782,0.005400000140070915,0.01894141361117363,291.0,0.0,0.23574092984199524,8.49848524886454e-11,0.006256024818867445,0.0
radial,0.75,2.645378311475118,0.005400000140070915,0.01904672384262085,291.0,0.0,0.23574092984199524,1.8733172998941505e-11,0.006256024818867445,0.0
radial,0.75,2.6600608705646462,0.005400000140070915,0.019152438268065453,291.0,0.0,0.23574092984199524,0.0,0.006256024818867445,0.0
radial,0.75,2.674800343811512,0.005400000140070915,0.019258562475442886,291.0,0.0,0.23574092984199524,0.0,0.006256024818867445,0.0
radial,0.75,2.6895964725150003,0.005400000140070915,0.019365094602108,291.0,0.0,0.23574092984199524,0.0,0.006256024818867445,0.0
radial,0.75,2.7044497740765414,0.005400000140070915,0.019472038373351097,291.0,0.0,0.23574092984199524,0.0,0.006256024818867445,0.0
radial,0.75,2.7193605071968503,0.005400000140070915,0.019579395651817322,291.0,0.0,0.23574092984199524,0.0,0.006256024818867445,0.0
radial,0.75,2.7343289305766425,0.005400000140070915,0.019687168300151825,291.0,0.0,0.23574092984199524,0.0,0.006256024818867445,0.0
radial,0.75,2.7493553029166327,0.005400000140070915,0.019795358180999756,291.0,0.0,0.23574092984199524,0.0,0.006256024818867445,0.0
radial,0.75,2.7644393655161066,0.005400000140070915,0.019903963431715965,291.0,0.0,0.23574092984199524,0.0,0.006256024818867445,0.0
radial,0.75,2.7795818944772086,0.005400000140070915,0.0200129896402359,291.0,0.0,0.23574092984199524,0.0,0.006256024818867445,0.0
radial,0.75,2.794782631099224,0.005400000140070915,0.020122434943914413,291.0,0.0,0.23574092984199524,0.0,0.006256024818867445,0.0
radial,0.75,2.8100423514842987,0.005400000140070915,0.02023230493068695,291.0,0.0,0.23574092984199524,0.0,0.006256024818867445,0.0
radial,0.75,2.8253610556324324,0.005400000140070915,0.020342599600553513,291.0,0.0,0.23574092984199524,0.0,0.006256024818867445,0.0
radial,0.75,2.84073900224434,0.005400000140070915,0.02045332081615925,291.0,0.0,0.23574092984199524,0.0,0.006256024818867445,0.0
radial,0.75,2.856176450020737,0.005400000140070915,0.020564470440149307,291.0,0.0,0.23574092984199524,0.0,0.006256024818867445,0.0
radial,0.75,2.8716731402609086,0.005400000140070915,0.02067604660987854,291.0,0.0,0.23574092984199524,0.0,0.006256024818867445,0.0
radial,0.75,2.8872298490669994,0.005400000140070915,0.020788054913282394,291.0,0.0,0.23574092984199524,0.0,0.006256024818867445,0.0
radial,0.75,2.9028465764390097,0.005400000140070915,0.02090049535036087,291.0,0.0,0.23574092984199524,0.0,0.006256024818867445,0.0
radial,0.75,2.9185238397783704,0.005400000140070915,0.021013371646404266,291.0,0.0,0.23574092984199524,0.0,0.006256024818867445,0.0
radial,0.75,2.934261380384366,0.005400000140070915,0.021126681938767433,291.0,0.0,0.23574092984199524,0.0,0.006256024818867445,0.0
radial,0.75,2.9500599743591414,0.005400000140070915,0.02124043181538582,291.0,0.0,0.23574092984199524,0.0,0.006256024818867445,0.0
radial,0.75,2.9659193630019827,0.005400000140070915,0.021354619413614273,291.0,0.0,0.23574092984199524,0.0,0.006256024818867445,0.0
radial,0.75,2.9818400637143188,0.005400000140070915,0.021469248458743095,291.0,0.0,0.23574092984199524,0.0,0.006256024818867445,0.0
radial,0.75,2.997822335196866,0.005400000140070915,0.021584320813417435,291.0,0.0,0.23574092984199524,0.0,0.006256024818867445,0.0
radial,0.75,3.013866436150339,0.005400000140070915,0.02169983834028244,291.0,0.0,0.23574092984199524,0.0,0.006256024818867445,0.0
radial,0.75,3.029972366574738,0.005400000140070915,0.021815801039338112,291.0,0.0,0.23574092984199524,0.0,0.006256024818867445,0.0
radial,0.75,3.046140385170778,0.005400000140070915,0.0219322107732296,291.0,0.0,0.23574092984199524,0.0,0.006256024818867445,0.0
radial,0.75,3.062371268040604,0.005400000140070915,0.02204907312989235,291.0,0.0,0.23574092984199524,0.0,0.006256024818867445,0.0
radial,0.75,3.0786642390820718,0.005400000140070915,0.022166382521390915,291.0,0.0,0.23574092984199524,0.0,0.006256024818867445,0.0
radial,0.75,3.095020850499471,0.005400000140070915,0.02228415012359619,291.0,0.0,0.23574092984199524,0.0,0.006256024818867445,0.0
radial,0.75,3.111440067489942,0.005400000140070915,0.022402368485927582,291.0,0.0,0.23574092984199524,0.0,0.006256024818867445,0.0
radial,0.75,3.127922924856345,0.005400000140070915,0.022521045058965683,291.0,0.0,0.23574092984199524,0.0,0.006256024818867445,0.0
radial,0.75,3.14446942259868,0.005400000140070915,0.022640179842710495,291.0,0.0,0.23574092984199524,0.0,0.006256024818867445,0.0
radial,0.75,3.161080078118377,0.005400000140070915,0.022759776562452316,291.0,0.0,0.23574092984199524,0.0,0.006256024818867445,0.0
radial,0.75,3.177754632714722,0.005400000140070915,0.022879833355545998,291.0,0.0,0.23574092984199524,0.0,0.006256024818867445,0.0
radial,0.75,3.194493603789144,0.005400000140070915,0.023000353947281837,291.0,0.0,0.23574092984199524,0.0,0.006256024818867445,0.0
radial,0.75,3.211296991341644,0.005400000140070915,0.023121338337659836,291.0,0.0,0.23574092984199524,6.449769537897332e-12,0.006256024818867445,0.0
radial,0.75,3.228165830175082,0.005400000140070915,0.02324279397726059,291.0,0.0,0.23574092984199524,1.300091111156032e-11,0.006256024818867445,0.0
radial,0.75,3.2450993441873126,0.005400000140070915,0.02336471527814865,291.0,0.0,0.23574092984199524,2.3806860996455903e-11,0.006256024818867445,0.0
radial,0.75,3.262098568181197,0.005400000140070915,0.023487109690904617,291.0,0.0,0.23574092984199524,2.38385110262751e-11,0.006256024818867445,0.0
radial,0.75,3.2791635021567345,0.005400000140070915,0.023609977215528488,291.0,0.0,0.23574092984199524,1.297685570111895e-11,0.006256024818867445,0.0
radial,0.75,3.2962941461139255,0.005400000140070915,0.023733317852020264,291.0,0.0,0.23574092984199524,6.460106755090678e-12,0.006256024818867445,0.0
radial,0.75,3.3134910174542003,0.005400000140070915,0.023857135325670242,291.0,0.0,0.23574092984199524,0.0,0.006256024818867445,0.0
radial,0.75,3.330754116177559,0.005400000140070915,0.023981429636478424,291.0,0.0,0.23574092984199524,0.0,0.006256024818867445,0.0
radial,0.75,3.348084477086862,0.005400000140070915,0.024106208235025406,291.0,0.0,0.23574092984199524,0.0,0.006256024818867445,0.0
radial,0.75,3.3654810653792486,0.005400000140070915,0.02423146367073059,291.0,0.0,0.23574092984199524,0.0,0.006256024818867445,0.0
radial,0.75,3.3829454332590103,0.005400000140070915,0.024357207119464874,291.0,0.0,0.23574092984199524,0.0,0.006256024818867445,0.0
radial,0.75,12.145765746633213,0.005400000140070915,0.08744951337575912,291.0,0.0,0.23574092984199524,0.0,0.006256024818867445,0.0
radial,0.75,12.420033001237446,0.005400000140070915,0.0894242376089096,291.0,0.0,0.23574092984199524,0.0,0.006256024818867445,0.0
radial,0.75,12.70483351416058,0.005400000140070915,0.09147480130195618,291.0,0.0,0.23574092984199524,0.0,0.006256024818867445,0.0
radial,0.75,13.000569823715422,0.005400000140070915,0.09360410273075104,291.0,0.0,0.23574092984199524,0.0,0.006256024818867445,0.0
radial,0.75,13.30766412946913,0.005400000140070915,0.09581518173217773,291.0,0.0,0.23574092984199524,0.0,0.006256024818867445,0.0
radial,0.75,13.626553118228912,0.005400000140070915,0.09811118245124817,291.0,0.0,0.23574092984199524,0.0,0.006256024818867445,0.0
radial,0.75,13.957687964042028,0.005400000140070915,0.1004953533411026,291.0,0.0,0.23574092984199524,0.0,0.006256024818867445,0.0
radial,0.75,14.301538467407227,0.005400000140070915,0.10297107696533203,291.0,0.0,0.23574092984199524,0.0,0.006256024818867445,0.0
radial,0.75,14.658595124880474,0.005400000140070915,0.1055418848991394,291.0,0.0,0.23574092984199524,0.0,0.006256024818867445,0.0
radial,0.75,15.02936292025778,0.005400000140070915,0.10821141302585602,291.0,0.0,0.23574092984199524,0.0,0.006256024818867445,0.0
radial,0.75,15.414368568195238,0.005400000140070915,0.1109834536910057,291.0,0.0,0.23574092984199524,0.0,0.006256024818867445,0.0
radial,0.75,15.814159479406145,0.005400000140070915,0.11386194825172424,291.0,0.0,0.23574092984199524,0.0,0.006256024818867445,0.0
radial,0.75,16.22930479546388,0.005400000140070915,0.11685099452733994,291.0,0.0,0.23574092984199524,0.0,0.006256024818867445,0.0
radial,0.75,16.66039435399903,0.005400000140070915,0.11995483934879303,291.0,0.0,0.23574092984199524,0.0,0.006256024818867445,0.0
radial,0.75,17.10803558429082,0.005400000140070915,0.12317785620689392,291.0,0.0,0.23574092984199524,0.0,0.006256024818867445,0.0
radial,0.75,17.572871098915737,0.005400000140070915,0.1265246719121933,291.0,0.0,0.23574092984199524,0.0,0.006256024818867445,0.0
radial,0.75,18.055554893281727,0.005400000140070915,0.12999999523162842,291.0,0.0,0.23574092984199524,0.0,0.006256024818867445,0.0
radial,0.75,18.337724937333,0.005400000140070915,0.1320316195487976,291.0,0.0,0.23574092984199524,0.0,0.006256024818867445,0.0
radial,0.75,18.62480408615536,0.005400000140070915,0.1340985894203186,291.0,0.0,0.23574092984199524,0.0,0.006256024818867445,0.0
radial,0.75,18.91687098476622,0.005400000140070915,0.13620147109031677,291.0,0.0,0.23574092984199524,0.0,0.006256024818867445,0.0
radial,0.75,19.21401255660587,0.005400000140070915,0.13834089040756226,291.0,0.0,0.23574092984199524,0.0,0.006256024818867445,0.0
radial,0.75,19.51632607314322,0.005400000140070915,0.14051754772663116,291.0,0.0,0.23574092984199524,0.0,0.006256024818867445,0.0
radial,0.75,19.823892249001396,0.005400000140070915,0.14273202419281006,291.0,0.0,0.23574092984199524,0.0,0.006256024818867445,0.0
radial,0.75,20.13680421643787,0.005400000140070915,0.14498499035835266,291.0,0.0,0.23574092984199524,0.0,0.006256024818867445,0.0
radial,0.75,20.45515717731582,0.005400000140070915,0.1472771316766739,291.0,0.0,0.23574092984199524,0.0,0.006256024818867445,0.0
radial,0.75,20.779040124681263,0.005400000140070915,0.14960908889770508,291.0,0.0,0.23574092984199524,0.0,0.006256024818867445,0.0
radial,0.75,21.108558608425987,0.005400000140070915,0.15198162198066711,291.0,0.0,0.23574092984199524,0.0,0.006256024818867445,0.0
radial,0.75,21.44380576080746,0.005400000140070915,0.15439540147781372,291.0,0.0,0.23574092984199524,0.0,0.006256024818867445,0.0
radial,0.75,21.784880922900307,0.005400000140070915,0.1568511426448822,291.0,0.0,0.23574092984199524,0.0,0.006256024818867445,0.0
radial,0.75,22.131883435779148,0.005400000140070915,0.15934956073760986,291.0,0.0,0.23574092984199524,0.0,0.006256024818867445,0.0
radial,0.75,22.484918849335777,0.005400000140070915,0.1618914157152176,291.0,0.0,0.23574092984199524,0.0,0.006256024818867445,0.0
radial,0.75,22.84408857425054,0.005400000140070915,0.16447743773460388,291.0,0.0,0.23574092984199524,0.0,0.006256024818867445,0.0
radial,0.75,23.209506438838112,0.005400000140070915,0.1671084463596344,291.0,0.0,0.23574092984199524,0.0,0.006256024818867445,0.0
radial,0.75,23.581277992990284,0.005400000140070915,0.16978520154953003,291.0,0.0,0.23574092984199524,0.0,0.006256024818867445,0.0
radial,0.75,23.959510856204563,0.005400000140070915,0.17250847816467285,291.0,0.0,0.23574092984199524,0.0,0.006256024818867445,0.0
radial,0.75,24.344316787189907,0.005400000140070915,0.17527908086776733,291.0,0.0,0.23574092984199524,0.0,0.006256024818867445,0.0
radial,0.75,24.735811683866714,0.005400000140070915,0.17809784412384033,291.0,0.0,0.23574092984199524,0.0,0.006256024818867445,0.0
radial,0.75,25.134115583366818,0.005400000140070915,0.1809656322002411,291.0,0.0,0.23574092984199524,0.0,0.006256024818867445,0.0
radial,0.75,25.53934438361062,0.005400000140070915,0.18388327956199646,291.0,0.0,0.23574092984199524,0.0,0.006256024818867445,0.0
radial,0.75,25.951618121729958,0.005400000140070915,0.1868516504764557,291.0,0.0,0.23574092984199524,0.0,0.006256024818867445,0.0
radial,0.75,26.37105683485667,0.005400000140070915,0.18987160921096802,291.0,0.0,0.23574092984199524,0.0,0.006256024818867445,0.0
radial,0.75,26.797784699334038,0.005400000140070915,0.19294404983520508,291.0,0.0,0.23574092984199524,0.0,0.006256024818867445,0.0
radial,0.75,27.231934169928234,0.005400000140070915,0.19606992602348328,291.0,0.0,0.23574092984199524,0.0,0.006256024818867445,0.0
radial,0.75,27.673633562193977,0.005400000140070915,0.19925016164779663,291.0,0.0,0.23574092984199524,0.0,0.006256024818867445,0.0
radial,0.75,28.123007052474552,0.005400000140070915,0.20248565077781677,291.0,0.0,0.23574092984199524,0.0,0.006256024818867445,0.0
radial,0.75,28.58019537395901,0.005400000140070915,0.20577740669250488,291.0,0.0,0.23574092984199524,0.0,0.006256024818867445,0.0
radial,0.75,29.045328911807804,0.005400000140070915,0.20912636816501617,291.0,0.0,0.23574092984199524,0.0,0.006256024818867445,0.0
radial,0.75,29.518550468815697,0.005400000140070915,0.21253356337547302,291.0,0.0,0.23574092984199524,0.0,0.006256024818867445,0.0
radial,0.75,29.999998708566032,0.005400000140070915,0.21599999070167542,291.0,0.0,0.23574092984199524,0.0,0.006256024818867445,0.0
radial,0.75,12.145765746633213,0.005400000140070915,0.08744951337575912,291.0,0.0,0.23574092984199524,0.0,0.006256024818867445,0.0
radial,0.75,11.88163956006368,0.005400000140070915,0.0855478048324585,291.0,0.0,0.23574092984199524,0.0,0.006256024818867445,0.0
radial,0.75,11.627285016907587,0.005400000140070915,0.08371645212173462,291.0,0.0,0.23574092984199524,0.0,0.006256024818867445,0.0
radial,0.75,11.382334762149387,0.005400000140070915,0.08195281028747559,291.0,0.0,0.23574092984199524,0.0,0.006256024818867445,0.0
radial,0.75,11.146443171633615,0.005400000140070915,0.08025439083576202,291.0,0.0,0.23574092984199524,0.0,0.006256024818867445,0.0
radial,0.75,10.919277038839128,0.005400000140070915,0.07861879467964172,291.0,0.0,0.23574092984199524,0.0,0.006256024818867445,0.0
radial,0.75,10.700511435667673,0.005400000140070915,0.07704368233680725,291.0,0.0,0.23574092984199524,0.0,0.006256024818867445,0.0
radial,0.75,10.489836956063906,0.005400000140070915,0.07552682608366013,291.0,0.0,0.23574092984199524,0.0,0.006256024818867445,0.0
radial,0.75,10.286953507198229,0.005400000140070915,0.07406606525182724,291.0,0.0,0.23574092984199524,0.0,0.006256024818867445,0.0
radial,0.75,10.091573413875368,0.005400000140070915,0.07265932857990265,291.0,0.0,0.23574092984199524,0.0,0.006256024818867445,0.0
radial,0.75,9.903417279322943,0.005400000140070915,0.07130460441112518,291.0,0.0,0.23574092984199524,0.0,0.006256024818867445,0.0
radial,0.75,9.722222263614336,0.005400000140070915,0.07000000029802322,291.0,0.0,0.23574092984199524,0.0,0.006256024818867445,0.0
radial,0.75,9.413060421744982,0.005400000140070915,0.06777403503656387,291.0,0.0,0.23574092984199524,0.0,0.006256024818867445,0.0
radial,0.75,9.130064605010881,0.005400000140070915,0.06573646515607834,291.0,0.0,0.23574094474315643,0.0,0.006256024818867445,0.0
radial,0.75,8.871020335290167,0.005400000140070915,0.0638713464140892,291.0,0.0,0.23574094474315643,0.0,0.006256024818867445,0.0
radial,0.75,8.633900433778763,0.005400000140070915,0.06216408312320709,291.0,0.0,0.23574094474315643,0.0,0.006256024818867445,0.0
radial,0.75,8.416849498947462,0.005400000140070915,0.06060131639242172,291.0,0.0,0.23574094474315643,0.0,0.006256024818867445,0.0
radial,0.75,8.21816786709759,0.005400000140070915,0.059170808643102646,291.0,0.0,0.23574094474315643,0.0,0.006256024818867445,0.0
radial,0.75,8.036302299135262,0.005400000140070915,0.05786137655377388,291.0,0.0,0.23574094474315643,0.0,0.006256024818867445,0.0
radial,0.75,7.869828906324175,0.005400000140070915,0.05666276812553406,291.0,0.0,0.23574094474315643,0.0,0.006256024818867445,0.0
radial,0.75,7.71744487186273,0.005400000140070915,0.05556560307741165,291.0,0.0,0.23574094474315643,0.0,0.006256024818867445,0.0
radial,0.75,7.577958620256848,0.005400000140070915,0.054561302065849304,291.0,0.0,0.23574094474315643,0.0,0.006256024818867445,0.0
radial,0.75,7.450276882284218,0.005400000140070915,0.053641993552446365,291.0,0.0,0.23574094474315643,0.0,0.006256024818867445,0.0
radial,0.75,7.333401590585709,0.005400000140070915,0.0528004914522171,291.0,0.0,0.23574094474315643,0.0,0.006256024818867445,0.0
radial,0.75,7.226418496833907,0.005400000140070915,0.05203021317720413,291.0,0.0,0.23574094474315643,0.0,0.006256024818867445,0.0
radial,0.75,7.12848992811309,0.005400000140070915,0.051325127482414246,291.0,0.0,0.23574094474315643,0.0,0.006256024818867445,0.0
radial,0.75,7.0388490955034895,0.005400000140070915,0.05067971348762512,291.0,0.0,0.23574094474315643,0.0,0.006256024818867445,0.0
radial,0.75,6.956795437468423,0.005400000140070915,0.050088927149772644,291.0,0.0,0.23574094474315643,0.0,0.006256024818867445,0.0
radial,0.75,6.881686341431406,0.005400000140070915,0.04954814165830612,291.0,0.0,0.23574094474315643,0.0,0.006256024818867445,0.0
radial,0.75,6.81293403936757,0.005400000140070915,0.0490531250834465,291.0,0.0,0.23574094474315643,0.0,0.006256024818867445,0.0
radial,0.75,6.75000095119079,0.005400000140070915,0.048600006848573685,291.0,0.0,0.23574094474315643,0.0,0.006256024818867445,0.0
radial,0.75,6.692393475936519,0.005400000140070915,0.048185233026742935,291.0,0.0,0.23574094474315643,0.0,0.006256024818867445,0.0
radial,0.75,6.639662509163221,0.005400000140070915,0.04780557006597519,291.0,0.0,0.23574094474315643,0.0,0.006256024818867445,0.0
radial,0.75,6.5913936123251915,0.005400000140070915,0.04745803400874138,291.0,0.0,0.23574094474315643,0.0,0.006256024818867445,0.0
radial,0.75,6.547210634582573,0.005400000140070915,0.04713991656899452,291.0,0.0,0.23574094474315643,0.0,0.006256024818867445,0.0
radial,0.75,6.506766916977035,0.005400000140070915,0.04684872180223465,291.0,0.0,0.23574094474315643,0.0,0.006256024818867445,0.0
radial,0.75,6.469745809833209,0.005400000140070915,0.0465821698307991,291.0,0.0,0.23574094474315643,0.0,0.006256024818867445,0.0
radial,0.75,6.435858603152964,0.005400000140070915,0.04633818194270134,291.0,0.0,0.23574094474315643,0.0,0.006256024818867445,0.0
radial,0.75,6.404838835199675,0.005400000140070915,0.04611483961343765,291.0,0.0,0.23574094474315643,0.0,0.006256024818867445,0.0
radial,0.75,6.376444879505369,0.005400000140070915,0.04591040313243866,291.0,0.0,0.23574094474315643,0.0,0.006256024818867445,0.0
radial,0.75,6.350453736053573,0.005400000140070915,0.045723266899585724,291.0,0.0,0.23574094474315643,0.0,0.006256024818867445,0.0
radial,0.75,6.32666258348359,0.005400000140070915,0.04555197060108185,291.0,0.0,0.23574094474315643,0.0,0.006256024818867445,0.0
radial,0.75,6.304884639879068,0.005400000140070915,0.04539516940712929,291.0,0.0,0.23574094474315643,0.0,0.006256024818867445,0.0
radial,0.75,6.284950197570854,0.005400000140070915,0.04525164142251015,291.0,0.0,0.23574094474315643,0.0,0.006256024818867445,0.0
radial,0.75,6.266703001326985,0.005400000140070915,0.04512026160955429,291.0,0.0,0.23574094474315643,0.0,0.006256024818867445,0.0
radial,0.75,6.250000248352687,0.005400000140070915,0.04500000178813934,291.0,0.0,0.23574094474315643,0.0,0.006256024818867445,0.0
radial,0.75,6.221503847175175,0.005400000140070915,0.044794827699661255,291.0,0.0,0.23574094474315643,0.0,0.006256024818867445,0.0
radial,0.75,6.193117652502325,0.005400000140070915,0.04459044709801674,291.0,0.0,0.23574094474315643,0.0,0.006256024818867445,0.0
radial,0.75,6.1648401121298475,0.005400000140070915,0.0443868488073349,291.0,0.0,0.23574094474315643,0.0,0.006256024818867445,0.0
radial,0.75,6.136671743459172,0.005400000140070915,0.044184036552906036,291.0,0.0,0.23574094474315643,0.0,0.006256024818867445,0.0
radial,0.75,6.108612029088868,0.005400000140070915,0.04398200660943985,291.0,0.0,0.23574094474315643,0.0,0.006256024818867445,0.0
radial,0.75,6.080659934216076,0.005400000140070915,0.04378075152635574,291.0,0.0,0.23574094474315643,0.0,0.006256024818867445,0.0
radial,0.75,6.0528154588407945,0.005400000140070915,0.04358027130365372,291.0,0.0,0.23574094474315643,0.0,0.006256024818867445,0.0
radial,0.75,6.025078085561594,0.005400000140070915,0.04338056221604347,291.0,0.0,0.23574094474315643,0.0,0.006256024818867445,0.0
radial,0.75,5.997447296977043,0.005400000140070915,0.04318162053823471,291.0,0.0,0.23574094474315643,0.0,0.006256024818867445,0.0
radial,0.75,5.969923093087144,0.005400000140070915,0.04298344627022743,291.0,0.0,0.23574094474315643,0.0,0.006256024818867445,0.0
radial,0.75,5.942504956490464,0.005400000140070915,0.04278603568673134,291.0,0.0,0.23574094474315643,0.0,0.006256024818867445,0.0
radial,0.75,5.915191852384144,0.005400000140070915,0.04258938133716583,291.0,0.0,0.23574094474315643,0.0,0.006256024818867445,0.0
radial,0.75,5.887984298169613,0.005400000140070915,0.04239348694682121,291.0,0.0,0.23574094474315643,0.0,0.006256024818867445,0.0
radial,0.75,5.860881259044012,0.005400000140070915,0.04219834506511688,291.0,0.0,0.23574094474315643,0.0,0.006256024818867445,0.0
radial,0.75,5.833882217605909,0.005400000140070915,0.04200395196676254,291.0,0.0,0.23574094474315643,0.0,0.006256024818867445,0.0
radial,0.75,5.806987173855305,0.005400000140070915,0.041810307651758194,291.0,0.0,0.23574094474315643,0.0,0.006256024818867445,0.0
radial,0.75,5.7801961277922,0.005400000140070915,0.041617412120103836,291.0,0.0,0.23574094474315643,0.0,0.006256024818867445,0.0
radial,0.75,5.753507527212302,0.005400000140070915,0.041425254195928574,291.0,0.0,0.23574094474315643,0.0,0.006256024818867445,0.0
radial,0.75,5.726921889517042,0.005400000140070915,0.041233837604522705,291.0,0.0,0.23574094474315643,0.0,0.006256024818867445,0.0
radial,0.75,5.700438697304991,0.005400000140070915,0.04104315862059593,291.0,0.0,0.23574094474315643,0.0,0.006256024818867445,0.0
radial,0.75,5.674056915773286,0.005400000140070915,0.04085320979356766,291.0,0.0,0.23574094474315643,0.0,0.006256024818867445,0.0
radial,0.75,5.6477770623233585,0.005400000140070915,0.04066399484872818,291.0,0.0,0.23574094474315643,0.0,0.006256024818867445,0.0
radial,0.75,5.621598102152348,0.005400000140070915,0.0404755063354969,291.0,0.0,0.23574094474315643,0.0,0.006256024818867445,0.0
radial,0.75,5.595520035260254,0.005400000140070915,0.040287744253873825,291.0,0.0,0.23574094474315643,0.0,0.006256024818867445,0.0
radial,0.75,5.5695423442456455,0.005400000140070915,0.04010070487856865,291.0,0.0,0.23574094474315643,0.0,0.006256024818867445,0.0
radial,0.75,5.543664511707094,0.005400000140070915,0.03991438448429108,291.0,0.0,0.23574094474315643,0.0,0.006256024818867445,0.0
radial,0.75,5.517886537644598,0.005400000140070915,0.03972878307104111,291.0,0.0,0.23574094474315643,0.0,0.006256024818867445,0.0
radial,0.75,5.492207387255298,0.005400000140070915,0.039543893188238144,291.0,0.0,0.23574094474315643,0.0,0.006256024818867445,0.0
radial,0.75,5.466627060539193,0.005400000140070915,0.03935971483588219,291.0,0.0,0.23574094474315643,0.0,0.006256024818867445,0.0
radial,0.75,5.441145557496283,0.005400000140070915,0.039176248013973236,291.0,0.0,0.23574094474315643,0.0,0.006256024818867445,0.0
radial,0.75,5.415761843323708,0.005400000140070915,0.038993485271930695,291.0,0.0,0.23574094474315643,0.0,0.006256024818867445,0.0
radial,0.75,5.390475918021467,0.005400000140070915,0.03881142660975456,291.0,0.0,0.23574094474315643,0.0,0.006256024818867445,0.0
radial,0.75,5.3652867467867,0.005400000140070915,0.03863006457686424,291.0,0.0,0.23574094474315643,0.0,0.006256024818867445,0.0
radial,0.75,5.340194847020838,0.005400000140070915,0.038449402898550034,291.0,0.0,0.23574094474315643,0.0,0.006256024818867445,0.0
radial,0.75,5.31519970132245,0.005400000140070915,0.03826943784952164,291.0,0.0,0.23574094474315643,0.0,0.006256024818867445,0.0
radial,0.75,5.290300792290105,0.005400000140070915,0.038090165704488754,291.0,0.0,0.23574094474315643,0.0,0.006256024818867445,0.0
radial,0.75,5.265497085120943,0.005400000140070915,0.03791157901287079,291.0,0.0,0.23574094474315643,0.0,0.006256024818867445,0.0
radial,0.75,5.2407896146178246,0.005400000140070915,0.03773368522524834,291.0,0.0,0.23574094474315643,0.0,0.006256024818867445,0.0
radial,0.75,5.216176828576459,0.005400000140070915,0.037556473165750504,291.0,0.0,0.23574094474315643,0.0,0.006256024818867445,0.0
radial,0.75,5.191658726996846,0.005400000140070915,0.03737994283437729,291.0,0.0,0.23574094474315643,0.0,0.006256024818867445,0.0
radial,0.75,5.167234792477555,0.005400000140070915,0.037204090505838394,291.0,0.0,0.23574094474315643,0.0,0.006256024818867445,0.0
radial,0.75,5.142905025018586,0.005400000140070915,0.03702891618013382,291.0,0.0,0.23574094474315643,0.0,0.006256024818867445,0.0
radial,0.75,5.11866890721851,0.005400000140070915,0.03685441613197327,291.0,0.0,0.23574094474315643,0.0,0.006256024818867445,0.0
radial,0.75,5.094525921675894,0.005400000140070915,0.03668058663606644,291.0,0.0,0.23574094474315643,0.0,0.006256024818867445,0.0
radial,0.75,5.07047606839074,0.005400000140070915,0.03650742769241333,291.0,0.0,0.23574094474315643,0.0,0.006256024818867445,0.0
radial,0.75,5.046518312560187,0.005400000140070915,0.03633493185043335,291.0,0.0,0.23574094474315643,0.0,0.006256024818867445,0.0
radial,0.75,5.022653171585666,0.005400000140070915,0.036163102835416794,291.0,0.0,0.23574094474315643,0.0,0.006256024818867445,0.0
radial,0.75,4.998879610664315,0.005400000140070915,0.035991933196783066,291.0,0.0,0.23574094474315643,0.0,0.006256024818867445,0.0
radial,0.75,4.975197629796134,0.005400000140070915,0.035821422934532166,291.0,0.0,0.23574094474315643,0.0,0.006256024818867445,0.0
radial,0.75,4.951606711579694,0.005400000140070915,0.035651568323373795,291.0,0.0,0.23574094474315643,0.0,0.006256024818867445,0.0
radial,0.75,4.928106856014994,0.005400000140070915,0.03548236936330795,291.0,0.0,0.23574094474315643,0.0,0.006256024818867445,0.0
radial,0.75,4.904697028299172,0.005400000140070915,0.035313818603754044,291.0,0.0,0.23574094474315643,0.0,0.006256024818867445,0.0
radial,0.75,4.881377745833662,0.005400000140070915,0.035145919770002365,291.0,0.0,0.23574094474315643,0.0,0.006256024818867445,0.0
radial,0.75,4.8581479738156,0.005400000140070915,0.03497866541147232,291.0,0.0,0.23574094474315643,0.0,0.006256024818867445,0.0
radial,0.75,4.835007194843557,0.005400000140070915,0.03481205180287361,291.0,0.0,0.23574094474315643,0.0,0.006256024818867445,0.0
radial,0.75,4.811955926318963,0.005400000140070915,0.034646082669496536,291.0,0.0,0.23574094474315643,0.0,0.006256024818867445,0.0
radial,0.75,4.788993133438958,0.005400000140070915,0.0344807505607605,291.0,0.0,0.23574094474315643,0.0,0.006256024818867445,0.0
radial,0.75,4.766118816203542,0.005400000140070915,0.0343160554766655,291.0,0.0,0.23574094474315643,0.0,0.006256024818867445,0.0
radial,0.75,4.743332457211283,0.005400000140070915,0.034151993691921234,291.0,0.0,0.23574094474315643,0.0,0.006256024818867445,0.0
radial,0.75,4.720634056462182,0.005400000140070915,0.03398856520652771,291.0,0.0,0.23574094474315643,0.0,0.006256024818867445,0.0
radial,0.75,4.6980225791533785,0.005400000140070915,0.03382576256990433,291.0,0.0,0.23574094474315643,0.0,0.006256024818867445,0.0
radial,0.75,4.675498025284873,0.005400000140070915,0.033663585782051086,291.0,0.0,0.23574094474315643,0.0,0.006256024818867445,0.0
radial,0.75,4.653060394856665,0.005400000140070915,0.03350203484296799,291.0,0.0,0.23574094474315643,0.0,0.006256024818867445,0.0
radial,0.75,4.630709170467324,0.005400000140070915,0.03334110602736473,291.0,0.0,0.23574094474315643,0.0,0.006256024818867445,0.0
radial,0.75,4.60844383471542,0.005400000140070915,0.03318079560995102,291.0,0.0,0.23574094474315643,0.0,0.006256024818867445,0.0
radial,0.75,4.586264387600952,0.005400000140070915,0.03302110359072685,291.0,0.0,0.23574094474315643,0.0,0.006256024818867445,0.0
radial,0.75,4.56416979432106,0.005400000140070915,0.03286202251911163,291.0,0.0,0.23574094474315643,0.0,0.006256024818867445,0.0
radial,0.75,4.542160572277175,0.005400000140070915,0.03270355612039566,291.0,0.0,0.23574094474315643,0.0,0.006256024818867445,0.0
radial,0.75,4.520236204067866,0.005400000140070915,0.032545700669288635,291.0,0.0,0.23574094474315643,0.0,0.006256024818867445,0.0
radial,0.75,4.498395654890272,0.005400000140070915,0.03238844871520996,291.0,0.0,0.23574094474315643,0.0,0.006256024818867445,0.0
radial,0.75,4.476639442145824,0.005400000140070915,0.032231803983449936,291.0,0.0,0.23574094474315643,0.0,0.006256024818867445,0.0
radial,0.75,4.454967048433092,0.005400000140070915,0.03207576274871826,291.0,0.0,0.23574094474315643,0.0,0.006256024818867445,0.0
radial,0.75,4.433377956350644,0.005400000140070915,0.03192032128572464,291.0,0.0,0.23574094474315643,0.0,0.006256024818867445,0.0
radial,0.75,4.411872165898482,0.005400000140070915,0.03176547959446907,291.0,0.0,0.23574094474315643,0.0,0.006256024818867445,0.0
radial,0.75,4.390448642273744,0.005400000140070915,0.031611230224370956,291.0,0.0,0.23574094474315643,6.456064415710783e-12,0.006256024818867445,0.0
radial,0.75,4.369107902877861,0.005400000140070915,0.031457576900720596,291.0,0.0,0.23574094474315643,1.2959300299542065e-11,0.006256024818867445,0.0
radial,0.75,4.3478494303094015,0.005400000140070915,0.03130451589822769,291.0,0.0,0.23574094474315643,1.311987844754281e-11,0.006256024818867445,0.0
radial,0.75,4.326672189765507,0.005400000140070915,0.031152039766311646,291.0,0.0,0.23574094474315643,1.329982304842936e-11,0.006256024818867445,0.0
radial,0.75,4.30557695734832,0.005400000140070915,0.031000154092907906,291.0,0.0,0.23574094474315643,2.4354705752127614e-11,0.006256024818867445,0.0
radial,0.75,4.284562698254983,0.005400000140070915,0.030848851427435875,291.0,0.0,0.23574094474315643,3.556445415942022e-11,0.006256024818867445,0.0
radial,0.75,4.263629153784779,0.005400000140070915,0.030698129907250404,291.0,0.0,0.23574094474315643,3.612799642782605e-11,0.006256024818867445,0.0
radial,0.75,4.242776065236993,0.005400000140070915,0.030547987669706345,291.0,0.0,0.23574094474315643,4.1005268625049496e-11,0.006256024818867445,0.0
radial,0.75,4.22200369131234,0.005400000140070915,0.030398426577448845,291.0,0.0,0.23574094474315643,4.587804441902321e-11,0.006256024818867445,0.0
radial,0.75,4.201310997207959,0.005400000140070915,0.03024943917989731,291.0,0.0,0.23574094474315643,4.6414358467750105e-11,0.006256024818867445,0.0
radial,0.75,4.180697982923852,0.005400000140070915,0.030101025477051735,291.0,0.0,0.23574094474315643,4.686206978021801e-11,0.006256024818867445,0.0
radial,0.75,4.160164131058587,0.005400000140070915,0.029953181743621826,291.0,0.0,0.23574094474315643,4.719598670210878e-11,0.006256024818867445,0.0
radial,0.75,4.1397094416121645,0.005400000140070915,0.029805907979607582,291.0,0.0,0.23574094474315643,4.739383191454394e-11,0.006256024818867445,0.0
radial,0.75,4.119333397183153,0.005400000140070915,0.029659200459718704,291.0,0.0,0.23574094474315643,4.743876125257174e-11,0.006256024818867445,0.0
radial,0.75,4.09903573907084,0.005400000140070915,0.029513057321310043,291.0,0.0,0.23574094474315643,4.7315595885777384e-11,0.006256024818867445,0.0
radial,0.75,4.078816208574507,0.005400000140070915,0.02936747670173645,291.0,0.0,0.23574094474315643,4.7024169280707184e-11,0.006256024818867445,0.0
radial,0.75,4.0586745469934415,0.005400000140070915,0.029222456738352776,291.0,0.0,0.23574094474315643,4.660906383069374e-11,0.006256024818867445,0.0
radial,0.75,4.038610236926211,0.005400000140070915,0.02907799370586872,291.0,0.0,0.23574094474315643,4.6121613472838163e-11,0.006256024818867445,0.0
radial,0.75,4.018623278372818,0.005400000140070915,0.028934087604284286,291.0,0.0,0.23574094474315643,4.558892152672911e-11,0.006256024818867445,0.0
radial,0.75,3.99871315393183,0.005400000140070915,0.028790734708309174,291.0,0.0,0.23574094474315643,4.50487668002264e-11,0.006256024818867445,0.0
radial,0.75,3.9788796049025326,0.005400000140070915,0.028647933155298233,291.0,0.0,0.23574094474315643,4.028626737762053e-11,0.006256024818867445,0.0
radial,0.75,3.959122631284926,0.005400000140070915,0.028505682945251465,291.0,0.0,0.23574094474315643,3.5659062508353045e-11,0.006256024818867445,0.0
radial,0.75,3.9394417156775794,0.005400000140070915,0.02836398035287857,291.0,0.0,0.23574094474315643,3.540475898566875e-11,0.006256024818867445,0.0
radial,0.75,3.9198358232776327,0.005400000140070915,0.028222817927598953,291.0,0.0,0.23574094474315643,3.5245521778914934e-11,0.006256024818867445,0.0
radial,0.75,3.900305988887946,0.005400000140070915,0.02808220311999321,291.0,0.0,0.23574094474315643,3.520019692393461e-11,0.006256024818867445,0.0
radial,0.75,3.880851177705659,0.005400000140070915,0.027942128479480743,291.0,0.0,0.23574094474315643,3.525910119428488e-11,0.006256024818867445,0.0
radial,0.75,3.861470872329341,0.005400000140070915,0.027802590280771255,291.0,0.0,0.23574094474315643,3.539479820346969e-11,0.006256024818867445,0.0
radial,0.75,3.842165590160423,0.005400000140070915,0.027663592249155045,291.0,0.0,0.23574094474315643,3.55679652397356e-11,0.006256024818867445,0.0
radial,0.75,3.822934555096759,0.005400000140070915,0.027525128796696663,291.0,0.0,0.23574094474315643,3.574468845912726e-11,0.006256024818867445,0.0
radial,0.75,3.8037772497369184,0.005400000140070915,0.027387196198105812,291.0,0.0,0.23574094474315643,4.022412264381714e-11,0.006256024818867445,0.0
radial,0.75,3.784693932781617,0.005400000140070915,0.02724979631602764,291.0,0.0,0.23574094474315643,4.467815006847786e-11,0.006256024818867445,0.0
radial,0.75,3.765684086829424,0.005400000140070915,0.027112925425171852,291.0,0.0,0.23574094474315643,4.480025378450492e-11,0.006256024818867445,0.0
radial,0.75,3.7467471944789095,0.005400000140070915,0.026976579800248146,291.0,0.0,0.23574094474315643,4.483915322373022e-11,0.006256024818867445,0.0
radial,0.75,3.727883255730073,0.005400000140070915,0.026840759441256523,291.0,0.0,0.23574094474315643,4.47861955854556e-11,0.006256024818867445,0.0
radial,0.75,3.709091753181484,0.005400000140070915,0.026705460622906685,291.0,0.0,0.23574094474315643,4.4632179896364477e-11,0.006256024818867445,0.0
radial,0.75,3.690372428132428,0.005400000140070915,0.026570681482553482,291.0,0.0,0.23574094474315643,4.4366267604178944e-11,0.006256024818867445,0.0
radial,0.75,3.671725280582905,0.005400000140070915,0.026436422020196915,291.0,0.0,0.23574094474315643,3.9713805161101234e-11,0.006256024818867445,0.0
radial,0.75,3.653150310532914,0.005400000140070915,0.026302682235836983,291.0,0.0,0.23574094474315643,3.4997341830100837e-11,0.006256024818867445,0.0
radial,0.75,3.634646224478881,0.005400000140070915,0.02616945281624794,291.0,0.0,0.23574094474315643,2.3852194525053605e-11,0.006256024818867445,0.0
radial,0.75,3.616213798522949,0.005400000140070915,0.026036739349365234,291.0,0.0,0.23574094474315643,6.4821867491737795e-12,0.006256024818867445,0.0
radial,0.75,3.59785199786226,0.005400000140070915,0.02590453438460827,291.0,0.0,0.23574094474315643,0.0,0.006256024818867445,0.0
radial,0.75,3.579561081197527,0.005400000140070915,0.025772839784622192,291.0,0.0,0.23574094474315643,0.0,0.006256024818867445,0.0
radial,0.75,3.5613402724266052,0.005400000140070915,0.025641649961471558,291.0,0.0,0.23574094474315643,0.0,0.006256024818867445,0.0
radial,0.75,3.5431898302502103,0.005400000140070915,0.025510966777801514,291.0,0.0,0.23574094474315643,0.0,0.006256024818867445,0.0
radial,0.75,3.5251089785661964,0.005400000140070915,0.025380784645676613,291.0,0.0,0.23574094474315643,0.0,0.006256024818867445,0.0
radial,0.75,3.5070979760752783,0.005400000140070915,0.025251105427742004,291.0,0.0,0.23574094474315643,0.0,0.006256024818867445,0.0
radial,0.75,3.489156046675311,0.005400000140070915,0.02512192353606224,291.0,0.0,0.23574094474315643,0.0,0.006256024818867445,0.0
radial,0.75,3.471283190366295,0.005400000140070915,0.02499323897063732,291.0,0.0,0.23574094474315643,0.0,0.006256024818867445,0.0
radial,0.75,3.4534791484475136,0.005400000140070915,0.024865049868822098,291.0,0.0,0.23574094474315643,0.0,0.006256024818867445,0.0
radial,0.75,3.435743662218253,0.005400000140070915,0.02473735436797142,291.0,0.0,0.23574094474315643,0.0,0.006256024818867445,0.0
radial,0.75,3.4180764729777975,0.005400000140070915,0.02461015060544014,291.0,0.0,0.23574094474315643,0.0,0.006256024818867445,0.0
radial,0.75,3.4004770633247166,0.005400000140070915,0.024483434855937958,291.0,0.0,0.23574094474315643,0.0,0.006256024818867445,0.0
radial,0.75,3.3829454332590103,0.005400000140070915,0.024357207119464874,291.0,0.0,0.23574094474315643,0.0,0.006256024818867445,0.0
radial,1,0.0,0.007199999876320362,0.0,294.3446044921875,0.15631762146949768,0.1964329034090042,1.8964448827318847e-05,1.4525958249578252e-05,7.265788735821843e-05
radial,1,0.013157894298072077,0.007199999876320362,9.473683894611895e-05,294.3499755859375,0.1563168168067932,0.19643187522888184,1.925945980474353e-05,1.4755369193153456e-05,7.377949805231765e-05
radial,1,0.026315788596144155,0.007199999876320362,0.0001894736778922379,294.3663330078125,0.15631434321403503,0.19642871618270874,2.0155635866103694e-05,1.545242776046507e-05,7.718621782260016e-05
radial,1,0.03947368289421623,0.007199999876320362,0.00028421051683835685,294.3942565917969,0.15631012618541718,0.19642332196235657,2.168672472180333e-05,1.6643902199575678e-05,8.30050848890096e-05
radial,1,0.05263157719228831,0.007199999876320362,0.0003789473557844758,294.4347839355469,0.1563040167093277,0.19641545414924622,2.391016823821701e-05,1.8375360014033504e-05,9.145223157247528e-05
radial,1,0.06578947553255905,0.007199999876320362,0.0004736842238344252,294.489501953125,0.1562957465648651,0.19640488922595978,2.6908901418210007e-05,2.071263406833168e-05,0.00010283952724421397
radial,1,0.07894736578843246,0.007199999876320362,0.0005684210336767137,294.5603942871094,0.15628506243228912,0.19639119505882263,3.0793984478805214e-05,2.3743978090351447e-05,0.00011758449545595795
radial,1,0.09210526412870321,0.007199999876320362,0.0006631579017266631,294.6500549316406,0.1562715321779251,0.1963738650083542,3.570816988940351e-05,2.758294067461975e-05,0.0001362235052511096
radial,1,0.10526315438457662,0.007199999876320362,0.0007578947115689516,294.7618408203125,0.15625469386577606,0.1963522881269455,4.183053533779457e-05,3.237211785744876e-05,0.00015942890604492277
radial,1,0.11842105272484736,0.007199999876320362,0.000852631579618901,294.8997497558594,0.15623392164707184,0.1963256597518921,4.938234269502573e-05,3.8287929783109576e-05,0.0001880310010164976
radial,1,0.1315789510651181,0.007199999876320362,0.0009473684476688504,295.0687255859375,0.15620847046375275,0.19629305601119995,5.863450132892467e-05,4.554663610178977e-05,0.00022304563026409596
radial,1,0.14473684132099152,0.007199999876320362,0.001042105257511139,295.2748718261719,0.15617744624614716,0.19625332951545715,6.991712871240452e-05,5.441209941636771e-05,0.00026570982299745083
radial,1,0.15789473157686493,0.007199999876320362,0.0011368420673534274,295.5254821777344,0.15613974630832672,0.1962050497531891,8.363164670299739e-05,6.52055605314672e-05,0.00031752701033838093
radial,1,0.17105263800153303,0.007199999876320362,0.0012315789936110377,295.8295593261719,0.156094029545784,0.19614647328853607,0.00010026621021097526,7.831810944480821e-05,0.0003803239669650793
radial,1,0.18421052825740641,0.007199999876320362,0.0013263158034533262,296.19793701171875,0.15603867173194885,0.19607557356357574,0.00012041542504448444,9.422663424629718e-05,0.0004563250404316932
radial,1,0.19736841851327983,0.007199999876320362,0.0014210526132956147,296.6439514160156,0.1559716761112213,0.19598975777626038,0.00014480600657407194,0.00011351451394148171,0.0005482469568960369
radial,1,0.21052630876915324,0.007199999876320362,0.0015157894231379032,297.1838684082031,0.1558905839920044,0.19588592648506165,0.0001743300090311095,0.00013689848128706217,0.000659423298202455
radial,1,0.22368421519382134,0.007199999876320362,0.0016105263493955135,297.83782958984375,0.15579238533973694,0.19576020538806915,0.00021008812473155558,0.00016526358376722783,0.0007939653005450964
radial,1,0.23684210544969472,0.007199999876320362,0.001705263159237802,298.6307067871094,0.15567336976528168,0.19560779631137848,0.0002534465747885406,0.00019970920402556658,0.0009569742833264172
radial,1,0.24999999570556813,0.007199999876320362,0.0017999999690800905,299.59375,0.15552881360054016,0.1954227238893509,0.0003061120805796236,0.000241609537624754,0.001154820783995092
radial,1,0.2631579021302362,0.007199999876320362,0.0018947368953377008,300.7658386230469,0.1553528606891632,0.1951974630355835,0.000370232155546546,0.00029269474907778203,0.0013955174945294857
radial,1,0.27631577621731496,0.007199999876320362,0.0019894735887646675,302.19659423828125,0.1551380455493927,0.19492246210575104,0.0004485285608097911,0.0003551591362338513,0.0016892164712771773
radial,1,0.28947368264198303,0.007199999876320362,0.002084210515022278,303.949462890625,0.1548747569322586,0.1945854127407074,0.0005445165443234146,0.0004318227875046432,0.0020490398164838552
radial,1,0.30263158906665116,0.007199999876320362,0.002178947441279888,306.1055603027344,0.1545506715774536,0.19417057931423187,0.0006626833928748965,0.0005263004568405449,0.0024917179252952337
radial,1,0.31578946315372985,0.007199999876320362,0.002273684134706855,308.77349853515625,0.15414920449256897,0.19365668296813965,0.0008091058698482811,0.0006433983216993511,0.0030399842653423548
radial,1,0.32894736957839793,0.007199999876320362,0.002368421060964465,312.0915832519531,0.15364915132522583,0.1930166333913803,0.0009915258269757032,0.0007893163710832596,0.0037227170541882515
radial,1,0.34210527600306606,0.007199999876320362,0.0024631579872220755,316.2398986816406,0.15302284061908722,0.19221505522727966,0.0012200484052300453,0.0009722194517962635,0.004577524960041046
radial,1,0.35526315009014475,0.007199999876320362,0.002557894680649042,321.468505859375,0.15223151445388794,0.1912023276090622,0.0015088501386344433,0.0012034295359626412,0.005657259840518236
radial,1,0.36842105651481283,0.007199999876320362,0.0026526316069066525,328.12225341796875,0.15122143924236298,0.1899096965789795,0.0018775779753923416,0.0014987869653850794,0.007034976035356522
radial,1,0.38157896293948096,0.007199999876320362,0.0027473685331642628,336.7169494628906,0.14991168677806854,0.18823367357254028,0.002355836797505617,0.001882237265817821,0.00882059894502163
radial,1,0.39473683702655965,0.007199999876320362,0.0028421052265912294,348.17822265625,0.14815601706504822,0.18598723411560059,0.002997124334797263,0.0023969451431185007,0.011212834157049656
radial,1,0.40789471111363834,0.007199999876320362,0.002936841920018196,363.96893310546875,0.14571964740753174,0.1828700453042984,0.003887347411364317,0.003112278413027525,0.014530574902892113
radial,1,0.4210526175383065,0.007199999876320362,0.0030315788462758064,384.8094787597656,0.1424822062253952,0.1787298321723938,0.005071338731795549,0.004071551840752363,0.01892484538257122
radial,1,0.43421052396297455,0.007199999876320362,0.0031263157725334167,410.14007568359375,0.13852211833000183,0.1736697256565094,0.006521912757307291,0.0052650258876383305,0.024267276749014854
radial,1,0.4473684303876427,0.007199999876320362,0.003221052698791027,439.8883361816406,0.13383491337299347,0.16768646240234375,0.008242323994636536,0.006705120205879211,0.03054536134004593
radial,1,0.460526272137132,0.007199999876320362,0.00331578915938735,474.6954650878906,0.12830732762813568,0.16063937544822693,0.01027709525078535,0.008445251733064651,0.0378795862197876
radial,1,0.47368421089938945,0.007199999876320362,0.003410526318475604,515.898193359375,0.12168334424495697,0.1522037535905838,0.012722447514533997,0.010572636500000954,0.04659706726670265
radial,1,0.4868421173240576,0.007199999876320362,0.0035052632447332144,563.1200561523438,0.11401335150003433,0.14245182275772095,0.015566284768283367,0.01310815755277872,0.05656827241182327
radial,1,0.49999999141113627,0.007199999876320362,0.003599999938160181,614.1503295898438,0.10570886731147766,0.1319236308336258,0.01866970583796501,0.01599295064806938,0.06712637841701508
radial,1,0.5115740673823489,0.007199999876320362,0.003683333285152912,663.4696044921875,0.09762633591890335,0.12170135974884033,0.02171173319220543,0.01890767365694046,0.07721488922834396
radial,1,0.5231481433535615,0.007199999876320362,0.0037666666321456432,717.38671875,0.08875782787799835,0.11051610112190247,0.025079043582081795,0.02223631739616394,0.0880507081747055
radial,1,0.5347222193247743,0.007199999876320362,0.0038499999791383743,775.3975830078125,0.07924821227788925,0.09856663644313812,0.028731627389788628,0.025991540402173996,0.09933680295944214
radial,1,0.5415076480454041,0.007199999876320362,0.0038988550659269094,811.3566284179688,0.07345239818096161,0.09132077544927597,0.030994422733783722,0.028430091217160225,0.10594189167022705
radial,1,0.5483620205066271,0.007199999876320362,0.003948206547647715,848.030517578125,0.06772356480360031,0.08420681953430176,0.0332794152200222,0.031033355742692947,0.11211660504341125
radial,1,0.5552860804729992,0.007199999876320362,0.003998059779405594,886.7756958007812,0.061708714812994,0.07676086574792862,0.03570117428898811,0.0338522344827652,0.11843856424093246
radial,1,0.5622805717090765,0.007199999876320362,0.004048420116305351,929.7174682617188,0.05492165684700012,0.06835555285215378,0.03842973709106445,0.037009093910455704,0.12561042606830597
radial,1,0.5693460762914684,0.007199999876320362,0.0040992917492985725,973.0372924804688,0.048285290598869324,0.06019609794020653,0.041159629821777344,0.04030349850654602,0.1322205364704132
radial,1,0.576483434997499,0.007199999876320362,0.004150680731981993,1014.2307739257812,0.04239213466644287,0.05304894223809242,0.043686602264642715,0.04358220100402832,0.13741162419319153
radial,1,0.5836932945789562,0.007199999876320362,0.004202591720968485,1056.4827880859375,0.036442916840314865,0.045864470303058624,0.04626856744289398,0.04700640216469765,0.14243674278259277
radial,1,0.5909764958131645,0.007199999876320362,0.004255030769854784,1097.2940673828125,0.031049439683556557,0.03945338353514671,0.04871547594666481,0.0504029244184494,0.1463785171508789
radial,1,0.5983336854519116,0.007199999876320362,0.004308002535253763,1134.565185546875,0.026742640882730484,0.03450819104909897,0.05085279047489166,0.05362458899617195,0.14846307039260864
radial,1,0.6057657042725219,0.007199999876320362,0.0043615130707621574,1171.89501953125,0.022637736052274704,0.0298503078520298,0.05295261740684509,0.05688725411891937,0.15007048845291138
radial,1,0.6132731990267833,0.007199999876320362,0.00441556703299284,1210.8970947265625,0.018347755074501038,0.024964360520243645,0.05513591319322586,0.06029586121439934,0.15178923308849335
radial,1,0.620857075167199,0.007199999876320362,0.004470170941203833,1249.1763916015625,0.014450713992118835,0.02063938044011593,0.05723641812801361,0.06366970390081406,0.15272650122642517
radial,1,0.6285179794455568,0.007199999876320362,0.004525329452008009,1283.8607177734375,0.011609520763158798,0.017767682671546936,0.05905642360448837,0.06677909195423126,0.1519107222557068
radial,1,0.6362567526391811,0.007199999876320362,0.004581048619002104,1316.84521484375,0.009349815547466278,0.015672601759433746,0.060718704015016556,0.06975452601909637,0.15015144646167755
radial,1,0.6440741708502173,0.007199999876320362,0.004637334030121565,1350.43603515625,0.007124206982553005,0.013592004776000977,0.06237505376338959,0.07276798784732819,0.14831992983818054
radial,1,0.6519710748559899,0.007199999876320362,0.004694191738963127,1381.845947265625,0.005388336256146431,0.012274125590920448,0.06392744183540344,0.07555367052555084,0.14565148949623108
radial,1,0.6599482407586442,0.007199999876320362,0.004751627333462238,1409.9312744140625,0.004316506441682577,0.01199297048151493,0.0653410255908966,0.0779980719089508,0.14188145101070404
radial,1,0.6680065093355047,0.007199999876320362,0.004809646867215633,1437.4168701171875,0.003465729532763362,0.011994882486760616,0.06671321392059326,0.08035615086555481,0.137790709733963
radial,1,0.6761466566887167,0.007199999876320362,0.00486825592815876,1465.3990478515625,0.0026673662941902876,0.011991462670266628,0.06808075308799744,0.08273130655288696,0.1336713284254074
radial,1,0.6843695882707834,0.007199999876320362,0.004927461035549641,1493.9271240234375,0.0019261365523561835,0.011986954137682915,0.06944530457258224,0.08512678742408752,0.1295098513364792
radial,1,0.6926760155086716,0.007199999876320362,0.0049872673116624355,1522.946533203125,0.0012514408444985747,0.012001167051494122,0.07080681622028351,0.08753479272127151,0.1252850443124771
radial,1,0.7010669085300631,0.007199999876320362,0.005047681741416454,1549.5457763671875,0.0007802690379321575,0.012512855231761932,0.07213716208934784,0.08964535593986511,0.12069761008024216
radial,1,0.7095431081122823,0.007199999876320362,0.005108710378408432,1572.840576171875,0.000538304157089442,0.013633010908961296,0.07343513518571854,0.09136611968278885,0.11569920182228088
radial,1,0.7181054550326533,0.007199999876320362,0.005170359276235104,1595.5543212890625,0.0003896995622199029,0.014871595427393913,0.07470139861106873,0.09300410747528076,0.11063919961452484
radial,1,0.7267547900685006,0.007199999876320362,0.005232634488493204,1618.738525390625,0.00027967095957137644,0.016046904027462006,0.0759589746594429,0.09466725587844849,0.10562971234321594
radial,1,0.735492083347506,0.007199999876320362,0.005295543000102043,1642.56396484375,0.0001838945463532582,0.017138134688138962,0.07725591957569122,0.09635207056999207,0.1006576269865036
radial,1,0.7443181756469939,0.007199999876320362,0.005359090864658356,1663.6707763671875,0.00012037093983963132,0.018555760383605957,0.07851661741733551,0.09772761911153793,0.09564326703548431
radial,1,0.7532339724194672,0.007199999876320362,0.005423284601420164,1681.5989990234375,8.738156611798331e-05,0.020336898043751717,0.07974374294281006,0.09874895960092545,0.09058789908885956
radial,1,0.762240443792608,0.007199999876320362,0.005488131195306778,1699.768798828125,6.218532507773489e-05,0.02205009199678898,0.0810292512178421,0.09975119680166245,0.0855778232216835
radial,1,0.7713383658685619,0.007199999876320362,0.005553636234253645,1718.7003173828125,4.107400673092343e-05,0.023634253069758415,0.08238343149423599,0.10078499466180801,0.08062467724084854
radial,1,0.780528838125368,0.007199999876320362,0.005619807634502649,1735.2191162109375,2.6107460143975914e-05,0.02544379234313965,0.08367052674293518,0.10157246887683868,0.07573667913675308
radial,1,0.7898127013403509,0.007199999876320362,0.005686651449650526,1748.0107421875,1.7104657672462054e-05,0.027611486613750458,0.08483941107988358,0.1020016223192215,0.07092715799808502
radial,1,0.7991908609660135,0.007199999876320362,0.0057541741989552975,1760.21728515625,1.0722113074734807e-05,0.029778089374303818,0.08602923154830933,0.10234957188367844,0.066192127764225
radial,1,0.8086644164803956,0.007199999876320362,0.005822383798658848,1772.7176513671875,6.370457413140684e-06,0.03184022009372711,0.08727084845304489,0.10270411521196365,0.06153058260679245
radial,1,0.818234273336,0.007199999876320362,0.005891286768019199,1782.9609375,4.075761353306007e-06,0.03406492993235588,0.0884346216917038,0.10286140441894531,0.056973885744810104
radial,1,0.8279013369853299,0.007199999876320362,0.0059608896262943745,1789.90673828125,2.774251242954051e-06,0.03655488044023514,0.08946569263935089,0.10273554921150208,0.05254984647035599
radial,1,0.8376667069064246,0.007199999876320362,0.006031200289726257,1794.87841796875,1.8461312265571905e-06,0.03915976732969284,0.09042491018772125,0.10243913531303406,0.04825785011053085
radial,1,0.8475313532269664,0.007199999876320362,0.0061022257432341576,1797.6055908203125,1.1920283213839866e-06,0.041893988847732544,0.09127847850322723,0.10196374356746674,0.044127512723207474
radial,1,0.857496181399458,0.007199999876320362,0.0061739725060760975,1797.54150390625,7.443220511049731e-07,0.0448012538254261,0.0919714868068695,0.10128261148929596,0.04019499942660332
radial,1,0.8675623555771179,0.007199999876320362,0.006246448960155249,1794.76318359375,4.4057054537915974e-07,0.04786207526922226,0.09249165654182434,0.10041414201259613,0.03647895157337189
radial,1,0.8777307812124491,0.007199999876320362,0.006319661624729633,1789.3199462890625,2.3746586919060064e-07,0.05105800926685333,0.09282518178224564,0.09937521070241928,0.033000003546476364
radial,1,0.8880026871338487,0.007199999876320362,0.00639361934736371,1781.5577392578125,1.191636656017181e-07,0.05434194207191467,0.0930018499493599,0.09819680452346802,0.029749885201454163
radial,1,0.8983788494434621,0.007199999876320362,0.0064683277159929276,1771.707763671875,6.833162302655182e-08,0.05768030136823654,0.09304127842187881,0.09690086543560028,0.026724763214588165
radial,1,0.9088606263200443,0.007199999876320362,0.006543796509504318,1759.363037109375,4.704104838992862e-08,0.06110489368438721,0.09287457913160324,0.09547535330057144,0.02397601306438446
radial,1,0.9194488585409191,0.007199999876320362,0.0066200317814946175,1745.2818603515625,3.247935609351771e-08,0.06454217433929443,0.09253351390361786,0.09397762268781662,0.021498683840036392
radial,1,0.9301447102593051,0.007199999876320362,0.006697041913866997,1729.234619140625,2.2618594996970387e-08,0.06800814718008041,0.09198332577943802,0.09240564703941345,0.019313115626573563
radial,1,0.9409492809532417,0.007199999876320362,0.00677483482286334,1711.6546630859375,1.6185335738327922e-08,0.07146438211202621,0.09125468879938126,0.09078888595104218,0.017400572076439857
radial,1,0.9518636701007684,0.007199999876320362,0.0068534184247255325,1692.7786865234375,1.1786780440559141e-08,0.07489077746868134,0.09036118537187576,0.08914832025766373,0.015746980905532837
radial,1,0.9628890418551035,0.007199999876320362,0.006932801101356745,1672.3995361328125,9.02310137718132e-09,0.07831345498561859,0.0892830342054367,0.08747384697198868,0.01435138937085867
radial,1,0.9740264310191076,0.007199999876320362,0.007012990303337574,1652.194580078125,7.009952618375337e-09,0.08159728348255157,0.08817438781261444,0.08585193753242493,0.0131163839250803
radial,1,0.9852770664211776,0.007199999876320362,0.007093994878232479,1631.86328125,5.525832236230599e-09,0.08478311449289322,0.08701330423355103,0.0842645913362503,0.012032863683998585
radial,1,0.9966419181889958,0.007199999876320362,0.00717582181096077,1610.2830810546875,4.586531598960164e-09,0.08798349648714066,0.08570419996976852,0.08265121281147003,0.011130017228424549
radial,1,1.008122473851674,0.007199999876320362,0.007258481811732054,1588.072021484375,3.975927143073932e-09,0.09116173535585403,0.08431001752614975,0.08103711158037186,0.010355187579989433
radial,1,1.0197196388617158,0.007199999876320362,0.007341981399804354,1566.2076416015625,3.455313812850136e-09,0.09425066411495209,0.08292696624994278,0.0794648826122284,0.009638285264372826
radial,1,1.0314346420475178,0.007199999876320362,0.007426329422742128,1544.2706298828125,3.006916715619923e-09,0.09729550778865814,0.08152317255735397,0.077911376953125,0.008981968276202679
radial,1,1.043268776912656,0.007199999876320362,0.007511535193771124,1520.3392333984375,2.762011508394835e-09,0.10045129060745239,0.0799313634634018,0.07629010081291199,0.008469744585454464
radial,1,1.0552231429351702,0.007199999876320362,0.0075976066291332245,1494.750244140625,2.6861062263350277e-09,0.1036979928612709,0.0781845897436142,0.07461335510015488,0.00807645358145237
radial,1,1.0672990336186357,0.007199999876320362,0.007684553042054176,1469.291015625,2.6127986441082385e-09,0.10691071301698685,0.07644736766815186,0.0729537382721901,0.007697523571550846
radial,1,1.0794976777914498,0.007199999876320362,0.007772383280098438,1443.6357421875,2.5315021190408515e-09,0.11013311892747879,0.07469911873340607,0.07128913700580597,0.007323747500777245
radial,1,1.0918203689571884,0.007199999876320362,0.007861106656491756,1417.494140625,2.431740586672504e-09,0.11340390890836716,0.07292185723781586,0.06960003823041916,0.00694663031026721
radial,1,1.10426827126907,0.007199999876320362,0.007950731553137302,1390.669189453125,2.303202517595082e-09,0.11674965173006058,0.07110417634248734,0.06787316501140594,0.006559081841260195
radial,1,1.1168426782306697,0.007199999876320362,0.008041267283260822,1363.058349609375,2.136006926889422e-09,0.12018493562936783,0.06924114376306534,0.06610143184661865,0.006155386567115784
radial,1,1.1295448833455641,0.007199999876320362,0.008132723160088062,1334.5889892578125,1.9206281010042403e-09,0.12372051179409027,0.06733003258705139,0.06427975744009018,0.005730200093239546
radial,1,1.1423761801173289,0.007199999876320362,0.008225108496844769,1305.179931640625,1.6476701114598313e-09,0.12736842036247253,0.0653676837682724,0.06240236386656761,0.005277721676975489
radial,1,1.1553378620495398,0.007199999876320362,0.008318432606756687,1275.0257568359375,1.3119433317498874e-09,0.13110661506652832,0.06336924433708191,0.060480982065200806,0.004796472378075123
radial,1,1.1684313519961305,0.007199999876320362,0.008412705734372139,1242.7493896484375,1.0449896503672562e-09,0.13498112559318542,0.06121833994984627,0.058484986424446106,0.00439110491424799
radial,1,1.1816579434606764,0.007199999876320362,0.00850793719291687,1208.0948486328125,9.422315150331428e-10,0.13895903527736664,0.05888306349515915,0.05642686411738396,0.004126513842493296
radial,1,1.1950189299467537,0.007199999876320362,0.008604136295616627,1173.437744140625,8.984960553348742e-10,0.14287832379341125,0.05654619634151459,0.05439645051956177,0.003908802289515734
radial,1,1.2085157343082957,0.007199999876320362,0.00870131328701973,1139.5924072265625,8.465769751886398e-10,0.14670607447624207,0.05427490174770355,0.05241432785987854,0.0036826739087700844
radial,1,1.222149779399236,0.007199999876320362,0.0087994784116745,1106.4315185546875,7.873110496880997e-10,0.15045657753944397,0.052059661597013474,0.050472985953092575,0.0034485559444874525
radial,1,1.2359223587231505,0.007199999876320362,0.008898640982806683,1074.03369140625,7.21803450343117e-10,0.15412096679210663,0.04990481585264206,0.048576947301626205,0.003208165057003498
radial,1,1.2498348951339722,0.007199999876320362,0.0089988112449646,1042.3955078125,6.510826877637044e-10,0.1576995700597763,0.04780912771821022,0.04672592505812645,0.002962759230285883
radial,1,1.2638889408359926,0.007199999876320362,0.009100000374019146,1011.4767456054688,5.782424539191311e-10,0.16119682788848877,0.04576902836561203,0.04491754621267319,0.0027133114635944366
radial,1,1.2800925307803683,0.007199999876320362,0.009216666221618652,977.0458374023438,5.188790508370289e-10,0.16509222984313965,0.043505340814590454,0.04290362447500229,0.002425385871902108
radial,1,1.2962962500751019,0.007199999876320362,0.009333333000540733,943.9485473632812,4.75607997429961e-10,0.16883790493011475,0.041336387395858765,0.040967389941215515,0.0021396237425506115
radial,1,1.3124999693698354,0.007199999876320362,0.009449999779462814,912.08056640625,4.0146541646635114e-10,0.1724451780319214,0.03925412520766258,0.039103295654058456,0.0018563364865258336
radial,1,1.322034125526746,0.007199999876320362,0.009518645703792572,893.7545776367188,3.393412773000648e-10,0.1745195835828781,0.03805944323539734,0.03803166002035141,0.0016899780603125691
radial,1,1.3316050171852112,0.007199999876320362,0.00958755612373352,875.5774536132812,2.6835617061848893e-10,0.17657695710659027,0.03687639534473419,0.03696900233626366,0.0015227149706333876
radial,1,1.3412129030459456,0.007199999876320362,0.009656732901930809,857.2245483398438,1.9361337533219114e-10,0.1786470264196396,0.035683948546648026,0.03589973971247673,0.0013567605055868626
radial,1,1.3508579124593072,0.007199999876320362,0.009726176969707012,837.3740234375,1.438417718269136e-10,0.18080292642116547,0.03439870476722717,0.03478371724486351,0.0012341717956587672
radial,1,1.3605401747756534,0.007199999876320362,0.009795889258384705,816.689453125,1.1974607416753713e-10,0.18297864496707916,0.033063147217035294,0.03365524858236313,0.0011551467468962073
radial,1,1.370259819345342,0.007199999876320362,0.009865870699286461,797.09716796875,1.007613437131738e-10,0.1850385218858719,0.0317988395690918,0.03258678689599037,0.0010802883189171553
radial,1,1.38001697551873,0.007199999876320362,0.009936122223734856,778.7674560546875,8.856673033852402e-11,0.186966210603714,0.030616264790296555,0.03158682584762573,0.0010097568156197667
radial,1,1.3898121606972482,0.007199999876320362,0.010006647557020187,761.4930419921875,8.004957807727919e-11,0.1887829452753067,0.02950204163789749,0.0306443702429533,0.0009430516511201859
radial,1,1.399644728129109,0.007199999876320362,0.010077442042529583,745.0601806640625,7.304773452787572e-11,0.19051091372966766,0.028442393988370895,0.02974795363843441,0.0008795208996161819
radial,1,1.409515453916457,0.007199999876320362,0.01014851126819849,729.3375854492188,6.640592242757037e-11,0.19216370582580566,0.02742883749306202,0.02889053151011467,0.0008187805069610476
radial,1,1.419424338059293,0.007199999876320362,0.010219855234026909,714.2350463867188,6.010740516426694e-11,0.19375073909759521,0.02645547315478325,0.028067216277122498,0.0007606350700370967
radial,1,1.4293713805576167,0.007199999876320362,0.01029147394001484,699.679931640625,5.413714962432259e-11,0.1952795684337616,0.025517554953694344,0.027274079620838165,0.000704917823895812
radial,1,1.4393569694625008,0.007199999876320362,0.010363370180130005,685.6123657226562,4.8481343939421606e-11,0.196756511926651,0.02461116388440132,0.02650785818696022,0.0006514819106087089
radial,1,1.4493811047739453,0.007199999876320362,0.010435543954372406,671.9832763671875,4.312772361458883e-11,0.19818665087223053,0.02373308129608631,0.025765882804989815,0.0006002004956826568
radial,1,1.459443915842308,0.007199999876320362,0.010507996194064617,658.7515869140625,3.8065349483584754e-11,0.19957436621189117,0.02288063056766987,0.02504592202603817,0.0005509632173925638
radial,1,1.4695455320179462,0.007199999876320362,0.010580727830529213,645.8817138671875,3.3284080352968815e-11,0.200923353433609,0.022051479667425156,0.02434602379798889,0.0005036683287471533
radial,1,1.479686341351933,0.007199999876320362,0.010653741657733917,633.3450317382812,2.8775450772178246e-11,0.20223663747310638,0.021243741735816002,0.02366461604833603,0.0004582312540151179
radial,1,1.4898662144939105,0.007199999876320362,0.010727036744356155,621.13134765625,2.4536914167150314e-11,0.20351538062095642,0.02045673318207264,0.023001130670309067,0.0004146280698478222
radial,1,1.500085410144594,0.007199999876320362,0.010800614953041077,609.2376708984375,2.056779746517634e-11,0.20475983619689941,0.019690237939357758,0.022355392575263977,0.0003728574374690652
radial,1,1.5103439283039835,0.007199999876320362,0.010874476283788681,597.5612182617188,1.6835498273248817e-11,0.2059808373451233,0.018937598913908005,0.02172180637717247,0.00033257046015933156
radial,1,1.520642415723867,0.007199999876320362,0.010948625393211842,585.7516479492188,1.3635631686270688e-11,0.2072058618068695,0.01817927695810795,0.021086009219288826,0.00029572047060355544
radial,1,1.5309804843531716,0.007199999876320362,0.011023059487342834,573.541259765625,1.163573664503259e-11,0.20844398438930511,0.01740453392267227,0.02044307067990303,0.00026759773027151823
radial,1,1.54135852224297,0.007199999876320362,0.011097781360149384,561.3885498046875,1.0449687122549012e-11,0.20965760946273804,0.016639692708849907,0.019812636077404022,0.0002459840616211295
radial,1,1.55177665874362,0.007199999876320362,0.011172791942954063,549.824462890625,9.353327140582124e-12,0.21081160008907318,0.01591215655207634,0.019213177263736725,0.00022574634931515902
radial,1,1.5622350232054791,0.007199999876320362,0.011248092167079449,538.8605346679688,8.348399228863546e-12,0.21190479397773743,0.015222637914121151,0.018645288422703743,0.00020692497491836548
radial,1,1.5727337449789047,0.007199999876320362,0.011323682963848114,528.4095458984375,7.426667787691077e-12,0.2129458785057068,0.014565635472536087,0.01810445263981819,0.00018937929417006671
radial,1,1.5832730827646124,0.007199999876320362,0.011399566195905209,518.4013671875,6.58085782048734e-12,0.21394191682338715,0.013936725445091724,0.017587024718523026,0.00017298749298788607
radial,1,1.5938530365626018,0.007199999876320362,0.011475741863250732,508.78997802734375,5.805526198665589e-12,0.21489748358726501,0.013332992792129517,0.01709059439599514,0.00015766234719194472
radial,1,1.604473994423946,0.007199999876320362,0.01155221275985241,499.5398254394531,5.096014756011957e-12,0.2158161699771881,0.01275219302624464,0.0166133102029562,0.00014333151921164244
radial,1,1.6151358269982867,0.007199999876320362,0.011628977954387665,490.6214904785156,4.448078624180729e-12,0.2167009860277176,0.012192459776997566,0.016153626143932343,0.00012993034033570439
radial,1,1.6258389223366976,0.007199999876320362,0.011706040240824223,482.0102844238281,3.857815976393564e-12,0.21755439043045044,0.01165222842246294,0.015710238367319107,0.00011740048648789525
radial,1,1.6365834097895358,0.007199999876320362,0.011783400550484657,473.6856994628906,3.3216342003317134e-12,0.21837849915027618,0.011130197905004025,0.015282068401575089,0.00010568938159849495
radial,1,1.6473691600064437,0.007199999876320362,0.011861057952046394,465.6325378417969,2.8362950009463983e-12,0.21917486190795898,0.01062539592385292,0.014868298545479774,9.475136175751686e-05
radial,1,1.658196949089567,0.007199999876320362,0.011939018033444881,457.83966064453125,2.3988205085506698e-12,0.21994464099407196,0.010137112811207771,0.014468330889940262,8.454617636743933e-05
radial,1,1.6690663889878325,0.007199999876320362,0.012017278000712395,450.2860107421875,2.006225480882806e-12,0.22068992257118225,0.00966404378414154,0.014081085100769997,7.503014785470441e-05
radial,1,1.6799776090515985,0.007199999876320362,0.012095838785171509,442.908203125,1.6731145548870563e-12,0.22141441702842712,0.009203484281897545,0.013704615645110607,6.65172265144065e-05
radial,1,1.6909312560326524,0.007199999876320362,0.012174705043435097,435.64581298828125,1.4240325498654505e-12,0.22211922705173492,0.008754104375839233,0.013338307850062847,5.963577496004291e-05
radial,1,1.7019272005806367,0.007199999876320362,0.012253875844180584,428.5677490234375,1.2345320078710476e-12,0.22279994189739227,0.00831911526620388,0.012984484434127808,5.401761882239953e-05
radial,1,1.7129654426955514,0.007199999876320362,0.01233335118740797,421.7776184082031,1.0679516082232055e-12,0.22345168888568878,0.007902375422418118,0.012645712122321129,4.892420838586986e-05
radial,1,1.7240464997788272,0.007199999876320362,0.012413134798407555,415.2862243652344,9.198210769445492e-13,0.22407403588294983,0.007504249922931194,0.012322214432060719,4.4261108996579424e-05
radial,1,1.7351702424801059,0.007199999876320362,0.012493225745856762,409.07049560546875,7.886117431819828e-13,0.22466923296451569,0.007123294286429882,0.012012808583676815,3.999454202130437e-05
radial,1,1.7463370588504605,0.007199999876320362,0.012573626823723316,403.1101989746094,6.728739202106759e-13,0.2252393364906311,0.006758250296115875,0.011716458946466446,3.6092838854528964e-05
radial,1,1.757546690189176,0.007199999876320362,0.012654336169362068,397.3919982910156,5.713125285355947e-13,0.22578564286231995,0.006408271379768848,0.011432466097176075,3.252902752137743e-05
radial,1,1.7688000419487557,0.007199999876320362,0.01273536030203104,391.9051208496094,4.827107138484499e-13,0.22630926966667175,0.0060726795345544815,0.01116026658564806,2.9278300644364208e-05
radial,1,1.7800967260781262,0.007199999876320362,0.012816696427762508,386.64031982421875,4.0590518142827325e-13,0.22681112587451935,0.005750889889895916,0.010899373330175877,2.6317200536141172e-05
radial,1,1.7914370012780032,0.007199999876320362,0.012898346409201622,381.5906982421875,3.3979199662304005e-13,0.22729194164276123,0.005442452616989613,0.010649409145116806,2.3623957531526685e-05
radial,1,1.8028211262491014,0.007199999876320362,0.01298031210899353,376.7510986328125,2.8331601387848737e-13,0.22775228321552277,0.005147038027644157,0.010410094633698463,2.117816620739177e-05
radial,1,1.814249230341779,0.007199999876320362,0.013062594458460808,372.1107482910156,2.3551722638098793e-13,0.22819314897060394,0.00486399233341217,0.010180890560150146,1.8962184185511433e-05
radial,1,1.8257213135560355,0.007199999876320362,0.013145193457603455,367.6441345214844,1.9666905636591542e-13,0.22861623764038086,0.004592187702655792,0.009960925206542015,1.7022350220941007e-05
radial,1,1.8372378932933013,0.007199999876320362,0.013228112831711769,363.3320007324219,1.6704142951663725e-13,0.22902214527130127,0.004331154283136129,0.00974988378584385,1.544332189951092e-05
radial,1,1.848798840203219,0.007199999876320362,0.013311351649463177,359.193359375,1.4414660329080398e-13,0.229409858584404,0.004081613849848509,0.009548287838697433,1.414285088685574e-05
radial,1,1.8604045423368614,0.007199999876320362,0.013394912704825401,355.2574768066406,1.2553956626418922e-13,0.22977811098098755,0.0038445228710770607,0.009356808848679066,1.2991135008633137e-05
radial,1,1.8720549996942282,0.007199999876320362,0.013478795997798443,351.529052734375,1.1055551276967918e-13,0.23012667894363403,0.0036200592294335365,0.009175573475658894,1.196479752252344e-05
radial,1,1.8837504709760349,0.007199999876320362,0.01356300339102745,348.00048828125,9.867744100132414e-14,0.23045626282691956,0.0034077404998242855,0.009004185907542706,1.105045430449536e-05
radial,1,1.8954912148829963,0.007199999876320362,0.013647536747157574,344.6646728515625,8.941869326147683e-14,0.2307676523923874,0.003207124536857009,0.008842279203236103,1.0235474292130675e-05
radial,1,1.907277231415113,0.007199999876320362,0.013732396066188812,341.5166015625,8.23270962578386e-14,0.23106127977371216,0.0030178886372596025,0.008689587004482746,9.508326911600307e-06
radial,1,1.9191087792730994,0.007199999876320362,0.013817583210766315,338.5517272949219,7.698581491267023e-14,0.23133766651153564,0.0028397429268807173,0.00854586809873581,8.85832923813723e-06
radial,1,1.9309859878073137,0.007199999876320362,0.013903099112212658,335.7662048339844,7.301441623617372e-14,0.2315971851348877,0.002672442700713873,0.008410919457674026,8.275701475213282e-06
radial,1,1.9429091157184708,0.007199999876320362,0.013988945633172989,333.1559143066406,7.006869314363923e-14,0.23184025287628174,0.0025157222989946604,0.008284519426524639,7.751364137220662e-06
radial,1,1.9548782923569283,0.007199999876320362,0.014075123704969883,330.7109375,6.79181578057235e-14,0.23206780850887299,0.00236899359151721,0.008166192099452019,7.2797242864908185e-06
radial,1,1.9668936470730438,0.007199999876320362,0.014161634258925915,328.4158935546875,6.683652383713407e-14,0.23228079080581665,0.002231609309092164,0.008055437356233597,6.888262760185171e-06
radial,1,1.97895556791789,0.007199999876320362,0.014248480089008808,326.2651672363281,6.673447330764887e-14,0.23247960209846497,0.0021033110097050667,0.007952051237225533,6.581579327757936e-06
radial,1,1.9910639255411096,0.007199999876320362,0.014335660263895988,324.2669677734375,6.692738675545193e-14,0.2326640486717224,0.0019842595793306828,0.007856130599975586,6.3165011852106545e-06
radial,1,2.003219107993775,0.007199999876320362,0.01442317757755518,322.4263610839844,6.70939811955179e-14,0.23283392190933228,0.001874604495242238,0.007767779752612114,6.072045835026074e-06
radial,1,2.015421244626244,0.007199999876320362,0.014511032961308956,320.7378234863281,6.711969033953297e-14,0.23298978805541992,0.0017740126932039857,0.00768673000857234,5.844354745931923e-06
radial,1,2.027670464788874,0.007199999876320362,0.014599227346479893,319.1922912597656,6.692634998712449e-14,0.23313245177268982,0.0016819315496832132,0.007612532004714012,5.630056875816081e-06
radial,1,2.039967156532738,0.007199999876320362,0.014687763527035713,317.7806396484375,6.646140343798124e-14,0.2332627922296524,0.001597817288711667,0.007544748950749636,5.426497864391422e-06
radial,1,2.0523111905074782,0.007199999876320362,0.014776640571653843,316.4931335449219,6.56981386610786e-14,0.23338168859481812,0.001521086087450385,0.007482908666133881,5.231626801105449e-06
radial,1,2.0647029547641673,0.007199999876320362,0.014865861274302006,315.31884765625,6.463368252065949e-14,0.2334901988506317,0.0014510862529277802,0.007426486350595951,5.0438875405234285e-06
radial,1,2.077142708003521,0.007199999876320362,0.014955427497625351,314.24578857421875,6.328441324579201e-14,0.23358938097953796,0.0013871078845113516,0.007374910172075033,4.862111381953582e-06
radial,1,2.0896301915248237,0.007199999876320362,0.01504533737897873,313.2615051269531,6.168053264324347e-14,0.23368039727210999,0.0013284030137583613,0.007327577564865351,4.685417479777243e-06
radial,1,2.1021661814302206,0.007199999876320362,0.015135596506297588,312.3530578613281,5.98604689037649e-14,0.2337644398212433,0.0012742080725729465,0.007283875253051519,4.513111889536958e-06
radial,1,2.1147505483693547,0.007199999876320362,0.015226203948259354,311.5079650878906,5.786642459692029e-14,0.2338426262140274,0.0012237809132784605,0.007243204861879349,4.344651642895769e-06
radial,1,2.1273834216925835,0.007199999876320362,0.0153171606361866,310.71466064453125,5.5740314301071583e-14,0.23391607403755188,0.0011764300288632512,0.007205010391771793,4.17960245613358e-06
radial,1,2.1400651894509792,0.007199999876320362,0.01540846936404705,309.9617004394531,5.352128787904087e-14,0.2339858114719391,0.001131479861214757,0.00716874934732914,4.017488208774012e-06
radial,1,2.1527961103452578,0.007199999876320362,0.015500131994485855,309.2379150390625,5.124435489660406e-14,0.234052836894989,0.0010882655624300241,0.007133885286748409,3.857749106828123e-06
radial,1,2.165575666973988,0.007199999876320362,0.015592144802212715,308.533203125,4.8938216218145925e-14,0.23411814868450165,0.0010461861966177821,0.007099935319274664,3.6997953429818153e-06
radial,1,2.178405152840747,0.007199999876320362,0.015684517100453377,307.83856201171875,4.6624915029085806e-14,0.2341824769973755,0.001004707650281489,0.007066469173878431,3.5430123261903645e-06
radial,1,2.191284050544103,0.007199999876320362,0.01577724516391754,307.1456604003906,4.4321967970772924e-14,0.23424668610095978,0.0009633351000957191,0.007033088710159063,3.3867499951156788e-06
radial,1,2.204212618784772,0.007199999876320362,0.01587033085525036,306.4466552734375,4.204312069387532e-14,0.23431143164634705,0.000921599508728832,0.006999416276812553,3.2303159969160333e-06
radial,1,2.217191116263469,0.007199999876320362,0.015963776037096977,305.7347106933594,3.9798110689154634e-14,0.23437738418579102,0.000879095692653209,0.0069651249796152115,3.073052994295722e-06
radial,1,2.230219542980194,0.007199999876320362,0.016057580709457397,305.0057067871094,3.759265712307072e-14,0.23444488644599915,0.0008355807512998581,0.006930020172148943,2.9145655844331486e-06
radial,1,2.2432986750370927,0.007199999876320362,0.016151750460267067,304.2600402832031,3.5428799650960574e-14,0.23451390862464905,0.0007910773274488747,0.006894120015203953,2.7549590413400438e-06
radial,1,2.2564282537334495,0.007199999876320362,0.016246283426880836,303.50311279296875,3.330623672909497e-14,0.23458397388458252,0.0007459046319127083,0.006857681088149548,2.5949507289624307e-06
radial,1,2.269608279069265,0.007199999876320362,0.016341179609298706,302.74365234375,3.122401629244119e-14,0.2346542775630951,0.0007005843799561262,0.006821123883128166,2.4356995709240437e-06
radial,1,2.2828395271466837,0.007199999876320362,0.016436444595456123,301.990966796875,2.918209429528598e-14,0.23472394049167633,0.0006556726293638349,0.006784897297620773,2.2784665816288907e-06
radial,1,2.2961217392649917,0.007199999876320362,0.01653207652270794,301.252685546875,2.718203944264766e-14,0.23479227721691132,0.0006116186268627644,0.006749361287802458,2.1243138235149672e-06
radial,1,2.309455174124903,0.007199999876320362,0.016628077253699303,300.53363037109375,2.5226840066764136e-14,0.23485881090164185,0.000568714807741344,0.006714754272252321,1.9739868548640516e-06
radial,1,2.322840349127849,0.007199999876320362,0.016724450513720512,299.8365173339844,2.332024174732817e-14,0.2349233478307724,0.0005271206609904766,0.006681202910840511,1.8279483811056707e-06
radial,1,2.336277005573114,0.007199999876320362,0.01682119444012642,299.16259765625,2.1466098484249768e-14,0.23498572409152985,0.0004869096737820655,0.0066487668082118034,1.6864701137819793e-06
radial,1,2.349765660862128,0.007199999876320362,0.01691831275820732,298.51226806640625,1.9668027108213706e-14,0.2350459098815918,0.00044810824329033494,0.006617467850446701,1.5497097365368973e-06
radial,1,2.3633063149948916,0.007199999876320362,0.01701580546796322,297.8856201171875,1.792929039013281e-14,0.23510389029979706,0.0004107191925868392,0.006587308365851641,1.4177619505062466e-06
radial,1,2.3768994853728347,0.007199999876320362,0.01711367629468441,297.2825012207031,1.6252797041147946e-14,0.2351597249507904,0.0003747346927411854,0.006558281369507313,1.290687805521884e-06
radial,1,2.3905449132952428,0.007199999876320362,0.017211923375725746,296.7027282714844,1.4641150840538977e-14,0.23521338403224945,0.0003401434514671564,0.006530378013849258,1.1685317531373585e-06
radial,1,2.404243116163545,0.007199999876320362,0.017310550436377525,296.14605712890625,1.3096717551327585e-14,0.23526489734649658,0.0003069339145440608,0.006503589916974306,1.0513321058169822e-06
radial,1,2.4179943526784577,0.007199999876320362,0.017409559339284897,295.6124267578125,1.1621676589287054e-14,0.235314279794693,0.0002750967687461525,0.006477908696979284,9.391264370606223e-07
radial,1,2.4317986228399806,0.007199999876320362,0.01750895008444786,295.1016845703125,1.0218108267335841e-14,0.23536153137683868,0.00024462639703415334,0.00645332969725132,8.31958288927126e-07
radial,1,2.445656185348829,0.007199999876320362,0.017608724534511566,294.61383056640625,8.888080192898194e-15,0.23540668189525604,0.00021552263933699578,0.0064298538491129875,7.298833111235581e-07
radial,1,2.459567298905717,0.007199999876320362,0.017708884552121162,294.14898681640625,7.633756535154346e-15,0.23544970154762268,0.00018779319361783564,0.006407486274838448,6.329775033009355e-07
radial,1,2.473532222211361,0.007199999876320362,0.0178094319999218,293.70745849609375,6.457548796905133e-15,0.23549054563045502,0.00016145722474902868,0.006386243272572756,5.413497206063766e-07
radial,1,2.4875509552657604,0.007199999876320362,0.017910366877913475,293.2899169921875,5.3623419723689e-15,0.23552916944026947,0.00013655066140927374,0.006366153713315725,4.551595793600427e-07
radial,1,2.501624015470346,0.007199999876320362,0.01801169291138649,292.8973388671875,4.351810913987312e-15,0.23556548357009888,0.00011313522554701194,0.006347267422825098,3.746466177290131e-07
radial,1,2.515751402825117,0.007199999876320362,0.018113410100340843,292.53143310546875,3.430900811864676e-15,0.2355993390083313,9.131276601692662e-05,0.006329665891826153,3.001759694143402e-07
radial,1,2.5299331173300743,0.007199999876320362,0.018215518444776535,292.1949768066406,2.6065005849610105e-15,0.23563045263290405,7.124807598302141e-05,0.006313483230769634,2.323082526345388e-07
radial,1,2.5441699350873628,0.007199999876320362,0.018318023532629013,291.892333984375,1.8881283425046125e-15,0.2356584370136261,5.3199517424218357e-05,0.006298926658928394,1.718876490031107e-07
radial,1,2.558461597396268,0.007199999876320362,0.018420923501253128,291.62969970703125,1.287713273008138e-15,0.23568274080753326,3.7539277400355786e-05,0.006286296993494034,1.200820634039701e-07
radial,1,2.5728083629575043,0.007199999876320362,0.01852422021329403,291.4144592285156,8.164308115403049e-16,0.23570263385772705,2.470628169248812e-05,0.006275947671383619,7.819045322321472e-08
radial,1,2.587210749172502,0.007199999876320362,0.018627917394042015,291.2520751953125,4.773296414365183e-16,0.23571765422821045,1.5024189451651182e-05,0.0062681399285793304,4.703022682406299e-08
radial,1,2.601668756041262,0.007199999876320362,0.018732015043497086,291.14166259765625,2.578552521108118e-16,0.23572784662246704,8.443071237707045e-06,0.006262832786887884,2.6148217813215524e-08
radial,1,2.6161823835637836,0.007199999876320362,0.01883651316165924,291.07452392578125,1.305731199043454e-16,0.23573406040668488,4.442630142875714e-06,0.006259607151150703,1.3620624628174482e-08
radial,1,2.630752149141497,0.007199999876320362,0.01894141547381878,291.0375671386719,6.260331177650378e-17,0.23573747277259827,2.239101377199404e-06,0.006257830187678337,6.730342505534281e-09
radial,1,2.645378311475118,0.007199999876320362,0.01904672384262085,291.0185546875,2.893149888315675e-17,0.23573923110961914,1.1038512184313731e-06,0.00625691469758749,3.2181046716317496e-09
radial,1,2.6600608705646462,0.007199999876320362,0.019152438268065453,291.0091857910156,1.1858223860724402e-17,0.23574011027812958,5.415216151050117e-07,0.006256461143493652,1.3769319018308579e-09
radial,1,2.674800343811512,0.007199999876320362,0.019258562475442886,291.00469970703125,2.6077685651589094e-18,0.2357405126094818,2.691853353553597e-07,0.006256241351366043,3.273590010177685e-10
radial,1,2.6895964725150003,0.007199999876320362,0.019365094602108,291.00238037109375,0.0,0.23574073612689972,1.334145878217896e-07,0.006256131920963526,0.0
radial,1,2.7044497740765414,0.007199999876320362,0.019472038373351097,291.00115966796875,0.0,0.23574084043502808,6.450085976439368e-08,0.006256076507270336,0.0
radial,1,2.7193607658975654,0.007199999876320362,0.01957939751446247,291.00054931640625,0.0,0.23574090003967285,3.1131165201259137e-08,0.006256049498915672,0.0
radial,1,2.7343289305766425,0.007199999876320362,0.019687168300151825,291.0002746582031,0.0,0.23574091494083405,1.4997812769479424e-08,0.006256036926060915,0.0
radial,1,2.7493553029166327,0.007199999876320362,0.019795358180999756,291.0001525878906,0.0,0.23574092984199524,7.208499130939572e-09,0.00625603087246418,0.0
radial,1,2.7644393655161066,0.007199999876320362,0.019903963431715965,291.00006103515625,0.0,0.23574094474315643,3.452728103425784e-09,0.006256027612835169,0.0
radial,1,2.7795818944772086,0.007199999876320362,0.0200129896402359,291.0000305175781,0.0,0.23574094474315643,1.6444757777733798e-09,0.006256026215851307,0.0
radial,1,2.794782889799939,0.007199999876320362,0.020122436806559563,291.0000305175781,0.0,0.23574094474315643,7.755007747078935e-10,0.00625602575019002,0.0
radial,1,2.810042610185014,0.007199999876320362,0.0202323067933321,291.0,0.0,0.23574094474315643,3.5701896994311255e-10,0.006256025284528732,0.0
radial,1,2.8253613143331475,0.007199999876320362,0.020342601463198662,291.0,0.0,0.23574094474315643,1.5830535493588371e-10,0.006256025284528732,0.0
radial,1,2.84073900224434,0.007199999876320362,0.02045332081615925,291.0,0.0,0.23574094474315643,6.281859754597718e-11,0.006256025284528732,0.0
radial,1,2.856176450020737,0.007199999876320362,0.020564470440149307,291.0,0.0,0.23574094474315643,1.465980982440218e-11,0.006256025284528732,0.0
radial,1,2.8716731402609086,0.007199999876320362,0.02067604660987854,291.0,0.0,0.23574094474315643,0.0,0.006256025284528732,0.0
radial,1,2.8872298490669994,0.007199999876320362,0.020788054913282394,291.0,0.0,0.23574094474315643,0.0,0.006256025284528732,0.0
radial,1,2.9028465764390097,0.007199999876320362,0.02090049535036087,291.0,0.0,0.23574094474315643,0.0,0.006256025284528732,0.0
radial,1,2.9185238397783704,0.007199999876320362,0.021013371646404266,291.0,0.0,0.23574094474315643,0.0,0.006256025284528732,0.0
radial,1,2.934261380384366,0.007199999876320362,0.021126681938767433,291.0,0.0,0.23574094474315643,0.0,0.006256025284528732,0.0
radial,1,2.9500599743591414,0.007199999876320362,0.02124043181538582,291.0,0.0,0.23574094474315643,0.0,0.006256025284528732,0.0
radial,1,2.9659193630019827,0.007199999876320362,0.021354619413614273,291.0,0.0,0.23574094474315643,0.0,0.006256025284528732,0.0
radial,1,2.9818400637143188,0.007199999876320362,0.021469248458743095,291.0,0.0,0.23574094474315643,0.0,0.006256025284528732,0.0
radial,1,2.997822335196866,0.007199999876320362,0.021584320813417435,291.0,0.0,0.23574094474315643,0.0,0.006256025284528732,0.0
radial,1,3.013866436150339,0.007199999876320362,0.02169983834028244,291.0,0.0,0.23574094474315643,0.0,0.006256025284528732,0.0
radial,1,3.029972366574738,0.007199999876320362,0.021815801039338112,291.0,0.0,0.23574094474315643,0.0,0.006256025284528732,0.0
radial,1,3.046140643871493,0.007199999876320362,0.021932212635874748,291.0,0.0,0.23574094474315643,0.0,0.006256025284528732,0.0
radial,1,3.062371268040604,0.007199999876320362,0.02204907312989235,291.0,0.0,0.23574094474315643,0.0,0.006256025284528732,0.0
radial,1,3.078664497782787,0.007199999876320362,0.022166384384036064,291.0,0.0,0.23574094474315643,0.0,0.006256025284528732,0.0
radial,1,3.095020850499471,0.007199999876320362,0.02228415012359619,291.0,0.0,0.23574094474315643,0.0,0.006256025284528732,0.0
radial,1,3.111440067489942,0.007199999876320362,0.022402368485927582,291.0,0.0,0.23574094474315643,2.158874815028078e-11,0.006256025284528732,0.0
radial,1,3.127922924856345,0.007199999876320362,0.022521045058965683,291.0,0.0,0.23574094474315643,4.3999189708321396e-11,0.006256025284528732,0.0
radial,1,3.14446942259868,0.007199999876320362,0.022640179842710495,291.0,0.0,0.23574094474315643,4.5304787699151916e-11,0.006256025284528732,0.0
radial,1,3.161080078118377,0.007199999876320362,0.022759776562452316,291.0,0.0,0.23574094474315643,4.6216110799468524e-11,0.006256025284528732,0.0
radial,1,3.177754891415437,0.007199999876320362,0.022879835218191147,291.0,0.0,0.23574094474315643,4.670948350327109e-11,0.006256025284528732,0.0
radial,1,3.194493603789144,0.007199999876320362,0.023000353947281837,291.0,0.0,0.23574094474315643,4.681240117765384e-11,0.006256025284528732,0.0
radial,1,3.2112972500423593,0.007199999876320362,0.023121340200304985,291.0,0.0,0.23574094474315643,4.657953189823871e-11,0.006256025284528732,0.0
radial,1,3.228165830175082,0.007199999876320362,0.02324279397726059,291.0,0.0,0.23574094474315643,4.611841464274846e-11,0.006256025284528732,0.0
radial,1,3.245099602888028,0.007199999876320362,0.0233647171407938,291.0,0.0,0.23574094474315643,4.5525638814325475e-11,0.006256025284528732,0.0
radial,1,3.262098568181197,0.007199999876320362,0.023487109690904617,291.0,0.0,0.23574094474315643,4.487195684466094e-11,0.006256025284528732,0.0
radial,1,3.2791635021567345,0.007199999876320362,0.023609977215528488,291.0,0.0,0.23574094474315643,4.419511284714517e-11,0.006256025284528732,0.0
radial,1,3.2962941461139255,0.007199999876320362,0.023733317852020264,291.0,0.0,0.23574094474315643,3.4939141857481815e-11,0.006256025284528732,0.0
radial,1,3.3134910174542003,0.007199999876320362,0.023857135325670242,291.0,0.0,0.23574094474315643,1.3021158803971922e-11,0.006256025284528732,0.0
radial,1,3.330754374878274,0.007199999876320362,0.023981431499123573,291.0,0.0,0.23574094474315643,0.0,0.006256025284528732,0.0
radial,1,3.348084477086862,0.007199999876320362,0.024106208235025406,291.0,0.0,0.23574094474315643,0.0,0.006256025284528732,0.0
radial,1,3.3654810653792486,0.007199999876320362,0.02423146367073059,291.0,0.0,0.23574094474315643,0.0,0.006256025284528732,0.0
radial,1,12.145766781436073,0.007199999876320362,0.08744952082633972,291.0,0.0,0.23574094474315643,0.0,0.006256025284528732,0.0
radial,1,12.420033001237446,0.007199999876320362,0.0894242376089096,291.0,0.0,0.23574094474315643,0.0,0.006256025284528732,0.0
radial,1,12.70483351416058,0.007199999876320362,0.09147480130195618,291.0,0.0,0.23574094474315643,0.0,0.006256025284528732,0.0
radial,1,13.000569823715422,0.007199999876320362,0.09360410273075104,291.0,0.0,0.23574094474315643,0.0,0.006256025284528732,0.0
radial,1,13.307665164271992,0.007199999876320362,0.09581518918275833,291.0,0.0,0.23574094474315643,0.0,0.006256025284528732,0.0
radial,1,13.626553118228912,0.007199999876320362,0.09811118245124817,291.0,0.0,0.23574094474315643,0.0,0.006256025284528732,0.0
radial,1,13.957687964042028,0.007199999876320362,0.1004953533411026,291.0,0.0,0.23574094474315643,0.0,0.006256025284528732,0.0
radial,1,14.301538467407227,0.007199999876320362,0.10297107696533203,291.0,0.0,0.23574094474315643,0.0,0.006256025284528732,0.0
radial,1,14.658595124880474,0.007199999876320362,0.1055418848991394,291.0,0.0,0.23574094474315643,0.0,0.006256025284528732,0.0
radial,1,15.02936292025778,0.007199999876320362,0.10821141302585602,291.0,0.0,0.23574094474315643,0.0,0.006256025284528732,0.0
radial,1,15.414368568195238,0.007199999876320362,0.1109834536910057,291.0,0.0,0.23574094474315643,0.0,0.006256025284528732,0.0
radial,1,15.814160514209005,0.007199999876320362,0.11386195570230484,291.0,0.0,0.23574094474315643,0.0,0.006256025284528732,0.0
radial,1,16.229305830266743,0.007199999876320362,0.11685100197792053,291.0,0.0,0.23574094474315643,0.0,0.006256025284528732,0.0
radial,1,16.66039435399903,0.007199999876320362,0.11995483934879303,291.0,0.0,0.23574094474315643,0.0,0.006256025284528732,0.0
radial,1,17.108036619093685,0.007199999876320362,0.12317786365747452,291.0,0.0,0.23574094474315643,0.0,0.006256025284528732,0.0
radial,1,17.572871098915737,0.007199999876320362,0.1265246719121933,291.0,0.0,0.23574094474315643,0.0,0.006256025284528732,0.0
radial,1,18.055554893281727,0.007199999876320362,0.12999999523162842,291.0,0.0,0.23574094474315643,0.0,0.006256025284528732,0.0
radial,1,18.337727006938724,0.007199999876320362,0.1320316344499588,291.0,0.0,0.23574094474315643,0.0,0.006256025284528732,0.0
radial,1,18.62480408615536,0.007199999876320362,0.1340985894203186,291.0,0.0,0.23574094474315643,0.0,0.006256025284528732,0.0
radial,1,18.91687098476622,0.007199999876320362,0.13620147109031677,291.0,0.0,0.23574094474315643,0.0,0.006256025284528732,0.0
radial,1,19.21401462621159,0.007199999876320362,0.13834090530872345,291.0,0.0,0.23574094474315643,0.0,0.006256025284528732,0.0
radial,1,19.51632607314322,0.007199999876320362,0.14051754772663116,291.0,0.0,0.23574094474315643,0.0,0.006256025284528732,0.0
radial,1,19.823892249001396,0.007199999876320362,0.14273202419281006,291.0,0.0,0.23574094474315643,0.0,0.006256025284528732,0.0
radial,1,20.13680421643787,0.007199999876320362,0.14498499035835266,291.0,0.0,0.23574094474315643,0.0,0.006256025284528732,0.0
radial,1,20.45515717731582,0.007199999876320362,0.1472771316766739,291.0,0.0,0.23574094474315643,0.0,0.006256025284528732,0.0
radial,1,20.779042194286983,0.007199999876320362,0.14960910379886627,291.0,0.0,0.23574094474315643,0.0,0.006256025284528732,0.0
radial,1,21.10856067803171,0.007199999876320362,0.1519816368818283,291.0,0.0,0.23574094474315643,0.0,0.006256025284528732,0.0
radial,1,21.44380576080746,0.007199999876320362,0.15439540147781372,291.0,0.0,0.23574094474315643,0.0,0.006256025284528732,0.0
radial,1,21.784880922900307,0.007199999876320362,0.1568511426448822,291.0,0.0,0.23574094474315643,0.0,0.006256025284528732,0.0
radial,1,22.131883435779148,0.007199999876320362,0.15934956073760986,291.0,0.0,0.23574094474315643,0.0,0.006256025284528732,0.0
radial,1,22.484918849335777,0.007199999876320362,0.1618914157152176,291.0,0.0,0.23574094474315643,0.0,0.006256025284528732,0.0
radial,1,22.844090643856262,0.007199999876320362,0.16447745263576508,291.0,0.0,0.23574094474315643,0.0,0.006256025284528732,0.0
radial,1,23.209508508443832,0.007199999876320362,0.1671084612607956,291.0,0.0,0.23574094474315643,0.0,0.006256025284528732,0.0
radial,1,23.581277992990284,0.007199999876320362,0.16978520154953003,291.0,0.0,0.23574094474315643,0.0,0.006256025284528732,0.0
radial,1,23.959510856204563,0.007199999876320362,0.17250847816467285,291.0,0.0,0.23574094474315643,0.0,0.006256025284528732,0.0
radial,1,24.344316787189907,0.007199999876320362,0.17527908086776733,291.0,0.0,0.23574094474315643,0.0,0.006256025284528732,0.0
radial,1,24.735813753472435,0.007199999876320362,0.17809785902500153,291.0,0.0,0.23574094474315643,0.0,0.006256025284528732,0.0
radial,1,25.13411765297254,0.007199999876320362,0.18096564710140228,291.0,0.0,0.23574094474315643,0.0,0.006256025284528732,0.0
radial,1,25.53934438361062,0.007199999876320362,0.18388327956199646,291.0,0.0,0.23574094474315643,0.0,0.006256025284528732,0.0
radial,1,25.951618121729958,0.007199999876320362,0.1868516504764557,291.0,0.0,0.23574094474315643,0.0,0.006256025284528732,0.0
radial,1,26.37105683485667,0.007199999876320362,0.18987160921096802,291.0,0.0,0.23574094474315643,0.0,0.006256025284528732,0.0
radial,1,26.797786768939762,0.007199999876320362,0.19294406473636627,291.0,0.0,0.23574094474315643,0.0,0.006256025284528732,0.0
radial,1,27.231936239533955,0.007199999876320362,0.19606994092464447,291.0,0.0,0.23574094474315643,0.0,0.006256025284528732,0.0
radial,1,27.673633562193977,0.007199999876320362,0.19925016164779663,291.0,0.0,0.23574094474315643,0.0,0.006256025284528732,0.0
radial,1,28.123009122080273,0.007199999876320362,0.20248566567897797,291.0,0.0,0.23574094474315643,0.0,0.006256025284528732,0.0
radial,1,28.58019537395901,0.007199999876320362,0.20577740669250488,291.0,0.0,0.23574094474315643,0.0,0.006256025284528732,0.0
radial,1,29.045330981413525,0.007199999876320362,0.20912638306617737,291.0,0.0,0.23574094474315643,0.0,0.006256025284528732,0.0
radial,1,29.518550468815697,0.007199999876320362,0.21253356337547302,291.0,0.0,0.23574094474315643,0.0,0.006256025284528732,0.0
radial,1,30.000002847777473,0.007199999876320362,0.2160000205039978,291.0,0.0,0.23574094474315643,0.0,0.006256025284528732,0.0
radial,1,12.145766781436073,0.007199999876320362,0.08744952082633972,291.0,0.0,0.23574094474315643,0.0,0.006256025284528732,0.0
radial,1,11.881640594866541,0.007199999876320362,0.08554781228303909,291.0,0.0,0.23574094474315643,0.0,0.006256025284528732,0.0
radial,1,11.627285016907587,0.007199999876320362,0.08371645212173462,291.0,0.0,0.23574094474315643,0.0,0.006256025284528732,0.0
radial,1,11.382334762149387,0.007199999876320362,0.08195281028747559,291.0,0.0,0.23574094474315643,0.0,0.006256025284528732,0.0
radial,1,11.146444206436476,0.007199999876320362,0.08025439828634262,291.0,0.0,0.23574094474315643,0.0,0.006256025284528732,0.0
radial,1,10.919277038839128,0.007199999876320362,0.07861879467964172,291.0,0.0,0.23574094474315643,0.0,0.006256025284528732,0.0
radial,1,10.700512470470535,0.007199999876320362,0.07704368978738785,291.0,0.0,0.23574094474315643,0.0,0.006256025284528732,0.0
radial,1,10.489836956063906,0.007199999876320362,0.07552682608366013,291.0,0.0,0.23574094474315643,0.0,0.006256025284528732,0.0
radial,1,10.286953507198229,0.007199999876320362,0.07406606525182724,291.0,0.0,0.23574094474315643,0.0,0.006256025284528732,0.0
radial,1,10.091573413875368,0.007199999876320362,0.07265932857990265,291.0,0.0,0.23574094474315643,0.0,0.006256025284528732,0.0
radial,1,9.903418314125803,0.007199999876320362,0.07130461186170578,291.0,0.0,0.23574094474315643,0.0,0.006256025284528732,0.0
radial,1,9.722222263614336,0.007199999876320362,0.07000000029802322,291.0,0.0,0.23574094474315643,0.0,0.006256025284528732,0.0
radial,1,9.413060421744982,0.007199999876320362,0.06777403503656387,291.0,0.0,0.23574094474315643,0.0,0.006256025284528732,0.0
radial,1,9.130064605010881,0.007199999876320362,0.06573646515607834,291.0,0.0,0.23574094474315643,0.0,0.006256025284528732,0.0
radial,1,8.871020335290167,0.007199999876320362,0.0638713464140892,291.0,0.0,0.23574094474315643,0.0,0.006256025284528732,0.0
radial,1,8.633900433778763,0.007199999876320362,0.06216408312320709,291.0,0.0,0.23574094474315643,0.0,0.006256025284528732,0.0
radial,1,8.416849498947462,0.007199999876320362,0.06060131639242172,291.0,0.0,0.23574094474315643,0.0,0.006256025284528732,0.0
radial,1,8.21816838449902,0.007199999876320362,0.059170812368392944,291.0,0.0,0.23574094474315643,0.0,0.006256025284528732,0.0
radial,1,8.036302816536692,0.007199999876320362,0.05786138027906418,291.0,0.0,0.23574094474315643,0.0,0.006256025284528732,0.0
radial,1,7.869828906324175,0.007199999876320362,0.05666276812553406,291.0,0.0,0.23574094474315643,0.0,0.006256025284528732,0.0
radial,1,7.71744487186273,0.007199999876320362,0.05556560307741165,291.0,0.0,0.23574094474315643,0.0,0.006256025284528732,0.0
radial,1,7.577958102855417,0.007199999876320362,0.054561298340559006,291.0,0.0,0.23574094474315643,0.0,0.006256025284528732,0.0
radial,1,7.450276882284218,0.007199999876320362,0.053641993552446365,291.0,0.0,0.23574094474315643,0.0,0.006256025284528732,0.0
radial,1,7.333401590585709,0.007199999876320362,0.0528004914522171,291.0,0.0,0.23574094474315643,0.0,0.006256025284528732,0.0
radial,1,7.226418496833907,0.007199999876320362,0.05203021317720413,291.0,0.0,0.23574094474315643,0.0,0.006256025284528732,0.0
radial,1,7.12848992811309,0.007199999876320362,0.051325127482414246,291.0,0.0,0.23574094474315643,0.0,0.006256025284528732,0.0
radial,1,7.0388490955034895,0.007199999876320362,0.05067971348762512,291.0,0.0,0.23574094474315643,0.0,0.006256025284528732,0.0
radial,1,6.956795437468423,0.007199999876320362,0.050088927149772644,291.0,0.0,0.23574094474315643,0.0,0.006256025284528732,0.0
radial,1,6.881686341431406,0.007199999876320362,0.04954814165830612,291.0,0.0,0.23574094474315643,0.0,0.006256025284528732,0.0
radial,1,6.81293403936757,0.007199999876320362,0.0490531250834465,291.0,0.0,0.23574094474315643,0.0,0.006256025284528732,0.0
radial,1,6.75000095119079,0.007199999876320362,0.048600006848573685,291.0,0.0,0.23574094474315643,0.0,0.006256025284528732,0.0
radial,1,6.692393475936519,0.007199999876320362,0.048185233026742935,291.0,0.0,0.23574094474315643,0.0,0.006256025284528732,0.0
radial,1,6.639662509163221,0.007199999876320362,0.04780557006597519,291.0,0.0,0.23574094474315643,0.0,0.006256025284528732,0.0
radial,1,6.5913936123251915,0.007199999876320362,0.04745803400874138,291.0,0.0,0.23574094474315643,0.0,0.006256025284528732,0.0
radial,1,6.547211151984003,0.007199999876320362,0.04713992029428482,291.0,0.0,0.23574094474315643,0.0,0.006256025284528732,0.0
radial,1,6.506766916977035,0.007199999876320362,0.04684872180223465,291.0,0.0,0.23574094474315643,0.0,0.006256025284528732,0.0
radial,1,6.469745809833209,0.007199999876320362,0.0465821698307991,291.0,0.0,0.23574094474315643,0.0,0.006256025284528732,0.0
radial,1,6.435859120554395,0.007199999876320362,0.04633818566799164,291.0,0.0,0.23574094474315643,0.0,0.006256025284528732,0.0
radial,1,6.404838835199675,0.007199999876320362,0.04611483961343765,291.0,0.0,0.23574094474315643,0.0,0.006256025284528732,0.0
radial,1,6.376444879505369,0.007199999876320362,0.04591040313243866,291.0,0.0,0.23574094474315643,0.0,0.006256025284528732,0.0
radial,1,6.350453736053573,0.007199999876320362,0.045723266899585724,291.0,0.0,0.23574094474315643,0.0,0.006256025284528732,0.0
radial,1,6.32666258348359,0.007199999876320362,0.04555197060108185,291.0,0.0,0.23574094474315643,0.0,0.006256025284528732,0.0
radial,1,6.304884122477637,0.007199999876320362,0.04539516568183899,291.0,0.0,0.23574094474315643,0.0,0.006256025284528732,0.0
radial,1,6.284950197570854,0.007199999876320362,0.04525164142251015,291.0,0.0,0.23574094474315643,0.0,0.006256025284528732,0.0
radial,1,6.266703001326985,0.007199999876320362,0.04512026160955429,291.0,0.0,0.23574094474315643,0.0,0.006256025284528732,0.0
radial,1,6.250000248352687,0.007199999876320362,0.04500000178813934,291.0,0.0,0.23574094474315643,0.0,0.006256025284528732,0.0
radial,1,6.221503847175175,0.007199999876320362,0.044794827699661255,291.0,0.0,0.23574094474315643,0.0,0.006256025284528732,0.0
radial,1,6.193117652502325,0.007199999876320362,0.04459044709801674,291.0,0.0,0.23574094474315643,0.0,0.006256025284528732,0.0
radial,1,6.1648401121298475,0.007199999876320362,0.0443868488073349,291.0,0.0,0.23574094474315643,0.0,0.006256025284528732,0.0
radial,1,6.136671743459172,0.007199999876320362,0.044184036552906036,291.0,0.0,0.23574094474315643,0.0,0.006256025284528732,0.0
radial,1,6.108612029088868,0.007199999876320362,0.04398200660943985,291.0,0.0,0.23574094474315643,0.0,0.006256025284528732,0.0
radial,1,6.080659934216076,0.007199999876320362,0.04378075152635574,291.0,0.0,0.23574094474315643,0.0,0.006256025284528732,0.0
radial,1,6.0528154588407945,0.007199999876320362,0.04358027130365372,291.0,0.0,0.23574094474315643,0.0,0.006256025284528732,0.0
radial,1,6.025077568160163,0.007199999876320362,0.043380558490753174,291.0,0.0,0.23574094474315643,0.0,0.006256025284528732,0.0
radial,1,5.997447296977043,0.007199999876320362,0.04318162053823471,291.0,0.0,0.23574094474315643,0.0,0.006256025284528732,0.0
radial,1,5.969923610488574,0.007199999876320362,0.04298344999551773,291.0,0.0,0.23574094474315643,0.0,0.006256025284528732,0.0
radial,1,5.942504956490464,0.007199999876320362,0.04278603568673134,291.0,0.0,0.23574094474315643,0.0,0.006256025284528732,0.0
radial,1,5.915191852384144,0.007199999876320362,0.04258938133716583,291.0,0.0,0.23574094474315643,0.0,0.006256025284528732,0.0
radial,1,5.887984298169613,0.007199999876320362,0.04239348694682121,291.0,0.0,0.23574094474315643,0.0,0.006256025284528732,0.0
radial,1,5.860881259044012,0.007199999876320362,0.04219834506511688,291.0,0.0,0.23574094474315643,0.0,0.006256025284528732,0.0
radial,1,5.833882217605909,0.007199999876320362,0.04200395196676254,291.0,0.0,0.23574094474315643,0.0,0.006256025284528732,0.0
radial,1,5.806987173855305,0.007199999876320362,0.041810307651758194,291.0,0.0,0.23574094474315643,0.0,0.006256025284528732,0.0
radial,1,5.7801961277922,0.007199999876320362,0.041617412120103836,291.0,0.0,0.23574094474315643,0.0,0.006256025284528732,0.0
radial,1,5.753507527212302,0.007199999876320362,0.041425254195928574,291.0,0.0,0.23574094474315643,0.0,0.006256025284528732,0.0
radial,1,5.726921889517042,0.007199999876320362,0.041233837604522705,291.0,0.0,0.23574094474315643,0.0,0.006256025284528732,0.0
radial,1,5.700439214706421,0.007199999876320362,0.04104316234588623,291.0,0.0,0.23574094474315643,0.0,0.006256025284528732,0.0
radial,1,5.674056915773286,0.007199999876320362,0.04085320979356766,291.0,0.0,0.23574094474315643,0.0,0.006256025284528732,0.0
radial,1,5.6477770623233585,0.007199999876320362,0.04066399484872818,291.0,0.0,0.23574094474315643,0.0,0.006256025284528732,0.0
radial,1,5.621598102152348,0.007199999876320362,0.0404755063354969,291.0,0.0,0.23574094474315643,0.0,0.006256025284528732,0.0
radial,1,5.595520035260254,0.007199999876320362,0.040287744253873825,291.0,0.0,0.23574094474315643,0.0,0.006256025284528732,0.0
radial,1,5.569541826844215,0.007199999876320362,0.04010070115327835,291.0,0.0,0.23574094474315643,0.0,0.006256025284528732,0.0
radial,1,5.543664511707094,0.007199999876320362,0.03991438448429108,291.0,0.0,0.23574094474315643,0.0,0.006256025284528732,0.0
radial,1,5.517886537644598,0.007199999876320362,0.03972878307104111,291.0,0.0,0.23574094474315643,0.0,0.006256025284528732,0.0
radial,1,5.492207387255298,0.007199999876320362,0.039543893188238144,291.0,0.0,0.23574094474315643,0.0,0.006256025284528732,0.0
radial,1,5.466627060539193,0.007199999876320362,0.03935971483588219,291.0,0.0,0.23574094474315643,0.0,0.006256025284528732,0.0
radial,1,5.441145557496283,0.007199999876320362,0.039176248013973236,291.0,0.0,0.23574094474315643,0.0,0.006256025284528732,0.0
radial,1,5.415761843323708,0.007199999876320362,0.038993485271930695,291.0,0.0,0.23574094474315643,0.0,0.006256025284528732,0.0
radial,1,5.390475918021467,0.007199999876320362,0.03881142660975456,291.0,0.0,0.23574094474315643,0.0,0.006256025284528732,0.0
radial,1,5.3652867467867,0.007199999876320362,0.03863006457686424,291.0,0.0,0.23574094474315643,0.0,0.006256025284528732,0.0
radial,1,5.340194847020838,0.007199999876320362,0.038449402898550034,291.0,0.0,0.23574094474315643,0.0,0.006256025284528732,0.0
radial,1,5.31519970132245,0.007199999876320362,0.03826943784952164,291.0,0.0,0.23574094474315643,0.0,0.006256025284528732,0.0
radial,1,5.290300792290105,0.007199999876320362,0.038090165704488754,291.0,0.0,0.23574094474315643,0.0,0.006256025284528732,0.0
radial,1,5.265497085120943,0.007199999876320362,0.03791157901287079,291.0,0.0,0.23574094474315643,0.0,0.006256025284528732,0.0
radial,1,5.2407896146178246,0.007199999876320362,0.03773368522524834,291.0,0.0,0.23574094474315643,0.0,0.006256025284528732,0.0
radial,1,5.216176828576459,0.007199999876320362,0.037556473165750504,291.0,0.0,0.23574094474315643,0.0,0.006256025284528732,0.0
radial,1,5.191658726996846,0.007199999876320362,0.03737994283437729,291.0,0.0,0.23574094474315643,0.0,0.006256025284528732,0.0
radial,1,5.167234792477555,0.007199999876320362,0.037204090505838394,291.0,0.0,0.23574094474315643,0.0,0.006256025284528732,0.0
radial,1,5.142905025018586,0.007199999876320362,0.03702891618013382,291.0,0.0,0.23574094474315643,0.0,0.006256025284528732,0.0
radial,1,5.11866890721851,0.007199999876320362,0.03685441613197327,291.0,0.0,0.23574094474315643,0.0,0.006256025284528732,0.0
radial,1,5.094525921675894,0.007199999876320362,0.03668058663606644,291.0,0.0,0.23574094474315643,0.0,0.006256025284528732,0.0
radial,1,5.07047606839074,0.007199999876320362,0.03650742769241333,291.0,0.0,0.23574094474315643,0.0,0.006256025284528732,0.0
radial,1,5.046518312560187,0.007199999876320362,0.03633493185043335,291.0,0.0,0.23574094474315643,0.0,0.006256025284528732,0.0
radial,1,5.022653171585666,0.007199999876320362,0.036163102835416794,291.0,0.0,0.23574094474315643,0.0,0.006256025284528732,0.0
radial,1,4.998879610664315,0.007199999876320362,0.035991933196783066,291.0,0.0,0.23574094474315643,0.0,0.006256025284528732,0.0
radial,1,4.975197629796134,0.007199999876320362,0.035821422934532166,291.0,0.0,0.23574094474315643,0.0,0.006256025284528732,0.0
radial,1,4.951606711579694,0.007199999876320362,0.035651568323373795,291.0,0.0,0.23574094474315643,8.655594470330374e-12,0.006256025284528732,0.0
radial,1,4.928106856014994,0.007199999876320362,0.03548236936330795,291.0,0.0,0.23574094474315643,2.846408525547517e-11,0.006256025284528732,0.0
radial,1,4.904697028299172,0.007199999876320362,0.035313818603754044,291.0,0.0,0.23574094474315643,4.2630739216509284e-11,0.006256025284528732,0.0
radial,1,4.881377745833662,0.007199999876320362,0.035145919770002365,291.0,0.0,0.23574094474315643,4.662287916845642e-11,0.006256025284528732,0.0
radial,1,4.8581479738156,0.007199999876320362,0.03497866541147232,291.0,0.0,0.23574094474315643,4.8569939736786694e-11,0.006256025284528732,0.0
radial,1,4.835007194843557,0.007199999876320362,0.03481205180287361,291.0,0.0,0.23574094474315643,5.049312010174667e-11,0.006256025284528732,0.0
radial,1,4.811955926318963,0.007199999876320362,0.034646082669496536,291.0,0.0,0.23574094474315643,5.2375239562030274e-11,0.006256025284528732,0.0
radial,1,4.788993133438958,0.007199999876320362,0.0344807505607605,291.0,0.0,0.23574094474315643,5.4172590024936795e-11,0.006256025284528732,0.0
radial,1,4.766118816203542,0.007199999876320362,0.0343160554766655,291.0,0.0,0.23574094474315643,5.587974527543338e-11,0.006256025284528732,0.0
radial,1,4.743332457211283,0.007199999876320362,0.034151993691921234,291.0,0.0,0.23574094474315643,5.749271891897223e-11,0.006256025284528732,0.0
radial,1,4.720634056462182,0.007199999876320362,0.03398856520652771,291.0,0.0,0.23574094474315643,5.897923122111237e-11,0.006256025284528732,0.0
radial,1,4.6980225791533785,0.007199999876320362,0.03382576256990433,291.0,0.0,0.23574094474315643,6.03039423952012e-11,0.006256025284528732,0.0
radial,1,4.675498025284873,0.007199999876320362,0.033663585782051086,291.0,0.0,0.23574094474315643,6.145443182115073e-11,0.006256025284528732,0.0
radial,1,4.653060394856665,0.007199999876320362,0.03350203484296799,291.0,0.0,0.23574094474315643,6.240542110846903e-11,0.006256025284528732,0.0
radial,1,4.630709170467324,0.007199999876320362,0.03334110602736473,291.0,0.0,0.23574094474315643,6.311759448429655e-11,0.006256025284528732,0.0
radial,1,4.60844383471542,0.007199999876320362,0.03318079560995102,291.0,0.0,0.23574094474315643,6.360628690416092e-11,0.006256025284528732,0.0
radial,1,4.586264387600952,0.007199999876320362,0.03302110359072685,291.0,0.0,0.23574094474315643,6.388153894754112e-11,0.006256025284528732,0.0
radial,1,4.56416979432106,0.007199999876320362,0.03286202251911163,291.0,0.0,0.23574094474315643,6.395973334294425e-11,0.006256025284528732,0.0
radial,1,4.542160572277175,0.007199999876320362,0.03270355612039566,291.0,0.0,0.23574094474315643,6.38927036278325e-11,0.006256025284528732,0.0
radial,1,4.520236204067866,0.007199999876320362,0.032545700669288635,291.0,0.0,0.23574094474315643,6.3688818108254e-11,0.006256025284528732,0.0
radial,1,4.498395654890272,0.007199999876320362,0.03238844871520996,291.0,0.0,0.23574094474315643,6.336503544090988e-11,0.006256025284528732,0.0
radial,1,4.476639442145824,0.007199999876320362,0.032231803983449936,291.0,0.0,0.23574094474315643,6.301632826666292e-11,0.006256025284528732,0.0
radial,1,4.454967048433092,0.007199999876320362,0.03207576274871826,291.0,0.0,0.23574094474315643,6.271730357276795e-11,0.006256025284528732,0.0
radial,1,4.433377956350644,0.007199999876320362,0.03192032128572464,291.0,0.0,0.23574094474315643,6.248471878800288e-11,0.006256025284528732,0.0
radial,1,4.411872165898482,0.007199999876320362,0.03176547959446907,291.0,0.0,0.23574094474315643,6.230851251620706e-11,0.006256025284528732,0.0
radial,1,4.390448642273744,0.007199999876320362,0.031611230224370956,291.0,0.0,0.23574094474315643,6.221359538649551e-11,0.006256025284528732,0.0
radial,1,4.369107902877861,0.007199999876320362,0.031457576900720596,291.0,0.0,0.23574094474315643,6.226591464653097e-11,0.006256025284528732,0.0
radial,1,4.3478494303094015,0.007199999876320362,0.03130451589822769,291.0,0.0,0.23574094474315643,6.250236439520052e-11,0.006256025284528732,0.0
radial,1,4.326672189765507,0.007199999876320362,0.031152039766311646,291.0,0.0,0.23574094474315643,6.287483728106835e-11,0.006256025284528732,0.0
radial,1,4.30557695734832,0.007199999876320362,0.031000154092907906,291.0,0.0,0.23574094474315643,6.333084751064533e-11,0.006256025284528732,0.0
radial,1,4.284562698254983,0.007199999876320362,0.030848851427435875,291.0,0.0,0.23574094474315643,6.386154105531006e-11,0.006256025284528732,0.0
radial,1,4.263629153784779,0.007199999876320362,0.030698129907250404,291.0,0.0,0.23574094474315643,6.443560962576811e-11,0.006256025284528732,0.0
radial,1,4.242776323937708,0.007199999876320362,0.030547989532351494,291.0,0.0,0.23574094474315643,6.499985966135213e-11,0.006256025284528732,0.0
radial,1,4.222003432611625,0.007199999876320362,0.030398424714803696,291.0,0.0,0.23574094474315643,6.552784703739434e-11,0.006256025284528732,0.0
radial,1,4.201310997207959,0.007199999876320362,0.03024943917989731,291.0,0.0,0.23574094474315643,6.599287089015249e-11,0.006256025284528732,0.0
radial,1,4.180697982923852,0.007199999876320362,0.030101025477051735,291.0,0.0,0.23574094474315643,6.635167415502963e-11,0.006256025284528732,0.0
radial,1,4.160164131058587,0.007199999876320362,0.029953181743621826,291.0,0.0,0.23574094474315643,6.656386553061111e-11,0.006256025284528732,0.0
radial,1,4.1397094416121645,0.007199999876320362,0.029805907979607582,291.0,0.0,0.23574094474315643,6.659194723424022e-11,0.006256025284528732,0.0
radial,1,4.119333397183153,0.007199999876320362,0.029659200459718704,291.0,0.0,0.23574094474315643,6.640434035976028e-11,0.006256025284528732,0.0
radial,1,4.09903573907084,0.007199999876320362,0.029513057321310043,291.0,0.0,0.23574094474315643,6.597698082311254e-11,0.006256025284528732,0.0
radial,1,4.078816208574507,0.007199999876320362,0.02936747670173645,291.0,0.0,0.23574094474315643,6.530874452348456e-11,0.006256025284528732,0.0
radial,1,4.0586745469934415,0.007199999876320362,0.029222456738352776,291.0,0.0,0.23574094474315643,6.445574629587725e-11,0.006256025284528732,0.0
radial,1,4.038610236926211,0.007199999876320362,0.02907799370586872,291.0,0.0,0.23574094474315643,6.348098435804417e-11,0.006256025284528732,0.0
radial,1,4.018623278372818,0.007199999876320362,0.028934087604284286,291.0,0.0,0.23574094474315643,6.242929784239237e-11,0.006256025284528732,0.0
radial,1,3.99871315393183,0.007199999876320362,0.028790734708309174,291.0,0.0,0.23574094474315643,6.136623154073817e-11,0.006256025284528732,0.0
radial,1,3.9788796049025326,0.007199999876320362,0.028647933155298233,291.0,0.0,0.23574094474315643,6.036121602548405e-11,0.006256025284528732,0.0
radial,1,3.959122631284926,0.007199999876320362,0.028505682945251465,291.0,0.0,0.23574094474315643,5.947410619544513e-11,0.006256025284528732,0.0
radial,1,3.9394414569768643,0.007199999876320362,0.02836397849023342,291.0,0.0,0.23574094474315643,5.872509423188177e-11,0.006256025284528732,0.0
radial,1,3.9198358232776327,0.007199999876320362,0.028222817927598953,291.0,0.0,0.23574094474315643,5.8116074452829736e-11,0.006256025284528732,0.0
radial,1,3.900305988887946,0.007199999876320362,0.02808220311999321,291.0,0.0,0.23574094474315643,5.7646665219124316e-11,0.006256025284528732,0.0
radial,1,3.880851177705659,0.007199999876320362,0.027942128479480743,291.0,0.0,0.23574094474315643,5.72856866110083e-11,0.006256025284528732,0.0
radial,1,3.8614713897307715,0.007199999876320362,0.027802594006061554,291.0,0.0,0.23574094474315643,5.698738009263238e-11,0.006256025284528732,0.0
radial,1,3.842165590160423,0.007199999876320362,0.027663592249155045,291.0,0.0,0.23574094474315643,5.670135541646637e-11,0.006256025284528732,0.0
radial,1,3.822934555096759,0.007199999876320362,0.027525128796696663,291.0,0.0,0.23574094474315643,5.639303954363406e-11,0.006256025284528732,0.0
radial,1,3.8037775084376335,0.007199999876320362,0.02738719806075096,291.0,0.0,0.23574094474315643,5.604473135578658e-11,0.006256025284528732,0.0
radial,1,3.784693932781617,0.007199999876320362,0.02724979631602764,291.0,0.0,0.23574094474315643,5.564284449866008e-11,0.006256025284528732,0.0
radial,1,3.765684086829424,0.007199999876320362,0.027112925425171852,291.0,0.0,0.23574094474315643,5.517259565879229e-11,0.006256025284528732,0.0
radial,1,3.746746935778194,0.007199999876320362,0.026976577937602997,291.0,0.0,0.23574094474315643,5.461403551620947e-11,0.006256025284528732,0.0
radial,1,3.727883255730073,0.007199999876320362,0.026840759441256523,291.0,0.0,0.23574094474315643,5.3966692226126156e-11,0.006256025284528732,0.0
radial,1,3.709091753181484,0.007199999876320362,0.026705460622906685,291.0,0.0,0.23574094474315643,5.32218609461399e-11,0.006256025284528732,0.0
radial,1,3.690372428132428,0.007199999876320362,0.026570681482553482,291.0,0.0,0.23574094474315643,5.236688860321692e-11,0.006256025284528732,0.0
radial,1,3.6717257979843354,0.007199999876320362,0.026436425745487213,291.0,0.0,0.23574094474315643,5.139439568369042e-11,0.006256025284528732,0.0
radial,1,3.653150310532914,0.007199999876320362,0.026302682235836983,291.0,0.0,0.23574094474315643,5.0290126230034815e-11,0.006256025284528732,0.0
radial,1,3.634646483179596,0.007199999876320362,0.02616945467889309,291.0,0.0,0.23574094474315643,4.905063161197987e-11,0.006256025284528732,0.0
radial,1,3.616213798522949,0.007199999876320362,0.026036739349365234,291.0,0.0,0.23574094474315643,4.7693973770357445e-11,0.006256025284528732,0.0
radial,1,3.59785199786226,0.007199999876320362,0.02590453438460827,291.0,0.0,0.23574094474315643,4.623455437946511e-11,0.006256025284528732,0.0
radial,1,3.579561081197527,0.007199999876320362,0.025772839784622192,291.0,0.0,0.23574094474315643,4.469022721331761e-11,0.006256025284528732,0.0
radial,1,3.5613402724266052,0.007199999876320362,0.025641649961471558,291.0,0.0,0.23574094474315643,2.1909349334769956e-11,0.006256025284528732,0.0
radial,1,3.5431898302502103,0.007199999876320362,0.025510966777801514,291.0,0.0,0.23574094474315643,0.0,0.006256025284528732,0.0
radial,1,3.5251092372669115,0.007199999876320362,0.025380786508321762,291.0,0.0,0.23574094474315643,0.0,0.006256025284528732,0.0
radial,1,3.5070979760752783,0.007199999876320362,0.025251105427742004,291.0,0.0,0.23574094474315643,0.0,0.006256025284528732,0.0
radial,1,3.489156046675311,0.007199999876320362,0.02512192353606224,291.0,0.0,0.23574094474315643,0.0,0.006256025284528732,0.0
radial,1,3.471283190366295,0.007199999876320362,0.02499323897063732,291.0,0.0,0.23574094474315643,0.0,0.006256025284528732,0.0
radial,1,3.4534791484475136,0.007199999876320362,0.024865049868822098,291.0,0.0,0.23574094474315643,0.0,0.006256025284528732,0.0
radial,1,3.435743662218253,0.007199999876320362,0.02473735436797142,291.0,0.0,0.23574094474315643,0.0,0.006256025284528732,0.0
radial,1,3.4180764729777975,0.007199999876320362,0.02461015060544014,291.0,0.0,0.23574094474315643,0.0,0.006256025284528732,0.0
radial,1,3.4004770633247166,0.007199999876320362,0.024483434855937958,291.0,0.0,0.23574094474315643,0.0,0.006256025284528732,0.0
radial,1,3.3829454332590103,0.007199999876320362,0.024357207119464874,291.0,0.0,0.23574094474315643,0.0,0.006256025284528732,0.0
radial,1,3.3654810653792486,0.007199999876320362,0.02423146367073059,291.0,0.0,0.23574094474315643,0.0,0.006256025284528732,0.0
radial,2,0.0,0.014399999752640724,0.0,300.9446716308594,0.15528777241706848,0.19510921835899353,0.0003901266027241945,0.0002786024706438184,0.0015354945790022612
radial,2,0.013157894298072077,0.014399999752640724,9.473683894611895e-05,300.9866943359375,0.1552812159061432,0.19510076940059662,0.00039249277324415743,0.00028029578970745206,0.001544801751151681
radial,2,0.026315788596144155,0.014399999752640724,0.0001894736778922379,301.11358642578125,0.15526141226291656,0.19507533311843872,0.0003996309242211282,0.00028540389030240476,0.001572878914885223
radial,2,0.03947368289421623,0.014399999752640724,0.00028421051683835685,301.3272399902344,0.15522804856300354,0.19503247737884521,0.00041165505535900593,0.00029400779749266803,0.0016201757825911045
radial,2,0.05263157719228831,0.014399999752640724,0.0003789473557844758,301.6309814453125,0.15518063306808472,0.19497153162956238,0.00042874927748925984,0.0003062383329961449,0.0016874176217243075
radial,2,0.06578947553255905,0.014399999752640724,0.0004736842238344252,302.029052734375,0.15511848032474518,0.19489166140556335,0.0004511598381213844,0.0003222704690415412,0.0017755760345607996
radial,2,0.07894736578843246,0.014399999752640724,0.0005684210336767137,302.5271911621094,0.1550406664609909,0.19479164481163025,0.0004792134277522564,0.0003423360758461058,0.0018859382253140211
radial,2,0.09210526412870321,0.014399999752640724,0.0006631579017266631,303.1328125,0.15494602918624878,0.19467002153396606,0.0005133319064043462,0.0003667346900328994,0.002020167885348201
radial,2,0.10526315438457662,0.014399999752640724,0.0007578947115689516,303.8548278808594,0.1548331379890442,0.19452494382858276,0.0005540281999856234,0.0003958304296247661,0.002180288080126047
radial,2,0.11842104464045002,0.014399999752640724,0.0008526315214112401,304.70404052734375,0.15470029413700104,0.19435423612594604,0.0006019193097017705,0.00043006110354326665,0.0023687314242124557
radial,2,0.1315789510651181,0.014399999752640724,0.0009473684476688504,305.6932067871094,0.15454545617103577,0.1941552460193634,0.0006577388849109411,0.0004699469718616456,0.002588391536846757
radial,2,0.14473684132099152,0.014399999752640724,0.001042105257511139,306.83734130859375,0.15436622500419617,0.1939248889684677,0.0007223518332466483,0.0005161014851182699,0.0028426803182810545
radial,2,0.15789473157686493,0.014399999752640724,0.0011368420673534274,308.154052734375,0.1541597843170166,0.19365957379341125,0.0007967727724462748,0.0005692439735867083,0.003135599661618471
radial,2,0.17105263800153303,0.014399999752640724,0.0012315789936110377,309.663818359375,0.15392284095287323,0.19335508346557617,0.0008821875089779496,0.0006302150432020426,0.003471827134490013
radial,2,0.18421052825740641,0.014399999752640724,0.0013263158034533262,311.3904724121094,0.15365156531333923,0.19300642609596252,0.0009799798717722297,0.0006999957840889692,0.003856821684166789
radial,2,0.19736841851327983,0.014399999752640724,0.0014210526132956147,313.36175537109375,0.15334147214889526,0.19260787963867188,0.0010917633771896362,0.0007797302096150815,0.004296948201954365
radial,2,0.21052630876915324,0.014399999752640724,0.0015157894231379032,315.6097717285156,0.15298733115196228,0.192152738571167,0.001219419646076858,0.0008707528468221426,0.00479962769895792
radial,2,0.22368421519382134,0.014399999752640724,0.0016105263493955135,318.1720275878906,0.1525830775499344,0.1916331648826599,0.001365147065371275,0.0009746239520609379,0.005373528692871332
radial,2,0.23684208928090003,0.014399999752640724,0.0017052630428224802,321.09210205078125,0.15212151408195496,0.19103994965553284,0.0015315187629312277,0.0010931710712611675,0.006028796546161175
radial,2,0.24999999570556813,0.014399999752640724,0.0017999999690800905,324.4208679199219,0.151594340801239,0.1903623640537262,0.0017215553671121597,0.0012285420671105385,0.006777334492653608
radial,2,0.2631579021302362,0.014399999752640724,0.0018947368953377008,328.2181701660156,0.15099157392978668,0.18958765268325806,0.0019388271030038595,0.0013832799158990383,0.0076332069002091885
radial,2,0.27631577621731496,0.014399999752640724,0.0019894735887646675,332.55499267578125,0.15030144155025482,0.1887006163597107,0.0021875982638448477,0.0015604272484779358,0.008613203652203083
radial,2,0.28947368264198303,0.014399999752640724,0.002084210515022278,337.5168762207031,0.14950954914093018,0.18768280744552612,0.002473043045029044,0.0017636844422668219,0.009737677872180939
radial,2,0.30263158906665116,0.014399999752640724,0.002178947441279888,343.208984375,0.14859817922115326,0.18651144206523895,0.0028015575371682644,0.001997637562453747,0.011031772941350937
radial,2,0.31578946315372985,0.014399999752640724,0.002273684134706855,349.7640075683594,0.1475447714328766,0.18515752255916595,0.0031812770757824183,0.002268135314807296,0.01252744346857071
radial,2,0.32894736957839793,0.014399999752640724,0.002368421060964465,357.3554382324219,0.1463196575641632,0.18358293175697327,0.0036228951066732407,0.002582886256277561,0.014266656711697578
radial,2,0.34210527600306606,0.014399999752640724,0.0024631579872220755,366.21295166015625,0.14488327503204346,0.18173685669898987,0.004140687640756369,0.002952208975329995,0.01630539260804653
radial,2,0.35526315009014475,0.014399999752640724,0.002557894680649042,376.710693359375,0.14317116141319275,0.17953649163246155,0.004757890943437815,0.0033929035998880863,0.018734756857156754
radial,2,0.36842105651481283,0.014399999752640724,0.0026526316069066525,389.58209228515625,0.1410573273897171,0.17681993544101715,0.005519949831068516,0.003937758505344391,0.02173304557800293
radial,2,0.38157896293948096,0.014399999752640724,0.0027473685331642628,405.731201171875,0.13838227093219757,0.17338229715824127,0.006484386511147022,0.004628376569598913,0.025525780394673347
radial,2,0.39473683702655965,0.014399999752640724,0.0028421052265912294,424.4031066894531,0.13526979088783264,0.16938516497612,0.0076060062274336815,0.005442304536700249,0.029923126101493835
radial,2,0.4078947434512278,0.014399999752640724,0.0029368421528488398,444.3014221191406,0.13193227350711823,0.16510286927223206,0.008808008395135403,0.006330240983515978,0.034615710377693176
radial,2,0.4210526175383065,0.014399999752640724,0.0030315788462758064,465.706787109375,0.12831160426139832,0.16046008467674255,0.010111676529049873,0.007305906154215336,0.03968796133995056
radial,2,0.43421052396297455,0.014399999752640724,0.0031263157725334167,489.2447814941406,0.12429793179035187,0.15531718730926514,0.011556530371308327,0.008405184373259544,0.04528450220823288
radial,2,0.4473684303876427,0.014399999752640724,0.003221052698791027,515.31787109375,0.11981140077114105,0.14957256615161896,0.013171520084142685,0.009654529392719269,0.05150998756289482
radial,2,0.46052630447472137,0.014399999752640724,0.0033157893922179937,543.4032592773438,0.1149466335773468,0.14335058629512787,0.014922568574547768,0.011043718084692955,0.058209244161844254
radial,2,0.47368417856180006,0.014399999752640724,0.0034105260856449604,574.2452392578125,0.10955113917589188,0.13645566999912262,0.016865229234099388,0.012616608291864395,0.06559184938669205
radial,2,0.48684214966164696,0.014399999752640724,0.003505263477563858,608.361572265625,0.10352501273155212,0.128761425614357,0.01903645694255829,0.014413086697459221,0.07377870380878448
radial,2,0.49999999141113627,0.014399999752640724,0.003599999938160181,644.7039184570312,0.09707850962877274,0.12054307013750076,0.021361302584409714,0.016407910734415054,0.08242875337600708
radial,2,0.5115740673823489,0.014399999752640724,0.003683333285152912,678.12353515625,0.09114955365657806,0.11299760639667511,0.02350320853292942,0.01832386665046215,0.09026408195495605
radial,2,0.5231481433535615,0.014399999752640724,0.0037666666321456432,712.0611572265625,0.08518248796463013,0.10542161017656326,0.025665283203125,0.020367588847875595,0.09797848761081696
radial,2,0.5347222193247743,0.014399999752640724,0.0038499999791383743,748.5428466796875,0.07876415550708771,0.09728310257196426,0.027998000383377075,0.02264351025223732,0.10616014897823334
radial,2,0.5415076157078147,0.014399999752640724,0.003898854833096266,773.2078247070312,0.07435856759548187,0.09169502556324005,0.029602089896798134,0.024205699563026428,0.11177520453929901
radial,2,0.5483620205066271,0.014399999752640724,0.003948206547647715,799.3031005859375,0.06973551958799362,0.0858403742313385,0.03129253536462784,0.025912176817655563,0.11756543815135956
radial,2,0.5552860804729992,0.014399999752640724,0.003998059779405594,824.9335327148438,0.06530944257974625,0.0802551880478859,0.03292396292090416,0.02766350284218788,0.1229247897863388
radial,2,0.5622805717090765,0.014399999752640724,0.004048420116305351,851.9951782226562,0.060640014708042145,0.07437257468700409,0.03465365245938301,0.029552403837442398,0.12850594520568848
radial,2,0.5693460762914684,0.014399999752640724,0.0040992917492985725,881.3275146484375,0.05553819239139557,0.06794776022434235,0.03654921054840088,0.03162926807999611,0.13457819819450378
radial,2,0.576483434997499,0.014399999752640724,0.004150680731981993,908.5146484375,0.05108462646603584,0.0623716302216053,0.038235150277614594,0.03366503119468689,0.13952992856502533
radial,2,0.5836932945789562,0.014399999752640724,0.004202591720968485,933.43310546875,0.04729108512401581,0.057657141238451004,0.03970564156770706,0.0356379896402359,0.1433717906475067
radial,2,0.5909764958131645,0.014399999752640724,0.004255030769854784,960.3507080078125,0.043127816170454025,0.05248008668422699,0.04132002219557762,0.03777424246072769,0.14762663841247559
radial,2,0.5983336854519116,0.014399999752640724,0.004308002535253763,990.0547485351562,0.03845854103565216,0.046670567244291306,0.04313088208436966,0.04014034569263458,0.15243873000144958
radial,2,0.6057657042725219,0.014399999752640724,0.0043615130707621574,1022.4625854492188,0.03330693766474724,0.04026046022772789,0.0451323464512825,0.04274109750986099,0.1577562689781189
radial,2,0.6132731990267833,0.014399999752640724,0.00441556703299284,1052.1605224609375,0.029067927971482277,0.03504036366939545,0.04685595631599426,0.04525277763605118,0.1615208089351654
radial,2,0.620857075167199,0.014399999752640724,0.004470170941203833,1078.5419921875,0.025859583169221878,0.031158294528722763,0.048255763947963715,0.0476171150803566,0.16360747814178467
radial,2,0.6285179794455568,0.014399999752640724,0.004525329452008009,1106.40869140625,0.022416142746806145,0.02698739618062973,0.04975256323814392,0.0501084141433239,0.16591528058052063
radial,2,0.6362567526391811,0.014399999752640724,0.004581048619002104,1135.588623046875,0.01882772520184517,0.022646941244602203,0.05132507160305977,0.05272440239787102,0.16827353835105896
radial,2,0.6440741708502173,0.014399999752640724,0.004637334030121565,1162.252685546875,0.016133977100253105,0.019477490335702896,0.05266173183917999,0.05520923435688019,0.16911441087722778
radial,2,0.6519710748559899,0.014399999752640724,0.004694191738963127,1186.313232421875,0.014300195500254631,0.01742914319038391,0.05376143008470535,0.05753809213638306,0.16855072975158691
radial,2,0.6599482407586442,0.014399999752640724,0.004751627333462238,1211.2310791015625,0.012367772869765759,0.015263007022440434,0.05490424856543541,0.05993117764592171,0.16805920004844666
radial,2,0.6680065093355047,0.014399999752640724,0.004809646867215633,1237.2353515625,0.010325775481760502,0.012967424467206001,0.056098297238349915,0.06241125613451004,0.1676231473684311
radial,2,0.6761466566887167,0.014399999752640724,0.00486825592815876,1264.3182373046875,0.008180009201169014,0.010548891499638557,0.05734069645404816,0.0649779736995697,0.16723525524139404
radial,2,0.6843695235956047,0.014399999752640724,0.004927460569888353,1290.6058349609375,0.006405814550817013,0.008641527034342289,0.058528706431388855,0.06747777760028839,0.1661483645439148
radial,2,0.6926760155086716,0.014399999752640724,0.0049872673116624355,1314.84228515625,0.005312503315508366,0.00765557587146759,0.05959152430295944,0.06980345398187637,0.16389290988445282
radial,2,0.7010669085300631,0.014399999752640724,0.005047681741416454,1338.575439453125,0.004471058025956154,0.0070105986669659615,0.06060940772294998,0.07207432389259338,0.16119185090065002
radial,2,0.7095431081122823,0.014399999752640724,0.005108710378408432,1362.835205078125,0.003614249872043729,0.006346270442008972,0.06163565069437027,0.07437283545732498,0.1584802120923996
radial,2,0.7181054550326533,0.014399999752640724,0.005170359276235104,1387.62939453125,0.002746547106653452,0.005667095072567463,0.06266886740922928,0.07669942080974579,0.15575118362903595
radial,2,0.7267547900685006,0.014399999752640724,0.005232634488493204,1411.3201904296875,0.0021185430232435465,0.005412585102021694,0.06373415142297745,0.07886750996112823,0.15250401198863983
radial,2,0.735492083347506,0.014399999752640724,0.005295543000102043,1433.39306640625,0.0018002961296588182,0.00570093747228384,0.0648358091711998,0.08081897348165512,0.14861539006233215
radial,2,0.7443181756469939,0.014399999752640724,0.005359090864658356,1455.385986328125,0.0015475904801860452,0.006094054784625769,0.06594324856996536,0.08272948861122131,0.14460112154483795
radial,2,0.7532339724194672,0.014399999752640724,0.005423284601420164,1477.7293701171875,0.001297985203564167,0.006479737814515829,0.0670497938990593,0.08464714139699936,0.14058814942836761
radial,2,0.762240443792608,0.014399999752640724,0.005488131195306778,1500.466552734375,0.0010522926459088922,0.0068590519949793816,0.06815732270479202,0.08657506108283997,0.1365688145160675
radial,2,0.7713383658685619,0.014399999752640724,0.005553636234253645,1523.626708984375,0.00081133923958987,0.007232320960611105,0.06926673650741577,0.08851510286331177,0.1325390338897705
radial,2,0.780528838125368,0.014399999752640724,0.005619807634502649,1547.22412109375,0.0005760774947702885,0.007599229924380779,0.07037803530693054,0.09046787023544312,0.1284981667995453
radial,2,0.7898127013403509,0.014399999752640724,0.005686651449650526,1569.9951171875,0.00038604027940891683,0.008159546181559563,0.07152028381824493,0.09228161722421646,0.12430830299854279
radial,2,0.7991908609660135,0.014399999752640724,0.0057541741989552975,1590.364501953125,0.00028651003958657384,0.00914863683283329,0.07272998243570328,0.09377060830593109,0.11981329321861267
radial,2,0.8086644164803956,0.014399999752640724,0.005822383798658848,1609.541748046875,0.0002365216496400535,0.010356046259403229,0.07397890836000443,0.09508325904607773,0.11516915261745453
radial,2,0.818234273336,0.014399999752640724,0.005891286768019199,1629.0670166015625,0.00018881773576140404,0.011535833589732647,0.0752328485250473,0.09640350937843323,0.1105467826128006
radial,2,0.8279013369853299,0.014399999752640724,0.0059608896262943745,1648.984619140625,0.00014353306323755533,0.01268899068236351,0.07649467885494232,0.09773392230272293,0.10593835264444351
radial,2,0.8376667069064246,0.014399999752640724,0.006031200289726257,1669.3377685546875,0.00010080597712658346,0.013815170153975487,0.07776683568954468,0.09907708317041397,0.10133838653564453
radial,2,0.8475313532269664,0.014399999752640724,0.0061022257432341576,1687.137939453125,7.055468449834734e-05,0.015269833616912365,0.07900096476078033,0.10013008117675781,0.09668012708425522
radial,2,0.857496181399458,0.014399999752640724,0.0061739725060760975,1701.5096435546875,5.473445344250649e-05,0.017144566401839256,0.08018581569194794,0.1008085384964943,0.09195287525653839
radial,2,0.8675623555771179,0.014399999752640724,0.006246448960155249,1715.438232421875,4.258465924067423e-05,0.01906912960112095,0.08137355744838715,0.10141907632350922,0.08723495155572891
radial,2,0.8777308458876278,0.014399999752640724,0.006319662090390921,1729.7535400390625,3.140293847536668e-05,0.020943978801369667,0.08257932960987091,0.10204509645700455,0.08254489302635193
radial,2,0.8880026871338487,0.014399999752640724,0.00639361934736371,1743.344970703125,2.1843665308551863e-05,0.02289712429046631,0.0837578997015953,0.10258717089891434,0.07788020372390747
radial,2,0.898378914118641,0.014399999752640724,0.006468328181654215,1752.830810546875,1.554765913169831e-05,0.025289401412010193,0.08476880192756653,0.10275190323591232,0.07326466590166092
radial,2,0.9088606263200443,0.014399999752640724,0.006543796509504318,1759.30908203125,1.1613079550443217e-05,0.02798355370759964,0.08566215634346008,0.10264116525650024,0.06870494037866592
radial,2,0.9194488585409191,0.014399999752640724,0.0066200317814946175,1766.1871337890625,8.126325155899394e-06,0.030603919178247452,0.0865849032998085,0.10255441814661026,0.06418276578187943
radial,2,0.9301447102593051,0.014399999752640724,0.006697041913866997,1771.629150390625,5.526010681933258e-06,0.03334237262606621,0.08743719756603241,0.10234775394201279,0.05972510576248169
radial,2,0.9409492162780629,0.014399999752640724,0.006774834357202053,1773.93798828125,3.943672254536068e-06,0.03637086600065231,0.08813195675611496,0.10188819468021393,0.05535837262868881
radial,2,0.9518637347759472,0.014399999752640724,0.00685341889038682,1772.9444580078125,2.9038938009762205e-06,0.03969108313322067,0.08865092694759369,0.10117179900407791,0.05110637843608856
radial,2,0.9628891065302823,0.014399999752640724,0.006932801567018032,1769.444091796875,2.12484610528918e-06,0.04320826753973961,0.08903136104345322,0.10026875883340836,0.04697074741125107
radial,2,0.9740264310191076,0.014399999752640724,0.007012990303337574,1763.5504150390625,1.5266389254975365e-06,0.04690117388963699,0.08927169442176819,0.09919671714305878,0.04296095669269562
radial,2,0.9852770664211776,0.014399999752640724,0.007093994878232479,1754.515625,1.095271954909549e-06,0.05083363875746727,0.0893135517835617,0.0979108065366745,0.03911147639155388
radial,2,0.9966419828641746,0.014399999752640724,0.007175822276622057,1742.6463623046875,7.773080596962245e-07,0.05496446043252945,0.08916818350553513,0.09644223749637604,0.03542785346508026
radial,2,1.0081225385268529,0.014399999752640724,0.007258482277393341,1727.93603515625,5.445652391244948e-07,0.05928461253643036,0.08882613480091095,0.09479924291372299,0.0319233201444149
radial,2,1.0197197035368946,0.014399999752640724,0.007341981865465641,1710.0816650390625,3.775766685976123e-07,0.06381186097860336,0.08825334906578064,0.09297259151935577,0.028623972088098526
radial,2,1.0314346420475178,0.014399999752640724,0.007426329422742128,1689.5684814453125,2.5751052135092323e-07,0.06849079579114914,0.08747915923595428,0.09100022166967392,0.025525782257318497
radial,2,1.043268776912656,0.014399999752640724,0.007511535193771124,1666.4423828125,1.7124887108366238e-07,0.07330668717622757,0.08649659156799316,0.0888945460319519,0.022641653195023537
radial,2,1.0552231429351702,0.014399999752640724,0.0075976066291332245,1640.925537109375,1.1037671754365874e-07,0.07823404669761658,0.08531658351421356,0.08667449653148651,0.0199708454310894
radial,2,1.0672990336186357,0.014399999752640724,0.007684553042054176,1612.959228515625,6.796643248208056e-08,0.0832691341638565,0.08392473310232162,0.08434537798166275,0.017528340220451355
radial,2,1.0794976777914498,0.014399999752640724,0.007772383280098438,1583.22119140625,3.904663969933608e-08,0.08834519982337952,0.0823708027601242,0.08194974064826965,0.01529648806899786
radial,2,1.0918203689571884,0.014399999752640724,0.007861106656491756,1551.7042236328125,1.9264675188424008e-08,0.09345509111881256,0.08064667135477066,0.07949584722518921,0.013283932581543922
radial,2,1.10426827126907,0.014399999752640724,0.007950731553137302,1518.8826904296875,9.140690870879098e-09,0.09856370836496353,0.07880721986293793,0.07700082659721375,0.011455006897449493
radial,2,1.1168426782306697,0.014399999752640724,0.008041267283260822,1483.4234619140625,5.7154796451186485e-09,0.10376566648483276,0.07673435658216476,0.07441472262144089,0.009874925017356873
radial,2,1.1295448833455641,0.014399999752640724,0.008132723160088062,1445.341064453125,4.296930811165112e-09,0.109042689204216,0.07439449429512024,0.07175429165363312,0.008586744777858257
radial,2,1.1423761801173289,0.014399999752640724,0.008225108496844769,1408.7939453125,3.1875364570055353e-09,0.11405029892921448,0.07212864607572556,0.06922067701816559,0.007428131066262722
radial,2,1.1553378620495398,0.014399999752640724,0.008318432606756687,1374.121826171875,2.289694434054468e-09,0.11876870691776276,0.06996746361255646,0.06682714074850082,0.0063749393448233604
radial,2,1.1684313519961305,0.014399999752640724,0.008412705734372139,1341.07666015625,1.573413621613895e-09,0.1232355386018753,0.06789644062519073,0.06455551832914352,0.0054143513552844524
radial,2,1.1816579434606764,0.014399999752640724,0.00850793719291687,1309.3096923828125,1.00966579541506e-09,0.1275022178888321,0.06589508801698685,0.06238052248954773,0.004530271515250206
radial,2,1.1950189299467537,0.014399999752640724,0.008604136295616627,1277.50048828125,5.927850432740911e-10,0.13169263303279877,0.06386969983577728,0.06023767590522766,0.003737834980711341
radial,2,1.2085157343082957,0.014399999752640724,0.00870131328701973,1242.576416015625,3.635590162254232e-10,0.1360034942626953,0.06158258020877838,0.05802031606435776,0.0031648233998566866
radial,2,1.222149779399236,0.014399999752640724,0.0087994784116745,1206.478271484375,2.5643398515740046e-10,0.14025580883026123,0.05917450040578842,0.05582436919212341,0.002779201604425907
radial,2,1.2359223587231505,0.014399999752640724,0.008898640982806683,1173.1248779296875,1.7140829033923666e-10,0.14416876435279846,0.05694451555609703,0.05380246415734291,0.002441933611407876
radial,2,1.2498348951339722,0.014399999752640724,0.0089988112449646,1142.165771484375,1.0502597402872738e-10,0.14778590202331543,0.05486989766359329,0.051932305097579956,0.002146584214642644
radial,2,1.2638889408359926,0.014399999752640724,0.009100000374019146,1113.0731201171875,5.37618283225072e-11,0.1511712670326233,0.05291614681482315,0.050180986523628235,0.001885106903500855
radial,2,1.2800925307803683,0.014399999752640724,0.009216666221618652,1081.62646484375,2.2018428746939378e-11,0.15481828153133392,0.05079565569758415,0.04829207807779312,0.0016245413571596146
radial,2,1.2962962500751019,0.014399999752640724,0.009333333000540733,1052.1187744140625,1.4277148907559933e-11,0.15822988748550415,0.04879605025053024,0.04652298241853714,0.001402148511260748
radial,2,1.3124999693698354,0.014399999752640724,0.009449999779462814,1024.295654296875,1.1524645820992774e-11,0.16143545508384705,0.04690554738044739,0.04486023634672165,0.0012069838121533394
radial,2,1.322034125526746,0.014399999752640724,0.009518645703792572,1008.547119140625,1.0092163216235406e-11,0.16324472427368164,0.04583391919732094,0.043921731412410736,0.0011020130477845669
radial,2,1.3316050171852112,0.014399999752640724,0.00958755612373352,993.1432495117188,8.77808156024562e-12,0.16501086950302124,0.04478466510772705,0.0430055633187294,0.001003102632239461
radial,2,1.3412129030459456,0.014399999752640724,0.009656732901930809,978.0883178710938,7.567209012182552e-12,0.16673403978347778,0.04375828802585602,0.04211168736219406,0.0009096083231270313
radial,2,1.3508579124593072,0.014399999752640724,0.009726176969707012,963.3509521484375,6.4493514695396215e-12,0.16841813921928406,0.042752742767333984,0.04123806208372116,0.0008209857041947544
radial,2,1.3605401747756534,0.014399999752640724,0.009795889258384705,948.899169921875,5.415482298709584e-12,0.17006714642047882,0.04176591336727142,0.04038262739777565,0.000736734364181757
radial,2,1.370259819345342,0.014399999752640724,0.009865870699286461,934.707275390625,4.4582198176212895e-12,0.17168426513671875,0.04079610854387283,0.03954371437430382,0.0006564385257661343
radial,2,1.3800171048690877,0.014399999752640724,0.00993612315505743,920.7593383789062,3.5718268620588134e-12,0.17327161133289337,0.03984224796295166,0.03872023522853851,0.0005797769408673048
radial,2,1.3898120313468907,0.014399999752640724,0.010006646625697613,907.0513305664062,2.7521752238302e-12,0.17482990026474,0.0389040932059288,0.03791183605790138,0.0005065314471721649
radial,2,1.399644728129109,0.014399999752640724,0.010077442042529583,893.5267333984375,1.992975446132861e-12,0.17636576294898987,0.03797774389386177,0.03711504489183426,0.00043623894453048706
radial,2,1.409515453916457,0.014399999752640724,0.01014851126819849,879.8042602539062,1.3693018073579477e-12,0.17790240049362183,0.03704320639371872,0.03631770983338356,0.00037422688910737634
radial,2,1.419424338059293,0.014399999752640724,0.010219855234026909,865.3073120117188,1.0626317534234708e-12,0.1794567108154297,0.036076098680496216,0.035510674118995667,0.0003346091543789953
radial,2,1.4293713805576167,0.014399999752640724,0.01029147394001484,850.5609130859375,9.690798510875176e-13,0.18099182844161987,0.03510613366961479,0.034713249653577805,0.0003111156402155757
radial,2,1.4393569694625008,0.014399999752640724,0.010363370180130005,836.3914794921875,8.822419791248981e-13,0.18246567249298096,0.034174419939517975,0.0339476615190506,0.00028905976796522737
radial,2,1.4493811047739453,0.014399999752640724,0.010435543954372406,822.8005981445312,8.019948637486007e-13,0.1838781237602234,0.03328104317188263,0.03321395441889763,0.00026842710212804377
radial,2,1.459443915842308,0.014399999752640724,0.010507996194064617,809.702392578125,7.276762742716714e-13,0.18523815274238586,0.032420337200164795,0.03250747546553612,0.00024906586622819304
radial,2,1.4695455320179462,0.014399999752640724,0.010580727830529213,797.03076171875,6.587332675861424e-13,0.1865527331829071,0.03158792853355408,0.03182460740208626,0.000230850389925763
radial,2,1.479686341351933,0.014399999752640724,0.010653741657733917,784.7412719726562,5.947474500736516e-13,0.1878265142440796,0.030780885368585587,0.031162921339273453,0.00021368803572840989
radial,2,1.4898662144939105,0.014399999752640724,0.010727036744356155,772.7974853515625,5.353577282006527e-13,0.1890634000301361,0.029996782541275024,0.03052041307091713,0.00019749923376366496
radial,2,1.500085410144594,0.014399999752640724,0.010800614953041077,761.1671142578125,4.802423649724608e-13,0.19026674330234528,0.02923349104821682,0.029895314946770668,0.0001822129706852138
radial,2,1.5103440576543412,0.014399999752640724,0.010874477215111256,749.822509765625,4.2911691994912404e-13,0.19143950939178467,0.02848917245864868,0.029286101460456848,0.0001677665568422526
radial,2,1.520642415723867,0.014399999752640724,0.010948625393211842,738.7396240234375,3.817301292771691e-13,0.19258421659469604,0.027762241661548615,0.028691457584500313,0.00015410463674925268
radial,2,1.5309804843531716,0.014399999752640724,0.011023059487342834,727.897705078125,3.378588912545527e-13,0.19370311498641968,0.027051318436861038,0.028110232204198837,0.00014117803948465735
radial,2,1.54135852224297,0.014399999752640724,0.011097781360149384,717.2785034179688,2.9730439030789535e-13,0.19479809701442719,0.02635517343878746,0.02754141017794609,0.0001289428910240531
radial,2,1.55177665874362,0.014399999752640724,0.011172791942954063,706.8655395507812,2.5988911543650683e-13,0.19587093591690063,0.025672726333141327,0.026984095573425293,0.00011735985754057765
radial,2,1.5622350232054791,0.014399999752640724,0.011248092167079449,696.6444091796875,2.254542445746452e-13,0.196923166513443,0.025003019720315933,0.026437481865286827,0.00010639366519171745
radial,2,1.5727337449789047,0.014399999752640724,0.011323682963848114,686.601806640625,1.9385754394980748e-13,0.19795620441436768,0.024345172569155693,0.025900844484567642,9.601248893886805e-05
radial,2,1.5832730827646124,0.014399999752640724,0.011399566195905209,676.726318359375,1.6497176888452536e-13,0.19897127151489258,0.02369840256869793,0.025373533368110657,8.618768333690241e-05
radial,2,1.5938530365626018,0.014399999752640724,0.011475741863250732,667.0068359375,1.3868317301837796e-13,0.19996953010559082,0.023061998188495636,0.024854954332113266,7.689333870075643e-05
radial,2,1.604473994423946,0.014399999752640724,0.01155221275985241,657.4338989257812,1.1489039700076503e-13,0.20095202326774597,0.022435303777456284,0.024344561621546745,6.810611375840381e-05
radial,2,1.6151358269982867,0.014399999752640724,0.011628977954387665,647.9982299804688,9.350309968566423e-14,0.20191973447799683,0.021817704662680626,0.023841848596930504,5.980470450595021e-05
radial,2,1.6258389223366976,0.014399999752640724,0.011706040240824223,638.6907958984375,7.444071129913271e-14,0.2028736174106598,0.02120859920978546,0.0233463142067194,5.196946221985854e-05
radial,2,1.6365834097895358,0.014399999752640724,0.011783400550484657,629.5050048828125,5.763666182777988e-14,0.20381438732147217,0.020607540383934975,0.022857587784528732,4.458418698050082e-05
radial,2,1.6473692893568013,0.014399999752640724,0.011861058883368969,620.4420776367188,4.3044832021693624e-14,0.20474198460578918,0.020014598965644836,0.022375717759132385,3.763999120565131e-05
radial,2,1.658196949089567,0.014399999752640724,0.011939018033444881,611.4973754882812,3.0614698059636125e-14,0.20565688610076904,0.019429443404078484,0.02190043032169342,3.1124196539167315e-05
radial,2,1.6690663889878325,0.014399999752640724,0.012017278000712395,602.5909423828125,2.0318761864007717e-14,0.2065664529800415,0.01884732022881508,0.021427899599075317,2.5032602934516035e-05
radial,2,1.679977738401956,0.014399999752640724,0.012095839716494083,593.4528198242188,1.3128111980484618e-14,0.20747795701026917,0.01826239563524723,0.020954227074980736,2.0447101633180864e-05
radial,2,1.6909312560326524,0.014399999752640724,0.012174705043435097,584.1376953125,8.34133990720333e-15,0.2083835005760193,0.017679685726761818,0.020483486354351044,1.742502354318276e-05
radial,2,1.7019272005806367,0.014399999752640724,0.012253875844180584,574.9947509765625,4.605035648733722e-15,0.20926867425441742,0.017109587788581848,0.020023297518491745,1.495266769779846e-05
radial,2,1.7129654426955514,0.014399999752640724,0.01233335118740797,566.1222534179688,2.156794276121231e-15,0.21012738347053528,0.016556091606616974,0.019576866179704666,1.3015054719289765e-05
radial,2,1.7240464997788272,0.014399999752640724,0.012413134798407555,557.505126953125,8.731957832917359e-16,0.21096110343933105,0.01601829193532467,0.019143439829349518,1.1574013115023263e-05
radial,2,1.7351702424801059,0.014399999752640724,0.012493225745856762,549.1143188476562,4.91023993671693e-16,0.21177253127098083,0.015494504943490028,0.01872158609330654,1.0533427484915592e-05
radial,2,1.7463370588504605,0.014399999752640724,0.012573626823723316,540.9324951171875,4.475034937813263e-16,0.212563157081604,0.01498399768024683,0.0183105431497097,9.674514330981765e-06
radial,2,1.7575468195395338,0.014399999752640724,0.012654337100684643,532.94677734375,4.0647448836574887e-16,0.2133340686559677,0.014486173167824745,0.017909731715917587,8.862787581165321e-06
radial,2,1.7688000419487557,0.014399999752640724,0.01273536030203104,525.1445922851562,3.6781643404865463e-16,0.21408656239509583,0.01400022767484188,0.017518499866127968,8.095988050627057e-06
radial,2,1.7800967260781262,0.014399999752640724,0.012816696427762508,517.5145874023438,3.3141609311290753e-16,0.2148217260837555,0.013525445014238358,0.01713627204298973,7.3719988904485945e-06
radial,2,1.7914370012780032,0.014399999752640724,0.012898346409201622,510.046875,2.9716832759392963e-16,0.2155405431985855,0.013061192817986012,0.016762539744377136,6.688852408842649e-06
radial,2,1.8028211262491014,0.014399999752640724,0.01298031210899353,502.73297119140625,2.6497498754895783e-16,0.21624386310577393,0.012606920674443245,0.016396857798099518,6.044710971764289e-06
radial,2,1.8142491009914212,0.014399999752640724,0.013062593527138233,495.565185546875,2.347438787356394e-16,0.21693241596221924,0.012162144295871258,0.016038836911320686,5.437851541501004e-06
radial,2,1.8257213135560355,0.014399999752640724,0.013145193457603455,488.5369873046875,2.0638818027688083e-16,0.21760690212249756,0.011726435273885727,0.015688128769397736,4.866649305768078e-06
radial,2,1.8372378932933013,0.014399999752640724,0.013228112831711769,481.64227294921875,1.7982493588341035e-16,0.21826794743537903,0.011299403384327888,0.01534442137926817,4.329553121351637e-06
radial,2,1.8487989695535767,0.014399999752640724,0.013311352580785751,474.8756408691406,1.549747759210923e-16,0.21891602873802185,0.010880691930651665,0.015007425099611282,3.8250768739089835e-06
radial,2,1.8604045423368614,0.014399999752640724,0.013394912704825401,468.2341003417969,1.3176882602340304e-16,0.21955153346061707,0.010470100678503513,0.014676977880299091,3.3519404496473726e-06
radial,2,1.8720548703438706,0.014399999752640724,0.013478795066475868,461.71905517578125,1.1015310107484493e-16,0.22017431259155273,0.010067702271044254,0.014353139325976372,2.9091688702465035e-06
radial,2,1.8837504709760349,0.014399999752640724,0.01356300339102745,455.3187255859375,9.003178709070473e-17,0.22078552842140198,0.009672746062278748,0.014035303145647049,2.4949222279246897e-06
radial,2,1.895491344233354,0.014399999752640724,0.013647537678480148,448.96563720703125,7.261999915593302e-17,0.22138965129852295,0.009282330051064491,0.013721149414777756,2.1284656668285606e-06
radial,2,1.907277231415113,0.014399999752640724,0.013732396066188812,442.56884765625,6.172339012809437e-17,0.2219892144203186,0.008894741535186768,0.013409338891506195,1.8722325876296964e-06
radial,2,1.919108908623457,0.014399999752640724,0.01381758414208889,436.198974609375,5.567178970621562e-17,0.2225794494152069,0.008513088338077068,0.013102353550493717,1.6996477825159673e-06
radial,2,1.9309861171576712,0.014399999752640724,0.013903100043535233,429.99139404296875,5.01509216002407e-17,0.22315388917922974,0.00814163126051426,0.012803575024008751,1.5405132671730826e-06
radial,2,1.9429091157184708,0.014399999752640724,0.013988945633172989,423.96759033203125,4.504330961957482e-17,0.2237107753753662,0.007781523745507002,0.012513929978013039,1.3929602573625743e-06
radial,2,1.9548781630065706,0.014399999752640724,0.014075122773647308,418.1141052246094,4.032269243413065e-17,0.22425135970115662,0.00743195042014122,0.012232760898768902,1.2562701385832042e-06
radial,2,1.9668936470730438,0.014399999752640724,0.014161634258925915,412.4195251464844,3.5963970075400875e-17,0.2247767299413681,0.007092204410582781,0.011959499679505825,1.1297556739009451e-06
radial,2,1.97895556791789,0.014399999752640724,0.014248480089008808,406.87762451171875,3.1946095759879703e-17,0.22528749704360962,0.0067618973553180695,0.011693833395838737,1.0128457006430835e-06
radial,2,1.9910639255411096,0.014399999752640724,0.014335660263895988,401.48382568359375,2.82490814952454e-17,0.22578410804271698,0.006440732628107071,0.011435525491833687,9.049995242094155e-07
radial,2,2.0032192373441324,0.014399999752640724,0.014423178508877754,396.23394775390625,2.4853199023888577e-17,0.226267009973526,0.006128442473709583,0.011184358038008213,8.056844080783776e-07
radial,2,2.0154213739766016,0.014399999752640724,0.01451103389263153,391.12445068359375,2.1739070812779566e-17,0.22673648595809937,0.00582480151206255,0.010940149426460266,7.1437790438722e-07
radial,2,2.0276703354385166,0.014399999752640724,0.014599226415157318,386.1531677246094,1.8887911590207288e-17,0.22719284892082214,0.0055296532809734344,0.010702773928642273,6.305756414803909e-07
radial,2,2.039967156532738,0.014399999752640724,0.014687763527035713,381.3198547363281,1.6281918775028377e-17,0.22763612866401672,0.005242970772087574,0.010472210124135017,5.538030336538213e-07
radial,2,2.0523113198578358,0.014399999752640724,0.014776641502976418,376.6239013671875,1.3902699179142104e-17,0.22806638479232788,0.004964693449437618,0.010248408652842045,4.835696358895802e-07
radial,2,2.06470282541381,0.014399999752640724,0.014865860342979431,372.05615234375,1.175690829775707e-17,0.2284843474626541,0.004694357514381409,0.010030997917056084,4.199515899472317e-07
radial,2,2.0771425786531634,0.014399999752640724,0.014955426566302776,367.6026916503906,1.0170435439884466e-17,0.22888928651809692,0.004432430490851402,0.009820354171097279,3.70568955077033e-07
radial,2,2.0896301915248237,0.014399999752640724,0.01504533737897873,363.2753601074219,9.13811155387645e-18,0.22927996516227722,0.004179715178906918,0.009617125615477562,3.3530949394844356e-07
radial,2,2.102166052079863,0.014399999752640724,0.015135595574975014,359.09912109375,8.270046712367376e-18,0.22965624928474426,0.003936297260224819,0.009421376511454582,3.049788688258559e-07
radial,2,2.1147505483693547,0.014399999752640724,0.015226203948259354,355.08050537109375,7.489206412090795e-18,0.23001804947853088,0.00370226101949811,0.009233172982931137,2.77699570006007e-07
radial,2,2.1273834216925835,0.014399999752640724,0.0153171606361866,351.21728515625,6.787785376786654e-18,0.2303655445575714,0.0034774630330502987,0.009052399545907974,2.5321421048829507e-07
radial,2,2.1400651894509792,0.014399999752640724,0.01540846936404705,347.5076904296875,6.1579758486530664e-18,0.23069895803928375,0.0032617757096886635,0.008878952823579311,2.3126555959152029e-07
radial,2,2.1527959809949,0.014399999752640724,0.01550013106316328,343.95111083984375,5.592148740900456e-18,0.23101836442947388,0.0030551438685506582,0.008712789043784142,2.1160290941679705e-07
radial,2,2.165575796324346,0.014399999752640724,0.01559214573353529,340.54742431640625,5.082750653765294e-18,0.23132382333278656,0.0028575409669429064,0.008553885854780674,1.9397855055558466e-07
radial,2,2.178405152840747,0.014399999752640724,0.015684517100453377,337.2969970703125,4.622333653012153e-18,0.23161530494689941,0.002668971661478281,0.008402247913181782,1.7814835473473067e-07
radial,2,2.191284050544103,0.014399999752640724,0.01577724516391754,334.2002258300781,4.2035027439648095e-18,0.23189283907413483,0.0024894345551729202,0.008257873356342316,1.638701405681786e-07
radial,2,2.204212618784772,0.014399999752640724,0.01587033085525036,331.25689697265625,3.8312557518843085e-18,0.23215633630752563,0.0023189736530184746,0.008120798505842686,1.512511573764641e-07
radial,2,2.217191116263469,0.014399999752640724,0.015963776037096977,328.47998046875,3.5833621300113544e-18,0.23240390419960022,0.0021588155068457127,0.007992010563611984,1.4246151636143622e-07
radial,2,2.230219542980194,0.014399999752640724,0.016057580709457397,325.8703308105469,3.4519760702358817e-18,0.23263555765151978,0.0020089431200176477,0.007871493697166443,1.3724275049753487e-07
radial,2,2.2432986750370927,0.014399999752640724,0.016151750460267067,323.4158020019531,3.3496929127470153e-18,0.2328532338142395,0.001868105260655284,0.007758243940770626,1.330809453747861e-07
radial,2,2.2564282537334495,0.014399999752640724,0.016246283426880836,321.1154479980469,3.265014640235115e-18,0.2330571711063385,0.0017361759673804045,0.007652156986296177,1.296175184961612e-07
radial,2,2.269608279069265,0.014399999752640724,0.016341179609298706,318.9666748046875,3.19503061091976e-18,0.2332475781440735,0.0016129892319440842,0.0075531005859375,1.267384988068443e-07
radial,2,2.2828395271466837,0.014399999752640724,0.016436444595456123,316.9665222167969,3.137002650178246e-18,0.23342475295066833,0.001498364843428135,0.007460929453372955,1.2433673646228272e-07
radial,2,2.2961217392649917,0.014399999752640724,0.01653207652270794,315.1121826171875,3.0884066163713683e-18,0.23358896374702454,0.0013921255012974143,0.007375501096248627,1.223133381245134e-07
radial,2,2.309455174124903,0.014399999752640724,0.016628077253699303,313.4002380371094,3.046947290094445e-18,0.23374053835868835,0.0012940684100612998,0.007296651601791382,1.2057840592660796e-07
radial,2,2.322840349127849,0.014399999752640724,0.016724450513720512,311.8268737792969,3.010586291522992e-18,0.23387980461120605,0.0012039593420922756,0.007224193774163723,1.1905201091622075e-07
radial,2,2.336277005573114,0.014399999752640724,0.01682119444012642,310.3875732421875,2.9775625531328843e-18,0.23400720953941345,0.0011215349659323692,0.007157915271818638,1.1766501017973496e-07
radial,2,2.349765660862128,0.014399999752640724,0.01691831275820732,309.077392578125,2.9464082429271465e-18,0.23412320017814636,0.001046502497047186,0.007097580470144749,1.1635972896328894e-07
radial,2,2.3633063149948916,0.014399999752640724,0.01701580546796322,307.89080810546875,2.9159568294469256e-18,0.234228253364563,0.0009785389993339777,0.007042929530143738,1.1509018804645166e-07
radial,2,2.3768994853728347,0.014399999752640724,0.01711367629468441,306.8216857910156,2.885339979844194e-18,0.2343229055404663,0.0009172930149361491,0.006993681192398071,1.1382206110965853e-07
radial,2,2.3905449132952428,0.014399999752640724,0.017211923375725746,305.86346435546875,2.85397308422103e-18,0.23440778255462646,0.0008623835165053606,0.006949528120458126,1.12532049456604e-07
radial,2,2.404243116163545,0.014399999752640724,0.017310550436377525,305.009033203125,2.821530233416088e-18,0.2344834804534912,0.0008134013623930514,0.006910140626132488,1.1120692988697556e-07
radial,2,2.4179943526784577,0.014399999752640724,0.017409559339284897,304.250732421875,2.7879043075400416e-18,0.23455071449279785,0.0007699093548581004,0.0068751671351492405,1.098420128187172e-07
radial,2,2.4317986228399806,0.014399999752640724,0.01750895008444786,303.5804443359375,2.7531598266806705e-18,0.2346101701259613,0.0007314441027119756,0.0068442365154623985,1.0843927356063432e-07
radial,2,2.445656185348829,0.014399999752640724,0.017608724534511566,302.99017333984375,2.7175050335571848e-18,0.23466256260871887,0.0006975477444939315,0.006816979497671127,1.0700632913085428e-07
radial,2,2.459567298905717,0.014399999752640724,0.017708884552121162,302.47265625,2.6812497073089856e-18,0.23470854759216309,0.0006678075878880918,0.006793064996600151,1.0555476137596997e-07
radial,2,2.473532222211361,0.014399999752640724,0.0178094319999218,302.0203857421875,2.644720170687725e-18,0.2347487509250641,0.0006417944096028805,0.006772146560251713,1.040968697907374e-07
radial,2,2.4875509552657604,0.014399999752640724,0.017910366877913475,301.6242370605469,3.608238759753274e-18,0.23478400707244873,0.0006189871346578002,0.006753806956112385,1.0344429313136061e-07
radial,2,2.501624015470346,0.014399999752640724,0.01801169291138649,301.2745361328125,6.450541773097253e-18,0.23481516540050507,0.0005988315097056329,0.006737601011991501,1.0430589725274331e-07
radial,2,2.515751402825117,0.014399999752640724,0.018113410100340843,300.96221923828125,1.2470863600883226e-17,0.23484301567077637,0.0005808086134493351,0.006723111495375633,1.0772421887850214e-07
radial,2,2.5299331173300743,0.014399999752640724,0.018215518444776535,300.67938232421875,2.156318243604874e-17,0.23486825823783875,0.0005644649500027299,0.006709974724799395,1.1361036911239353e-07
radial,2,2.5441699350873628,0.014399999752640724,0.018318023532629013,300.41937255859375,3.173062182775454e-17,0.23489150404930115,0.0005494239157997072,0.006697885692119598,1.20355210242451e-07
radial,2,2.558461597396268,0.014399999752640724,0.018420923501253128,300.1767578125,4.22110332760259e-17,0.2349132001399994,0.0005353739834390581,0.006686593405902386,1.2734003007608408e-07
radial,2,2.5728083629575043,0.014399999752640724,0.01852422021329403,299.94708251953125,5.191082445406362e-17,0.2349337637424469,0.0005220634629949927,0.006675895769149065,1.3367954920795455e-07
radial,2,2.587210749172502,0.014399999752640724,0.018627917394042015,299.7267761230469,6.018826202520416e-17,0.23495352268218994,0.0005092869978398085,0.0066656265407800674,1.3885106397992786e-07
radial,2,2.601668756041262,0.014399999752640724,0.018732015043497086,299.5128479003906,6.730497329103069e-17,0.23497268557548523,0.0004968736320734024,0.006655648350715637,1.430572353910975e-07
radial,2,2.6161823835637836,0.014399999752640724,0.01883651316165924,299.3028869628906,7.346154624136486e-17,0.23499155044555664,0.00048468244494870305,0.0066458480432629585,1.464516969917895e-07
radial,2,2.630752149141497,0.014399999752640724,0.01894141547381878,299.0948181152344,7.881183647014155e-17,0.23501022160053253,0.0004725945764221251,0.006636130623519421,1.491505656758818e-07
radial,2,2.645378311475118,0.014399999752640724,0.01904672384262085,298.8868408203125,8.347475284477648e-17,0.23502889275550842,0.00046050717355683446,0.006626413203775883,1.5124166452551435e-07
radial,2,2.6600608705646462,0.014399999752640724,0.019152438268065453,298.6773681640625,8.754384618382693e-17,0.23504772782325745,0.00044832626008428633,0.006616620346903801,1.5279192666639574e-07
radial,2,2.674800343811512,0.014399999752640724,0.019258562475442886,298.4647216796875,9.10952369559825e-17,0.23506683111190796,0.0004359590238891542,0.006606677547097206,1.538530653988346e-07
radial,2,2.6895964725150003,0.014399999752640724,0.019365094602108,298.2472839355469,9.41933062826794e-17,0.23508639633655548,0.0004233065410517156,0.006596504244953394,1.544653684959485e-07
radial,2,2.7044497740765414,0.014399999752640724,0.019472038373351097,298.02313232421875,9.689237676910523e-17,0.23510655760765076,0.0004102602833881974,0.0065860142931342125,1.5465863612007524e-07
radial,2,2.7193607658975654,0.014399999752640724,0.01957939751446247,297.79046630859375,9.922956566370646e-17,0.2351275086402893,0.0003967141383327544,0.006575122009962797,1.5444786072293937e-07
radial,2,2.7343289305766425,0.014399999752640724,0.019687168300151825,297.5476989746094,1.0122025190843168e-16,0.2351493537425995,0.0003825747116934508,0.006563752889633179,1.538309106763336e-07
radial,2,2.7493553029166327,0.014399999752640724,0.019795358180999756,297.2934875488281,1.0286171573342681e-16,0.23517224192619324,0.0003677670028991997,0.00655184593051672,1.5279280773938808e-07
radial,2,2.7644393655161066,0.014399999752640724,0.019903963431715965,297.0275573730469,1.0412576020597114e-16,0.23519620299339294,0.0003522726765368134,0.006539386231452227,1.5130549968489504e-07
radial,2,2.7795818944772086,0.014399999752640724,0.0200129896402359,296.7513732910156,1.0495327169076919e-16,0.23522108793258667,0.0003361770650371909,0.006526443175971508,1.4933108616332902e-07
radial,2,2.794782889799939,0.014399999752640724,0.020122436806559563,296.46807861328125,1.0527279501778617e-16,0.23524659872055054,0.00031966337701305747,0.006513162516057491,1.4683715221508464e-07
radial,2,2.810042610185014,0.014399999752640724,0.0202323067933321,296.1815490722656,1.0502819440193179e-16,0.23527243733406067,0.00030295414035208523,0.006499725393950939,1.4381151913767098e-07
radial,2,2.8253613143331475,0.014399999752640724,0.020342601463198662,295.8951110839844,1.0419450222359675e-16,0.2352982759475708,0.000286248279735446,0.006486290134489536,1.4026551298229606e-07
radial,2,2.84073900224434,0.014399999752640724,0.02045332081615925,295.6112976074219,1.0277660877456245e-16,0.23532387614250183,0.0002696895389817655,0.0064729731529951096,1.3622764072351856e-07
radial,2,2.856176450020737,0.014399999752640724,0.020564470440149307,295.3316345214844,1.0079926329875649e-16,0.23534910380840302,0.0002533682272769511,0.006459846161305904,1.3173496427043574e-07
radial,2,2.8716731402609086,0.014399999752640724,0.02067604660987854,295.0570068359375,9.829749854948171e-17,0.23537388443946838,0.00023733635316602886,0.006446952000260353,1.268272171728313e-07
radial,2,2.8872298490669994,0.014399999752640724,0.020788054913282394,294.7879333496094,9.531059567966703e-17,0.23539817333221436,0.0002216230786871165,0.006434313952922821,1.2154403350450593e-07
radial,2,2.9028465764390097,0.014399999752640724,0.02090049535036087,294.5246276855469,9.187896080787444e-17,0.23542195558547974,0.00020624518219847232,0.006421945057809353,1.1592396020887463e-07
radial,2,2.9185238397783704,0.014399999752640724,0.021013371646404266,294.267333984375,8.804288755610262e-17,0.23544520139694214,0.00019121330115012825,0.00640985369682312,1.1000442157182988e-07
radial,2,2.934261380384366,0.014399999752640724,0.021126681938767433,294.0162048339844,8.384207397630922e-17,0.23546791076660156,0.00017653530812822282,0.00639804732054472,1.0382185422486145e-07
radial,2,2.9500599743591414,0.014399999752640724,0.02124043181538582,293.7712707519531,7.931561593296595e-17,0.23549005389213562,0.00016221812984440476,0.006386530585587025,9.741198425672337e-08
radial,2,2.9659193630019827,0.014399999752640724,0.021354619413614273,293.53265380859375,7.450207327750757e-17,0.2355116307735443,0.00014826864935457706,0.006375309079885483,9.081006879796405e-08
radial,2,2.9818400637143188,0.014399999752640724,0.021469248458743095,293.300537109375,6.943966837167894e-17,0.23553261160850525,0.0001346942881355062,0.006364389788359404,8.405115892173853e-08
radial,2,2.997822335196866,0.014399999752640724,0.021584320813417435,293.0750427246094,6.41665574027759e-17,0.23555302619934082,0.00012150356633355841,0.006353778298944235,7.717041938803959e-08
radial,2,3.013866436150339,0.014399999752640724,0.02169983834028244,292.8563232421875,5.87210752291066e-17,0.23557280004024506,0.00010870654659811407,0.006343483924865723,7.020345549335616e-08
radial,2,3.029972366574738,0.014399999752640724,0.021815801039338112,292.6445617675781,5.3142271393028466e-17,0.23559196293354034,9.631567081669345e-05,0.006333515513688326,6.318688150486196e-08
radial,2,3.046140643871493,0.014399999752640724,0.021932212635874748,292.4400634765625,4.7470724066670883e-17,0.2356104850769043,8.434688788838685e-05,0.006323887035250664,5.615925502411301e-08
radial,2,12.145765746633213,0.014399999752640724,0.08744951337575912,291.0,0.0,0.23574095964431763,0.0,0.006256024818867445,0.0
radial,2,12.420033001237446,0.014399999752640724,0.0894242376089096,291.0,0.0,0.23574095964431763,0.0,0.006256024818867445,0.0
radial,2,12.70483351416058,0.014399999752640724,0.09147480130195618,291.0,0.0,0.23574095964431763,0.0,0.006256024818867445,0.0
radial,2,13.000570858518284,0.014399999752640724,0.09360411018133163,291.0,0.0,0.23574095964431763,0.0,0.006256024818867445,0.0
radial,2,13.307665164271992,0.014399999752640724,0.09581518918275833,291.0,0.0,0.23574095964431763,0.0,0.006256024818867445,0.0
radial,2,13.626553118228912,0.014399999752640724,0.09811118245124817,291.0,0.0,0.23574095964431763,0.0,0.006256024818867445,0.0
radial,2,13.957687964042028,0.014399999752640724,0.1004953533411026,291.0,0.0,0.23574095964431763,0.0,0.006256024818867445,0.0
radial,2,14.301538467407227,0.014399999752640724,0.10297107696533203,291.0,0.0,0.23574095964431763,0.0,0.006256024818867445,0.0
radial,2,14.658595124880474,0.014399999752640724,0.1055418848991394,291.0,0.0,0.23574095964431763,0.0,0.006256024818867445,0.0
radial,2,15.02936292025778,0.014399999752640724,0.10821141302585602,291.0,0.0,0.23574095964431763,0.0,0.006256024818867445,0.0
radial,2,15.414369602998098,0.014399999752640724,0.1109834611415863,291.0,0.0,0.23574095964431763,0.0,0.006256024818867445,0.0
radial,2,15.814159479406145,0.014399999752640724,0.11386194825172424,291.0,0.0,0.23574095964431763,0.0,0.006256024818867445,0.0
radial,2,16.229305830266743,0.014399999752640724,0.11685100197792053,291.0,0.0,0.23574095964431763,0.0,0.006256024818867445,0.0
radial,2,16.66039435399903,0.014399999752640724,0.11995483934879303,291.0,0.0,0.23574095964431763,0.0,0.006256024818867445,0.0
radial,2,17.108037653896545,0.014399999752640724,0.12317787110805511,291.0,0.0,0.23574095964431763,0.0,0.006256024818867445,0.0
radial,2,17.572871098915737,0.014399999752640724,0.1265246719121933,291.0,0.0,0.23574095964431763,0.0,0.006256024818867445,0.0
radial,2,18.055554893281727,0.014399999752640724,0.12999999523162842,291.0,0.0,0.23574095964431763,0.0,0.006256024818867445,0.0
radial,2,18.337727006938724,0.014399999752640724,0.1320316344499588,291.0,0.0,0.23574095964431763,0.0,0.006256024818867445,0.0
radial,2,18.62480408615536,0.014399999752640724,0.1340985894203186,291.0,0.0,0.23574095964431763,0.0,0.006256024818867445,0.0
radial,2,18.91687098476622,0.014399999752640724,0.13620147109031677,291.0,0.0,0.23574095964431763,0.0,0.006256024818867445,0.0
radial,2,19.21401462621159,0.014399999752640724,0.13834090530872345,291.0,0.0,0.23574095964431763,0.0,0.006256024818867445,0.0
radial,2,19.51632607314322,0.014399999752640724,0.14051754772663116,291.0,0.0,0.23574095964431763,0.0,0.006256024818867445,0.0
radial,2,19.823892249001396,0.014399999752640724,0.14273202419281006,291.0,0.0,0.23574095964431763,0.0,0.006256024818867445,0.0
radial,2,20.13680421643787,0.014399999752640724,0.14498499035835266,291.0,0.0,0.23574095964431763,0.0,0.006256024818867445,0.0
radial,2,20.45515717731582,0.014399999752640724,0.1472771316766739,291.0,0.0,0.23574095964431763,0.0,0.006256024818867445,0.0
radial,2,20.779042194286983,0.014399999752640724,0.14960910379886627,291.0,0.0,0.23574095964431763,0.0,0.006256024818867445,0.0
radial,2,21.10856067803171,0.014399999752640724,0.1519816368818283,291.0,0.0,0.23574095964431763,0.0,0.006256024818867445,0.0
radial,2,21.44380576080746,0.014399999752640724,0.15439540147781372,291.0,0.0,0.23574095964431763,0.0,0.006256024818867445,0.0
radial,2,21.784880922900307,0.014399999752640724,0.1568511426448822,291.0,0.0,0.23574095964431763,0.0,0.006256024818867445,0.0
radial,2,22.131883435779148,0.014399999752640724,0.15934956073760986,291.0,0.0,0.23574095964431763,0.0,0.006256024818867445,0.0
radial,2,22.484918849335777,0.014399999752640724,0.1618914157152176,291.0,0.0,0.23574095964431763,0.0,0.006256024818867445,0.0
radial,2,22.844090643856262,0.014399999752640724,0.16447745263576508,291.0,0.0,0.23574095964431763,0.0,0.006256024818867445,0.0
radial,2,23.209508508443832,0.014399999752640724,0.1671084612607956,291.0,0.0,0.23574095964431763,0.0,0.006256024818867445,0.0
radial,2,23.581277992990284,0.014399999752640724,0.16978520154953003,291.0,0.0,0.23574095964431763,0.0,0.006256024818867445,0.0
radial,2,23.959510856204563,0.014399999752640724,0.17250847816467285,291.0,0.0,0.23574095964431763,0.0,0.006256024818867445,0.0
radial,2,24.344316787189907,0.014399999752640724,0.17527908086776733,291.0,0.0,0.23574095964431763,0.0,0.006256024818867445,0.0
radial,2,24.735813753472435,0.014399999752640724,0.17809785902500153,291.0,0.0,0.23574095964431763,0.0,0.006256024818867445,0.0
radial,2,25.13411765297254,0.014399999752640724,0.18096564710140228,291.0,0.0,0.23574095964431763,0.0,0.006256024818867445,0.0
radial,2,25.53934438361062,0.014399999752640724,0.18388327956199646,291.0,0.0,0.23574095964431763,0.0,0.006256024818867445,0.0
radial,2,25.951618121729958,0.014399999752640724,0.1868516504764557,291.0,0.0,0.23574095964431763,0.0,0.006256024818867445,0.0
radial,2,26.37105683485667,0.014399999752640724,0.18987160921096802,291.0,0.0,0.23574095964431763,0.0,0.006256024818867445,0.0
radial,2,26.797786768939762,0.014399999752640724,0.19294406473636627,291.0,0.0,0.23574095964431763,0.0,0.006256024818867445,0.0
radial,2,27.231936239533955,0.014399999752640724,0.19606994092464447,291.0,0.0,0.23574095964431763,0.0,0.006256024818867445,0.0
radial,2,27.673633562193977,0.014399999752640724,0.19925016164779663,291.0,0.0,0.23574095964431763,0.0,0.006256024818867445,0.0
radial,2,28.123009122080273,0.014399999752640724,0.20248566567897797,291.0,0.0,0.23574095964431763,0.0,0.006256024818867445,0.0
radial,2,28.58019537395901,0.014399999752640724,0.20577740669250488,291.0,0.0,0.23574095964431763,0.0,0.006256024818867445,0.0
radial,2,29.045330981413525,0.014399999752640724,0.20912638306617737,291.0,0.0,0.23574095964431763,0.0,0.006256024818867445,0.0
radial,2,29.51855253842142,0.014399999752640724,0.21253357827663422,291.0,0.0,0.23574095964431763,0.0,0.006256024818867445,0.0
radial,2,30.000000778171753,0.014399999752640724,0.2160000056028366,291.0,0.0,0.23574095964431763,0.0,0.006256024818867445,0.0
radial,2,12.145765746633213,0.014399999752640724,0.08744951337575912,291.0,0.0,0.23574095964431763,0.0,0.006256024818867445,0.0
radial,2,11.881640594866541,0.014399999752640724,0.08554781228303909,291.0,0.0,0.23574095964431763,0.0,0.006256024818867445,0.0
radial,2,11.627285016907587,0.014399999752640724,0.08371645212173462,291.0,0.0,0.23574095964431763,0.0,0.006256024818867445,0.0
radial,2,11.382334762149387,0.014399999752640724,0.08195281028747559,291.0,0.0,0.23574095964431763,0.0,0.006256024818867445,0.0
radial,2,11.146444206436476,0.014399999752640724,0.08025439828634262,291.0,0.0,0.23574095964431763,0.0,0.006256024818867445,0.0
radial,2,10.919278073641989,0.014399999752640724,0.07861880213022232,291.0,0.0,0.23574095964431763,0.0,0.006256024818867445,0.0
radial,2,10.700512470470535,0.014399999752640724,0.07704368978738785,291.0,0.0,0.23574095964431763,0.0,0.006256024818867445,0.0
radial,2,10.489836956063906,0.014399999752640724,0.07552682608366013,291.0,0.0,0.23574095964431763,0.0,0.006256024818867445,0.0
radial,2,10.286953507198229,0.014399999752640724,0.07406606525182724,291.0,0.0,0.23574095964431763,0.0,0.006256024818867445,0.0
radial,2,10.091573413875368,0.014399999752640724,0.07265932857990265,291.0,0.0,0.23574095964431763,0.0,0.006256024818867445,0.0
radial,2,9.903418314125803,0.014399999752640724,0.07130461186170578,291.0,0.0,0.23574095964431763,0.0,0.006256024818867445,0.0
radial,2,9.722222263614336,0.014399999752640724,0.07000000029802322,291.0,0.0,0.23574095964431763,0.0,0.006256024818867445,0.0
radial,2,9.413060421744982,0.014399999752640724,0.06777403503656387,291.0,0.0,0.23574095964431763,0.0,0.006256024818867445,0.0
radial,2,9.130064605010881,0.014399999752640724,0.06573646515607834,291.0,0.0,0.23574095964431763,0.0,0.006256024818867445,0.0
radial,2,8.871020335290167,0.014399999752640724,0.0638713464140892,291.0,0.0,0.23574095964431763,0.0,0.006256024818867445,0.0
radial,2,8.633900433778763,0.014399999752640724,0.06216408312320709,291.0,0.0,0.23574095964431763,0.0,0.006256024818867445,0.0
radial,2,8.416848981546032,0.014399999752640724,0.060601312667131424,291.0,0.0,0.23574095964431763,0.0,0.006256024818867445,0.0
radial,2,8.21816786709759,0.014399999752640724,0.059170808643102646,291.0,0.0,0.23574095964431763,0.0,0.006256024818867445,0.0
radial,2,8.036302299135262,0.014399999752640724,0.05786137655377388,291.0,0.0,0.23574095964431763,0.0,0.006256024818867445,0.0
radial,2,7.869828906324175,0.014399999752640724,0.05666276812553406,291.0,0.0,0.23574095964431763,0.0,0.006256024818867445,0.0
radial,2,7.71744487186273,0.014399999752640724,0.05556560307741165,291.0,0.0,0.23574095964431763,0.0,0.006256024818867445,0.0
radial,2,7.577958102855417,0.014399999752640724,0.054561298340559006,291.0,0.0,0.23574095964431763,0.0,0.006256024818867445,0.0
radial,2,7.450276882284218,0.014399999752640724,0.053641993552446365,291.0,0.0,0.23574095964431763,0.0,0.006256024818867445,0.0
radial,2,7.333401590585709,0.014399999752640724,0.0528004914522171,291.0,0.0,0.23574095964431763,0.0,0.006256024818867445,0.0
radial,2,7.226418496833907,0.014399999752640724,0.05203021317720413,291.0,0.0,0.23574095964431763,0.0,0.006256024818867445,0.0
radial,2,7.12848992811309,0.014399999752640724,0.051325127482414246,291.0,0.0,0.23574095964431763,0.0,0.006256024818867445,0.0
radial,2,7.0388490955034895,0.014399999752640724,0.05067971348762512,291.0,0.0,0.23574095964431763,0.0,0.006256024818867445,0.0
radial,2,6.956795437468423,0.014399999752640724,0.050088927149772644,291.0,0.0,0.23574095964431763,0.0,0.006256024818867445,0.0
radial,2,6.881686341431406,0.014399999752640724,0.04954814165830612,291.0,0.0,0.23574095964431763,0.0,0.006256024818867445,0.0
radial,2,6.81293403936757,0.014399999752640724,0.0490531250834465,291.0,0.0,0.23574095964431763,0.0,0.006256024818867445,0.0
radial,2,6.75000095119079,0.014399999752640724,0.048600006848573685,291.0,0.0,0.23574095964431763,0.0,0.006256024818867445,0.0
radial,2,6.692393475936519,0.014399999752640724,0.048185233026742935,291.0,0.0,0.23574095964431763,0.0,0.006256024818867445,0.0
radial,2,6.639662509163221,0.014399999752640724,0.04780557006597519,291.0,0.0,0.23574095964431763,0.0,0.006256024818867445,0.0
radial,2,6.5913936123251915,0.014399999752640724,0.04745803400874138,291.0,0.0,0.23574095964431763,0.0,0.006256024818867445,0.0
radial,2,6.547210634582573,0.014399999752640724,0.04713991656899452,291.0,0.0,0.23574095964431763,0.0,0.006256024818867445,0.0
radial,2,6.506766916977035,0.014399999752640724,0.04684872180223465,291.0,0.0,0.23574095964431763,0.0,0.006256024818867445,0.0
radial,2,6.469745809833209,0.014399999752640724,0.0465821698307991,291.0,0.0,0.23574095964431763,0.0,0.006256024818867445,0.0
radial,2,6.435858603152964,0.014399999752640724,0.04633818194270134,291.0,0.0,0.23574095964431763,0.0,0.006256024818867445,0.0
radial,2,6.404838835199675,0.014399999752640724,0.04611483961343765,291.0,0.0,0.23574095964431763,0.0,0.006256024818867445,0.0
radial,2,6.376444879505369,0.014399999752640724,0.04591040313243866,291.0,0.0,0.23574095964431763,0.0,0.006256024818867445,0.0
radial,2,6.350453736053573,0.014399999752640724,0.045723266899585724,291.0,0.0,0.23574095964431763,0.0,0.006256024818867445,0.0
radial,2,6.32666258348359,0.014399999752640724,0.04555197060108185,291.0,0.0,0.23574095964431763,0.0,0.006256024818867445,0.0
radial,2,6.304884639879068,0.014399999752640724,0.04539516940712929,291.0,0.0,0.23574095964431763,1.8464629131242916e-11,0.006256024818867445,0.0
radial,2,6.284950197570854,0.014399999752640724,0.04525164142251015,291.0,0.0,0.23574095964431763,4.048607282758354e-11,0.006256024818867445,0.0
radial,2,6.266703001326985,0.014399999752640724,0.04512026160955429,291.0,0.0,0.23574095964431763,4.523410812584672e-11,0.006256024818867445,0.0
radial,2,6.250000248352687,0.014399999752640724,0.04500000178813934,291.0,0.0,0.23574095964431763,4.1688711510667886e-11,0.006256024818867445,0.0
radial,2,6.221503847175175,0.014399999752640724,0.044794827699661255,291.0,0.0,0.23574095964431763,2.437504711960692e-11,0.006256024818867445,0.0
radial,2,6.193117652502325,0.014399999752640724,0.04459044709801674,291.0,0.0,0.23574095964431763,1.3126411416153339e-11,0.006256024818867445,0.0
radial,2,6.1648401121298475,0.014399999752640724,0.0443868488073349,291.0,0.0,0.23574095964431763,1.2937801004142546e-11,0.006256024818867445,0.0
radial,2,6.136671743459172,0.014399999752640724,0.044184036552906036,291.0,0.0,0.23574095964431763,1.287015546219683e-11,0.006256024818867445,0.0
radial,2,6.108612029088868,0.014399999752640724,0.04398200660943985,291.0,0.0,0.23574095964431763,1.2933794660274778e-11,0.006256024818867445,0.0
radial,2,6.080659934216076,0.014399999752640724,0.04378075152635574,291.0,0.0,0.23574095964431763,1.3125937836644397e-11,0.006256024818867445,0.0
radial,2,6.0528154588407945,0.014399999752640724,0.04358027130365372,291.0,0.0,0.23574095964431763,2.441587904078446e-11,0.006256024818867445,0.0
radial,2,6.025078085561594,0.014399999752640724,0.04338056221604347,291.0,0.0,0.23574095964431763,4.051416147010656e-11,0.006256024818867445,0.0
radial,2,5.997447296977043,0.014399999752640724,0.04318162053823471,291.0,0.0,0.23574095964431763,4.632281364047586e-11,0.006256024818867445,0.0
radial,2,5.969923093087144,0.014399999752640724,0.04298344627022743,291.0,0.0,0.23574095964431763,4.80996908969189e-11,0.006256024818867445,0.0
radial,2,5.942504956490464,0.014399999752640724,0.04278603568673134,291.0,0.0,0.23574095964431763,5.0012195773607715e-11,0.006256024818867445,0.0
radial,2,5.915191852384144,0.014399999752640724,0.04258938133716583,291.0,0.0,0.23574095964431763,5.201813632615959e-11,0.006256024818867445,0.0
radial,2,5.887984298169613,0.014399999752640724,0.04239348694682121,291.0,0.0,0.23574095964431763,5.408525710626222e-11,0.006256024818867445,0.0
radial,2,5.860881259044012,0.014399999752640724,0.04219834506511688,291.0,0.0,0.23574095964431763,5.618805767881874e-11,0.006256024818867445,0.0
radial,2,5.833882217605909,0.014399999752640724,0.04200395196676254,291.0,0.0,0.23574095964431763,5.830610994017604e-11,0.006256024818867445,0.0
radial,2,5.806987173855305,0.014399999752640724,0.041810307651758194,291.0,0.0,0.23574095964431763,6.042304157016787e-11,0.006256024818867445,0.0
radial,2,5.7801961277922,0.014399999752640724,0.041617412120103836,291.0,0.0,0.23574095964431763,6.252604684009455e-11,0.006256024818867445,0.0
radial,2,5.753507527212302,0.014399999752640724,0.041425254195928574,291.0,0.0,0.23574095964431763,6.46066047882421e-11,0.006256024818867445,0.0
radial,2,5.726921889517042,0.014399999752640724,0.041233837604522705,291.0,0.0,0.23574095964431763,6.666034391145104e-11,0.006256024818867445,0.0
radial,2,5.700438697304991,0.014399999752640724,0.04104315862059593,291.0,0.0,0.23574095964431763,6.868626500899921e-11,0.006256024818867445,0.0
radial,2,5.674056915773286,0.014399999752640724,0.04085320979356766,291.0,0.0,0.23574095964431763,7.06862693378163e-11,0.006256024818867445,0.0
radial,2,5.6477770623233585,0.014399999752640724,0.04066399484872818,291.0,0.0,0.23574095964431763,7.266282020523818e-11,0.006256024818867445,0.0
radial,2,5.621598102152348,0.014399999752640724,0.0404755063354969,291.0,0.0,0.23574095964431763,7.461524453855617e-11,0.006256024818867445,0.0
radial,2,5.595520035260254,0.014399999752640724,0.040287744253873825,291.0,0.0,0.23574095964431763,7.65363050714285e-11,0.006256024818867445,0.0
radial,2,5.5695423442456455,0.014399999752640724,0.04010070487856865,291.0,0.0,0.23574095964431763,7.840806476311357e-11,0.006256024818867445,0.0
radial,2,5.543664511707094,0.014399999752640724,0.03991438448429108,291.0,0.0,0.23574095964431763,8.02005406530526e-11,0.006256024818867445,0.0
radial,2,5.517886537644598,0.014399999752640724,0.03972878307104111,291.0,0.0,0.23574095964431763,8.187268224491007e-11,0.006256024818867445,0.0
radial,2,5.492207387255298,0.014399999752640724,0.039543893188238144,291.0,0.0,0.23574095964431763,8.338264800844541e-11,0.006256024818867445,0.0
radial,2,5.466627060539193,0.014399999752640724,0.03935971483588219,291.0,0.0,0.23574095964431763,8.470643630964503e-11,0.006256024818867445,0.0
radial,2,5.441145557496283,0.014399999752640724,0.039176248013973236,291.0,0.0,0.23574095964431763,8.587162925177694e-11,0.006256024818867445,0.0
radial,2,5.415761843323708,0.014399999752640724,0.038993485271930695,291.0,0.0,0.23574095964431763,8.692317005065675e-11,0.006256024818867445,0.0
radial,2,5.390475918021467,0.014399999752640724,0.03881142660975456,291.0,0.0,0.23574095964431763,8.793878819579604e-11,0.006256024818867445,0.0
radial,2,5.3652867467867,0.014399999752640724,0.03863006457686424,291.0,0.0,0.23574095964431763,8.899010001117702e-11,0.006256024818867445,0.0
radial,2,5.340194847020838,0.014399999752640724,0.038449402898550034,291.0,0.0,0.23574095964431763,9.008357948481205e-11,0.006256024818867445,0.0
radial,2,5.31519970132245,0.014399999752640724,0.03826943784952164,291.0,0.0,0.23574095964431763,9.120288552155742e-11,0.006256024818867445,0.0
radial,2,5.290300792290105,0.014399999752640724,0.038090165704488754,291.0,0.0,0.23574095964431763,9.229491476636653e-11,0.006256024818867445,0.0
radial,2,5.265497085120943,0.014399999752640724,0.03791157901287079,291.0,0.0,0.23574095964431763,9.332995487554285e-11,0.006256024818867445,0.0
radial,2,5.2407896146178246,0.014399999752640724,0.03773368522524834,291.0,0.0,0.23574095964431763,9.431182224073353e-11,0.006256024818867445,0.0
radial,2,5.216176828576459,0.014399999752640724,0.037556473165750504,291.0,0.0,0.23574095964431763,9.528729194574481e-11,0.006256024818867445,0.0
radial,2,5.191658726996846,0.014399999752640724,0.03737994283437729,291.0,0.0,0.23574095964431763,9.629501362962145e-11,0.006256024818867445,0.0
radial,2,5.167234792477555,0.014399999752640724,0.037204090505838394,291.0,0.0,0.23574095964431763,9.731988825922855e-11,0.006256024818867445,0.0
radial,2,5.142905025018586,0.014399999752640724,0.03702891618013382,291.0,0.0,0.23574095964431763,9.833239777989888e-11,0.006256024818867445,0.0
radial,2,5.11866890721851,0.014399999752640724,0.03685441613197327,291.0,0.0,0.23574095964431763,9.928269317782679e-11,0.006256024818867445,0.0
radial,2,5.094525921675894,0.014399999752640724,0.03668058663606644,291.0,0.0,0.23574095964431763,1.0013002232911461e-10,0.006256024818867445,0.0
radial,2,5.07047606839074,0.014399999752640724,0.03650742769241333,291.0,0.0,0.23574095964431763,1.0084146018218831e-10,0.006256024818867445,0.0
radial,2,5.046518312560187,0.014399999752640724,0.03633493185043335,291.0,0.0,0.23574095964431763,1.0143960671449292e-10,0.006256024818867445,0.0
radial,2,5.022653171585666,0.014399999752640724,0.036163102835416794,291.0,0.0,0.23574095964431763,1.0197639954689919e-10,0.006256024818867445,0.0
radial,2,4.998879610664315,0.014399999752640724,0.035991933196783066,291.0,0.0,0.23574095964431763,1.0248395881928829e-10,0.006256024818867445,0.0
radial,2,4.975197629796134,0.014399999752640724,0.035821422934532166,291.0,0.0,0.23574095964431763,1.029966806287419e-10,0.006256024818867445,0.0
radial,2,4.951606711579694,0.014399999752640724,0.035651568323373795,291.0,0.0,0.23574095964431763,1.0354180013383285e-10,0.006256024818867445,0.0
radial,2,4.928106856014994,0.014399999752640724,0.03548236936330795,291.0,0.0,0.23574095964431763,1.0414949458414924e-10,0.006256024818867445,0.0
radial,2,4.904697028299172,0.014399999752640724,0.035313818603754044,291.0,0.0,0.23574095964431763,1.0482921475318818e-10,0.006256024818867445,0.0
radial,2,4.881377745833662,0.014399999752640724,0.035145919770002365,291.0,0.0,0.23574095964431763,1.055685677764373e-10,0.006256024818867445,0.0
radial,2,4.8581479738156,0.014399999752640724,0.03497866541147232,291.0,0.0,0.23574095964431763,1.0635159419791762e-10,0.006256024818867445,0.0
radial,2,4.835007194843557,0.014399999752640724,0.03481205180287361,291.0,0.0,0.23574095964431763,1.071748662040406e-10,0.006256024818867445,0.0
radial,2,4.811955926318963,0.014399999752640724,0.034646082669496536,291.0,0.0,0.23574095964431763,1.0802565786338647e-10,0.006256024818867445,0.0
radial,2,4.788993133438958,0.014399999752640724,0.0344807505607605,291.0,0.0,0.23574095964431763,1.0885308626695789e-10,0.006256024818867445,0.0
radial,2,4.766118816203542,0.014399999752640724,0.0343160554766655,291.0,0.0,0.23574095964431763,1.0960074514620999e-10,0.006256024818867445,0.0
radial,2,4.743332457211283,0.014399999752640724,0.034151993691921234,291.0,0.0,0.23574095964431763,1.1018659595851688e-10,0.006256024818867445,0.0
radial,2,4.720634056462182,0.014399999752640724,0.03398856520652771,291.0,0.0,0.23574095964431763,1.1051841386500172e-10,0.006256024818867445,0.0
radial,2,4.6980225791533785,0.014399999752640724,0.03382576256990433,291.0,0.0,0.23574095964431763,1.1052661563759614e-10,0.006256024818867445,0.0
radial,2,4.675498025284873,0.014399999752640724,0.033663585782051086,291.0,0.0,0.23574095964431763,1.1017089324161233e-10,0.006256024818867445,0.0
radial,2,4.653060394856665,0.014399999752640724,0.03350203484296799,291.0,0.0,0.23574095964431763,1.0943623784953616e-10,0.006256024818867445,0.0
radial,2,4.630709170467324,0.014399999752640724,0.03334110602736473,291.0,0.0,0.23574095964431763,1.0833397373621878e-10,0.006256024818867445,0.0
radial,2,4.60844383471542,0.014399999752640724,0.03318079560995102,291.0,0.0,0.23574095964431763,1.0691685037311771e-10,0.006256024818867445,0.0
radial,2,4.586264387600952,0.014399999752640724,0.03302110359072685,291.0,0.0,0.23574095964431763,1.0525896126933887e-10,0.006256024818867445,0.0
radial,2,4.56416979432106,0.014399999752640724,0.03286202251911163,291.0,0.0,0.23574095964431763,1.0343613465746415e-10,0.006256024818867445,0.0
radial,2,4.542160572277175,0.014399999752640724,0.03270355612039566,291.0,0.0,0.23574095964431763,1.0151514351353086e-10,0.006256024818867445,0.0
radial,2,4.520236204067866,0.014399999752640724,0.032545700669288635,291.0,0.0,0.23574095964431763,9.954317231608556e-11,0.006256024818867445,0.0
radial,2,4.498395654890272,0.014399999752640724,0.03238844871520996,291.0,0.0,0.23574095964431763,9.754824725760614e-11,0.006256024818867445,0.0
radial,2,4.476639442145824,0.014399999752640724,0.032231803983449936,291.0,0.0,0.23574095964431763,9.554500246533593e-11,0.006256024818867445,0.0
radial,2,4.454967048433092,0.014399999752640724,0.03207576274871826,291.0,0.0,0.23574095964431763,9.353697677516593e-11,0.006256024818867445,0.0
radial,2,4.433377956350644,0.014399999752640724,0.03192032128572464,291.0,0.0,0.23574095964431763,9.152453794847304e-11,0.006256024818867445,0.0
radial,2,4.411872165898482,0.014399999752640724,0.03176547959446907,291.0,0.0,0.23574095964431763,8.950648555661189e-11,0.006256024818867445,0.0
radial,2,4.390448642273744,0.014399999752640724,0.031611230224370956,291.0,0.0,0.23574095964431763,8.748425595062059e-11,0.006256024818867445,0.0
radial,2,4.369107902877861,0.014399999752640724,0.031457576900720596,291.0,0.0,0.23574095964431763,8.547292040805843e-11,0.006256024818867445,0.0
radial,2,4.3478494303094015,0.014399999752640724,0.03130451589822769,291.0,0.0,0.23574095964431763,8.350878322183064e-11,0.006256024818867445,0.0
radial,2,4.326672189765507,0.014399999752640724,0.031152039766311646,291.0,0.0,0.23574095964431763,8.16328254993337e-11,0.006256024818867445,0.0
radial,2,4.305576698647605,0.014399999752640724,0.031000152230262756,291.0,0.0,0.23574095964431763,7.986263733661403e-11,0.006256024818867445,0.0
radial,2,4.284562439554268,0.014399999752640724,0.030848849564790726,291.0,0.0,0.23574095964431763,7.821326919454918e-11,0.006256024818867445,0.0
radial,2,4.263629153784779,0.014399999752640724,0.030698129907250404,291.0,0.0,0.23574095964431763,7.6696142492505e-11,0.006256024818867445,0.0
radial,2,4.242776065236993,0.014399999752640724,0.030547987669706345,291.0,0.0,0.23574095964431763,7.52901560541197e-11,0.006256024818867445,0.0
radial,2,4.22200369131234,0.014399999752640724,0.030398426577448845,291.0,0.0,0.23574095964431763,7.396991352770499e-11,0.006256024818867445,0.0
radial,2,4.201310997207959,0.014399999752640724,0.03024943917989731,291.0,0.0,0.23574095964431763,7.270378049595294e-11,0.006256024818867445,0.0
radial,2,4.180698241624567,0.014399999752640724,0.030101027339696884,291.0,0.0,0.23574095964431763,7.144976277295711e-11,0.006256024818867445,0.0
radial,2,4.160164131058587,0.014399999752640724,0.029953181743621826,291.0,0.0,0.23574095964431763,7.014351599554658e-11,0.006256024818867445,0.0
radial,2,4.1397094416121645,0.014399999752640724,0.029805907979607582,291.0,0.0,0.23574095964431763,6.871453406276373e-11,0.006256024818867445,0.0
radial,2,4.119333397183153,0.014399999752640724,0.029659200459718704,291.0,0.0,0.23574095964431763,6.712724820445715e-11,0.006256024818867445,0.0
radial,2,4.09903573907084,0.014399999752640724,0.029513057321310043,291.0,0.0,0.23574095964431763,6.535720575850945e-11,0.006256024818867445,0.0
radial,2,4.078816208574507,0.014399999752640724,0.02936747670173645,291.0,0.0,0.23574095964431763,6.338388147675289e-11,0.006256024818867445,0.0
radial,2,4.0586745469934415,0.014399999752640724,0.029222456738352776,291.0,0.0,0.23574095964431763,6.117224782276054e-11,0.006256024818867445,0.0
radial,2,4.038609978225496,0.014399999752640724,0.029077991843223572,291.0,0.0,0.23574095964431763,5.871199360019119e-11,0.006256024818867445,0.0
radial,2,4.018623278372818,0.014399999752640724,0.028934087604284286,291.0,0.0,0.23574095964431763,5.601570596258654e-11,0.006256024818867445,0.0
radial,2,3.99871315393183,0.014399999752640724,0.028790734708309174,291.0,0.0,0.23574095964431763,5.3086833540216816e-11,0.006256024818867445,0.0
radial,2,3.9788796049025326,0.014399999752640724,0.028647933155298233,291.0,0.0,0.23574095964431763,4.994196722840627e-11,0.006256024818867445,0.0
radial,2,3.959122631284926,0.014399999752640724,0.028505682945251465,291.0,0.0,0.23574095964431763,4.657052521395144e-11,0.006256024818867445,0.0
radial,2,3.9394417156775794,0.014399999752640724,0.02836398035287857,291.0,0.0,0.23574095964431763,2.6722495743980446e-11,0.006256024818867445,0.0
radial,2,3.9198358232776327,0.014399999752640724,0.028222817927598953,291.0,0.0,0.23574095964431763,4.335536703953258e-12,0.006256024818867445,0.0
radial,2,3.900305988887946,0.014399999752640724,0.02808220311999321,291.0,0.0,0.23574095964431763,0.0,0.006256024818867445,0.0
radial,2,3.880851177705659,0.014399999752640724,0.027942128479480743,291.0,0.0,0.23574095964431763,0.0,0.006256024818867445,0.0
radial,2,3.8614711310300565,0.014399999752640724,0.027802592143416405,291.0,0.0,0.23574095964431763,0.0,0.006256024818867445,0.0
radial,2,3.842165590160423,0.014399999752640724,0.027663592249155045,291.0,0.0,0.23574095964431763,0.0,0.006256024818867445,0.0
radial,2,3.822934555096759,0.014399999752640724,0.027525128796696663,291.0,0.0,0.23574095964431763,0.0,0.006256024818867445,0.0
radial,2,3.8037772497369184,0.014399999752640724,0.027387196198105812,291.0,0.0,0.23574095964431763,0.0,0.006256024818867445,0.0
radial,2,3.784693932781617,0.014399999752640724,0.02724979631602764,291.0,0.0,0.23574095964431763,0.0,0.006256024818867445,0.0
radial,2,3.765684345530139,0.014399999752640724,0.027112927287817,291.0,0.0,0.23574095964431763,0.0,0.006256024818867445,0.0
radial,2,3.7467471944789095,0.014399999752640724,0.026976579800248146,291.0,0.0,0.23574095964431763,0.0,0.006256024818867445,0.0
radial,2,3.727883255730073,0.014399999752640724,0.026840759441256523,291.0,0.0,0.23574095964431763,0.0,0.006256024818867445,0.0
radial,2,3.7090920118821993,0.014399999752640724,0.026705462485551834,291.0,0.0,0.23574095964431763,0.0,0.006256024818867445,0.0
radial,2,3.6903726868331432,0.014399999752640724,0.02657068334519863,291.0,0.0,0.23574095964431763,0.0,0.006256024818867445,0.0
radial,2,3.67172553928362,0.014399999752640724,0.026436423882842064,291.0,0.0,0.23574095964431763,0.0,0.006256024818867445,0.0
radial,2,3.653150310532914,0.014399999752640724,0.026302682235836983,291.0,0.0,0.23574095964431763,0.0,0.006256024818867445,0.0
radial,2,3.634646741880311,0.014399999752640724,0.02616945654153824,291.0,0.0,0.23574095964431763,0.0,0.006256024818867445,0.0
radial,2,3.616213798522949,0.014399999752640724,0.026036739349365234,291.0,0.0,0.23574095964431763,0.0,0.006256024818867445,0.0
radial,2,3.59785199786226,0.014399999752640724,0.02590453438460827,291.0,0.0,0.23574095964431763,0.0,0.006256024818867445,0.0
radial,2,3.579561081197527,0.014399999752640724,0.025772839784622192,291.0,0.0,0.23574095964431763,0.0,0.006256024818867445,0.0
radial,2,3.5613402724266052,0.014399999752640724,0.025641649961471558,291.0,0.0,0.23574095964431763,0.0,0.006256024818867445,0.0
radial,2,3.5431898302502103,0.014399999752640724,0.025510966777801514,291.0,0.0,0.23574095964431763,0.0,0.006256024818867445,0.0
radial,2,3.5251089785661964,0.014399999752640724,0.025380784645676613,291.0,0.0,0.23574095964431763,0.0,0.006256024818867445,0.0
radial,2,3.5070979760752783,0.014399999752640724,0.025251105427742004,291.0,0.0,0.23574095964431763,0.0,0.006256024818867445,0.0
radial,2,3.489156046675311,0.014399999752640724,0.02512192353606224,291.0,0.0,0.23574095964431763,7.944512235569245e-12,0.006256024818867445,0.0
radial,2,3.471283190366295,0.014399999752640724,0.02499323897063732,291.0,0.0,0.23574095964431763,4.8796796464634085e-11,0.006256024818867445,0.0
radial,2,3.4534791484475136,0.014399999752640724,0.024865049868822098,291.0,0.0,0.23574095964431763,1.4605262832478871e-10,0.006256024818867445,0.0
radial,2,3.435743662218253,0.014399999752640724,0.02473735436797142,291.0,0.0,0.23574095964431763,3.2946850803128314e-10,0.006256025284528732,0.0
radial,2,3.4180764729777975,0.014399999752640724,0.02461015060544014,291.0,0.0,0.23574095964431763,6.866281987427669e-10,0.00625602575019002,0.0
radial,2,3.4004770633247166,0.014399999752640724,0.024483434855937958,291.0000305175781,0.0,0.23574095964431763,1.4082034427431722e-09,0.006256026215851307,0.0
radial,2,3.3829454332590103,0.014399999752640724,0.024357207119464874,291.00006103515625,0.0,0.23574095964431763,2.8810716035110318e-09,0.0062560271471738815,0.0
radial,2,3.365481324079964,0.014399999752640724,0.02423146553337574,291.0000915527344,0.0,0.23574092984199524,5.901927391249728e-09,0.006256029475480318,0.0
radial,2,3.348084477086862,0.014399999752640724,0.024106208235025406,291.0002136230469,0.0,0.23574092984199524,1.2107872926492291e-08,0.0062560345977544785,0.0
radial,2,3.330754374878274,0.014399999752640724,0.023981431499123573,291.00042724609375,0.0,0.23574090003967285,2.485379368977192e-08,0.006256044842302799,0.0
radial,2,3.3134910174542003,0.014399999752640724,0.023857135325670242,291.00091552734375,0.0,0.23574087023735046,5.099630939753297e-08,0.006256065331399441,0.0
radial,2,3.2962941461139255,0.014399999752640724,0.023733317852020264,291.00189208984375,0.0,0.2357407808303833,1.0450759191371617e-07,0.006256109103560448,0.0
radial,2,3.2791635021567345,0.014399999752640724,0.023609977215528488,291.00384521484375,0.0,0.23574061691761017,2.1373557501647156e-07,0.0062561966478824615,0.0
radial,2,3.262098568181197,0.014399999752640724,0.023487109690904617,291.00732421875,1.641854512738195e-19,0.2357402890920639,4.2130494648517924e-07,0.006256363354623318,1.8670841261947402e-10
radial,2,3.245099602888028,0.014399999752640724,0.0233647171407938,291.0142822265625,5.343113196191872e-19,0.23573964834213257,8.360715355593129e-07,0.006256697699427605,6.078289538358206e-10
radial,2,3.228165830175082,0.014399999752640724,0.02324279397726059,291.0284729003906,1.0977807558308687e-18,0.2357383668422699,1.6696893681000802e-06,0.006257368251681328,1.2514840275201777e-09
radial,2,3.2112972500423593,0.014399999752640724,0.023121340200304985,291.0554504394531,2.1086599844584476e-18,0.2357359230518341,3.250434701840277e-06,0.006258639972656965,2.411167487892385e-09
radial,2,3.194493603789144,0.014399999752640724,0.023000353947281837,291.1025390625,3.848926811310279e-18,0.23573166131973267,6.011288405716186e-06,0.0062608616426587105,4.41425429542619e-09
radial,2,3.177754632714722,0.014399999752640724,0.022879833355545998,291.1759948730469,6.5228489391629634e-18,0.23572498559951782,1.031394913297845e-05,0.006264323368668556,7.502189980357343e-09
radial,2,3.161080078118377,0.014399999752640724,0.022759776562452316,291.2770690917969,1.0147553969780024e-17,0.2357158362865448,1.6236308510997333e-05,0.006269088946282864,1.1703214397584816e-08
radial,2,3.14446942259868,0.014399999752640724,0.022640179842710495,291.40216064453125,1.4553822670119345e-17,0.2357044816017151,2.3566692107124254e-05,0.006274986080825329,1.6832103710839874e-08
radial,2,3.127922924856345,0.014399999752640724,0.022521045058965683,291.5460510253906,1.9510978769167956e-17,0.23569145798683167,3.1995925382943824e-05,0.006281768437474966,2.2632885787743362e-08
radial,2,3.111440067489942,0.014399999752640724,0.022402368485927582,291.70440673828125,2.4826318962703054e-17,0.235677108168602,4.12721092288848e-05,0.006289231590926647,2.889280814599715e-08
radial,2,3.095020850499471,0.014399999752640724,0.02228415012359619,291.87445068359375,3.036396063713933e-17,0.23566170036792755,5.1230337703600526e-05,0.006297243759036064,3.546398019693697e-08
radial,2,3.078664497782787,0.014399999752640724,0.022166384384036064,292.0544128417969,3.602877140458828e-17,0.2356453835964203,6.176830356707796e-05,0.006305721588432789,4.22450767700866e-08
radial,2,3.062371268040604,0.014399999752640724,0.02204907312989235,292.2431640625,4.1749982654923546e-17,0.23562830686569214,7.282133447006345e-05,0.006314614322036505,4.9162650839207345e-08
radial,2,3.046140643871493,0.014399999752640724,0.021932212635874748,292.4400634765625,4.7470724066670883e-17,0.2356104850769043,8.434688788838685e-05,0.006323887035250664,5.615925502411301e-08
radial,3,0.0,0.02160000056028366,0.0,318.9095764160156,0.1523905098438263,0.1913740336894989,0.001435677520930767,0.0009598205797374249,0.005739091895520687
radial,3,0.013157894298072077,0.02160000056028366,9.473683894611895e-05,318.9951171875,0.15237674117088318,0.19135628640651703,0.001440651249140501,0.0009631369030103087,0.005758984945714474
radial,3,0.026315788596144155,0.02160000056028366,0.0001894736778922379,319.25286865234375,0.15233518183231354,0.19130277633666992,0.001455638324841857,0.00097312917932868,0.00581892766058445
radial,3,0.03947368289421623,0.02160000056028366,0.00028421051683835685,319.6855163574219,0.15226544439792633,0.19121292233467102,0.0014808037085458636,0.000989907537586987,0.005919581279158592
radial,3,0.05263157719228831,0.02160000056028366,0.0003789473557844758,320.29705810546875,0.15216681361198425,0.19108587503433228,0.0015163850039243698,0.0010136297205463052,0.006061894819140434
radial,3,0.06578947553255905,0.02160000056028366,0.0004736842238344252,321.0920715332031,0.1520385593175888,0.1909206509590149,0.0015626638196408749,0.0010444829240441322,0.0062469965778291225
radial,3,0.07894736578843246,0.02160000056028366,0.0005684210336767137,322.0767822265625,0.15187959372997284,0.19071584939956665,0.0016200200188905,0.0010827200021594763,0.006476406008005142
radial,3,0.09210526412870321,0.02160000056028366,0.0006631579017266631,323.25970458984375,0.15168851613998413,0.19046969711780548,0.0016889645485207438,0.0011286810040473938,0.006752168759703636
radial,3,0.10526315438457662,0.02160000056028366,0.0007578947115689516,324.650634765625,0.15146362781524658,0.1901799738407135,0.001770103583112359,0.001182770007289946,0.007076706737279892
radial,3,0.11842104464045002,0.02160000056028366,0.0008526315214112401,326.26141357421875,0.1512029469013214,0.18984416127204895,0.0018641562201082706,0.001245466759428382,0.0074528977274894714
radial,3,0.1315789510651181,0.02160000056028366,0.0009473684476688504,328.1057434082031,0.15090414881706238,0.18945923447608948,0.001971966354176402,0.0013173348270356655,0.007884114980697632
radial,3,0.14473684132099152,0.02160000056028366,0.001042105257511139,330.1995849609375,0.15056449174880981,0.18902167677879333,0.002094513736665249,0.001399029977619648,0.008374275639653206
radial,3,0.15789473157686493,0.02160000056028366,0.0011368420673534274,332.56121826171875,0.1501808613538742,0.18852746486663818,0.002232929226011038,0.001491309842094779,0.008927896618843079
radial,3,0.17105263800153303,0.02160000056028366,0.0012315789936110377,335.2115478515625,0.14974965155124664,0.18797197937965393,0.0023885120172053576,0.0015950470697134733,0.009550166316330433
radial,3,0.18421052825740641,0.02160000056028366,0.0013263158034533262,338.17462158203125,0.14926671981811523,0.1873498409986496,0.0025627538561820984,0.0017112460918724537,0.010247042402625084
radial,3,0.19736841851327983,0.02160000056028366,0.0014210526132956147,341.47772216796875,0.14872731268405914,0.1866549700498581,0.0027573700062930584,0.0018410643097013235,0.011025363579392433
radial,3,0.21052630876915324,0.02160000056028366,0.0015157894231379032,345.1523132324219,0.14812596142292023,0.18588030338287354,0.0029743355698883533,0.0019858393352478743,0.011893010698258877
radial,3,0.22368421519382134,0.02160000056028366,0.0016105263493955135,349.23443603515625,0.1474563181400299,0.18501770496368408,0.003215933684259653,0.0021471220534294844,0.012859078124165535
radial,3,0.23684208928090003,0.02160000056028366,0.0017052630428224802,353.76556396484375,0.146711066365242,0.18405769765377045,0.003484806977212429,0.002326713874936104,0.013934087939560413
radial,3,0.24999999570556813,0.02160000056028366,0.0017999999690800905,358.7935485839844,0.14588172733783722,0.18298940360546112,0.0037840118166059256,0.0025267077144235373,0.015130201354622841
radial,3,0.2631579021302362,0.02160000056028366,0.0018947368953377008,364.37359619140625,0.14495839178562164,0.18180008232593536,0.004117119126021862,0.0027495594695210457,0.016461607068777084
radial,3,0.27631577621731496,0.02160000056028366,0.0019894735887646675,370.57293701171875,0.14392900466918945,0.180474191904068,0.004488477483391762,0.002998271258547902,0.017945580184459686
radial,3,0.28947368264198303,0.02160000056028366,0.002084210515022278,377.48138427734375,0.14277741312980652,0.17899098992347717,0.004903893452137709,0.0032768575474619865,0.01960516907274723
radial,3,0.30263158906665116,0.02160000056028366,0.002178947441279888,385.23077392578125,0.14148008823394775,0.17732016742229462,0.00537186861038208,0.0035911889281123877,0.021474137902259827
radial,3,0.31578946315372985,0.02160000056028366,0.002273684134706855,394.01409912109375,0.1400025337934494,0.17541736364364624,0.005904822610318661,0.003949841484427452,0.02360180765390396
radial,3,0.32894736957839793,0.02160000056028366,0.002368421060964465,404.15936279296875,0.13828635215759277,0.17320740222930908,0.006523809861391783,0.004367310553789139,0.026071840897202492
radial,3,0.34210527600306606,0.02160000056028366,0.0024631579872220755,416.2735595703125,0.13622349500656128,0.17055131494998932,0.007267769891768694,0.004870316945016384,0.02903907746076584
radial,3,0.35526315009014475,0.02160000056028366,0.002557894680649042,430.982666015625,0.13369868695735931,0.16730070114135742,0.00817826297134161,0.005487566813826561,0.03266855329275131
radial,3,0.36842105651481283,0.02160000056028366,0.0026526316069066525,447.42633056640625,0.13085733354091644,0.16364486515522003,0.009202105924487114,0.006189304869621992,0.03674222156405449
radial,3,0.38157896293948096,0.02160000056028366,0.0027473685331642628,464.13043212890625,0.1279553472995758,0.1599150151014328,0.01024640817195177,0.006918064318597317,0.04088442772626877
radial,3,0.39473683702655965,0.02160000056028366,0.0028421052265912294,481.26007080078125,0.1249602809548378,0.1560688465833664,0.011323105543851852,0.007681136019527912,0.045142997056245804
radial,3,0.4078947434512278,0.02160000056028366,0.0029368421528488398,499.6947326660156,0.12171215564012527,0.15190017223358154,0.012490039691329002,0.008518177084624767,0.049747418612241745
radial,3,0.4210526175383065,0.02160000056028366,0.0030315788462758064,519.2733154296875,0.11824250221252441,0.1474514603614807,0.013735242187976837,0.009428566321730614,0.054641883820295334
radial,3,0.43421052396297455,0.02160000056028366,0.0031263157725334167,540.2937622070312,0.11448926478624344,0.14264291524887085,0.01508117001503706,0.010429159738123417,0.05991336703300476
radial,3,0.4473684303876427,0.02160000056028366,0.003221052698791027,562.6302490234375,0.11047694832086563,0.13750721514225006,0.01651877351105213,0.011520343832671642,0.0655176118016243
radial,3,0.46052630447472137,0.02160000056028366,0.0033157893922179937,585.5484008789062,0.10635196417570114,0.13223576545715332,0.017994502559304237,0.012678802013397217,0.07122603803873062
radial,3,0.47368417856180006,0.02160000056028366,0.0034105260856449604,610.360595703125,0.10185397416353226,0.1264919936656952,0.01960298791527748,0.01396716944873333,0.07741506397724152
radial,3,0.48684214966164696,0.02160000056028366,0.003505263477563858,638.11865234375,0.09677080810070038,0.12000307440757751,0.021421093493700027,0.015443649142980576,0.08438126742839813
radial,3,0.49999999141113627,0.02160000056028366,0.003599999938160181,666.5863037109375,0.0915803611278534,0.1133909597992897,0.023275235667824745,0.017025209963321686,0.09138910472393036
radial,3,0.5115740673823489,0.02160000056028366,0.003683333285152912,692.9451293945312,0.08676816523075104,0.10726961493492126,0.02499503642320633,0.018543606624007225,0.097810298204422
radial,3,0.5231481433535615,0.02160000056028366,0.0037666666321456432,721.1964111328125,0.08159732818603516,0.10069845616817474,0.02684815227985382,0.02021857351064682,0.10464301705360413
radial,3,0.5347222193247743,0.02160000056028366,0.0038499999791383743,749.44384765625,0.07650524377822876,0.09424576163291931,0.028676766902208328,0.021973906084895134,0.11121444404125214
radial,3,0.5415076157078147,0.02160000056028366,0.003898854833096266,767.1126708984375,0.07332858443260193,0.09022517502307892,0.02981949970126152,0.02310206927359104,0.11526510119438171
radial,3,0.5483620205066271,0.02160000056028366,0.003948206547647715,787.029052734375,0.06970763951539993,0.08564043045043945,0.031124208122491837,0.024385035037994385,0.11988590657711029
radial,3,0.5552860804729992,0.02160000056028366,0.003998059779405594,809.2232055664062,0.06562499701976776,0.08046919107437134,0.03259750455617905,0.025828395038843155,0.12509983777999878
radial,3,0.5622805717090765,0.02160000056028366,0.004048420116305351,832.0694580078125,0.061463382095098495,0.07520584017038345,0.03410331904888153,0.027358010411262512,0.1303287297487259
radial,3,0.5693460762914684,0.02160000056028366,0.0040992917492985725,853.35107421875,0.057751864194869995,0.07053250074386597,0.035453394055366516,0.028862016275525093,0.13478678464889526
radial,3,0.576483434997499,0.02160000056028366,0.004150680731981993,874.6234130859375,0.05412304028868675,0.06597484648227692,0.036779701709747314,0.03041507862508297,0.1390227973461151
radial,3,0.5836932945789562,0.02160000056028366,0.004202591720968485,898.0965576171875,0.05005311965942383,0.060858264565467834,0.03827018290758133,0.0321347750723362,0.14380380511283875
radial,3,0.5909764958131645,0.02160000056028366,0.004255030769854784,921.4004516601562,0.046140868216753006,0.05595289543271065,0.03971678763628006,0.033901527523994446,0.148228719830513
radial,3,0.5983336854519116,0.02160000056028366,0.004308002535253763,942.06591796875,0.04299826920032501,0.0520440936088562,0.04090576618909836,0.03557560592889786,0.15140138566493988
radial,3,0.6057657042725219,0.02160000056028366,0.0043615130707621574,962.272705078125,0.04007400572299957,0.04842279478907585,0.042029984295368195,0.037264686077833176,0.15415288507938385
radial,3,0.6132731990267833,0.02160000056028366,0.00441556703299284,984.4985961914062,0.036780938506126404,0.044337280094623566,0.04329727590084076,0.039114125072956085,0.15732376277446747
radial,3,0.620857075167199,0.02160000056028366,0.004470170941203833,1009.3133544921875,0.03301776200532913,0.03966086357831955,0.04474634677171707,0.04117286950349808,0.1610228717327118
radial,3,0.6285179794455568,0.02160000056028366,0.004525329452008009,1036.71533203125,0.02876434102654457,0.03436746448278427,0.046384260058403015,0.043443161994218826,0.16528278589248657
radial,3,0.6362567526391811,0.02160000056028366,0.004581048619002104,1062.3345947265625,0.02515742927789688,0.029911912977695465,0.04782940074801445,0.04566076025366783,0.16843241453170776
radial,3,0.6440741708502173,0.02160000056028366,0.004637334030121565,1084.6453857421875,0.022576915100216866,0.026783021166920662,0.04895128309726715,0.047718655318021774,0.16993561387062073
radial,3,0.6519710748559899,0.02160000056028366,0.004694191738963127,1107.3199462890625,0.020024999976158142,0.02370813861489296,0.05008051544427872,0.04982365295290947,0.1712886393070221
radial,3,0.6599482407586442,0.02160000056028366,0.004751627333462238,1131.4295654296875,0.01724381372332573,0.020356008782982826,0.05130428075790405,0.052047550678253174,0.17285728454589844
radial,3,0.6680065093355047,0.02160000056028366,0.004809646867215633,1155.517822265625,0.014650363475084305,0.017257019877433777,0.052501507103443146,0.05429770052433014,0.1740061342716217
radial,3,0.6761466566887167,0.02160000056028366,0.00486825592815876,1177.1966552734375,0.012886150740087032,0.015232870355248451,0.053480133414268494,0.05640777200460434,0.17378534376621246
radial,3,0.6843695235956047,0.02160000056028366,0.004927460569888353,1197.5751953125,0.011598790064454079,0.013829560950398445,0.05433502793312073,0.058437496423721313,0.17277058959007263
radial,3,0.6926760155086716,0.02160000056028366,0.0049872673116624355,1218.7103271484375,0.010216934606432915,0.012314272113144398,0.05523184314370155,0.06052127853035927,0.1718321293592453
radial,3,0.7010669085300631,0.02160000056028366,0.005047681741416454,1240.7659912109375,0.00873366929590702,0.010679854080080986,0.05617618188261986,0.06267556548118591,0.1709560751914978
radial,3,0.7095431081122823,0.02160000056028366,0.005108710378408432,1263.780029296875,0.007148679345846176,0.008925849571824074,0.05716835707426071,0.06490396708250046,0.17013844847679138
radial,3,0.7181054550326533,0.02160000056028366,0.005170359276235104,1287.136962890625,0.005618673749268055,0.007259361445903778,0.05817722529172897,0.06715501844882965,0.16913354396820068
radial,3,0.7267547900685006,0.02160000056028366,0.005232634488493204,1308.96630859375,0.004628138616681099,0.0063234674744307995,0.05910893529653549,0.06927185505628586,0.16717222332954407
radial,3,0.735492083347506,0.02160000056028366,0.005295543000102043,1329.5498046875,0.004062038380652666,0.005961015820503235,0.05997363477945328,0.07127214968204498,0.16448071599006653
radial,3,0.7443181756469939,0.02160000056028366,0.005359090864658356,1350.538330078125,0.003468860872089863,0.005568871274590492,0.06084941327571869,0.07328975200653076,0.16180670261383057
radial,3,0.7532339724194672,0.02160000056028366,0.005423284601420164,1372.0341796875,0.0028490228578448296,0.0051485225558280945,0.06173942983150482,0.07533431053161621,0.15913265943527222
radial,3,0.762240443792608,0.02160000056028366,0.005488131195306778,1394.019287109375,0.0022058577742427588,0.004702836740761995,0.06264165043830872,0.07740377634763718,0.15645819902420044
radial,3,0.7713383658685619,0.02160000056028366,0.005553636234253645,1415.0302734375,0.0017563949804753065,0.004617953673005104,0.06359653174877167,0.07932557165622711,0.15333396196365356
radial,3,0.780528838125368,0.02160000056028366,0.005619807634502649,1434.70068359375,0.0015481999143958092,0.004973601084202528,0.06460640579462051,0.08105858415365219,0.1496795117855072
radial,3,0.7898127013403509,0.02160000056028366,0.005686651449650526,1454.3621826171875,0.0013734581880271435,0.0053908005356788635,0.06562194228172302,0.0827629417181015,0.14595618844032288
radial,3,0.7991908609660135,0.02160000056028366,0.0057541741989552975,1474.291259765625,0.0011949739418923855,0.00580171961337328,0.06663618981838226,0.0844704657793045,0.14224055409431458
radial,3,0.8086644164803956,0.02160000056028366,0.005822383798658848,1494.52197265625,0.001013460336253047,0.006207124330103397,0.06765064597129822,0.08618373423814774,0.13852645456790924
radial,3,0.818234273336,0.02160000056028366,0.005891286768019199,1515.087646484375,0.0008295284351333976,0.006607313174754381,0.06866651028394699,0.08790524303913116,0.13480880856513977
radial,3,0.8279013369853299,0.02160000056028366,0.0059608896262943745,1536.0107421875,0.0006438827840611339,0.007002024445682764,0.06968427449464798,0.08963650465011597,0.1310853660106659
radial,3,0.8376667069064246,0.02160000056028366,0.006031200289726257,1557.28515625,0.0004575385246425867,0.007390253711491823,0.0707029476761818,0.09137676656246185,0.12735913693904877
radial,3,0.8475313532269664,0.02160000056028366,0.0061022257432341576,1577.114013671875,0.00032295897835865617,0.008047906681895256,0.07176662981510162,0.09291049838066101,0.12344309687614441
radial,3,0.857496181399458,0.02160000056028366,0.0061739725060760975,1594.69873046875,0.0002620634622871876,0.009087746031582355,0.07289329171180725,0.09414540231227875,0.11926580965518951
radial,3,0.8675623555771179,0.02160000056028366,0.006246448960155249,1611.782958984375,0.00022295440430752933,0.010225610807538033,0.07403639703989029,0.09529498219490051,0.11503049731254578
radial,3,0.8777308458876278,0.02160000056028366,0.006319662090390921,1629.119384765625,0.0001843958452809602,0.011344585567712784,0.07517830282449722,0.09644920378923416,0.11081647127866745
radial,3,0.8880026871338487,0.02160000056028366,0.00639361934736371,1646.74365234375,0.00014657957945019007,0.012444450519979,0.07632146030664444,0.09761033952236176,0.10661838948726654
radial,3,0.898378914118641,0.02160000056028366,0.006468328181654215,1664.68798828125,0.00010971012670779601,0.013523932546377182,0.07746784389019012,0.09878046810626984,0.10243310034275055
radial,3,0.9088606263200443,0.02160000056028366,0.006543796509504318,1681.409912109375,7.924750389065593e-05,0.014767357148230076,0.07859255373477936,0.09980270266532898,0.09822547435760498
radial,3,0.9194488585409191,0.02160000056028366,0.0066200317814946175,1694.982421875,6.136929005151615e-05,0.016395092010498047,0.07966488599777222,0.10048520565032959,0.09395982325077057
radial,3,0.9301447102593051,0.02160000056028366,0.006697041913866997,1706.9288330078125,5.0439019105397165e-05,0.01821119897067547,0.0807122215628624,0.10098698735237122,0.08968178182840347
radial,3,0.9409492162780629,0.02160000056028366,0.006774834357202053,1719.16259765625,4.001244087703526e-05,0.019983693957328796,0.08176831156015396,0.10150229930877686,0.08543652296066284
radial,3,0.9518637347759472,0.02160000056028366,0.00685341889038682,1731.7232666015625,3.0154886189848185e-05,0.021712899208068848,0.08283668756484985,0.10203295946121216,0.08121728897094727
radial,3,0.9628891065302823,0.02160000056028366,0.006932801567018032,1742.862548828125,2.1957714125164784e-05,0.023591969162225723,0.08384448289871216,0.10242491960525513,0.07703046500682831
radial,3,0.9740264310191076,0.02160000056028366,0.007012990303337574,1750.27197265625,1.663875809754245e-05,0.02586238458752632,0.08469616621732712,0.10247956216335297,0.07289641350507736
radial,3,0.9852770664211776,0.02160000056028366,0.007093994878232479,1755.715576171875,1.2984924978809431e-05,0.028318703174591064,0.08547021448612213,0.10235533118247986,0.06881379336118698
radial,3,0.9966419828641746,0.02160000056028366,0.007175822276622057,1761.5159912109375,9.63667844189331e-06,0.03070666268467903,0.08626779913902283,0.10225512832403183,0.06476809829473495
radial,3,1.0081225385268529,0.02160000056028366,0.007258482277393341,1766.717041015625,6.768800631107297e-06,0.03313088417053223,0.08703736960887909,0.10210154950618744,0.060769516974687576
radial,3,1.0197197035368946,0.02160000056028366,0.007341981865465641,1769.1563720703125,4.726824954559561e-06,0.035811897367239,0.08766123652458191,0.10172538459300995,0.05685727670788765
radial,3,1.0314346420475178,0.02160000056028366,0.007426329422742128,1768.71630859375,3.491202051009168e-06,0.03874702751636505,0.08813084661960602,0.10112695395946503,0.05304420739412308
radial,3,1.043268776912656,0.02160000056028366,0.007511535193771124,1766.77490234375,2.646762823133031e-06,0.04178633913397789,0.08852317184209824,0.10041816532611847,0.04931102693080902
radial,3,1.0552231429351702,0.02160000056028366,0.0075976066291332245,1763.03125,1.9842034362227423e-06,0.044957224279642105,0.08881600201129913,0.09957815706729889,0.045671410858631134
radial,3,1.0672990336186357,0.02160000056028366,0.007684553042054176,1756.926513671875,1.483639834987116e-06,0.048309363424777985,0.08896619081497192,0.09857271611690521,0.04214872047305107
radial,3,1.0794976777914498,0.02160000056028366,0.007772383280098438,1748.66259765625,1.10200414837891e-06,0.05181625485420227,0.08898212760686874,0.09742188453674316,0.03874524310231209
radial,3,1.0918203689571884,0.02160000056028366,0.007861106656491756,1738.26318359375,8.100940931399236e-07,0.055469218641519547,0.08885911107063293,0.09613335132598877,0.035468995571136475
radial,3,1.10426827126907,0.02160000056028366,0.007950731553137302,1725.66455078125,5.892015906283632e-07,0.059269774705171585,0.08858697861433029,0.09470801055431366,0.03232854977250099
radial,3,1.1168426782306697,0.02160000056028366,0.008041267283260822,1710.787109375,4.231779655583523e-07,0.06322059035301208,0.08815319836139679,0.0931466668844223,0.02933371625840664
radial,3,1.1295448833455641,0.02160000056028366,0.008132723160088062,1693.437255859375,3.006677502526145e-07,0.06733367592096329,0.08753566443920135,0.09144341945648193,0.02650066465139389
radial,3,1.1423761801173289,0.02160000056028366,0.008225108496844769,1674.12353515625,2.087957540197749e-07,0.07155729085206985,0.08676911145448685,0.08963432908058167,0.023816386237740517
radial,3,1.1553378620495398,0.02160000056028366,0.008318432606756687,1653.02392578125,1.3979138202557806e-07,0.07587270438671112,0.08586299419403076,0.08773389458656311,0.021278049796819687
radial,3,1.1684313519961305,0.02160000056028366,0.008412705734372139,1629.50732421875,9.039048620707035e-08,0.08033233880996704,0.08475936949253082,0.08571131527423859,0.01891779527068138
radial,3,1.1816579434606764,0.02160000056028366,0.00850793719291687,1604.0350341796875,5.490301902000283e-08,0.08489193022251129,0.08349142968654633,0.08359667658805847,0.016721419990062714
radial,3,1.1950189299467537,0.02160000056028366,0.008604136295616627,1577.1376953125,2.930750042651198e-08,0.08950202167034149,0.08209986984729767,0.08142302930355072,0.014669619500637054
radial,3,1.2085157343082957,0.02160000056028366,0.00870131328701973,1548.309326171875,1.3759871464458229e-08,0.0942041426897049,0.08054943382740021,0.0791628509759903,0.012779181823134422
radial,3,1.222149779399236,0.02160000056028366,0.0087994784116745,1518.271484375,7.312344507681701e-09,0.09894305467605591,0.07891267538070679,0.07684745639562607,0.011004671454429626
radial,3,1.2359223587231505,0.02160000056028366,0.008898640982806683,1484.8037109375,5.013030435208066e-09,0.10388787090778351,0.07697779685258865,0.07438808679580688,0.00946403481066227
radial,3,1.2498348951339722,0.02160000056028366,0.0089988112449646,1448.363037109375,3.6596454755510877e-09,0.10898460447788239,0.07475553452968597,0.07182037085294724,0.00817562360316515
radial,3,1.2638889408359926,0.02160000056028366,0.009100000374019146,1412.91796875,2.561391765354415e-09,0.11390475928783417,0.072577565908432,0.06933330744504929,0.0069806515239179134
radial,3,1.2800925307803683,0.02160000056028366,0.009216666221618652,1373.840576171875,1.5743853998273494e-09,0.11929470300674438,0.07015931606292725,0.06659989804029465,0.005720977671444416
radial,3,1.2962962500751019,0.02160000056028366,0.009333333000540733,1336.4658203125,8.517969662946712e-10,0.1244153380393982,0.06782805174589157,0.0639941543340683,0.0045753298327326775
radial,3,1.3124999693698354,0.02160000056028366,0.009449999779462814,1300.2374267578125,3.5302316625518415e-10,0.12934789061546326,0.06555075943470001,0.06147591024637222,0.0035193474031984806
radial,3,1.322034125526746,0.02160000056028366,0.009518645703792572,1277.2763671875,1.6717180417735733e-10,0.13233867287635803,0.06407482922077179,0.05994199961423874,0.0029939014930278063
radial,3,1.3316050171852112,0.02160000056028366,0.00958755612373352,1251.331787109375,6.44544279060355e-11,0.1355127990245819,0.06236135959625244,0.05830574408173561,0.002609926275908947
radial,3,1.3412129030459456,0.02160000056028366,0.009656732901930809,1224.8741455078125,2.7042996314508017e-11,0.13867002725601196,0.06058917194604874,0.056671734899282455,0.00231255404651165
radial,3,1.3508579124593072,0.02160000056028366,0.009726176969707012,1199.6478271484375,2.2385961140347632e-11,0.1416751742362976,0.05888950079679489,0.05511356517672539,0.0020485338754951954
radial,3,1.3605401747756534,0.02160000056028366,0.009795889258384705,1175.609375,1.8636968704410783e-11,0.1445303112268448,0.057263217866420746,0.053633078932762146,0.001810767687857151
radial,3,1.370259819345342,0.02160000056028366,0.009865870699286461,1152.5380859375,1.5364728586653165e-11,0.14726218581199646,0.055696140974760056,0.05221646651625633,0.0015957619762048125
radial,3,1.3800171048690877,0.02160000056028366,0.00993612315505743,1130.282958984375,1.2514303829314066e-11,0.14988930523395538,0.05417867749929428,0.05085410177707672,0.0014008634025231004
radial,3,1.3898120313468907,0.02160000056028366,0.010006646625697613,1108.75,1.0042492011586024e-11,0.15242347121238708,0.05270504206418991,0.049539897590875626,0.0012240589130669832
radial,3,1.399644728129109,0.02160000056028366,0.010077442042529583,1087.8662109375,7.911934996052139e-12,0.1548738181591034,0.05127084255218506,0.04826910048723221,0.0010636249789968133
radial,3,1.409515453916457,0.02160000056028366,0.01014851126819849,1067.5728759765625,6.0895858668141845e-12,0.15724796056747437,0.049872539937496185,0.04703778028488159,0.0009180414490401745
radial,3,1.419424338059293,0.02160000056028366,0.010219855234026909,1047.8212890625,4.546139506511615e-12,0.15955211222171783,0.04850732535123825,0.045842718333005905,0.0007859652978368104
radial,3,1.4293713805576167,0.02160000056028366,0.01029147394001484,1028.57275390625,3.2554711964366545e-12,0.16179141402244568,0.04717293381690979,0.04468125104904175,0.0006662027444690466
radial,3,1.4393569694625008,0.02160000056028366,0.010363370180130005,1009.7946166992188,2.1941775653344653e-12,0.16397015750408173,0.04586753249168396,0.043551139533519745,0.0005576853873208165
radial,3,1.4493811047739453,0.02160000056028366,0.010435543954372406,991.4596557617188,1.3412167427021005e-12,0.16609205305576324,0.044589605182409286,0.04245048016309738,0.000459450704511255
radial,3,1.459443915842308,0.02160000056028366,0.010507996194064617,973.5426025390625,6.775851039107772e-13,0.1681605577468872,0.04333771392703056,0.041377488523721695,0.00037061944021843374
radial,3,1.4695455320179462,0.02160000056028366,0.010580727830529213,955.9930419921875,2.306170120321138e-13,0.17018254101276398,0.04210624843835831,0.04032862186431885,0.0002925582230091095
radial,3,1.479686341351933,0.02160000056028366,0.010653741657733917,938.7347412109375,5.994213643240737e-14,0.17216885089874268,0.04088420420885086,0.03929838538169861,0.00022984150564298034
radial,3,1.4898662144939105,0.02160000056028366,0.010727036744356155,921.8111572265625,4.0679340050555485e-14,0.1741141825914383,0.03967779874801636,0.03828955441713333,0.00017902941908687353
radial,3,1.500085410144594,0.02160000056028366,0.010800614953041077,905.18896484375,2.396878946405237e-14,0.17602109909057617,0.038491200655698776,0.03730074316263199,0.00013336093979887664
radial,3,1.5103440576543412,0.02160000056028366,0.010874477215111256,888.229736328125,1.234679100224536e-14,0.1779187023639679,0.03729969635605812,0.03631646931171417,9.858830162556842e-05
radial,3,1.520642415723867,0.02160000056028366,0.010948625393211842,870.5963134765625,7.909122711141983e-15,0.1798020899295807,0.03610091283917427,0.035338837653398514,8.005161362234503e-05
radial,3,1.5309804843531716,0.02160000056028366,0.011023059487342834,853.1549072265625,6.804332555840516e-15,0.18162071704864502,0.03493557497859001,0.03439440205693245,6.976584700169042e-05
radial,3,1.54135852224297,0.02160000056028366,0.011097781360149384,836.62939453125,5.832630334794012e-15,0.18334026634693146,0.03383306786417961,0.033501360565423965,6.0654900153167546e-05
radial,3,1.55177665874362,0.02160000056028366,0.011172791942954063,820.9830322265625,4.9827339926615186e-15,0.18496489524841309,0.03279080614447594,0.03265756368637085,5.2623803640017286e-05
radial,3,1.5622350232054791,0.02160000056028366,0.011248092167079449,806.0731201171875,4.237866347856769e-15,0.18650974333286285,0.031799156218767166,0.03185515105724335,4.552476457320154e-05
radial,3,1.5727337449789047,0.02160000056028366,0.011323682963848114,791.799072265625,3.584710771899506e-15,0.18798556923866272,0.03085128217935562,0.031088538467884064,3.9240716432686895e-05
radial,3,1.5832730827646124,0.02160000056028366,0.011399566195905209,778.0936279296875,3.0126937525091525e-15,0.18939965963363647,0.02994256466627121,0.03035394661128521,3.3679174521239474e-05
radial,3,1.5938530365626018,0.02160000056028366,0.011475741863250732,764.9010620117188,2.5127109560521468e-15,0.19075804948806763,0.029069196432828903,0.029648255556821823,2.8760452551068738e-05
radial,3,1.604473994423946,0.02160000056028366,0.01155221275985241,752.173583984375,2.0767858732641947e-15,0.19206595420837402,0.028227873146533966,0.028968755155801773,2.4414634026470594e-05
radial,3,1.6151358269982867,0.02160000056028366,0.011628977954387665,739.8699951171875,1.6979387409016842e-15,0.19332784414291382,0.027415763586759567,0.02831311896443367,2.0580439013428986e-05
radial,3,1.6258389223366976,0.02160000056028366,0.011706040240824223,727.954833984375,1.3700406403165197e-15,0.1945475935935974,0.02663041651248932,0.027679340913891792,1.7203994502779096e-05
radial,3,1.6365834097895358,0.02160000056028366,0.011783400550484657,716.3972778320312,1.0876897247667056e-15,0.1957286298274994,0.025869686156511307,0.027065660804510117,1.423772846464999e-05
radial,3,1.6473692893568013,0.02160000056028366,0.011861058883368969,705.1698608398438,8.461124341988717e-16,0.19687390327453613,0.025131680071353912,0.026470523327589035,1.1639522199402563e-05
radial,3,1.658196949089567,0.02160000056028366,0.011939018033444881,694.2483520507812,6.41083609453436e-16,0.19798612594604492,0.024414706975221634,0.025892537087202072,9.37201184569858e-06
radial,3,1.6690663889878325,0.02160000056028366,0.012017278000712395,683.61083984375,4.68860264876041e-16,0.19906768202781677,0.0237172469496727,0.02533046156167984,7.402008122880943e-06
radial,3,1.679977738401956,0.02160000056028366,0.012095839716494083,673.2376098632812,3.261257900221532e-16,0.200120747089386,0.023037925362586975,0.024783169850707054,5.700019755749963e-06
radial,3,1.6909312560326524,0.02160000056028366,0.012174705043435097,663.1107788085938,2.0994248934223748e-16,0.20114730298519135,0.022375503554940224,0.024249641224741936,4.239836925989948e-06
radial,3,1.7019272005806367,0.02160000056028366,0.012253875844180584,653.2139892578125,1.177088731923697e-16,0.2021491378545761,0.02172882854938507,0.023728936910629272,2.9981506486365106e-06
radial,3,1.7129654426955514,0.02160000056028366,0.01233335118740797,643.531494140625,4.7815152147570613e-17,0.20312801003456116,0.021096795797348022,0.023220155388116837,1.9622766558313742e-06
radial,3,1.7240464997788272,0.02160000056028366,0.012413134798407555,634.047119140625,9.67004824475215e-18,0.204086035490036,0.020477890968322754,0.02272217348217964,1.2590692222147482e-06
radial,3,1.7351702424801059,0.02160000056028366,0.012493225745856762,624.7562255859375,8.402258711984483e-19,0.20502391457557678,0.019871626049280167,0.022234603762626648,8.969148552750994e-07
radial,3,1.7463370588504605,0.02160000056028366,0.012573626823723316,615.646728515625,5.376763937486295e-19,0.2059425413608551,0.01927769184112549,0.02175702527165413,6.532545739901252e-07
radial,3,1.7575468195395338,0.02160000056028366,0.012654337100684643,606.6285400390625,2.691574885907602e-19,0.20684775710105896,0.01869240030646324,0.02128640003502369,4.357224554496497e-07
radial,3,1.7688000419487557,0.02160000056028366,0.01273536030203104,597.4755249023438,1.3858876080867233e-19,0.20773956179618835,0.01811562106013298,0.02082262560725212,3.2097204893943854e-07
radial,3,1.7800967260781262,0.02160000056028366,0.012816696427762508,588.300048828125,1.2519109737290994e-19,0.20860999822616577,0.01755252480506897,0.020369861274957657,2.93793675609777e-07
radial,3,1.7914370012780032,0.02160000056028366,0.012898346409201622,579.4030151367188,1.1456023676386379e-19,0.20945265889167786,0.017007391899824142,0.01993153803050518,2.698187699934351e-07
radial,3,1.8028211262491014,0.02160000056028366,0.01298031210899353,570.804931640625,1.0468708652061327e-19,0.2102660834789276,0.016481176018714905,0.019508425146341324,2.4753910565777915e-07
radial,3,1.8142491009914212,0.02160000056028366,0.013062593527138233,562.4735717773438,9.549830544962822e-20,0.21105337142944336,0.015971854329109192,0.01909889653325081,2.267915135689691e-07
radial,3,1.8257213135560355,0.02160000056028366,0.013145193457603455,554.3806762695312,8.692795820880019e-20,0.21181729435920715,0.015477653592824936,0.018701523542404175,2.0742893980241206e-07
radial,3,1.8372378932933013,0.02160000056028366,0.013228112831711769,546.5065307617188,7.89229242931668e-20,0.212559774518013,0.014997325837612152,0.018315305933356285,1.893330932034587e-07
radial,3,1.8487989695535767,0.02160000056028366,0.013311352580785751,538.8346557617188,7.143661016978658e-20,0.21328242123126984,0.014529824256896973,0.017939399927854538,1.724000924241409e-07
radial,3,1.8604045423368614,0.02160000056028366,0.013394912704825401,531.3502197265625,6.442692010029884e-20,0.21398669481277466,0.01407420914620161,0.017573051154613495,1.5653606055821e-07
radial,3,1.8720548703438706,0.02160000056028366,0.013478795066475868,524.0402221679688,5.785602349637633e-20,0.21467386186122894,0.013629650697112083,0.01721559278666973,1.416565282852389e-07
radial,3,1.8837504709760349,0.02160000056028366,0.01356300339102745,516.8931884765625,5.168989932415355e-20,0.2153450846672058,0.013195418752729893,0.01686643622815609,1.2768553858677478e-07
radial,3,1.895491344233354,0.02160000056028366,0.013647537678480148,509.89886474609375,4.58978352722152e-20,0.21600136160850525,0.012770859524607658,0.016525059938430786,1.1455448856168005e-07
radial,3,1.907277231415113,0.02160000056028366,0.013732396066188812,503.0481872558594,4.045204324185833e-20,0.2166435569524765,0.012355396524071693,0.016190992668271065,1.0220125545856718e-07
radial,3,1.919108908623457,0.02160000056028366,0.01381758414208889,496.33319091796875,3.532736854140822e-20,0.21727249026298523,0.011948509141802788,0.015863822773098946,9.056955008190926e-08
radial,3,1.9309861171576712,0.02160000056028366,0.013903100043535233,489.74652099609375,3.0500986155837246e-20,0.21788889169692993,0.01154973916709423,0.015543179586529732,7.960827730357778e-08
radial,3,1.9429091157184708,0.02160000056028366,0.013988945633172989,483.28179931640625,2.595210994108074e-20,0.21849337220191956,0.011158665642142296,0.015228724107146263,6.927086815267103e-08
radial,3,1.9548781630065706,0.02160000056028366,0.014075122773647308,476.93292236328125,2.166172120539852e-20,0.21908657252788544,0.010774902999401093,0.014920147135853767,5.9514668748761324e-08
radial,3,1.9668936470730438,0.02160000056028366,0.014161634258925915,470.69549560546875,1.76131034687162e-20,0.219668909907341,0.010398161597549915,0.01461721584200859,5.0302158882686854e-08
radial,3,1.97895556791789,0.02160000056028366,0.014248480089008808,464.56829833984375,1.379277788757571e-20,0.2202405482530594,0.010028347373008728,0.014319853857159615,4.1603136935464136e-08
radial,3,1.9910639255411096,0.02160000056028366,0.014335660263895988,458.5433349609375,1.018416207563478e-20,0.22080224752426147,0.009664962068200111,0.01402765978127718,3.338025322818794e-08
radial,3,2.0032192373441324,0.02160000056028366,0.014423178508877754,452.5775146484375,6.969896542792836e-21,0.2213568389415741,0.009306170046329498,0.01373915933072567,2.5992337171487634e-08
radial,3,2.0154213739766016,0.02160000056028366,0.01451103389263153,446.5699462890625,5.271661625685226e-21,0.221906840801239,0.00895033497363329,0.013453034684062004,2.1682541984091586e-08
radial,3,2.0276703354385166,0.02160000056028366,0.014599226415157318,440.571533203125,4.815424665835348e-21,0.22244888544082642,0.008599646389484406,0.013171045109629631,1.9905051829027798e-08
radial,3,2.039967156532738,0.02160000056028366,0.014687763527035713,434.71392822265625,4.388309471867452e-21,0.222977876663208,0.008257420733571053,0.012895861640572548,1.823391748700942e-08
radial,3,2.0523113198578358,0.02160000056028366,0.014776641502976418,429.00634765625,3.986378857936241e-21,0.22349296510219574,0.007924167439341545,0.012627892196178436,1.6660726132045056e-08
radial,3,2.06470282541381,0.02160000056028366,0.014865860342979431,423.43865966796875,3.607917070505522e-21,0.2239951193332672,0.007599280681461096,0.012366650626063347,1.5178921231040476e-08
radial,3,2.0771425786531634,0.02160000056028366,0.014955426566302776,418.002685546875,3.2513590095393354e-21,0.2244851142168045,0.007282277103513479,0.01211174763739109,1.3782509356019546e-08
radial,3,2.0896301915248237,0.02160000056028366,0.01504533737897873,412.693603515625,2.9153661610972517e-21,0.22496336698532104,0.006972860544919968,0.011862944811582565,1.2466386145604247e-08
radial,3,2.102166052079863,0.02160000056028366,0.015135595574975014,407.50738525390625,2.5986731165566493e-21,0.22543027997016907,0.006670781876891851,0.011620042845606804,1.1225734120046127e-08
radial,3,2.1147505483693547,0.02160000056028366,0.015226203948259354,402.4404296875,2.300061117373398e-21,0.22588618099689484,0.0063758231699466705,0.011382865719497204,1.0055913435280672e-08
radial,3,2.1273834216925835,0.02160000056028366,0.0153171606361866,397.4898681640625,2.018360074565776e-21,0.22633136808872223,0.006087804213166237,0.0111512690782547,8.952481422852543e-09
radial,3,2.1400651894509792,0.02160000056028366,0.01540846936404705,392.6533203125,1.752439077140059e-21,0.22676604986190796,0.005806576926261187,0.010925132781267166,7.911153510065105e-09
radial,3,2.1527959809949,0.02160000056028366,0.01550013106316328,387.928955078125,1.5011982131806528e-21,0.22719040513038635,0.0055320230312645435,0.010704362764954567,6.927772133735743e-09
radial,3,2.165575796324346,0.02160000056028366,0.01559214573353529,383.31622314453125,1.2635996699024237e-21,0.22760453820228577,0.005264097359031439,0.010488923639059067,5.998430641085406e-09
radial,3,2.178405152840747,0.02160000056028366,0.015684517100453377,378.81512451171875,1.038631988785359e-21,0.2280084192752838,0.005002797581255436,0.010278810746967793,5.119341395243282e-09
radial,3,2.191284050544103,0.02160000056028366,0.01577724516391754,374.42059326171875,8.250066381159834e-22,0.2284025251865387,0.004747812636196613,0.010073777288198471,4.285641175272303e-09
radial,3,2.204212618784772,0.02160000056028366,0.01587033085525036,370.1588134765625,6.735727083206294e-22,0.22878345847129822,0.00450136698782444,0.00987560860812664,3.667329995238333e-09
radial,3,2.217191116263469,0.02160000056028366,0.015963776037096977,366.04449462890625,5.991451334170926e-22,0.22914952039718628,0.004264527000486851,0.00968516431748867,3.31381544427245e-09
radial,3,2.230219542980194,0.02160000056028366,0.016057580709457397,362.057861328125,5.463362348231524e-22,0.22950369119644165,0.00403538579121232,0.009500909596681595,3.039273943628018e-09
radial,3,2.2432986750370927,0.02160000056028366,0.016151750460267067,358.19775390625,4.967530074033226e-22,0.22984644770622253,0.0038136160001158714,0.009322583675384521,2.7819049286392783e-09
radial,3,2.2564282537334495,0.02160000056028366,0.016246283426880836,354.4643249511719,4.501746710783373e-22,0.23017781972885132,0.003599228337407112,0.009150193072855473,2.5406130532701354e-09
radial,3,2.269608279069265,0.02160000056028366,0.016341179609298706,350.8553466796875,4.06338541477645e-22,0.23049798607826233,0.003392090555280447,0.008983631618320942,2.314092917288235e-09
radial,3,2.2828395271466837,0.02160000056028366,0.016436444595456123,347.3701171875,3.6499084520347985e-22,0.23080700635910034,0.0031921605113893747,0.008822866715490818,2.101087748229702e-09
radial,3,2.2961217392649917,0.02160000056028366,0.01653207652270794,344.00848388671875,3.258751077983363e-22,0.23110488057136536,0.0029994314536452293,0.008667891845107079,1.9003332241140924e-09
radial,3,2.309455174124903,0.02160000056028366,0.016628077253699303,340.770751953125,2.887298565820135e-22,0.23139160871505737,0.002813922706991434,0.008518722839653492,1.7105458161026377e-09
radial,3,2.322840349127849,0.02160000056028366,0.016724450513720512,337.65777587890625,2.532892769838881e-22,0.23166711628437042,0.0026356810703873634,0.008375396952033043,1.5304237876989646e-09
radial,3,2.336277005573114,0.02160000056028366,0.01682119444012642,334.667236328125,2.192407781371009e-22,0.23193156719207764,0.002464574994519353,0.0082378089427948,1.3584341429506708e-09
radial,3,2.349765660862128,0.02160000056028366,0.01691831275820732,331.7517395019531,1.9347403137413696e-22,0.2321879267692566,0.0022987169213593006,0.008104441687464714,1.2254204317940776e-09
radial,3,2.3633063149948916,0.02160000056028366,0.01701580546796322,328.8924255371094,1.8052911422027327e-22,0.2324371188879013,0.0021374940406531096,0.007974800653755665,1.1517047315834361e-09
radial,3,2.3768994853728347,0.02160000056028366,0.01711367629468441,326.15081787109375,1.7312972514704502e-22,0.23267516493797302,0.001983487978577614,0.007850962691009045,1.104499602888609e-09
radial,3,2.3905449132952428,0.02160000056028366,0.017211923375725746,323.5626220703125,1.6651423662166575e-22,0.23289978504180908,0.0018381602130830288,0.0077341035939753056,1.0622953627859033e-09
radial,3,2.404243116163545,0.02160000056028366,0.017310550436377525,321.12701416015625,1.6061558915630443e-22,0.23311108350753784,0.0017014509066939354,0.00762417446821928,1.0246642423439312e-09
radial,3,2.4179943526784577,0.02160000056028366,0.017409559339284897,318.8419494628906,1.5536432512597816e-22,0.23330926895141602,0.0015732409665361047,0.007521079853177071,9.911633735981695e-10
radial,3,2.4317986228399806,0.02160000056028366,0.01750895008444786,316.7055358886719,1.5069227432670137e-22,0.23349449038505554,0.0014534089714288712,0.007424721494317055,9.613574381006629e-10
radial,3,2.445656185348829,0.02160000056028366,0.017608724534511566,314.71533203125,1.4653251611016235e-22,0.23366698622703552,0.0013418104499578476,0.007334984838962555,9.348198881653502e-10
radial,3,2.459567298905717,0.02160000056028366,0.017708884552121162,312.8683776855469,1.428201871772902e-22,0.23382700979709625,0.0012382704298943281,0.007251727394759655,9.111366106040464e-10
radial,3,12.145765746633213,0.02160000056028366,0.08744951337575912,291.0,0.0,0.23574095964431763,0.0,0.006256024818867445,0.0
radial,3,12.420033001237446,0.02160000056028366,0.0894242376089096,291.0,0.0,0.23574095964431763,0.0,0.006256024818867445,0.0
radial,3,12.70483351416058,0.02160000056028366,0.09147480130195618,291.0,0.0,0.23574095964431763,0.0,0.006256024818867445,0.0
radial,3,13.000570858518284,0.02160000056028366,0.09360411018133163,291.0,0.0,0.23574095964431763,0.0,0.006256024818867445,0.0
radial,3,13.307665164271992,0.02160000056028366,0.09581518918275833,291.0,0.0,0.23574095964431763,0.0,0.006256024818867445,0.0
radial,3,13.626553118228912,0.02160000056028366,0.09811118245124817,291.0,0.0,0.23574095964431763,0.0,0.006256024818867445,0.0
radial,3,13.957687964042028,0.02160000056028366,0.1004953533411026,291.0,0.0,0.23574095964431763,0.0,0.006256024818867445,0.0
radial,3,14.301538467407227,0.02160000056028366,0.10297107696533203,291.0,0.0,0.23574095964431763,0.0,0.006256024818867445,0.0
radial,3,14.658595124880474,0.02160000056028366,0.1055418848991394,291.0,0.0,0.23574095964431763,0.0,0.006256024818867445,0.0
radial,3,15.02936292025778,0.02160000056028366,0.10821141302585602,291.0,0.0,0.23574095964431763,0.0,0.006256024818867445,0.0
radial,3,15.414369602998098,0.02160000056028366,0.1109834611415863,291.0,0.0,0.23574095964431763,0.0,0.006256024818867445,0.0
radial,3,15.814159479406145,0.02160000056028366,0.11386194825172424,291.0,0.0,0.23574095964431763,0.0,0.006256024818867445,0.0
radial,3,16.229305830266743,0.02160000056028366,0.11685100197792053,291.0,0.0,0.23574095964431763,0.0,0.006256024818867445,0.0
radial,3,16.66039435399903,0.02160000056028366,0.11995483934879303,291.0,0.0,0.23574095964431763,0.0,0.006256024818867445,0.0
radial,3,17.108037653896545,0.02160000056028366,0.12317787110805511,291.0,0.0,0.23574095964431763,0.0,0.006256024818867445,0.0
radial,3,17.572871098915737,0.02160000056028366,0.1265246719121933,291.0,0.0,0.23574095964431763,0.0,0.006256024818867445,0.0
radial,3,18.055554893281727,0.02160000056028366,0.12999999523162842,291.0,0.0,0.23574095964431763,0.0,0.006256024818867445,0.0
radial,3,18.337727006938724,0.02160000056028366,0.1320316344499588,291.0,0.0,0.23574095964431763,0.0,0.006256024818867445,0.0
radial,3,18.62480408615536,0.02160000056028366,0.1340985894203186,291.0,0.0,0.23574095964431763,0.0,0.006256024818867445,0.0
radial,3,18.91687098476622,0.02160000056028366,0.13620147109031677,291.0,0.0,0.23574095964431763,0.0,0.006256024818867445,0.0
radial,3,19.21401462621159,0.02160000056028366,0.13834090530872345,291.0,0.0,0.23574095964431763,0.0,0.006256024818867445,0.0
radial,3,19.51632607314322,0.02160000056028366,0.14051754772663116,291.0,0.0,0.23574095964431763,0.0,0.006256024818867445,0.0
radial,3,19.823892249001396,0.02160000056028366,0.14273202419281006,291.0,0.0,0.23574095964431763,0.0,0.006256024818867445,0.0
radial,3,20.13680421643787,0.02160000056028366,0.14498499035835266,291.0,0.0,0.23574095964431763,0.0,0.006256024818867445,0.0
radial,3,20.45515717731582,0.02160000056028366,0.1472771316766739,291.0,0.0,0.23574095964431763,0.0,0.006256024818867445,0.0
radial,3,20.779042194286983,0.02160000056028366,0.14960910379886627,291.0,0.0,0.23574095964431763,0.0,0.006256024818867445,0.0
radial,3,21.10856067803171,0.02160000056028366,0.1519816368818283,291.0,0.0,0.23574095964431763,0.0,0.006256024818867445,0.0
radial,3,21.44380576080746,0.02160000056028366,0.15439540147781372,291.0,0.0,0.23574095964431763,0.0,0.006256024818867445,0.0
radial,3,21.784880922900307,0.02160000056028366,0.1568511426448822,291.0,0.0,0.23574095964431763,0.0,0.006256024818867445,0.0
radial,3,22.131883435779148,0.02160000056028366,0.15934956073760986,291.0,0.0,0.23574095964431763,0.0,0.006256024818867445,0.0
radial,3,22.484918849335777,0.02160000056028366,0.1618914157152176,291.0,0.0,0.23574095964431763,0.0,0.006256024818867445,0.0
radial,3,22.844090643856262,0.02160000056028366,0.16447745263576508,291.0,0.0,0.23574095964431763,0.0,0.006256024818867445,0.0
radial,3,23.209508508443832,0.02160000056028366,0.1671084612607956,291.0,0.0,0.23574095964431763,0.0,0.006256024818867445,0.0
radial,3,23.581277992990284,0.02160000056028366,0.16978520154953003,291.0,0.0,0.23574095964431763,0.0,0.006256024818867445,0.0
radial,3,23.959510856204563,0.02160000056028366,0.17250847816467285,291.0,0.0,0.23574095964431763,0.0,0.006256024818867445,0.0
radial,3,24.344316787189907,0.02160000056028366,0.17527908086776733,291.0,0.0,0.23574095964431763,0.0,0.006256024818867445,0.0
radial,3,24.735813753472435,0.02160000056028366,0.17809785902500153,291.0,0.0,0.23574095964431763,0.0,0.006256024818867445,0.0
radial,3,25.13411765297254,0.02160000056028366,0.18096564710140228,291.0,0.0,0.23574095964431763,0.0,0.006256024818867445,0.0
radial,3,25.53934438361062,0.02160000056028366,0.18388327956199646,291.0,0.0,0.23574095964431763,0.0,0.006256024818867445,0.0
radial,3,25.951618121729958,0.02160000056028366,0.1868516504764557,291.0,0.0,0.23574095964431763,0.0,0.006256024818867445,0.0
radial,3,26.37105683485667,0.02160000056028366,0.18987160921096802,291.0,0.0,0.23574095964431763,0.0,0.006256024818867445,0.0
radial,3,26.797786768939762,0.02160000056028366,0.19294406473636627,291.0,0.0,0.23574095964431763,0.0,0.006256024818867445,0.0
radial,3,27.231936239533955,0.02160000056028366,0.19606994092464447,291.0,0.0,0.23574095964431763,0.0,0.006256024818867445,0.0
radial,3,27.673633562193977,0.02160000056028366,0.19925016164779663,291.0,0.0,0.23574095964431763,0.0,0.006256024818867445,0.0
radial,3,28.123009122080273,0.02160000056028366,0.20248566567897797,291.0,0.0,0.23574095964431763,0.0,0.006256024818867445,0.0
radial,3,28.58019537395901,0.02160000056028366,0.20577740669250488,291.0,0.0,0.23574095964431763,0.0,0.006256024818867445,0.0
radial,3,29.045330981413525,0.02160000056028366,0.20912638306617737,291.0,0.0,0.23574095964431763,0.0,0.006256024818867445,0.0
radial,3,29.51855253842142,0.02160000056028366,0.21253357827663422,291.0,0.0,0.23574095964431763,0.0,0.006256024818867445,0.0
radial,3,30.000000778171753,0.02160000056028366,0.2160000056028366,291.0,0.0,0.23574095964431763,0.0,0.006256024818867445,0.0
radial,3,12.145765746633213,0.02160000056028366,0.08744951337575912,291.0,0.0,0.23574095964431763,0.0,0.006256024818867445,0.0
radial,3,11.881640594866541,0.02160000056028366,0.08554781228303909,291.0,0.0,0.23574095964431763,0.0,0.006256024818867445,0.0
radial,3,11.627285016907587,0.02160000056028366,0.08371645212173462,291.0,0.0,0.23574095964431763,0.0,0.006256024818867445,0.0
radial,3,11.382334762149387,0.02160000056028366,0.08195281028747559,291.0,0.0,0.23574095964431763,0.0,0.006256024818867445,0.0
radial,3,11.146444206436476,0.02160000056028366,0.08025439828634262,291.0,0.0,0.23574095964431763,0.0,0.006256024818867445,0.0
radial,3,10.919278073641989,0.02160000056028366,0.07861880213022232,291.0,0.0,0.23574095964431763,0.0,0.006256024818867445,0.0
radial,3,10.700512470470535,0.02160000056028366,0.07704368978738785,291.0,0.0,0.23574095964431763,0.0,0.006256024818867445,0.0
radial,3,10.489836956063906,0.02160000056028366,0.07552682608366013,291.0,0.0,0.23574095964431763,0.0,0.006256024818867445,0.0
radial,3,10.286953507198229,0.02160000056028366,0.07406606525182724,291.0,0.0,0.23574095964431763,0.0,0.006256024818867445,0.0
radial,3,10.091573413875368,0.02160000056028366,0.07265932857990265,291.0,0.0,0.23574095964431763,0.0,0.006256024818867445,0.0
radial,3,9.903418314125803,0.02160000056028366,0.07130461186170578,291.0,0.0,0.23574095964431763,0.0,0.006256024818867445,0.0
radial,3,9.722222263614336,0.02160000056028366,0.07000000029802322,291.0,0.0,0.23574095964431763,0.0,0.006256024818867445,0.0
radial,3,9.413060421744982,0.02160000056028366,0.06777403503656387,291.0,0.0,0.23574095964431763,0.0,0.006256024818867445,0.0
radial,3,9.130064605010881,0.02160000056028366,0.06573646515607834,291.0,0.0,0.23574095964431763,0.0,0.006256024818867445,0.0
radial,3,8.871020335290167,0.02160000056028366,0.0638713464140892,291.0,0.0,0.23574095964431763,0.0,0.006256024818867445,0.0
radial,3,8.633900433778763,0.02160000056028366,0.06216408312320709,291.0,0.0,0.23574095964431763,0.0,0.006256024818867445,0.0
radial,3,8.416848981546032,0.02160000056028366,0.060601312667131424,291.0,0.0,0.23574095964431763,0.0,0.006256024818867445,0.0
radial,3,8.21816786709759,0.02160000056028366,0.059170808643102646,291.0,0.0,0.23574095964431763,0.0,0.006256024818867445,0.0
radial,3,8.036302299135262,0.02160000056028366,0.05786137655377388,291.0,0.0,0.23574095964431763,0.0,0.006256024818867445,0.0
radial,3,7.869828906324175,0.02160000056028366,0.05666276812553406,291.0,0.0,0.23574095964431763,0.0,0.006256024818867445,0.0
radial,3,7.71744487186273,0.02160000056028366,0.05556560307741165,291.0,0.0,0.23574095964431763,0.0,0.006256024818867445,0.0
radial,3,7.577958102855417,0.02160000056028366,0.054561298340559006,291.0,0.0,0.23574095964431763,0.0,0.006256024818867445,0.0
radial,3,7.450276882284218,0.02160000056028366,0.053641993552446365,291.0,0.0,0.23574095964431763,0.0,0.006256024818867445,0.0
radial,3,7.333401590585709,0.02160000056028366,0.0528004914522171,291.0,0.0,0.23574095964431763,0.0,0.006256024818867445,0.0
radial,3,7.226418496833907,0.02160000056028366,0.05203021317720413,291.0,0.0,0.23574095964431763,0.0,0.006256024818867445,0.0
radial,3,7.12848992811309,0.02160000056028366,0.051325127482414246,291.0,0.0,0.23574095964431763,0.0,0.006256024818867445,0.0
radial,3,7.0388490955034895,0.02160000056028366,0.05067971348762512,291.0,0.0,0.23574095964431763,0.0,0.006256024818867445,0.0
radial,3,6.956795437468423,0.02160000056028366,0.050088927149772644,291.0,0.0,0.23574095964431763,0.0,0.006256024818867445,0.0
radial,3,6.881686341431406,0.02160000056028366,0.04954814165830612,291.0,0.0,0.23574095964431763,0.0,0.006256024818867445,0.0
radial,3,6.81293403936757,0.02160000056028366,0.0490531250834465,291.0,0.0,0.23574095964431763,0.0,0.006256024818867445,0.0
radial,3,6.75000095119079,0.02160000056028366,0.048600006848573685,291.0,0.0,0.23574095964431763,0.0,0.006256024818867445,0.0
radial,3,6.692393475936519,0.02160000056028366,0.048185233026742935,291.0,0.0,0.23574095964431763,0.0,0.006256024818867445,0.0
radial,3,6.639662509163221,0.02160000056028366,0.04780557006597519,291.0,0.0,0.23574095964431763,0.0,0.006256024818867445,0.0
radial,3,6.5913936123251915,0.02160000056028366,0.04745803400874138,291.0,0.0,0.23574095964431763,0.0,0.006256024818867445,0.0
radial,3,6.547210634582573,0.02160000056028366,0.04713991656899452,291.0,0.0,0.23574095964431763,0.0,0.006256024818867445,0.0
radial,3,6.506766916977035,0.02160000056028366,0.04684872180223465,291.0,0.0,0.23574095964431763,2.6153443993814918e-11,0.006256024818867445,0.0
radial,3,6.469745809833209,0.02160000056028366,0.0465821698307991,291.0,0.0,0.23574095964431763,5.5115738362143674e-11,0.006256024818867445,0.0
radial,3,6.435858603152964,0.02160000056028366,0.04633818194270134,291.0,0.0,0.23574095964431763,6.45078782057773e-11,0.006256024818867445,0.0
radial,3,6.404838835199675,0.02160000056028366,0.04611483961343765,291.0,0.0,0.23574095964431763,7.332356249944993e-11,0.006256024818867445,0.0
radial,3,6.376444879505369,0.02160000056028366,0.04591040313243866,291.0,0.0,0.23574095964431763,8.127606226926432e-11,0.006256024818867445,0.0
radial,3,6.350453736053573,0.02160000056028366,0.045723266899585724,291.0,0.0,0.23574095964431763,8.810276119763927e-11,0.006256024818867445,0.0
radial,3,6.32666258348359,0.02160000056028366,0.04555197060108185,291.0,0.0,0.23574095964431763,9.360429098492773e-11,0.006256024818867445,0.0
radial,3,6.304884639879068,0.02160000056028366,0.04539516940712929,291.0,0.0,0.23574095964431763,9.76643349526185e-11,0.006256024818867445,0.0
radial,3,6.284950197570854,0.02160000056028366,0.04525164142251015,291.0,0.0,0.23574095964431763,1.0025993923967746e-10,0.006256024818867445,0.0
radial,3,6.266703001326985,0.02160000056028366,0.04512026160955429,291.0,0.0,0.23574095964431763,1.0148260010112153e-10,0.006256024818867445,0.0
radial,3,6.250000248352687,0.02160000056028366,0.04500000178813934,291.0,0.0,0.23574095964431763,1.0157216734363317e-10,0.006256024818867445,0.0
radial,3,6.221503847175175,0.02160000056028366,0.044794827699661255,291.0,0.0,0.23574095964431763,1.010124484057684e-10,0.006256024818867445,0.0
radial,3,6.193117652502325,0.02160000056028366,0.04459044709801674,291.0,0.0,0.23574095964431763,1.006950980930732e-10,0.006256024818867445,0.0
radial,3,6.1648401121298475,0.02160000056028366,0.0443868488073349,291.0,0.0,0.23574095964431763,1.0069684669433698e-10,0.006256024818867445,0.0
radial,3,6.136671743459172,0.02160000056028366,0.044184036552906036,291.0,0.0,0.23574095964431763,1.0111364523446298e-10,0.006256024818867445,0.0
radial,3,6.108612029088868,0.02160000056028366,0.04398200660943985,291.0,0.0,0.23574095964431763,1.01957421672072e-10,0.006256024818867445,0.0
radial,3,6.080659934216076,0.02160000056028366,0.04378075152635574,291.0,0.0,0.23574095964431763,1.0316919540898084e-10,0.006256024818867445,0.0
radial,3,6.0528154588407945,0.02160000056028366,0.04358027130365372,291.0,0.0,0.23574095964431763,1.0465814326288125e-10,0.006256024818867445,0.0
radial,3,6.025078085561594,0.02160000056028366,0.04338056221604347,291.0,0.0,0.23574095964431763,1.0634104707918368e-10,0.006256024818867445,0.0
radial,3,5.997447296977043,0.02160000056028366,0.04318162053823471,291.0,0.0,0.23574095964431763,1.081406075797986e-10,0.006256024818867445,0.0
radial,3,5.969923093087144,0.02160000056028366,0.04298344627022743,291.0,0.0,0.23574095964431763,1.0999735844396952e-10,0.006256024818867445,0.0
radial,3,5.942504956490464,0.02160000056028366,0.04278603568673134,291.0,0.0,0.23574095964431763,1.1187306636628591e-10,0.006256024818867445,0.0
radial,3,5.915191852384144,0.02160000056028366,0.04258938133716583,291.0,0.0,0.23574095964431763,1.137455685196187e-10,0.006256024818867445,0.0
radial,3,5.887984298169613,0.02160000056028366,0.04239348694682121,291.0,0.0,0.23574095964431763,1.1560270796184824e-10,0.006256024818867445,0.0
radial,3,5.860881259044012,0.02160000056028366,0.04219834506511688,291.0,0.0,0.23574095964431763,1.1743640782047038e-10,0.006256024818867445,0.0
radial,3,5.833882217605909,0.02160000056028366,0.04200395196676254,291.0,0.0,0.23574095964431763,1.192382720338614e-10,0.006256024818867445,0.0
radial,3,5.806987173855305,0.02160000056028366,0.041810307651758194,291.0,0.0,0.23574095964431763,1.2099798940568007e-10,0.006256024818867445,0.0
radial,3,5.7801961277922,0.02160000056028366,0.041617412120103836,291.0,0.0,0.23574095964431763,1.2270098825872822e-10,0.006256024818867445,0.0
radial,3,5.753507527212302,0.02160000056028366,0.041425254195928574,291.0,0.0,0.23574095964431763,1.2432843643495062e-10,0.006256024818867445,0.0
radial,3,5.726921889517042,0.02160000056028366,0.041233837604522705,291.0,0.0,0.23574095964431763,1.2585882336324516e-10,0.006256024818867445,0.0
radial,3,5.700438697304991,0.02160000056028366,0.04104315862059593,291.0,0.0,0.23574095964431763,1.2726998621648278e-10,0.006256024818867445,0.0
radial,3,5.674056915773286,0.02160000056028366,0.04085320979356766,291.0,0.0,0.23574095964431763,1.2854330100342537e-10,0.006256024818867445,0.0
radial,3,5.6477770623233585,0.02160000056028366,0.04066399484872818,291.0,0.0,0.23574095964431763,1.2966525075874813e-10,0.006256024818867445,0.0
radial,3,5.621598102152348,0.02160000056028366,0.0404755063354969,291.0,0.0,0.23574095964431763,1.3062662063134667e-10,0.006256024818867445,0.0
radial,3,5.595520035260254,0.02160000056028366,0.040287744253873825,291.0,0.0,0.23574095964431763,1.3142237298424675e-10,0.006256024818867445,0.0
radial,3,5.5695423442456455,0.02160000056028366,0.04010070487856865,291.0,0.0,0.23574095964431763,1.3205195270593606e-10,0.006256024818867445,0.0
radial,3,5.543664511707094,0.02160000056028366,0.03991438448429108,291.0,0.0,0.23574095964431763,1.3251701125316373e-10,0.006256024818867445,0.0
radial,3,5.517886537644598,0.02160000056028366,0.03972878307104111,291.0,0.0,0.23574095964431763,1.328202825501279e-10,0.006256024818867445,0.0
radial,3,5.492207387255298,0.02160000056028366,0.039543893188238144,291.0,0.0,0.23574095964431763,1.3296584666644407e-10,0.006256024818867445,0.0
radial,3,5.466627060539193,0.02160000056028366,0.03935971483588219,291.0,0.0,0.23574095964431763,1.329561460927664e-10,0.006256024818867445,0.0
radial,3,5.441145557496283,0.02160000056028366,0.039176248013973236,291.0,0.0,0.23574095964431763,1.3278908528313593e-10,0.006256024818867445,0.0
radial,3,5.415761843323708,0.02160000056028366,0.038993485271930695,291.0,0.0,0.23574095964431763,1.3244794150324424e-10,0.006256024818867445,0.0
radial,3,5.390475918021467,0.02160000056028366,0.03881142660975456,291.0,0.0,0.23574095964431763,1.3191667203038548e-10,0.006256024818867445,0.0
radial,3,5.3652867467867,0.02160000056028366,0.03863006457686424,291.0,0.0,0.23574095964431763,1.3117520958338957e-10,0.006256024818867445,0.0
radial,3,5.340194847020838,0.02160000056028366,0.038449402898550034,291.0,0.0,0.23574095964431763,1.301997676339539e-10,0.006256024818867445,0.0
radial,3,5.31519970132245,0.02160000056028366,0.03826943784952164,291.0,0.0,0.23574095964431763,1.2897784229526366e-10,0.006256024818867445,0.0
radial,3,5.290300792290105,0.02160000056028366,0.038090165704488754,291.0,0.0,0.23574095964431763,1.274859662281358e-10,0.006256024818867445,0.0
radial,3,5.265497085120943,0.02160000056028366,0.03791157901287079,291.0,0.0,0.23574095964431763,1.256750814526697e-10,0.006256024818867445,0.0
radial,3,5.2407896146178246,0.02160000056028366,0.03773368522524834,291.0,0.0,0.23574095964431763,1.234660429449974e-10,0.006256024818867445,0.0
radial,3,5.216176828576459,0.02160000056028366,0.037556473165750504,291.0,0.0,0.23574095964431763,1.207628996802157e-10,0.006256024818867445,0.0
radial,3,5.191658726996846,0.02160000056028366,0.03737994283437729,291.0,0.0,0.23574095964431763,1.1747186556831934e-10,0.006256024818867445,0.0
radial,3,5.167234792477555,0.02160000056028366,0.037204090505838394,291.0,0.0,0.23574095964431763,1.1354847617717212e-10,0.006256024818867445,0.0
radial,3,5.142905025018586,0.02160000056028366,0.03702891618013382,291.0,0.0,0.23574095964431763,1.0903078440094305e-10,0.006256024818867445,0.0
radial,3,5.11866890721851,0.02160000056028366,0.03685441613197327,291.0,0.0,0.23574095964431763,1.0403412853410288e-10,0.006256024818867445,0.0
radial,3,5.094525921675894,0.02160000056028366,0.03668058663606644,291.0,0.0,0.23574095964431763,9.873013517847085e-11,0.006256024818867445,0.0
radial,3,5.07047606839074,0.02160000056028366,0.03650742769241333,291.0,0.0,0.23574095964431763,9.328667699426418e-11,0.006256024818867445,0.0
radial,3,5.046518312560187,0.02160000056028366,0.03633493185043335,291.0,0.0,0.23574095964431763,8.781485955067225e-11,0.006256024818867445,0.0
radial,3,5.022653171585666,0.02160000056028366,0.036163102835416794,291.0,0.0,0.23574095964431763,8.23494050727902e-11,0.006256024818867445,0.0
radial,3,4.998879610664315,0.02160000056028366,0.035991933196783066,291.0,0.0,0.23574095964431763,7.6863598819088e-11,0.006256024818867445,0.0
radial,3,4.975197629796134,0.02160000056028366,0.035821422934532166,291.0,0.0,0.23574095964431763,7.130664808618903e-11,0.006256024818867445,0.0
radial,3,4.951606711579694,0.02160000056028366,0.035651568323373795,291.0,0.0,0.23574095964431763,6.561649834591066e-11,0.006256024818867445,0.0
radial,3,4.928106856014994,0.02160000056028366,0.03548236936330795,291.0,0.0,0.23574095964431763,5.976322214884533e-11,0.006256024818867445,0.0
radial,3,4.904697028299172,0.02160000056028366,0.035313818603754044,291.0,0.0,0.23574095964431763,5.37767469444006e-11,0.006256024818867445,0.0
radial,3,4.881377745833662,0.02160000056028366,0.035145919770002365,291.0,0.0,0.23574095964431763,4.3585236114696e-11,0.006256024818867445,0.0
radial,3,4.8581479738156,0.02160000056028366,0.03497866541147232,291.0,0.0,0.23574095964431763,1.8182740035843636e-11,0.006256024818867445,0.0
radial,3,4.835007194843557,0.02160000056028366,0.03481205180287361,291.0,0.0,0.23574095964431763,0.0,0.006256024818867445,0.0
radial,3,4.811955926318963,0.02160000056028366,0.034646082669496536,291.0,0.0,0.23574095964431763,0.0,0.006256024818867445,0.0
radial,3,4.788993133438958,0.02160000056028366,0.0344807505607605,291.0,0.0,0.23574095964431763,0.0,0.006256024818867445,0.0
radial,3,4.766118816203542,0.02160000056028366,0.0343160554766655,291.0,0.0,0.23574095964431763,0.0,0.006256024818867445,0.0
radial,3,4.743332457211283,0.02160000056028366,0.034151993691921234,291.0,0.0,0.23574095964431763,0.0,0.006256024818867445,0.0
radial,3,4.720634056462182,0.02160000056028366,0.03398856520652771,291.0,0.0,0.23574095964431763,0.0,0.006256024818867445,0.0
radial,3,4.6980225791533785,0.02160000056028366,0.03382576256990433,291.0,0.0,0.23574095964431763,0.0,0.006256024818867445,0.0
radial,3,4.675498025284873,0.02160000056028366,0.033663585782051086,291.0,0.0,0.23574095964431763,0.0,0.006256024818867445,0.0
radial,3,4.653060394856665,0.02160000056028366,0.03350203484296799,291.0,0.0,0.23574095964431763,0.0,0.006256024818867445,0.0
radial,3,4.630709170467324,0.02160000056028366,0.03334110602736473,291.0,0.0,0.23574095964431763,0.0,0.006256024818867445,0.0
radial,3,4.60844383471542,0.02160000056028366,0.03318079560995102,291.0,0.0,0.23574095964431763,0.0,0.006256024818867445,0.0
radial,3,4.586264387600952,0.02160000056028366,0.03302110359072685,291.0,0.0,0.23574095964431763,0.0,0.006256024818867445,0.0
radial,3,4.56416979432106,0.02160000056028366,0.03286202251911163,291.0,0.0,0.23574095964431763,0.0,0.006256024818867445,0.0
radial,3,4.542160572277175,0.02160000056028366,0.03270355612039566,291.0,0.0,0.23574095964431763,0.0,0.006256024818867445,0.0
radial,3,4.520236204067866,0.02160000056028366,0.032545700669288635,291.0,0.0,0.23574095964431763,0.0,0.006256024818867445,0.0
radial,3,4.498395654890272,0.02160000056028366,0.03238844871520996,291.0,0.0,0.23574095964431763,0.0,0.006256024818867445,0.0
radial,3,4.476639442145824,0.02160000056028366,0.032231803983449936,291.0,0.0,0.23574095964431763,0.0,0.006256024818867445,0.0
radial,3,4.454967048433092,0.02160000056028366,0.03207576274871826,291.0,0.0,0.23574095964431763,0.0,0.006256024818867445,0.0
radial,3,4.433377956350644,0.02160000056028366,0.03192032128572464,291.0,0.0,0.23574095964431763,0.0,0.006256024818867445,0.0
radial,3,4.411872165898482,0.02160000056028366,0.03176547959446907,291.0,0.0,0.23574095964431763,0.0,0.006256024818867445,0.0
radial,3,4.390448642273744,0.02160000056028366,0.031611230224370956,291.0,0.0,0.23574095964431763,0.0,0.006256024818867445,0.0
radial,3,4.369107902877861,0.02160000056028366,0.031457576900720596,291.0,0.0,0.23574095964431763,0.0,0.006256024818867445,0.0
radial,3,4.3478494303094015,0.02160000056028366,0.03130451589822769,291.0,0.0,0.23574095964431763,0.0,0.006256024818867445,0.0
radial,3,4.326672189765507,0.02160000056028366,0.031152039766311646,291.0,0.0,0.23574095964431763,0.0,0.006256024818867445,0.0
radial,3,4.305576698647605,0.02160000056028366,0.031000152230262756,291.0,0.0,0.23574095964431763,0.0,0.006256024818867445,0.0
radial,3,4.284562439554268,0.02160000056028366,0.030848849564790726,291.0,0.0,0.23574095964431763,0.0,0.006256024818867445,0.0
radial,3,4.263629153784779,0.02160000056028366,0.030698129907250404,291.0,0.0,0.23574095964431763,0.0,0.006256024818867445,0.0
radial,3,4.242776065236993,0.02160000056028366,0.030547987669706345,291.0,0.0,0.23574095964431763,0.0,0.006256024818867445,0.0
radial,3,4.22200369131234,0.02160000056028366,0.030398426577448845,291.0,0.0,0.23574095964431763,0.0,0.006256024818867445,0.0
radial,3,4.201310997207959,0.02160000056028366,0.03024943917989731,291.0,0.0,0.23574095964431763,0.0,0.006256024818867445,0.0
radial,3,4.180698241624567,0.02160000056028366,0.030101027339696884,291.0,0.0,0.23574095964431763,0.0,0.006256024818867445,0.0
radial,3,4.160164131058587,0.02160000056028366,0.029953181743621826,291.0,0.0,0.23574095964431763,0.0,0.006256024818867445,0.0
radial,3,4.1397094416121645,0.02160000056028366,0.029805907979607582,291.0,0.0,0.23574095964431763,0.0,0.006256024818867445,0.0
radial,3,4.119333397183153,0.02160000056028366,0.029659200459718704,291.0,0.0,0.23574095964431763,0.0,0.006256024818867445,0.0
radial,3,4.09903573907084,0.02160000056028366,0.029513057321310043,291.0,0.0,0.23574095964431763,0.0,0.006256024818867445,0.0
radial,3,4.078816208574507,0.02160000056028366,0.02936747670173645,291.0,0.0,0.23574095964431763,0.0,0.006256024818867445,0.0
radial,3,4.0586745469934415,0.02160000056028366,0.029222456738352776,291.0,0.0,0.23574095964431763,0.0,0.006256024818867445,0.0
radial,3,4.038609978225496,0.02160000056028366,0.029077991843223572,291.0,0.0,0.23574095964431763,0.0,0.006256024818867445,0.0
radial,3,4.018623278372818,0.02160000056028366,0.028934087604284286,291.0,0.0,0.23574095964431763,0.0,0.006256024818867445,0.0
radial,3,3.99871315393183,0.02160000056028366,0.028790734708309174,291.0,0.0,0.23574095964431763,0.0,0.006256024818867445,0.0
radial,3,3.9788796049025326,0.02160000056028366,0.028647933155298233,291.0,0.0,0.23574095964431763,7.125703672949957e-12,0.006256024818867445,0.0
radial,3,3.959122631284926,0.02160000056028366,0.028505682945251465,291.0,0.0,0.23574095964431763,6.427129661812359e-11,0.006256024818867445,0.0
radial,3,3.9394417156775794,0.02160000056028366,0.02836398035287857,291.0,0.0,0.23574095964431763,1.78154879737491e-10,0.006256024818867445,0.0
radial,3,3.9198358232776327,0.02160000056028366,0.028222817927598953,291.0,0.0,0.23574095964431763,3.5768032979888176e-10,0.006256025284528732,0.0
radial,3,3.900305988887946,0.02160000056028366,0.02808220311999321,291.0,0.0,0.23574095964431763,6.869147473054227e-10,0.006256025284528732,0.0
radial,3,3.880851177705659,0.02160000056028366,0.027942128479480743,291.0000305175781,0.0,0.23574095964431763,1.3011108856986198e-09,0.006256026215851307,0.0
radial,3,3.8614711310300565,0.02160000056028366,0.027802592143416405,291.0000305175781,0.0,0.23574095964431763,2.458874215349738e-09,0.0062560271471738815,0.0
radial,3,3.842165590160423,0.02160000056028366,0.027663592249155045,291.0000915527344,0.0,0.23574094474315643,4.653613494554065e-09,0.006256029009819031,0.0
radial,3,3.822934555096759,0.02160000056028366,0.027525128796696663,291.0001525878906,0.0,0.23574092984199524,8.824228459047845e-09,0.006256031803786755,0.0
radial,3,3.8037772497369184,0.02160000056028366,0.027387196198105812,291.00030517578125,0.0,0.23574092984199524,1.6751751985566443e-08,0.006256038323044777,0.0
radial,3,3.784693932781617,0.02160000056028366,0.02724979631602764,291.0005798339844,0.0,0.23574090003967285,3.180272756253544e-08,0.006256050430238247,0.0
radial,3,3.765684345530139,0.02160000056028366,0.027112927287817,291.0010681152344,0.0,0.23574087023735046,6.031582699961291e-08,0.006256073713302612,0.0
radial,3,3.7467471944789095,0.02160000056028366,0.026976579800248146,291.0020446777344,0.0,0.2357407808303833,1.1416884149184625e-07,0.006256116554141045,0.0
radial,3,3.727883255730073,0.02160000056028366,0.026840759441256523,291.00384521484375,0.0,0.23574060201644897,2.154739604520728e-07,0.006256197579205036,0.0
radial,3,3.7090920118821993,0.02160000056028366,0.026705462485551834,291.00689697265625,6.876536609086583e-22,0.23574034869670868,3.9287147046707105e-07,0.006256341002881527,2.7099140639808006e-11
radial,3,3.6903726868331432,0.02160000056028366,0.02657068334519863,291.0123596191406,2.3170096361498904e-21,0.2357398420572281,7.151109002734302e-07,0.00625659991055727,9.131008449347888e-11
radial,3,3.67172553928362,0.02160000056028366,0.026436423882842064,291.0225830078125,4.597803059416093e-21,0.23573890328407288,1.3123333246767288e-06,0.006257080473005772,1.8120099865015504e-10
radial,3,3.653150310532914,0.02160000056028366,0.026302682235836983,291.04071044921875,8.222728627370453e-21,0.23573729395866394,2.364656666031806e-06,0.0062579261139035225,3.2408128958216764e-10
radial,3,3.634646741880311,0.02160000056028366,0.02616945654153824,291.0705261230469,1.41293596175281e-20,0.23573461174964905,4.094923951925011e-06,0.006259317975491285,5.569155692164429e-10
radial,3,3.616213798522949,0.02160000056028366,0.026036739349365234,291.11529541015625,2.2914082346326608e-20,0.2357306033372879,6.692474016745109e-06,0.0062614064663648605,9.032301573341783e-10
radial,3,3.59785199786226,0.02160000056028366,0.02590453438460827,291.1759033203125,3.469001941708758e-20,0.23572516441345215,1.0209178071818314e-05,0.006264234893023968,1.3675061083517903e-09
radial,3,3.579561081197527,0.02160000056028366,0.025772839784622192,291.25067138671875,4.905452451077948e-20,0.23571845889091492,1.4545389603881631e-05,0.006267721764743328,1.9338930457024617e-09
radial,3,3.5613402724266052,0.02160000056028366,0.025641649961471558,291.3367004394531,6.538991989202395e-20,0.2357107400894165,1.953521314135287e-05,0.006271734368056059,2.5780599877123223e-09
radial,3,3.5431898302502103,0.02160000056028366,0.025510966777801514,291.43145751953125,8.314742615435461e-20,0.235702246427536,2.502985080354847e-05,0.006276153028011322,3.278388671645871e-09
radial,3,3.5251089785661964,0.02160000056028366,0.025380784645676613,291.53314208984375,1.0193170912610793e-19,0.23569314181804657,3.092362385359593e-05,0.00628089252859354,4.0193071093597155e-09
radial,3,3.5070979760752783,0.02160000056028366,0.025251105427742004,291.6405029296875,1.2147320486281965e-19,0.23568353056907654,3.714679041877389e-05,0.0062858969904482365,4.790201124649229e-09
radial,3,3.489156046675311,0.02160000056028366,0.02512192353606224,291.7528076171875,1.4158460219218626e-19,0.2356734722852707,4.365325003163889e-05,0.0062911296263337135,5.583694839828013e-09
radial,3,3.471283190366295,0.02160000056028366,0.02499323897063732,291.86944580078125,1.6212929999086288e-19,0.2356630116701126,5.041157783125527e-05,0.006296564359217882,6.39441655181372e-09
radial,3,3.4534791484475136,0.02160000056028366,0.024865049868822098,291.9901123046875,1.830022333963582e-19,0.23565220832824707,5.7399469369556755e-05,0.006302183493971825,7.218233122330275e-09
radial,3,3.435743662218253,0.02160000056028366,0.02473735436797142,292.11444091796875,2.041182286549734e-19,0.23564107716083527,6.460039003286511e-05,0.006307974457740784,8.05179745100304e-09
radial,3,3.4180764729777975,0.02160000056028366,0.02461015060544014,292.2423095703125,2.254050884088691e-19,0.2356296330690384,7.200162508524954e-05,0.006313926074653864,8.892272695959491e-09
radial,3,3.4004770633247166,0.02160000056028366,0.024483434855937958,292.37347412109375,2.4679895172981674e-19,0.23561790585517883,7.959301001392305e-05,0.006320030894130468,9.737151529520816e-09
radial,3,2.459567298905717,0.02160000056028366,0.017708884552121162,312.8683776855469,1.428201871772902e-22,0.23382700979709625,0.0012382704298943281,0.007251727394759655,9.111366106040464e-10
radial,3,2.473532222211361,0.02160000056028366,0.0178094319999218,311.1611328125,1.3949325150649835e-22,0.2339749038219452,0.0011425809934735298,0.007174782454967499,8.899120884642286e-10
radial,3,2.4875509552657604,0.02160000056028366,0.017910366877913475,309.5894470214844,1.3649348485209424e-22,0.23411105573177338,0.0010545019758865237,0.007103957235813141,8.707747856107062e-10
radial,3,2.501624015470346,0.02160000056028366,0.01801169291138649,308.1485900878906,1.3376725729429732e-22,0.23423585295677185,0.0009737614309415221,0.007039033342152834,8.533824757961384e-10
radial,3,2.515751402825117,0.02160000056028366,0.018113410100340843,306.8332824707031,1.3126631578925705e-22,0.23434975743293762,0.0009000580757856369,0.006979767233133316,8.374275162204015e-10
radial,3,2.5299331173300743,0.02160000056028366,0.018215518444776535,305.6377258300781,1.289483395271301e-22,0.23445332050323486,0.0008330626878887415,0.006925895810127258,8.22639734110453e-10
radial,3,2.5441699350873628,0.02160000056028366,0.018318023532629013,304.5556945800781,1.2677724285466808e-22,0.23454704880714417,0.0007724204915575683,0.0068771326914429665,8.087889802332882e-10
radial,3,2.558461597396268,0.02160000056028366,0.018420923501253128,303.58074951171875,1.2472385685103951e-22,0.2346315234899521,0.0007177699590101838,0.006833188235759735,7.956891256988285e-10
radial,3,2.5728083629575043,0.02160000056028366,0.01852422021329403,302.71759033203125,2.5948196989042453e-20,0.23470641672611237,0.0006693192408420146,0.00679422914981842,1.7842075594742823e-09
radial,3,2.587210749172502,0.02160000056028366,0.018627917394042015,301.9703674316406,1.031368401927638e-19,0.23477143049240112,0.0006272443570196629,0.0067603979259729385,4.764171279703078e-09
radial,3,2.601668756041262,0.02160000056028366,0.018732015043497086,301.3182678222656,2.008586329783287e-19,0.23482829332351685,0.0005904462304897606,0.006730810273438692,8.540433249493162e-09
radial,3,2.6161823835637836,0.02160000056028366,0.01883651316165924,300.7398681640625,2.8688906144841763e-19,0.2348787784576416,0.0005577901611104608,0.006704552564769983,1.1863901860920123e-08
radial,3,2.630752149141497,0.02160000056028366,0.01894141547381878,300.2275695800781,3.6020365595203515e-19,0.23492348194122314,0.0005288522224873304,0.0066812848672270775,1.4694840899664996e-08
radial,3,2.645378311475118,0.02160000056028366,0.01904672384262085,299.7749938964844,4.2210367499030374e-19,0.23496302962303162,0.0005032763001509011,0.006660720333456993,1.7083683800933613e-08
radial,3,2.6600608705646462,0.02160000056028366,0.019152438268065453,299.3759765625,4.738878438237199e-19,0.23499789834022522,0.0004807151562999934,0.006642580032348633,1.90807689648409e-08
radial,3,2.674800343811512,0.02160000056028366,0.019258562475442886,299.0250244140625,5.167637168996404e-19,0.23502859473228455,0.00046085790381766856,0.006626613438129425,2.0732926486743963e-08
radial,3,2.6895964725150003,0.02160000056028366,0.019365094602108,298.7171630859375,5.518436194974018e-19,0.23505553603172302,0.00044342587352730334,0.006612597033381462,2.2083286310703443e-08
radial,3,2.7044497740765414,0.02160000056028366,0.019472038373351097,298.44708251953125,5.802393857578518e-19,0.23507916927337646,0.0004281251458451152,0.006600294262170792,2.3174955288141064e-08
radial,3,2.7193607658975654,0.02160000056028366,0.01957939751446247,298.20941162109375,6.030274878506517e-19,0.23510000109672546,0.00041465123649686575,0.00658946018666029,2.4049640501289105e-08
radial,3,2.7343289305766425,0.02160000056028366,0.019687168300151825,297.99920654296875,6.211633193833003e-19,0.23511844873428345,0.00040272169280797243,0.006579868029803038,2.4744338134041755e-08
radial,3,2.7493553029166327,0.02160000056028366,0.019795358180999756,297.81182861328125,6.35466512945261e-19,0.23513486981391907,0.0003920835442841053,0.006571314297616482,2.5290788130405417e-08
radial,3,2.7644393655161066,0.02160000056028366,0.019903963431715965,297.6434326171875,6.466271439625561e-19,0.23514968156814575,0.00038251251680776477,0.0065636178478598595,2.5715689133676278e-08
radial,3,2.7795818944772086,0.02160000056028366,0.0200129896402359,297.490478515625,6.552156568651177e-19,0.2351631224155426,0.0003738118684850633,0.006556621752679348,2.604109994308601e-08
radial,3,2.794782889799939,0.02160000056028366,0.020122436806559563,297.3498840332031,6.616954278923401e-19,0.2351754754781723,0.00036581026506610215,0.006550187710672617,2.6284929788289446e-08
radial,3,2.810042610185014,0.02160000056028366,0.0202323067933321,297.2191467285156,6.664350177059041e-19,0.23518699407577515,0.0003583607031032443,0.00654419744387269,2.6461407287570182e-08
radial,3,2.8253613143331475,0.02160000056028366,0.020342601463198662,297.0959777832031,6.697207858941178e-19,0.23519784212112427,0.0003513389965519309,0.006538551766425371,2.658157605139877e-08
radial,3,2.84073900224434,0.02160000056028366,0.02045332081615925,296.9786071777344,6.717699190665648e-19,0.23520821332931519,0.00034464194322936237,0.006533166393637657,2.6653800944131945e-08
radial,3,2.856176450020737,0.02160000056028366,0.020564470440149307,296.8655090332031,6.727440276354226e-19,0.23521818220615387,0.0003381845890544355,0.0065279738046228886,2.6684304543778126e-08
radial,3,2.8716731402609086,0.02160000056028366,0.02067604660987854,296.7554626464844,6.727617086210159e-19,0.23522789776325226,0.0003318965609651059,0.0065229181200265884,2.667762899477566e-08
radial,3,2.8872298490669994,0.02160000056028366,0.020788054913282394,296.64739990234375,6.719081616264378e-19,0.23523744940757751,0.0003257193020544946,0.0065179504454135895,2.6637035688281685e-08
radial,3,2.9028465764390097,0.02160000056028366,0.02090049535036087,296.5404968261719,6.702425300654857e-19,0.23524689674377441,0.0003196033649146557,0.0065130325965583324,2.6564787702909598e-08
radial,3,2.9185238397783704,0.02160000056028366,0.021013371646404266,296.4339904785156,6.678041567160442e-19,0.23525632917881012,0.0003135062870569527,0.006508129648864269,2.646236296754978e-08
radial,3,2.934261380384366,0.02160000056028366,0.021126681938767433,296.32720947265625,6.646161509364765e-19,0.23526577651500702,0.00030739110661670566,0.0065032122656702995,2.633062301526934e-08
radial,3,2.9500599743591414,0.02160000056028366,0.02124043181538582,296.2196044921875,6.606886973880748e-19,0.2352752983570099,0.000301224528811872,0.006498253904283047,2.6169931999220353e-08
radial,3,2.9659193630019827,0.02160000056028366,0.021354619413614273,296.110595703125,6.56020917191438e-19,0.2352849543094635,0.00029497576178982854,0.006493229418992996,2.5980213536058727e-08
radial,3,2.9818400637143188,0.02160000056028366,0.021469248458743095,295.99969482421875,6.506015400107203e-19,0.23529478907585144,0.00028861474129371345,0.006488114595413208,2.5760995114865182e-08
radial,3,2.997822335196866,0.02160000056028366,0.021584320813417435,295.8863525390625,6.444094727403015e-19,0.2353048324584961,0.0002821106172632426,0.0064828842878341675,2.5511415202572607e-08
radial,3,3.013866436150339,0.02160000056028366,0.02169983834028244,295.7699890136719,6.374121968423506e-19,0.23531517386436462,0.0002754300076048821,0.006477512419223785,2.5230161071476687e-08
radial,3,3.029972366574738,0.02160000056028366,0.021815801039338112,295.6499328613281,6.295642690819654e-19,0.23532584309577942,0.00026853528106585145,0.0064719682559370995,2.4915420837601232e-08
radial,3,3.046140643871493,0.02160000056028366,0.021932212635874748,295.52545166015625,6.208052535756414e-19,0.23533688485622406,0.0002613837132230401,0.006466217339038849,2.456477332657414e-08
radial,3,3.062371268040604,0.02160000056028366,0.02204907312989235,295.395751953125,6.110586878155057e-19,0.2353484034538269,0.00025392798124812543,0.006460221949964762,2.4175182744556878e-08
radial,3,3.078664497782787,0.02160000056028366,0.022166384384036064,295.2599792480469,6.00236787259051e-19,0.23536048829555511,0.0002461214317008853,0.006453944370150566,2.37431621030737e-08
radial,3,3.095020850499471,0.02160000056028366,0.02228415012359619,295.1175842285156,5.882553862789501e-19,0.2353731393814087,0.00023793004220351577,0.006447357125580311,2.3265382509407573e-08
radial,3,3.111440067489942,0.02160000056028366,0.022402368485927582,294.968505859375,5.750622690990356e-19,0.23538640141487122,0.00022935139713808894,0.006440458819270134,2.2739797600479505e-08
radial,3,3.127922924856345,0.02160000056028366,0.022521045058965683,294.8134765625,5.606693264406129e-19,0.23540019989013672,0.00022043069475330412,0.006433285307139158,2.2166929625200282e-08
radial,3,3.14446942259868,0.02160000056028366,0.022640179842710495,294.6540832519531,5.451571050158294e-19,0.23541438579559326,0.00021125265629962087,0.006425905041396618,2.1550022211158648e-08
radial,3,3.161080078118377,0.02160000056028366,0.022759776562452316,294.4919738769531,5.286477690614015e-19,0.2354288101196289,0.0002019137900788337,0.006418395321816206,2.0893963892376632e-08
radial,3,3.177754632714722,0.02160000056028366,0.022879833355545998,294.32867431640625,5.112788890529544e-19,0.2354433536529541,0.00019250433251727372,0.0064108287915587425,2.0204232953346946e-08
radial,3,3.194493603789144,0.02160000056028366,0.023000353947281837,294.16546630859375,4.931836927678975e-19,0.2354578971862793,0.0001830989494919777,0.00640326552093029,1.9486130042878358e-08
radial,3,3.2112972500423593,0.02160000056028366,0.023121340200304985,294.00335693359375,4.744762794319748e-19,0.23547235131263733,0.00017375141032971442,0.006395748816430569,1.8744168883699786e-08
radial,3,3.228165830175082,0.02160000056028366,0.02324279397726059,293.8429260253906,4.55247794008932e-19,0.23548665642738342,0.00016449662507511675,0.006388306617736816,1.798195725655205e-08
radial,3,3.245099602888028,0.02160000056028366,0.0233647171407938,293.68450927734375,4.355706665011557e-19,0.2355007827281952,0.0001553560432512313,0.0063809556886553764,1.720234443780555e-08
radial,3,3.262098568181197,0.02160000056028366,0.023487109690904617,293.5283203125,4.155046090091147e-19,0.23551470041275024,0.00014634287799708545,0.006373708136379719,1.640768410027249e-08
radial,3,3.2791635021567345,0.02160000056028366,0.023609977215528488,293.3746032714844,3.9510175976079384e-19,0.23552843928337097,0.00013746564218308777,0.006366569548845291,1.56000243833887e-08
radial,3,3.2962941461139255,0.02160000056028366,0.023733317852020264,293.2233581542969,3.74410224478692e-19,0.2355419397354126,0.00012873060768470168,0.006359545513987541,1.4781250001760782e-08
radial,3,3.3134910174542003,0.02160000056028366,0.023857135325670242,293.07470703125,3.5347629942771795e-19,0.23555520176887512,0.00012014297681162134,0.006352639757096767,1.3953176392078603e-08
radial,3,3.330754374878274,0.02160000056028366,0.023981431499123573,292.9287414550781,3.32345815583686e-19,0.23556825518608093,0.00011170761717949063,0.006345856003463268,1.3117599451106798e-08
radial,3,3.348084477086862,0.02160000056028366,0.024106208235025406,292.7855529785156,3.1106493996453426e-19,0.23558105528354645,0.00010342946188757196,0.006339198909699917,1.2276331062821555e-08
radial,3,3.365481324079964,0.02160000056028366,0.02423146553337574,292.64520263671875,2.8968077016638996e-19,0.23559360206127167,9.531374962534755e-05,0.006332672666758299,1.143121686197901e-08
radial,3,3.3829454332590103,0.02160000056028366,0.024357207119464874,292.5078125,2.6824195474902887e-19,0.2356058955192566,8.736614108784124e-05,0.00632628146559,1.058416376764626e-08
radial,3,3.4004770633247166,0.02160000056028366,0.024483434855937958,292.37347412109375,2.4679895172981674e-19,0.23561790585517883,7.959301001392305e-05,0.006320030894130468,9.737151529520816e-09
radial,15,10.700511435667673,0.10799999535083771,0.07704368233680725,290.9999694824219,0.0,0.23574094474315643,0.0,0.006256024353206158,0.0
radial,15,10.919278073641989,0.10799999535083771,0.07861880213022232,290.9999694824219,0.0,0.23574094474315643,0.0,0.006256024353206158,0.0
radial,15,11.146444206436476,0.10799999535083771,0.08025439828634262,290.9999694824219,0.0,0.23574094474315643,0.0,0.006256024353206158,0.0
radial,15,11.382334762149387,0.10799999535083771,0.08195281028747559,290.9999694824219,0.0,0.23574094474315643,0.0,0.006256024353206158,0.0
radial,15,11.627285016907587,0.10799999535083771,0.08371645212173462,290.9999694824219,0.0,0.23574094474315643,0.0,0.006256024353206158,0.0
radial,15,11.88163956006368,0.10799999535083771,0.0855478048324585,290.9999694824219,0.0,0.23574094474315643,0.0,0.006256024353206158,0.0
radial,15,12.145765746633213,0.10799999535083771,0.08744951337575912,290.9999694824219,0.0,0.23574094474315643,0.0,0.006256024353206158,0.0
radial,15,12.420033001237446,0.10799999535083771,0.0894242376089096,290.9999694824219,0.0,0.23574094474315643,0.0,0.006256024353206158,0.0
radial,15,1.7463370588504605,0.1080000028014183,0.012573626823723316,1716.970458984375,5.936971660958079e-07,0.06062070652842522,0.08805765956640244,0.09402546286582947,0.03192181885242462
radial,15,1.7575468195395338,0.1080000028014183,0.012654337100684643,1712.781982421875,5.424489017968881e-07,0.06174065172672272,0.08793459087610245,0.0935862585902214,0.031068820506334305
radial,15,1.7688000419487557,0.1080000028014183,0.01273536030203104,1708.385498046875,4.952505605615443e-07,0.06287511438131332,0.08779644966125488,0.0931347981095314,0.030228212475776672
radial,15,1.7800967260781262,0.1080000028014183,0.012816696427762508,1703.750244140625,4.522723600075551e-07,0.06402701139450073,0.08764078468084335,0.09266916662454605,0.029401099309325218
radial,15,1.7914370012780032,0.1080000028014183,0.012898346409201622,1698.9208984375,4.124947849959426e-07,0.06519216299057007,0.08747086673974991,0.09219241887331009,0.028585759922862053
radial,15,1.8028211262491014,0.1080000028014183,0.01298031210899353,1693.65673828125,3.774759989028098e-07,0.06639231741428375,0.08726717531681061,0.09169022738933563,0.02779225818812847
radial,15,1.8142491009914212,0.1080000028014183,0.013062593527138233,1688.1549072265625,3.4566195949992107e-07,0.06760901212692261,0.08704541623592377,0.09117458760738373,0.027013234794139862
radial,15,1.8257213135560355,0.1080000028014183,0.013145193457603455,1682.6884765625,3.150578891109035e-07,0.06881719827651978,0.08682744204998016,0.0906618982553482,0.026237940415740013
radial,15,1.8372378932933013,0.1080000028014183,0.013228112831711769,1677.2557373046875,2.8566040555233485e-07,0.07001717388629913,0.08661317825317383,0.09015203267335892,0.025466201826930046
radial,15,1.848798840203219,0.1080000028014183,0.013311351649463177,1671.853271484375,2.574525410636852e-07,0.07120981812477112,0.08640245348215103,0.08964459598064423,0.024697476997971535
radial,15,1.8604045423368614,0.1080000028014183,0.013394912704825401,1666.2169189453125,2.3157244299909507e-07,0.0724194347858429,0.08617377281188965,0.08912419527769089,0.023941945284605026
radial,15,1.8720549996942282,0.1080000028014183,0.013478795997798443,1659.9423828125,2.0970487923932524e-07,0.07368218898773193,0.08589369058609009,0.08856760710477829,0.023216726258397102
radial,15,1.8837504709760349,0.1080000028014183,0.01356300339102745,1653.294677734375,1.905346920239026e-07,0.07497342675924301,0.08558372408151627,0.0879904180765152,0.02251191809773445
radial,15,1.8954912148829963,0.1080000028014183,0.013647536747157574,1646.684326171875,1.7221140069523244e-07,0.07625584304332733,0.08527740091085434,0.08741641789674759,0.021811140701174736
radial,15,1.907277231415113,0.1080000028014183,0.013732396066188812,1640.110107421875,1.5473493419904116e-07,0.07752960920333862,0.08497466892004013,0.0868455320596695,0.02111433818936348
radial,15,1.9191087792730994,0.1080000028014183,0.013817583210766315,1633.56640625,1.3809078325266455e-07,0.0787959098815918,0.08467522263526917,0.08627719432115555,0.020420867949724197
radial,15,1.9309859878073137,0.1080000028014183,0.013903099112212658,1626.8792724609375,1.2265167015357292e-07,0.08007094264030457,0.08436475694179535,0.08570162951946259,0.019736915826797485
radial,15,1.9429091157184708,0.1080000028014183,0.013988945633172989,1619.482666015625,1.0968290098389843e-07,0.0814041942358017,0.08399556577205658,0.08508788794279099,0.01908709853887558
radial,15,1.9548782923569283,0.1080000028014183,0.014075123704969883,1611.5509033203125,9.867343209180035e-08,0.08277932554483414,0.08358178287744522,0.08444590121507645,0.018465453758835793
radial,15,1.9668936470730438,0.1080000028014183,0.014161634258925915,1603.660400390625,8.822673436270634e-08,0.08414512127637863,0.08317159116268158,0.08380749821662903,0.017848145216703415
radial,15,1.97895556791789,0.1080000028014183,0.014248480089008808,1595.8109130859375,7.834341886336915e-08,0.08550164848566055,0.08276494592428207,0.08317261189222336,0.01723518595099449
radial,15,1.9910639255411096,0.1080000028014183,0.014335660263895988,1587.99755859375,6.901761651079141e-08,0.08684978634119034,0.08236155658960342,0.0825408548116684,0.016626212745904922
radial,15,2.003219107993775,0.1080000028014183,0.01442317757755518,1580.2161865234375,6.024489351830198e-08,0.08819025009870529,0.08196121454238892,0.08191187679767609,0.01602090708911419
radial,15,2.0154213739766016,0.1080000028014183,0.01451103389263153,1572.4593505859375,5.201701469559339e-08,0.08952441811561584,0.08156349509954453,0.0812850296497345,0.015418627299368382
radial,15,2.027670464788874,0.1080000028014183,0.014599227346479893,1564.2408447265625,4.480596516032165e-08,0.09089438617229462,0.08112716674804688,0.08063498139381409,0.014839817769825459
radial,15,2.039967156532738,0.1080000028014183,0.014687763527035713,1555.2542724609375,3.884127508513302e-08,0.09232596307992935,0.08062589913606644,0.07994607090950012,0.014298349618911743
radial,15,2.0523111905074782,0.1080000028014183,0.014776640571653843,1545.993408203125,3.354890765194796e-08,0.09377603977918625,0.08010122925043106,0.0792442336678505,0.013774110935628414
radial,15,2.0647029547641673,0.1080000028014183,0.014865861274302006,1536.7802734375,2.860723036235413e-08,0.09521625190973282,0.07958019524812698,0.07854639738798141,0.013254348188638687
radial,15,2.0771425786531634,0.1080000028014183,0.014955426566302776,1527.6142578125,2.4016074462451797e-08,0.09664669632911682,0.07906275987625122,0.0778525173664093,0.01273905485868454
radial,15,2.0896301915248237,0.1080000028014183,0.01504533737897873,1518.4896240234375,1.9772302906062578e-08,0.09806831181049347,0.07854855805635452,0.07716213166713715,0.012227917090058327
radial,15,2.1021661814302206,0.1080000028014183,0.015135596506297588,1509.4007568359375,1.587316411644224e-08,0.09948203712701797,0.07803723961114883,0.07647478580474854,0.01172060240060091
radial,15,2.1147505483693547,0.10799999535083771,0.015226203948259354,1500.3226318359375,1.2309913977048836e-08,0.10089165717363358,0.07752737402915955,0.07578863948583603,0.011215843260288239
radial,15,2.1273834216925835,0.10799999535083771,0.0153171606361866,1490.320068359375,9.273572132428853e-09,0.10237330943346024,0.07694011926651001,0.07505951821804047,0.010753078386187553
radial,15,2.1400651894509792,0.10799999535083771,0.01540846936404705,1479.08349609375,7.1034915727352654e-09,0.10395041853189468,0.07625071704387665,0.07427266985177994,0.01034639123827219
radial,15,2.1527959809949,0.10799999535083771,0.01550013106316328,1467.6199951171875,6.0424243386592025e-09,0.10553936660289764,0.07554656267166138,0.07347486168146133,0.009953632950782776
radial,15,2.165575796324346,0.10799999535083771,0.01559214573353529,1456.3021240234375,5.598141950002855e-09,0.10710767656564713,0.07485532760620117,0.07268552482128143,0.009564111940562725
radial,15,2.178405152840747,0.10799999535083771,0.015684517100453377,1445.0938720703125,5.1736952499936706e-09,0.10865787416696548,0.07416988909244537,0.07190468907356262,0.009182416833937168
radial,15,2.191284050544103,0.10799999535083771,0.01577724516391754,1433.9761962890625,4.768255124076859e-09,0.11019261181354523,0.07348903268575668,0.07113102823495865,0.00880795530974865
radial,15,2.204212618784772,0.10799999535083771,0.01587033085525036,1422.934814453125,4.381153662080806e-09,0.11171390861272812,0.07281183451414108,0.07036353647708893,0.00844026543200016
radial,15,2.217190857562754,0.10799999535083771,0.015963774174451828,1411.9600830078125,4.011900589517836e-09,0.1132231205701828,0.07213767617940903,0.06960153579711914,0.00807903055101633
radial,15,2.230219542980194,0.10799999535083771,0.016057580709457397,1401.04296875,3.660044045616928e-09,0.11472145467996597,0.07146600633859634,0.06884440034627914,0.007723962422460318
radial,15,2.2432986750370927,0.10799999535083771,0.016151750460267067,1390.1754150390625,3.3251479347740087e-09,0.11621010303497314,0.07079626619815826,0.06809155642986298,0.0073747700080275536
radial,15,2.2564282537334495,0.10799999535083771,0.016246283426880836,1379.3492431640625,3.0068012524253618e-09,0.11769019067287445,0.07012800127267838,0.06734243035316467,0.007031170651316643
radial,15,2.269608279069265,0.10799999535083771,0.016341179609298706,1368.5574951171875,2.7046234141181458e-09,0.11916276812553406,0.06946072727441788,0.06659649312496185,0.006692891474813223
radial,15,2.2828395271466837,0.10799999535083771,0.016436444595456123,1357.7928466796875,2.4182631452873693e-09,0.12062884122133255,0.06879401952028275,0.06585324555635452,0.006359666120260954
radial,15,2.2961217392649917,0.10799999535083771,0.01653207652270794,1347.0487060546875,2.1474000355681255e-09,0.12208940088748932,0.06812745332717896,0.06511220335960388,0.006031234748661518
radial,15,2.309455174124903,0.10799999535083771,0.016628077253699303,1336.3184814453125,1.891745649018617e-09,0.12354536354541779,0.06746064871549606,0.06437288224697113,0.005707339383661747
radial,15,2.322840090427134,0.10799999535083771,0.016724448651075363,1325.5955810546875,1.6510351974474702e-09,0.12499773502349854,0.06679317355155945,0.06363479793071747,0.005387710873037577
radial,15,2.336277005573114,0.10799999535083771,0.01682119444012642,1314.87255859375,1.4250306490382059e-09,0.12644755840301514,0.06612458825111389,0.06289740651845932,0.0050720637664198875
radial,15,2.3497654021614127,0.10799999535083771,0.016918310895562172,1304.1461181640625,1.213607436767461e-09,0.12789539992809296,0.06545469909906387,0.0621604360640049,0.004760218784213066
radial,15,2.3633063149948916,0.10799999535083771,0.01701580546796322,1293.421875,1.0168457187376134e-09,0.12934058904647827,0.06478384882211685,0.06142422556877136,0.004452270455658436
radial,15,2.3768994853728347,0.10799999535083771,0.01711367629468441,1282.6900634765625,8.345911739482403e-10,0.13078449666500092,0.06411144882440567,0.060688093304634094,0.004147884901612997
radial,15,2.3905449132952428,0.10799999535083771,0.017211923375725746,1271.8446044921875,6.659673923437026e-10,0.13224048912525177,0.06343062967061996,0.05994514375925064,0.003844982711598277
radial,15,2.404243116163545,0.10799999535083771,0.017310550436377525,1259.4794921875,5.482168052850511e-10,0.1338074505329132,0.06263373792171478,0.05914155766367912,0.0035952453035861254
radial,15,2.4179943526784577,0.10799999535083771,0.017409559339284897,1245.4693603515625,4.835936096014848e-10,0.1354869306087494,0.06170974671840668,0.058276139199733734,0.0034101693890988827
radial,15,2.4317983641392655,0.10799999535083771,0.01750894822180271,1231.384521484375,4.2929537702462994e-10,0.13716068863868713,0.06077736243605614,0.05741294100880623,0.003239483805373311
radial,15,2.445656185348829,0.10799999535083771,0.017608724534511566,1217.61865234375,3.784697832909245e-10,0.13879455626010895,0.05986527353525162,0.0565701425075531,0.003075346117839217
radial,15,2.459567298905717,0.10799999535083771,0.017708884552121162,1204.1593017578125,3.3106437036245495e-10,0.14038991928100586,0.058972615748643875,0.055747006088495255,0.002917681820690632
radial,15,2.473532222211361,0.10799999535083771,0.0178094319999218,1190.94970703125,2.8684668529344037e-10,0.1419534832239151,0.05809560790657997,0.054940078407526016,0.0027658503968268633
radial,15,2.4875509552657604,0.10799999535083771,0.017910366877913475,1177.9534912109375,2.4564961176309907e-10,0.14348961412906647,0.05723181366920471,0.054147109389305115,0.0026194225065410137
radial,15,2.501623756769631,0.10799999535083771,0.01801169104874134,1165.1480712890625,2.0735270445104703e-10,0.14500099420547485,0.056379735469818115,0.05336672440171242,0.0024781206157058477
radial,15,2.515751402825117,0.10799999535083771,0.018113410100340843,1152.5133056640625,1.7184370593170684e-10,0.14649000763893127,0.055538054555654526,0.052597690373659134,0.0023416911717504263
radial,15,2.5299331173300743,0.10799999535083771,0.018215518444776535,1140.03125,1.3901541029426312e-10,0.14795885980129242,0.054705552756786346,0.05183888599276543,0.0022098920308053493
radial,15,2.5441699350873628,0.10799999535083771,0.018318023532629013,1127.685302734375,1.0876793909986304e-10,0.1494094729423523,0.05388116464018822,0.051089297980070114,0.002082501072436571
radial,15,2.558461338695553,0.10799999535083771,0.01842092163860798,1115.4613037109375,8.100867199267725e-11,0.1508435606956482,0.05306396260857582,0.050348058342933655,0.001959317596629262
radial,15,2.5728083629575043,0.10799999535083771,0.01852422021329403,1103.3468017578125,5.565070973490016e-11,0.15226265788078308,0.0522531159222126,0.04961438104510307,0.001840153825469315
radial,15,2.587210749172502,0.10799999535083771,0.018627917394042015,1091.3291015625,3.263897485616951e-11,0.15366828441619873,0.051447793841362,0.048887480050325394,0.0017248361837118864
radial,15,2.601668756041262,0.10799999535083771,0.018732015043497086,1079.35791015625,1.9166388962044145e-11,0.15506772696971893,0.05064212158322334,0.04816286638379097,0.0016158637590706348
radial,15,2.6161823835637836,0.10799999535083771,0.01883651316165924,1067.4156494140625,1.5886568102696508e-11,0.1564633846282959,0.0498342290520668,0.04743923991918564,0.0015137603040784597
radial,15,2.630751890440782,0.10799999535083771,0.01894141361117363,1055.53515625,1.44432712317899e-11,0.15785002708435059,0.04902872443199158,0.046720102429389954,0.0014157986734062433
radial,15,2.645378052774403,0.10799999535083771,0.0190467219799757,1043.718994140625,1.3077513030812504e-11,0.15922705829143524,0.04822637513279915,0.04600593075156212,0.0013212596531957388
radial,15,2.6600608705646462,0.10799999535083771,0.019152438268065453,1031.960205078125,1.178661595407915e-11,0.16059540212154388,0.04742671921849251,0.045296262949705124,0.001230012159794569
radial,15,2.674800343811512,0.10799999535083771,0.019258562475442886,1020.2512817382812,1.0568015212930604e-11,0.16195589303970337,0.046629298478364944,0.04459064081311226,0.0011419284855946898
radial,15,2.6895964725150003,0.10799999535083771,0.019365094602108,1008.585693359375,9.41933423620478e-12,0.16330939531326294,0.045833684504032135,0.043888628482818604,0.0010568889556452632
radial,15,2.7044495153758263,0.10799999535083771,0.019472036510705948,996.9572143554688,8.338362986193282e-12,0.16465671360492706,0.04503948241472244,0.043189823627471924,0.000974780588876456
radial,15,2.7193607658975654,0.10799999535083771,0.01957939751446247,985.3596801757812,7.323048417662292e-12,0.16599854826927185,0.04424629732966423,0.04249383881688118,0.0008954960503615439
radial,15,2.7343289305766425,0.10799999535083771,0.019687168300151825,973.787109375,6.371496646256913e-12,0.16733568906784058,0.04345373436808586,0.04180028289556503,0.0008189334766939282
radial,15,2.7493553029166327,0.10799999535083771,0.019795358180999756,962.2338256835938,5.481981188437679e-12,0.16866885125637054,0.04266142100095749,0.041108787059783936,0.0007449968252331018
radial,15,2.764439106815391,0.10799999535083771,0.019903961569070816,950.6936645507812,4.652929951054485e-12,0.16999875009059906,0.041868943721055984,0.04041895642876625,0.000673593720421195
radial,15,2.7795818944772086,0.10799999535083771,0.0200129896402359,939.1595458984375,3.882883164302298e-12,0.17132635414600372,0.041075821965932846,0.03973032161593437,0.0006046304479241371
radial,15,2.794782889799939,0.10799999535083771,0.020122436806559563,927.6251220703125,3.1706505910361615e-12,0.17265237867832184,0.040281619876623154,0.03904248774051666,0.0005380247603170574
radial,15,2.810042610185014,0.10799999535083771,0.0202323067933321,916.0947265625,2.5158534110170105e-12,0.17397642135620117,0.03948662802577019,0.038355667144060135,0.0004737603885587305
radial,15,2.8253613143331475,0.10799999535083771,0.020342601463198662,904.580322265625,1.918618259058591e-12,0.17529720067977905,0.03869166597723961,0.03767054155468941,0.00041186893940903246
radial,15,2.84073900224434,0.10799999535083771,0.02045332081615925,893.0027465820312,1.3750868933098959e-12,0.17662382125854492,0.037891220301389694,0.03698235750198364,0.00035191181814298034
radial,15,2.856176450020737,0.10799999535083771,0.020564470440149307,880.8849487304688,9.477841688559918e-13,0.1779860407114029,0.0370607003569603,0.036275528371334076,0.00029949742020107806
radial,15,2.8716731402609086,0.10799999535083771,0.02067604660987854,867.749267578125,7.319608244168996e-13,0.17939835786819458,0.03618106245994568,0.035542238503694534,0.0002646338543854654
radial,15,2.8872295903662843,0.10799999535083771,0.020788053050637245,854.1809692382812,6.39518494584268e-13,0.18081969022750854,0.035284701734781265,0.034803975373506546,0.00024113149265758693
radial,15,2.9028465764390097,0.10799999535083771,0.02090049535036087,840.9531860351562,5.538668482185649e-13,0.18220390379428864,0.034411054104566574,0.034085001796483994,0.00021899402781855315
radial,15,2.9185238397783704,0.10799999535083771,0.021013371646404266,828.1375732421875,4.754143042781656e-13,0.18354347348213196,0.03356485068798065,0.03338920325040817,0.00019834047998301685
radial,15,2.934261380384366,0.10799999535083771,0.021126681938767433,815.6658325195312,4.036208216609549e-13,0.18484552204608917,0.032741617411375046,0.032712895423173904,0.00017904808919411153
radial,15,2.9500599743591414,0.10799999535083771,0.02124043181538582,803.4780883789062,3.3798289687803074e-13,0.18611633777618408,0.031937383115291595,0.03205280378460884,0.00016100204084068537
radial,15,2.9659193630019827,0.10799999535083771,0.021354619413614273,791.5384521484375,2.781450471420893e-13,0.18735969066619873,0.031149793416261673,0.03140697628259659,0.00014412486052606255
radial,15,2.9818400637143188,0.10799999535083771,0.021469248458743095,779.8209838867188,2.238124372248504e-13,0.1885783076286316,0.030377132818102837,0.030773978680372238,0.0001283542369492352
radial,15,2.997822335196866,0.10799999535083771,0.021584320813417435,768.3023071289062,1.7471103502721824e-13,0.18977466225624084,0.02961786836385727,0.030152544379234314,0.0001136322389356792
radial,15,3.013866177449624,0.10799999535083771,0.02169983647763729,756.9617919921875,1.305862021164575e-13,0.19095095992088318,0.02887062169611454,0.029541518539190292,9.990498801926151e-05
radial,15,3.0299721078740225,0.10799999535083771,0.021815799176692963,745.7813110351562,9.120476726284799e-14,0.1921091228723526,0.028134213760495186,0.028939923271536827,8.712350972928107e-05
radial,15,3.046140643871493,0.10799999535083771,0.021932212635874748,734.7453002929688,5.635138758614336e-14,0.19325077533721924,0.027407608926296234,0.02834688499569893,7.524270768044516e-05
radial,15,3.062371009339889,0.10799999535083771,0.0220490712672472,723.8394775390625,2.5868108382339633e-14,0.19437748193740845,0.02668984979391098,0.027761608362197876,6.422787555493414e-05
radial,15,3.078664497782787,0.10799999535083771,0.022166384384036064,713.0303344726562,8.26224481762167e-15,0.19549371302127838,0.02597665600478649,0.027181806042790413,5.557575059356168e-05
radial,15,3.095020591798756,0.10799999535083771,0.022284148260951042,702.303466796875,4.549709150684965e-15,0.1966012865304947,0.025266606360673904,0.026606539264321327,4.9556569138076156e-05
radial,15,3.111439808789227,0.10799999535083771,0.022402366623282433,691.673828125,4.003139542128973e-15,0.19769759476184845,0.024563021957874298,0.02603711187839508,4.438002360984683e-05
radial,15,3.1279226661556296,0.10799999535083771,0.022521043196320534,681.1404418945312,3.4905003793740935e-15,0.19878248870372772,0.023866508156061172,0.025473589077591896,3.949724487029016e-05
radial,15,3.14446942259868,0.10799999535083771,0.022640179842710495,670.6947021484375,3.010319307399762e-15,0.19985690712928772,0.02317647635936737,0.02491549216210842,3.4895288990810513e-05
radial,15,3.161079819417662,0.10799999535083771,0.022759774699807167,660.3280639648438,2.5612194741502165e-15,0.20092172920703888,0.02249235473573208,0.024362344294786453,3.056196874240413e-05
radial,15,3.177754632714722,0.10799999535083771,0.022879833355545998,650.0323486328125,2.141916565919183e-15,0.2019779235124588,0.02181355096399784,0.02381366863846779,2.648581357789226e-05
radial,15,3.194493603789144,0.10799999535083771,0.023000353947281837,639.8010864257812,1.7513136750399666e-15,0.20302613079547882,0.021139632910490036,0.023269111290574074,2.2656966393697076e-05
radial,15,3.211296991341644,0.10799999535083771,0.023121338337659836,629.6363525390625,1.38870024674894e-15,0.20406626164913177,0.020470701158046722,0.02272874116897583,1.906922261696309e-05
radial,15,3.228165830175082,0.10799999535083771,0.02324279397726059,619.5386962890625,1.0533884902929323e-15,0.20509828627109528,0.019806763157248497,0.022192561998963356,1.571651955600828e-05
radial,15,3.245099602888028,0.10799999535083771,0.0233647171407938,609.4300537109375,7.427242279317223e-16,0.20613013207912445,0.01914270408451557,0.021656444296240807,1.2571766092150938e-05
radial,15,3.2620983094804816,0.10799999535083771,0.023487107828259468,599.031982421875,5.117981649173744e-16,0.20717470347881317,0.01846969500184059,0.021113602444529533,1.0081910659209825e-05
radial,15,3.2791635021567345,0.10799999535083771,0.023609977215528488,588.2340087890625,4.0626389479923777e-16,0.20822925865650177,0.01778910495340824,0.020565396174788475,8.633171091787517e-06
radial,15,3.2962938874132104,0.10799999535083771,0.023733315989375114,577.3994140625,3.5933549019449135e-16,0.2092728465795517,0.017115022987127304,0.020022783428430557,7.696076863794588e-06
radial,15,3.3134910174542003,0.10799999535083771,0.023857135325670242,566.8510131835938,3.1611224592905166e-16,0.21028758585453033,0.01645953394472599,0.019495166838169098,6.829179255873896e-06
radial,15,3.330754374878274,0.10799999535083771,0.023981431499123573,556.6142578125,2.7661851420015225e-16,0.2112710326910019,0.015824202448129654,0.018983803689479828,6.033254521753406e-06
radial,15,3.348084477086862,0.10799999535083771,0.024106208235025406,546.6359252929688,2.4054245453430554e-16,0.21222834289073944,0.015205703675746918,0.0184860210865736,5.3023427426523995e-06
radial,15,3.365481324079964,0.10799999535083771,0.02423146553337574,536.877197265625,2.076295467657514e-16,0.21316330134868622,0.014601594768464565,0.01799984648823738,4.6315799409057945e-06
radial,15,3.3829451745582952,0.10799999535083771,0.024357205256819725,527.3147583007812,1.7768942023959445e-16,0.21407820284366608,0.014010408893227577,0.017524100840091705,4.017362698505167e-06
radial,15,3.4004768046240015,0.10799999535083771,0.02448343299329281,517.9293212890625,1.5055141105185273e-16,0.21497492492198944,0.013430923223495483,0.01705779694020748,3.4564586712804157e-06
radial,15,3.4180764729777975,0.10799999535083771,0.02461015060544014,508.7037048339844,1.2605771961143072e-16,0.21585515141487122,0.01286204345524311,0.016600055620074272,2.9458697099471465e-06
radial,15,3.435743662218253,0.10799999535083771,0.02473735436797142,499.6236877441406,1.0406544219570377e-16,0.21672029793262482,0.01230285782366991,0.016150139272212982,2.482878016962786e-06
radial,15,3.4534788897467985,0.10799999535083771,0.02486504800617695,490.67633056640625,8.444260048357782e-17,0.2175716757774353,0.011752543970942497,0.015707388520240784,2.0649624730140204e-06
radial,15,3.471283190366295,0.10799999535083771,0.02499323897063732,481.8516540527344,6.707041795653515e-17,0.21841026842594147,0.011210452765226364,0.01527127530425787,1.6898499097806052e-06
radial,15,3.489155787974596,0.10799999535083771,0.02512192167341709,473.1459655761719,5.184916310248147e-17,0.21923646330833435,0.010676326230168343,0.0148415956646204,1.355649828838068e-06
radial,15,3.5070979760752783,0.10799999535083771,0.025251105427742004,464.5516357421875,3.867981578464928e-17,0.22005105018615723,0.010149667970836163,0.014417946338653564,1.060455474544142e-06
radial,15,3.5251089785661964,0.10799999535083771,0.025380784645676613,456.0157470703125,2.7424008538893158e-17,0.22085905075073242,0.00962722860276699,0.013997712172567844,8.013195156308939e-07
radial,15,3.5431898302502103,0.10799999535083771,0.025510966777801514,447.3770751953125,1.916449762598787e-17,0.22166848182678223,0.009103799238801003,0.013576715253293514,5.985089046589565e-07
radial,15,3.5613402724266052,0.10799999535083771,0.025641649961471558,438.6011962890625,1.4120194740684347e-17,0.2224782556295395,0.008580065332353115,0.013155504129827023,4.5802778458892135e-07
radial,15,3.579561081197527,0.10799999535083771,0.025772839784622192,429.8994445800781,1.046644284926718e-17,0.22327598929405212,0.008064095862209797,0.012740555219352245,3.4779571933540865e-07
radial,15,3.59785199786226,0.10799999535083771,0.02590453438460827,421.4225769042969,7.3303670549653e-18,0.22405216097831726,0.007562060374766588,0.01233681570738554,2.519682311685756e-07
radial,15,3.616213798522949,0.10799999535083771,0.026036739349365234,413.1748046875,4.694319873000193e-18,0.22480641305446625,0.0070741744711995125,0.011944464407861233,1.7008386521411012e-07
radial,15,3.634646224478881,0.10799999535083771,0.02616945281624794,405.1252136230469,2.5265522503056966e-18,0.22554165124893188,0.006598586216568947,0.01156200934201479,1.012490855600845e-07
radial,15,3.653150310532914,0.10799999535083771,0.026302682235836983,397.2564697265625,8.688592450898542e-19,0.2262594997882843,0.006134223658591509,0.011188588105142117,4.6886690086012095e-08
radial,15,3.671725280582905,0.10799999535083771,0.026436422020196915,389.5741271972656,9.21404562258487e-20,0.22695961594581604,0.005681310314685106,0.010824388824403286,1.9190125044588058e-08
radial,15,3.690372428132428,0.10799999535083771,0.026570681482553482,382.06866455078125,2.7272762757952036e-21,0.22764286398887634,0.0052392748184502125,0.010468948632478714,1.2940414961803981e-08
radial,15,3.709091753181484,0.10799999535083771,0.026705460622906685,374.6949768066406,1.921857419987318e-21,0.22831307351589203,0.004805674310773611,0.010120291262865067,9.75701386352057e-09
radial,15,3.727883255730073,0.10799999535083771,0.026840759441256523,367.43133544921875,1.3743242370463429e-21,0.22896932065486908,0.004381108097732067,0.009778899140655994,7.467068741107141e-09
radial,15,3.7467471944789095,0.10799999535083771,0.026976579800248146,360.3257141113281,1.0997082506402113e-21,0.2296070158481598,0.00396852707490325,0.00944714155048132,6.122240048256344e-09
radial,15,3.765684086829424,0.10799999535083771,0.027112925425171852,353.44207763671875,8.931376641135655e-22,0.23022368550300598,0.00356955174356699,0.009126323275268078,5.037414485542513e-09
radial,15,3.7846936740809016,0.10799999535083771,0.027249794453382492,346.80377197265625,7.041064973576332e-22,0.23081806302070618,0.003184996545314789,0.008817099966108799,4.043319012936308e-09
radial,15,3.8037769910362034,0.10799999535083771,0.027387194335460663,340.41241455078125,5.3205494943052085e-22,0.2313900738954544,0.0028149234130978584,0.008519522845745087,3.1369948860771046e-09
radial,15,3.8229342963960438,0.10799999535083771,0.027525126934051514,334.2624816894531,3.809400728505617e-22,0.23193980753421783,0.0024592436384409666,0.008233518339693546,2.335738491510142e-09
radial,15,3.8421653314597077,0.10799999535083771,0.027663590386509895,328.320556640625,2.7768431453953027e-22,0.23246771097183228,0.0021176994778215885,0.007958881556987762,1.760398160577381e-09
radial,15,3.861470872329341,0.10799999535083771,0.027802590280771255,322.60491943359375,2.186305153408219e-22,0.23297196626663208,0.0017914598574861884,0.007696549873799086,1.3947768495725654e-09
radial,15,3.880851177705659,0.10799999535083771,0.027942128479480743,317.19775390625,1.7150694360169677e-22,0.2334478348493576,0.0014835812617093325,0.007448982913047075,1.0941468842062818e-09
radial,15,3.900305988887946,0.10799999535083771,0.02808220311999321,312.16241455078125,1.3053749666525422e-22,0.2338903397321701,0.001197297708131373,0.0072187804616987705,8.327779577044225e-10
radial,15,3.919835564576917,0.10799999535083771,0.028222816064953804,307.5633239746094,9.581982920067335e-23,0.2342938929796219,0.0009362085838802159,0.007008836604654789,6.112928496726511e-10
radial,15,3.939441198276149,0.10799999535083771,0.028363976627588272,303.4831237792969,6.745867038173133e-23,0.2346513867378235,0.0007049212581478059,0.006822857074439526,4.303598033494893e-10
radial,15,3.959122631284926,0.10799999535083771,0.028505682945251465,300.0158996582031,4.54620224134507e-23,0.23495471477508545,0.0005086748860776424,0.006665054243057966,2.900298334829188e-10
radial,15,3.9788796049025326,0.10799999535083771,0.028647933155298233,297.2420654296875,2.9544172497734905e-23,0.2351970076560974,0.0003519103629514575,0.006538998335599899,1.884802036666855e-10
radial,15,3.9987128952311144,0.10799999535083771,0.028790732845664024,295.1875305175781,1.8946258531866673e-23,0.235376238822937,0.00023595898528583348,0.006445761304348707,1.2086967537960902e-10
radial,15,4.018623278372818,0.10799999535083771,0.028934087604284286,293.7898254394531,1.2459566537621929e-23,0.23549801111221313,0.00015717466885689646,0.0063824099488556385,7.948713909300409e-11
radial,15,4.038610236926211,0.10799999535083771,0.02907799370586872,292.90887451171875,8.73613202092608e-24,0.23557467758655548,0.0001075683903764002,0.00634252093732357,5.57330917527743e-11
radial,15,4.0586745469934415,0.10799999535083771,0.029222456738352776,292.3803405761719,6.65649035978904e-24,0.2356206476688385,7.782648754073307e-05,0.006318605504930019,4.246579130007255e-11
radial,15,4.078816208574507,0.10799999535083771,0.02936747670173645,292.06646728515625,5.4788429073039266e-24,0.23564793169498444,6.017294799676165e-05,0.00630441028624773,3.495286698962374e-11
radial,15,4.09903573907084,0.10799999535083771,0.029513057321310043,291.87469482421875,4.778384910565602e-24,0.23566459119319916,4.9387512262910604e-05,0.006295737810432911,3.048421931550749e-11
radial,15,4.119333397183153,0.10799999535083771,0.029659200459718704,291.75067138671875,4.330411707304578e-24,0.2356753796339035,4.2415565985720605e-05,0.006290131248533726,2.7626328308327786e-11
radial,15,4.1397094416121645,0.10799999535083771,0.029805907979607582,291.66510009765625,4.020501389801262e-24,0.23568281531333923,3.7603836972266436e-05,0.006286261603236198,2.5649218859946643e-11
radial,15,4.160164131058587,0.10799999535083771,0.029953181743621826,291.6023864746094,3.790314144240486e-24,0.23568826913833618,3.4076911106240004e-05,0.006283426657319069,2.418071298748714e-11
radial,15,4.180697724223137,0.10799999535083771,0.030101023614406586,291.5540466308594,3.608871402874222e-24,0.23569247126579285,3.135778024443425e-05,0.0062812394462525845,2.3023180584225145e-11
radial,15,4.201310738507244,0.10799999535083771,0.03024943731725216,291.5152282714844,3.4588040262913134e-24,0.23569585382938385,2.917368328780867e-05,0.006279483437538147,2.2065809249238733e-11
radial,15,4.222003432611625,0.10799999535083771,0.030398424714803696,291.4830017089844,3.329835523479446e-24,0.2356986403465271,2.7360489184502512e-05,0.006278025917708874,2.124304031292379e-11
radial,15,4.242776065236993,0.10799999535083771,0.030547987669706345,291.4555358886719,3.215593476046244e-24,0.2357010394334793,2.581470471341163e-05,0.006276782136410475,2.0514222265344273e-11
radial,15,4.263629153784779,0.10799999535083771,0.030698129907250404,291.431640625,3.1119714685495803e-24,0.23570311069488525,2.446836333547253e-05,0.006275699473917484,1.985315384311903e-11
radial,15,4.284562439554268,0.10799999535083771,0.030848849564790726,291.41046142578125,3.0162453670685e-24,0.23570497334003448,2.327531728951726e-05,0.00627474021166563,1.924246005591268e-11
radial,15,4.305576698647605,0.10799999535083771,0.031000152230262756,291.3914489746094,2.9265767312633853e-24,0.2357066124677658,2.220336682512425e-05,0.006273878272622824,1.8670408968857188e-11
radial,15,4.326672189765507,0.10799999535083771,0.031152039766311646,291.37420654296875,2.8417162026755928e-24,0.2357081174850464,2.1229585399851203e-05,0.006273095495998859,1.8129032997027394e-11
radial,15,4.3478494303094015,0.10799999535083771,0.03130451589822769,291.3583679199219,2.7608214750735726e-24,0.23570950329303741,2.0337400201242417e-05,0.0062723783776164055,1.7612956232371246e-11
radial,15,4.369107902877861,0.10799999535083771,0.031457576900720596,291.3437805175781,2.6833401486084437e-24,0.2357107698917389,1.9514694940880872e-05,0.006271716672927141,1.7118655451509035e-11
radial,15,4.390448642273744,0.10799999535083771,0.031611230224370956,291.3302917480469,2.608925913342814e-24,0.2357119619846344,1.8752532923826948e-05,0.006271103862673044,1.6643920616732366e-11
radial,15,4.411872165898482,0.10799999535083771,0.03176547959446907,291.3177490234375,2.5373799763285682e-24,0.23571303486824036,1.8044229364022613e-05,0.006270534358918667,1.6187487114627253e-11
radial,15,4.433377956350644,0.10799999535083771,0.03192032128572464,291.30609130859375,2.4686027438764217e-24,0.23571407794952393,1.7384683815180324e-05,0.006270003970712423,1.574871483223106e-11
radial,15,4.454967048433092,0.10799999535083771,0.03207576274871826,291.29522705078125,2.4025545757258872e-24,0.23571501672267914,1.6769865396781825e-05,0.0062695094384253025,1.5327353969363244e-11
radial,15,4.476639442145824,0.10799999535083771,0.032231803983449936,291.28509521484375,2.339222652887255e-24,0.23571589589118958,1.6196408978430554e-05,0.0062690479680895805,1.4923321259296962e-11
radial,15,4.498395654890272,0.10799999535083771,0.03238844871520996,291.2756042480469,2.2785963257383046e-24,0.23571673035621643,1.5661351426388137e-05,0.0062686181627213955,1.453654904781665e-11
radial,15,4.520236204067866,0.10799999535083771,0.032545700669288635,291.26678466796875,2.2206473925016743e-24,0.2357175201177597,1.5161913324845955e-05,0.006268216762691736,1.4166856923680804e-11
radial,15,4.542160572277175,0.10799999535083771,0.03270355612039566,291.258544921875,2.165320238483546e-24,0.235718235373497,1.4695407116960268e-05,0.006267841439694166,1.3813892738023803e-11
radial,15,4.56416979432106,0.10799999535083771,0.03286202251911163,291.2508544921875,2.112529075060477e-24,0.23571890592575073,1.4259177078201901e-05,0.0062674907967448235,1.3477104848780286e-11
radial,15,4.586264387600952,0.10799999535083771,0.03302110359072685,291.2436218261719,2.062158136894626e-24,0.23571953177452087,1.385061023029266e-05,0.006267162039875984,1.3155760335281652e-11
radial,15,4.60844383471542,0.10799999535083771,0.03318079560995102,291.23687744140625,2.0140693733275795e-24,0.23572011291980743,1.3467154531099368e-05,0.0062668537721037865,1.2848970151746464e-11
radial,15,4.630709170467324,0.10799999535083771,0.03334110602736473,291.23052978515625,1.968106195469651e-24,0.2357206791639328,1.3106358892400749e-05,0.006266563665121794,1.2555743771069938e-11
radial,15,4.6530598774552345,0.10799999535083771,0.03350203111767769,291.2245178222656,1.924103534176423e-24,0.23572121560573578,1.2765891369781457e-05,0.006266290321946144,1.2275023879293467e-11
radial,15,4.675498025284873,0.10799999535083771,0.033663585782051086,291.2188415527344,1.8818923759989518e-24,0.23572170734405518,1.2443580089893658e-05,0.006266030482947826,1.2005734080500208e-11
radial,15,4.6980225791533785,0.10799999535083771,0.03382576256990433,291.2134094238281,1.841305679640557e-24,0.23572216928005219,1.2137414159951732e-05,0.006265784613788128,1.1746805785028958e-11
radial,15,4.720634056462182,0.10799999535083771,0.03398856520652771,291.20831298828125,1.8021803481090842e-24,0.2357226461172104,1.1845548215205781e-05,0.0062655494548380375,1.1497200760879345e-11
radial,15,4.743332457211283,0.10799999535083771,0.034151993691921234,291.2033386230469,1.764360384160526e-24,0.23572306334972382,1.1566307875909843e-05,0.006265325006097555,1.1255925878861373e-11
radial,15,4.766118298802111,0.10799999535083771,0.0343160517513752,291.19866943359375,1.727699059666511e-24,0.23572346568107605,1.1298170647933148e-05,0.006265109404921532,1.1022040918851062e-11
radial,15,4.788992616037528,0.10799999535083771,0.0344807468354702,291.194091796875,1.692058521183852e-24,0.23572388291358948,1.103976319427602e-05,0.00626490218564868,1.079466724340783e-11
radial,15,4.811955926318963,0.10799999535083771,0.034646082669496536,291.189697265625,1.6573091983088663e-24,0.23572425544261932,1.0789844054670539e-05,0.006264701019972563,1.0572981726242325e-11
radial,15,4.835006677442127,0.10799999535083771,0.03481204807758331,291.1854248046875,1.6233318744372526e-24,0.23572464287281036,1.0547295460128225e-05,0.006264506373554468,1.0356220221663381e-11
radial,15,4.85814745641417,0.10799999535083771,0.03497866168618202,291.1812744140625,1.5900157146118273e-24,0.23572500050067902,1.0311107871530112e-05,0.006264315918087959,1.0143674962492799e-11
radial,15,4.881377745833662,0.10799999535083771,0.035145919770002365,291.1772155761719,1.5572580683072985e-24,0.23572537302970886,1.0080373613163829e-05,0.006264130584895611,9.934694560065349e-12
radial,15,4.904696510897742,0.10799999535083771,0.035313814878463745,291.1731872558594,1.5249649624683317e-24,0.23572570085525513,9.854271411313675e-06,0.0062639485113322735,9.728677065334868e-12
radial,15,4.9281063386135635,0.10799999535083771,0.035482365638017654,291.1693115234375,1.4930494251801263e-24,0.23572605848312378,9.632063665776514e-06,0.006263769697397947,9.525067366789042e-12
radial,15,4.951606711579694,0.10799999535083771,0.035651568323373795,291.16546630859375,1.4614322745293208e-24,0.23572638630867004,9.413088264409453e-06,0.006263593677431345,9.323363261981576e-12
radial,15,4.975197629796134,0.10799999535083771,0.035821422934532166,291.16162109375,1.4300414283507005e-24,0.2357267290353775,9.196751307172235e-06,0.006263419985771179,9.123102447106124e-12
radial,15,4.998879610664315,0.10799999535083771,0.035991933196783066,291.15789794921875,1.398811904227198e-24,0.23572704195976257,8.982521649159025e-06,0.006263247691094875,8.923870323251926e-12
radial,15,5.022653171585666,0.10799999535083771,0.036163102835416794,291.1541442871094,1.3676852278442136e-24,0.23572739958763123,8.769931810093112e-06,0.006263076793402433,8.725293924871647e-12
radial,15,5.046517795158757,0.10799999535083771,0.03633492812514305,291.150390625,1.3366096302048422e-24,0.2357276976108551,8.558571607863996e-06,0.006262906361371279,8.527043654504851e-12
radial,15,5.07047606839074,0.10799999535083771,0.03650742769241333,291.146728515625,1.3055400476298732e-24,0.23572802543640137,8.348082701559179e-06,0.006262737326323986,8.328832415416265e-12
radial,15,5.094525921675894,0.10799999535083771,0.03668058663606644,291.14300537109375,1.2744379245425639e-24,0.23572835326194763,8.138160410453565e-06,0.006262568756937981,8.130413009510562e-12
radial,15,5.11866890721851,0.10799999535083771,0.03685441613197327,291.13934326171875,1.2432712134686395e-24,0.2357286810874939,7.928552804514766e-06,0.006262399721890688,7.931581606779314e-12
radial,15,5.142905025018586,0.10799999535083771,0.03702891618013382,291.1356506347656,1.2120142764286805e-24,0.23572900891304016,7.719054337940179e-06,0.00626223161816597,7.732174275854042e-12
radial,15,5.167234275076124,0.10799999535083771,0.037204086780548096,291.1319580078125,1.1806476877228958e-24,0.23572932183742523,7.5095085776411e-06,0.0062620630487799644,7.532067851367952e-12
radial,15,5.191658726996846,0.10799999535083771,0.03737994283437729,291.1282653808594,1.1491581353235097e-24,0.2357296645641327,7.299801836779807e-06,0.006261894479393959,7.33117733187072e-12
radial,15,5.216176311175029,0.10799999535083771,0.037556469440460205,291.12457275390625,1.1175388153052148e-24,0.23572997748851776,7.089866812748369e-06,0.006261725910007954,7.1294576145519706e-12
radial,15,5.2407896146178246,0.10799999535083771,0.03773368522524834,291.12091064453125,1.0857880513385875e-24,0.23573032021522522,6.87967485646368e-06,0.006261556874960661,6.926901326836932e-12
radial,15,5.265497085120943,0.10799999535083771,0.03791157901287079,291.1171875,1.0539107738042853e-24,0.2357306182384491,6.669239155598916e-06,0.006261387374252081,6.723536224301219e-12
radial,15,5.290300792290105,0.10799999535083771,0.038090165704488754,291.1134948730469,1.021916449033171e-24,0.23573096096515656,6.458607913373271e-06,0.006261217873543501,6.5194256243517046e-12
radial,15,5.31519970132245,0.10799999535083771,0.03826943784952164,291.1097717285156,9.898200653824437e-25,0.23573127388954163,6.247864803299308e-06,0.006261048838496208,6.314662768375223e-12
radial,15,5.340194847020838,0.10799999535083771,0.038449402898550034,291.1060791015625,9.576412457671208e-25,0.23573161661624908,6.037125331204152e-06,0.006260879337787628,6.109375158547259e-12
radial,15,5.36528622938527,0.10799999535083771,0.038630060851573944,291.10235595703125,9.254045434828773e-25,0.23573192954063416,5.826536380482139e-06,0.006260709837079048,5.9037176189380425e-12
radial,15,5.390475400620037,0.10799999535083771,0.038811422884464264,291.09869384765625,8.931380616994617e-25,0.2357322722673416,5.616268026642501e-06,0.0062605408020317554,5.697870127108207e-12
radial,15,5.415761843323708,0.10799999535083771,0.038993485271930695,291.0950012207031,8.60874143713988e-25,0.2357325702905655,5.406519903772278e-06,0.00626037223264575,5.4920391151513925e-12
radial,15,5.441145557496283,0.10799999535083771,0.039176248013973236,291.09130859375,8.28648682697644e-25,0.23573291301727295,5.197510745347245e-06,0.006260204128921032,5.286452699204691e-12
radial,15,5.466627060539193,0.10799999535083771,0.03935971483588219,291.0876770019531,7.965002342271721e-25,0.2357332408428192,4.98948065796867e-06,0.0062600369565188885,5.081358077363429e-12
radial,15,5.4922068698538675,0.10799999535083771,0.039543889462947845,291.08404541015625,7.644707065381623e-25,0.2357335388660431,4.782685664395103e-06,0.006259870249778032,4.877022830723776e-12
radial,15,5.517886020243168,0.10799999535083771,0.03972877934575081,291.0804138183594,7.326045716641463e-25,0.23573386669158936,4.577399522531778e-06,0.006259705405682325,4.673728851850578e-12
radial,15,5.543663994305664,0.10799999535083771,0.03991438075900078,291.07684326171875,7.009481258794995e-25,0.23573416471481323,4.373906904220348e-06,0.006259541492909193,4.471773645819965e-12
radial,15,5.569541826844215,0.10799999535083771,0.04010070115327835,291.07330322265625,6.695499334336993e-25,0.2357344925403595,4.1725061237229966e-06,0.006259379908442497,4.271465559729792e-12
radial,15,5.595519517858824,0.10799999535083771,0.04028774052858353,291.06982421875,6.384599883866143e-25,0.23573479056358337,3.973502771259518e-06,0.006259219720959663,4.073123782699639e-12
radial,15,5.621598102152348,0.10799999535083771,0.0404755063354969,291.06634521484375,6.077296653046969e-25,0.23573510348796844,3.777209940380999e-06,0.006259061861783266,3.877077044828203e-12
radial,15,5.6477770623233585,0.10799999535083771,0.04066399484872818,291.0629577636719,5.774113741343378e-25,0.23573538661003113,3.5839457268593833e-06,0.006258906330913305,3.683657979342003e-12
radial,15,5.674056398371856,0.10799999535083771,0.04085320606827736,291.0596008300781,5.475579685561867e-25,0.2357356995344162,3.3940307275770465e-06,0.006258754059672356,3.4932044236379856e-12
radial,15,5.700438697304991,0.10799999535083771,0.04104315862059593,291.05633544921875,5.182225487699263e-25,0.23573598265647888,3.2077864489110652e-06,0.0062586041167378426,3.306056166677007e-12
radial,15,5.726921889517042,0.10799999535083771,0.041233837604522705,291.05316162109375,4.89458264279046e-25,0.23573625087738037,3.0255318961280864e-06,0.006258457433432341,3.122551262696449e-12
radial,15,5.753507527212302,0.10799999535083771,0.041425254195928574,291.0500183105469,4.613175743337429e-25,0.23573654890060425,2.8475801627791952e-06,0.006258314475417137,2.9430247301676093e-12
radial,15,5.7801961277922,0.10799999535083771,0.041617412120103836,291.0469970703125,4.338520507156958e-25,0.23573680222034454,2.674237521205214e-06,0.006258174777030945,2.76780551602962e-12
radial,15,5.806986656453875,0.10799999535083771,0.041810303926467896,291.0440368652344,4.0711158887715997e-25,0.23573705554008484,2.5057984203158412e-06,0.006258039735257626,2.5972119420403228e-12
radial,15,5.833882217605909,0.10799999535083771,0.04200395196676254,291.0411682128906,3.81144062814321e-25,0.23573732376098633,2.3425457129633287e-06,0.006257908418774605,2.4315493195314897e-12
radial,15,5.860881259044012,0.10799999535083771,0.04219834506511688,291.03839111328125,3.559948566811324e-25,0.23573754727840424,2.1847436073585413e-06,0.00625778129324317,2.2711073473236087e-12
radial,15,5.887984298169613,0.10799999535083771,0.04239348694682121,291.03570556640625,3.317061991879268e-25,0.23573780059814453,2.032634256465826e-06,0.006257659289985895,2.116155124395891e-12
radial,15,5.915191852384144,0.10799999535083771,0.04258938133716583,291.0331115722656,3.0831674451905995e-25,0.23573802411556244,1.886435825326771e-06,0.006257541477680206,1.966939415162794e-12
radial,15,5.942504439089033,0.10799999535083771,0.04278603196144104,291.0306396484375,2.858606602124893e-25,0.23573823273181915,1.74634021732345e-06,0.006257428787648678,1.8236785779418563e-12
radial,15,5.969922575685713,0.10799999535083771,0.042983442544937134,291.0283203125,2.643674052926442e-25,0.23573844134807587,1.612509095139103e-06,0.006257320754230022,1.6865600712887008e-12
radial,15,5.997447296977043,0.10799999535083771,0.04318162053823471,291.02606201171875,2.43861138624747e-25,0.23573864996433258,1.4850705838398426e-06,0.006257218774408102,1.5557382855926893e-12
radial,15,6.025078085561594,0.10799999535083771,0.04338056221604347,291.0239562988281,2.243604970476836e-25,0.2357388436794281,1.3641146097143064e-06,0.006257121451199055,1.4313318325714919e-12
radial,15,6.0528154588407945,0.10799999535083771,0.04358027130365372,291.02191162109375,2.0587806535808256e-25,0.23573899269104004,1.2496948329498991e-06,0.006257029715925455,1.313421268446524e-12
radial,15,6.080659934216076,0.10799999535083771,0.04378075152635574,291.0200500488281,1.8842009281342745e-25,0.23573917150497437,1.1418256917750114e-06,0.0062569426372647285,1.2020461665970816e-12
radial,15,6.108612029088868,0.10799999535083771,0.04398200660943985,291.0182800292969,1.7198646848015347e-25,0.2357393354177475,1.0404838803879102e-06,0.006256861612200737,1.0972059849220783e-12
radial,15,6.136671226057741,0.10799999535083771,0.04418403282761574,291.0166015625,1.5657074588555076e-25,0.23573948442935944,9.45606757341011e-07,0.0062567852437496185,9.988597405793942e-13
radial,15,6.1648401121298475,0.10799999535083771,0.0443868488073349,291.0150146484375,1.4216040186274894e-25,0.235739603638649,8.57092118167202e-07,0.0062567139975726604,9.069275278689171e-13
radial,15,6.193117135100895,0.10799999535083771,0.04459044337272644,291.0135803222656,1.287371446995082e-25,0.23573973774909973,7.748024017928401e-07,0.006256647873669863,8.212924155863444e-13
radial,15,6.221503847175175,0.10799999535083771,0.044794827699661255,291.01226806640625,1.1627701274583246e-25,0.23573985695838928,6.985673621784372e-07,0.006256586406379938,7.418016938556815e-13
radial,15,6.249999730951257,0.10799999535083771,0.044999998062849045,291.0110168457031,1.0472302312727113e-25,0.23573997616767883,6.280195066210581e-07,0.006256529595702887,6.680917212682769e-13
radial,15,6.266703001326985,0.10799999535083771,0.04512026160955429,291.01031494140625,9.83743753326414e-26,0.2357400357723236,5.89335229506105e-07,0.006256498396396637,6.275898312320394e-13
radial,15,6.284949680169424,0.10799999535083771,0.04525163769721985,291.0096435546875,9.179870816063104e-26,0.23574009537696838,5.493414505508554e-07,0.006256466265767813,5.856396639337957e-13
radial,15,6.304884122477637,0.10799999535083771,0.04539516568183899,291.0088806152344,8.503523662639568e-26,0.23574015498161316,5.082744678475137e-07,0.006256433203816414,5.42491399024847e-13
radial,15,6.32666258348359,0.10799999535083771,0.04555197060108185,291.0081787109375,7.812778565100584e-26,0.23574022948741913,4.664057939862687e-07,0.006256399676203728,4.984245438252599e-13
radial,15,6.350453736053573,0.10799999535083771,0.045723266899585724,291.0075378417969,5.491097442384179e-26,0.2357402741909027,4.3028958884860913e-07,0.006256370805203915,3.503104111044625e-13
radial,15,6.376444879505369,0.10799999535083771,0.04591040313243866,291.0071105957031,1.750194537714536e-26,0.2357403188943863,3.9951530084181286e-07,0.006256346125155687,1.1165552396509223e-13
radial,15,6.404838835199675,0.10799999535083771,0.04611483961343765,291.0064697265625,0.0,0.23574037849903107,3.614628383274976e-07,0.006256315391510725,0.0
radial,15,6.4358580857515335,0.10799999535083771,0.04633817821741104,291.00567626953125,0.0,0.23574043810367584,3.177064797910134e-07,0.006256280466914177,0.0
radial,15,1.746336929500103,0.10799999535083771,0.012573625892400742,1716.9703369140625,5.936971092523891e-07,0.06062070280313492,0.08805765211582184,0.09402546286582947,0.03192181512713432
radial,15,1.7351701131297483,0.10799999535083771,0.012493224814534187,1721.0157470703125,6.488389772130176e-07,0.059509482234716415,0.08817101269960403,0.09445616602897644,0.03278437629342079
radial,15,1.7240464997788272,0.10799999535083771,0.012413134798407555,1724.8255615234375,7.091028919603559e-07,0.058415722101926804,0.08826754242181778,0.09487252682447433,0.03365984931588173
radial,15,1.7129654426955514,0.10799999535083771,0.01233335118740797,1728.53173828125,7.730998277111212e-07,0.057327236980199814,0.08835753798484802,0.09528275579214096,0.034543074667453766
radial,15,1.7019272005806367,0.10799999535083771,0.012253875844180584,1732.0660400390625,8.421621373599919e-07,0.056250352412462234,0.08843588083982468,0.09568239003419876,0.035436686128377914
radial,15,1.6909312560326524,0.1080000028014183,0.012174705043435097,1735.3524169921875,9.178048685498652e-07,0.05519219860434532,0.08849681913852692,0.09606651216745377,0.036343540996313095
radial,15,1.679977738401956,0.1080000028014183,0.012095839716494083,1738.3824462890625,1.0010210189648205e-06,0.05415382608771324,0.08854004740715027,0.09643428772687912,0.03726355731487274
radial,15,1.6690663889878325,0.1080000028014183,0.012017278000712395,1741.2340087890625,1.0907709793173126e-06,0.05312814936041832,0.08857154101133347,0.0967906191945076,0.03819359093904495
radial,15,1.658196949089567,0.1080000028014183,0.011939018033444881,1744.0283203125,1.185039536721888e-06,0.05210378021001816,0.08860045671463013,0.09714338183403015,0.039129145443439484
radial,15,1.6473692893568013,0.1080000028014183,0.011861058883368969,1746.576904296875,1.288501721319335e-06,0.05109856650233269,0.08861297369003296,0.09748001396656036,0.04007694497704506
radial,15,1.6365834097895358,0.1080000028014183,0.011783400550484657,1748.92919921875,1.4002592934048153e-06,0.05010773241519928,0.08861267566680908,0.09780379384756088,0.04103539511561394
radial,15,1.6258389223366976,0.1080000028014183,0.011706040240824223,1751.1612548828125,1.5195346350083128e-06,0.04912422224879265,0.08860541880130768,0.0981195718050003,0.042001571506261826
radial,15,1.6151358269982867,0.1080000028014183,0.011628977954387665,1753.1539306640625,1.649937644288002e-06,0.04815959557890892,0.08858264237642288,0.09841923415660858,0.042979322373867035
radial,15,1.604473994423946,0.1080000028014183,0.01155221275985241,1755.05615234375,1.78743971446238e-06,0.04719958081841469,0.08855508267879486,0.09871283173561096,0.04396362230181694
radial,15,1.5938530365626018,0.1080000028014183,0.011475741863250732,1756.738525390625,1.937664364959346e-06,0.046256717294454575,0.0885137990117073,0.0989912897348404,0.04495863616466522
radial,15,1.5832730827646124,0.1080000028014183,0.011399566195905209,1758.194580078125,2.101110567309661e-06,0.04533173888921738,0.08845832198858261,0.09925411641597748,0.04596449062228203
radial,15,1.5727337449789047,0.1080000028014183,0.011323682963848114,1759.4990234375,2.2774111130274832e-06,0.04441777989268303,0.08839437365531921,0.09950609505176544,0.046978164464235306
radial,15,1.5622350232054791,0.1080000028014183,0.011248092167079449,1760.3985595703125,2.479389650034136e-06,0.043539807200431824,0.08830486238002777,0.09972915798425674,0.04800710082054138
radial,15,1.55177665874362,0.1080000028014183,0.011172791942954063,1761.067626953125,2.699187461985275e-06,0.04268093407154083,0.08820152282714844,0.0999356284737587,0.04904596880078316
radial,15,1.54135852224297,0.1080000028014183,0.011097781360149384,1761.7723388671875,2.9240297862997977e-06,0.041815079748630524,0.08810234814882278,0.1001444011926651,0.05008677393198013
radial,15,1.5309804843531716,0.1080000028014183,0.011023059487342834,1762.552978515625,3.199107140972046e-06,0.04093749448657036,0.08801092207431793,0.10035908967256546,0.05112738534808159
radial,15,1.520642415723867,0.1080000028014183,0.010948625393211842,1763.4140625,3.5369434954191092e-06,0.04004742205142975,0.08792727440595627,0.10058034211397171,0.05216800421476364
radial,15,1.5103440576543412,0.1080000028014183,0.010874477215111256,1764.1646728515625,3.908712642441969e-06,0.03916426748037338,0.08783774822950363,0.10079371184110641,0.053215477615594864
radial,15,1.500085410144594,0.1080000028014183,0.010800614953041077,1764.3524169921875,4.343447471910622e-06,0.03833325579762459,0.08771305531263351,0.1009657010436058,0.054282333701848984
radial,15,1.4898662144939105,0.1080000028014183,0.010727036744356155,1764.12548828125,4.8322262955480255e-06,0.03753998503088951,0.08756261318922043,0.10110707581043243,0.05536434054374695
radial,15,1.479686341351933,0.1080000028014183,0.010653741657733917,1763.9276123046875,5.3406893130159006e-06,0.03674060106277466,0.08741485327482224,0.10125047713518143,0.056449148803949356
radial,15,1.4695455320179462,0.1080000028014183,0.010580727830529213,1763.7584228515625,5.868568678124575e-06,0.035935256630182266,0.08726976066827774,0.1013958752155304,0.05753659829497337
radial,15,1.459443915842308,0.1080000028014183,0.010507996194064617,1763.617431640625,6.41577798887738e-06,0.035123784095048904,0.08712726831436157,0.10154327750205994,0.05862695351243019
radial,15,1.4493811047739453,0.1080000028014183,0.010435543954372406,1763.35986328125,7.008771262917435e-06,0.0343206413090229,0.08697916567325592,0.1016814112663269,0.0597236342728138
radial,15,1.4393569694625008,0.1080000028014183,0.010363370180130005,1762.223876953125,7.791874850227032e-06,0.03360380977392197,0.08678241819143295,0.10175026953220367,0.060842305421829224
radial,15,1.4293713805576167,0.1080000028014183,0.01029147394001484,1760.3577880859375,8.746233106649015e-06,0.032958824187517166,0.08654521405696869,0.10176126658916473,0.06197945028543472
radial,15,1.419424338059293,0.1080000028014183,0.010219855234026909,1758.52294921875,9.735341336636338e-06,0.0323086641728878,0.0863104835152626,0.10177402198314667,0.06311865895986557
radial,15,1.409515453916457,0.1080000028014183,0.01014851126819849,1756.719482421875,1.0758238204289228e-05,0.03165378049015999,0.08607827126979828,0.10178849846124649,0.06425931304693222
radial,15,1.399644728129109,0.1080000028014183,0.010077442042529583,1754.946533203125,1.1814591744041536e-05,0.030994191765785217,0.08584852516651154,0.10180465877056122,0.06540150940418243
radial,15,1.3898120313468907,0.1080000028014183,0.010006646625697613,1753.2025146484375,1.2904365576105192e-05,0.0303297508507967,0.08562111109495163,0.10182246565818787,0.06654562801122665
radial,15,1.3800171048690877,0.1080000028014183,0.00993612315505743,1751.487060546875,1.4027502402313985e-05,0.02966032549738884,0.0853959172964096,0.10184188187122345,0.06769201904535294
radial,15,1.370259819345342,0.1080000028014183,0.009865870699286461,1749.798583984375,1.5183902178250719e-05,0.028985803946852684,0.0851728692650795,0.10186291486024857,0.06884092837572098
radial,15,1.3605401747756534,0.1080000028014183,0.009795889258384705,1748.13671875,1.6373442122130655e-05,0.028306078165769577,0.08495189249515533,0.10188552737236023,0.06999261677265167
radial,15,1.3508579124593072,0.1080000028014183,0.009726176969707012,1746.5010986328125,1.759586484695319e-05,0.027621125802397728,0.08473292738199234,0.10190974175930023,0.07114717364311218
radial,15,1.3412129030459456,0.1080000028014183,0.009656732901930809,1744.89111328125,1.885093115561176e-05,0.02693091332912445,0.08451594412326813,0.10193552076816559,0.07230468839406967
radial,15,1.3316050171852112,0.1080000028014183,0.00958755612373352,1743.304443359375,2.0139881598879583e-05,0.026234550401568413,0.08430065214633942,0.10196292400360107,0.07346668094396591
radial,15,1.322034125526746,0.1080000028014183,0.009518645703792572,1741.739013671875,2.1464760720846243e-05,0.02553054504096508,0.08408663421869278,0.10199207812547684,0.07463548332452774
radial,15,1.3124999693698354,0.1080000028014183,0.009449999779462814,1740.1939697265625,2.2827751308795996e-05,0.02482307329773903,0.0838746652007103,0.10202206671237946,0.07580562680959702
radial,15,1.2962962500751019,0.1080000028014183,0.009333333000540733,1735.661376953125,2.6615973183652386e-05,0.023821277543902397,0.08343296498060226,0.10190535336732864,0.07781674712896347
radial,15,1.2800925307803683,0.1080000028014183,0.009216666221618652,1729.1904296875,3.2009007554734126e-05,0.023012226447463036,0.08290603011846542,0.10161920636892319,0.07986732572317123
radial,15,1.2638889408359926,0.1080000028014183,0.009100000374019146,1722.720458984375,3.771128467633389e-05,0.022184742614626884,0.08237732946872711,0.10133224725723267,0.08194587379693985
radial,15,1.2498348951339722,0.1080000028014183,0.0089988112449646,1717.1436767578125,4.288506897864863e-05,0.02145247533917427,0.08191949874162674,0.10108485817909241,0.08376576751470566
radial,15,1.2359223587231505,0.1080000028014183,0.008898640982806683,1711.659912109375,4.821392212761566e-05,0.020715219900012016,0.0814673975110054,0.1008414477109909,0.0855809822678566
radial,15,1.222149779399236,0.1080000028014183,0.0087994784116745,1706.2650146484375,5.368967686081305e-05,0.01997304894030094,0.08102069795131683,0.10060184448957443,0.08739202469587326
radial,15,1.2085157343082957,0.1080000028014183,0.00870131328701973,1700.9503173828125,5.931294072070159e-05,0.019225429743528366,0.08057879656553268,0.10036566853523254,0.08920078724622726
radial,15,1.1950189299467537,0.1080000028014183,0.008604136295616627,1695.7120361328125,6.508122896775603e-05,0.018472187221050262,0.0801413431763649,0.10013274103403091,0.09100810438394547
radial,15,1.1816579434606764,0.1080000028014183,0.00850793719291687,1690.5482177734375,7.098969945218414e-05,0.01771344430744648,0.07970820367336273,0.09990297257900238,0.09281407296657562
radial,15,1.1684313519961305,0.1080000028014183,0.008412705734372139,1685.4549560546875,7.703570736339316e-05,0.016949035227298737,0.0792791023850441,0.0996762216091156,0.09461940824985504
radial,15,1.1553378620495398,0.1080000028014183,0.008318432606756687,1680.4232177734375,8.322401845362037e-05,0.016177725046873093,0.07885322719812393,0.09945211559534073,0.09642719477415085
radial,15,1.1423761801173289,0.1080000028014183,0.008225108496844769,1674.45947265625,9.361713455291465e-05,0.015515713952481747,0.07841043174266815,0.09913156181573868,0.0982203409075737
radial,15,1.1295448833455641,0.1080000028014183,0.008132723160088062,1667.073974609375,0.00011040554090868682,0.015023358166217804,0.07794065773487091,0.0986647754907608,0.0999874696135521
radial,15,1.1168426782306697,0.1080000028014183,0.008041267283260822,1659.269775390625,0.00012967755901627243,0.014586016535758972,0.07746375352144241,0.09815102815628052,0.10174357146024704
radial,15,1.10426827126907,0.1080000028014183,0.007950731553137302,1651.56787109375,0.0001493237359682098,0.014145217835903168,0.07699064910411835,0.09764189273118973,0.1034943237900734
radial,15,1.0918203689571884,0.1080000028014183,0.007861106656491756,1643.970458984375,0.0001693111116765067,0.013701529242098331,0.07652151584625244,0.09713749587535858,0.10523855686187744
radial,15,1.0794976777914498,0.1080000028014183,0.007772383280098438,1636.4705810546875,0.00018963048933073878,0.013254990801215172,0.07605602592229843,0.09663744270801544,0.10697714239358902
radial,15,1.0672990336186357,0.1080000028014183,0.007684553042054176,1629.0621337890625,0.00021027453476563096,0.012805573642253876,0.07559383660554886,0.09614133089780807,0.10871095210313797
radial,15,1.0552231429351702,0.1080000028014183,0.0075976066291332245,1621.740234375,0.00023123293067328632,0.012353303842246532,0.07513469457626343,0.0956488847732544,0.11044058203697205
radial,15,1.043268776912656,0.1080000028014183,0.007511535193771124,1614.50146484375,0.00025249432655982673,0.011898213997483253,0.07467839866876602,0.09515989571809769,0.11216647922992706
radial,15,1.0314347067226965,0.1080000028014183,0.007426329888403416,1607.341796875,0.0002740473719313741,0.011440316215157509,0.07422477751970291,0.09467416256666183,0.11388910561800003
radial,15,1.0197196388617158,0.1080000028014183,0.007341981399804354,1600.258544921875,0.0002958804543595761,0.010979614220559597,0.07377362251281738,0.09419150650501251,0.11560887098312378
radial,15,1.008122473851674,0.1080000028014183,0.007258481811732054,1593.2496337890625,0.0003179785271640867,0.010516162030398846,0.07332482933998108,0.09371182322502136,0.11732596904039383
radial,15,0.9966419828641746,0.1080000028014183,0.007175822276622057,1586.31396484375,0.00034032162511721253,0.010050112381577492,0.07287835329771042,0.09323512017726898,0.11904022842645645
radial,15,0.9852770664211776,0.1080000028014183,0.007093994878232479,1579.4486083984375,0.00036289935815148056,0.009581426158547401,0.07243403047323227,0.09276121854782104,0.12075216323137283
radial,15,0.9740264310191076,0.1080000028014183,0.007012990303337574,1572.6351318359375,0.00038574999780394137,0.00910892989486456,0.07199060916900635,0.09228887408971786,0.12246624380350113
radial,15,0.9628890418551035,0.1080000028014183,0.006932801101356745,1565.095458984375,0.00043457746505737305,0.008750536479055882,0.07155713438987732,0.09172886610031128,0.12410908192396164
radial,15,0.9518637347759472,0.1080000028014183,0.00685341889038682,1556.484375,0.0005215692799538374,0.008562097325921059,0.0711379423737526,0.09104079008102417,0.12564358115196228
radial,15,0.9409493456284206,0.1080000028014183,0.006774835288524628,1547.5888671875,0.000621373183093965,0.00842707883566618,0.07072379440069199,0.09031441807746887,0.12714077532291412
radial,15,0.9301447102593051,0.1080000028014183,0.006697041913866997,1538.79833984375,0.0007216478697955608,0.008291021920740604,0.07031157612800598,0.0895935446023941,0.12863029539585114
radial,15,0.9194488585409191,0.1080000028014183,0.0066200317814946175,1530.1217041015625,0.000822174537461251,0.00815422274172306,0.06990183889865875,0.08887898921966553,0.1301102638244629
radial,15,0.9088606263200443,0.1080000028014183,0.006543796509504318,1521.55126953125,0.0009229346760548651,0.008016707375645638,0.06949432939291,0.0881701335310936,0.13158166408538818
radial,15,0.898378914118641,0.1080000028014183,0.006468328181654215,1513.0789794921875,0.0010239138500764966,0.007878467440605164,0.06908877938985825,0.08746642619371414,0.1330455243587494
radial,15,0.8880026871338487,0.1080000028014183,0.00639361934736371,1504.700439453125,0.0011250722454860806,0.00773951131850481,0.06868504732847214,0.0867675170302391,0.13450239598751068
radial,15,0.8777308458876278,0.1080000028014183,0.006319662090390921,1496.4119873046875,0.0012263606768101454,0.007599847856909037,0.06828302145004272,0.08607315272092819,0.13595274090766907
radial,15,0.8675623555771179,0.1080000028014183,0.006246448960155249,1488.2099609375,0.001327729201875627,0.007459478918462992,0.06788260489702225,0.08538311719894409,0.1373969316482544
radial,15,0.857496181399458,0.1080000028014183,0.0061739725060760975,1480.09130859375,0.0014291260158643126,0.0073183937929570675,0.06748370826244354,0.0846971869468689,0.13883540034294128
radial,15,0.8475313532269664,0.1080000028014183,0.0061022257432341576,1472.0533447265625,0.0015304962871596217,0.007176578510552645,0.06708624213933945,0.08401520550251007,0.1402684599161148
radial,15,0.8376667069064246,0.1080000028014183,0.006031200289726257,1464.0936279296875,0.001631781691685319,0.007034009322524071,0.06669014692306519,0.08333698660135269,0.14169646799564362
radial,15,0.8279013369853299,0.1080000028014183,0.0059608896262943745,1456.2098388671875,0.0017329187830910087,0.006890658289194107,0.066295325756073,0.0826624184846878,0.1431196928024292
radial,15,0.818234273336,0.1080000028014183,0.005891286768019199,1448.3995361328125,0.0018338419031351805,0.006746489088982344,0.06590171903371811,0.08199133723974228,0.1445385366678238
radial,15,0.8086644164803956,0.1080000028014183,0.005822383798658848,1440.6612548828125,0.0019344791071489453,0.006601457018405199,0.06550925970077515,0.08132364600896835,0.14595326781272888
radial,15,0.7991908609660135,0.1080000028014183,0.0057541741989552975,1432.993896484375,0.002034737030044198,0.006455538794398308,0.06511794775724411,0.08065933734178543,0.14736396074295044
radial,15,0.7898127013403509,0.1080000028014183,0.005686651449650526,1425.4000244140625,0.0021344826091080904,0.006308769807219505,0.06472793966531754,0.07999865710735321,0.14877013862133026
radial,15,0.780528838125368,0.1080000028014183,0.005619807634502649,1417.879638671875,0.002233618637546897,0.006161159370094538,0.06433925032615662,0.07934164255857468,0.15017174184322357
radial,15,0.7713383658685619,0.1080000028014183,0.005553636234253645,1410.4052734375,0.0023323912173509598,0.006012120749801397,0.06395048648118973,0.07868596166372299,0.15157391130924225
radial,15,0.762240443792608,0.1080000028014183,0.005488131195306778,1402.5567626953125,0.002487695310264826,0.005959066096693277,0.0635610893368721,0.07798654586076736,0.15287666022777557
radial,15,0.7532339724194672,0.1080000028014183,0.005423284601420164,1393.897705078125,0.0027645325753837824,0.006115315016359091,0.0631728321313858,0.0771956816315651,0.1539556086063385
radial,15,0.7443181756469939,0.1080000028014183,0.005359090864658356,1384.855224609375,0.0031049116514623165,0.006381905637681484,0.0627862736582756,0.07635925710201263,0.15491238236427307
radial,15,0.735492083347506,0.1080000028014183,0.005295543000102043,1375.927490234375,0.003441318403929472,0.006643799599260092,0.062402334064245224,0.07553071528673172,0.15586458146572113
radial,15,0.7267547900685006,0.1080000028014183,0.005232634488493204,1367.143798828125,0.0037723437417298555,0.006899910978972912,0.06202244758605957,0.07471276074647903,0.15680934488773346
radial,15,0.7181054550326533,0.1080000028014183,0.005170359276235104,1358.495849609375,0.004098007921129465,0.007150290999561548,0.06164645776152611,0.07390468567609787,0.15774759650230408
radial,15,0.7095431081122823,0.1080000028014183,0.005108710378408432,1349.9732666015625,0.004418408032506704,0.0073950160294771194,0.061274100095033646,0.073105588555336,0.15868063271045685
radial,15,0.7010669085300631,0.1080000028014183,0.005047681741416454,1341.57080078125,0.004733479581773281,0.007634020876139402,0.06090526655316353,0.07231497019529343,0.15960924327373505
radial,15,0.6926760155086716,0.1080000028014183,0.0049872673116624355,1333.2841796875,0.0050430903211236,0.00786717887967825,0.06053993105888367,0.07153251022100449,0.16053412854671478
radial,15,0.6843695235956047,0.1080000028014183,0.004927460569888353,1325.1102294921875,0.005347083322703838,0.008094331249594688,0.06017807498574257,0.0707579255104065,0.1614558845758438
radial,15,0.6761466566887167,0.1080000028014183,0.00486825592815876,1317.0489501953125,0.005645190831273794,0.008315233513712883,0.059819821268320084,0.06999124586582184,0.16237477958202362
radial,15,0.6680065093355047,0.1080000028014183,0.004809646867215633,1309.105224609375,0.0059369695372879505,0.008529516868293285,0.05946551263332367,0.06923296302556992,0.16329053044319153
radial,15,0.6599482407586442,0.1080000028014183,0.004751627333462238,1301.275390625,0.006222309544682503,0.008737080730497837,0.05911510810256004,0.06848279386758804,0.1642036736011505
radial,15,0.6519710748559899,0.1080000028014183,0.004694191738963127,1293.4951171875,0.006503217853605747,0.00893925316631794,0.05876580998301506,0.06773450970649719,0.16512233018875122
radial,15,0.6440741708502173,0.1080000028014183,0.004637334030121565,1285.0452880859375,0.006942326202988625,0.009352453052997589,0.05837896838784218,0.06692877411842346,0.16580389440059662
radial,15,0.6362567526391811,0.1080000028014183,0.004581048619002104,1275.5113525390625,0.007642845623195171,0.010115152224898338,0.05793219059705734,0.0660322904586792,0.16608507931232452
radial,15,0.6285179794455568,0.1080000028014183,0.004525329452008009,1265.6414794921875,0.008436133153736591,0.011003227904438972,0.05746622756123543,0.06510733813047409,0.1662154495716095
radial,15,0.620857075167199,0.1080000028014183,0.004470170941203833,1256.0035400390625,0.009204884059727192,0.011862102895975113,0.057011425495147705,0.06420178711414337,0.16635899245738983
radial,15,0.6132731990267833,0.1080000028014183,0.00441556703299284,1246.6514892578125,0.009944598190486431,0.012686848640441895,0.05657055601477623,0.06332063674926758,0.16651496291160583
radial,15,0.6057657042725219,0.1080000028014183,0.0043615130707621574,1237.55810546875,0.010657334700226784,0.013479870744049549,0.056142549961805344,0.06246137619018555,0.16668356955051422
radial,15,0.5983336854519116,0.1080000028014183,0.004308002535253763,1228.6961669921875,0.01134511549025774,0.014243494719266891,0.05572628229856491,0.061621423810720444,0.16686521470546722
radial,15,0.5909764958131645,0.1080000028014183,0.004255030769854784,1220.0518798828125,0.01200883835554123,0.014978764578700066,0.05532127246260643,0.0607994943857193,0.1670602709054947
radial,15,0.5836932945789562,0.1080000028014183,0.004202591720968485,1211.6170654296875,0.012649018317461014,0.015686282888054848,0.05492722988128662,0.05999476835131645,0.16726897656917572
radial,15,0.576483434997499,0.1080000028014183,0.004150680731981993,1203.38330078125,0.013266102410852909,0.01636657491326332,0.054543908685445786,0.059206485748291016,0.16749171912670135
radial,15,0.5693460762914684,0.1080000028014183,0.0040992917492985725,1195.34326171875,0.013860491104424,0.01702009327709675,0.05417105555534363,0.05843391269445419,0.16772882640361786
radial,15,0.5622805717090765,0.1080000028014183,0.004048420116305351,1187.490478515625,0.014432506635785103,0.01764720305800438,0.05380846560001373,0.05767640471458435,0.16798076033592224
radial,15,0.5552860804729992,0.1080000028014183,0.003998059779405594,1179.8203125,0.014982257969677448,0.018248019739985466,0.05345603823661804,0.056933555752038956,0.16824784874916077
radial,15,0.5483620205066271,0.1080000028014183,0.003948206547647715,1172.334228515625,0.015509508550167084,0.018822280690073967,0.0531139150261879,0.05620543658733368,0.16853037476539612
radial,15,0.5415076803829935,0.1080000028014183,0.003898855298757553,1165.023193359375,0.016014665365219116,0.0193704254925251,0.052781783044338226,0.05549120903015137,0.16882885992527008
radial,15,0.5347222193247743,0.1080000028014183,0.0038499999791383743,1157.8408203125,0.016500264406204224,0.019895154982805252,0.05245780572295189,0.054786037653684616,0.16914667189121246
radial,15,0.5231481433535615,0.1080000028014183,0.0037666666321456432,1143.9444580078125,0.017741117626428604,0.021321482956409454,0.05177965760231018,0.053466178476810455,0.16908839344978333
radial,15,0.5115740673823489,0.1080000028014183,0.003683333285152912,1127.623779296875,0.019590869545936584,0.023531440645456314,0.050917476415634155,0.05197732895612717,0.16813884675502777
radial,15,0.49999999141113627,0.1080000028014183,0.003599999938160181,1111.000732421875,0.021546876057982445,0.025881925597786903,0.05003131553530693,0.05047208070755005,0.16700345277786255
radial,15,0.4868421173240576,0.1080000028014183,0.0035052632447332144,1093.3837890625,0.023563092574477196,0.02829824574291706,0.0491083525121212,0.048866160213947296,0.16591854393482208
radial,15,0.47368421089938945,0.1080000028014183,0.003410526318475604,1077.1541748046875,0.02536270022392273,0.030448338016867638,0.04827522113919258,0.04737461730837822,0.16504016518592834
radial,15,0.460526272137132,0.1080000028014183,0.00331578915938735,1061.77978515625,0.02700725384056568,0.03240618482232094,0.047504324465990067,0.04594793915748596,0.16433477401733398
radial,15,0.4473684303876427,0.1080000028014183,0.003221052698791027,1044.8616943359375,0.029022453352808952,0.03483940660953522,0.046610236167907715,0.04442117363214493,0.16309854388237
radial,15,0.43421052396297455,0.1080000028014183,0.0031263157725334167,1024.4757080078125,0.031914521008729935,0.038397252559661865,0.04542488604784012,0.042685963213443756,0.16057193279266357
radial,15,0.4210526175383065,0.1080000028014183,0.0030315788462758064,1003.3999633789062,0.03506492078304291,0.04229310527443886,0.044166628271341324,0.040935613214969635,0.15758538246154785
radial,15,0.4078947434512278,0.1080000028014183,0.0029368421528488398,984.5735473632812,0.037781085819005966,0.04565150663256645,0.04307752102613449,0.03935624659061432,0.15510088205337524
radial,15,0.39473683702655965,0.1080000028014183,0.0028421052265912294,968.0794067382812,0.04005540907382965,0.04846315458416939,0.042161744087934494,0.037950754165649414,0.15312576293945312
radial,15,0.38157896293948096,0.1080000028014183,0.0027473685331642628,953.5712890625,0.04197026416659355,0.050822947174310684,0.04138725996017456,0.03669555485248566,0.15156371891498566
radial,15,0.36842105651481283,0.1080000028014183,0.0026526316069066525,940.5753784179688,0.04360620677471161,0.052830033004283905,0.04072234407067299,0.03555192053318024,0.15033121407032013
radial,15,0.35526315009014475,0.1080000028014183,0.002557894680649042,928.25439453125,0.04509764537215233,0.05465247482061386,0.04011537507176399,0.03445233777165413,0.14928729832172394
radial,15,0.34210527600306606,0.1080000028014183,0.0024631579872220755,913.316162109375,0.04724370315670967,0.05731521174311638,0.039285365492105484,0.033215027302503586,0.14726392924785614
radial,15,0.32894736957839793,0.1080000028014183,0.002368421060964465,896.4410400390625,0.049927711486816406,0.06067124009132385,0.038275815546512604,0.03189533203840256,0.14439043402671814
radial,15,0.31578946315372985,0.1080000028014183,0.002273684134706855,881.5875854492188,0.05223315209150314,0.06354732066392899,0.037410181015729904,0.030724959447979927,0.14197395741939545
radial,15,0.30263158906665116,0.1080000028014183,0.002178947441279888,869.0151977539062,0.05412100628018379,0.06589468568563461,0.03670212998986244,0.029720785096287727,0.1400601714849472
radial,15,0.28947368264198303,0.1080000028014183,0.002084210515022278,857.9491577148438,0.05572432652115822,0.06788048893213272,0.036101825535297394,0.02882269211113453,0.1384989321231842
radial,15,0.27631577621731496,0.1080000028014183,0.0019894735887646675,845.4036865234375,0.05772639811038971,0.07038301974534988,0.03536299243569374,0.027867166325449944,0.13630551099777222
radial,15,0.2631579021302362,0.1080000028014183,0.0018947368953377008,831.9007568359375,0.060008421540260315,0.0732528492808342,0.03453206270933151,0.026883631944656372,0.133641317486763
radial,15,0.24999999570556813,0.1080000028014183,0.0017999999690800905,820.6807250976562,0.06181915104389191,0.07552328705787659,0.033879201859235764,0.026043785735964775,0.13160084187984467
radial,15,0.23684210544969472,0.1080000028014183,0.001705263159237802,811.5685424804688,0.0632241889834404,0.07727648317813873,0.03337601572275162,0.0253435131162405,0.13008400797843933
radial,15,0.22368421519382134,0.1080000028014183,0.0016105263493955135,803.94970703125,0.06435626745223999,0.07868167012929916,0.03297286108136177,0.02474571205675602,0.1289099156856537
radial,15,0.21052630876915324,0.1080000028014183,0.0015157894231379032,797.5087890625,0.06527499854564667,0.07981491088867188,0.03264790400862694,0.024228494614362717,0.12800303101539612
radial,15,0.19736841851327983,0.1080000028014183,0.0014210526132956147,792.0887451171875,0.06601297110319138,0.08071822673082352,0.03238905966281891,0.023781798779964447,0.12731929123401642
radial,15,0.18421052825740641,0.1080000028014183,0.0013263158034533262,787.5406494140625,0.06659961491823196,0.08142942935228348,0.03218545392155647,0.02339594066143036,0.12681984901428223
radial,15,0.17105263800153303,0.1080000028014183,0.0012315789936110377,783.6646728515625,0.06706833839416504,0.08199064433574677,0.03202497959136963,0.02305622026324272,0.1264658272266388
radial,15,0.15789473157686493,0.1080000028014183,0.0011368420673534274,779.1526489257812,0.06771206110715866,0.08278002589941025,0.03180137276649475,0.02269551157951355,0.1258300393819809
radial,15,0.14473684132099152,0.1080000028014183,0.001042105257511139,773.5535888671875,0.06863719969987869,0.08393578976392746,0.031475745141506195,0.02229323610663414,0.12475189566612244
radial,15,0.1315789510651181,0.1080000028014183,0.0009473684476688504,769.1986083984375,0.06931274384260178,0.08477269858121872,0.03124195896089077,0.021965140476822853,0.12401115894317627
radial,15,0.11842105272484736,0.1080000028014183,0.000852631579618901,766.7362060546875,0.06959660351276398,0.08510760217905045,0.031151199713349342,0.02174457348883152,0.12381413578987122
radial,15,0.10526315438457662,0.1080000028014183,0.0007578947115689516,764.9810180664062,0.06976049393415451,0.08529112488031387,0.031102875247597694,0.021573347970843315,0.12376215308904648
radial,15,0.09210526412870321,0.1080000028014183,0.0006631579017266631,763.634033203125,0.06986582279205322,0.08540216833353043,0.031074564903974533,0.021434372290968895,0.12376998364925385
radial,15,0.07894736578843246,0.1080000028014183,0.0005684210336767137,762.6094970703125,0.06992876529693604,0.0854615792632103,0.03106040507555008,0.02132229506969452,0.12381604313850403
radial,15,0.06578947553255905,0.1080000028014183,0.0004736842238344252,761.8441162109375,0.06996184587478638,0.08548565208911896,0.031055808067321777,0.021233385428786278,0.12388300150632858
radial,15,0.05263157719228831,0.1080000028014183,0.0003789473557844758,761.2854614257812,0.0699753537774086,0.0854877233505249,0.03105701506137848,0.021164538338780403,0.12395671755075455
radial,15,0.03947368289421623,0.1080000028014183,0.00028421051683835685,760.8930053710938,0.06997749954462051,0.08547844737768173,0.031061021611094475,0.021113421767950058,0.12402570992708206
radial,15,0.026315788596144155,0.1080000028014183,0.0001894736778922379,760.6353759765625,0.06997455656528473,0.08546604216098785,0.03106551244854927,0.021078262478113174,0.12408112734556198
radial,15,0.013157894298072077,0.1080000028014183,9.473683894611895e-05,760.4896850585938,0.0699710100889206,0.08545628190040588,0.03106885775923729,0.021057680249214172,0.12411684542894363
radial,15,0.0,0.1080000028014183,0.0,760.4425048828125,0.0699695348739624,0.08545263856649399,0.031070081517100334,0.021050896495580673,0.12412918359041214
radial,15,10.700511435667673,0.10799999535083771,0.07704368233680725,290.9999694824219,0.0,0.23574094474315643,0.0,0.006256024353206158,0.0
radial,15,10.489836956063906,0.10799999535083771,0.07552682608366013,290.9999694824219,0.0,0.23574094474315643,2.6781197051684025e-11,0.006256024353206158,0.0
radial,15,10.286953507198229,0.10799999535083771,0.07406606525182724,290.9999694824219,0.0,0.23574094474315643,5.7542949571942614e-11,0.006256024353206158,0.0
radial,15,10.091572379072508,0.10799999535083771,0.07265932112932205,290.9999694824219,0.0,0.23574094474315643,6.153273723885633e-11,0.006256024353206158,0.0
radial,15,9.903417279322943,0.10799999535083771,0.07130460441112518,290.9999694824219,0.0,0.23574094474315643,6.076682212974305e-11,0.006256024353206158,0.0
radial,15,9.722222263614336,0.10799999535083771,0.07000000029802322,290.9999694824219,0.0,0.23574094474315643,6.02556407547361e-11,0.006256024353206158,0.0
radial,15,9.413060421744982,0.10799999535083771,0.06777403503656387,290.9999694824219,0.0,0.23574094474315643,6.382616657418794e-11,0.006256024353206158,0.0
radial,15,9.130064605010881,0.10799999535083771,0.06573646515607834,290.9999694824219,0.0,0.23574094474315643,7.554887965222079e-11,0.006256024353206158,0.0
radial,15,8.871020335290167,0.10799999535083771,0.0638713464140892,290.9999694824219,0.0,0.23574094474315643,9.609674861410511e-11,0.006256024353206158,0.0
radial,15,8.633899916377333,0.10799999535083771,0.062164079397916794,290.9999694824219,0.0,0.23574094474315643,1.3152914868364007e-10,0.006256024353206158,0.0
radial,15,8.416848981546032,0.10799999535083771,0.060601312667131424,290.9999694824219,0.0,0.23574094474315643,1.9322085598183492e-10,0.006256024353206158,0.0
radial,15,8.21816786709759,0.10799999535083771,0.059170808643102646,290.9999694824219,0.0,0.23574094474315643,2.997785353286986e-10,0.006256024818867445,0.0
radial,15,8.036301781733831,0.10799999535083771,0.05786137282848358,290.9999694824219,0.0,0.23574094474315643,5.053082952066745e-10,0.006256024818867445,0.0
radial,15,7.869828906324175,0.1080000028014183,0.05666276812553406,291.0,0.0,0.23574094474315643,8.760628888992983e-10,0.00625602575019002,0.0
radial,15,7.71744487186273,0.1080000028014183,0.05556560307741165,291.0000305175781,0.0,0.23574094474315643,1.493447143730009e-09,0.006256026215851307,0.0
radial,15,7.577958102855417,0.1080000028014183,0.054561298340559006,291.0000305175781,0.0,0.23574094474315643,2.4902697681739028e-09,0.006256026681512594,0.0
radial,15,7.450276882284218,0.1080000028014183,0.053641993552446365,291.00006103515625,0.0,0.23574094474315643,4.055119795509654e-09,0.006256028078496456,0.0
radial,15,7.333401590585709,0.1080000028014183,0.0528004914522171,291.0001220703125,0.0,0.23574092984199524,6.448010125836845e-09,0.006256029941141605,0.0
radial,15,7.226418496833907,0.1080000028014183,0.05203021317720413,291.00018310546875,0.0,0.23574092984199524,1.0010222872836039e-08,0.006256032735109329,0.0
radial,15,7.12848992811309,0.1080000028014183,0.051325127482414246,291.000244140625,0.0,0.23574092984199524,1.5159249855400958e-08,0.006256036926060915,0.0
radial,15,7.0388490955034895,0.1080000028014183,0.05067971348762512,291.0003967285156,0.0,0.23574091494083405,2.2368377372572468e-08,0.00625604297965765,0.0
radial,15,6.956795437468423,0.1080000028014183,0.050088927149772644,291.00054931640625,0.0,0.23574090003967285,3.2127914550983405e-08,0.006256050895899534,0.0
radial,15,6.881686341431406,0.1080000028014183,0.04954814165830612,291.00079345703125,0.0,0.23574087023735046,4.490032168291691e-08,0.006256061140447855,0.0
radial,15,6.81293403936757,0.1080000028014183,0.0490531250834465,291.0010681152344,0.0,0.23574085533618927,6.107689642931291e-08,0.0062560741789639,0.0
radial,15,6.75000095119079,0.1080000028014183,0.048600006848573685,291.00140380859375,0.0,0.23574082553386688,8.093808645526224e-08,0.006256090011447668,0.0
radial,15,6.692393475936519,0.1080000028014183,0.048185233026742935,291.0018615722656,0.0,0.2357407808303833,1.0462827759738502e-07,0.00625610863789916,0.0
radial,15,6.639662509163221,0.1080000028014183,0.04780557006597519,291.0023498535156,0.0,0.23574073612689972,1.3214349792178837e-07,0.006256130523979664,0.0
radial,15,6.5913936123251915,0.1080000028014183,0.04745803400874138,291.00286865234375,0.0,0.23574069142341614,1.6333390817635518e-07,0.0062561556696891785,0.0
radial,15,6.547211151984003,0.1080000028014183,0.04713992029428482,291.0035400390625,0.0,0.23574064671993256,1.979143746666523e-07,0.006256184075027704,0.0
radial,15,6.506766916977035,0.1080000028014183,0.04684872180223465,291.00421142578125,0.0,0.23574058711528778,2.354879882204841e-07,0.006256214343011379,0.0
radial,15,6.469745809833209,0.1080000028014183,0.0465821698307991,291.00494384765625,0.0,0.2357405126094818,2.75575160912922e-07,0.006256246007978916,0.0
radial,15,6.435858603152964,0.1080000028014183,0.04633818194270134,291.00567626953125,0.0,0.23574045300483704,3.177064797910134e-07,0.006256280466914177,0.0
radial,15,12.70483247935772,0.10799999535083771,0.09147479385137558,290.9999694824219,0.0,0.23574094474315643,0.0,0.006256024353206158,0.0
radial,15,12.420033001237446,0.10799999535083771,0.0894242376089096,290.9999694824219,0.0,0.23574094474315643,0.0,0.006256024353206158,0.0
radial,15,13.000570858518284,0.10799999535083771,0.09360411018133163,290.9999694824219,0.0,0.23574094474315643,0.0,0.006256024353206158,0.0
radial,15,13.30766412946913,0.10799999535083771,0.09581518173217773,290.9999694824219,0.0,0.23574094474315643,0.0,0.006256024353206158,0.0
radial,15,13.626553118228912,0.10799999535083771,0.09811118245124817,290.9999694824219,0.0,0.23574094474315643,0.0,0.006256024353206158,0.0
radial,15,13.957686929239168,0.10799999535083771,0.100495345890522,290.9999694824219,0.0,0.23574094474315643,0.0,0.006256024353206158,0.0
radial,15,14.301538467407227,0.10799999535083771,0.10297107696533203,290.9999694824219,0.0,0.23574094474315643,0.0,0.006256024353206158,0.0
radial,15,14.658595124880474,0.10799999535083771,0.1055418848991394,290.9999694824219,0.0,0.23574094474315643,0.0,0.006256024353206158,0.0
radial,15,15.02936292025778,0.10799999535083771,0.10821141302585602,290.9999694824219,0.0,0.23574094474315643,0.0,0.006256024353206158,0.0
radial,15,15.414368568195238,0.10799999535083771,0.1109834536910057,290.9999694824219,0.0,0.23574094474315643,0.0,0.006256024353206158,0.0
radial,15,15.814160514209005,0.10799999535083771,0.11386195570230484,290.9999694824219,0.0,0.23574094474315643,0.0,0.006256024353206158,0.0
radial,15,16.229305830266743,0.10799999535083771,0.11685100197792053,290.9999694824219,0.0,0.23574094474315643,0.0,0.006256024353206158,0.0
radial,15,16.66039435399903,0.10799999535083771,0.11995483934879303,290.9999694824219,0.0,0.23574094474315643,0.0,0.006256024353206158,0.0
radial,15,17.10803558429082,0.10799999535083771,0.12317785620689392,290.9999694824219,0.0,0.23574094474315643,0.0,0.006256024353206158,0.0
radial,15,17.572871098915737,0.10799999535083771,0.1265246719121933,290.9999694824219,0.0,0.23574094474315643,0.0,0.006256024353206158,0.0
radial,15,18.055554893281727,0.10799999535083771,0.12999999523162842,290.9999694824219,0.0,0.23574094474315643,0.0,0.006256024353206158,0.0
radial,15,18.337727006938724,0.10799999535083771,0.1320316344499588,290.9999694824219,0.0,0.23574094474315643,0.0,0.006256024353206158,0.0
radial,15,18.62480408615536,0.10799999535083771,0.1340985894203186,290.9999694824219,0.0,0.23574094474315643,0.0,0.006256024353206158,0.0
radial,15,18.91687098476622,0.10799999535083771,0.13620147109031677,290.9999694824219,0.0,0.23574094474315643,0.0,0.006256024353206158,0.0
radial,15,19.21401462621159,0.10799999535083771,0.13834090530872345,290.9999694824219,0.0,0.23574094474315643,0.0,0.006256024353206158,0.0
radial,15,19.51632607314322,0.10799999535083771,0.14051754772663116,290.9999694824219,0.0,0.23574094474315643,0.0,0.006256024353206158,0.0
radial,15,19.823892249001396,0.10799999535083771,0.14273202419281006,290.9999694824219,0.0,0.23574094474315643,0.0,0.006256024353206158,0.0
radial,15,20.13680421643787,0.10799999535083771,0.14498499035835266,290.9999694824219,0.0,0.23574094474315643,0.0,0.006256024353206158,0.0
radial,15,20.455155107710098,0.10799999535083771,0.1472771167755127,290.9999694824219,0.0,0.23574094474315643,0.0,0.006256024353206158,0.0
radial,15,20.779042194286983,0.10799999535083771,0.14960910379886627,290.9999694824219,0.0,0.23574094474315643,0.0,0.006256024353206158,0.0
radial,15,21.10856067803171,0.10799999535083771,0.1519816368818283,290.9999694824219,0.0,0.23574094474315643,0.0,0.006256024353206158,0.0
radial,15,21.44380576080746,0.10799999535083771,0.15439540147781372,290.9999694824219,0.0,0.23574094474315643,0.0,0.006256024353206158,0.0
radial,15,21.784880922900307,0.10799999535083771,0.1568511426448822,290.9999694824219,0.0,0.23574094474315643,0.0,0.006256024353206158,0.0
radial,15,22.131883435779148,0.10799999535083771,0.15934956073760986,290.9999694824219,0.0,0.23574094474315643,0.0,0.006256024353206158,0.0
radial,15,22.484918849335777,0.10799999535083771,0.1618914157152176,290.9999694824219,0.0,0.23574094474315643,0.0,0.006256024353206158,0.0
radial,15,22.84408857425054,0.10799999535083771,0.16447743773460388,290.9999694824219,0.0,0.23574094474315643,0.0,0.006256024353206158,0.0
radial,15,23.209508508443832,0.10799999535083771,0.1671084612607956,290.9999694824219,0.0,0.23574094474315643,0.0,0.006256024353206158,0.0
radial,15,23.58127592338456,0.10799999535083771,0.16978518664836884,290.9999694824219,0.0,0.23574094474315643,0.0,0.006256024353206158,0.0
radial,15,23.959510856204563,0.10799999535083771,0.17250847816467285,290.9999694824219,0.0,0.23574094474315643,0.0,0.006256024353206158,0.0
radial,15,24.344316787189907,0.10799999535083771,0.17527908086776733,290.9999694824219,0.0,0.23574094474315643,0.0,0.006256024353206158,0.0
radial,15,24.735811683866714,0.10799999535083771,0.17809784412384033,290.9999694824219,0.0,0.23574094474315643,0.0,0.006256024353206158,0.0
radial,15,25.134115583366818,0.10799999535083771,0.1809656322002411,290.9999694824219,0.0,0.23574094474315643,0.0,0.006256024353206158,0.0
radial,15,25.539342314004898,0.10799999535083771,0.18388326466083527,290.9999694824219,0.0,0.23574094474315643,0.0,0.006256024353206158,0.0
radial,15,25.951618121729958,0.10799999535083771,0.1868516504764557,290.9999694824219,0.0,0.23574094474315643,0.0,0.006256024353206158,0.0
radial,15,26.37105476525095,0.10799999535083771,0.18987159430980682,290.9999694824219,0.0,0.23574094474315643,0.0,0.006256024353206158,0.0
radial,15,26.797784699334038,0.10799999535083771,0.19294404983520508,290.9999694824219,0.0,0.23574094474315643,0.0,0.006256024353206158,0.0
radial,15,27.231936239533955,0.10799999535083771,0.19606994092464447,290.9999694824219,0.0,0.23574094474315643,0.0,0.006256024353206158,0.0
radial,15,27.673633562193977,0.10799999535083771,0.19925016164779663,290.9999694824219,0.0,0.23574094474315643,0.0,0.006256024353206158,0.0
radial,15,28.123007052474552,0.10799999535083771,0.20248565077781677,290.9999694824219,0.0,0.23574094474315643,0.0,0.006256024353206158,0.0
radial,15,28.58019537395901,0.10799999535083771,0.20577740669250488,290.9999694824219,0.0,0.23574094474315643,0.0,0.006256024353206158,0.0
radial,15,29.045330981413525,0.10799999535083771,0.20912638306617737,290.9999694824219,0.0,0.23574094474315643,0.0,0.006256024353206158,0.0
radial,15,29.518550468815697,0.10799999535083771,0.21253356337547302,290.9999694824219,0.0,0.23574094474315643,0.0,0.006256024353206158,0.0
radial,15,30.000000778171753,0.10799999535083771,0.2160000056028366,290.9999694824219,0.0,0.23574094474315643,0.0,0.006256024353206158,0.0
radial,30,4.975197629796134,0.21599999070167542,0.035821422934532166,654.0003662109375,1.7143885442538363e-15,0.20170018076896667,0.021998869255185127,0.02395905740559101,2.1392743292381056e-05
radial,30,4.998879093262884,0.21599999070167542,0.03599192947149277,646.7407836914062,1.4932786401861001e-15,0.20244044065475464,0.021522419527173042,0.023574430495500565,1.91771614481695e-05
radial,30,5.022653171585666,0.21599999070167542,0.036163102835416794,639.5018310546875,1.283795004473258e-15,0.2031780183315277,0.02104761078953743,0.023191194981336594,1.70613857335411e-05
radial,30,5.046518312560187,0.21599999070167542,0.03633493185043335,632.2810668945312,1.0856880800332253e-15,0.20391316711902618,0.020574260503053665,0.022809211164712906,1.5043059647723567e-05
radial,30,5.07047606839074,0.21599999070167542,0.03650742769241333,625.0795288085938,8.988278473085983e-16,0.2046457827091217,0.02010244131088257,0.02242852747440338,1.3120994481141679e-05
radial,30,5.094525921675894,0.21599999070167542,0.03668058663606644,617.9007568359375,7.2315961973472005e-16,0.2053755521774292,0.01963237300515175,0.022049326449632645,1.1294763680780306e-05
radial,30,5.11866890721851,0.21599999070167542,0.03685441613197327,610.7237548828125,5.581056679020038e-16,0.2061046063899994,0.01916266791522503,0.02167048119008541,9.558298188494518e-06
radial,30,5.142905025018586,0.21599999070167542,0.03702891618013382,603.424560546875,4.154237885001846e-16,0.20684069395065308,0.018688207492232323,0.021287951618433,8.009385055629537e-06
radial,30,5.167234275076124,0.21599999070167542,0.037204086780548096,595.8248901367188,3.2919318749173663e-16,0.2075885534286499,0.01820557750761509,0.020899180322885513,6.942386789887678e-06
radial,30,5.191658726996846,0.21599999070167542,0.03737994283437729,588.0196533203125,2.9206124831757823e-16,0.20834018290042877,0.017720041796565056,0.020508360117673874,6.303318514255807e-06
radial,30,5.216176828576459,0.21599999070167542,0.037556473165750504,580.2759399414062,2.656577225742244e-16,0.20908226072788239,0.017240572720766068,0.02012249268591404,5.770512871094979e-06
radial,30,5.2407896146178246,0.21599999070167542,0.03773368522524834,572.6958618164062,2.408759472875073e-16,0.20980805158615112,0.016771584749221802,0.019745074212551117,5.268522727419622e-06
radial,30,5.265497085120943,0.21599999070167542,0.03791157901287079,565.274169921875,2.1768426460102338e-16,0.21051810681819916,0.01631275564432144,0.019375840201973915,4.796806933882181e-06
radial,30,5.290300274888675,0.21599999070167542,0.038090161979198456,557.98828125,1.9598816416670472e-16,0.2112145721912384,0.015862684696912766,0.019013669341802597,4.353547865321161e-06
radial,30,5.31519970132245,0.21599999070167542,0.03826943784952164,550.822998046875,1.757152776071203e-16,0.21189890801906586,0.01542042475193739,0.01865779608488083,3.937363999284571e-06
radial,30,5.340194847020838,0.21599999070167542,0.038449402898550034,543.7681884765625,1.5680849637277945e-16,0.2125721126794815,0.014985348097980022,0.018307719379663467,3.5471773571771337e-06
radial,30,5.3652867467867,0.21599999070167542,0.03863006457686424,536.8151245117188,1.3921432503910715e-16,0.213235005736351,0.014556901529431343,0.01796298660337925,3.1819786272535566e-06
radial,30,5.390475918021467,0.21599999070167542,0.03881142660975456,529.9555053710938,1.228815048779047e-16,0.21388842165470123,0.014134570024907589,0.017623187974095345,2.840798742909101e-06
radial,30,5.415761843323708,0.21599999070167542,0.038993485271930695,523.1820678710938,1.0776168221928473e-16,0.2145330309867859,0.013717900961637497,0.017287958413362503,2.5227220703527564e-06
radial,30,5.441145557496283,0.21599999070167542,0.039176248013973236,516.4884643554688,9.380919007598938e-17,0.2151694893836975,0.013306491076946259,0.01695697009563446,2.2268832253757864e-06
radial,30,5.466627060539193,0.21599999070167542,0.03935971483588219,509.8689270019531,8.098073050603519e-17,0.21579831838607788,0.01289997436106205,0.016629930585622787,1.95246093426249e-06
radial,30,5.492207387255298,0.21599999070167542,0.039543893188238144,503.31817626953125,6.923518932425583e-17,0.21642006933689117,0.012498024851083755,0.016306577250361443,1.6986738273772062e-06
radial,30,5.517886537644598,0.21599999070167542,0.03972878307104111,496.8316650390625,5.853353684062858e-17,0.2170351892709732,0.012100346386432648,0.015986671671271324,1.4647780517407227e-06
radial,30,5.543664511707094,0.21599999070167542,0.03991438448429108,490.40509033203125,4.883871536371108e-17,0.21764406561851501,0.011706669814884663,0.01566999778151512,1.2500654520408716e-06
radial,30,5.569541826844215,0.21599999070167542,0.04010070115327835,484.03436279296875,4.0115314945841153e-17,0.21824714541435242,0.011316734366118908,0.015356345102190971,1.053855612553889e-06
radial,30,5.595519517858824,0.21599999070167542,0.04028774052858353,477.7158203125,3.232989102049206e-17,0.21884477138519287,0.01093030534684658,0.015045520849525928,8.755027351980971e-07
radial,30,5.621597584750917,0.21599999070167542,0.040475502610206604,471.4478454589844,2.5453019118914055e-17,0.2194371223449707,0.010547278448939323,0.014737443998456001,7.144436153794231e-07
radial,30,5.6477770623233585,0.21599999070167542,0.04066399484872818,465.23138427734375,1.9459086420620054e-17,0.22002407908439636,0.010167695581912994,0.014432148076593876,5.70198437799263e-07
radial,30,5.674056915773286,0.21599999070167542,0.04085320979356766,459.0563659667969,1.4315569838285696e-17,0.22060668468475342,0.0097909364849329,0.014129132963716984,4.420974164531799e-07
radial,30,5.700438697304991,0.21599999070167542,0.04104315862059593,452.86767578125,1.0028987555137899e-17,0.2211892008781433,0.00941420253366232,0.013826150447130203,3.303588300695992e-07
radial,30,5.726921889517042,0.21599999070167542,0.041233837604522705,446.5548400878906,6.854236104115489e-18,0.22177650034427643,0.009034344926476479,0.013520664535462856,2.419417342025554e-07
radial,30,5.753507527212302,0.21599999070167542,0.041425254195928574,440.130859375,4.632473232960828e-18,0.22236613929271698,0.008652952499687672,0.013213953003287315,1.7525118778394244e-07
radial,30,5.780195610390769,0.21599999070167542,0.04161740839481354,433.74542236328125,2.8058764607089812e-18,0.22294971346855164,0.008275464177131653,0.012910384684801102,1.1859920334700291e-07
radial,30,5.806986656453875,0.21599999070167542,0.041810303926467896,427.4823303222656,1.244338238618753e-18,0.22352167963981628,0.007905485108494759,0.012612858787178993,6.941883157196571e-08
radial,30,5.833881700204478,0.21599999070167542,0.042003948241472244,421.35101318359375,2.730559132695402e-19,0.22408121824264526,0.007543520070612431,0.012321787886321545,3.75356421500328e-08
radial,30,5.860880741642581,0.21599999070167542,0.042198341339826584,415.3394775390625,6.2663309642024695e-21,0.2246294617652893,0.0071888333186507225,0.012036582455039024,2.6613113490725482e-08
radial,30,5.887984298169613,0.21599999070167542,0.04239348694682121,409.43243408203125,5.533813660275963e-21,0.22516778111457825,0.006840568967163563,0.01175654586404562,2.3745933219743165e-08
radial,30,5.915191334982714,0.21599999070167542,0.042589377611875534,403.61962890625,4.8367237588150216e-21,0.22569704055786133,0.006498150527477264,0.011481208726763725,2.1015667428514462e-08
radial,30,2.191284050544103,0.21599999070167542,0.01577724516391754,1741.662109375,3.867200248919289e-08,0.06441475450992584,0.09201743453741074,0.09391552209854126,0.022340625524520874
radial,30,2.178405152840747,0.21599999070167542,0.015684517100453377,1744.9307861328125,4.0492832198424367e-08,0.06377209722995758,0.09216085076332092,0.09421365708112717,0.02269032783806324
radial,30,2.165575666973988,0.2160000056028366,0.015592144802212715,1748.1983642578125,4.231322492387335e-08,0.06313015520572662,0.09230495244264603,0.09451155364513397,0.023038551211357117
radial,30,2.1527961103452578,0.2160000056028366,0.015500131994485855,1751.4649658203125,4.4132487886372473e-08,0.06248888745903969,0.09244973212480545,0.09480924159288406,0.02338533103466034
radial,30,2.1400651894509792,0.2160000056028366,0.01540846936404705,1754.7305908203125,4.594985369976712e-08,0.06184827536344528,0.0925951823592186,0.09510672837495804,0.02373068407177925
radial,30,2.1273834216925835,0.2160000056028366,0.0153171606361866,1757.995361328125,4.776450879262484e-08,0.06120830774307251,0.09274130314588547,0.09540404379367828,0.024074623361229897
radial,30,2.1147505483693547,0.2160000056028366,0.015226203948259354,1761.259033203125,4.957554367024386e-08,0.06056904047727585,0.09288804978132248,0.09570115059614182,0.024417124688625336
radial,30,2.1021661814302206,0.2160000056028366,0.015135596506297588,1764.521240234375,5.138199554721723e-08,0.05993051454424858,0.09303541481494904,0.09599803388118744,0.024758173152804375
radial,30,2.0896301915248237,0.2160000056028366,0.01504533737897873,1767.783203125,5.318383244912184e-08,0.05929248034954071,0.09318345785140991,0.0962948203086853,0.025097908452153206
radial,30,2.0771425786531634,0.2160000056028366,0.014955426566302776,1770.9879150390625,5.506455735826421e-08,0.05865970626473427,0.09332709014415741,0.09658830612897873,0.025439545512199402
radial,30,2.06470282541381,0.2160000056028366,0.014865860342979431,1773.958740234375,5.7262457886508855e-08,0.05804797261953354,0.09345100075006485,0.09686826169490814,0.025791514664888382
radial,30,2.0523111905074782,0.2160000056028366,0.014776640571653843,1776.755615234375,5.969287997231731e-08,0.05745210871100426,0.09356047213077545,0.09713811427354813,0.026150701567530632
radial,30,2.039967156532738,0.2160000056028366,0.014687763527035713,1779.5537109375,6.211480751971976e-08,0.05685675889253616,0.09367069602012634,0.09740789234638214,0.0265083909034729
radial,30,2.027670464788874,0.2160000056028366,0.014599227346479893,1782.3504638671875,6.452530953993119e-08,0.05626239627599716,0.09378157556056976,0.09767741709947586,0.0268643107265234
radial,30,2.015421244626244,0.2160000056028366,0.014511032961308956,1785.1455078125,6.692802401175868e-08,0.055668905377388,0.09389299154281616,0.09794668108224869,0.027218731120228767
radial,30,2.003219107993775,0.2160000056028366,0.01442317757755518,1787.837646484375,6.950721598286691e-08,0.05508529022336006,0.09399630129337311,0.09820972383022308,0.027576547116041183
radial,30,1.9910639255411096,0.2160000056028366,0.014335660263895988,1790.39794921875,7.231410847907682e-08,0.05451418459415436,0.09408903121948242,0.09846480190753937,0.02793913334608078
radial,30,1.9789556972682476,0.2160000056028366,0.014248481020331383,1792.927978515625,7.51624327222089e-08,0.053946517407894135,0.09417980164289474,0.09871792793273926,0.028301620855927467
radial,30,1.9668936470730438,0.2160000056028366,0.014161634258925915,1795.457275390625,7.799241075190366e-08,0.05337986350059509,0.0942712277173996,0.09897083044052124,0.028662266209721565
radial,30,1.9548782923569283,0.2160000056028366,0.014075123704969883,1797.9857177734375,8.080289859435652e-08,0.052814241498708725,0.09436328709125519,0.09922348707914352,0.02902107685804367
radial,30,1.9429091157184708,0.2160000056028366,0.013988945633172989,1800.48681640625,8.365788772835003e-08,0.05225182697176933,0.09445366263389587,0.09947434812784195,0.029379604384303093
radial,30,1.9309859878073137,0.2160000056028366,0.013903099112212658,1802.861328125,8.677440632709477e-08,0.051701612770557404,0.09453403204679489,0.0997174009680748,0.029742486774921417
radial,30,1.9191087792730994,0.2160000056028366,0.013817583210766315,1805.13427734375,9.009300327988967e-08,0.05116141587495804,0.09460647404193878,0.09995415806770325,0.03010847046971321
radial,30,1.907277231415113,0.2160000056028366,0.013732396066188812,1807.404541015625,9.339258610907564e-08,0.050622403621673584,0.09467931091785431,0.10019055008888245,0.030472805723547935
radial,30,1.8954912148829963,0.2160000056028366,0.013647536747157574,1809.6737060546875,9.666275957442849e-08,0.05008462816476822,0.094752736389637,0.10042665898799896,0.030835121870040894
radial,30,1.8837504709760349,0.2160000056028366,0.01356300339102745,1811.942138671875,9.990313287744357e-08,0.04954797774553299,0.09482675790786743,0.10066252201795578,0.031195521354675293
radial,30,1.8720548703438706,0.2160000056028366,0.013478795066475868,1814.16650390625,1.0322952448404976e-07,0.04901627078652382,0.09489772468805313,0.10089550167322159,0.031556181609630585
radial,30,1.8604045423368614,0.2160000056028366,0.013394912704825401,1816.296630859375,1.0676937023390565e-07,0.04849409684538841,0.09496145695447922,0.10112248361110687,0.03191942349076271
radial,30,1.848798840203219,0.2160000056028366,0.013311351649463177,1818.376220703125,1.1040712166732192e-07,0.04797746241092682,0.09502154588699341,0.10134618729352951,0.03228328749537468
radial,30,1.8372378932933013,0.2160000056028366,0.013228112831711769,1820.4232177734375,1.1410572398062868e-07,0.047464825212955475,0.09507951885461807,0.10156767815351486,0.03264680132269859
radial,30,1.8257213135560355,0.2160000056028366,0.013145193457603455,1822.408935546875,1.1794248422347664e-07,0.04695894569158554,0.09513307362794876,0.10178512334823608,0.033011097460985184
radial,30,1.8142491009914212,0.2160000056028366,0.013062593527138233,1824.363525390625,1.2182937325633247e-07,0.0464569516479969,0.09518463909626007,0.10200046002864838,0.03337493911385536
radial,30,1.8028211262491014,0.2160000056028366,0.01298031210899353,1826.264892578125,1.258557631445001e-07,0.045960910618305206,0.09523243457078934,0.10221223533153534,0.033739350736141205
radial,30,1.7914370012780032,0.2160000056028366,0.012898346409201622,1828.0732421875,1.3014785338327783e-07,0.045474566519260406,0.0952732264995575,0.10241787880659103,0.03410600870847702
radial,30,1.7800967260781262,0.2160000056028366,0.012816696427762508,1829.8397216796875,1.3452688563120319e-07,0.044993240386247635,0.09531116485595703,0.10262066125869751,0.03447255492210388
radial,30,1.7688000419487557,0.2160000056028366,0.01273536030203104,1831.605712890625,1.3884968552702048e-07,0.044513288885354996,0.09534963965415955,0.1028231605887413,0.03483694791793823
radial,30,1.7575468195395338,0.2160000056028366,0.012654337100684643,1833.370361328125,1.4311316931525653e-07,0.04403494670987129,0.09538860619068146,0.10302530229091644,0.03519904613494873
radial,30,1.7463371882008183,0.2160000056028366,0.01257362775504589,1835.133544921875,1.4731696751368872e-07,0.043558139353990555,0.09542804211378098,0.10322707891464233,0.03555893152952194
radial,30,1.7351702424801059,0.2160000056028366,0.012493225745856762,1836.8773193359375,1.5154020616137132e-07,0.043084315955638885,0.09546642750501633,0.10342741012573242,0.03591769561171532
radial,30,1.7240464997788272,0.2160000056028366,0.012413134798407555,1838.519775390625,1.5610834225299186e-07,0.04262101650238037,0.09549722075462341,0.10362100601196289,0.036279045045375824
radial,30,1.7129654426955514,0.2160000056028366,0.01233335118740797,1840.056640625,1.6102819699881366e-07,0.042168669402599335,0.09552004933357239,0.10380755364894867,0.0366431400179863
radial,30,1.7019272005806367,0.2160000056028366,0.012253875844180584,1841.5701904296875,1.6596646901234635e-07,0.041719790548086166,0.09554149210453033,0.10399238765239716,0.03700621798634529
radial,30,1.6909312560326524,0.2160000056028366,0.012174705043435097,1843.08251953125,1.70826453427253e-07,0.041272569447755814,0.0955633670091629,0.1041768416762352,0.03736695647239685
radial,30,1.6799776090515985,0.2160000056028366,0.012095838785171509,1844.593017578125,1.7560546439199243e-07,0.040827177464962006,0.09558567404747009,0.10436087846755981,0.03772524371743202
radial,30,1.6690663889878325,0.2160000056028366,0.012017278000712395,1846.10205078125,1.803040419190438e-07,0.040383487939834595,0.09560836851596832,0.1045445129275322,0.03808121755719185
radial,30,1.658196949089567,0.2160000056028366,0.011939018033444881,1847.57958984375,1.8507452637095412e-07,0.03994407504796982,0.09562911093235016,0.10472586005926132,0.0384364053606987
radial,30,1.6473692893568013,0.2160000056028366,0.011861058883368969,1848.96044921875,1.902313471191519e-07,0.039514996111392975,0.09564273059368134,0.10490058362483978,0.03879373520612717
radial,30,1.6365834097895358,0.2160000056028366,0.011783400550484657,1850.25390625,1.9571569964682567e-07,0.03909541666507721,0.09564995765686035,0.10506927967071533,0.03915277123451233
radial,30,1.6258389223366976,0.2160000056028366,0.011706040240824223,1851.525634765625,2.0120268118262175e-07,0.038679346442222595,0.09565592557191849,0.10523629188537598,0.039510514587163925
radial,30,1.6151358269982867,0.2160000056028366,0.011628977954387665,1852.7958984375,2.0658666244344204e-07,0.03826513886451721,0.09566228836774826,0.1054028868675232,0.039865776896476746
radial,30,1.604473994423946,0.2160000056028366,0.01155221275985241,1854.0640869140625,2.1186514231885667e-07,0.037852950394153595,0.09566900879144669,0.10556899011135101,0.04021846130490303
radial,30,1.5938530365626018,0.2160000056028366,0.011475741863250732,1855.33056640625,2.170387460864731e-07,0.03744269907474518,0.09567607939243317,0.10573463886976242,0.04056865721940994
radial,30,1.5832730827646124,0.2160000056028366,0.011399566195905209,1856.5762939453125,2.2222477014111064e-07,0.03703593462705612,0.09568203240633011,0.10589863359928131,0.04091739282011986
radial,30,1.5727337449789047,0.2160000056028366,0.011323682963848114,1857.7442626953125,2.2776009700464783e-07,0.036637965589761734,0.09568247199058533,0.10605708509683609,0.041267190128564835
radial,30,1.5622350232054791,0.2160000056028366,0.011248092167079449,1858.820556640625,2.3370735391381459e-07,0.03625011071562767,0.09567636251449585,0.10620906949043274,0.04161861166357994
radial,30,1.55177665874362,0.2160000056028366,0.011172791942954063,1859.8631591796875,2.397185312474903e-07,0.03586705029010773,0.09566807001829147,0.10635846853256226,0.041969116777181625
radial,30,1.54135852224297,0.2160000056028366,0.011097781360149384,1860.904541015625,2.456002619055653e-07,0.03548596054315567,0.09566013514995575,0.10650742053985596,0.04231706261634827
radial,30,1.5309804843531716,0.2160000056028366,0.011023059487342834,1861.943603515625,2.513492347588908e-07,0.03510705754160881,0.0956525206565857,0.10665585100650787,0.04266229271888733
radial,30,1.520642415723867,0.2160000056028366,0.010948625393211842,1862.9803466796875,2.569659613982367e-07,0.03473033010959625,0.09564521908760071,0.10680374503135681,0.04300485551357269
radial,30,1.5103440576543412,0.2160000056028366,0.010874477215111256,1864.0032958984375,2.6255378315909184e-07,0.034356676042079926,0.09563732147216797,0.10695036500692368,0.04334546625614166
radial,30,1.500085410144594,0.2160000056028366,0.010800614953041077,1864.9559326171875,2.6856412205233937e-07,0.03399122506380081,0.09562471508979797,0.10709178447723389,0.04368661716580391
radial,30,1.4898662144939105,0.2160000056028366,0.010727036744356155,1865.783447265625,2.754107413238671e-07,0.033639125525951385,0.09560336172580719,0.10722415149211884,0.04403059929609299
radial,30,1.479686341351933,0.2160000056028366,0.010653741657733917,1866.5091552734375,2.8287948339311697e-07,0.03329825401306152,0.09557495266199112,0.10734909772872925,0.04437640309333801
radial,30,1.4695455320179462,0.2160000056028366,0.010580727830529213,1867.2008056640625,2.904298810335604e-07,0.032962407916784286,0.09554444998502731,0.10747131705284119,0.04472107067704201
radial,30,1.459443915842308,0.2160000056028366,0.010507996194064617,1867.89208984375,2.977978965645889e-07,0.03262867406010628,0.09551433473825455,0.10759308934211731,0.04506296291947365
radial,30,1.4493811047739453,0.2160000056028366,0.010435543954372406,1868.5819091796875,3.049807446586783e-07,0.03229721635580063,0.09548458456993103,0.10771435499191284,0.04540194571018219
radial,30,1.4393569694625008,0.2160000056028366,0.010363370180130005,1869.2705078125,3.119793348105304e-07,0.03196802735328674,0.09545521438121796,0.10783509165048599,0.04573804512619972
radial,30,1.4293713805576167,0.2160000056028366,0.01029147394001484,1869.957763671875,3.187946617799753e-07,0.031641118228435516,0.09542617201805115,0.10795529931783676,0.04607129469513893
radial,30,1.419424338059293,0.2160000056028366,0.010219855234026909,1870.6434326171875,3.2542732242291095e-07,0.03131650388240814,0.09539745002985,0.10807496309280396,0.046401701867580414
radial,30,1.409515453916457,0.2160000056028366,0.01014851126819849,1871.3271484375,3.3187782833010715e-07,0.030994215980172157,0.09536905586719513,0.10819407552480698,0.04672925919294357
radial,30,1.399644728129109,0.2160000056028366,0.010077442042529583,1872.009033203125,3.381469184660091e-07,0.030674276873469353,0.09534094482660294,0.10831261426210403,0.04705396667122841
radial,30,1.3898120313468907,0.2160000056028366,0.010006646625697613,1872.6884765625,3.442355023253185e-07,0.030356716364622116,0.09531313925981522,0.10843054950237274,0.04737582430243492
radial,30,1.3800171048690877,0.2160000056028366,0.00993612315505743,1873.3656005859375,3.5014457466786553e-07,0.03004155121743679,0.09528560191392899,0.1085478812456131,0.04769483953714371
radial,30,1.370259819345342,0.2160000056028366,0.009865870699286461,1874.0401611328125,3.5587513025348017e-07,0.029728813096880913,0.09525832533836365,0.10866459459066391,0.04801100119948387
radial,30,1.3605401747756534,0.2160000056028366,0.009795889258384705,1874.7119140625,3.614283627939585e-07,0.029418524354696274,0.0952313020825386,0.10878065228462219,0.048324309289455414
radial,30,1.3508579124593072,0.2160000056028366,0.009726176969707012,1875.380859375,3.6680563653135323e-07,0.029110699892044067,0.09520453214645386,0.10889606177806854,0.04863476753234863
radial,30,1.3412129030459456,0.2160000056028366,0.009656732901930809,1876.0465087890625,3.7200848623797356e-07,0.028805360198020935,0.09517798572778702,0.10901080816984177,0.048942387104034424
radial,30,1.3316050171852112,0.2160000056028366,0.00958755612373352,1876.709228515625,3.770389014334796e-07,0.028502492234110832,0.09515167027711868,0.10912488400936127,0.049247197806835175
radial,30,1.322034125526746,0.2160000056028366,0.009518645703792572,1877.369140625,3.819027654117235e-07,0.028201846405863762,0.09512554109096527,0.1092383861541748,0.04954946041107178
radial,30,1.3124999693698354,0.2160000056028366,0.009449999779462814,1878.004638671875,3.868144915486482e-07,0.027905873954296112,0.09509825706481934,0.10934960097074509,0.04984943941235542
radial,30,1.2962962500751019,0.2160000056028366,0.009333333000540733,1878.92431640625,3.965341477396578e-07,0.0274212583899498,0.09504149854183197,0.10952628403902054,0.050361115485429764
radial,30,1.2800925307803683,0.2160000056028366,0.009216666221618652,1879.5909423828125,4.0850170535122743e-07,0.026963088661432266,0.09496776759624481,0.10968407243490219,0.05087918043136597
radial,30,1.2638889408359926,0.2160000056028366,0.009100000374019146,1880.095458984375,4.216038576032588e-07,0.026523470878601074,0.09488329291343689,0.10982944071292877,0.05139937251806259
radial,30,1.2498348951339722,0.2160000056028366,0.0089988112449646,1880.505126953125,4.327259546244022e-07,0.026148339733481407,0.09480860829353333,0.10995283722877502,0.051847074180841446
radial,30,1.2359223587231505,0.2160000056028366,0.008898640982806683,1880.911865234375,4.4322391090645397e-07,0.025780213996767998,0.09473519027233124,0.11007446050643921,0.052285902202129364
radial,30,1.222149779399236,0.2160000056028366,0.0087994784116745,1881.3157958984375,4.531205775037961e-07,0.025419048964977264,0.09466304630041122,0.11019431054592133,0.052715934813022614
radial,30,1.2085157343082957,0.2160000056028366,0.00870131328701973,1881.71630859375,4.624336611414037e-07,0.025064848363399506,0.0945921540260315,0.11031235009431839,0.05313723906874657
radial,30,1.1950189299467537,0.2160000056028366,0.008604136295616627,1882.11279296875,4.7118194856921036e-07,0.02471756562590599,0.09452248364686966,0.11042856425046921,0.05354992300271988
radial,30,1.1816579434606764,0.2160000056028366,0.00850793719291687,1882.50537109375,4.793851076101419e-07,0.0243771281093359,0.09445400536060333,0.11054295301437378,0.05395413190126419
radial,30,1.1684313519961305,0.2160000056028366,0.008412705734372139,1882.8935546875,4.87062209231226e-07,0.024043474346399307,0.09438669681549072,0.11065548658370972,0.054349981248378754
radial,30,1.1553378620495398,0.2160000056028366,0.008318432606756687,1883.2769775390625,4.942320401823963e-07,0.023716550320386887,0.09432055056095123,0.11076617985963821,0.05473758280277252
radial,30,1.1423761801173289,0.2160000056028366,0.008225108496844769,1883.655517578125,5.009134156352957e-07,0.023396290838718414,0.09425552934408188,0.11087501794099808,0.055117055773735046
radial,30,1.1295448833455641,0.2160000056028366,0.008132723160088062,1884.0289306640625,5.07124752857635e-07,0.02308264560997486,0.09419161081314087,0.11098198592662811,0.05548848956823349
radial,30,1.1168426782306697,0.2160000056028366,0.008041267283260822,1884.3970947265625,5.128846396473818e-07,0.022775541990995407,0.0941288024187088,0.11108709871768951,0.055852010846138
radial,30,1.10426827126907,0.2160000056028366,0.007950731553137302,1884.760009765625,5.182128575142997e-07,0.022474845871329308,0.0940670520067215,0.11119036376476288,0.0562078133225441
radial,30,1.0918203689571884,0.2160000056028366,0.007861106656491756,1885.10302734375,5.234509785623231e-07,0.022181741893291473,0.0940055400133133,0.11129066348075867,0.0565565787255764
radial,30,1.0794976777914498,0.2160000056028366,0.007772383280098438,1885.404052734375,5.291043407851248e-07,0.021897992119193077,0.09394297748804092,0.11138631403446198,0.05689944699406624
radial,30,1.0672990336186357,0.2160000056028366,0.007684553042054176,1885.6163330078125,5.3613371164829e-07,0.02162785455584526,0.09387677907943726,0.11147359013557434,0.05723810940980911
radial,30,1.0552231429351702,0.2160000056028366,0.0075976066291332245,1885.676513671875,5.457951033349673e-07,0.021377509459853172,0.0938035100698471,0.11154729127883911,0.05757433921098709
radial,30,1.043268776912656,0.2160000056028366,0.007511535193771124,1885.6239013671875,5.571935162151931e-07,0.021142777055501938,0.09372522681951523,0.11161072552204132,0.05790749937295914
radial,30,1.0314346420475178,0.2160000056028366,0.007426329422742128,1885.467041015625,5.700145493392483e-07,0.02092314139008522,0.09364248812198639,0.11166443675756454,0.058236997574567795
radial,30,1.0197196388617158,0.2160000056028366,0.007341981399804354,1885.23388671875,5.836718059981649e-07,0.02071611024439335,0.09355691075325012,0.11171063780784607,0.05856168270111084
radial,30,1.008122473851674,0.2160000056028366,0.007258481811732054,1885.0074462890625,5.96568042965373e-07,0.020513460040092468,0.0934729129076004,0.1117561012506485,0.05887947976589203
radial,30,0.9966419828641746,0.2160000056028366,0.007175822276622057,1884.7877197265625,6.087170163482369e-07,0.0203153844922781,0.0933905690908432,0.11180076003074646,0.05919010192155838
radial,30,0.9852770664211776,0.2160000056028366,0.007093994878232479,1884.574951171875,6.201444193720818e-07,0.020121898502111435,0.0933099240064621,0.11184459924697876,0.0594935268163681
radial,30,0.9740264310191076,0.2160000056028366,0.007012990303337574,1884.3685302734375,6.308821411948884e-07,0.01993292011320591,0.09323091804981232,0.1118876188993454,0.05978989973664284
radial,30,0.9628890418551035,0.2160000056028366,0.006932801101356745,1884.168212890625,6.409621278180566e-07,0.019748341292142868,0.09315352886915207,0.11192983388900757,0.06007939949631691
radial,30,0.9518637347759472,0.2160000056028366,0.00685341889038682,1883.9737548828125,6.504148473140958e-07,0.019568072631955147,0.09307771921157837,0.11197124421596527,0.060362182557582855
radial,30,0.9409493456284206,0.2160000056028366,0.006774835288524628,1883.784912109375,6.59269289826625e-07,0.01939203403890133,0.09300346672534943,0.1120118647813797,0.06063838303089142
radial,30,0.9301447102593051,0.2160000056028366,0.006697041913866997,1883.6015625,6.675534223177237e-07,0.01922014355659485,0.09293074905872345,0.11205168068408966,0.06090813875198364
radial,30,0.9194488585409191,0.2160000056028366,0.0066200317814946175,1883.42333984375,6.752943590981886e-07,0.01905231922864914,0.09285952895879745,0.11209069937467575,0.06117158383131027
radial,30,0.9088606263200443,0.2160000056028366,0.006543796509504318,1883.25,6.825181912972766e-07,0.018888480961322784,0.09278977662324905,0.11212895065546036,0.06142885237932205
radial,30,0.8983789787938198,0.2160000056028366,0.006468328647315502,1883.08154296875,6.892505552968942e-07,0.01872854493558407,0.09272147715091705,0.11216641962528229,0.061680082231760025
radial,30,0.8880026871338487,0.2160000056028366,0.00639361934736371,1882.9178466796875,6.955157800803136e-07,0.018572431057691574,0.09265460073947906,0.11220310628414154,0.06192540377378464
radial,30,0.8777309105628067,0.2160000056028366,0.006319662556052208,1882.7584228515625,7.013373419795244e-07,0.018420053645968437,0.0925891101360321,0.1122390553355217,0.062164947390556335
radial,30,0.8675624202522967,0.2160000056028366,0.006246449425816536,1882.603271484375,7.067379783620709e-07,0.01827133819460869,0.09252499788999557,0.11227424442768097,0.06239883601665497
radial,30,0.857496181399458,0.2160000056028366,0.0061739725060760975,1882.4521484375,7.117392897271202e-07,0.01812620460987091,0.0924622192978859,0.11230868101119995,0.06262719631195068
radial,30,0.8475313532269664,0.2160000056028366,0.0061022257432341576,1882.3050537109375,7.163623649830697e-07,0.017984574660658836,0.09240076690912247,0.11234238743782043,0.06285016238689423
radial,30,0.8376667069064246,0.2160000056028366,0.006031200289726257,1882.1617431640625,7.206272698567773e-07,0.017846373841166496,0.0923406183719635,0.11237537115812302,0.06306783109903336
radial,30,0.8279013369853299,0.2160000056028366,0.0059608896262943745,1882.022216796875,7.245533311106556e-07,0.017711523920297623,0.09228172898292542,0.1124076396226883,0.06328034400939941
radial,30,0.818234273336,0.2160000056028366,0.005891286768019199,1881.885986328125,7.281589091689966e-07,0.017579954117536545,0.09222409129142761,0.11243920773267746,0.06348781287670135
radial,30,0.8086644164803956,0.2160000056028366,0.005822383798658848,1881.7532958984375,7.314619097087416e-07,0.017451588064432144,0.0921676754951477,0.11247007548809052,0.06369034200906754
radial,30,0.7991908609660135,0.2160000056028366,0.0057541741989552975,1881.623779296875,7.344793289121299e-07,0.01732635498046875,0.0921124592423439,0.11250025033950806,0.0638880506157875
radial,30,0.7898127013403509,0.2160000056028366,0.005686651449650526,1881.49755859375,7.372273671535368e-07,0.01720418594777584,0.09205842018127441,0.11252976953983307,0.06408105045557022
radial,30,0.7805289028005468,0.2160000056028366,0.005619808100163937,1881.374267578125,7.397217700599867e-07,0.017085010185837746,0.09200552850961685,0.11255860328674316,0.06426944583654404
radial,30,0.7713383658685619,0.2160000056028366,0.005553636234253645,1881.25390625,7.419772600769647e-07,0.016968756914138794,0.09195378422737122,0.11258679628372192,0.0644533559679985
radial,30,0.762240443792608,0.2160000056028366,0.005488131195306778,1881.1365966796875,7.440083322762803e-07,0.016855360940098763,0.09190314263105392,0.11261434108018875,0.06463287025690079
radial,30,0.7532339724194672,0.2160000056028366,0.005423284601420164,1881.0218505859375,7.458284585482033e-07,0.01674475707113743,0.09185358136892319,0.11264124512672424,0.06480808556079865
radial,30,0.7443181756469939,0.2160000056028366,0.005359090864658356,1880.90966796875,7.474507128790719e-07,0.016636881977319717,0.09180509299039841,0.11266754567623138,0.06497912108898163
radial,30,0.735492083347506,0.2160000056028366,0.005295543000102043,1880.800048828125,7.488876008210354e-07,0.016531668603420258,0.09175765514373779,0.11269321292638779,0.0651460662484169
radial,30,0.7267548547436794,0.2160000056028366,0.005232634954154491,1880.69287109375,7.501510026486358e-07,0.016429059207439423,0.09171123802661896,0.11271828413009644,0.06530901789665222
radial,30,0.7181054550326533,0.2160000056028366,0.005170359276235104,1880.588134765625,7.512522870456451e-07,0.016328992322087288,0.09166581928730011,0.11274276673793793,0.06546805799007416
radial,30,0.7095431081122823,0.2160000056028366,0.005108710378408432,1880.485595703125,7.522021405748092e-07,0.01623140648007393,0.09162139147520065,0.11276666074991226,0.06562330573797226
radial,30,0.7010669085300631,0.2160000056028366,0.005047681741416454,1880.3853759765625,7.530110224251985e-07,0.01613624580204487,0.0915779247879982,0.11278998851776123,0.0657748207449913
radial,30,0.6926760155086716,0.2160000056028366,0.0049872673116624355,1880.2869873046875,7.53688709664857e-07,0.01604345068335533,0.09153539687395096,0.11281274259090424,0.06592271476984024
radial,30,0.6843695235956047,0.2160000056028366,0.004927460569888353,1880.1907958984375,7.542446951447346e-07,0.01595297083258629,0.09149380028247833,0.11283495277166367,0.06606706231832504
radial,30,0.6761466566887167,0.2160000056028366,0.00486825592815876,1880.096435546875,7.546877327513357e-07,0.015864748507738113,0.09145310521125793,0.11285661160945892,0.06620794534683228
radial,30,0.6680065093355047,0.2160000056028366,0.004809646867215633,1880.004150390625,7.550264626843273e-07,0.01577872969210148,0.09141328930854797,0.1128777414560318,0.0663454532623291
radial,30,0.6599482407586442,0.2160000056028366,0.004751627333462238,1879.91357421875,7.552689567091875e-07,0.015694864094257355,0.09137434512376785,0.11289834976196289,0.06647966057062149
radial,30,0.6519710748559899,0.2160000056028366,0.004694191738963127,1879.82470703125,7.554229455308814e-07,0.015613103285431862,0.09133625030517578,0.1129184365272522,0.0666106566786766
radial,30,0.6440741708502173,0.2160000056028366,0.004637334030121565,1879.7376708984375,7.554957619504421e-07,0.015533395111560822,0.09129898250102997,0.11293802410364151,0.06673850119113922
radial,30,0.6362567526391811,0.2160000056028366,0.004581048619002104,1879.652099609375,7.554942840215517e-07,0.015455692075192928,0.09126251935958862,0.11295710504055023,0.0668632909655571
radial,30,0.6285179794455568,0.2160000056028366,0.004525329452008009,1879.568115234375,7.554253329544736e-07,0.015379946678876877,0.09122686833143234,0.11297570168972015,0.06698507815599442
radial,30,0.620857075167199,0.2160000056028366,0.004470170941203833,1879.4854736328125,7.552951046818634e-07,0.01530611515045166,0.09119199216365814,0.11299382150173187,0.06710395216941833
radial,30,0.6132731990267833,0.2160000056028366,0.00441556703299284,1879.4044189453125,7.551095109192829e-07,0.015234149992465973,0.09115786850452423,0.11301146447658539,0.06721996515989304
radial,30,0.6057657042725219,0.2160000056028366,0.0043615130707621574,1879.3245849609375,7.548744065388746e-07,0.015164008364081383,0.09112448990345001,0.11302866041660309,0.06733320653438568
radial,30,0.5983336854519116,0.2160000056028366,0.004308002535253763,1879.246337890625,7.545951348220115e-07,0.015095648355782032,0.09109184145927429,0.11304537951946259,0.06744372099637985
radial,30,0.5909764958131645,0.2160000056028366,0.004255030769854784,1879.1689453125,7.542767548329721e-07,0.015029028989374638,0.09105991572141647,0.11306166648864746,0.06755158305168152
radial,30,0.5836932945789562,0.2160000056028366,0.004202591720968485,1879.093017578125,7.539242119491973e-07,0.014964107424020767,0.09102868288755417,0.11307752132415771,0.06765686720609665
radial,30,0.576483434997499,0.2160000056028366,0.004150680731981993,1879.0181884765625,7.535421673310339e-07,0.014900846406817436,0.09099812805652618,0.11309293657541275,0.06775961816310883
radial,30,0.5693460762914684,0.2160000056028366,0.0040992917492985725,1878.9444580078125,7.531348842348962e-07,0.014839212410151958,0.09096824377775192,0.11310791969299316,0.06785990297794342
radial,30,0.5622805717090765,0.2160000056028366,0.004048420116305351,1878.871826171875,7.5270656907378e-07,0.014779160730540752,0.0909390076994896,0.11312249302864075,0.06795778125524521
radial,30,0.5552860804729992,0.2160000056028366,0.003998059779405594,1878.800048828125,7.522606324528169e-07,0.01472060289233923,0.09091039001941681,0.11313667893409729,0.06805338710546494
radial,30,0.5483620205066271,0.2160000056028366,0.003948206547647715,1878.7293701171875,7.518015081586782e-07,0.014663574285805225,0.09088239073753357,0.1131504476070404,0.06814667582511902
radial,30,0.5415076480454041,0.2160000056028366,0.0038988550659269094,1878.65966796875,7.513338573517103e-07,0.014608176425099373,0.09085509181022644,0.11316380649805069,0.06823748350143433
radial,30,0.5347222193247743,0.2160000056028366,0.0038499999791383743,1878.5909423828125,7.508546104872948e-07,0.014554215595126152,0.09082837402820587,0.11317676305770874,0.06832610070705414
radial,30,0.5231481433535615,0.2160000056028366,0.0037666666321456432,1878.474609375,7.499805860788911e-07,0.014463749714195728,0.09078343957662582,0.11319847404956818,0.06847488880157471
radial,30,0.5115740673823489,0.2160000056028366,0.003683333285152912,1878.3612060546875,7.490310736102401e-07,0.014375614002346992,0.09073953330516815,0.11321963369846344,0.0686199739575386
radial,30,0.49999999141113627,0.2160000056028366,0.003599999938160181,1878.2503662109375,7.48007323636557e-07,0.01428997702896595,0.09069672971963882,0.11324021220207214,0.06876108050346375
radial,30,0.4868421173240576,0.2160000056028366,0.0035052632447332144,1878.1275634765625,7.467566547347815e-07,0.014195255003869534,0.09064925462007523,0.11326300352811813,0.06891728937625885
radial,30,0.47368421089938945,0.2160000056028366,0.003410526318475604,1878.00830078125,7.454223691638617e-07,0.014103331603109837,0.0906030610203743,0.1132851392030716,0.06906899064779282
radial,30,0.46052630447472137,0.2160000056028366,0.0033157893922179937,1877.8924560546875,7.440145282089361e-07,0.014014321379363537,0.09055821597576141,0.11330661922693253,0.06921597570180893
radial,30,0.4473684303876427,0.2160000056028366,0.003221052698791027,1877.7802734375,7.42541942599928e-07,0.013928120024502277,0.0905146598815918,0.11332744359970093,0.06935843080282211
radial,30,0.43421052396297455,0.2160000056028366,0.0031263157725334167,1877.6715087890625,7.410142188746249e-07,0.01384468749165535,0.09047240763902664,0.1133476123213768,0.06949640065431595
radial,30,0.4210526175383065,0.2160000056028366,0.0030315788462758064,1877.56640625,7.394409067273955e-07,0.013764018192887306,0.09043145179748535,0.11336715519428253,0.06962987780570984
radial,30,0.4078947434512278,0.2160000056028366,0.0029368421528488398,1877.46435546875,7.37830873731582e-07,0.013686086982488632,0.09039179235696793,0.11338604241609573,0.06975892186164856
radial,30,0.39473683702655965,0.2160000056028366,0.0028421052265912294,1877.365966796875,7.361926464000135e-07,0.013610868714749813,0.09035342186689377,0.1134043037891388,0.0698835477232933
radial,30,0.38157896293948096,0.2160000056028366,0.0027473685331642628,1877.2708740234375,7.345342964981683e-07,0.013538338243961334,0.09031634032726288,0.11342193186283112,0.07000379264354706
radial,30,0.36842105651481283,0.2160000056028366,0.0026526316069066525,1877.17919921875,7.328637821046868e-07,0.01346847228705883,0.09028054773807526,0.1134389191865921,0.07011968642473221
radial,30,0.35526315009014475,0.2160000056028366,0.002557894680649042,1877.0908203125,7.311883791771834e-07,0.013401251286268234,0.09024602919816971,0.11345528066158295,0.07023125886917114
radial,30,0.34210527600306606,0.2160000056028366,0.0024631579872220755,1877.005859375,7.295153636732721e-07,0.013336654752492905,0.09021279215812683,0.11347103118896484,0.07033853232860565
radial,30,0.32894736957839793,0.2160000056028366,0.002368421060964465,1876.9241943359375,7.278515568032162e-07,0.01327466033399105,0.09018084406852722,0.1134861558675766,0.07044154405593872
radial,30,0.31578946315372985,0.2160000056028366,0.002273684134706855,1876.8458251953125,7.262032681865094e-07,0.01321524940431118,0.09015016257762909,0.11350065469741821,0.07054030895233154
radial,30,0.30263158906665116,0.2160000056028366,0.002178947441279888,1876.770751953125,7.245770348163205e-07,0.013158401474356651,0.09012074768543243,0.11351454257965088,0.0706348717212677
radial,30,0.28947368264198303,0.2160000056028366,0.002084210515022278,1876.6988525390625,7.229783136608603e-07,0.01310410164296627,0.09009260684251785,0.1135278195142746,0.07072523236274719
radial,30,0.27631577621731496,0.2160000056028366,0.0019894735887646675,1876.6304931640625,7.214130164356902e-07,0.01305233221501112,0.09006572514772415,0.11354049295186996,0.07081142067909241
radial,30,0.2631579021302362,0.2160000056028366,0.0018947368953377008,1876.565185546875,7.198863158919266e-07,0.013003075495362282,0.09004011005163193,0.11355255544185638,0.07089346647262573
radial,30,0.24999999570556813,0.2160000056028366,0.0017999999690800905,1876.503173828125,7.184032710938482e-07,0.012956317514181137,0.09001576900482178,0.11356401443481445,0.07097138464450836
radial,30,0.23684210544969472,0.2160000056028366,0.001705263159237802,1876.4443359375,7.169685432018014e-07,0.012912042438983917,0.08999267220497131,0.11357486993074417,0.07104518264532089
radial,30,0.22368421519382134,0.2160000056028366,0.0016105263493955135,1876.388671875,7.155867933761328e-07,0.012870237231254578,0.08997084200382233,0.11358512938022614,0.0711149051785469
radial,30,0.21052630876915324,0.2160000056028366,0.0015157894231379032,1876.336181640625,7.142621143430006e-07,0.012830890715122223,0.08995027095079422,0.11359479278326035,0.0711805447936058
radial,30,0.19736841851327983,0.2160000056028366,0.0014210526132956147,1876.287109375,7.129983146114682e-07,0.012793987058103085,0.0899309515953064,0.1136038526892662,0.07124213874340057
radial,30,0.18421052825740641,0.2160000056028366,0.0013263158034533262,1876.2412109375,7.117993163774372e-07,0.012759517878293991,0.08991288393735886,0.11361232399940491,0.07129967957735062
radial,30,0.17105263800153303,0.2160000056028366,0.0012315789936110377,1876.198486328125,7.106683597157826e-07,0.012727471999824047,0.0898960679769516,0.11362019926309586,0.07135319709777832
radial,30,0.15789473157686493,0.2160000056028366,0.0011368420673534274,1876.158935546875,7.096086278579605e-07,0.012697838246822357,0.08988050371408463,0.11362749338150024,0.07140269875526428
radial,30,0.14473684132099152,0.2160000056028366,0.001042105257511139,1876.12255859375,7.086231335051707e-07,0.012670609168708324,0.08986619859933853,0.11363419145345688,0.0714481845498085
radial,30,0.1315789510651181,0.2160000056028366,0.0009473684476688504,1876.08935546875,7.077145482980995e-07,0.012645775452256203,0.08985313028097153,0.11364030838012695,0.07148969173431396
radial,30,0.11842105272484736,0.2160000056028366,0.000852631579618901,1876.059326171875,7.068852596603392e-07,0.01262333057820797,0.0898413136601448,0.11364582180976868,0.07152722030878067
radial,30,0.10526315438457662,0.2160000056028366,0.0007578947115689516,1876.0323486328125,7.061374844852253e-07,0.012603267095983028,0.08983073383569717,0.11365076899528503,0.07156076282262802
radial,30,0.09210526412870321,0.2160000056028366,0.0006631579017266631,1876.0087890625,7.054732691358367e-07,0.012585577555000782,0.08982141315937042,0.11365512758493423,0.0715903490781784
radial,30,0.07894736578843246,0.2160000056028366,0.0005684210336767137,1875.9881591796875,7.048942620713206e-07,0.012570260092616081,0.08981332927942276,0.11365890502929688,0.07161596417427063
radial,30,0.06578947553255905,0.2160000056028366,0.0004736842238344252,1875.9708251953125,7.044018275337294e-07,0.01255730725824833,0.08980649709701538,0.11366209387779236,0.07163763046264648
radial,30,0.05263157719228831,0.2160000056028366,0.0003789473557844758,1875.9566650390625,7.03997272921697e-07,0.01254670787602663,0.0898008942604065,0.11366470903158188,0.07165536284446716
radial,30,0.03947368289421623,0.2160000056028366,0.00028421051683835685,1875.945556640625,7.036829856588156e-07,0.012538489885628223,0.08979655802249908,0.11366672813892365,0.07166911661624908
radial,30,0.026315788596144155,0.2160000056028366,0.0001894736778922379,1875.937744140625,7.034591362753417e-07,0.012532653287053108,0.08979346603155136,0.11366817355155945,0.07167889177799225
radial,30,0.013157894298072077,0.2160000056028366,9.473683894611895e-05,1875.93310546875,7.033236784081964e-07,0.012529149651527405,0.08979161828756332,0.1136690303683281,0.07168474793434143
radial,30,0.0,0.2160000056028366,0.0,1875.931640625,7.032780899862701e-07,0.012527977116405964,0.08979099988937378,0.11366932094097137,0.07168671488761902
radial,30,5.915191852384144,0.2160000056028366,0.04258938133716583,403.6196594238281,4.836724162711805e-21,0.22569704055786133,0.006498150993138552,0.011481208726763725,2.1015665652157622e-08
radial,30,5.942504956490464,0.2160000056028366,0.04278603568673134,397.895263671875,4.173425073949795e-21,0.2262178361415863,0.006161223631352186,0.011210286989808083,1.841601715568686e-08
radial,30,5.969922575685713,0.2160000056028366,0.042983442544937134,392.25469970703125,3.5424466135948735e-21,0.2267305701971054,0.005829506553709507,0.01094355434179306,1.594131582294267e-08
radial,30,5.997447296977043,0.2160000056028366,0.04318162053823471,386.695556640625,2.9425920354776103e-21,0.22723546624183655,0.005502847023308277,0.010680888779461384,1.3586960889711008e-08
radial,30,6.025078085561594,0.2160000056028366,0.04338056221604347,381.21405029296875,2.372562003645572e-21,0.22773294150829315,0.005181009881198406,0.010422101244330406,1.1347923489779532e-08
radial,30,6.0528154588407945,0.2160000056028366,0.04358027130365372,375.7940368652344,1.837391697349927e-21,0.22822430729866028,0.004863118752837181,0.010166484862565994,9.239688125717294e-09
radial,30,6.080659934216076,0.2160000056028366,0.04378075152635574,370.41278076171875,1.4025772209470738e-21,0.22871051728725433,0.004548552446067333,0.009913543239235878,7.48001749428795e-09
radial,30,6.108612029088868,0.2160000056028366,0.04398200660943985,365.0735778808594,1.1459309053602506e-21,0.22919000685214996,0.004238328896462917,0.009664090350270271,6.329322399523107e-09
radial,30,6.136671743459172,0.2160000056028366,0.044184036552906036,359.8123474121094,9.951327091020834e-22,0.2296607345342636,0.003933772910386324,0.009419196285307407,5.54650325668149e-09
radial,30,6.1648401121298475,0.2160000056028366,0.0443868488073349,354.6649169921875,8.560295461577732e-22,0.23012104630470276,0.0036359564401209354,0.009179720655083656,4.817386489719411e-09
radial,30,6.193117652502325,0.2160000056028366,0.04459044709801674,349.6429748535156,7.249896776245253e-22,0.2305699586868286,0.003345513716340065,0.008946173824369907,4.130055408779754e-09
radial,30,6.221503847175175,0.2160000056028366,0.044794827699661255,344.7546081542969,6.020149715249632e-22,0.23100678622722626,0.0030629043467342854,0.008718926459550858,3.4845457630439114e-09
radial,30,6.250000248352687,0.2160000056028366,0.04500000178813934,339.99530029296875,4.866695222555235e-22,0.23143188655376434,0.0027878647670149803,0.00849776528775692,2.878695504193729e-09
radial,30,6.266703001326985,0.2160000056028366,0.04512026160955429,337.24639892578125,4.2213570198574924e-22,0.2316773384809494,0.002629057038575411,0.008370067924261093,2.539495280728943e-09
radial,30,6.284950197570854,0.2160000056028366,0.04525164142251015,334.2637939453125,3.5591748066759813e-22,0.23194342851638794,0.00245689763687551,0.008231633342802525,2.1896706670077037e-09
radial,30,6.304884639879068,0.2160000056028366,0.04539516940712929,331.0387268066406,2.9740767994913017e-22,0.2322300523519516,0.0022714599035680294,0.008082522079348564,1.8718164795927805e-09
radial,30,6.32666258348359,0.2160000056028366,0.04555197060108185,327.55340576171875,2.549163246890118e-22,0.23253792524337769,0.0020722760818898678,0.007922356948256493,1.6235831568067738e-09
radial,30,6.350453736053573,0.2160000056028366,0.045723266899585724,323.8255615234375,2.22130154751872e-22,0.23286595940589905,0.0018600415205582976,0.007751697674393654,1.41710310153087e-09
radial,30,6.376444879505369,0.2160000056028366,0.04591040313243866,319.8857421875,1.9011285282917127e-22,0.23321226239204407,0.001636001281440258,0.0075715454295277596,1.2128453796833583e-09
radial,30,6.404838835199675,0.2160000056028366,0.04611483961343765,315.75701904296875,1.5783075869958045e-22,0.23357485234737396,0.0014014113694429398,0.007382909767329693,1.006898120436972e-09
radial,30,6.435858603152964,0.2160000056028366,0.04633818194270134,311.47406005859375,1.257894122964886e-22,0.2339506447315216,0.0011582756415009499,0.007187402807176113,8.024869657674571e-10
radial,30,6.469745809833209,0.2160000056028366,0.0465821698307991,307.1021423339844,9.471031842558535e-23,0.23433388769626617,0.0009103371994569898,0.006988033652305603,6.042146227791534e-10
radial,30,6.506766916977035,0.2160000056028366,0.04684872180223465,302.7639465332031,6.566343753161453e-23,0.23471374809741974,0.0006645745015703142,0.006790413986891508,4.189068814053343e-10
radial,30,6.547210634582573,0.2160000056028366,0.04713991656899452,298.6861267089844,4.024989219491064e-23,0.2350703775882721,0.0004338369471952319,0.0066048763692379,2.5677848736194164e-10
radial,30,6.5913936123251915,0.2160000056028366,0.04745803400874138,295.2500305175781,2.0622480670378213e-23,0.23537050187587738,0.0002396642667008564,0.006448740605264902,1.3156332967501072e-10
radial,30,6.639662509163221,0.2160000056028366,0.04780557006597519,292.884765625,8.430346657096164e-24,0.2355768233537674,0.0001061864968505688,0.006341410335153341,5.3782294590076773e-11
radial,30,6.692393475936519,0.2160000056028366,0.048185233026742935,291.67791748046875,2.8510594712370305e-24,0.23568195104599,3.817005199380219e-05,0.00628671795129776,1.8188638095661958e-11
radial,30,6.750000433789359,0.2160000056028366,0.048600003123283386,291.2377014160156,9.86042013292114e-25,0.23572026193141937,1.3379774827626534e-05,0.00626678392291069,6.2905609540808705e-12
radial,30,6.81293403936757,0.2160000056028366,0.0490531250834465,291.10784912109375,4.563392703761194e-25,0.2357315719127655,6.070617928344291e-06,0.006260906346142292,2.9112651959289915e-12
radial,30,6.881686341431406,0.2160000056028366,0.04954814165830612,291.0630187988281,2.747344920495423e-25,0.2357354611158371,3.548329232216929e-06,0.0062588779255747795,1.7526980301135753e-12
radial,30,6.956795437468423,0.2160000056028366,0.050088927149772644,291.0400390625,1.8123326181807293e-25,0.23573747277259827,2.254159198855632e-06,0.006257837638258934,1.1561969914461456e-12
radial,30,7.0388490955034895,0.2160000056028366,0.05067971348762512,291.02618408203125,1.2447557017808457e-25,0.23573866486549377,1.4752513379789889e-06,0.006257211323827505,7.941051245394237e-13
radial,30,7.12848992811309,0.2160000056028366,0.051325127482414246,291.0174560546875,8.821884504678645e-26,0.23573943972587585,9.84516532298585e-07,0.0062568169087171555,5.628015956916921e-13
radial,30,7.226418496833907,0.2160000056028366,0.05203021317720413,291.01190185546875,6.455126144204681e-26,0.23573990166187286,6.708865498694649e-07,0.006256564520299435,4.118116980235398e-13
radial,30,7.333401590585709,0.2160000056028366,0.0528004914522171,291.00848388671875,2.8624249354251956e-26,0.23574019968509674,4.770967052536434e-07,0.006256408058106899,1.8261145362779424e-13
radial,30,7.450276882284218,0.2160000056028366,0.053641993552446365,291.00634765625,0.0,0.23574039340019226,3.5326394254298066e-07,0.00625630933791399,0.0
radial,30,7.577958102855417,0.2160000056028366,0.054561298340559006,291.0047302246094,0.0,0.235740527510643,2.6395142072033195e-07,0.006256237626075745,0.0
radial,30,7.71744487186273,0.2160000056028366,0.05556560307741165,291.003662109375,0.0,0.23574063181877136,2.028120746899731e-07,0.006256187800318003,0.0
radial,30,7.869828906324175,0.2160000056028366,0.05666276812553406,291.00286865234375,0.0,0.23574069142341614,1.5898510241640906e-07,0.006256152410060167,0.0
radial,30,8.036301781733831,0.21599999070167542,0.05786137282848358,291.00225830078125,0.0,0.2357407510280609,1.2579012320657057e-07,0.006256125867366791,0.0
radial,30,8.21816786709759,0.21599999070167542,0.059170808643102646,291.0018005371094,0.0,0.2357407808303833,9.924377764036763e-08,0.006256104446947575,0.0
radial,30,8.416848981546032,0.21599999070167542,0.060601312667131424,291.00140380859375,0.0,0.23574082553386688,7.706728410994401e-08,0.006256086751818657,0.0
radial,30,8.633900433778763,0.21599999070167542,0.06216408312320709,291.00103759765625,0.0,0.23574084043502808,5.809616254737193e-08,0.006256071850657463,0.0
radial,30,8.871020335290167,0.21599999070167542,0.0638713464140892,291.000732421875,0.0,0.23574088513851166,4.1920795723626725e-08,0.006256058346480131,0.0
radial,30,9.130064605010881,0.21599999070167542,0.06573646515607834,291.0005187988281,0.0,0.23574090003967285,2.853315095308062e-08,0.00625604810193181,0.0
radial,30,9.413060421744982,0.21599999070167542,0.06777403503656387,291.0003356933594,0.0,0.23574090003967285,1.804782812087069e-08,0.0062560392543673515,0.0
radial,30,9.722221228811476,0.21599999070167542,0.06999999284744263,291.00018310546875,0.0,0.23574092984199524,1.0338108147323055e-08,0.006256032735109329,0.0
radial,30,9.903418314125803,0.21599999070167542,0.07130461186170578,291.0001220703125,0.0,0.23574092984199524,7.234207011208582e-09,0.006256030406802893,0.0
radial,30,10.091573413875368,0.21599999070167542,0.07265932857990265,291.0000915527344,0.0,0.23574094474315643,4.888653926116149e-09,0.0062560285441577435,0.0
radial,30,10.286953507198229,0.21599999070167542,0.07406606525182724,291.00006103515625,0.0,0.23574094474315643,3.1908020670101678e-09,0.0062560271471738815,0.0
radial,30,10.489835921261045,0.21599999070167542,0.07552681863307953,291.0,0.0,0.23574094474315643,2.0116210919240984e-09,0.006256026215851307,0.0
radial,30,10.700512470470535,0.21599999070167542,0.07704368978738785,291.0,0.0,0.23574094474315643,1.2279708361262465e-09,0.00625602575019002,0.0
radial,30,10.919278073641989,0.21599999070167542,0.07861880213022232,291.0,0.0,0.23574094474315643,7.306961702369108e-10,0.006256025284528732,0.0
radial,30,11.146443171633615,0.21599999070167542,0.08025439083576202,291.0,0.0,0.23574094474315643,4.292856903287401e-10,0.006256025284528732,0.0
radial,30,11.382334762149387,0.21599999070167542,0.08195281028747559,291.0,0.0,0.23574094474315643,2.538629306769735e-10,0.006256025284528732,0.0
radial,30,11.627285016907587,0.21599999070167542,0.08371645212173462,291.0,0.0,0.23574094474315643,1.541712035812992e-10,0.006256024353206158,0.0
radial,30,11.881640594866541,0.21599999070167542,0.08554781228303909,291.0,0.0,0.23574094474315643,9.668000428009194e-11,0.006256024353206158,0.0
radial,30,12.145764711830351,0.21599999070167542,0.08744950592517853,291.0,0.0,0.23574094474315643,6.083895193187416e-11,0.006256024353206158,0.0
radial,30,12.420031966434586,0.21599999070167542,0.08942423015832901,291.0,0.0,0.23574094474315643,2.3541843821583974e-11,0.006256024353206158,0.0
radial,30,12.70483351416058,0.21599999070167542,0.09147480130195618,291.0,0.0,0.23574094474315643,0.0,0.006256024353206158,0.0
radial,30,13.000570858518284,0.21599999070167542,0.09360411018133163,291.0,0.0,0.23574094474315643,0.0,0.006256024353206158,0.0
radial,30,13.307665164271992,0.21599999070167542,0.09581518918275833,291.0,0.0,0.23574094474315643,0.0,0.006256024353206158,0.0
radial,30,13.626553118228912,0.21599999070167542,0.09811118245124817,291.0,0.0,0.23574094474315643,0.0,0.006256024353206158,0.0
radial,30,13.957687964042028,0.21599999070167542,0.1004953533411026,291.0,0.0,0.23574094474315643,0.0,0.006256024353206158,0.0
radial,30,14.301537432604366,0.21599999070167542,0.10297106951475143,291.0,0.0,0.23574094474315643,0.0,0.006256024353206158,0.0
radial,30,14.658595124880474,0.21599999070167542,0.1055418848991394,291.0,0.0,0.23574094474315643,0.0,0.006256024353206158,0.0
radial,30,15.02936292025778,0.21599999070167542,0.10821141302585602,291.0,0.0,0.23574094474315643,0.0,0.006256024353206158,0.0
radial,30,15.414368568195238,0.21599999070167542,0.1109834536910057,291.0,0.0,0.23574094474315643,0.0,0.006256024353206158,0.0
radial,30,15.814159479406145,0.21599999070167542,0.11386194825172424,291.0,0.0,0.23574094474315643,0.0,0.006256024353206158,0.0
radial,30,16.229305830266743,0.21599999070167542,0.11685100197792053,291.0,0.0,0.23574094474315643,0.0,0.006256024353206158,0.0
radial,30,16.66039331919617,0.21599999070167542,0.11995483189821243,291.0,0.0,0.23574094474315643,0.0,0.006256024353206158,0.0
radial,30,17.108036619093685,0.21599999070167542,0.12317786365747452,291.0,0.0,0.23574094474315643,0.0,0.006256024353206158,0.0
radial,30,17.572871098915737,0.21599999070167542,0.1265246719121933,291.0,0.0,0.23574094474315643,0.0,0.006256024353206158,0.0
radial,30,18.055554893281727,0.21599999070167542,0.12999999523162842,291.0,0.0,0.23574094474315643,0.0,0.006256024353206158,0.0
radial,30,18.337727006938724,0.21599999070167542,0.1320316344499588,291.0,0.0,0.23574094474315643,0.0,0.006256024353206158,0.0
radial,30,18.62480408615536,0.21599999070167542,0.1340985894203186,291.0,0.0,0.23574094474315643,0.0,0.006256024353206158,0.0
radial,30,18.91687098476622,0.21599999070167542,0.13620147109031677,291.0,0.0,0.23574094474315643,0.0,0.006256024353206158,0.0
radial,30,19.21401462621159,0.21599999070167542,0.13834090530872345,291.0,0.0,0.23574094474315643,0.0,0.006256024353206158,0.0
radial,30,19.516324003537495,0.21599999070167542,0.14051753282546997,291.0,0.0,0.23574094474315643,0.0,0.006256024353206158,0.0
radial,30,19.823892249001396,0.21599999070167542,0.14273202419281006,291.0,0.0,0.23574094474315643,0.0,0.006256024353206158,0.0
radial,30,20.13680421643787,0.21599999070167542,0.14498499035835266,291.0,0.0,0.23574094474315643,0.0,0.006256024353206158,0.0
radial,30,20.45515717731582,0.21599999070167542,0.1472771316766739,291.0,0.0,0.23574094474315643,0.0,0.006256024353206158,0.0
radial,30,20.779042194286983,0.21599999070167542,0.14960910379886627,291.0,0.0,0.23574094474315643,0.0,0.006256024353206158,0.0
radial,30,21.10856067803171,0.21599999070167542,0.1519816368818283,291.0,0.0,0.23574094474315643,0.0,0.006256024353206158,0.0
radial,30,21.44380576080746,0.21599999070167542,0.15439540147781372,291.0,0.0,0.23574094474315643,0.0,0.006256024353206158,0.0
radial,30,21.784880922900307,0.21599999070167542,0.1568511426448822,291.0,0.0,0.23574094474315643,0.0,0.006256024353206158,0.0
radial,30,22.131883435779148,0.21599999070167542,0.15934956073760986,291.0,0.0,0.23574094474315643,0.0,0.006256024353206158,0.0
radial,30,22.484916779730057,0.21599999070167542,0.1618914008140564,291.0,0.0,0.23574094474315643,0.0,0.006256024353206158,0.0
radial,30,22.84408857425054,0.21599999070167542,0.16447743773460388,291.0,0.0,0.23574094474315643,0.0,0.006256024353206158,0.0
radial,30,23.209508508443832,0.21599999070167542,0.1671084612607956,291.0,0.0,0.23574094474315643,0.0,0.006256024353206158,0.0
radial,30,23.581277992990284,0.21599999070167542,0.16978520154953003,291.0,0.0,0.23574094474315643,0.0,0.006256024353206158,0.0
radial,30,23.959510856204563,0.21599999070167542,0.17250847816467285,291.0,0.0,0.23574094474315643,0.0,0.006256024353206158,0.0
radial,30,24.344316787189907,0.21599999070167542,0.17527908086776733,291.0,0.0,0.23574094474315643,0.0,0.006256024353206158,0.0
radial,30,24.735811683866714,0.21599999070167542,0.17809784412384033,291.0,0.0,0.23574094474315643,0.0,0.006256024353206158,0.0
radial,30,25.13411765297254,0.21599999070167542,0.18096564710140228,291.0,0.0,0.23574094474315643,0.0,0.006256024353206158,0.0
radial,30,25.53934438361062,0.21599999070167542,0.18388327956199646,291.0,0.0,0.23574094474315643,0.0,0.006256024353206158,0.0
radial,30,25.951618121729958,0.21599999070167542,0.1868516504764557,291.0,0.0,0.23574094474315643,0.0,0.006256024353206158,0.0
radial,30,26.37105683485667,0.21599999070167542,0.18987160921096802,291.0,0.0,0.23574094474315643,0.0,0.006256024353206158,0.0
radial,30,26.797784699334038,0.21599999070167542,0.19294404983520508,291.0,0.0,0.23574094474315643,0.0,0.006256024353206158,0.0
radial,30,27.231934169928234,0.21599999070167542,0.19606992602348328,291.0,0.0,0.23574094474315643,0.0,0.006256024353206158,0.0
radial,30,27.673633562193977,0.21599999070167542,0.19925016164779663,291.0,0.0,0.23574094474315643,0.0,0.006256024353206158,0.0
radial,30,28.123007052474552,0.21599999070167542,0.20248565077781677,291.0,0.0,0.23574094474315643,0.0,0.006256024353206158,0.0
radial,30,28.58019537395901,0.21599999070167542,0.20577740669250488,291.0,0.0,0.23574094474315643,0.0,0.006256024353206158,0.0
radial,30,29.045330981413525,0.21599999070167542,0.20912638306617737,291.0,0.0,0.23574094474315643,0.0,0.006256024353206158,0.0
radial,30,29.51855253842142,0.21599999070167542,0.21253357827663422,291.0,0.0,0.23574094474315643,0.0,0.006256024353206158,0.0
radial,30,30.000000778171753,0.21599999070167542,0.2160000056028366,291.0,0.0,0.23574094474315643,0.0,0.006256024353206158,0.0
radial,30,2.191284050544103,0.2160000056028366,0.01577724516391754,1741.6619873046875,3.867200248919289e-08,0.06441476196050644,0.09201744198799133,0.09391552209854126,0.022340625524520874
radial,30,2.204212618784772,0.2160000056028366,0.01587033085525036,1738.3916015625,3.68512260706666e-08,0.06505825370550156,0.09187468886375427,0.09361710399389267,0.0219893679022789
radial,30,2.217191116263469,0.2160000056028366,0.015963776037096977,1735.119873046875,3.50315403352397e-08,0.06570252031087875,0.09173265844583511,0.09331841766834259,0.021636582911014557
radial,30,2.230219542980194,0.2160000056028366,0.016057580709457397,1731.84716796875,3.3219084372149155e-08,0.06634710729122162,0.09159118682146072,0.09301961213350296,0.021282847970724106
radial,30,2.2432986750370927,0.2160000056028366,0.016151750460267067,1728.240478515625,3.171300022586365e-08,0.06702113896608353,0.09142094105482101,0.0927022323012352,0.0209445059299469
radial,30,2.2564282537334495,0.2160000056028366,0.016246283426880836,1724.287841796875,3.052416630566768e-08,0.06772546470165253,0.09122078120708466,0.09236569702625275,0.020622409880161285
radial,30,2.269608279069265,0.2160000056028366,0.016341179609298706,1720.32421875,2.9352836605767152e-08,0.06843055039644241,0.09102016687393188,0.0920286476612091,0.02030043490231037
radial,30,2.2828395271466837,0.2160000056028366,0.016436444595456123,1716.360107421875,2.8184269140751894e-08,0.06913591921329498,0.09082018584012985,0.09169148653745651,0.019977465271949768
radial,30,2.2961217392649917,0.2160000056028366,0.01653207652270794,1712.3941650390625,2.701870904786574e-08,0.06984177231788635,0.09062079340219498,0.09135415405035019,0.01965341717004776
radial,30,2.309455174124903,0.2160000056028366,0.016628077253699303,1708.427001953125,2.5856820684566628e-08,0.07054802775382996,0.09042200446128845,0.09101665019989014,0.019328318536281586
radial,30,2.322840349127849,0.2160000056028366,0.016724450513720512,1704.4583740234375,2.4699193801325237e-08,0.0712546855211258,0.09022383391857147,0.09067897498607635,0.019002176821231842
radial,30,2.336277005573114,0.2160000056028366,0.01682119444012642,1700.4884033203125,2.3546338212554474e-08,0.07196178287267685,0.09002625942230225,0.09034111350774765,0.018674975261092186
radial,30,2.349765660862128,0.2160000056028366,0.01691831275820732,1696.516357421875,2.239872465281678e-08,0.0726693868637085,0.08982929587364197,0.09000302851200104,0.01834668032824993
radial,30,2.3633063149948916,0.2160000056028366,0.01701580546796322,1692.541748046875,2.125673859154631e-08,0.07337763160467148,0.08963290601968765,0.08966463804244995,0.018017232418060303
radial,30,2.3768994853728347,0.2160000056028366,0.01711367629468441,1688.564697265625,2.012092892300643e-08,0.07408652454614639,0.0894370898604393,0.08932594954967499,0.017686624079942703
radial,30,2.3905449132952428,0.2160000056028366,0.017211923375725746,1684.58740234375,1.8992640349324574e-08,0.07479558885097504,0.08924198150634766,0.08898717164993286,0.017355065792798996
radial,30,2.404243116163545,0.2160000056028366,0.017310550436377525,1680.3768310546875,1.7992514145248606e-08,0.07552464306354523,0.08902660012245178,0.08863610029220581,0.017034385353326797
radial,30,2.4179943526784577,0.2160000056028366,0.017409559339284897,1675.7679443359375,1.7203243274366287e-08,0.0762876570224762,0.08877609670162201,0.08826416730880737,0.01673296093940735
radial,30,2.4317986228399806,0.21599999070167542,0.01750895008444786,1670.997802734375,1.650347414283715e-08,0.07706406712532043,0.08851160109043121,0.08788388967514038,0.016439389437437057
radial,30,2.445656185348829,0.21599999070167542,0.017608724534511566,1666.2298583984375,1.5808964803909475e-08,0.07784005999565125,0.08824779093265533,0.08750379085540771,0.016145408153533936
radial,30,2.459567040205002,0.21599999070167542,0.017708882689476013,1661.4609375,1.511967795408964e-08,0.07861606776714325,0.08798451721668243,0.08712366223335266,0.015850864350795746
radial,30,2.473532222211361,0.21599999070167542,0.0178094319999218,1656.69091796875,1.4435915574040337e-08,0.07939215004444122,0.08772173523902893,0.08674344420433044,0.015555739402770996
radial,30,2.4875506965650453,0.21599999070167542,0.017910365015268326,1651.9195556640625,1.3758028494237351e-08,0.08016832917928696,0.08745945245027542,0.08636315166950226,0.015260047279298306
radial,30,2.501624015470346,0.21599999070167542,0.01801169291138649,1647.1466064453125,1.3086326688949157e-08,0.08094464242458344,0.08719765394926071,0.08598272502422333,0.014963775873184204
radial,30,2.515751402825117,0.21599999070167542,0.018113410100340843,1642.371337890625,1.2421101480697416e-08,0.08172118663787842,0.08693629503250122,0.08560214191675186,0.0146669065579772
radial,30,2.5299331173300743,0.21599999070167542,0.018215518444776535,1637.5936279296875,1.176264774471747e-08,0.08249803632497787,0.08667536079883575,0.08522134274244308,0.014369415119290352
radial,30,2.5441699350873628,0.21599999070167542,0.018318023532629013,1632.812744140625,1.1111262132601496e-08,0.08327524363994598,0.08641482144594193,0.0848403051495552,0.014071281999349594
radial,30,2.558461597396268,0.21599999070167542,0.018420923501253128,1628.0279541015625,1.0467218203302764e-08,0.0840529352426529,0.08615464717149734,0.08445895463228226,0.013772469945251942
radial,30,2.5728083629575043,0.21599999070167542,0.01852422021329403,1623.23876953125,9.830779745811924e-09,0.08483123779296875,0.08589479327201843,0.08407723158597946,0.013472937047481537
radial,30,2.587210749172502,0.21599999070167542,0.018627917394042015,1618.4449462890625,9.202305584210535e-09,0.08561015129089355,0.08563525974750519,0.08369511365890503,0.013172677718102932
radial,30,2.601668756041262,0.21599999070167542,0.018732015043497086,1613.61328125,8.591788613898643e-09,0.08639227598905563,0.08537299931049347,0.0833110511302948,0.012873565778136253
radial,30,2.6161823835637836,0.21599999070167542,0.01883651316165924,1608.341064453125,8.103904214351587e-09,0.08721106499433517,0.08507160097360611,0.08290515840053558,0.012595633044838905
radial,30,2.630752149141497,0.21599999070167542,0.01894141547381878,1602.66015625,7.729305195880443e-09,0.08806344866752625,0.08473377674818039,0.08247923851013184,0.012337859719991684
radial,30,2.645378311475118,0.21599999070167542,0.01904672384262085,1596.97900390625,7.361426135332749e-09,0.0889151394367218,0.08439616858959198,0.0820535272359848,0.012080516666173935
radial,30,2.6600608705646462,0.21599999070167542,0.019152438268065453,1591.2994384765625,6.998698065530107e-09,0.08976628631353378,0.08405905961990356,0.08162800967693329,0.011823154054582119
radial,30,2.674800343811512,0.21599999070167542,0.019258562475442886,1585.61962890625,6.641212468849744e-09,0.0906171202659607,0.083722323179245,0.08120253682136536,0.011565711349248886
radial,30,2.6895964725150003,0.21599999070167542,0.019365094602108,1579.93896484375,6.289142540083503e-09,0.09146773815155029,0.08338595926761627,0.08077709376811981,0.011308185756206512
radial,30,2.7044497740765414,0.21599999070167542,0.019472038373351097,1574.2567138671875,5.942651704060609e-09,0.09231822192668915,0.08304987847805023,0.08035162091255188,0.011050563305616379
radial,30,2.7193605071968503,0.21599999070167542,0.019579395651817322,1568.572265625,5.60188961884478e-09,0.09316869080066681,0.08271405100822449,0.0799260288476944,0.010792819783091545
radial,30,2.7343289305766425,0.21599999070167542,0.019687168300151825,1562.8846435546875,5.267006386588946e-09,0.09401929378509521,0.08237840980291367,0.07950027287006378,0.010534930042922497
radial,30,2.7493553029166327,0.21599999070167542,0.019795358180999756,1557.19287109375,4.938151665356827e-09,0.09487015008926392,0.0820428878068924,0.07907427847385406,0.010276863351464272
radial,30,2.7644393655161066,0.21599999070167542,0.019903963431715965,1551.49560546875,4.615456461465328e-09,0.09572145342826843,0.0817074254155159,0.0786479264497757,0.01001856941729784
radial,30,2.7795818944772086,0.21599999070167542,0.0200129896402359,1545.791748046875,4.299055778034244e-09,0.09657341241836548,0.08137194067239761,0.07822112739086151,0.009759997949004173
radial,30,2.794782889799939,0.21599999070167542,0.020122436806559563,1540.0821533203125,3.989208519072918e-09,0.09742588549852371,0.08103647083044052,0.07779394090175629,0.009501196444034576
radial,30,2.810042610185014,0.21599999070167542,0.0202323067933321,1534.3651123046875,3.6867497943404715e-09,0.09827878326177597,0.08070080727338791,0.07736638188362122,0.009242520667612553
radial,30,2.8253613143331475,0.21599999070167542,0.020342601463198662,1528.0963134765625,3.4450664543328458e-09,0.09917435050010681,0.0803169459104538,0.07691440731287003,0.009010068140923977
radial,30,2.84073900224434,0.21599999070167542,0.02045332081615925,1521.1072998046875,3.279102100961495e-09,0.10012519359588623,0.07986980676651001,0.07643081992864609,0.008812528103590012
radial,30,2.856176450020737,0.21599999070167542,0.020564470440149307,1513.95947265625,3.1333695638124937e-09,0.10108676552772522,0.07940837740898132,0.07594086229801178,0.008624332025647163
radial,30,2.871672881560193,0.21599999070167542,0.02067604474723339,1506.8380126953125,2.990501846156235e-09,0.10204426944255829,0.07894879579544067,0.07545288652181625,0.008437173441052437
radial,30,2.8872298490669994,0.21599999070167542,0.020788054913282394,1499.7401123046875,2.8505353633079267e-09,0.1029980480670929,0.07849087566137314,0.07496672868728638,0.008251028135418892
radial,30,2.9028465764390097,0.21599999070167542,0.02090049535036087,1492.66259765625,2.7134823277208397e-09,0.10394854098558426,0.07803436368703842,0.07448215782642365,0.00806584395468235
radial,30,2.9185238397783704,0.21599999070167542,0.021013371646404266,1485.603515625,2.5793824853792557e-09,0.10489597171545029,0.07757914066314697,0.07399904727935791,0.007881609722971916
radial,30,2.9342611216836505,0.21599999070167542,0.021126680076122284,1478.561279296875,2.44827891293653e-09,0.1058405265212059,0.07712509483098984,0.07351730018854141,0.00769832031801343
radial,30,2.9500599743591414,0.21599999070167542,0.02124043181538582,1471.5347900390625,2.3202093579755e-09,0.10678239166736603,0.07667209953069687,0.07303683459758759,0.007515967823565006
radial,30,2.965919104301267,0.21599999070167542,0.021354617550969124,1464.522216796875,2.1952062390084848e-09,0.10772176086902618,0.0762200653553009,0.07255752384662628,0.007334538735449314
radial,30,2.9818400637143188,0.21599999070167542,0.021469248458743095,1457.52197265625,2.0733010863693835e-09,0.10865885019302368,0.0757688507437706,0.07207928597927094,0.007154022343456745
radial,30,2.997822076496151,0.21599999070167542,0.021584318950772285,1450.53271484375,1.9545232099460463e-09,0.10959382355213165,0.0753183662891388,0.071602001786232,0.006974402815103531
radial,30,3.013866436150339,0.21599999070167542,0.02169983834028244,1443.552978515625,1.8388992550910643e-09,0.11052688211202621,0.07486849278211594,0.0711255818605423,0.006795667577534914
radial,30,3.029972366574738,0.21599999070167542,0.021815801039338112,1436.5814208984375,1.7264547569340039e-09,0.1114582046866417,0.07441914081573486,0.07064992934465408,0.006617801263928413
radial,30,3.046140643871493,0.21599999070167542,0.021932212635874748,1429.616455078125,1.6172143624260116e-09,0.11238797754049301,0.07397019863128662,0.07017495483160019,0.006440786179155111
radial,30,3.062371009339889,0.21599999070167542,0.0220490712672472,1422.65673828125,1.5112006090944874e-09,0.1133163794875145,0.07352156192064285,0.06970055401325226,0.00626460462808609
radial,30,3.0786642390820718,0.21599999070167542,0.022166382521390915,1415.700927734375,1.4084355903776213e-09,0.11424359679222107,0.07307314872741699,0.06922663748264313,0.006089238449931145
radial,30,3.095020591798756,0.21599999070167542,0.022284148260951042,1408.74755859375,1.3089409556243936e-09,0.11516980081796646,0.07262484729290009,0.06875311583280563,0.005914667155593634
radial,30,3.111439808789227,0.21599999070167542,0.022402366623282433,1401.79541015625,1.212737799072272e-09,0.11609518527984619,0.07217656075954437,0.06827987730503082,0.005740869790315628
radial,30,3.127922924856345,0.21599999070167542,0.022521045058965683,1394.843017578125,1.1198471039364222e-09,0.11701993644237518,0.0717281922698021,0.06780684739351273,0.00556782353669405
radial,30,3.14446942259868,0.21599999070167542,0.022640179842710495,1387.888916015625,1.0302899644543118e-09,0.11794421076774597,0.07127965986728668,0.06733391433954239,0.005395504180341959
radial,30,3.161080078118377,0.21599999070167542,0.022759776562452316,1380.931884765625,9.44088252019526e-10,0.11886823177337646,0.07083085179328918,0.06686099618673325,0.005223886575549841
radial,30,3.1777543740140066,0.21599999070167542,0.02287983149290085,1373.9703369140625,8.61264837226372e-10,0.1197921633720398,0.07038167119026184,0.06638797372579575,0.005052942782640457
radial,30,3.194493345088429,0.21599999070167542,0.023000352084636688,1367.002685546875,7.818435898698795e-10,0.12071621417999268,0.06993202120065689,0.06591475754976273,0.004882644861936569
radial,30,3.2112972500423593,0.21599999070167542,0.023121340200304985,1360.0279541015625,7.058501005907658e-10,0.12164057046175003,0.06948179751634598,0.06544124335050583,0.00471296114847064
radial,30,3.228165830175082,0.21599999070167542,0.02324279397726059,1353.0440673828125,6.333122914981004e-10,0.12256545573472977,0.06903091073036194,0.0649673342704773,0.004543859511613846
radial,30,3.245099602888028,0.21599999070167542,0.0233647171407938,1346.0499267578125,5.642605271916068e-10,0.123491071164608,0.06857924163341522,0.06449289619922638,0.004375305026769638
radial,30,3.262098568181197,0.21599999070167542,0.023487109690904617,1339.0438232421875,4.987282808954774e-10,0.12441764026880264,0.06812669336795807,0.06401783227920532,0.004207260441035032
radial,30,3.2791635021567345,0.21599999070167542,0.023609977215528488,1332.02392578125,4.367534389704275e-10,0.1253453940153122,0.06767315417528152,0.06354202330112457,0.004039687104523182
radial,30,3.2962938874132104,0.21599999070167542,0.023733315989375114,1324.988525390625,3.78377246201822e-10,0.12627455592155457,0.06721849739551544,0.06306532770395279,0.0038725414779037237
radial,30,3.3134910174542003,0.21599999070167542,0.023857135325670242,1317.935302734375,3.2364333435452863e-10,0.1272054761648178,0.06676258146762848,0.06258759647607803,0.0037057679146528244
radial,30,3.330754374878274,0.21599999070167542,0.023981431499123573,1310.862548828125,2.7260421697761217e-10,0.12813839316368103,0.0663052648305893,0.06210867688059807,0.003539314027875662
radial,30,3.348084477086862,0.21599999070167542,0.024106208235025406,1303.771484375,2.2534293875331457e-10,0.1290731579065323,0.06584664434194565,0.061628665775060654,0.0033732103183865547
radial,30,3.3654810653792486,0.21599999070167542,0.02423146367073059,1296.66455078125,1.819546180392706e-10,0.13000944256782532,0.06538689136505127,0.061147719621658325,0.0032075163908302784
radial,30,3.3829454332590103,0.21599999070167542,0.024357207119464874,1289.52392578125,1.4242534929209683e-10,0.13094967603683472,0.06492479890584946,0.0606645904481411,0.0030417991802096367
radial,30,3.4004770633247166,0.21599999070167542,0.024483434855937958,1281.856689453125,1.095291912722729e-10,0.13192792236804962,0.06442281603813171,0.060161031782627106,0.002893921686336398
radial,30,3.418076214277082,0.21599999070167542,0.02461014874279499,1273.15478515625,8.525029293604547e-11,0.1329762488603592,0.06384163349866867,0.059619784355163574,0.0027851585764437914
radial,30,3.4357434035175376,0.21599999070167542,0.02473735250532627,1263.9521484375,6.519813161576238e-11,0.13405559957027435,0.06322161853313446,0.059061724692583084,0.0026980421971529722
radial,30,3.4534788897467985,0.21599999070167542,0.02486504800617695,1254.845947265625,4.5899360701096015e-11,0.13512307405471802,0.0626080185174942,0.05850975960493088,0.0026124059222638607
radial,30,3.4712829316655798,0.21599999070167542,0.024993237107992172,1245.8424072265625,3.302221343592926e-11,0.13617859780788422,0.06200055778026581,0.057963401079177856,0.002529443008825183
radial,30,3.489155787974596,0.21599999070167542,0.02512192167341709,1236.9183349609375,2.8963078463339897e-11,0.1372252106666565,0.061397261917591095,0.05742084980010986,0.0024495490361005068
radial,30,3.5070979760752783,0.21599999070167542,0.025251105427742004,1228.0760498046875,2.7717737827170907e-11,0.13826192915439606,0.06079885736107826,0.056883182376623154,0.0023717342410236597
radial,30,3.5251089785661964,0.21599999070167542,0.025380784645676613,1219.3162841796875,2.6506664918546363e-11,0.1392883062362671,0.06020570173859596,0.05635086074471474,0.002295508747920394
radial,30,3.5431898302502103,0.21599999070167542,0.025510966777801514,1210.6334228515625,2.5329311564847856e-11,0.14030501246452332,0.059617411345243454,0.05582356080412865,0.0022208408918231726
radial,30,3.5613402724266052,0.21599999070167542,0.025641649961471558,1202.0220947265625,2.4185086225370078e-11,0.14131265878677368,0.05903360992670059,0.05530095845460892,0.002147695980966091
radial,30,3.579560822496812,0.21599999070167542,0.025772837921977043,1193.47705078125,2.3073390420513817e-11,0.14231185615062714,0.05845393240451813,0.05478273332118988,0.0020760400220751762
radial,30,3.5978517391615443,0.21599999070167542,0.02590453252196312,1184.993408203125,2.199365689570243e-11,0.14330315589904785,0.05787806212902069,0.054268598556518555,0.00200584065169096
radial,30,3.616213539822234,0.21599999070167542,0.026036737486720085,1176.5667724609375,2.0945325335253173e-11,0.14428704977035522,0.05730568617582321,0.053758297115564346,0.0019370673689991236
radial,30,3.634646224478881,0.21599999070167542,0.02616945281624794,1168.1932373046875,1.9927866648505876e-11,0.14526404440402985,0.0567365400493145,0.05325157940387726,0.0018696901388466358
radial,30,3.653150310532914,0.21599999070167542,0.026302682235836983,1159.868896484375,1.8940753479523842e-11,0.14623455703258514,0.05617034435272217,0.05274821072816849,0.0018036802066490054
radial,30,3.67172553928362,0.21599999070167542,0.026436423882842064,1151.590087890625,1.798347235015818e-11,0.14719901978969574,0.05560687929391861,0.05224798247218132,0.0017390099819749594
radial,30,3.6903726868331432,0.21599999070167542,0.02657068334519863,1143.3533935546875,1.7055527129494763e-11,0.14815779030323029,0.055045902729034424,0.05175068974494934,0.0016756525728851557
radial,30,3.709091494480769,0.21599999070167542,0.026705458760261536,1135.1561279296875,1.615643036023684e-11,0.14911127090454102,0.0544872060418129,0.051256150007247925,0.0016135817859321833
radial,30,3.7278829970293574,0.21599999070167542,0.026840757578611374,1126.994873046875,1.5285704993428517e-11,0.1500597894191742,0.05393059551715851,0.05076418071985245,0.0015527727082371712
radial,30,3.746746935778194,0.21599999070167542,0.026976577937602997,1118.8670654296875,1.4442889592625185e-11,0.1510036438703537,0.05337588116526604,0.05027461796998978,0.0014932001940906048
radial,30,3.765684086829424,0.21599999070167542,0.027112925425171852,1110.77001953125,1.3627530527637877e-11,0.151943176984787,0.05282288417220116,0.04978729411959648,0.0014348404947668314
radial,30,3.784693932781617,0.21599999070167542,0.02724979631602764,1102.7015380859375,1.2839184576618479e-11,0.15287867188453674,0.05227144435048103,0.04930206760764122,0.0013776702107861638
radial,30,3.8037772497369184,0.21599999070167542,0.027387196198105812,1094.6588134765625,1.207741719133626e-11,0.15381038188934326,0.05172140151262283,0.048818789422512054,0.001321666408330202
radial,30,3.8229342963960438,0.21599999070167542,0.027525126934051514,1086.6397705078125,1.134180509926308e-11,0.15473860502243042,0.05117259919643402,0.04833732172846794,0.0012668068520724773
radial,30,3.842165590160423,0.21599999070167542,0.027663592249155045,1078.6422119140625,1.0631937170935135e-11,0.15566356480121613,0.05062489956617355,0.047857534140348434,0.0012130695395171642
radial,30,3.8614711310300565,0.21599999070167542,0.027802592143416405,1070.664306640625,9.947407481059045e-12,0.15658552944660187,0.05007816106081009,0.047379303723573685,0.0011604330502450466
radial,30,3.880850919004944,0.21599999070167542,0.027942126616835594,1062.70361328125,9.287824849490978e-12,0.15750473737716675,0.04953224956989288,0.046902503818273544,0.0011088763130828738
radial,30,3.900305988887946,0.21599999070167542,0.02808220311999321,1054.7586669921875,8.65280676970448e-12,0.15842139720916748,0.04898703843355179,0.04642701894044876,0.0010583788389340043
radial,30,3.9198358232776327,0.21599999070167542,0.028222817927598953,1046.827392578125,8.041979408790478e-12,0.15933573246002197,0.048442400991916656,0.045952726155519485,0.0010089201387017965
radial,30,3.9394414569768643,0.21599999070167542,0.02836397849023342,1038.90771484375,7.45498194426597e-12,0.16024798154830933,0.04789821058511734,0.04547952115535736,0.0009604806546121836
radial,30,3.9591223725842104,0.21599999070167542,0.028505681082606316,1030.9981689453125,6.8914656967122845e-12,0.16115833818912506,0.047354355454444885,0.045007288455963135,0.0009130405960604548
radial,30,3.9788796049025326,0.21599999070167542,0.028647933155298233,1023.096923828125,6.351091094008998e-12,0.16206702589988708,0.04681071266531944,0.04453592002391815,0.0008665807545185089
radial,30,3.9987128952311144,0.21599999070167542,0.028790732845664024,1015.2020263671875,5.833534176546973e-12,0.16297423839569092,0.04626715928316116,0.04406530410051346,0.000821082154288888
radial,30,4.018623278372818,0.21599999070167542,0.028934087604284286,1007.31201171875,5.3384839951431395e-12,0.16388019919395447,0.04572359099984169,0.043595343828201294,0.0007765264017507434
radial,30,4.038609978225496,0.21599999070167542,0.029077991843223572,999.4251098632812,4.865643478402237e-12,0.16478511691093445,0.04517987743020058,0.04312591999769211,0.0007328951032832265
radial,30,4.058674288292726,0.21599999070167542,0.029222454875707626,991.539306640625,4.414733335844634e-12,0.16568918526172638,0.04463589936494827,0.042656928300857544,0.000690170272719115
radial,30,4.078815949873792,0.21599999070167542,0.0293674748390913,983.653076171875,3.985489889501981e-12,0.16659262776374817,0.044091545045375824,0.04218824952840805,0.000648334389552474
radial,30,4.09903573907084,0.21599999070167542,0.029513057321310043,975.7645263671875,3.5776709286089448e-12,0.16749566793441772,0.043546684086322784,0.04171978682279587,0.0006073701079003513
radial,30,4.119333138482438,0.21599999070167542,0.029659198597073555,967.871826171875,3.1910537580392973e-12,0.16839851438999176,0.04300118237733841,0.04125140979886055,0.0005672603729180992
radial,30,4.139709182911449,0.21599999070167542,0.029805906116962433,959.9730834960938,2.825440185635908e-12,0.16930143535137177,0.04245491698384285,0.04078300669789314,0.0005279887700453401
radial,30,4.160163872357872,0.21599999070167542,0.029953179880976677,952.0662841796875,2.4806591242959586e-12,0.17020462453365326,0.041907742619514465,0.0403144508600235,0.0004895390593446791
radial,30,4.180697724223137,0.21599999070167542,0.030101023614406586,944.1493530273438,2.1565707119391986e-12,0.17110835015773773,0.041359513998031616,0.03984561562538147,0.0004518955247476697
radial,30,4.201310997207959,0.21599999070167542,0.03024943917989731,936.22021484375,1.853067178869683e-12,0.17201286554336548,0.04081007093191147,0.039376359432935715,0.0004150430904701352
radial,30,4.222003432611625,0.21599999070167542,0.030398424714803696,928.2760620117188,1.5700662341425198e-12,0.17291852831840515,0.0402592308819294,0.0389065220952034,0.0003789651964325458
radial,30,4.242776323937708,0.21599999070167542,0.030547989532351494,920.314208984375,1.3075322075062346e-12,0.17382560670375824,0.03970678523182869,0.0384359210729599,0.0003436461556702852
radial,30,4.2636288950840635,0.21599999070167542,0.030698128044605255,912.3353271484375,1.0655881559074043e-12,0.17473410069942474,0.039152778685092926,0.0379646010696888,0.00030908704502508044
radial,30,4.284562698254983,0.21599999070167542,0.030848851427435875,904.3458862304688,8.445441611673599e-13,0.17564326524734497,0.03859764337539673,0.03749292343854904,0.0002753143198788166
radial,30,4.305576698647605,0.21599999070167542,0.031000152230262756,896.3314819335938,6.44247892880867e-13,0.17655476927757263,0.038040369749069214,0.03702003136277199,0.00024227090761996806
radial,30,4.326672189765507,0.21599999070167542,0.031152039766311646,888.1515502929688,4.695813508003022e-13,0.1774795800447464,0.03747308626770973,0.0365401953458786,0.00021073766401968896
radial,30,4.3478494303094015,0.21599999070167542,0.03130451589822769,879.3782958984375,3.556753958196268e-13,0.17843489348888397,0.036878205835819244,0.036044277250766754,0.00018729256407823414
radial,30,4.369107902877861,0.21599999070167542,0.031457576900720596,870.0494384765625,2.9895741915017537e-13,0.17941294610500336,0.03625992313027382,0.035536278039216995,0.0001727280323393643
radial,30,4.390448642273744,0.21599999070167542,0.031611230224370956,860.6995849609375,2.552126533109794e-13,0.1803852915763855,0.03564317151904106,0.035031188279390335,0.00016037320892792195
radial,30,4.411872165898482,0.21599999070167542,0.03176547959446907,851.5379028320312,2.1399069040188567e-13,0.18133753538131714,0.03503892570734024,0.03453655168414116,0.00014854699838906527
radial,30,4.433377956350644,0.21599999070167542,0.03192032128572464,842.5668334960938,1.7532058704111675e-13,0.18226933479309082,0.03444736450910568,0.03405251353979111,0.00013725936878472567
radial,30,4.454967048433092,0.21599999070167542,0.03207576274871826,833.7562255859375,1.3906928451705436e-13,0.18318387866020203,0.03386650234460831,0.03357745334506035,0.0001264748425455764
radial,30,4.476639442145824,0.21599999070167542,0.032231803983449936,825.0860595703125,1.0514101389655015e-13,0.18408316373825073,0.03329501673579216,0.03311029449105263,0.00011616890697041526
radial,30,4.498395654890272,0.21599999070167542,0.03238844871520996,816.544677734375,7.347072304925498e-14,0.184968501329422,0.03273213282227516,0.03265039622783661,0.00010632609337335452
radial,30,4.520236204067866,0.21599999070167542,0.032545700669288635,808.1212768554688,4.399691738319819e-14,0.1858409345149994,0.0321771539747715,0.032197196036577225,9.693200991023332e-05
radial,30,4.542160572277175,0.21599999070167542,0.03270355612039566,799.7991943359375,1.9809698450839672e-14,0.18670248985290527,0.03162836283445358,0.0317496620118618,8.84521214175038e-05
radial,30,4.56416979432106,0.21599999070167542,0.03286202251911163,791.5526123046875,8.823721782532865e-15,0.18755652010440826,0.031082486733794212,0.03130608797073364,8.21030989754945e-05
radial,30,4.586264387600952,0.21599999070167542,0.03302110359072685,783.3809814453125,7.594854005952851e-15,0.18840284645557404,0.03054007887840271,0.030866555869579315,7.739175634924322e-05
radial,30,4.60844383471542,0.21599999070167542,0.03318079560995102,775.29638671875,7.117821143685227e-15,0.18923945724964142,0.030003653839230537,0.030432039871811867,7.296214607777074e-05
radial,30,4.630708653065893,0.21599999070167542,0.03334110230207443,767.2943725585938,6.659882945147556e-15,0.190066859126091,0.029473036527633667,0.03000231832265854,6.869799108244479e-05
radial,30,4.653060394856665,0.21599999070167542,0.03350203484296799,759.3688354492188,6.2203960888164e-15,0.19088560342788696,0.028947824612259865,0.029577065259218216,6.459372525569052e-05
radial,30,4.675498025284873,0.21599999070167542,0.033663585782051086,751.5142211914062,5.7987519815191554e-15,0.19169633090496063,0.02842765301465988,0.029155977070331573,6.064405897632241e-05
radial,30,4.6980225791533785,0.21599999070167542,0.03382576256990433,743.7255249023438,5.394377605467005e-15,0.19249951839447021,0.02791217900812626,0.028738781809806824,5.684402276528999e-05
radial,30,4.720634056462182,0.21599999070167542,0.03398856520652771,735.9982299804688,5.006728741991338e-15,0.1932957023382187,0.02740110084414482,0.02832522988319397,5.318889088812284e-05
radial,30,4.743332457211283,0.21599999070167542,0.034151993691921234,728.3280029296875,4.6352878539613826e-15,0.19408529996871948,0.026894129812717438,0.02791508287191391,4.967416316503659e-05
radial,30,4.766118816203542,0.21599999070167542,0.0343160554766655,720.710693359375,4.279561968201836e-15,0.19486872851848602,0.02639099955558777,0.027508128434419632,4.629555041901767e-05
radial,30,4.788993133438958,0.21599999070167542,0.0344807505607605,713.1429443359375,3.939082251976393e-15,0.19564637541770935,0.025891460478305817,0.02710416167974472,4.304895628592931e-05
radial,30,4.811955926318963,0.21599999070167542,0.034646082669496536,705.62109375,3.613398930790062e-15,0.1964186429977417,0.025395279750227928,0.026702988892793655,3.9930462662596256e-05
radial,30,4.835007194843557,0.21599999070167542,0.03481205180287361,698.1419067382812,3.3020842530044787e-15,0.19718584418296814,0.024902241304516792,0.02630443684756756,3.693632606882602e-05
radial,30,4.8581479738156,0.21599999070167542,0.03497866541147232,690.702392578125,3.0047301604973044e-15,0.19794829189777374,0.024412130936980247,0.0259083304554224,3.4062955819536e-05
radial,30,4.881377745833662,0.21599999070167542,0.035145919770002365,683.2994384765625,2.720946806354565e-15,0.19870634377002716,0.023924756795167923,0.02551450952887535,3.13069176627323e-05
radial,30,4.904696510897742,0.21599999070167542,0.035313814878463745,675.9304809570312,2.450362978387126e-15,0.19946026802062988,0.02343992330133915,0.02512282319366932,2.866493923647795e-05
radial,30,4.928106856014994,0.21599999070167542,0.03548236936330795,668.5927734375,2.1926275814383505e-15,0.2002103626728058,0.022957447916269302,0.024733111262321472,2.6133879146073014e-05
radial,30,4.951606711579694,0.21599999070167542,0.035651568323373795,661.2835083007812,1.9474068845270207e-15,0.20095691084861755,0.022477151826024055,0.024345237761735916,2.3710754248895682e-05
radial,30,4.975197629796134,0.21599999070167542,0.035821422934532166,654.0003662109375,1.7143885442538363e-15,0.20170018076896667,0.021998869255185127,0.02395905740559101,2.1392743292381056e-05
radial,45,5.340194847020838,0.3240000009536743,0.038449402898550034,895.3016967773438,6.10839249868449e-15,0.17756418883800507,0.037574607878923416,0.03650546073913574,5.589926149696112e-05
radial,45,5.3652867467867,0.3240000009536743,0.03863006457686424,889.3126220703125,4.795842102080488e-15,0.17820242047309875,0.037166934460401535,0.036174144595861435,5.103100556880236e-05
radial,45,5.390475918021467,0.3240000009536743,0.03881142660975456,883.024658203125,4.541617021423371e-15,0.17884421348571777,0.03675375133752823,0.03584064915776253,4.919849743600935e-05
radial,45,5.415761843323708,0.3240000009536743,0.038993485271930695,876.737060546875,4.382720840298516e-15,0.17948348820209503,0.03634190559387207,0.03550843149423599,4.7647932660765946e-05
radial,45,5.441145557496283,0.3240000009536743,0.039176248013973236,870.5093994140625,4.225920642201642e-15,0.18011659383773804,0.03593401983380318,0.035179413855075836,4.611547410604544e-05
radial,45,5.466627060539193,0.3240000009536743,0.03935971483588219,864.343505859375,4.071490865807659e-15,0.18074335157871246,0.03553023561835289,0.034853704273700714,4.460363925318234e-05
radial,45,5.492207387255298,0.3240000009536743,0.039543893188238144,858.2314453125,3.9194306640836195e-15,0.18136455118656158,0.035130009055137634,0.0345308780670166,4.311226075515151e-05
radial,45,5.517886537644598,0.3240000009536743,0.03972878307104111,852.168212890625,3.769791282522833e-15,0.1819806843996048,0.034733034670352936,0.034210678189992905,4.1641720599727705e-05
radial,45,5.543664511707094,0.3240000009536743,0.03991438448429108,846.1513061523438,3.6226633536506556e-15,0.18259204924106598,0.034339144825935364,0.03389297425746918,4.019278276246041e-05
radial,45,5.5695423442456455,0.3240000009536743,0.04010070487856865,840.17822265625,3.4781281926300235e-15,0.18319880962371826,0.03394818305969238,0.03357764333486557,3.87661530112382e-05
radial,45,5.595520035260254,0.3240000009536743,0.040287744253873825,834.24658203125,3.3362554679208485e-15,0.18380124866962433,0.033560000360012054,0.033264558762311935,3.736240978469141e-05
radial,45,5.621597584750917,0.3240000009536743,0.040475502610206604,828.354248046875,3.1971087069941747e-15,0.1843995749950409,0.03317445144057274,0.032953616231679916,3.59821024176199e-05
radial,45,5.6477770623233585,0.3240000009536743,0.04066399484872818,822.4993286132812,3.060744872815705e-15,0.18499399721622467,0.032791413366794586,0.03264470398426056,3.4625718399183825e-05
radial,45,5.674056915773286,0.3240000009536743,0.04085320979356766,816.6795654296875,2.9272124580216694e-15,0.18558469414710999,0.03241075947880745,0.0323377288877964,3.329366154503077e-05
radial,45,5.700438179903561,0.3240000009536743,0.041043154895305634,810.8933715820312,2.7965531789847205e-15,0.18617184460163116,0.03203236311674118,0.03203259035944939,3.198629929102026e-05
radial,45,5.726921889517042,0.3240000009536743,0.041233837604522705,805.138916015625,2.6688040933963006e-15,0.18675561249256134,0.03165612369775772,0.03172920271754265,3.070393358939327e-05
radial,45,5.753508044613732,0.3240000009536743,0.04142525792121887,799.4144897460938,2.5439961179589844e-15,0.18733619153499603,0.03128192946314812,0.031427476555109024,2.944683365058154e-05
radial,45,5.780195610390769,0.3240000009536743,0.04161740839481354,793.7185668945312,2.4221561459688472e-15,0.18791373074054718,0.03090967796742916,0.031127331778407097,2.8215225029271096e-05
radial,45,5.806987173855305,0.3240000009536743,0.041810307651758194,788.0496215820312,2.303305988524281e-15,0.18848836421966553,0.03053927607834339,0.030828693881630898,2.7009293262381107e-05
radial,45,5.833882217605909,0.3240000009536743,0.04200395196676254,782.4063720703125,2.1874640685918883e-15,0.18906022608280182,0.030170632526278496,0.030531488358974457,2.5829192964010872e-05
radial,45,5.860881259044012,0.3240000009536743,0.04219834506511688,776.7872314453125,2.0746452092482463e-15,0.18962949514389038,0.02980365790426731,0.030235644429922104,2.4675042368471622e-05
radial,45,5.887984298169613,0.3240000009536743,0.04239348694682121,771.191162109375,1.9648602101634324e-15,0.190196231007576,0.02943827584385872,0.029941100627183914,2.3546936063212343e-05
radial,45,5.915191852384144,0.3240000009536743,0.04258938133716583,765.6168212890625,1.858116482875735e-15,0.19076058268547058,0.029074402526021004,0.029647791758179665,2.244493407488335e-05
radial,45,5.942504956490464,0.3240000009536743,0.04278603568673134,760.0631103515625,1.7544195330993113e-15,0.1913226991891861,0.028711963444948196,0.02935565449297428,2.1369074602262117e-05
radial,45,5.969923093087144,0.3240000009536743,0.04298344627022743,754.52880859375,1.6537712666582927e-15,0.1918826550245285,0.028350889682769775,0.029064632952213287,2.0319372197263874e-05
radial,45,5.997447296977043,0.3240000009536743,0.04318162053823471,749.012939453125,1.5561716835526792e-15,0.19244056940078735,0.02799111045897007,0.028774671256542206,1.9295817764941603e-05
radial,45,6.025078085561594,0.3240000009536743,0.04338056221604347,743.5144653320312,1.4616181368045105e-15,0.1929965317249298,0.02763255499303341,0.02848571538925171,1.829838402045425e-05
radial,45,6.0528154588407945,0.3240000009536743,0.04358027130365372,738.0322875976562,1.3701058618534583e-15,0.19355067610740662,0.027275163680315018,0.02819771319627762,1.7327020032098517e-05
radial,45,6.080659934216076,0.3240000009536743,0.04378075152635574,732.5654907226562,1.281629458864484e-15,0.19410304725170135,0.026918873190879822,0.027910616248846054,1.6381674868171103e-05
radial,45,6.108612029088868,0.3240000009536743,0.04398200660943985,727.1134033203125,1.1961826809696015e-15,0.19465376436710358,0.026563629508018494,0.027624383568763733,1.5462284864042886e-05
radial,45,6.136671743459172,0.3240000009536743,0.044184036552906036,721.674560546875,1.1137508109713523e-15,0.19520296156406403,0.026209358125925064,0.027338946238160133,1.4568705410056282e-05
radial,45,6.1648401121298475,0.3240000009536743,0.0443868488073349,716.2464599609375,1.0342972146947676e-15,0.195750892162323,0.025855878368020058,0.02705417014658451,1.3700541785510723e-05
radial,45,6.193117652502325,0.3240000009536743,0.04459044709801674,710.8269653320312,9.577880108219573e-16,0.19629773497581482,0.02550305426120758,0.026769936084747314,1.2857434739999007e-05
radial,45,6.221503847175175,0.3240000009536743,0.044794827699661255,705.4276733398438,8.843904354204448e-16,0.19684235751628876,0.025151647627353668,0.026486864313483238,1.2041254194627982e-05
radial,45,6.250000248352687,0.3240000009536743,0.04500000178813934,700.045654296875,8.139458286312976e-16,0.1973850429058075,0.02480146288871765,0.026204794645309448,1.125063317886088e-05
radial,45,6.266703001326985,0.3240000009536743,0.04512026160955429,696.8941650390625,7.740233658821895e-16,0.19770275056362152,0.024596456438302994,0.026039669290184975,1.0798854418681003e-05
radial,45,6.284950197570854,0.3240000009536743,0.04525164142251015,693.4576416015625,7.316824652499928e-16,0.19804908335208893,0.024372946470975876,0.02585965022444725,1.0316211955796462e-05
radial,45,6.304884639879068,0.3240000009536743,0.04539516940712929,689.723388671875,6.869849072002978e-16,0.19842535257339478,0.024130120873451233,0.025664083659648895,9.80279037321452e-06
radial,45,6.32666258348359,0.3240000009536743,0.04555197060108185,685.6611938476562,6.399201038212639e-16,0.19883455336093903,0.023866016417741776,0.025451388210058212,9.25739459489705e-06
radial,45,6.350453736053573,0.3240000009536743,0.045723266899585724,681.2406616210938,5.905517943421718e-16,0.19927971065044403,0.023578686639666557,0.025219999253749847,8.679441634740215e-06
radial,45,6.376444879505369,0.3240000009536743,0.04591040313243866,676.4320068359375,5.390362563417901e-16,0.19976383447647095,0.023266201838850975,0.02496836893260479,8.069138857536018e-06
radial,45,6.404838835199675,0.3240000009536743,0.04611483961343765,671.2027587890625,4.856058944850217e-16,0.20029011368751526,0.02292647585272789,0.024694817140698433,7.427234322676668e-06
radial,45,6.435858603152964,0.3240000009536743,0.04633818194270134,665.5177001953125,4.305846459346321e-16,0.2008620649576187,0.02255723625421524,0.02439752034842968,6.755130470992299e-06
radial,45,6.469745809833209,0.3240000009536743,0.0465821698307991,659.3385009765625,3.7441190903200945e-16,0.20148350298404694,0.022156022489070892,0.024074504151940346,6.05507375439629e-06
radial,45,6.506766916977035,0.3240000009536743,0.04684872180223465,652.6235961914062,3.1766710725263493e-16,0.20215854048728943,0.021720169112086296,0.023723622784018517,5.330340627551777e-06
radial,45,6.547210634582573,0.3240000009536743,0.04713991656899452,645.327392578125,2.6109922948011816e-16,0.20289167761802673,0.02124674618244171,0.02334253117442131,4.58543399872724e-06
radial,45,6.5913936123251915,0.3240000009536743,0.04745803400874138,637.4021606445312,2.0568634730563164e-16,0.2036876529455185,0.0207326952368021,0.02292877435684204,3.8266348383331206e-06
radial,45,6.639662509163221,0.3240000009536743,0.04780557006597519,628.8032836914062,1.52720993302016e-16,0.2045508623123169,0.02017516829073429,0.02248006872832775,3.062900532313506e-06
radial,45,6.692393475936519,0.3240000009536743,0.048185233026742935,619.474853515625,1.0379316742527582e-16,0.20548683404922485,0.019570577889680862,0.021993540227413177,2.305152975168312e-06
radial,45,6.75000095119079,0.3240000009536743,0.048600006848573685,609.27783203125,6.075966515746599e-17,0.2065090537071228,0.01891017146408558,0.021462157368659973,1.564158765177126e-06
radial,45,6.81293403936757,0.3240000009536743,0.0490531250834465,597.8204345703125,3.223505310890163e-17,0.20762784779071808,0.018187053501605988,0.020880436524748802,1.0109411050507333e-06
radial,45,6.881686341431406,0.3240000009536743,0.04954814165830612,585.0902709960938,1.689837843525597e-17,0.20883576571941376,0.01740596629679203,0.02025219425559044,6.74097634600912e-07
radial,45,6.956795437468423,0.3240000009536743,0.050088927149772644,571.5393676757812,5.086539554561093e-18,0.21011653542518616,0.01657768338918686,0.01958603598177433,4.032071387882752e-07
radial,45,7.0388490955034895,0.3240000009536743,0.05067971348762512,557.3128051757812,1.1184745917090492e-19,0.21146033704280853,0.01570846140384674,0.018887054175138474,2.662601445990731e-07
radial,45,7.12848992811309,0.3240000009536743,0.051325127482414246,542.3764038085938,9.47750652509213e-20,0.21286991238594055,0.014796582981944084,0.01815384440124035,2.2790166553932067e-07
radial,45,7.226418496833907,0.3240000009536743,0.05203021317720413,526.65478515625,7.766972627810336e-20,0.2143515646457672,0.01383806113153696,0.017383122816681862,1.8942841961688828e-07
radial,45,7.333401590585709,0.3240000009536743,0.0528004914522171,510.0892639160156,6.06543884333403e-20,0.215910404920578,0.012829611077904701,0.01657225750386715,1.5111304207948706e-07
radial,45,7.450276882284218,0.3240000009536743,0.053641993552446365,492.638916015625,4.388502372971239e-20,0.21754977107048035,0.011769060976803303,0.015719497576355934,1.1330249805041603e-07
radial,45,7.577958102855417,0.3240000009536743,0.054561298340559006,474.20196533203125,2.7475514904287727e-20,0.21927869319915771,0.010650552809238434,0.014820132404565811,7.62459038128327e-08
radial,45,7.71744487186273,0.3240000009536743,0.05556560307741165,454.5061950683594,1.3289464334231336e-20,0.22111457586288452,0.009462852030992508,0.013865123502910137,4.367756289980207e-08
radial,45,7.869828906324175,0.3240000009536743,0.05666276812553406,433.3702392578125,6.037263730733152e-21,0.22305279970169067,0.008208912797272205,0.012856842018663883,2.509399088523878e-08
radial,45,8.036302299135262,0.3240000009536743,0.05786137655377388,411.3218078613281,4.036546877411442e-21,0.2250494509935379,0.006917150691151619,0.011818138882517815,1.727372911375369e-08
radial,45,8.21816838449902,0.3240000009536743,0.059170812368392944,388.92626953125,2.233145315823091e-21,0.2270727902650833,0.005608120933175087,0.01076554786413908,1.020750683977667e-08
radial,45,8.416848981546032,0.3240000009536743,0.060601312667131424,366.2867126464844,9.88653396901607e-22,0.229106605052948,0.004292290657758713,0.00970748532563448,5.121110202566115e-09
radial,45,8.633900951180193,0.3240000009536743,0.06216408684849739,343.39739990234375,4.096876788497534e-22,0.2311481237411499,0.002971460809931159,0.008645398542284966,2.3803363724539395e-09
radial,45,8.871020335290167,0.3240000009536743,0.0638713464140892,320.04443359375,1.4099004249895194e-22,0.23320834338665009,0.0016385344788432121,0.0075735836289823055,8.957631303374569e-10
radial,45,9.130064605010881,0.3240000009536743,0.06573646515607834,300.7723693847656,3.852980623462519e-23,0.23489083349704742,0.0005500093684531748,0.006698291748762131,2.458050429865466e-10
radial,45,9.413060421744982,0.3240000009536743,0.06777403503656387,292.25177001953125,3.470663761140406e-24,0.23563235998153687,7.024586375337094e-05,0.006312509998679161,2.2141467478919985e-11
radial,45,9.722222263614336,0.3240000009536743,0.07000000029802322,291.1237487792969,3.532029300261355e-25,0.23573021590709686,6.945134828129085e-06,0.006261609960347414,2.253295640353148e-12
radial,45,9.903418314125803,0.3240000009536743,0.07130461186170578,291.06146240234375,1.83006128094944e-25,0.23573561012744904,3.451286374911433e-06,0.006258800160139799,1.16750717166908e-12
radial,45,10.091573413875368,0.3240000009536743,0.07265932857990265,291.03887939453125,1.1744863142745704e-25,0.23573757708072662,2.1829948764207074e-06,0.0062577808275818825,7.492760752125793e-13
radial,45,10.286954542001089,0.3240000009536743,0.07406607270240784,291.0240173339844,7.366686351364253e-26,0.2357388585805893,1.3489684533851687e-06,0.006257109809666872,4.699656462603397e-13
radial,45,10.489836956063906,0.3240000009536743,0.07552682608366013,291.01446533203125,4.5025135959959267e-26,0.23573969304561615,8.11380743925838e-07,0.006256677210330963,2.872426417815238e-13
radial,45,10.700512470470535,0.3240000009536743,0.07704368978738785,291.0085144042969,1.7130579861548835e-26,0.23574021458625793,4.7688780568933e-07,0.006256408523768187,1.0928635248283122e-13
radial,45,10.919278073641989,0.3240000009536743,0.07861880213022232,291.0048828125,0.0,0.235740527510643,2.724760292949213e-07,0.006256244145333767,0.0
radial,45,11.146445241239336,0.3240000009536743,0.08025440573692322,291.0026550292969,0.0,0.23574072122573853,1.478413622635344e-07,0.006256144028156996,0.0
radial,45,11.382334762149387,0.3240000009536743,0.08195281028747559,291.00140380859375,0.0,0.23574082553386688,7.701761006728702e-08,0.006256086751818657,0.0
radial,45,11.627285016907587,0.3240000009536743,0.08371645212173462,291.00067138671875,0.0,0.23574090003967285,3.84519118767912e-08,0.006256056018173695,0.0
radial,45,11.881640594866541,0.3240000009536743,0.08554781228303909,291.0003356933594,0.0,0.23574091494083405,1.8384575639629475e-08,0.006256039720028639,0.0
radial,45,12.145765746633213,0.3240000009536743,0.08744951337575912,291.0001525878906,0.0,0.23574092984199524,8.42152036995003e-09,0.006256031803786755,0.0
radial,45,12.420033001237446,0.3240000009536743,0.0894242376089096,291.00006103515625,0.0,0.23574094474315643,3.700905359949047e-09,0.006256028078496456,0.0
radial,45,12.70483351416058,0.3240000009536743,0.09147480130195618,291.0000305175781,0.0,0.23574094474315643,1.5607908299131168e-09,0.006256026215851307,0.0
radial,45,13.000571893321144,0.3240000009536743,0.09360411763191223,291.0,0.0,0.23574094474315643,6.26565133110546e-10,0.006256025284528732,0.0
radial,45,13.307665164271992,0.3240000009536743,0.09581518918275833,291.0,0.0,0.23574094474315643,2.2900360774347206e-10,0.006256024818867445,0.0
radial,45,13.626554153031773,0.3240000009536743,0.09811118990182877,291.0,0.0,0.23574094474315643,5.5909270268994504e-11,0.006256024818867445,0.0
radial,45,13.957687964042028,0.3240000009536743,0.1004953533411026,291.0,0.0,0.23574094474315643,0.0,0.006256024818867445,0.0
radial,45,14.301538467407227,0.3240000009536743,0.10297107696533203,291.0,0.0,0.23574094474315643,0.0,0.006256024818867445,0.0
radial,45,14.658595124880474,0.3240000009536743,0.1055418848991394,291.0,0.0,0.23574094474315643,0.0,0.006256024818867445,0.0
radial,45,15.02936292025778,0.3240000009536743,0.10821141302585602,291.0,0.0,0.23574094474315643,0.0,0.006256024818867445,0.0
radial,45,15.414368568195238,0.3240000009536743,0.1109834536910057,291.0,0.0,0.23574094474315643,0.0,0.006256024818867445,0.0
radial,45,15.814160514209005,0.3240000009536743,0.11386195570230484,291.0,0.0,0.23574094474315643,0.0,0.006256024818867445,0.0
radial,45,16.229305830266743,0.3240000009536743,0.11685100197792053,291.0,0.0,0.23574094474315643,0.0,0.006256024818867445,0.0
radial,45,16.66039435399903,0.3240000009536743,0.11995483934879303,291.0,0.0,0.23574094474315643,0.0,0.006256024818867445,0.0
radial,45,17.108037653896545,0.3240000009536743,0.12317787110805511,291.0,0.0,0.23574094474315643,0.0,0.006256024818867445,0.0
radial,45,17.572871098915737,0.3240000009536743,0.1265246719121933,291.0,0.0,0.23574094474315643,0.0,0.006256024818867445,0.0
radial,45,18.055554893281727,0.3240000009536743,0.12999999523162842,291.0,0.0,0.23574094474315643,0.0,0.006256024818867445,0.0
radial,45,18.337727006938724,0.3240000009536743,0.1320316344499588,291.0,0.0,0.23574094474315643,0.0,0.006256024818867445,0.0
radial,45,18.62480408615536,0.3240000009536743,0.1340985894203186,291.0,0.0,0.23574094474315643,0.0,0.006256024818867445,0.0
radial,45,18.91687098476622,0.3240000009536743,0.13620147109031677,291.0,0.0,0.23574094474315643,0.0,0.006256024818867445,0.0
radial,45,19.21401462621159,0.3240000009536743,0.13834090530872345,291.0,0.0,0.23574094474315643,0.0,0.006256024818867445,0.0
radial,45,19.51632814274894,0.3240000009536743,0.14051756262779236,291.0,0.0,0.23574094474315643,0.0,0.006256024818867445,0.0
radial,45,19.823892249001396,0.3240000009536743,0.14273202419281006,291.0,0.0,0.23574094474315643,0.0,0.006256024818867445,0.0
radial,45,20.13680421643787,0.3240000009536743,0.14498499035835266,291.0,0.0,0.23574094474315643,0.0,0.006256024818867445,0.0
radial,45,20.45515924692154,0.3240000009536743,0.14727714657783508,291.0,0.0,0.23574094474315643,0.0,0.006256024818867445,0.0
radial,45,20.779044263892704,0.3240000009536743,0.14960911870002747,291.0,0.0,0.23574094474315643,0.0,0.006256024818867445,0.0
radial,45,21.10856067803171,0.3240000009536743,0.1519816368818283,291.0,0.0,0.23574094474315643,0.0,0.006256024818867445,0.0
radial,45,21.44380576080746,0.3240000009536743,0.15439540147781372,291.0,0.0,0.23574094474315643,0.0,0.006256024818867445,0.0
radial,45,21.784880922900307,0.3240000009536743,0.1568511426448822,291.0,0.0,0.23574094474315643,0.0,0.006256024818867445,0.0
radial,45,22.131883435779148,0.3240000009536743,0.15934956073760986,291.0,0.0,0.23574094474315643,0.0,0.006256024818867445,0.0
radial,45,22.484918849335777,0.3240000009536743,0.1618914157152176,291.0,0.0,0.23574094474315643,0.0,0.006256024818867445,0.0
radial,45,22.844090643856262,0.3240000009536743,0.16447745263576508,291.0,0.0,0.23574094474315643,0.0,0.006256024818867445,0.0
radial,45,23.209510578049553,0.3240000009536743,0.1671084761619568,291.0,0.0,0.23574094474315643,0.0,0.006256024818867445,0.0
radial,45,23.581277992990284,0.3240000009536743,0.16978520154953003,291.0,0.0,0.23574094474315643,0.0,0.006256024818867445,0.0
radial,45,23.959510856204563,0.3240000009536743,0.17250847816467285,291.0,0.0,0.23574094474315643,0.0,0.006256024818867445,0.0
radial,45,24.344316787189907,0.3240000009536743,0.17527908086776733,291.0,0.0,0.23574094474315643,0.0,0.006256024818867445,0.0
radial,45,24.735815823078156,0.3240000009536743,0.17809787392616272,291.0,0.0,0.23574094474315643,0.0,0.006256024818867445,0.0
radial,45,25.13411765297254,0.3240000009536743,0.18096564710140228,291.0,0.0,0.23574094474315643,0.0,0.006256024818867445,0.0
radial,45,25.53934438361062,0.3240000009536743,0.18388327956199646,291.0,0.0,0.23574094474315643,0.0,0.006256024818867445,0.0
radial,45,25.951618121729958,0.3240000009536743,0.1868516504764557,291.0,0.0,0.23574094474315643,0.0,0.006256024818867445,0.0
radial,45,26.37105683485667,0.3240000009536743,0.18987160921096802,291.0,0.0,0.23574094474315643,0.0,0.006256024818867445,0.0
radial,45,26.797786768939762,0.3240000009536743,0.19294406473636627,291.0,0.0,0.23574094474315643,0.0,0.006256024818867445,0.0
radial,45,27.231936239533955,0.3240000009536743,0.19606994092464447,291.0,0.0,0.23574094474315643,0.0,0.006256024818867445,0.0
radial,45,27.673633562193977,0.3240000009536743,0.19925016164779663,291.0,0.0,0.23574094474315643,0.0,0.006256024818867445,0.0
radial,45,28.123009122080273,0.3240000009536743,0.20248566567897797,291.0,0.0,0.23574094474315643,0.0,0.006256024818867445,0.0
radial,45,28.58019537395901,0.3240000009536743,0.20577740669250488,291.0,0.0,0.23574094474315643,0.0,0.006256024818867445,0.0
radial,45,29.045330981413525,0.3240000009536743,0.20912638306617737,291.0,0.0,0.23574094474315643,0.0,0.006256024818867445,0.0
radial,45,29.51855253842142,0.3240000009536743,0.21253357827663422,291.0,0.0,0.23574094474315643,0.0,0.006256024818867445,0.0
radial,45,30.000000778171753,0.3240000009536743,0.2160000056028366,291.0,0.0,0.23574094474315643,0.0,0.006256024818867445,0.0
radial,45,0.0,0.3240000009536743,0.0,1807.5118408203125,4.615678363606088e-14,0.07046373933553696,0.10525459051132202,0.09189394116401672,0.0014661694876849651
radial,45,0.013157894298072077,0.3240000009536743,9.473683894611895e-05,1807.506103515625,4.615784750944263e-14,0.07046446204185486,0.10525410622358322,0.09189356863498688,0.001466182409785688
radial,45,0.026315788596144155,0.3240000009536743,0.0001894736778922379,1807.4891357421875,4.6161028965192516e-14,0.07046663761138916,0.10525267571210861,0.09189246594905853,0.0014662212925031781
radial,45,0.03947368289421623,0.3240000009536743,0.00028421051683835685,1807.4608154296875,4.616633139144233e-14,0.07047026604413986,0.105250284075737,0.0918906182050705,0.001466285903006792
radial,45,0.05263157719228831,0.3240000009536743,0.0003789473557844758,1807.42138671875,4.61737446237967e-14,0.07047533988952637,0.10524693876504898,0.09188802540302277,0.0014663764741271734
radial,45,0.06578947957475774,0.3240000009536743,0.00047368425293825567,1807.3702392578125,4.618326188599205e-14,0.07048186659812927,0.10524263978004456,0.09188470989465714,0.0014664926566183567
radial,45,0.07894736578843246,0.3240000009536743,0.0005684210336767137,1807.3079833984375,4.61948764017648e-14,0.07048984616994858,0.10523738712072372,0.09188064187765121,0.00146663433406502
radial,45,0.09210527221310057,0.3240000009536743,0.000663157959934324,1807.2342529296875,4.6208571230456005e-14,0.07049928605556488,0.10523116588592529,0.0918758362531662,0.0014668013900518417
radial,45,0.10526315438457662,0.3240000009536743,0.0007578947115689516,1807.1494140625,4.62243362076703e-14,0.07051016390323639,0.10522400587797165,0.09187029302120209,0.0014669939409941435
radial,45,0.11842105272484736,0.3240000009536743,0.000852631579618901,1807.052978515625,4.6242151004616955e-14,0.0705225020647049,0.10521586984395981,0.09186400473117828,0.0014672114048153162
radial,45,0.13157895914951548,0.3240000009536743,0.0009473685058765113,1806.9454345703125,4.626199868063702e-14,0.0705362930893898,0.10520678013563156,0.09185697883367538,0.0014674537815153599
radial,45,0.14473684132099152,0.3240000009536743,0.001042105257511139,1806.8262939453125,4.628385213067618e-14,0.0705515444278717,0.1051967442035675,0.09184920787811279,0.001467720721848309
radial,45,0.15789473157686493,0.3240000009536743,0.0011368420673534274,1806.6959228515625,4.630769441407549e-14,0.0705682560801506,0.10518573224544525,0.0918406993150711,0.0014680121093988419
radial,45,0.17105263800153303,0.3240000009536743,0.0012315789936110377,1806.55419921875,4.633349842578065e-14,0.07058641314506531,0.10517377406358719,0.09183144569396973,0.0014683275949209929
radial,45,0.18421054442620113,0.3240000009536743,0.001326315919868648,1806.40087890625,4.636123367260554e-14,0.0706060379743576,0.10516085475683212,0.09182144701480865,0.0014686668291687965
radial,45,0.19736841851327983,0.3240000009536743,0.0014210526132956147,1806.236328125,4.6390869661364076e-14,0.0706271231174469,0.10514697432518005,0.0918106958270073,0.0014690293464809656
radial,45,0.21052630876915324,0.3240000009536743,0.0015157894231379032,1806.060302734375,4.6422375898870147e-14,0.07064966857433319,0.10513214021921158,0.09179922193288803,0.0014694149140268564
radial,45,0.22368423136261603,0.3240000009536743,0.0016105264658108354,1805.873046875,4.6455718503805865e-14,0.07067368179559708,0.1051163300871849,0.09178698062896729,0.0014698231825605035
radial,45,0.23684210544969472,0.3240000009536743,0.001705263159237802,1805.674072265625,4.6490846654194395e-14,0.07069916278123856,0.10509956628084183,0.09177399426698685,0.0014702535700052977
radial,45,0.24999999570556813,0.3240000009536743,0.0017999999690800905,1805.4637451171875,4.6527740021245004e-14,0.07072610408067703,0.10508184134960175,0.09176026284694672,0.0014707059599459171
radial,45,0.26315791829903096,0.3240000009536743,0.0018947370117530227,1805.2420654296875,4.656633761858549e-14,0.0707545205950737,0.10506314784288406,0.0917457863688469,0.0014711794210597873
radial,45,0.27631577621731496,0.3240000009536743,0.0019894735887646675,1805.0086669921875,4.6606608953029746e-14,0.07078440487384796,0.10504349321126938,0.09173056483268738,0.0014716736041009426
radial,45,0.28947368264198303,0.3240000009536743,0.002084210515022278,1804.763916015625,4.6648499814469155e-14,0.07081577181816101,0.1050228700041771,0.09171458333730698,0.0014721881598234177
radial,45,0.30263158906665116,0.3240000009536743,0.002178947441279888,1804.5078125,4.669195938092688e-14,0.07084859907627106,0.10500127822160721,0.09169784188270569,0.0014727223897352815
radial,45,0.31578946315372985,0.3240000009536743,0.002273684134706855,1804.239990234375,4.673693683042608e-14,0.07088291645050049,0.10497872531414032,0.0916803628206253,0.001473275595344603
radial,45,0.3289474019159873,0.3240000009536743,0.002368421293795109,1803.960693359375,4.678337795285814e-14,0.07091871649026871,0.10495519638061523,0.09166212379932404,0.0014738473109900951
radial,45,0.34210527600306606,0.3240000009536743,0.0024631579872220755,1803.669921875,4.683122514998264e-14,0.07095597684383392,0.10493070632219315,0.09164312481880188,0.0014744368381798267
radial,45,0.35526315009014475,0.3240000009536743,0.002557894680649042,1803.367431640625,4.6880414047295593e-14,0.07099474221467972,0.10490524768829346,0.09162338078022003,0.0014750435948371887
radial,45,0.36842108885240227,0.3240000009536743,0.002652631839737296,1803.053466796875,4.693089043468837e-14,0.0710349828004837,0.10487882047891617,0.0916028618812561,0.0014756666496396065
radial,45,0.38157896293948096,0.3240000009536743,0.0027473685331642628,1802.727783203125,4.698258316139341e-14,0.07107670605182648,0.10485142469406128,0.09158159792423248,0.0014763056533411145
radial,45,0.39473683702655965,0.3240000009536743,0.0028421052265912294,1802.3907470703125,4.70354312410385e-14,0.07111992686986923,0.10482306033372879,0.09155957400798798,0.0014769595582038164
radial,45,0.40789477578881717,0.3240000009536743,0.0029368423856794834,1802.0419921875,4.708936352285607e-14,0.07116463035345078,0.1047937273979187,0.09153678268194199,0.001477627782151103
radial,45,0.4210526175383065,0.3240000009536743,0.0030315788462758064,1801.6812744140625,4.71467042652534e-14,0.0712108463048935,0.10476337373256683,0.09151321649551392,0.0014783325605094433
radial,45,0.43421052396297455,0.3240000009536743,0.0031263157725334167,1801.307861328125,4.7210953408368533e-14,0.07125864177942276,0.10473194718360901,0.09148886054754257,0.0014791070716455579
radial,45,0.44736846272523206,0.3240000009536743,0.0032210529316216707,1800.922119140625,4.7279868008957143e-14,0.07130797952413559,0.10469949245452881,0.09146372228860855,0.0014799295458942652
radial,45,0.46052630447472137,0.3240000009536743,0.0033157893922179937,1800.5247802734375,4.7350022665780533e-14,0.0713588073849678,0.10466605424880981,0.09143780916929245,0.0014807665720582008
radial,45,0.47368421089938945,0.3240000009536743,0.003410526318475604,1800.1156005859375,4.742135300433471e-14,0.0714111477136612,0.10463164001703262,0.09141112864017487,0.001481617451645434
radial,45,0.48684214966164696,0.3240000009536743,0.003505263477563858,1799.69482421875,4.7493781097588533e-14,0.07146499305963516,0.10459623485803604,0.0913836807012558,0.0014824809040874243
radial,45,0.49999999141113627,0.3240000009536743,0.003599999938160181,1799.2620849609375,4.75673679319142e-14,0.07152034342288971,0.10455986112356186,0.09135546535253525,0.001483358908444643
radial,45,0.5115740673823489,0.3240000009536743,0.003683333285152912,1798.87158203125,4.7633778703110724e-14,0.07157029211521149,0.10452701896429062,0.09132999926805496,0.0014841571683064103
radial,45,0.5231481433535615,0.3240000009536743,0.0037666666321456432,1798.471435546875,4.770253406150525e-14,0.07162146270275116,0.10449337214231491,0.09130392968654633,0.0014849944273009896
radial,45,0.5347222193247743,0.3240000009536743,0.0038499999791383743,1798.061279296875,4.777423709455622e-14,0.07167384773492813,0.10445888340473175,0.09127722680568695,0.0014858824433758855
radial,45,0.5415076480454041,0.3240000009536743,0.0038988550659269094,1797.81591796875,4.7819770197668823e-14,0.071705162525177,0.10443820804357529,0.09126126021146774,0.001486466615460813
radial,45,0.5483620205066271,0.3240000009536743,0.003948206547647715,1797.5631103515625,4.787125286020294e-14,0.07173734903335571,0.10441689193248749,0.09124486893415451,0.0014871585881337523
radial,45,0.5552860804729992,0.3240000009536743,0.003998059779405594,1797.3026123046875,4.792916619687261e-14,0.07177039980888367,0.10439488291740417,0.09122803062200546,0.0014879670925438404
radial,45,0.5622805717090765,0.3240000009536743,0.004048420116305351,1797.03466796875,4.799342550438311e-14,0.07180433720350266,0.10437219589948654,0.0912107601761818,0.0014888910809531808
radial,45,0.5693460762914684,0.3240000009536743,0.0040992917492985725,1796.7589111328125,4.8063942691307926e-14,0.07183917611837387,0.1043488159775734,0.09119302034378052,0.0014899290399625897
radial,45,0.576483434997499,0.3240000009536743,0.004150680731981993,1796.4752197265625,4.814062966622054e-14,0.0718749389052391,0.10432473570108414,0.09117483347654343,0.0014910796890035272
radial,45,0.5836932945789562,0.3240000009536743,0.004202591720968485,1796.18359375,4.8223391561430864e-14,0.07191164046525955,0.10429994016885757,0.09115616232156754,0.0014923412818461657
radial,45,0.5909764958131645,0.3240000009536743,0.004255030769854784,1795.8839111328125,4.831213689738059e-14,0.0719492956995964,0.10427442938089371,0.09113702178001404,0.0014937124215066433
radial,45,0.5983336854519116,0.3240000009536743,0.004308002535253763,1795.5760498046875,4.840676741824784e-14,0.07198791205883026,0.10424818843603134,0.09111738204956055,0.00149519182741642
radial,45,0.6057657042725219,0.3240000009536743,0.0043615130707621574,1795.259765625,4.8507184868210734e-14,0.0720275267958641,0.10422121733427048,0.09109725058078766,0.0014967776369303465
radial,45,0.6132731990267833,0.3240000009536743,0.00441556703299284,1794.9349365234375,4.861327066265665e-14,0.07206812500953674,0.10419349372386932,0.09107661247253418,0.0014984682202339172
radial,45,0.620857075167199,0.3240000009536743,0.004470170941203833,1794.6016845703125,4.872494009829087e-14,0.07210975140333176,0.10416501760482788,0.09105546772480011,0.0015002619475126266
radial,45,0.6285179794455568,0.3240000009536743,0.004525329452008009,1794.259521484375,4.8842064426105405e-14,0.07215242087841034,0.10413577407598495,0.09103380143642426,0.0015021571889519691
radial,45,0.6362567526391811,0.3240000009536743,0.004581048619002104,1793.9085693359375,4.896454539027838e-14,0.07219613343477249,0.10410575568675995,0.09101159125566483,0.0015041523147374392
radial,45,0.6440741708502173,0.3240000009536743,0.004637334030121565,1793.548828125,4.909226440619717e-14,0.0722409263253212,0.10407494753599167,0.09098884463310242,0.001506245112977922
radial,45,0.6519710748559899,0.3240000009536743,0.004694191738963127,1793.1798095703125,4.922509611298559e-14,0.07228681445121765,0.10404334217309952,0.09096553921699524,0.0015084343031048775
radial,45,0.659948305433823,0.3240000009536743,0.004751627799123526,1792.801513671875,4.936291853789923e-14,0.07233380526304245,0.1040109395980835,0.09094167500734329,0.001510717673227191
radial,45,0.6680065093355047,0.3240000009536743,0.004809646867215633,1792.4136962890625,4.950560970819369e-14,0.07238192856311798,0.10397771745920181,0.09091723710298538,0.0015130935935303569
radial,45,0.6761466566887167,0.3240000009536743,0.00486825592815876,1792.0164794921875,4.9653034098597407e-14,0.07243120670318604,0.10394366085529327,0.09089221060276031,0.0015155597357079387
radial,45,0.6843695235956047,0.3240000009536743,0.004927460569888353,1791.6094970703125,4.98050629601024e-14,0.0724816620349884,0.10390876978635788,0.09086660295724869,0.001518114353530109
radial,45,0.6926760801838504,0.3240000009536743,0.004987267777323723,1791.1925048828125,4.9961553991173524e-14,0.07253330200910568,0.10387301445007324,0.09084038436412811,0.0015207551186904311
radial,45,0.7010669085300631,0.3240000009536743,0.005047681741416454,1790.765625,5.012236489027565e-14,0.07258617132902145,0.10383640974760056,0.090813547372818,0.0015234800521284342
radial,45,0.7095431081122823,0.3240000009536743,0.005108710378408432,1790.32861328125,5.028734657961005e-14,0.07264026999473572,0.10379891842603683,0.09078608453273773,0.0015262869419530034
radial,45,0.7181054550326533,0.3240000009536743,0.005170359276235104,1789.881103515625,5.045634998137802e-14,0.07269562780857086,0.10376054048538208,0.09075798094272614,0.0015291734598577023
radial,45,0.7267547900685006,0.3240000009536743,0.005232634488493204,1789.423095703125,5.0629212465253676e-14,0.07275226712226868,0.1037212684750557,0.0907292366027832,0.0015321372775360942
radial,45,0.735492083347506,0.3240000009536743,0.005295543000102043,1788.9544677734375,5.080577478904294e-14,0.07281021773815155,0.10368108749389648,0.09069981426000595,0.0015351760666817427
radial,45,0.7443181756469939,0.3240000009536743,0.005359090864658356,1788.474853515625,5.098587093428815e-14,0.07286948710680008,0.10363996773958206,0.09066972136497498,0.0015382873825728893
radial,45,0.7532339724194672,0.3240000009536743,0.005423284601420164,1787.984375,5.1169328106268064e-14,0.07293011993169785,0.10359792411327362,0.09063893556594849,0.001541468664072454
radial,45,0.762240443792608,0.3240000009536743,0.005488131195306778,1787.4822998046875,5.135595995773429e-14,0.07299213111400604,0.10355491191148758,0.09060744941234589,0.0015447172336280346
radial,45,0.7713383658685619,0.3240000009536743,0.005553636234253645,1786.96923828125,5.154559369396558e-14,0.07305555045604706,0.10351093858480453,0.09057525545358658,0.0015480302972719073
radial,45,0.7805289028005468,0.3240000009536743,0.005619808100163937,1786.4442138671875,5.17380260270546e-14,0.07312040030956268,0.1034659892320633,0.09054233133792877,0.001551405293866992
radial,45,0.7898127013403509,0.3240000009536743,0.005686651449650526,1785.90771484375,5.1933070609752954e-14,0.07318670302629471,0.10342004895210266,0.09050866216421127,0.001554839313030243
radial,45,0.7991908609660135,0.3240000009536743,0.0057541741989552975,1785.35888671875,5.213052076602151e-14,0.07325448095798492,0.10337308794260025,0.09047423303127289,0.0015583292115479708
radial,45,0.8086644164803956,0.3240000009536743,0.005822383798658848,1784.7979736328125,5.233016304355756e-14,0.07332378625869751,0.10332511365413666,0.09043904393911362,0.0015618721954524517
radial,45,0.818234273336,0.3240000009536743,0.005891286768019199,1784.224609375,5.2531783990058395e-14,0.07339462637901306,0.1032760888338089,0.09040306508541107,0.0015654652379453182
radial,45,0.8279014016605086,0.3240000009536743,0.005960890091955662,1783.6387939453125,5.273515998882594e-14,0.07346703112125397,0.10322601348161697,0.09036627411842346,0.0015691048465669155
radial,45,0.8376667069064246,0.3240000009536743,0.006031200289726257,1783.0399169921875,5.2940057258766757e-14,0.07354103773832321,0.10317486524581909,0.09032867848873138,0.0015727875288575888
radial,45,0.8475313532269664,0.3240000009536743,0.0061022257432341576,1782.42822265625,5.314623185439203e-14,0.07361667603254318,0.10312263667583466,0.09029024839401245,0.0015765104908496141
radial,45,0.857496181399458,0.3240000009536743,0.0061739725060760975,1781.8031005859375,5.3353449994608323e-14,0.07369396090507507,0.10306930541992188,0.09025097638368607,0.0015802696580067277
radial,45,0.8675623555771179,0.3240000009536743,0.006246448960155249,1781.1644287109375,5.35614440170043e-14,0.07377293705940247,0.10301485657691956,0.09021084010601044,0.0015840617706999183
radial,45,0.8777308458876278,0.3240000009536743,0.006319662090390921,1780.5120849609375,5.3769956423564e-14,0.07385364174842834,0.10295926779508591,0.09016981720924377,0.0015878825215622783
radial,45,0.8880026871338487,0.3240000009536743,0.00639361934736371,1779.845703125,5.3978709387480714e-14,0.0739361047744751,0.10290252417325974,0.09012791514396667,0.0015917287673801184
radial,45,0.898378914118641,0.3240000009536743,0.006468328181654215,1779.1651611328125,5.418742847007954e-14,0.07402034848928452,0.10284461826086044,0.09008506685495377,0.0015955959679558873
radial,45,0.9088606263200443,0.3240000009536743,0.006543796509504318,1778.4700927734375,5.439581890389483e-14,0.07410640269517899,0.10278552025556564,0.09004131704568863,0.0015994803979992867
radial,45,0.9194488585409191,0.3240000009536743,0.0066200317814946175,1777.7603759765625,5.460357575706558e-14,0.07419432699680328,0.10272522270679474,0.08999659866094589,0.0016033775173127651
radial,45,0.9301447102593051,0.3240000009536743,0.006697041913866997,1777.03564453125,5.4810397485862555e-14,0.074284128844738,0.10266370326280594,0.08995092660188675,0.0016072830185294151
radial,45,0.9409492809532417,0.3240000009536743,0.00677483482286334,1776.2957763671875,5.501595205337044e-14,0.07437586784362793,0.10260092467069626,0.08990426361560822,0.001611192710697651
radial,45,0.9518637347759472,0.3240000009536743,0.00685341889038682,1775.5404052734375,5.5219917587069275e-14,0.07446955144405365,0.10253690183162689,0.0898565948009491,0.001615101471543312
radial,45,0.9628891065302823,0.3240000009536743,0.006932801567018032,1774.769287109375,5.542194849751658e-14,0.07456523925065994,0.10247159004211426,0.0898079052567482,0.0016190047608688474
radial,45,0.9740264310191076,0.3240000009536743,0.007012990303337574,1773.98193359375,5.56216924190063e-14,0.0746629610657692,0.10240498930215836,0.08975816518068314,0.0016228975728154182
radial,45,0.9852770664211776,0.3240000009536743,0.007093994878232479,1773.1783447265625,5.581878004517343e-14,0.07476276159286499,0.1023370623588562,0.08970736712217331,0.001626775017939508
radial,45,0.9966419828641746,0.3240000009536743,0.007175822276622057,1772.358154296875,5.601283868152118e-14,0.07486466318368912,0.1022677943110466,0.08965548872947693,0.0016306315083056688
radial,45,1.008122473851674,0.3240000009536743,0.007258481811732054,1771.5211181640625,5.6203475304762024e-14,0.07496873289346695,0.10219717025756836,0.08960249274969101,0.0016344618052244186
radial,45,1.0197196388617158,0.3240000009536743,0.007341981399804354,1770.6668701171875,5.639029689160843e-14,0.07507498562335968,0.10212516039609909,0.08954837918281555,0.0016382604371756315
radial,45,1.0314346420475178,0.3240000009536743,0.007426329422742128,1769.795166015625,5.6572869761191413e-14,0.07518347352743149,0.1020517572760582,0.08949311077594757,0.0016420213505625725
radial,45,1.043268776912656,0.3240000009536743,0.007511535193771124,1768.9056396484375,5.6750783949564496e-14,0.07529423385858536,0.10197693109512329,0.08943667262792587,0.0016457389574497938
radial,45,1.055223207610349,0.3240000009536743,0.007597607094794512,1767.998046875,5.692358205893616e-14,0.07540731877088547,0.10190065205097198,0.08937904238700867,0.0016494067385792732
radial,45,1.0672990982938144,0.3240000009536743,0.007684553507715464,1767.072021484375,5.709082024404205e-14,0.0755227655172348,0.10182291269302368,0.08932019770145416,0.0016530185239389539
radial,45,1.0794976777914498,0.3240000009536743,0.007772383280098438,1766.127197265625,5.725200722577276e-14,0.07564061880111694,0.101743683218956,0.08926011621952057,0.001656568143516779
radial,45,1.0918203689571884,0.3240000009536743,0.007861106656491756,1765.1632080078125,5.740668221820497e-14,0.07576092332601547,0.10166294127702713,0.0891987681388855,0.0016600482631474733
radial,45,1.10426827126907,0.3240000009536743,0.007950731553137302,1764.179931640625,5.75543166727796e-14,0.07588372379541397,0.1015806719660759,0.08913613855838776,0.0016634524799883366
radial,45,1.1168426782306697,0.3240000009536743,0.008041267283260822,1763.1768798828125,5.769440914599189e-14,0.07600907981395721,0.10149683803319931,0.08907219767570496,0.0016667732270434499
radial,45,1.1295448833455641,0.3240000009536743,0.008132723160088062,1762.15380859375,5.782641753675558e-14,0.076137013733387,0.10141143202781677,0.08900691568851471,0.0016700035193935037
radial,45,1.1423761801173289,0.3240000009536743,0.008225108496844769,1761.1103515625,5.794978619145727e-14,0.07626759260892868,0.1013244241476059,0.08894027769565582,0.0016731355572119355
radial,45,1.1553378620495398,0.3240000009536743,0.008318432606756687,1760.0458984375,5.806395945648357e-14,0.07640086114406586,0.1012357771396637,0.08887224644422531,0.0016761616570875049
radial,45,1.1684313519961305,0.3240000009536743,0.008412705734372139,1758.960205078125,5.816833424437604e-14,0.0765368714928627,0.10114548355340958,0.08880279958248138,0.001679073553532362
radial,45,1.1816579434606764,0.3240000009536743,0.00850793719291687,1757.853271484375,5.82623142439398e-14,0.07667567580938339,0.10105350613594055,0.08873190730810165,0.001681863097473979
radial,45,1.1950189299467537,0.3240000009536743,0.008604136295616627,1756.7242431640625,5.834526926266209e-14,0.07681731879711151,0.10095982253551483,0.08865955471992493,0.0016845217905938625
radial,45,1.2085157343082957,0.3240000009536743,0.00870131328701973,1755.57275390625,5.841656233176659e-14,0.07696186006069183,0.10086442530155182,0.08858570456504822,0.00168704055249691
radial,45,1.222149779399236,0.3240000009536743,0.0087994784116745,1754.3988037109375,5.847551582489549e-14,0.07710935920476913,0.10076725482940674,0.08851032704114914,0.001689410419203341
radial,45,1.2359223587231505,0.3240000009536743,0.008898640982806683,1753.20166015625,5.852145889195456e-14,0.0772598534822464,0.10066831111907959,0.0884333923459053,0.0016916224267333746
radial,45,1.2498348951339722,0.3240000009536743,0.0089988112449646,1751.9810791015625,5.855367324900454e-14,0.0774134173989296,0.10056755691766739,0.08835488557815552,0.0016936660977080464
radial,45,1.26388907018635,0.3240000009536743,0.00910000130534172,1750.73681640625,5.857118989035376e-14,0.07757007330656052,0.10046499222517014,0.0882747545838356,0.0016955285100266337
radial,45,1.2800925307803683,0.3240000009536743,0.009216666221618652,1749.2880859375,5.857171843891285e-14,0.07775261998176575,0.10034575313329697,0.08818138390779495,0.0016974043101072311
radial,45,1.2962962500751019,0.3240000009536743,0.009333333000540733,1747.8245849609375,5.855040708995993e-14,0.07793720066547394,0.10022550076246262,0.08808693289756775,0.0016989732393994927
radial,45,1.3124999693698354,0.3240000009536743,0.009449999779462814,1746.3463134765625,5.850773695820904e-14,0.07812383025884628,0.10010422021150589,0.08799140155315399,0.001700243097729981
radial,45,1.322034125526746,0.3240000009536743,0.009518645703792572,1745.468994140625,5.847372689131089e-14,0.07823463529348373,0.10003232955932617,0.08793468028306961,0.0017008786089718342
radial,45,1.3316050171852112,0.3240000009536743,0.00958755612373352,1744.582275390625,5.843447199640334e-14,0.07834664732217789,0.09995970129966736,0.08787732571363449,0.001701471279375255
radial,45,1.3412129030459456,0.3240000009536743,0.009656732901930809,1743.6854248046875,5.839048049325474e-14,0.07845988124608994,0.09988632053136826,0.08781934529542923,0.0017020298400893807
radial,45,1.3508579124593072,0.3240000009536743,0.009726176969707012,1742.779052734375,5.834151521263986e-14,0.07857435196638107,0.09981217235326767,0.08776072412729263,0.0017025513807311654
radial,45,1.3605401747756534,0.3240000009536743,0.009795889258384705,1741.8626708984375,5.828733898533348e-14,0.0786900743842125,0.099737249314785,0.0877014547586441,0.0017030328745022416
radial,45,1.370259819345342,0.3240000009536743,0.009865870699286461,1740.936279296875,5.822771464211035e-14,0.0788070559501648,0.09966156631708145,0.08764153718948364,0.0017034709453582764
radial,45,1.3800171048690877,0.3240000009536743,0.00993612315505743,1739.999755859375,5.816238468495452e-14,0.07892528176307678,0.09958511590957642,0.08758096396923065,0.001703862682916224
radial,45,1.3898120313468907,0.3240000009536743,0.010006646625697613,1739.0533447265625,5.809111194464076e-14,0.07904479652643204,0.0995078906416893,0.08751974254846573,0.0017042047111317515
radial,45,1.399644728129109,0.3240000009536743,0.010077442042529583,1738.0966796875,5.801363892315309e-14,0.07916557788848877,0.0994298979640007,0.08745785057544708,0.0017044940032064915
radial,45,1.409515453916457,0.3240000009536743,0.01014851126819849,1737.1298828125,5.792970812247555e-14,0.07928764820098877,0.09935112297534943,0.08739529550075531,0.001704727066680789
radial,45,1.419424338059293,0.3240000009536743,0.010219855234026909,1736.1529541015625,5.783906204459219e-14,0.07941101491451263,0.09927157312631607,0.08733207732439041,0.0017049005255103111
radial,45,1.4293713805576167,0.3240000009536743,0.01029147394001484,1735.1656494140625,5.77414499677506e-14,0.07953566312789917,0.09919124841690063,0.0872681736946106,0.0017050112364813685
radial,45,1.4393569694625008,0.3240000009536743,0.010363370180130005,1734.16796875,5.763658728888052e-14,0.07966164499521255,0.09911014139652252,0.08720359951257706,0.0017050555907189846
radial,45,1.4493811047739453,0.3240000009536743,0.010435543954372406,1733.1600341796875,5.752422328622955e-14,0.0797889307141304,0.09902824461460114,0.0871383398771286,0.0017050302121788263
radial,45,1.4594440451926656,0.3240000009536743,0.010507997125387192,1732.1416015625,5.740407335672743e-14,0.0799175351858139,0.09894557297229767,0.08707239478826523,0.001704931491985917
radial,45,1.4695455320179462,0.3240000009536743,0.010580727830529213,1731.112548828125,5.727586644983101e-14,0.08004748076200485,0.09886211901903152,0.08700576424598694,0.001704756054095924
radial,45,1.479686341351933,0.3240000009536743,0.010653741657733917,1730.0732421875,5.713931796247004e-14,0.08017875254154205,0.0987778753042221,0.08693842589855194,0.0017045000568032265
radial,45,1.4898662144939105,0.3240000009536743,0.010727036744356155,1729.023193359375,5.699415006783781e-14,0.08031138777732849,0.09869284182786942,0.08687038719654083,0.0017041602404788136
radial,45,1.500085410144594,0.3240000009536743,0.010800614953041077,1727.9625244140625,5.6840078162864044e-14,0.08044535666704178,0.09860701858997345,0.08680164813995361,0.0017037325305864215
radial,45,1.5103440576543412,0.3240000009536743,0.010874477215111256,1726.8912353515625,5.667681086821488e-14,0.0805807039141655,0.09852040559053421,0.08673220872879028,0.0017032134346663952
radial,45,1.520642415723867,0.3240000009536743,0.010948625393211842,1725.80908203125,5.6504050028292896e-14,0.08071741461753845,0.0984329953789711,0.08666203916072845,0.0017025992274284363
radial,45,1.5309804843531716,0.3240000009536743,0.011023059487342834,1724.716064453125,5.632149748750065e-14,0.08085551112890244,0.09834479540586472,0.08659115433692932,0.001701885717920959
radial,45,1.54135852224297,0.3240000009536743,0.011097781360149384,1723.612548828125,5.612885509024071e-14,0.08099499344825745,0.09825579822063446,0.08651955425739288,0.0017010694136843085
radial,45,1.55177665874362,0.3240000009536743,0.011172791942954063,1722.497802734375,5.5925811128388486e-14,0.08113586902618408,0.09816600382328033,0.08644722402095795,0.001700146240182221
radial,45,1.5622350232054791,0.3240000009536743,0.011248092167079449,1721.3721923828125,5.571206744634655e-14,0.08127815276384354,0.09807540476322174,0.08637416362762451,0.001699112239293754
radial,45,1.5727337449789047,0.3240000009536743,0.011323682963848114,1720.235595703125,5.548729539533136e-14,0.08142184466123581,0.09798400849103928,0.08630037307739258,0.001697963336482644
radial,45,1.58327321211497,0.3240000009536743,0.011399567127227783,1719.087890625,5.5251186655350115e-14,0.0815669521689415,0.09789181500673294,0.08622582256793976,0.0016966955736279488
radial,45,1.5938530365626018,0.3240000009536743,0.011475741863250732,1717.928955078125,5.5003422742014654e-14,0.08171350508928299,0.09779880195856094,0.08615053445100784,0.0016953046433627605
radial,45,1.604473994423946,0.3240000009536743,0.01155221275985241,1716.759033203125,5.4743661454014284e-14,0.08186148852109909,0.09770499169826508,0.08607450127601624,0.0016937867039814591
radial,45,1.6151359563486445,0.3240000009536743,0.01162897888571024,1715.5777587890625,5.4471591083224413e-14,0.0820109099149704,0.09761036932468414,0.08599770069122314,0.0016921370988711715
radial,45,1.6258389223366976,0.3240000009536743,0.011706040240824223,1714.385009765625,5.4186859263938986e-14,0.0821618065237999,0.09751493483781815,0.08592014759778976,0.0016903517534956336
radial,45,1.6365834097895358,0.3240000009536743,0.011783400550484657,1713.180908203125,5.388913395924268e-14,0.08231417089700699,0.09741869568824768,0.0858418196439743,0.001688426244072616
radial,45,1.6473694187071588,0.3240000009536743,0.011861059814691544,1711.965576171875,5.357806957969301e-14,0.08246800303459167,0.09732162952423096,0.08576272428035736,0.0016863562632352114
radial,45,1.658196949089567,0.3240000009536743,0.011939018033444881,1710.738525390625,5.325330359518855e-14,0.08262333273887634,0.09722375869750977,0.08568283915519714,0.0016841371543705463
radial,45,1.6690665183381903,0.3240000009536743,0.01201727893203497,1709.4998779296875,5.291449041628683e-14,0.08278016746044159,0.09712504595518112,0.08560217916965485,0.0016817643772810698
radial,45,1.679977738401956,0.3240000009536743,0.012095839716494083,1708.24951171875,5.2561257348491056e-14,0.08293850719928741,0.09702552855014801,0.08552070707082748,0.0016792331589385867
radial,45,1.6909312560326524,0.3240000009536743,0.012174705043435097,1706.9874267578125,5.219323847356801e-14,0.08309836685657501,0.09692517668008804,0.08543845266103745,0.001676538959145546
radial,45,1.7019272005806367,0.3240000009536743,0.012253875844180584,1705.71337890625,5.181005432075732e-14,0.08325977623462677,0.09682399034500122,0.08535539358854294,0.0016736770048737526
radial,45,1.7129655720459092,0.3240000009536743,0.012333352118730545,1704.427490234375,5.141131186677146e-14,0.08342273533344269,0.09672196954488754,0.08527150750160217,0.0016706421738490462
radial,45,1.7240464997788272,0.3240000009536743,0.012413134798407555,1703.12939453125,5.09966214764547e-14,0.08358726650476456,0.09661909937858582,0.08518680185079575,0.0016674294602125883
radial,45,1.7351702424801059,0.3240000009536743,0.012493225745856762,1701.8189697265625,5.0565569797728777e-14,0.08375338464975357,0.09651538729667664,0.08510126173496246,0.0016640336252748966
radial,45,1.7463370588504605,0.3240000009536743,0.012573626823723316,1700.4964599609375,5.011772992598827e-14,0.08392110466957092,0.09641081839799881,0.08501489460468292,0.0016604495467618108
radial,45,1.7575468195395338,0.3240000009536743,0.012654337100684643,1699.1612548828125,4.965268173289135e-14,0.084090456366539,0.09630537778139114,0.08492765575647354,0.0016566714039072394
radial,45,1.7688001712991133,0.3240000009536743,0.012735361233353615,1697.8134765625,4.916996104438291e-14,0.0842614695429802,0.09619905799627304,0.08483953773975372,0.0016526938416063786
radial,45,1.7800967260781262,0.3240000009536743,0.012816696427762508,1696.45263671875,4.866909691014429e-14,0.0844341591000557,0.0960918664932251,0.08475055545568466,0.0016485106898471713
radial,45,1.7914370012780032,0.3240000009536743,0.012898346409201622,1695.0787353515625,4.8149614991725015e-14,0.08460856229066849,0.09598376601934433,0.08466066420078278,0.0016441160114482045
radial,45,1.8028211262491014,0.3240000009536743,0.01298031210899353,1693.6912841796875,4.7610881708480546e-14,0.08478473871946335,0.09587472677230835,0.08456984907388687,0.0016395022394135594
radial,45,1.8142491009914212,0.3240000009536743,0.013062593527138233,1692.287353515625,4.705120977077995e-14,0.08496305346488953,0.09576454013586044,0.08447790890932083,0.0016346501652151346
radial,45,1.8257213135560355,0.3240000009536743,0.013145193457603455,1690.864990234375,4.646918293953542e-14,0.08514376729726791,0.09565303474664688,0.08438470959663391,0.0016295439563691616
radial,45,1.8372378932933013,0.3240000009536743,0.013228112831711769,1689.42529296875,4.5864865589250944e-14,0.08532675355672836,0.09554032236337662,0.08429031074047089,0.0016241844277828932
radial,45,1.848798840203219,0.3240000009536743,0.013311351649463177,1687.9510498046875,4.523035320846275e-14,0.08551415801048279,0.0954250693321228,0.08419361710548401,0.0016184997512027621
radial,45,1.8604045423368614,0.3240000009536743,0.013394912704825401,1686.41748046875,4.455376361898675e-14,0.08570916950702667,0.09530533105134964,0.08409298956394196,0.001612383290193975
radial,45,1.8720551290445857,0.3240000009536743,0.013478796929121017,1684.8173828125,4.382988926226322e-14,0.08591267466545105,0.09518057852983475,0.08398794382810593,0.0016057828906923532
radial,45,1.8837504709760349,0.3240000009536743,0.01356300339102745,1683.1571044921875,4.305866237565639e-14,0.08612393587827682,0.09505131840705872,0.08387888222932816,0.0015986817888915539
radial,45,1.8954912148829963,0.3240000009536743,0.013647536747157574,1681.4664306640625,4.2251985466141076e-14,0.08633914589881897,0.09491989016532898,0.08376774191856384,0.0015911743976175785
radial,45,1.907277231415113,0.3240000009536743,0.013732396066188812,1679.7823486328125,4.14273108005625e-14,0.08655358105897903,0.09478919953107834,0.08365698158740997,0.0015834206715226173
radial,45,1.9191087792730994,0.3240000009536743,0.013817583210766315,1678.1142578125,4.058978156297639e-14,0.08676609396934509,0.09465992450714111,0.0835471823811531,0.0015754771884530783
radial,45,1.9309859878073137,0.3240000009536743,0.013903099112212658,1676.4215087890625,3.987617324557359e-14,0.08697960525751114,0.09452858567237854,0.08343689888715744,0.0015689574647694826
radial,45,1.9429091157184708,0.3240000009536743,0.013988945633172989,1674.7091064453125,3.9359184992151033e-14,0.08719254285097122,0.09439538419246674,0.08332694321870804,0.0015646832762286067
radial,45,1.9548782923569283,0.3240000009536743,0.014075123704969883,1673.02001953125,3.891012878109827e-14,0.08740159869194031,0.09426398575305939,0.0832190066576004,0.0015611279523000121
radial,45,1.9668937764234014,0.3240000009536743,0.01416163519024849,1671.322021484375,3.851153201677934e-14,0.08761096000671387,0.09413183480501175,0.08311090618371964,0.0015581136103719473
radial,45,1.97895556791789,0.3240000009536743,0.014248480089008808,1669.546875,3.834078372714003e-14,0.08782640844583511,0.09399320185184479,0.08299974352121353,0.0015576984733343124
radial,45,1.9910639255411096,0.3240000009536743,0.014335660263895988,1667.7113037109375,3.834886442145684e-14,0.08804669976234436,0.09384945780038834,0.08288613706827164,0.0015592984855175018
radial,45,2.003219107993775,0.3240000009536743,0.01442317757755518,1665.8648681640625,3.835492578922739e-14,0.08826828002929688,0.093704953789711,0.08277186006307602,0.001560817938297987
radial,45,2.015421244626244,0.3240000009536743,0.014511032961308956,1664.0032958984375,3.838968463325092e-14,0.0884912759065628,0.09355928748846054,0.0826568454504013,0.0015626009553670883
radial,45,2.027670464788874,0.3240000009536743,0.014599227346479893,1662.129638671875,3.845167050433099e-14,0.08871536701917648,0.09341266751289368,0.08254127949476242,0.0015646255342289805
radial,45,2.039967156532738,0.3240000009536743,0.014687763527035713,1660.22412109375,3.851102379701099e-14,0.08894330263137817,0.0932636559009552,0.08242372423410416,0.0015665661776438355
radial,45,2.0523111905074782,0.3240000009536743,0.014776640571653843,1658.2469482421875,3.8568574603579237e-14,0.0891798585653305,0.093109130859375,0.08230169862508774,0.0015684494283050299
radial,45,2.0647030841145253,0.3240000009536743,0.01486586220562458,1656.2066650390625,3.8623631745150766e-14,0.0894240066409111,0.09294979274272919,0.08217575401067734,0.0015702529344707727
radial,45,2.077142708003521,0.3240000009536743,0.014955427497625351,1654.115966796875,3.8675449832731995e-14,0.0896742194890976,0.09278665482997894,0.08204667270183563,0.001571952598169446
radial,45,2.0896301915248237,0.3240000009536743,0.01504533737897873,1651.970458984375,3.8723751039516224e-14,0.08993106335401535,0.09261933714151382,0.08191416412591934,0.0015735386405140162
radial,45,2.1021661814302206,0.3240000009536743,0.015135596506297588,1649.8111572265625,3.876724448729184e-14,0.0901896208524704,0.0924510732293129,0.08178075402975082,0.0015749684534966946
radial,45,2.1147505483693547,0.3240000009536743,0.015226203948259354,1647.6729736328125,3.8805001827948646e-14,0.09044572710990906,0.09228457510471344,0.08164859563112259,0.0015762107213959098
radial,45,2.1273834216925835,0.3240000009536743,0.0153171606361866,1645.529541015625,3.8837372039060916e-14,0.09070255607366562,0.0921178013086319,0.08151605725288391,0.001577276736497879
radial,45,2.1400651894509792,0.3240000009536743,0.01540846936404705,1643.3590087890625,3.911087220146575e-14,0.09096268564462662,0.09194903075695038,0.08138180524110794,0.0015782127156853676
radial,45,2.1527959809949,0.3240000009536743,0.01550013106316328,1641.182373046875,4.024936240960668e-14,0.09122365713119507,0.09177979826927185,0.08124709874391556,0.001579107018187642
radial,45,2.165575796324346,0.3240000009536743,0.01559214573353529,1639.041748046875,4.199757742636735e-14,0.09148039668798447,0.09161340445280075,0.08111456781625748,0.001579916337504983
radial,45,2.178405152840747,0.3240000009536743,0.015684517100453377,1636.9075927734375,4.520796782173271e-14,0.09173654019832611,0.0914473906159401,0.08098233491182327,0.0015807987656444311
radial,45,2.191284050544103,0.3240000009536743,0.01577724516391754,1634.675048828125,5.6071199251587003e-14,0.09200450032949448,0.09127303212881088,0.08084399253129959,0.001582765718922019
radial,45,2.204212618784772,0.3240000009536743,0.01587033085525036,1632.34228515625,7.320823092703266e-14,0.09228454530239105,0.09109032154083252,0.08069942146539688,0.0015856004320085049
radial,45,2.217191116263469,0.3240000009536743,0.015963776037096977,1629.936279296875,9.225777151782022e-14,0.09257343411445618,0.09090180695056915,0.08055025339126587,0.0015886035980656743
radial,45,2.230219542980194,0.3240000009536743,0.016057580709457397,1627.423095703125,1.1743512791980576e-13,0.09287529438734055,0.09070438146591187,0.08039438724517822,0.0015924491453915834
radial,45,2.2432986750370927,0.3240000009536743,0.016151750460267067,1624.829345703125,1.4681943269652387e-13,0.09318694472312927,0.09050031751394272,0.08023346215486526,0.001596811693161726
radial,45,2.2564282537334495,0.3240000009536743,0.016246283426880836,1622.2081298828125,1.758553426576409e-13,0.09350201487541199,0.09029427915811539,0.08007077127695084,0.0016009421087801456
radial,45,2.269608279069265,0.3240000009536743,0.016341179609298706,1619.572265625,2.0438034945002848e-13,0.09381891041994095,0.09008729457855225,0.0799071192741394,0.0016048121033236384
radial,45,2.2828395271466837,0.3240000009536743,0.016436444595456123,1616.920654296875,2.3240074144628697e-13,0.09413781762123108,0.08987925946712494,0.0797424241900444,0.0016084196977317333
radial,45,2.2961217392649917,0.3240000009536743,0.01653207652270794,1614.250732421875,2.5993513981872884e-13,0.09445904195308685,0.08966997265815735,0.0795765146613121,0.0016117646591737866
radial,45,2.309455174124903,0.3240000009536743,0.016628077253699303,1611.560546875,2.869909713522356e-13,0.09478278458118439,0.08945930749177933,0.07940930873155594,0.0016148446593433619
radial,45,2.322840349127849,0.3240000009536743,0.016724450513720512,1608.849365234375,3.1356834446702453e-13,0.09510918706655502,0.08924717456102371,0.07924070954322815,0.0016176560893654823
radial,45,2.336277005573114,0.3240000009536743,0.01682119444012642,1606.1160888671875,3.3966270551397115e-13,0.09543834626674652,0.08903352171182632,0.07907068729400635,0.0016201947582885623
radial,45,2.349765660862128,0.3240000009536743,0.01691831275820732,1603.3603515625,3.652655706110758e-13,0.09577029943466187,0.08881831914186478,0.07889919728040695,0.0016224555438384414
radial,45,2.3633063149948916,0.3240000009536743,0.01701580546796322,1600.58203125,3.903662061568308e-13,0.09610507637262344,0.08860156685113907,0.07872625440359116,0.0016244332073256373
radial,45,2.3768994853728347,0.3240000009536743,0.01711367629468441,1597.78125,4.1495271303239323e-13,0.09644269943237305,0.08838324248790741,0.07855182886123657,0.0016261223936453462
radial,45,2.3905449132952428,0.3240000009536743,0.017211923375725746,1594.9576416015625,4.390128397532139e-13,0.09678316116333008,0.08816336840391159,0.0783759355545044,0.0016275177476927638
radial,45,2.404243116163545,0.3240000009536743,0.017310550436377525,1592.1114501953125,4.625338198387119e-13,0.09712646901607513,0.08794193714857101,0.07819855213165283,0.001628613332286477
radial,45,2.4179943526784577,0.3240000009536743,0.017409559339284897,1589.24267578125,4.855028597032518e-13,0.09747260063886642,0.08771896362304688,0.07801969349384308,0.0016294040251523256
radial,45,2.4317986228399806,0.3240000009536743,0.01750895008444786,1586.3511962890625,5.079070302359268e-13,0.09782156348228455,0.08749444037675858,0.07783935964107513,0.0016298842383548617
radial,45,2.445656185348829,0.3240000009536743,0.017608724534511566,1583.4375,5.297336462713187e-13,0.0981733426451683,0.0872684046626091,0.07765758037567139,0.0016300485003739595
radial,45,2.459567298905717,0.3240000009536743,0.017708884552121162,1580.5013427734375,5.509700768541181e-13,0.0985279455780983,0.08704084903001785,0.07747431099414825,0.0016298918053507805
radial,45,2.473532222211361,0.3240000009536743,0.0178094319999218,1577.5428466796875,5.716038536593415e-13,0.09888534992933273,0.08681178838014603,0.07728960365056992,0.0016294086817651987
radial,45,2.4875509552657604,0.3240000009536743,0.017910366877913475,1574.5623779296875,5.916227794125484e-13,0.09924554079771042,0.08658123016357422,0.07710343599319458,0.001628593890927732
radial,45,2.501624015470346,0.3240000009536743,0.01801169291138649,1571.5596923828125,6.110149278898414e-13,0.09960851073265076,0.08634919673204422,0.07691581547260284,0.0016274425433948636
radial,45,2.515751661525832,0.3240000009536743,0.018113411962985992,1568.53515625,6.297684270774317e-13,0.09997425228357315,0.08611570298671722,0.0767267644405365,0.0016259498661383986
radial,45,2.5299331173300743,0.3240000009536743,0.018215518444776535,1565.4886474609375,6.478718386423998e-13,0.100342757999897,0.08588072657585144,0.07653626054525375,0.001624110620468855
radial,45,2.5441699350873628,0.3240000009536743,0.018318023532629013,1562.42041015625,6.653141037225863e-13,0.10071401298046112,0.08564431220293045,0.076344333589077,0.0016219200333580375
radial,45,2.558461856096983,0.3240000009536743,0.018420925363898277,1559.330322265625,6.820840550356144e-13,0.1010880097746849,0.08540647476911545,0.07615099102258682,0.0016193739138543606
radial,45,2.5728086216582193,0.3240000009536743,0.01852422207593918,1556.2186279296875,6.981712300305198e-13,0.10146473348140717,0.08516718447208405,0.07595621049404144,0.001616467023268342
radial,45,2.587211007873217,0.3240000009536743,0.018627919256687164,1553.085693359375,7.13565166156338e-13,0.1018441766500473,0.08492649346590042,0.07576002180576324,0.0016131954034790397
radial,45,2.601668756041262,0.3240000009536743,0.018732015043497086,1549.93115234375,7.282557803328649e-13,0.10222633183002472,0.08468438684940338,0.07556241750717163,0.0016095542814582586
radial,45,2.6161823835637836,0.3240000009536743,0.01883651316165924,1546.7552490234375,7.422332605304394e-13,0.10261119902133942,0.08444088697433472,0.0753633975982666,0.001605539582669735
radial,45,2.630752149141497,0.3240000009536743,0.01894141547381878,1543.5582275390625,7.554881199800523e-13,0.10299874097108841,0.08419599384069443,0.07516298443078995,0.0016011471161618829
radial,45,2.645378311475118,0.3240000009536743,0.01904672384262085,1540.3399658203125,7.680110887531288e-13,0.10338898748159409,0.0839497298002243,0.07496116310358047,0.0015963725745677948
radial,45,2.6600608705646462,0.3240000009536743,0.019152438268065453,1537.1005859375,7.797933306019633e-13,0.10378190129995346,0.08370209485292435,0.07475794851779938,0.0015912122325971723
radial,45,2.674800602512227,0.3240000009536743,0.019258564338088036,1533.840087890625,7.908261176990672e-13,0.10417748987674713,0.08345309644937515,0.07455335557460785,0.0015856620157137513
radial,45,2.6895964725150003,0.3240000009536743,0.019365094602108,1530.558837890625,8.011011016877123e-13,0.1045757383108139,0.08320274949073792,0.0743473619222641,0.0015797184314578772
radial,45,2.7044497740765414,0.3240000009536743,0.019472038373351097,1527.256591796875,8.106103678920396e-13,0.10497663170099258,0.08295104652643204,0.07413998246192932,0.001573377288877964
radial,45,2.7193607658975654,0.3240000009536743,0.01957939751446247,1523.9334716796875,8.193459474260811e-13,0.10538019239902496,0.08269800990819931,0.0739312395453453,0.0015666353283450007
radial,45,2.7343289305766425,0.3240000009536743,0.019687168300151825,1520.5897216796875,8.273005761352814e-13,0.10578637570142746,0.08244364708662033,0.07372110337018967,0.0015594890573993325
radial,45,2.749355561617348,0.3240000009536743,0.019795360043644905,1517.2252197265625,8.344670440751933e-13,0.10619518905878067,0.0821879580616951,0.07350960373878479,0.0015519348671659827
radial,45,2.7644393655161066,0.3240000009536743,0.019903963431715965,1513.8399658203125,8.408384665620217e-13,0.10660663992166519,0.0819309651851654,0.07329672574996948,0.001543969614431262
radial,45,2.7795818944772086,0.3240000009536743,0.0200129896402359,1510.434326171875,8.464083925928401e-13,0.10702070593833923,0.08167266100645065,0.07308248430490494,0.001535590272396803
radial,45,2.794782889799939,0.3240000009536743,0.020122436806559563,1507.008056640625,8.511705880051568e-13,0.10743739455938339,0.08141304552555084,0.07286688685417175,0.0015267933486029506
radial,45,2.8100428688857293,0.3240000009536743,0.02023230865597725,1503.5614013671875,8.551191438971317e-13,0.10785668343305588,0.08115214854478836,0.07264992594718933,0.0015175760490819812
radial,45,2.8253613143331475,0.3240000009536743,0.020342601463198662,1500.09423828125,8.582485308376853e-13,0.10827858746051788,0.08088995516300201,0.07243159413337708,0.0015079355798661709
radial,45,2.84073900224434,0.3240000009536743,0.02045332081615925,1496.6068115234375,8.605533820260636e-13,0.10870308429002762,0.0806264728307724,0.07221191376447678,0.0014978687977418303
radial,45,2.856176450020737,0.3240000009536743,0.020564470440149307,1493.098876953125,8.620288727625991e-13,0.10913018137216568,0.08036171644926071,0.07199087738990784,0.0014873734908178449
radial,45,2.8716731402609086,0.3240000009536743,0.02067604660987854,1489.57080078125,8.626701783476243e-13,0.10955987125635147,0.08009569346904755,0.07176849246025085,0.001476446632295847
radial,45,2.8872298490669994,0.3240000009536743,0.020788054913282394,1486.022216796875,8.624731788128837e-13,0.10999215394258499,0.07982838898897171,0.07154475152492523,0.0014650856610387564
radial,45,2.9028465764390097,0.3240000009536743,0.02090049535036087,1482.45361328125,8.614336457699046e-13,0.11042702198028564,0.079559825360775,0.07131966203451157,0.0014532882487401366
radial,45,2.9185238397783704,0.3240000009536743,0.021013371646404266,1478.8646240234375,8.59548109771735e-13,0.11086449027061462,0.0792899876832962,0.07109321653842926,0.0014410519506782293
radial,45,2.934261380384366,0.3240000009536743,0.021126681938767433,1475.25537109375,8.568131555815317e-13,0.11130453646183014,0.07901889085769653,0.07086541503667831,0.0014283746713772416
radial,45,2.9500599743591414,0.3240000009536743,0.02124043181538582,1471.6259765625,8.532256390129944e-13,0.11174717545509338,0.07874654233455658,0.07063627243041992,0.001415254082530737
radial,45,2.9659193630019827,0.3240000009536743,0.021354619413614273,1467.9761962890625,8.487828495606919e-13,0.11219239979982376,0.07847292721271515,0.07040578126907349,0.0014016878558322787
radial,45,2.9818400637143188,0.3240000009536743,0.021469248458743095,1464.30615234375,8.434824019798448e-13,0.11264021694660187,0.07819805294275284,0.07017392665147781,0.001387674012221396
radial,45,2.997822335196866,0.3240000009536743,0.021584320813417435,1460.6158447265625,8.373222362863253e-13,0.1130906343460083,0.07792192697525024,0.0699407234787941,0.0013732106890529394
radial,45,3.013866436150339,0.3240000009536743,0.02169983834028244,1456.9052734375,8.303004009162229e-13,0.11354364454746246,0.07764453440904617,0.06970617175102234,0.001358295907266438
radial,45,3.029972366574738,0.3240000009536743,0.021815801039338112,1453.17431640625,8.224155948269307e-13,0.11399926245212555,0.07736589014530182,0.06947024911642075,0.0013429276878014207
radial,45,3.046140643871493,0.3240000009536743,0.021932212635874748,1449.423095703125,8.136666253960589e-13,0.11445748805999756,0.07708597928285599,0.06923297047615051,0.0013271041680127382
radial,45,3.062371268040604,0.3240000009536743,0.02204907312989235,1445.6512451171875,8.040526794719782e-13,0.11491833627223969,0.07680480182170868,0.06899432092905045,0.0013108238345012069
radial,45,3.078664497782787,0.3240000009536743,0.022166384384036064,1441.85888671875,7.935731607434937e-13,0.11538180708885193,0.0765223503112793,0.06875430047512054,0.0012940845917910337
radial,45,3.095020850499471,0.3240000009536743,0.02228415012359619,1438.046142578125,7.822279065802795e-13,0.11584792286157608,0.07623862475156784,0.06851290911436081,0.001276884926483035
radial,45,3.111440067489942,0.3240000009536743,0.022402368485927582,1434.2125244140625,7.700170796126615e-13,0.11631668359041214,0.07595362514257431,0.06827013194561005,0.0012592233251780272
radial,45,3.127922924856345,0.3240000009536743,0.022521045058965683,1430.358154296875,7.569411135215087e-13,0.1167880967259407,0.07566733658313751,0.06802596896886826,0.0012410979252308607
radial,45,3.14446942259868,0.3240000009536743,0.022640179842710495,1426.48291015625,7.430006588281246e-13,0.11726219952106476,0.07537975162267685,0.06778040528297424,0.001222507213242352
radial,45,3.161080078118377,0.3240000009536743,0.022759776562452316,1422.5865478515625,7.281970165751162e-13,0.1177389994263649,0.07509086281061172,0.06753343343734741,0.0012034497922286391
radial,45,3.177754891415437,0.3240000009536743,0.022879835218191147,1418.6690673828125,7.125314335949817e-13,0.11821849644184113,0.07480065524578094,0.06728505343198776,0.0011839237995445728
radial,45,3.1944938624898596,0.3240000009536743,0.023000355809926987,1414.7303466796875,6.960056446111973e-13,0.11870073527097702,0.07450912147760391,0.0670352429151535,0.0011639278382062912
radial,45,3.2112972500423593,0.3240000009536743,0.023121340200304985,1410.7701416015625,6.786218722382165e-13,0.11918572336435318,0.07421625405550003,0.06678400188684464,0.0011434602783992887
radial,45,3.228165830175082,0.3240000009536743,0.02324279397726059,1406.7880859375,6.603825017208187e-13,0.11967349052429199,0.0739220380783081,0.06653131544589996,0.0011225196067243814
radial,45,3.245099602888028,0.3240000009536743,0.0233647171407938,1402.7843017578125,6.412901893543266e-13,0.12016405910253525,0.07362644374370575,0.0662771612405777,0.0011011043097823858
radial,45,3.262098568181197,0.3240000009536743,0.023487109690904617,1398.75830078125,6.213482419553662e-13,0.12065746635198593,0.07332946360111237,0.06602152436971664,0.0010792125249281526
radial,45,3.2791635021567345,0.3240000009536743,0.023609977215528488,1394.7098388671875,6.005600205506723e-13,0.12115373462438583,0.07303108274936676,0.0657643973827362,0.0010568429715931416
radial,45,3.2962941461139255,0.3240000009536743,0.023733317852020264,1390.638916015625,5.789294824781743e-13,0.12165291607379913,0.07273128628730774,0.06550575792789459,0.0010339936707168818
radial,45,3.3134910174542003,0.3240000009536743,0.023857135325670242,1386.5450439453125,5.564608561263451e-13,0.12215502560138702,0.07243003696203232,0.06524559110403061,0.0010106628760695457
radial,45,3.330754374878274,0.3240000009536743,0.023981431499123573,1382.4278564453125,5.331589119847435e-13,0.12266011536121368,0.0721273198723793,0.06498386710882187,0.0009868490742519498
radial,45,3.348084477086862,0.3240000009536743,0.024106208235025406,1378.2869873046875,5.090285831732544e-13,0.1231682300567627,0.0718231052160263,0.06472057104110718,0.000962550169788301
radial,45,3.365481324079964,0.3240000009536743,0.02423146553337574,1374.122314453125,4.840756159633919e-13,0.12367941439151764,0.07151735574007034,0.06445566564798355,0.000937764358241111
radial,45,3.3829454332590103,0.3240000009536743,0.024357207119464874,1369.9332275390625,4.58305919256996e-13,0.1241937130689621,0.07121005654335022,0.06418914347887039,0.0009124894277192652
radial,45,3.4004770633247166,0.3240000009536743,0.024483434855937958,1365.71923828125,4.31725754321613e-13,0.12471120804548264,0.07090117037296295,0.06392096728086472,0.0008867232827469707
radial,45,3.4180764729777975,0.3240000009536743,0.02461015060544014,1361.4801025390625,4.0434241241685265e-13,0.12523193657398224,0.07059065997600555,0.06365109235048294,0.0008604637114331126
radial,45,3.435743662218253,0.3240000009536743,0.02473735436797142,1357.2154541015625,3.7616527189150706e-13,0.1257559210062027,0.07027848809957504,0.06337951868772507,0.0008337100734934211
radial,45,3.4534791484475136,0.3240000009536743,0.024865049868822098,1352.924560546875,3.4720295215284747e-13,0.12628325819969177,0.06996463984251022,0.06310621649026871,0.0008064602152444422
radial,45,3.47128344906701,0.3240000009536743,0.02499324083328247,1348.604736328125,3.1744558696110425e-13,0.1268143206834793,0.0696488693356514,0.06283095479011536,0.0007786940550431609
radial,45,3.489156046675311,0.3240000009536743,0.02512192353606224,1344.2498779296875,2.8686664046810584e-13,0.12734980881214142,0.06933075934648514,0.06255341321229935,0.0007503753295168281
radial,45,3.5070979760752783,0.3240000009536743,0.025251105427742004,1339.8724365234375,2.555665097950244e-13,0.1278882473707199,0.06901120394468307,0.062274329364299774,0.0007215842488221824
radial,45,3.5251089785661964,0.3240000009536743,0.025380784645676613,1335.420166015625,2.2800939738706894e-13,0.12842817604541779,0.0686875581741333,0.06199442595243454,0.0006959523307159543
radial,45,3.5431898302502103,0.3240000009536743,0.025510966777801514,1330.6771240234375,2.1536898241365787e-13,0.12897612154483795,0.06834695488214493,0.06171026825904846,0.0006823253352195024
radial,45,3.5613402724266052,0.3240000009536743,0.025641649961471558,1325.7322998046875,2.1389076761916398e-13,0.12952861189842224,0.06799472868442535,0.06142367795109749,0.000677554402500391
radial,45,3.579561081197527,0.3240000009536743,0.025772839784622192,1320.8011474609375,2.1264230881754692e-13,0.13007916510105133,0.0676436498761177,0.061138082295656204,0.0006728825392201543
radial,45,3.59785199786226,0.3240000009536743,0.02590453438460827,1315.8575439453125,2.1131807783660028e-13,0.13063117861747742,0.06729177385568619,0.06085173040628433,0.0006680517108179629
radial,45,3.616213798522949,0.3240000009536743,0.026036739349365234,1310.9022216796875,2.0991933506134958e-13,0.13118459284305573,0.06693916022777557,0.06056464836001396,0.000663064478430897
radial,45,3.634646741880311,0.3240000009536743,0.02616945654153824,1305.9395751953125,2.084489807326062e-13,0.13173885643482208,0.06658614426851273,0.060277123004198074,0.0006579287000931799
radial,45,3.653150310532914,0.3240000009536743,0.026302682235836983,1300.9715576171875,2.069091968072423e-13,0.13229380548000336,0.0662328228354454,0.05998924374580383,0.0006526492070406675
radial,45,3.67172553928362,0.3240000009536743,0.026436423882842064,1295.997802734375,2.0530179932389675e-13,0.13284945487976074,0.06587918847799301,0.05970099940896034,0.0006472294917330146
radial,45,3.6903726868331432,0.3240000009536743,0.02657068334519863,1291.018310546875,2.036286043212085e-13,0.13340577483177185,0.06552525609731674,0.0594124011695385,0.0006416731048375368
radial,45,3.709091753181484,0.3240000009536743,0.026705460622906685,1286.033447265625,2.0189152270550653e-13,0.1339627504348755,0.0651710256934166,0.05912346765398979,0.0006359837716445327
radial,45,3.727883255730073,0.3240000009536743,0.026840759441256523,1281.0435791015625,2.0009243827806555e-13,0.13452035188674927,0.06481651961803436,0.05883421376347542,0.0006301654502749443
radial,45,3.7467474531796245,0.3240000009536743,0.026976581662893295,1276.0487060546875,1.9823328905026888e-13,0.1350785344839096,0.06446176767349243,0.058544646948575974,0.0006242217496037483
radial,45,3.765684086829424,0.3240000009536743,0.027112925425171852,1271.0491943359375,1.963159588233912e-13,0.1356372833251953,0.0641067624092102,0.05825478583574295,0.0006181566277518868
radial,45,3.784693932781617,0.3240000009536743,0.02724979631602764,1266.045166015625,1.9434234495123437e-13,0.1361965835094452,0.06375151127576828,0.057964637875556946,0.0006119736935943365
radial,45,3.8037772497369184,0.3240000009536743,0.027387196198105812,1261.03662109375,1.923143854451817e-13,0.13675639033317566,0.06339604407548904,0.05767422169446945,0.0006056768470443785
radial,45,3.822934555096759,0.3240000009536743,0.027525128796696663,1256.02392578125,1.9023390989639927e-13,0.1373167335987091,0.0630403459072113,0.05738353729248047,0.0005992697551846504
radial,45,3.842165590160423,0.3240000009536743,0.027663592249155045,1251.0069580078125,1.8810281565868892e-13,0.13787755370140076,0.06268443912267685,0.05709259584546089,0.0005927560850977898
radial,45,3.8614713897307715,0.3240000009536743,0.027802594006061554,1245.9859619140625,1.859230000858525e-13,0.1384388506412506,0.06232832372188568,0.056801408529281616,0.0005861394456587732
radial,45,3.880851177705659,0.3240000009536743,0.027942128479480743,1240.9610595703125,1.8369627921652892e-13,0.13900063931941986,0.0619719997048378,0.056509971618652344,0.000579423678573221
radial,45,3.900305988887946,0.3240000009536743,0.02808220311999321,1235.93212890625,1.8142449619441142e-13,0.13956286013126373,0.0616154782474041,0.05621830001473427,0.000572612218093127
radial,45,3.9198358232776327,0.3240000009536743,0.028222817927598953,1230.8994140625,1.791094670581389e-13,0.14012552797794342,0.06125875562429428,0.05592639371752739,0.0005657087313011289
radial,45,3.9394414569768643,0.3240000009536743,0.02836397849023342,1225.86279296875,1.7675300784635029e-13,0.14068864285945892,0.060901839286088943,0.0556342639029026,0.0005587166524492204
radial,45,3.959122631284926,0.3240000009536743,0.028505682945251465,1220.822509765625,1.743568668350487e-13,0.14125221967697144,0.06054471805691719,0.055341899394989014,0.0005516395322047174
radial,45,3.9788796049025326,0.3240000009536743,0.028647933155298233,1215.7783203125,1.7192281940529158e-13,0.14181619882583618,0.060187406837940216,0.05504932254552841,0.0005444808048196137
radial,45,3.998713412632545,0.3240000009536743,0.028790736570954323,1210.730224609375,1.6945258672802777e-13,0.14238059520721436,0.059829894453287125,0.05475651100277901,0.0005372439045459032
radial,45,4.018623278372818,0.3240000009536743,0.028934087604284286,1205.6785888671875,1.6694793063178753e-13,0.14294543862342834,0.05947217717766762,0.05446348711848259,0.0005299319745972753
radial,45,4.038610236926211,0.3240000009536743,0.02907799370586872,1200.6229248046875,1.6441047741982961e-13,0.14351071417331696,0.059114258736371994,0.054170235991477966,0.0005225485074333847
radial,45,4.0586745469934415,0.3240000009536743,0.029222456738352776,1195.5633544921875,1.6184192115804852e-13,0.1440763920545578,0.05875612795352936,0.053876765072345734,0.0005150966462679207
radial,45,4.078816208574507,0.3240000009536743,0.02936747670173645,1190.5001220703125,1.5924390170223013e-13,0.14464251697063446,0.05839778855443001,0.05358307436108589,0.0005075795925222337
radial,45,4.09903573907084,0.3240000009536743,0.029513057321310043,1185.432861328125,1.566180046980517e-13,0.14520905911922455,0.05803922936320305,0.05328916013240814,0.0005000005476176739
radial,45,4.119333397183153,0.3240000009536743,0.029659200459718704,1180.361328125,1.5396585644877198e-13,0.14577603340148926,0.05768045410513878,0.052995018661022186,0.0004923624801449478
radial,45,4.1397097003128795,0.3240000009536743,0.02980590984225273,1175.285888671875,1.5128900194248673e-13,0.14634346961975098,0.057321444153785706,0.052700649946928024,0.0004846684751100838
radial,45,4.160164389759302,0.3240000009536743,0.029953183606266975,1170.206298828125,1.4858897261476461e-13,0.14691133797168732,0.05696220323443413,0.052406053990125656,0.00047692147199995816
radial,45,4.180697982923852,0.3240000009536743,0.030101025477051735,1165.12255859375,1.4586725924359278e-13,0.14747965335845947,0.05660272017121315,0.052111223340034485,0.00046912438119761646
radial,45,4.201310997207959,0.3240000009536743,0.03024943917989731,1160.034423828125,1.4312537971201272e-13,0.14804841578006744,0.05624298378825188,0.051816150546073914,0.000461280025774613
radial,45,4.222003950013055,0.3240000009536743,0.030398428440093994,1154.9417724609375,1.4036474348284866e-13,0.1486176699399948,0.05588299408555031,0.05152083933353424,0.00045339122880250216
radial,45,4.242776582638423,0.3240000009536743,0.030547991394996643,1149.8446044921875,1.375868006765063e-13,0.14918740093708038,0.05552273616194725,0.05122527852654457,0.0004454607260413468
radial,45,4.263629412485494,0.3240000009536743,0.030698131769895554,1144.7427978515625,1.347929200982284e-13,0.14975759387016296,0.05516219884157181,0.050929468125104904,0.00043749119504354894
radial,45,4.284562956955698,0.3240000009536743,0.030848853290081024,1139.63623046875,1.319845112108392e-13,0.15032829344272614,0.05480137839913368,0.050633396953344345,0.0004294851969461888
radial,45,4.30557695734832,0.3240000009536743,0.031000154092907906,1134.524658203125,1.2916286150441852e-13,0.1508995145559311,0.05444026365876198,0.050337061285972595,0.00042144538019783795
radial,45,4.326672189765507,0.3240000009536743,0.031152039766311646,1129.4080810546875,1.2632932623168197e-13,0.15147125720977783,0.0540788434445858,0.050040457397699356,0.00041337418952025473
radial,45,4.3478494303094015,0.3240000009536743,0.03130451589822769,1124.286376953125,1.2348517933018222e-13,0.15204352140426636,0.053717102855443954,0.04974357411265373,0.00040527404053136706
radial,45,4.369107902877861,0.3240000009536743,0.031457576900720596,1119.1591796875,1.2063168118494477e-13,0.15261636674404144,0.053355030715465546,0.049446407705545425,0.0003971473779529333
radial,45,4.390448642273744,0.3240000009536743,0.031611230224370956,1114.026611328125,1.177700515234137e-13,0.1531897485256195,0.052992623299360275,0.04914894700050354,0.00038899650098755956
radial,45,4.411872165898482,0.3240000009536743,0.03176547959446907,1108.8883056640625,1.14901510073033e-13,0.15376371145248413,0.052629854530096054,0.04885118454694748,0.00038082359242253006
radial,45,4.433377956350644,0.3240000009536743,0.03192032128572464,1103.7442626953125,1.1202722912740173e-13,0.1543383151292801,0.05226672440767288,0.04855310916900635,0.0003726310096681118
radial,45,4.454967048433092,0.3240000009536743,0.03207576274871826,1098.593994140625,1.0914836742759171e-13,0.1549134999513626,0.05190320685505867,0.04825471714138985,0.0003644208190962672
radial,45,4.476639442145824,0.3240000009536743,0.032231803983449936,1093.4375,1.0626604305709331e-13,0.15548934042453766,0.05153929442167282,0.047955989837646484,0.00035619508707895875
radial,45,4.498395654890272,0.3240000009536743,0.03238844871520996,1088.2747802734375,1.0338136732313333e-13,0.15606582164764404,0.05117497220635414,0.04765692725777626,0.00034795590909197927
radial,45,4.520236204067866,0.3240000009536743,0.032545700669288635,1083.1053466796875,1.0049543120414783e-13,0.15664300322532654,0.05081022530794144,0.04735751077532768,0.00033970523509196937
radial,45,4.542160572277175,0.3240000009536743,0.03270355612039566,1077.928955078125,9.760926469220069e-14,0.15722088515758514,0.05044503137469292,0.047057732939720154,0.00033144501503556967
radial,45,4.56416979432106,0.3240000009536743,0.03286202251911163,1072.74560546875,9.47239113318829e-14,0.15779946744441986,0.050079379230737686,0.04675758257508278,0.0003231771115679294
radial,45,4.586264387600952,0.3240000009536743,0.03302110359072685,1067.554931640625,9.184039433899477e-14,0.15837882459163666,0.04971325397491455,0.046457044780254364,0.0003149033582303673
radial,45,4.60844383471542,0.3240000009536743,0.03318079560995102,1062.356689453125,8.89596962717551e-14,0.15895894169807434,0.04934662580490112,0.04615610092878342,0.0003066255012527108
radial,45,4.630709170467324,0.3240000009536743,0.03334110602736473,1057.150634765625,8.608279291211912e-14,0.1595398485660553,0.048979490995407104,0.04585474357008934,0.0002983452577609569
radial,45,4.653060394856665,0.3240000009536743,0.03350203484296799,1051.9366455078125,8.321063293698777e-14,0.1601216048002243,0.04861181601881981,0.04555296152830124,0.00029006428667344153
radial,45,4.675498025284873,0.3240000009536743,0.033663585782051086,1046.714111328125,8.034414469447124e-14,0.16070421040058136,0.04824358969926834,0.04525073245167732,0.00028178427601233125
radial,45,4.6980225791533785,0.3240000009536743,0.03382576256990433,1041.4830322265625,7.748424975641613e-14,0.16128771007061005,0.047874778509140015,0.044948041439056396,0.0002735066809691489
radial,45,4.720634056462182,0.3240000009536743,0.03398856520652771,1036.242919921875,7.463186291840548e-14,0.16187214851379395,0.04750537499785423,0.04464487358927727,0.0002652331313584
radial,45,4.743332457211283,0.3240000009536743,0.034151993691921234,1030.99365234375,7.178785831844087e-14,0.16245752573013306,0.04713534563779831,0.04434121400117874,0.0002569650241639465
radial,45,4.766118816203542,0.3240000009536743,0.0343160554766655,1025.734619140625,6.8953123647051e-14,0.16304390132427216,0.046764668077230453,0.04403702914714813,0.00024870384368114173
radial,45,4.788993133438958,0.3240000009536743,0.0344807505607605,1020.4656372070312,6.61285194897103e-14,0.16363131999969482,0.04639331251382828,0.04373231530189514,0.00024045098689384758
radial,45,4.811955926318963,0.3240000009536743,0.034646082669496536,1015.1864013671875,6.331491320815674e-14,0.16421981155872345,0.04602126032114029,0.04342704638838768,0.00023220779257826507
radial,45,4.835007194843557,0.3240000009536743,0.03481205180287361,1009.8963623046875,6.051315861160117e-14,0.1648094207048416,0.045648470520973206,0.043121203780174255,0.00022397558495867997
radial,45,4.8581479738156,0.3240000009536743,0.03497866541147232,1004.5952758789062,5.772410273299083e-14,0.1654001921415329,0.045274920761585236,0.04281475022435188,0.00021575567370746285
radial,45,4.881377745833662,0.3240000009536743,0.035145919770002365,999.2825317382812,5.49486197103273e-14,0.16599218547344208,0.04490057751536369,0.042507678270339966,0.00020754931028932333
radial,45,4.904697028299172,0.3240000009536743,0.035313818603754044,993.957763671875,5.218754302403067e-14,0.16658541560173035,0.044525403529405594,0.04219995066523552,0.0001993577170651406
radial,45,4.928106856014994,0.3240000009536743,0.03548236936330795,988.6204833984375,4.9441746812102505e-14,0.16717997193336487,0.04414936900138855,0.041891541332006454,0.00019118213094770908
radial,45,4.951606711579694,0.3240000009536743,0.035651568323373795,983.2701416015625,4.6712108600676164e-14,0.16777591407299042,0.04377242550253868,0.04158242046833038,0.00018302373064216226
radial,45,4.975197629796134,0.3240000009536743,0.035821422934532166,977.90625,4.399951946841216e-14,0.16837328672409058,0.0433945432305336,0.04127256199717522,0.00017488369485363364
radial,45,4.998879610664315,0.3240000009536743,0.035991933196783066,972.5281372070312,4.130488404649815e-14,0.1689721643924713,0.04301567003130913,0.04096192121505737,0.00016676320228725672
radial,45,5.022653688987096,0.3240000009536743,0.03616310656070709,967.13525390625,3.8629154399966864e-14,0.1695725917816162,0.04263576492667198,0.040650468319654465,0.00015866346075199544
radial,45,5.046518312560187,0.3240000009536743,0.03633493185043335,961.72705078125,3.5973282593851005e-14,0.17017467319965363,0.04225477576255798,0.040338169783353806,0.0001505856344010681
radial,45,5.07047606839074,0.3240000009536743,0.03650742769241333,956.3025512695312,3.333829523208265e-14,0.17077849805355072,0.041872650384902954,0.04002497345209122,0.00014253091649152339
radial,45,5.094525921675894,0.3240000009536743,0.03668058663606644,950.8612060546875,3.072524602364818e-14,0.17138411104679108,0.041489340364933014,0.03971084579825401,0.00013450055848807096
radial,45,5.11866890721851,0.3240000009536743,0.03685441613197327,945.4022216796875,2.813525305203797e-14,0.17199163138866425,0.04110477492213249,0.03939573094248772,0.00012649578275159
radial,45,5.142905025018586,0.3240000009536743,0.03702891618013382,939.924560546875,2.5569495387114602e-14,0.1726011484861374,0.040718890726566315,0.039079587906599045,0.00011851792805828154
radial,45,5.167234792477555,0.3240000009536743,0.037204090505838394,934.427490234375,2.3029246966430744e-14,0.17321278154850006,0.04033162444829941,0.038762349635362625,0.00011056839139200747
radial,45,5.191658726996846,0.3240000009536743,0.03737994283437729,928.9099731445312,2.0515869818965582e-14,0.17382661998271942,0.039942897856235504,0.03844396770000458,0.00010264864249620587
radial,45,5.216176828576459,0.3240000009536743,0.037556473165750504,923.370849609375,1.8030798818531764e-14,0.1744428128004074,0.03955262526869774,0.03812437132000923,9.476014383835718e-05
radial,45,5.2407896146178246,0.3240000009536743,0.03773368522524834,917.808837890625,1.5575550154104875e-14,0.17506149411201477,0.03916071355342865,0.03780348226428032,8.69043287821114e-05
radial,45,5.265497085120943,0.3240000009536743,0.03791157901287079,912.2233276367188,1.3152179574647902e-14,0.17568273842334747,0.03876710683107376,0.037481267005205154,7.908402039902285e-05
radial,45,5.290300792290105,0.3240000009536743,0.038090165704488754,906.6157836914062,1.0763754186462852e-14,0.17630641162395477,0.03837190568447113,0.037157803773880005,7.130506128305569e-05
radial,45,5.31519970132245,0.3240000009536743,0.03826943784952164,900.983642578125,8.411858788194039e-15,0.17693279683589935,0.03797491639852524,0.036832939833402634,6.356815720209852e-05
radial,45,5.340194847020838,0.3240000009536743,0.038449402898550034,895.3016967773438,6.10839249868449e-15,0.17756418883800507,0.037574607878923416,0.03650546446442604,5.589926149696112e-05
radial,60,0.0,0.4320000112056732,0.0,1356.4326171875,3.9255031308343835e-21,0.12818436324596405,0.06956503540277481,0.062173500657081604,5.980997684673639e-06
radial,60,0.013157894298072077,0.4320000112056732,9.473683894611895e-05,1356.4298095703125,3.925622280385508e-21,0.12818467617034912,0.06956484168767929,0.06217334419488907,5.9811000028275885e-06
radial,60,0.026315788596144155,0.4320000112056732,0.0001894736778922379,1356.4215087890625,3.925981344626016e-21,0.12818557024002075,0.06956426054239273,0.06217287853360176,5.981406047794735e-06
radial,60,0.03947368289421623,0.4320000112056732,0.00028421051683835685,1356.4075927734375,3.9265795157623395e-21,0.12818706035614014,0.06956329196691513,0.06217210367321968,5.9819167290697806e-06
radial,60,0.05263157719228831,0.4320000112056732,0.0003789473557844758,1356.3883056640625,3.927416389897696e-21,0.12818914651870728,0.06956193596124649,0.06217101216316223,5.982631591905374e-06
radial,60,0.06578947149036038,0.4320000112056732,0.00047368419473059475,1356.363525390625,3.928493178722435e-21,0.12819182872772217,0.06956019252538681,0.06216961145401001,5.983550181554165e-06
radial,60,0.07894736578843246,0.4320000112056732,0.0005684210336767137,1356.3331298828125,3.9298086705462074e-21,0.128195121884346,0.06955806165933609,0.06216789409518242,5.984673407510854e-06
radial,60,0.09210526412870321,0.4320000112056732,0.0006631579017266631,1356.297119140625,3.931363673162579e-21,0.1281990110874176,0.06955554336309433,0.062165871262550354,5.986000815028092e-06
radial,60,0.10526315438457662,0.4320000112056732,0.0007578947115689516,1356.255615234375,3.933157378777983e-21,0.12820349633693695,0.06955263763666153,0.06216353178024292,5.987531949358527e-06
radial,60,0.11842105272484736,0.4320000112056732,0.000852631579618901,1356.208740234375,3.93518978739242e-21,0.12820859253406525,0.06954934448003769,0.06216088682413101,5.989267265249509e-06
radial,60,0.13157894298072076,0.4320000112056732,0.0009473683894611895,1356.1561279296875,3.93746089900589e-21,0.1282142698764801,0.06954566389322281,0.062157921493053436,5.991205853206338e-06
radial,60,0.14473684132099152,0.4320000112056732,0.001042105257511139,1356.0980224609375,3.939971521411959e-21,0.1282205581665039,0.06954158842563629,0.06215465068817139,5.993348622723715e-06
radial,60,0.15789473157686493,0.4320000112056732,0.0011368420673534274,1356.034423828125,3.942720039023494e-21,0.12822744250297546,0.06953713297843933,0.06215106323361397,5.995694664306939e-06
radial,60,0.17105262183273834,0.4320000112056732,0.001231578877195716,1355.96533203125,3.945707663530845e-21,0.12823492288589478,0.06953228265047073,0.06214716657996178,5.998244432703359e-06
radial,60,0.18421052825740641,0.4320000112056732,0.0013263158034533262,1355.890625,3.948933587140445e-21,0.12824301421642303,0.0695270523428917,0.062142953276634216,6.000997473165626e-06
radial,60,0.19736840234448513,0.4320000112056732,0.001421052496880293,1355.810302734375,3.952397809852294e-21,0.12825168669223785,0.06952142715454102,0.062138427048921585,6.0039542404410895e-06
radial,60,0.21052630876915324,0.4320000112056732,0.0015157894231379032,1355.7244873046875,3.956099927769609e-21,0.12826098501682281,0.0695154145359993,0.06213358789682388,6.007112915540347e-06
radial,60,0.22368421519382134,0.4320000112056732,0.0016105263493955135,1355.6331787109375,3.96003994089239e-21,0.12827086448669434,0.06950900703668594,0.06212843954563141,6.010475772200152e-06
radial,60,0.23684210544969472,0.4320000112056732,0.001705263159237802,1355.5362548828125,3.9642182531174196e-21,0.128281369805336,0.06950221210718155,0.062122978270053864,6.014040536683751e-06
radial,60,0.24999999570556813,0.4320000112056732,0.0017999999690800905,1355.43359375,3.968633652754348e-21,0.12829245626926422,0.06949502974748611,0.06211720034480095,6.017807663738495e-06
radial,60,0.2631578859614415,0.4320000112056732,0.001894736778922379,1355.32568359375,3.973286543699959e-21,0.1283041387796402,0.06948745995759964,0.062111109495162964,6.0217780628590845e-06
radial,60,0.27631577621731496,0.4320000112056732,0.0019894735887646675,1355.2120361328125,3.9781765220574685e-21,0.12831644713878632,0.06947949528694153,0.06210469827055931,6.025949460308766e-06
radial,60,0.28947368264198303,0.4320000112056732,0.002084210515022278,1355.0927734375,3.983303587826877e-21,0.1283293515443802,0.06947113573551178,0.062097981572151184,6.030322765582241e-06
radial,60,0.30263158906665116,0.4320000112056732,0.002178947441279888,1354.968017578125,3.9886673371114e-21,0.12834285199642181,0.06946239620447159,0.06209094822406769,6.034897523932159e-06
radial,60,0.31578946315372985,0.4320000112056732,0.002273684134706855,1354.837646484375,3.994266962117472e-21,0.1283569633960724,0.06945325434207916,0.062083594501018524,6.0396737353585195e-06
radial,60,0.32894736957839793,0.4320000112056732,0.002368421060964465,1354.70166015625,4.000102866741876e-21,0.12837167084217072,0.0694437250494957,0.06207593157887459,6.044650490366621e-06
radial,60,0.3421052436654767,0.4320000112056732,0.002463157754391432,1354.56005859375,4.006174647087828e-21,0.12838700413703918,0.0694338008761406,0.062067948281764984,6.049828243703814e-06
radial,60,0.35526315009014475,0.4320000112056732,0.002557894680649042,1354.4129638671875,4.012481899258545e-21,0.1284029185771942,0.06942348927259445,0.06205965578556061,6.0552065406227484e-06
radial,60,0.36842105651481283,0.4320000112056732,0.0026526316069066525,1354.2601318359375,4.019023815460459e-21,0.1284194439649582,0.06941277533769608,0.062051042914390564,6.060784016881371e-06
radial,60,0.38157896293948096,0.4320000112056732,0.0027473685331642628,1354.1016845703125,4.0258007995903555e-21,0.1284365952014923,0.06940168142318726,0.06204211711883545,6.0665611272270326e-06
radial,60,0.39473680468897027,0.4320000112056732,0.002842104993760586,1353.9376220703125,4.0328116399578826e-21,0.12845434248447418,0.0693901926279068,0.06203287094831467,6.0725374169123825e-06
radial,60,0.4078947434512278,0.4320000112056732,0.0029368421528488398,1353.7679443359375,4.040056740459824e-21,0.128472700715065,0.06937830150127411,0.062023311853408813,6.078712885937421e-06
radial,60,0.4210526175383065,0.4320000112056732,0.0030315788462758064,1353.5927734375,4.047535293302613e-21,0.12849166989326477,0.06936601549386978,0.062013428658246994,6.0850857153127436e-06
radial,60,0.43421052396297455,0.4320000112056732,0.0031263157725334167,1353.411865234375,4.055246894589466e-21,0.1285112500190735,0.06935334205627441,0.062003232538700104,6.091656814533053e-06
radial,60,0.4473684303876427,0.4320000112056732,0.003221052698791027,1353.225341796875,4.0631911404236e-21,0.12853142619132996,0.06934026628732681,0.061992719769477844,6.098425728850998e-06
radial,60,0.460526272137132,0.4320000112056732,0.00331578915938735,1353.033203125,4.071366819114663e-21,0.12855222821235657,0.06932680308818817,0.06198188662528992,6.105390184529824e-06
radial,60,0.47368421089938945,0.4320000112056732,0.003410526318475604,1352.8353271484375,4.0797743345594405e-21,0.12857364118099213,0.0693129301071167,0.06197073310613632,6.112552000558935e-06
radial,60,0.4868421173240576,0.4320000112056732,0.0035052632447332144,1352.6318359375,4.0884128789643645e-21,0.12859565019607544,0.06929866969585419,0.06195926293730736,6.119908903201576e-06
radial,60,0.49999999141113627,0.4320000112056732,0.003599999938160181,1352.4227294921875,4.097284875710136e-21,0.1286182701587677,0.06928402185440063,0.061947476118803024,6.127464530436555e-06
radial,60,0.5115740673823489,0.4320000112056732,0.003683333285152912,1352.2340087890625,4.1053010151717276e-21,0.12863869965076447,0.0692707970738411,0.061936840415000916,6.134291652415413e-06
radial,60,0.5231481433535615,0.4320000112056732,0.0037666666321456432,1352.0408935546875,4.1135348549996114e-21,0.12865960597991943,0.06925725936889648,0.06192595511674881,6.1413084040395916e-06
radial,60,0.5347222193247743,0.4320000112056732,0.0038499999791383743,1351.84326171875,4.122001339374776e-21,0.1286809742450714,0.0692434161901474,0.06191482022404671,6.148528427729616e-06
radial,60,0.5415076480454041,0.4320000112056732,0.0038988550659269094,1351.72509765625,4.127125981763483e-21,0.12869374454021454,0.06923515349626541,0.06190817430615425,6.152905825729249e-06
radial,60,0.5483620205066271,0.4320000112056732,0.003948206547647715,1351.604248046875,4.1324929622222745e-21,0.12870681285858154,0.06922668218612671,0.06190136447548866,6.157504230941413e-06
radial,60,0.5552860804729992,0.4320000112056732,0.003998059779405594,1351.480224609375,4.138117628828922e-21,0.12872019410133362,0.06921800971031189,0.06189439073204994,6.162335466797231e-06
radial,60,0.5622805717090765,0.4320000112056732,0.004048420116305351,1351.353271484375,4.144000385480208e-21,0.12873390316963196,0.06920913606882095,0.06188724562525749,6.167401807033457e-06
radial,60,0.5693460762914684,0.4320000112056732,0.0040992917492985725,1351.22314453125,4.150142847763268e-21,0.12874795496463776,0.06920003890991211,0.06187992915511131,6.172703251650091e-06
radial,60,0.576483434997499,0.4320000112056732,0.004150680731981993,1351.08984375,4.156545015678101e-21,0.12876233458518982,0.06919071823358536,0.061872437596321106,6.178240255394485e-06
radial,60,0.5836932945789562,0.4320000112056732,0.004202591720968485,1350.9532470703125,4.163209312605408e-21,0.12877705693244934,0.06918118894100189,0.061864763498306274,6.184013727761339e-06
radial,60,0.5909764958131645,0.4320000112056732,0.004255030769854784,1350.8133544921875,4.170135738545189e-21,0.12879213690757751,0.06917142868041992,0.06185691058635712,6.190025942487409e-06
radial,60,0.5983336854519116,0.4320000112056732,0.004308002535253763,1350.6700439453125,4.1773259090845785e-21,0.12880755960941315,0.06916143000125885,0.061848871409893036,6.196275535330642e-06
radial,60,0.6057657042725219,0.4320000112056732,0.0043615130707621574,1350.5233154296875,4.1847814398107095e-21,0.12882335484027863,0.06915119290351868,0.061840638518333435,6.202764325280441e-06
radial,60,0.6132731990267833,0.4320000112056732,0.00441556703299284,1350.373046875,4.192502734620366e-21,0.12883952260017395,0.0691407173871994,0.061832211911678314,6.209493221831508e-06
radial,60,0.620857075167199,0.4320000112056732,0.004470170941203833,1350.21923828125,4.2004922168942484e-21,0.12885607779026031,0.06912999600172043,0.061823584139347076,6.216463589225896e-06
radial,60,0.6285179794455568,0.4320000112056732,0.004525329452008009,1350.0616455078125,4.208750290529141e-21,0.12887302041053772,0.06911902129650116,0.06181475892663002,6.223675882210955e-06
radial,60,0.6362567526391811,0.4320000112056732,0.004581048619002104,1349.900390625,4.217278167215393e-21,0.12889035046100616,0.0691077932715416,0.06180572509765625,6.231130555534037e-06
radial,60,0.6440741708502173,0.4320000112056732,0.004637334030121565,1349.7354736328125,4.2260786742304895e-21,0.12890809774398804,0.06909630447626114,0.06179647520184517,6.2388298829318956e-06
radial,60,0.6519710748559899,0.4320000112056732,0.004694191738963127,1349.5665283203125,4.235151407677647e-21,0.12892624735832214,0.0690845474600792,0.061787016689777374,6.24677340965718e-06
radial,60,0.6599482407586442,0.4320000112056732,0.004751627333462238,1349.3936767578125,4.24449919483435e-21,0.12894481420516968,0.06907250732183456,0.06177733466029167,6.2549634094466455e-06
radial,60,0.6680065093355047,0.4320000112056732,0.004809646867215633,1349.216796875,4.254123247390948e-21,0.12896382808685303,0.06906019151210785,0.06176742911338806,6.263400337047642e-06
radial,60,0.6761466566887167,0.4320000112056732,0.00486825592815876,1349.03564453125,4.264024373141009e-21,0.1289832592010498,0.06904760003089905,0.06175729259848595,6.272085556702223e-06
radial,60,0.6843695235956047,0.4320000112056732,0.004927460569888353,1348.850341796875,4.274204995465234e-21,0.1290031522512436,0.06903471052646637,0.061746928840875626,6.281019523157738e-06
radial,60,0.6926759508334929,0.4320000112056732,0.004987266846001148,1348.660888671875,4.284665518260405e-21,0.1290235072374344,0.06902153044939041,0.061736322939395905,6.290204055403592e-06
radial,60,0.7010668438548844,0.4320000112056732,0.005047681275755167,1348.467041015625,4.295409172700791e-21,0.1290443241596222,0.06900804489850998,0.061725471168756485,6.299640517681837e-06
radial,60,0.7095431081122823,0.4320000112056732,0.005108710378408432,1348.2685546875,4.306436766579959e-21,0.129065603017807,0.06899424642324448,0.06171437352895737,6.309329364739824e-06
radial,60,0.7181054550326533,0.4320000112056732,0.005170359276235104,1348.065673828125,4.317749107691475e-21,0.12908737361431122,0.0689801350235939,0.061703022569417953,6.319271051324904e-06
radial,60,0.7267547900685006,0.4320000112056732,0.005232634488493204,1347.858154296875,4.329349023312824e-21,0.12910965085029602,0.06896571815013885,0.061691414564847946,6.329468305921182e-06
radial,60,0.735492083347506,0.4320000112056732,0.005295543000102043,1347.645751953125,4.34123812903114e-21,0.12913241982460022,0.06895095109939575,0.06167954206466675,6.33992203802336e-06
radial,60,0.7443181756469939,0.4320000112056732,0.005359090864658356,1347.4287109375,4.3534172326399894e-21,0.1291557252407074,0.06893586367368698,0.06166740134358406,6.350632247631438e-06
radial,60,0.7532339077442884,0.4320000112056732,0.005423284135758877,1347.20654296875,4.365889161416857e-21,0.12917955219745636,0.06892042607069016,0.06165498122572899,6.361601663229521e-06
radial,60,0.762240443792608,0.4320000112056732,0.005488131195306778,1346.9794921875,4.37865472315531e-21,0.1292039006948471,0.06890464574098587,0.06164228543639183,6.372830739564961e-06
radial,60,0.7713383658685619,0.4320000112056732,0.005553636234253645,1346.7471923828125,4.391716341236048e-21,0.12922881543636322,0.06888850778341293,0.061629295349121094,6.384319931385107e-06
radial,60,0.780528838125368,0.4320000112056732,0.005619807634502649,1346.5096435546875,4.405075631246206e-21,0.1292542964220047,0.06887200474739075,0.061616022139787674,6.396072421921417e-06
radial,60,0.7898126366651721,0.4320000112056732,0.005686650983989239,1346.2667236328125,4.4187346126697016e-21,0.12928032875061035,0.06885512173175812,0.06160244345664978,6.408087756426539e-06
radial,60,0.7991908609660135,0.4320000112056732,0.0057541741989552975,1346.0185546875,4.432694093300101e-21,0.12930697202682495,0.06883787363767624,0.06158856302499771,6.420367753889877e-06
radial,60,0.8086644164803956,0.4320000112056732,0.005822383798658848,1345.7646484375,4.4469569004148885e-21,0.12933418154716492,0.06882023811340332,0.06157437339425087,6.432913323806133e-06
radial,60,0.818234273336,0.4320000112056732,0.005891286768019199,1345.505126953125,4.4615246496011984e-21,0.12936201691627502,0.06880220770835876,0.06155987083911896,6.445726739912061e-06
radial,60,0.827901272310151,0.4320000112056732,0.005960889160633087,1345.23974609375,4.4763989564461644e-21,0.12939047813415527,0.06878376752138138,0.06154503673315048,6.45880754746031e-06
radial,60,0.8376667069064246,0.4320000112056732,0.006031200289726257,1344.9686279296875,4.4915814365369204e-21,0.12941956520080566,0.06876492500305176,0.06152987480163574,6.472158020187635e-06
radial,60,0.8475313532269664,0.4320000112056732,0.0061022257432341576,1344.6912841796875,4.507074917150951e-21,0.1294492930173874,0.06874565780162811,0.06151437386870384,6.485779522336088e-06
radial,60,0.857496181399458,0.4320000112056732,0.0061739725060760975,1344.40771484375,4.522878994391472e-21,0.12947967648506165,0.06872595846652985,0.061498530209064484,6.49967205390567e-06
radial,60,0.8675623555771179,0.4320000112056732,0.006246448960155249,1344.1180419921875,4.538998111123102e-21,0.129510760307312,0.06870583444833755,0.06148233637213707,6.513837433885783e-06
radial,60,0.8777308458876278,0.4320000112056732,0.006319662090390921,1343.822021484375,4.5554322673458415e-21,0.1295425146818161,0.06868525594472885,0.061465781182050705,6.528277026518481e-06
radial,60,0.8880026871338487,0.4320000112056732,0.00639361934736371,1343.519287109375,4.572183482543607e-21,0.1295749843120575,0.06866422295570374,0.06144885718822479,6.542992196045816e-06
radial,60,0.898378914118641,0.4320000112056732,0.006468328181654215,1343.2099609375,4.589253776200317e-21,0.129608154296875,0.06864273548126221,0.06143156439065933,6.557982487720437e-06
radial,60,0.9088606263200443,0.4320000112056732,0.006543796509504318,1342.893798828125,4.6066451677998875e-21,0.129642054438591,0.06862076371908188,0.06141389161348343,6.5732501752790995e-06
radial,60,0.9194488585409191,0.4320000112056732,0.0066200317814946175,1342.5706787109375,4.624358465135886e-21,0.1296767294406891,0.06859830766916275,0.06139582768082619,6.588796168216504e-06
radial,60,0.9301447102593051,0.4320000112056732,0.006697041913866997,1342.2403564453125,4.642396091589014e-21,0.12971213459968567,0.06857535988092422,0.06137736514210701,6.604620466532651e-06
radial,60,0.9409492809532417,0.4320000112056732,0.00677483482286334,1341.903076171875,4.660759662746405e-21,0.12974832952022552,0.0685519129037857,0.0613585002720356,6.620725798711646e-06
radial,60,0.9518637347759472,0.4320000112056732,0.00685341889038682,1341.55810546875,4.679449986401625e-21,0.12978531420230865,0.0685279443860054,0.06133922189474106,6.637110345764086e-06
radial,60,0.9628889771799247,0.4320000112056732,0.0069328006356954575,1341.2059326171875,4.698469485935376e-21,0.12982311844825745,0.06850346177816391,0.061319515109062195,6.653777745668776e-06
radial,60,0.9740264310191076,0.4320000112056732,0.007012990303337574,1340.8458251953125,4.717819373038008e-21,0.1298617571592331,0.06847843527793884,0.06129938364028931,6.670726634183666e-06
radial,60,0.9852770664211776,0.4320000112056732,0.007093994878232479,1340.47802734375,4.737501263296655e-21,0.1299012154340744,0.0684528648853302,0.0612788125872612,6.687959285045508e-06
radial,60,0.9966419828641746,0.4320000112056732,0.007175822276622057,1340.102294921875,4.757515964504884e-21,0.12994155287742615,0.06842673569917679,0.06125779077410698,6.705475243506953e-06
radial,60,1.008122473851674,0.4320000112056732,0.007258481811732054,1339.7181396484375,4.777865496146612e-21,0.12998276948928833,0.06840003281831741,0.061236314475536346,6.723274964315351e-06
radial,60,1.0197196388617158,0.4320000112056732,0.007341981399804354,1339.3258056640625,4.79855106991219e-21,0.13002488017082214,0.06837275624275208,0.06121436506509781,6.741359356965404e-06
radial,60,1.0314346420475178,0.4320000112056732,0.007426329422742128,1338.9249267578125,4.819573493595184e-21,0.13006789982318878,0.06834487617015839,0.06119194254279137,6.759729330951814e-06
radial,60,1.043268776912656,0.4320000112056732,0.007511535193771124,1338.515380859375,4.840933171092379e-21,0.13011185824871063,0.06831640005111694,0.061169032007455826,6.778383522032527e-06
radial,60,1.0552231429351702,0.4320000112056732,0.0075976066291332245,1338.0970458984375,4.862632929681258e-21,0.1301567703485489,0.06828730553388596,0.06114562600851059,6.797323294449598e-06
radial,60,1.0672990336186357,0.4320000112056732,0.007684553042054176,1337.6697998046875,4.8846723654650376e-21,0.13020265102386475,0.06825758516788483,0.06112171337008476,6.816548193455674e-06
radial,60,1.0794976777914498,0.4320000112056732,0.007772383280098438,1337.233154296875,4.907052690134069e-21,0.1302495300769806,0.06822721660137177,0.06109728664159775,6.836058673798107e-06
radial,60,1.0918203689571884,0.4320000112056732,0.007861106656491756,1336.787353515625,4.929774307585135e-21,0.13029742240905762,0.06819619238376617,0.06107233464717865,6.855853825982194e-06
radial,60,1.10426827126907,0.4320000112056732,0.007950731553137302,1336.331787109375,4.9528380256118024e-21,0.13034634292125702,0.06816450506448746,0.06104683876037598,6.875934559502639e-06
radial,60,1.1168426782306697,0.4320000112056732,0.008041267283260822,1335.8665771484375,4.9762442481108554e-21,0.13039632141590118,0.06813213229179382,0.06102079153060913,6.896299510117387e-06
radial,60,1.1295448833455641,0.4320000112056732,0.008132723160088062,1335.3914794921875,4.999994186772644e-21,0.1304473578929901,0.06809906661510468,0.06099419295787811,6.91694867782644e-06
radial,60,1.1423761801173289,0.4320000112056732,0.008225108496844769,1334.906005859375,5.0240870338036014e-21,0.13049951195716858,0.06806528568267822,0.06096702069044113,6.937880698387744e-06
radial,60,1.1553378620495398,0.4320000112056732,0.008318432606756687,1334.4102783203125,5.048524000894078e-21,0.1305527687072754,0.06803078204393387,0.06093926727771759,6.959095571801299e-06
radial,60,1.1684313519961305,0.4320000112056732,0.008412705734372139,1333.904052734375,5.073303876353723e-21,0.13060718774795532,0.06799554079771042,0.060910914093256,6.980591479077702e-06
radial,60,1.1816579434606764,0.4320000112056732,0.00850793719291687,1333.386962890625,5.098427467976104e-21,0.130662739276886,0.06795954704284668,0.06088196113705635,7.002368420216953e-06
radial,60,1.1950189299467537,0.4320000112056732,0.008604136295616627,1332.85888671875,5.1238939679676535e-21,0.13071951270103455,0.06792277842760086,0.06085238233208656,7.024424576229649e-06
radial,60,1.2085157343082957,0.4320000112056732,0.00870131328701973,1332.319580078125,5.149702972431588e-21,0.1307774782180786,0.06788523495197296,0.06082218512892723,7.046758582873736e-06
radial,60,1.222149779399236,0.4320000112056732,0.0087994784116745,1331.76904296875,5.175854077471125e-21,0.13083668053150177,0.0678468868136406,0.06079133599996567,7.069367711665109e-06
radial,60,1.2359223587231505,0.4320000112056732,0.008898640982806683,1331.2066650390625,5.202345667499129e-21,0.1308971345424652,0.06780772656202316,0.060759834945201874,7.0922515078564174e-06
radial,60,1.2498348951339722,0.4320000112056732,0.0089988112449646,1330.632568359375,5.229177338618818e-21,0.13095888495445251,0.06776773184537888,0.06072766333818436,7.115406788216205e-06
radial,60,1.2638889408359926,0.4320000112056732,0.009100000374019146,1330.04638671875,5.256343032378439e-21,0.13102194666862488,0.06772689521312714,0.06069481372833252,7.138828095776262e-06
radial,60,1.2800925307803683,0.4320000112056732,0.009216666221618652,1329.362548828125,5.287703194234429e-21,0.13109548389911652,0.0676792562007904,0.06065649539232254,7.165832357713953e-06
radial,60,1.2962962500751019,0.4320000112056732,0.009333333000540733,1328.670654296875,5.319074665200356e-21,0.13116994500160217,0.06763102859258652,0.060617707669734955,7.192809789557941e-06
radial,60,1.3124999693698354,0.4320000112056732,0.009449999779462814,1327.970458984375,5.350470369973292e-21,0.13124528527259827,0.06758222728967667,0.060578446835279465,7.219772214739351e-06
radial,60,1.322034125526746,0.4320000112056732,0.009518645703792572,1327.554443359375,5.369014482992895e-21,0.13129007816314697,0.06755322962999344,0.060555122792720795,7.235687462525675e-06
radial,60,1.3316050171852112,0.4320000112056732,0.00958755612373352,1327.1337890625,5.387766602855987e-21,0.1313353329896927,0.06752391159534454,0.06053154543042183,7.251779607031494e-06
radial,60,1.3412129030459456,0.4320000112056732,0.009656732901930809,1326.70849609375,5.406740865949989e-21,0.131381094455719,0.06749427318572998,0.06050770357251167,7.268065928656142e-06
radial,60,1.3508579124593072,0.4320000112056732,0.009726176969707012,1326.2783203125,5.425938887862035e-21,0.13142737746238708,0.06746429949998856,0.06048358976840973,7.284545517904917e-06
radial,60,1.3605401747756534,0.4320000112056732,0.009795889258384705,1325.84326171875,5.445359053004991e-21,0.13147418200969696,0.06743399053812027,0.060459211468696594,7.3012165557884146e-06
radial,60,1.370259819345342,0.4320000112056732,0.009865870699286461,1325.403564453125,5.4650001496885075e-21,0.13152149319648743,0.06740335375070572,0.06043456494808197,7.318078587559285e-06
radial,60,1.38001697551873,0.4320000112056732,0.009936122223734856,1324.9588623046875,5.484860966222233e-21,0.13156931102275848,0.06737237423658371,0.06040965020656586,7.335129339480773e-06
radial,60,1.3898120313468907,0.4320000112056732,0.010006646625697613,1324.50927734375,5.504939483122251e-21,0.13161766529083252,0.06734105199575424,0.06038445979356766,7.352367902058177e-06
radial,60,1.3996445987787511,0.4320000112056732,0.010077441111207008,1324.0552978515625,4.4464941962597417e-20,0.13166651129722595,0.0673094168305397,0.06035901606082916,7.375053428404499e-06
radial,60,1.4095153245660994,0.4320000112056732,0.010148510336875916,1323.596923828125,1.555735963683475e-19,0.1317158192396164,0.0672774687409401,0.06033332645893097,7.407671091641532e-06
radial,60,1.4194242087089353,0.4320000112056732,0.010219854302704334,1323.1339111328125,3.0061943243618534e-19,0.13176561892032623,0.06724518537521362,0.06030738726258278,7.445058145094663e-06
radial,60,1.4293713805576167,0.4320000112056732,0.01029147394001484,1322.6658935546875,4.471672734000546e-19,0.13181596994400024,0.0672125592827797,0.06028116121888161,7.482830824301345e-06
radial,60,1.4393569694625008,0.4320000112056732,0.010363370180130005,1322.194580078125,7.582217702093554e-19,0.1318667083978653,0.06717965751886368,0.06025473028421402,7.543028914369643e-06
radial,60,1.4493811047739453,0.4320000112056732,0.010435543954372406,1321.72265625,1.4945697830955117e-18,0.1319175660610199,0.06714661419391632,0.060228243470191956,7.660916708118748e-06
radial,60,1.459443915842308,0.4320000112056732,0.010507996194064617,1321.2484130859375,2.4977547844602755e-18,0.13196872174739838,0.06711333990097046,0.06020160764455795,7.815070603101049e-06
radial,60,1.4695455320179462,0.4320000112056732,0.010580727830529213,1320.76904296875,3.510785303065952e-18,0.13202042877674103,0.06707971543073654,0.060174692422151566,7.970739716256503e-06
radial,60,1.479686341351933,0.4320000112056732,0.010653741657733917,1320.28564453125,4.629955708766523e-18,0.1320725977420807,0.06704577803611755,0.06014753505587578,8.140957106661517e-06
radial,60,1.4898662144939105,0.4320000112056732,0.010727036744356155,1319.801025390625,6.098314619792067e-18,0.13212497532367706,0.06701165437698364,0.060120269656181335,8.358617378689814e-06
radial,60,1.500085410144594,0.4320000112056732,0.010800614953041077,1319.313720703125,7.823240141413183e-18,0.1321776658296585,0.06697728484869003,0.06009284406900406,8.611187695350964e-06
radial,60,1.5103440576543412,0.4320000112056732,0.010874477215111256,1318.8211669921875,9.564216275640279e-18,0.13223090767860413,0.06694255769252777,0.0600651279091835,8.866115422279108e-06
radial,60,1.520642415723867,0.4320000112056732,0.010948625393211842,1318.323486328125,1.132116444031516e-17,0.1322847306728363,0.06690746545791626,0.060037121176719666,9.123387826548424e-06
radial,60,1.5309804843531716,0.4320000112056732,0.011023059487342834,1317.820556640625,1.3094003571737799e-17,0.13233910501003265,0.0668720006942749,0.06000881642103195,9.38299490371719e-06
radial,60,1.54135852224297,0.4320000112056732,0.011097781360149384,1317.3123779296875,1.4882646815943875e-17,0.13239404559135437,0.0668361634016037,0.05998022109270096,9.644920282880776e-06
radial,60,1.55177665874362,0.4320000112056732,0.011172791942954063,1316.7989501953125,1.668700731896907e-17,0.13244958221912384,0.06679996103048325,0.05995132774114609,9.909153959597461e-06
radial,60,1.5622348938551214,0.4320000112056732,0.011248091235756874,1316.2801513671875,1.8506993263765394e-17,0.13250567018985748,0.06676338613033295,0.05992213636636734,1.0175679562962614e-05
radial,60,1.5727337449789047,0.4320000112056732,0.011323682963848114,1315.755859375,2.0342508697381788e-17,0.13256233930587769,0.06672642379999161,0.05989263579249382,1.0444483450555708e-05
radial,60,1.5832730827646124,0.4320000112056732,0.011399566195905209,1315.2261962890625,2.219345932122842e-17,0.13261960446834564,0.06668908149003983,0.05986283719539642,1.0715550160966814e-05
radial,60,1.5938530365626018,0.4320000112056732,0.011475741863250732,1314.691162109375,2.405973760182566e-17,0.13267746567726135,0.0666513592004776,0.059832725673913956,1.0988866961270105e-05
radial,60,1.604473994423946,0.4320000112056732,0.01155221275985241,1314.150634765625,2.5941247586222453e-17,0.13273590803146362,0.06661324203014374,0.05980231240391731,1.1264415661571547e-05
radial,60,1.6151356976479292,0.4320000112056732,0.01162897702306509,1313.6043701171875,2.783787677785549e-17,0.13279493153095245,0.06657474488019943,0.0597715824842453,1.1542181709955912e-05
radial,60,1.6258389223366976,0.4320000112056732,0.011706040240824223,1313.052734375,2.974951102580024e-17,0.13285458087921143,0.06653586030006409,0.05974053964018822,1.1822146916529164e-05
radial,60,1.6365834097895358,0.4320000112056732,0.011783400550484657,1312.495361328125,3.167604775966074e-17,0.13291484117507935,0.06649657338857651,0.05970918387174606,1.2104294000891969e-05
radial,60,1.6473691600064437,0.4320000112056732,0.011861057952046394,1311.932373046875,3.361736124798389e-17,0.13297569751739502,0.0664568841457367,0.05967751145362854,1.2388607501634397e-05
radial,60,1.658196949089567,0.4320000112056732,0.011939018033444881,1311.3636474609375,3.557333237676148e-17,0.13303716480731964,0.06641680747270584,0.05964551866054535,1.2675066500378307e-05
radial,60,1.6690663889878325,0.4320000112056732,0.012017278000712395,1310.789306640625,3.7543842031985305e-17,0.1330992430448532,0.06637632101774216,0.05961320549249649,1.2963654626219068e-05
radial,60,1.6799776090515985,0.4320000112056732,0.012095838785171509,1310.2091064453125,3.952875786475735e-17,0.13316196203231812,0.06633543223142624,0.059580571949481964,1.325435187027324e-05
radial,60,1.6909312560326524,0.4320000112056732,0.012174705043435097,1309.623291015625,4.152795083490206e-17,0.13322530686855316,0.06629414111375809,0.059547603130340576,1.3547138223657385e-05
radial,60,1.7019272005806367,0.4320000112056732,0.012253875844180584,1309.0313720703125,4.354128859352143e-17,0.13328927755355835,0.06625243276357651,0.059514306485652924,1.3841994586982764e-05
radial,60,1.7129653133451939,0.4320000112056732,0.012333350256085396,1308.4337158203125,4.5568628865550096e-17,0.13335388898849487,0.0662103146314621,0.059480685740709305,1.4138898222881835e-05
radial,60,1.7240464997788272,0.4320000112056732,0.012413134798407555,1307.8302001953125,4.76098359933676e-17,0.13341912627220154,0.06616777926683426,0.059446729719638824,1.4437829122471157e-05
radial,60,1.7351702424801059,0.4320000112056732,0.012493225745856762,1307.2205810546875,4.9664754467018785e-17,0.13348501920700073,0.066124826669693,0.05941244214773178,1.4738766367372591e-05
radial,60,1.7463370588504605,0.4320000112056732,0.012573626823723316,1306.6051025390625,5.173324862888319e-17,0.13355155289173126,0.0660814493894577,0.059377819299697876,1.5041684491734486e-05
radial,60,1.7575468195395338,0.4320000112056732,0.012654337100684643,1305.9835205078125,5.38151530428383e-17,0.13361874222755432,0.06603764742612839,0.059342849999666214,1.5346564396168105e-05
radial,60,1.7688000419487557,0.4320000112056732,0.01273536030203104,1305.35595703125,5.591032212509632e-17,0.1336866021156311,0.06599342823028564,0.05930754169821739,1.5653378795832396e-05
radial,60,1.7800965967277687,0.4320000112056732,0.012816695496439934,1304.72216796875,5.801858713081227e-17,0.13375510275363922,0.06594876945018768,0.05927189067006111,1.596210859133862e-05
radial,60,1.7914370012780032,0.4320000112056732,0.012898346409201622,1304.0821533203125,6.013978924130855e-17,0.13382425904273987,0.0659036785364151,0.05923589691519737,1.627272467885632e-05
radial,60,1.8028211262491014,0.4320000112056732,0.01298031210899353,1303.436279296875,6.227375640301775e-17,0.13389410078525543,0.06585816293954849,0.05919955298304558,1.6585203411523253e-05
radial,60,1.8142491009914212,0.4320000112056732,0.013062593527138233,1302.7838134765625,6.442032979726226e-17,0.13396461308002472,0.06581220030784607,0.05916285514831543,1.6899517504498363e-05
radial,60,1.8257213135560355,0.4320000112056732,0.013145193457603455,1302.1253662109375,6.657930428325017e-17,0.13403579592704773,0.06576579809188843,0.059125810861587524,1.7215643310919404e-05
radial,60,1.8372378932933013,0.4320000112056732,0.013228112831711769,1301.4605712890625,6.875052765974876e-17,0.13410766422748566,0.06571896374225616,0.059088412672281265,1.7533553545945324e-05
radial,60,1.848798840203219,0.4320000112056732,0.013311351649463177,1300.789306640625,7.093380802085592e-17,0.1341802179813385,0.06567167490720749,0.059050656855106354,1.7853217286756262e-05
radial,60,1.8604045423368614,0.4320000112056732,0.013394912704825401,1300.11181640625,7.312893360833484e-17,0.13425347208976746,0.065623939037323,0.05901253968477249,1.817460906750057e-05
radial,60,1.8720549996942282,0.4320000112056732,0.013478795997798443,1299.4278564453125,7.533573898606301e-17,0.13432739675045013,0.06557575613260269,0.05897406488656998,1.8497697965358384e-05
radial,60,1.8837504709760349,0.4320000112056732,0.01356300339102745,1298.7374267578125,7.755401239580362e-17,0.13440203666687012,0.06552711874246597,0.05893522873520851,1.882245487649925e-05
radial,60,1.8954912148829963,0.4320000112056732,0.013647536747157574,1298.04052734375,7.978355531420965e-17,0.1344773769378662,0.06547802686691284,0.0588960200548172,1.9148852516082115e-05
radial,60,1.907277231415113,0.4320000112056732,0.013732396066188812,1297.3369140625,8.202416921793408e-17,0.1345534324645996,0.0654284730553627,0.058856453746557236,1.9476854504318908e-05
radial,60,1.9191086499227419,0.4320000112056732,0.01381758227944374,1296.6270751953125,8.427563573129522e-17,0.13463017344474792,0.06537845730781555,0.058816514909267426,1.9806433556368575e-05
radial,60,1.9309859878073137,0.4320000112056732,0.013903099112212658,1295.9105224609375,8.653773647861133e-17,0.13470764458179474,0.06532797962427139,0.05877619981765747,2.013756056840066e-05
radial,60,1.9429091157184708,0.4320000112056732,0.013988945633172989,1295.187255859375,8.881027293653542e-17,0.13478583097457886,0.06527704000473022,0.05873551592230797,2.0470197341637686e-05
radial,60,1.9548781630065706,0.4320000112056732,0.014075122773647308,1294.4573974609375,9.109300025960616e-17,0.13486474752426147,0.06522563099861145,0.05869445204734802,2.0804311134270392e-05
radial,60,1.9668936470730438,0.4320000112056732,0.014161634258925915,1293.7208251953125,9.338571330703163e-17,0.1349443793296814,0.06517373770475388,0.05865301191806793,2.113987284246832e-05
radial,60,1.97895556791789,0.4320000112056732,0.014248480089008808,1292.977294921875,9.568817385079544e-17,0.13502474129199982,0.06512138247489929,0.058611199259757996,2.1476842448464595e-05
radial,60,1.9910639255411096,0.4320000112056732,0.014335660263895988,1292.227294921875,9.800013042799135e-17,0.13510584831237793,0.0650685504078865,0.05856899172067642,2.181518721044995e-05
radial,60,2.003219107993775,0.4320000112056732,0.01442317757755518,1291.470458984375,1.0032136466293765e-16,0.13518768548965454,0.06501523405313492,0.058526407927274704,2.2154870748636313e-05
radial,60,2.015421244626244,0.4320000112056732,0.014511032961308956,1290.70654296875,1.0265161847528324e-16,0.13527026772499084,0.06496143341064453,0.05848343297839165,2.249585850222502e-05
radial,60,2.027670464788874,0.4320000112056732,0.014599227346479893,1289.935791015625,1.0499064701956679e-16,0.13535359501838684,0.06490715593099594,0.05844007804989815,2.283811045344919e-05
radial,60,2.039967156532738,0.4320000112056732,0.014687763527035713,1289.158203125,1.0733820545032698e-16,0.13543769717216492,0.06485238671302795,0.05839632451534271,2.3181592041510157e-05
radial,60,2.0523111905074782,0.4320000112056732,0.014776640571653843,1288.37353515625,1.096940224523229e-16,0.1355225294828415,0.06479711830615997,0.05835217982530594,2.3526259610662237e-05
radial,60,2.0647029547641673,0.4320000112056732,0.014865861274302006,1287.58203125,1.1205783994520344e-16,0.13560813665390015,0.06474137306213379,0.05830764025449753,2.3872080419096164e-05
radial,60,2.0771425786531634,0.4320000112056732,0.014955426566302776,1286.7833251953125,1.1442939984861747e-16,0.1356944888830185,0.06468512862920761,0.05826270207762718,2.4219010811066255e-05
radial,60,2.0896301915248237,0.4320000112056732,0.01504533737897873,1285.9774169921875,1.1680842422987918e-16,0.13578163087368011,0.06462838500738144,0.0582173690199852,2.456701076880563e-05
radial,60,2.102166052079863,0.4320000112056732,0.015135595574975014,1285.16455078125,1.1919464839119255e-16,0.13586953282356262,0.06457113474607468,0.05817163735628128,2.4916040274547413e-05
radial,60,2.1147505483693547,0.4320000112056732,0.015226203948259354,1284.3446044921875,1.2158776793009217e-16,0.13595819473266602,0.06451339274644852,0.05812549591064453,2.526605749153532e-05
radial,60,2.1273834216925835,0.4320000112056732,0.0153171606361866,1283.5174560546875,1.239875313836718e-16,0.13604766130447388,0.06445513665676117,0.05807894840836525,2.5617020583013073e-05
radial,60,2.1400650601006217,0.4320000112056732,0.015408468432724476,1282.6829833984375,1.2639363434946606e-16,0.13613788783550262,0.06439638137817383,0.058031998574733734,2.5968882255256176e-05
radial,60,2.1527959809949,0.4320000112056732,0.01550013106316328,1281.84130859375,1.288057724250095e-16,0.13622891902923584,0.0643371045589447,0.05798463895916939,2.6321607947465964e-05
radial,60,2.165575796324346,0.4320000112056732,0.01559214573353529,1280.9923095703125,1.312236676776163e-16,0.13632073998451233,0.06427732110023499,0.05793686583638191,2.6675144908949733e-05
radial,60,2.178405152840747,0.4320000112056732,0.015684517100453377,1280.135986328125,1.3364701570482105e-16,0.1364133656024933,0.06421703100204468,0.05788867920637131,2.7029451302951202e-05
radial,60,2.191284050544103,0.4320000112056732,0.01577724516391754,1279.272216796875,1.3607549886926853e-16,0.13650676608085632,0.06415620446205139,0.05784007906913757,2.7384483473724686e-05
radial,60,2.204212618784772,0.4320000112056732,0.01587033085525036,1278.401123046875,1.3850883923827292e-16,0.13660098612308502,0.06409487873315811,0.05779106169939041,2.774019230855629e-05
radial,60,2.217191116263469,0.4320000112056732,0.015963776037096977,1277.5225830078125,1.409466927046994e-16,0.1366960108280182,0.06403301656246185,0.05774162337183952,2.8096530513721518e-05
radial,60,2.230219542980194,0.4320000112056732,0.016057580709457397,1276.6365966796875,1.4338874163119275e-16,0.13679185509681702,0.06397063285112381,0.05769176408648491,2.845345443347469e-05
radial,60,2.2432986750370927,0.4320000112056732,0.016151750460267067,1275.7431640625,1.4583468161528755e-16,0.1368885040283203,0.06390771269798279,0.05764148011803627,2.8810914955101907e-05
radial,60,2.2564282537334495,0.4320000112056732,0.016246283426880836,1274.8419189453125,1.4828415531495918e-16,0.13698597252368927,0.06384427100419998,0.05759077146649361,2.9168859327910468e-05
radial,60,2.269608279069265,0.4320000112056732,0.016341179609298706,1273.9334716796875,1.5073687156263202e-16,0.1370842605829239,0.0637802928686142,0.05753963440656662,2.9527243896154687e-05
radial,60,2.2828395271466837,0.4320000112056732,0.016436444595456123,1273.0172119140625,1.5319247301628144e-16,0.13718338310718536,0.06371578574180603,0.05748806893825531,2.9886019547120668e-05
radial,60,2.2961217392649917,0.4320000112056732,0.01653207652270794,1272.09326171875,1.5565062880366242e-16,0.1372833251953125,0.06365074217319489,0.05743607133626938,3.0245128073147498e-05
radial,60,2.309455174124903,0.4320000112056732,0.016628077253699303,1271.1617431640625,1.5811099481764015e-16,0.13738411664962769,0.06358515471220016,0.057383641600608826,3.060452581848949e-05
radial,60,2.322840349127849,0.4320000112056732,0.016724450513720512,1270.222412109375,1.6057321371619e-16,0.13748574256896973,0.06351902335882187,0.057330772280693054,3.096415821346454e-05
radial,60,2.336277005573114,0.4320000112056732,0.01682119444012642,1269.2752685546875,1.6303695462706693e-16,0.13758820295333862,0.06345234811306,0.05727746710181236,3.132396886940114e-05
radial,60,2.349765660862128,0.4320000112056732,0.01691831275820732,1268.320556640625,1.6550184697335655e-16,0.13769151270389557,0.06338512897491455,0.05722372233867645,3.16839141305536e-05
radial,60,2.3633063149948916,0.4320000112056732,0.01701580546796322,1267.3577880859375,1.6796754664792402e-16,0.13779568672180176,0.06331735849380493,0.057169537991285324,3.204393578926101e-05
radial,60,2.3768994853728347,0.4320000112056732,0.01711367629468441,1266.38720703125,1.704336698389651e-16,0.1379006952047348,0.06324902921915054,0.05711491405963898,3.2403979275841266e-05
radial,60,2.3905449132952428,0.4320000112056732,0.017211923375725746,1265.408935546875,1.728998592044552e-16,0.1380065679550171,0.06318014860153198,0.057059839367866516,3.276399729656987e-05
radial,60,2.404243116163545,0.4320000112056732,0.017310550436377525,1264.4224853515625,1.753657838721493e-16,0.13811329007148743,0.06311071664094925,0.05700431764125824,3.312392072984949e-05
radial,60,2.4179943526784577,0.4320000112056732,0.017409559339284897,1263.4281005859375,1.7783100709068393e-16,0.1382209062576294,0.06304071843624115,0.05694834142923355,3.348370591993444e-05
radial,60,2.4317986228399806,0.4320000112056732,0.01750895008444786,1262.42578125,1.802951715180345e-16,0.13832935690879822,0.06297016143798828,0.05689191818237305,3.38432946591638e-05
radial,60,2.445656185348829,0.4320000112056732,0.017608724534511566,1261.4154052734375,1.8275793304706618e-16,0.13843870162963867,0.06289903819561005,0.05683504045009613,3.420262873987667e-05
radial,60,2.459567298905717,0.4320000112056732,0.017708884552121162,1260.39697265625,1.8521890786597474e-16,0.13854892551898956,0.06282735615968704,0.0567777045071125,3.456164995441213e-05
radial,60,2.473532222211361,0.4320000112056732,0.0178094319999218,1259.3704833984375,1.8767761951872736e-16,0.1386600285768509,0.06275509297847748,0.05671991780400276,3.492029645713046e-05
radial,60,2.4875509552657604,0.4320000112056732,0.017910366877913475,1258.3359375,1.9013324744215638e-16,0.13877199590206146,0.06268227845430374,0.05666168034076691,3.527844455675222e-05
radial,60,2.501624015470346,0.4320000112056732,0.01801169291138649,1257.2930908203125,1.9258686366233567e-16,0.13888487219810486,0.06260886788368225,0.05660295858979225,3.563625068636611e-05
radial,60,2.515751402825117,0.4320000112056732,0.018113410100340843,1256.230224609375,1.9506324389297243e-16,0.13899992406368256,0.06253405660390854,0.056543126702308655,3.5997320082969964e-05
radial,60,2.5299331173300743,0.4320000112056732,0.018215518444776535,1255.133056640625,1.9759408569513967e-16,0.13911870121955872,0.06245682016015053,0.056481339037418365,3.636626206571236e-05
radial,60,2.5441699350873628,0.4320000112056732,0.018318023532629013,1254.003662109375,2.0016966142483378e-16,0.13924093544483185,0.062377337366342545,0.05641775578260422,3.6741654184879735e-05
radial,60,2.558461597396268,0.4320000112056732,0.018420923501253128,1252.8551025390625,2.0276015287533345e-16,0.1393652856349945,0.06229649484157562,0.05635308474302292,3.711913086590357e-05
radial,60,2.5728083629575043,0.4320000112056732,0.01852422021329403,1251.69970703125,2.0533693297999944e-16,0.13949036598205566,0.0622151754796505,0.05628802627325058,3.749453753698617e-05
radial,60,2.587210749172502,0.4320000112056732,0.018627917394042015,1250.5533447265625,2.0786561749512914e-16,0.13961449265480042,0.062134481966495514,0.056223466992378235,3.786285378737375e-05
radial,60,2.601668756041262,0.4320000112056732,0.018732015043497086,1249.4044189453125,2.1037234532807924e-16,0.13973888754844666,0.0620536245405674,0.05615876987576485,3.822790677077137e-05
radial,60,2.6161823835637836,0.4320000112056732,0.01883651316165924,1248.218994140625,2.1293103333838747e-16,0.13986724615097046,0.06197018548846245,0.05609200894832611,3.860045035253279e-05
radial,60,2.630752149141497,0.4320000112056732,0.01894141547381878,1246.9979248046875,2.1553572582564345e-16,0.13999944925308228,0.06188424676656723,0.0560232438147068,3.897961141774431e-05
radial,60,2.645378311475118,0.4320000112056732,0.01904672384262085,1245.761474609375,2.181401536151034e-16,0.1401333510875702,0.06179722398519516,0.055953606963157654,3.935864515369758e-05
radial,60,2.6600608705646462,0.4320000112056732,0.019152438268065453,1244.5025634765625,2.2075699573119656e-16,0.1402696967124939,0.061708610504865646,0.05588269233703613,3.973936691181734e-05
radial,60,2.674800343811512,0.4320000112056732,0.019258562475442886,1243.2066650390625,2.234121925579326e-16,0.14041005074977875,0.061617411673069,0.05580970644950867,4.012556382804178e-05
radial,60,2.6895964725150003,0.4320000112056732,0.019365094602108,1241.880126953125,2.2609021956957506e-16,0.14055371284484863,0.061524055898189545,0.05573498457670212,4.0514947613701224e-05
radial,60,2.7044497740765414,0.4320000112056732,0.019472038373351097,1240.5343017578125,2.287663936966454e-16,0.14069950580596924,0.061429329216480255,0.05565917119383812,4.090392394573428e-05
radial,60,2.7193607658975654,0.4320000112056732,0.01957939751446247,1239.1727294921875,2.3143266812614474e-16,0.14084699749946594,0.06133349984884262,0.05558246001601219,4.129132503294386e-05
radial,60,2.7343289305766425,0.4320000112056732,0.019687168300151825,1237.7952880859375,2.3408787818777056e-16,0.14099623262882233,0.061236556619405746,0.05550485476851463,4.167697625234723e-05
radial,60,2.7493553029166327,0.4320000112056732,0.019795358180999756,1236.4007568359375,2.3673310914248654e-16,0.14114731550216675,0.06113840639591217,0.05542628467082977,4.2061034037033096e-05
radial,60,2.7644393655161066,0.4320000112056732,0.019903963431715965,1234.98876953125,2.3936775218536183e-16,0.14130032062530518,0.0610390268266201,0.05534671992063522,4.244340743753128e-05
radial,60,2.7795818944772086,0.4320000112056732,0.0200129896402359,1233.559326171875,2.4198995443182434e-16,0.14145521819591522,0.06093842163681984,0.05526617541909218,4.282381269149482e-05
radial,60,2.794782889799939,0.4320000112056732,0.020122436806559563,1232.11279296875,2.445977835879631e-16,0.1416119784116745,0.06083660572767258,0.05518465116620064,4.320196603657678e-05
radial,60,2.810042610185014,0.4320000112056732,0.0202323067933321,1230.6492919921875,2.4718943970876526e-16,0.141770601272583,0.060733597725629807,0.05510216951370239,4.3577601900324225e-05
radial,60,2.8253613143331475,0.4320000112056732,0.020342601463198662,1229.168701171875,2.4976336107723426e-16,0.14193105697631836,0.06062939763069153,0.05501873046159744,4.3950483814114705e-05
radial,60,2.84073900224434,0.4320000112056732,0.02045332081615925,1227.6715087890625,2.5231793303681443e-16,0.14209336042404175,0.06052401661872864,0.05493433400988579,4.432038258528337e-05
radial,60,2.856176450020737,0.4320000112056732,0.020564470440149307,1226.1573486328125,2.5485169974962766e-16,0.14225751161575317,0.06041744351387024,0.054848987609148026,4.4687065383186564e-05
radial,60,2.8716731402609086,0.4320000112056732,0.02067604660987854,1224.6263427734375,2.5736312596845706e-16,0.14242349565029144,0.06030969321727753,0.05476268380880356,4.5050313929095864e-05
radial,60,2.8872298490669994,0.4320000112056732,0.020788054913282394,1223.07861328125,2.5985075585542453e-16,0.14259129762649536,0.0602007620036602,0.05467543005943298,4.5409909944282845e-05
radial,60,2.9028465764390097,0.4320000112056732,0.02090049535036087,1221.51416015625,2.623130806330928e-16,0.14276094734668732,0.060090646147727966,0.054587222635746,4.5765642425976694e-05
radial,60,2.9185238397783704,0.4320000112056732,0.021013371646404266,1219.9329833984375,2.647487768124817e-16,0.14293241500854492,0.05997934937477112,0.05449806526303291,4.6117282181512564e-05
radial,60,2.934261380384366,0.4320000112056732,0.021126681938767433,1218.3349609375,2.6715625620681526e-16,0.14310573041439056,0.059866875410079956,0.054407961666584015,4.646462548407726e-05
radial,60,2.9500599743591414,0.4320000112056732,0.02124043181538582,1216.72021484375,2.695341953271133e-16,0.14328086376190186,0.05975322425365448,0.05431690067052841,4.680744677898474e-05
radial,60,2.9659193630019827,0.4320000112056732,0.021354619413614273,1215.088623046875,2.7188105892615895e-16,0.14345784485340118,0.05963838845491409,0.0542248860001564,4.714554233942181e-05
radial,60,2.9818400637143188,0.4320000112056732,0.021469248458743095,1213.4403076171875,2.741954705754129e-16,0.14363665878772736,0.059522368013858795,0.054131925106048584,4.747868297272362e-05
radial,60,2.997822335196866,0.4320000112056732,0.021584320813417435,1211.7752685546875,2.764759744369971e-16,0.14381730556488037,0.05940517410635948,0.05403801053762436,4.7806672228034586e-05
radial,60,3.013866436150339,0.4320000112056732,0.02169983834028244,1210.093505859375,2.7872116761259265e-16,0.14399977028369904,0.059286799281835556,0.053943146020174026,4.812928818864748e-05
radial,60,3.029972366574738,0.4320000112056732,0.021815801039338112,1208.3948974609375,2.809295677945418e-16,0.14418408274650574,0.05916724354028702,0.05384732410311699,4.8446319851791486e-05
radial,60,3.046140385170778,0.4320000112056732,0.0219322107732296,1206.6795654296875,2.8309979855430534e-16,0.14437024295330048,0.05904650688171387,0.05375055596232414,4.875755257671699e-05
radial,60,3.062371268040604,0.4320000112056732,0.02204907312989235,1204.947509765625,2.8523040405400513e-16,0.14455822110176086,0.0589245930314064,0.05365283042192459,4.9062778998631984e-05
radial,60,3.078664497782787,0.4320000112056732,0.022166384384036064,1203.19873046875,2.873199549255427e-16,0.1447480320930481,0.058801498264074326,0.05355415865778923,4.936177720082924e-05
radial,60,3.095020850499471,0.4320000112056732,0.02228415012359619,1201.43310546875,2.893670747403787e-16,0.14493967592716217,0.05867723003029823,0.05345453694462776,4.965433618053794e-05
radial,60,3.111440067489942,0.4320000112056732,0.022402368485927582,1199.65087890625,2.9137025472107593e-16,0.1451331526041031,0.05855178087949753,0.053353965282440186,4.994025221094489e-05
radial,60,3.127922924856345,0.4320000112056732,0.022521045058965683,1197.85205078125,2.9332814490887465e-16,0.14532844722270966,0.0584251694381237,0.0532524436712265,5.021930701332167e-05
radial,60,3.14446942259868,0.4320000112056732,0.022640179842710495,1196.036376953125,2.9523942181479477e-16,0.14552558958530426,0.05829736590385437,0.05314997583627701,5.049130413681269e-05
radial,60,3.161080078118377,0.4320000112056732,0.022759776562452316,1194.2042236328125,2.97102709010297e-16,0.1457245647907257,0.05816839262843132,0.05304655060172081,5.075603985460475e-05
radial,60,3.1777543740140066,0.4320000112056732,0.02287983149290085,1192.355224609375,2.989165241877237e-16,0.1459253430366516,0.058038245886564255,0.0529421791434288,5.101330316392705e-05
radial,60,3.194493345088429,0.4320000112056732,0.023000352084636688,1190.489501953125,3.006795173883151e-16,0.14612796902656555,0.057906925678253174,0.052836865186691284,5.126288306200877e-05
radial,60,3.2112972500423593,0.4320000112056732,0.023121340200304985,1188.6072998046875,3.023903386533116e-16,0.14633241295814514,0.057774439454078674,0.05273059755563736,5.150458309799433e-05
radial,60,3.228165830175082,0.4320000112056732,0.02324279397726059,1186.70849609375,3.0404761155417384e-16,0.14653867483139038,0.05764077976346016,0.05262339487671852,5.173818863113411e-05
radial,60,3.245099602888028,0.4320000112056732,0.0233647171407938,1184.79296875,3.0565006554148096e-16,0.14674675464630127,0.057505957782268524,0.052515242248773575,5.196351412450895e-05
radial,60,3.262098568181197,0.4320000112056732,0.023487109690904617,1182.861083984375,3.071962447773549e-16,0.146956667304039,0.05736996978521347,0.052406150847673416,5.2180348575348035e-05
radial,60,3.2791632434560194,0.4320000112056732,0.02360997535288334,1180.91259765625,3.086849581217135e-16,0.1471683830022812,0.057232815772295,0.05229611322283745,5.2388499170774594e-05
radial,60,3.2962941461139255,0.4320000112056732,0.023733317852020264,1178.947509765625,3.101147762064584e-16,0.14738190174102783,0.05709449574351311,0.052185140550136566,5.258777673589066e-05
radial,60,3.3134910174542003,0.4320000112056732,0.023857135325670242,1176.966064453125,3.114844549519482e-16,0.14759725332260132,0.05695502460002899,0.05207322537899017,5.2777977543883026e-05
radial,60,3.330754374878274,0.4320000112056732,0.023981431499123573,1174.9681396484375,3.1279275027854166e-16,0.14781440794467926,0.05681438744068146,0.05196037515997887,5.295891605783254e-05
radial,60,3.348084477086862,0.4320000112056732,0.024106208235025406,1172.953857421875,3.140383386972587e-16,0.14803335070610046,0.0566725991666317,0.051846593618392944,5.313040310284123e-05
radial,60,3.3654810653792486,0.4320000112056732,0.02423146367073059,1170.9232177734375,3.1522000259823766e-16,0.14825409650802612,0.05652966350317001,0.05173187702894211,5.329225314198993e-05
radial,60,3.3829454332590103,0.4320000112056732,0.024357207119464874,1168.876220703125,3.1633649790183723e-16,0.14847663044929504,0.056385576725006104,0.051616229116916656,5.344428063835949e-05
radial,60,3.4004770633247166,0.4320000112056732,0.024483434855937958,1166.8128662109375,3.1738660699819575e-16,0.14870096743106842,0.05624034255743027,0.051499657332897186,5.358630005503073e-05
radial,60,3.418076214277082,0.4320000112056732,0.02461014874279499,1164.7332763671875,3.1836913874723114e-16,0.14892709255218506,0.056093957275152206,0.0513821542263031,5.371814040699974e-05
radial,60,3.435743662218253,0.4320000112056732,0.02473735436797142,1162.6375732421875,3.192828755390817e-16,0.14915497601032257,0.055946435779333115,0.051263727247714996,5.3839619795326144e-05
radial,60,3.4534791484475136,0.4320000112056732,0.024865049868822098,1160.525634765625,3.201267321127838e-16,0.14938466250896454,0.055797774344682693,0.051144376397132874,5.395056723500602e-05
radial,60,3.471283190366295,0.4320000112056732,0.02499323897063732,1158.3975830078125,3.2089954379803495e-16,0.14961613714694977,0.05564797669649124,0.05102410539984703,5.405081174103543e-05
radial,60,3.489156046675311,0.4320000112056732,0.02512192353606224,1156.2532958984375,3.2160014592453267e-16,0.14984935522079468,0.05549704283475876,0.05090291425585747,5.414018232841045e-05
radial,60,3.5070979760752783,0.4320000112056732,0.025251105427742004,1154.093017578125,3.222274797010929e-16,0.15008436143398285,0.05534498393535614,0.05078081414103508,5.421852256404236e-05
radial,60,3.5251089785661964,0.4320000112056732,0.025380784645676613,1151.916748046875,3.2278038045741313e-16,0.1503211259841919,0.05519179627299309,0.050657790154218674,5.428566146292724e-05
radial,60,3.5431898302502103,0.4320000112056732,0.025510966777801514,1149.724609375,3.2325789528142774e-16,0.15055964887142181,0.0550374798476696,0.05053386092185974,5.4341442591976374e-05
radial,60,3.5613402724266052,0.4320000112056732,0.025641649961471558,1147.516357421875,3.2365891244239345e-16,0.1507999151945114,0.05488204210996628,0.050409018993377686,5.438571679405868e-05
radial,60,3.579561081197527,0.4320000112056732,0.025772839784622192,1145.292236328125,3.239824790282446e-16,0.15104196965694427,0.05472549423575401,0.0502832755446434,5.4418320360127836e-05
radial,60,3.5978517391615443,0.4320000112056732,0.02590453252196312,1143.0523681640625,3.242275362477971e-16,0.15128570795059204,0.05456782132387161,0.050156623125076294,5.443911504698917e-05
radial,60,3.616213798522949,0.4320000112056732,0.026036739349365234,1140.796630859375,3.243931311889853e-16,0.15153123438358307,0.054409049451351166,0.050029076635837555,5.444794805953279e-05
radial,60,3.634646224478881,0.4320000112056732,0.02616945281624794,1138.525146484375,3.244783109397436e-16,0.1517784595489502,0.05424915999174118,0.04990062490105629,5.4444677516585216e-05
radial,60,3.653150051832199,0.4320000112056732,0.026302680373191833,1136.238037109375,3.244821490577858e-16,0.1520274430513382,0.05408817157149315,0.049771279096603394,5.44291760888882e-05
radial,60,3.67172553928362,0.4320000112056732,0.026436423882842064,1133.935302734375,3.244037455706056e-16,0.15227815508842468,0.05392608046531677,0.04964103922247887,5.440128734335303e-05
radial,60,3.6903726868331432,0.4320000112056732,0.02657068334519863,1131.6168212890625,3.2424225344525564e-16,0.15253058075904846,0.05376288667321205,0.04950990527868271,5.43608985026367e-05
radial,60,3.709091753181484,0.4320000112056732,0.026705460622906685,1129.28271484375,3.239967727092295e-16,0.15278469026088715,0.05359860137104988,0.049377888441085815,5.430787132354453e-05
radial,60,3.727883255730073,0.4320000112056732,0.026840759441256523,1126.933349609375,3.2366642985980033e-16,0.1530405580997467,0.05343322455883026,0.04924497753381729,5.4242082114797086e-05
radial,60,3.7467471944789095,0.4320000112056732,0.026976579800248146,1124.568359375,3.2325051021291887e-16,0.15329809486865997,0.05326675623655319,0.04911118745803833,5.4163414461072534e-05
radial,60,3.765684086829424,0.4320000112056732,0.027112925425171852,1122.1878662109375,3.2274816673563786e-16,0.15355734527111053,0.05309920758008957,0.04897651821374893,5.407174467109144e-05
radial,60,3.7846936740809016,0.4320000112056732,0.027249794453382492,1119.7921142578125,3.2215865827412847e-16,0.1538183093070984,0.052930571138858795,0.0488409698009491,5.396695632953197e-05
radial,60,3.8037772497369184,0.4320000112056732,0.027387196198105812,1117.3809814453125,3.2148124367456185e-16,0.15408095717430115,0.052760861814022064,0.04870453476905823,5.384894757298753e-05
radial,60,3.8229342963960438,0.4320000112056732,0.027525126934051514,1114.95458984375,3.2071518178310914e-16,0.15434527397155762,0.05259007215499878,0.048567239195108414,5.3717605624115095e-05
radial,60,3.842165590160423,0.4320000112056732,0.027663592249155045,1112.512939453125,3.198598373250599e-16,0.15461130440235138,0.05241820961236954,0.04842906817793846,5.3572824981529266e-05
radial,60,3.8614711310300565,0.4320000112056732,0.027802592143416405,1110.0560302734375,3.189145485559241e-16,0.15487897396087646,0.052245285362005234,0.04829002916812897,5.341451469575986e-05
radial,60,3.880851177705659,0.4320000112056732,0.027942128479480743,1107.583984375,3.178786802009913e-16,0.15514832735061646,0.05207128822803497,0.04815012589097023,5.324256926542148e-05
radial,60,3.900305988887946,0.4320000112056732,0.02808220311999321,1105.0968017578125,3.1675154404599184e-16,0.15541936457157135,0.05189623311161995,0.04800935834646225,5.305690137902275e-05
radial,60,3.9198358232776327,0.4320000112056732,0.028222817927598953,1102.5946044921875,3.155325842255541e-16,0.15569204092025757,0.05172012001276016,0.04786772280931473,5.285741644911468e-05
radial,60,3.9394414569768643,0.4320000112056732,0.02836397849023342,1100.0771484375,3.1422127134408603e-16,0.1559664011001587,0.05154293775558472,0.04772523045539856,5.264403444016352e-05
radial,60,3.959122631284926,0.4320000112056732,0.028505682945251465,1097.544921875,3.128169965966568e-16,0.15624240040779114,0.0513647086918354,0.047581885010004044,5.24166644026991e-05
radial,60,3.9788796049025326,0.4320000112056732,0.028647933155298233,1094.99755859375,3.113193099970132e-16,0.1565200686454773,0.051185425370931625,0.04743767902255058,5.217523721512407e-05
radial,60,3.99871315393183,0.4320000112056732,0.028790734708309174,1092.4354248046875,3.0972765567978356e-16,0.15679937601089478,0.05100509524345398,0.04729262366890907,5.191967647988349e-05
radial,60,4.018623278372818,0.4320000112056732,0.028934087604284286,1089.8582763671875,3.080416365982739e-16,0.15708032250404358,0.050823718309402466,0.047146715223789215,5.1649902161443606e-05
radial,60,4.038609978225496,0.4320000112056732,0.029077991843223572,1087.266357421875,3.062606968871125e-16,0.1573629081249237,0.05064129829406738,0.046999961137771606,5.13658560521435e-05
radial,60,4.058674288292726,0.4320000112056732,0.029222454875707626,1084.6595458984375,3.0438449243916463e-16,0.15764713287353516,0.05045783519744873,0.04685235768556595,5.106746539240703e-05
radial,60,4.078816208574507,0.4320000112056732,0.02936747670173645,1082.0379638671875,3.024125997379566e-16,0.15793299674987793,0.05027333274483681,0.04670390486717224,5.075466833659448e-05
radial,60,4.09903573907084,0.4320000112056732,0.029513057321310043,1079.401611328125,3.0034462173679445e-16,0.15822048485279083,0.05008779093623161,0.04655461385846138,5.042741395300254e-05
radial,60,4.119333397183153,0.4320000112056732,0.029659200459718704,1076.75048828125,2.981802143285433e-16,0.15850959718227386,0.049901217222213745,0.04640447720885277,5.008563312003389e-05
radial,60,4.1397094416121645,0.4320000112056732,0.029805907979607582,1074.084716796875,2.9591898046650914e-16,0.15880033373832703,0.0497136116027832,0.0462535060942173,4.972929309587926e-05
radial,60,4.160164131058587,0.4320000112056732,0.029953181743621826,1071.404296875,2.9356068192267556e-16,0.15909269452095032,0.04952496662735939,0.046101685613393784,4.935832475894131e-05
radial,60,4.180697982923852,0.4320000112056732,0.030101025477051735,1068.7091064453125,2.9110497458990773e-16,0.15938667953014374,0.0493353009223938,0.04594903439283371,4.897269536741078e-05
radial,60,4.201310738507244,0.4320000112056732,0.03024943731725216,1065.999267578125,2.8855162024018924e-16,0.1596822738647461,0.049144595861434937,0.04579554498195648,4.857235398958437e-05
radial,60,4.22200369131234,0.4320000112056732,0.030398426577448845,1063.274658203125,2.8590030123616487e-16,0.15997947752475739,0.048952870070934296,0.0456412173807621,4.8157264245674014e-05
radial,60,4.242776065236993,0.4320000112056732,0.030547987669706345,1060.5355224609375,2.83150858759157e-16,0.1602783054113388,0.04876011610031128,0.04548605531454086,4.772738611791283e-05
radial,60,4.263629153784779,0.4320000112056732,0.030698129907250404,1057.7818603515625,2.8030300164159005e-16,0.16057874262332916,0.04856633394956589,0.04533005878329277,4.7282683226512745e-05
radial,60,4.284562439554268,0.4320000112056732,0.030848849564790726,1055.013671875,2.7735657106478637e-16,0.16088080406188965,0.04837153106927872,0.04517322778701782,4.682313738157973e-05
radial,60,4.30557695734832,0.4320000112056732,0.031000154092907906,1052.230712890625,2.7431140821006835e-16,0.16118444502353668,0.04817570745944977,0.04501556232571602,4.634870128938928e-05
radial,60,4.326672189765507,0.4320000112056732,0.031152039766311646,1049.43310546875,2.711673277889788e-16,0.16148972511291504,0.04797884821891785,0.04485706239938736,4.5859356760047376e-05
radial,60,4.3478494303094015,0.4320000112056732,0.03130451589822769,1046.62109375,2.679241709828401e-16,0.16179659962654114,0.047780971974134445,0.044697731733322144,4.535508924163878e-05
radial,60,4.369107902877861,0.4320000112056732,0.031457576900720596,1043.7943115234375,2.645818319125338e-16,0.16210509836673737,0.047582074999809265,0.04453756660223007,4.483586235437542e-05
radial,60,4.390448642273744,0.4320000112056732,0.031611230224370956,1040.9530029296875,2.611402841082804e-16,0.16241520643234253,0.04738214612007141,0.04437657445669174,4.430166518432088e-05
radial,60,4.411872165898482,0.4320000112056732,0.03176547959446907,1038.09716796875,2.57599315811843e-16,0.16272689402103424,0.047181203961372375,0.04421474039554596,4.3752490455517545e-05
radial,60,4.433377956350644,0.4320000112056732,0.03192032128572464,1035.2266845703125,2.5395895349300123e-16,0.16304022073745728,0.046979233622550964,0.04405207559466362,4.3188309064134955e-05
radial,60,4.454967048433092,0.4320000112056732,0.03207576274871826,1032.341552734375,2.5021903833307747e-16,0.16335515677928925,0.04677622765302658,0.043888576328754425,4.260911009623669e-05
radial,60,4.476639442145824,0.4320000112056732,0.032231803983449936,1029.4417724609375,2.4637959680185134e-16,0.16367170214653015,0.04657220095396042,0.043724238872528076,4.201488263788633e-05
radial,60,4.498395654890272,0.4320000112056732,0.03238844871520996,1026.5272216796875,2.424405230202044e-16,0.16398988664150238,0.046367138624191284,0.043559059500694275,4.140562305110507e-05
radial,60,4.520236204067866,0.4320000112056732,0.032545700669288635,1023.5980224609375,2.384018699276959e-16,0.16430968046188354,0.046161044389009476,0.04339304566383362,4.0781327697914094e-05
radial,60,4.542160572277175,0.4320000112056732,0.03270355612039566,1020.654052734375,2.3426363752432583e-16,0.16463111340999603,0.04595391824841499,0.04322618246078491,4.0141989302355796e-05
radial,60,4.56416979432106,0.4320000112056732,0.03286202251911163,1017.6953125,2.3002582581009416e-16,0.16495415568351746,0.04574575647711754,0.043058477342128754,3.9487607864430174e-05
radial,60,4.586264387600952,0.4320000112056732,0.03302110359072685,1014.7218017578125,2.256884877245601e-16,0.1652788519859314,0.045536547899246216,0.04288993030786514,3.881818338413723e-05
radial,60,4.60844383471542,0.4320000112056732,0.03318079560995102,1011.7332763671875,2.2125167620728288e-16,0.16560517251491547,0.04532629996538162,0.042720526456832886,3.8133719499455765e-05
radial,60,4.630709170467324,0.4320000112056732,0.03334110602736473,1008.7298583984375,2.1671541772804207e-16,0.16593314707279205,0.04511500522494316,0.042550280690193176,3.743421984836459e-05
radial,60,4.653060394856665,0.4320000112056732,0.03350203484296799,1005.71142578125,2.120797916961765e-16,0.16626277565956116,0.04490265995264053,0.042379170656204224,3.671968443086371e-05
radial,60,4.675498025284873,0.4320000112056732,0.033663585782051086,1002.677978515625,2.0734490399080456e-16,0.16659407317638397,0.044689252972602844,0.042207203805446625,3.599013507482596e-05
radial,60,4.6980225791533785,0.4320000112056732,0.03382576256990433,999.62939453125,2.0251083402126507e-16,0.1669270247220993,0.04447478801012039,0.04203437268733978,3.524556086631492e-05
radial,60,4.720634056462182,0.4320000112056732,0.03398856520652771,996.565673828125,1.9757771413645602e-16,0.16726167500019073,0.04425925388932228,0.0418606773018837,3.4485990909161046e-05
radial,60,4.743332457211283,0.4320000112056732,0.034151993691921234,993.486572265625,1.9254565021549583e-16,0.16759797930717468,0.04404265061020851,0.041686102747917175,3.371142884134315e-05
radial,60,4.766118816203542,0.4320000112056732,0.0343160554766655,990.39208984375,1.874148010770621e-16,0.16793599724769592,0.04382496699690819,0.04151065647602081,3.292188557679765e-05
radial,60,4.788993133438958,0.4320000112056732,0.0344807505607605,987.2821655273438,1.8218528583516307e-16,0.16827572882175446,0.043606191873550415,0.04133431985974312,3.211737930541858e-05
radial,60,4.811955926318963,0.4320000112056732,0.034646082669496536,984.1565551757812,1.768572765433661e-16,0.16861717402935028,0.043386321514844894,0.04115709662437439,3.1297931855078787e-05
radial,60,4.835007194843557,0.4320000112056732,0.03481205180287361,981.0153198242188,1.7143097172501824e-16,0.1689603626728058,0.04316535219550133,0.04097897559404373,3.046355050173588e-05
radial,60,4.8581479738156,0.4320000112056732,0.03497866541147232,977.858154296875,1.659065169639073e-16,0.16930529475212097,0.04294326528906822,0.04079994931817055,2.961426434922032e-05
radial,60,4.881377745833662,0.4320000112056732,0.035145919770002365,974.68505859375,1.6028415048804966e-16,0.16965197026729584,0.04272005707025528,0.04062000662088394,2.875009158742614e-05
radial,60,4.904697028299172,0.4320000112056732,0.035313818603754044,971.4957885742188,1.5456408405568217e-16,0.17000046372413635,0.042495716363191605,0.04043915122747421,2.7871054044226184e-05
radial,60,4.928106856014994,0.4320000112056732,0.03548236936330795,968.290283203125,1.4874652942504162e-16,0.17035073041915894,0.042270224541425705,0.04025735333561897,2.697717172850389e-05
radial,60,4.951606711579694,0.4320000112056732,0.035651568323373795,965.0682373046875,1.4283171158925464e-16,0.17070281505584717,0.04204357787966728,0.04007462412118912,2.6068473744089715e-05
radial,60,4.975197629796134,0.4320000112056732,0.035821422934532166,961.8295288085938,1.3681992171589685e-16,0.17105673253536224,0.04181576147675514,0.03989093750715256,2.5144989194814116e-05
radial,60,4.998879610664315,0.4320000112056732,0.035991933196783066,958.573974609375,1.3071143773765406e-16,0.17141252756118774,0.04158675670623779,0.039706289768218994,2.4206749003496952e-05
radial,60,5.022653171585666,0.4320000112056732,0.036163102835416794,955.3013916015625,1.2450655082210188e-16,0.17177020013332367,0.04135655239224434,0.039520666003227234,2.3253780454979278e-05
radial,60,5.046518312560187,0.4320000112056732,0.03633493185043335,952.0115966796875,1.1820559184148535e-16,0.1721297651529312,0.04112512990832329,0.03933405131101608,2.2286119929049164e-05
radial,60,5.07047606839074,0.4320000112056732,0.03650742769241333,948.7041625976562,1.1180889166804948e-16,0.17249128222465515,0.04089247062802315,0.039146438241004944,2.130380380549468e-05
radial,60,5.094525921675894,0.4320000112056732,0.03668058663606644,945.37890625,1.05316801026374e-16,0.17285476624965668,0.040658559650182724,0.038957808166742325,2.0306866645114496e-05
radial,60,5.11866890721851,0.4320000112056732,0.03685441613197327,942.0355834960938,9.872972358059782e-17,0.17322024703025818,0.04042336717247963,0.038768135011196136,1.9295357560622506e-05
radial,60,5.142905025018586,0.4320000112056732,0.03702891618013382,938.673828125,9.204806299485988e-17,0.17358775436878204,0.04018688574433327,0.03857741504907608,1.8269311112817377e-05
radial,60,5.167234792477555,0.4320000112056732,0.037204090505838394,935.29345703125,8.527227587285831e-17,0.17395733296871185,0.039949074387550354,0.03838562220335007,1.722877823340241e-05
radial,60,5.191658726996846,0.4320000112056732,0.03737994283437729,931.89404296875,7.840282543573613e-17,0.17432901263237,0.03970992565155029,0.0381927415728569,1.6173811673070304e-05
radial,60,5.216176828576459,0.4320000112056732,0.037556473165750504,928.4751586914062,7.144024769653029e-17,0.17470285296440125,0.0394693985581398,0.0379987470805645,1.5104464182513766e-05
radial,60,5.2407896146178246,0.4320000112056732,0.03773368522524834,925.0364379882812,6.43850786682777e-17,0.175078883767128,0.039227474480867386,0.037803612649440765,1.4020799426361918e-05
radial,60,5.265497085120943,0.4320000112056732,0.03791157901287079,921.5775146484375,5.723792715590922e-17,0.1754571497440338,0.038984112441539764,0.03760731592774391,1.2922873793286271e-05
radial,60,5.290300792290105,0.4320000112056732,0.038090165704488754,918.097900390625,4.9999507843474095e-17,0.1758377104997635,0.03873928636312485,0.03740983456373215,1.1810773685283493e-05
radial,60,5.31519970132245,0.4320000112056732,0.03826943784952164,914.5971069335938,4.2670773643037975e-17,0.1762206107378006,0.03849296271800995,0.03721114620566368,1.06846100607072e-05
radial,60,5.340194329619408,0.4320000112056732,0.038449399173259735,911.0746459960938,3.5252207628078597e-17,0.1766059249639511,0.03824509680271149,0.03701120242476463,9.544422027829569e-06
radial,60,5.3652867467867,0.4320000112056732,0.03863006457686424,907.5286865234375,2.7742066101864697e-17,0.17699384689331055,0.037995561957359314,0.036809906363487244,8.389903996430803e-06
radial,60,5.390475918021467,0.4320000112056732,0.03881142660975456,903.9577026367188,2.0139454054973495e-17,0.17738455533981323,0.03774425387382507,0.036607176065444946,7.220873158075847e-06
radial,60,5.415761843323708,0.4320000112056732,0.038993485271930695,900.3694458007812,1.2463217970481399e-17,0.17777717113494873,0.037491705268621445,0.03640344366431236,6.040185326128267e-06
radial,60,5.441145557496283,0.4320000112056732,0.039176248013973236,896.7008056640625,7.411802986271145e-18,0.1781655251979828,0.03724144399166107,0.036201778799295425,5.248061825113837e-06
radial,60,5.466627060539193,0.4320000112056732,0.03935971483588219,892.9331665039062,6.180490877746147e-18,0.17854607105255127,0.036995530128479004,0.03600393980741501,5.0216617637488525e-06
radial,60,5.492207387255298,0.4320000112056732,0.039543893188238144,889.147705078125,6.1104522545103636e-18,0.17892315983772278,0.03675165772438049,0.03580784425139427,4.966761480318382e-06
radial,60,5.517886020243168,0.4320000112056732,0.03972877934575081,885.367919921875,6.0394797443630076e-18,0.17929969727993011,0.03650813549757004,0.03561202809214592,4.911112228001002e-06
radial,60,5.543663994305664,0.4320000112056732,0.03991438075900078,881.5892333984375,5.9675348834055954e-18,0.17967617511749268,0.036264657974243164,0.03541624918580055,4.854682629229501e-06
radial,60,5.569541826844215,0.4320000112056732,0.04010070115327835,877.81298828125,5.894687154809582e-18,0.18005242943763733,0.03602131828665733,0.03522058576345444,4.797527708433336e-06
radial,60,5.595519517858824,0.4320000112056732,0.04028774052858353,874.0401000976562,5.8209998378918266e-18,0.1804283708333969,0.03577818349003792,0.03502507880330086,4.739697033073753e-06
radial,60,5.621598102152348,0.4320000112056732,0.0404755063354969,870.2705078125,5.74651511886357e-18,0.1808040291070938,0.035535238683223724,0.03482972830533981,4.68122470920207e-06
radial,60,5.6477770623233585,0.4320000112056732,0.04066399484872818,866.5040283203125,5.671274356755441e-18,0.18117940425872803,0.035292480140924454,0.03463452681899071,4.6221439333749e-06
radial,60,5.674056915773286,0.4320000112056732,0.04085320979356766,862.7402954101562,5.5953193241883715e-18,0.18155451118946075,0.03504989668726921,0.03443947061896324,4.562486083159456e-06
radial,60,5.700438179903561,0.4320000112056732,0.041043154895305634,858.9796142578125,5.518688898651153e-18,0.1819293349981308,0.034807492047548294,0.03424455225467682,4.50228344561765e-06
radial,60,5.726921889517042,0.4320000112056732,0.041233837604522705,855.2216796875,5.441424025584106e-18,0.18230389058589935,0.03456525132060051,0.03404977172613144,4.441566943569342e-06
radial,60,5.753507527212302,0.4320000112056732,0.041425254195928574,851.4664306640625,5.363561100934183e-18,0.18267822265625,0.034323181957006454,0.033855121582746506,4.3803665903396904e-06
radial,60,5.7801961277922,0.4320000112056732,0.041617412120103836,847.7136840820312,5.285137347828949e-18,0.18305227160453796,0.034081269055604935,0.03366060182452202,4.3187123992538545e-06
radial,60,5.806987173855305,0.4320000112056732,0.041810307651758194,843.9635009765625,5.2061899893959695e-18,0.1834261119365692,0.03383950889110565,0.03346620127558708,4.256631655152887e-06
radial,60,5.833882217605909,0.4320000112056732,0.04200395196676254,840.2156372070312,5.126752112859746e-18,0.18379971385002136,0.03359789773821831,0.033271923661231995,4.194153007119894e-06
radial,60,5.860881259044012,0.4320000112056732,0.04219834506511688,836.469970703125,5.046858459806005e-18,0.1841731071472168,0.033356428146362305,0.03307776153087616,4.131301921006525e-06
radial,60,5.887983780768183,0.4320000112056732,0.042393483221530914,832.7263793945312,4.966540463098025e-18,0.18454627692699432,0.033115096390247345,0.03288370743393898,4.068105226906482e-06
radial,60,5.915191852384144,0.4320000112056732,0.04258938133716583,828.9848022460938,4.885831623550614e-18,0.18491923809051514,0.03287389129400253,0.03268975764513016,4.0045874811767135e-06
radial,60,5.942504439089033,0.4320000112056732,0.04278603196144104,825.2451782226562,4.80476089248521e-18,0.18529203534126282,0.03263280540704727,0.032495904713869095,3.940773694921518e-06
radial,60,5.969923093087144,0.4320000112056732,0.04298344627022743,821.5072021484375,4.723358875584479e-18,0.18566465377807617,0.03239184245467186,0.032302144914865494,3.876686605508439e-06
radial,60,5.997446779575613,0.4320000112056732,0.04318161681294441,817.7709350585938,4.641654110579554e-18,0.1860370934009552,0.0321509875357151,0.03210847079753876,3.812349859799724e-06
radial,60,6.025078085561594,0.4320000112056732,0.04338056221604347,814.0360717773438,4.559674308020955e-18,0.1864093840122223,0.03191022947430611,0.031914882361888885,3.7477850582945393e-06
radial,60,6.0528154588407945,0.4320000112056732,0.04358027130365372,810.3026123046875,4.477446764868896e-18,0.18678152561187744,0.03166956827044487,0.031721364706754684,3.6830135741183767e-06
radial,60,6.080659934216076,0.4320000112056732,0.04378075152635574,806.5703735351562,4.394997950902979e-18,0.18715351819992065,0.031428996473550797,0.03152792528271675,3.618056325649377e-06
radial,60,6.108612029088868,0.4320000112056732,0.04398200660943985,802.8392944335938,4.312354335902806e-18,0.18752539157867432,0.031188514083623886,0.03133455663919449,3.5529351407603826e-06
radial,60,6.136671743459172,0.4320000112056732,0.044184036552906036,799.1091918945312,4.229536599383691e-18,0.18789714574813843,0.0309480968862772,0.031141236424446106,3.4876657082349993e-06
radial,60,6.1648401121298475,0.4320000112056732,0.0443868488073349,795.3787231445312,4.146543086984408e-18,0.18826892971992493,0.030707668513059616,0.030947908759117126,3.42224689120485e-06
radial,60,6.193117135100895,0.4320000112056732,0.04459044337272644,791.64599609375,4.0633543599605625e-18,0.18864090740680695,0.030467113479971886,0.03075447864830494,3.3566639103810303e-06
radial,60,6.221503847175175,0.4320000112056732,0.044794827699661255,787.9193115234375,3.980183417319887e-18,0.18901227414608002,0.03022695891559124,0.03056137077510357,3.2910843401623424e-06
radial,60,6.250000248352687,0.4320000112056732,0.04500000178813934,784.197509765625,3.8970215736659495e-18,0.1893831491470337,0.02998712845146656,0.03036852553486824,3.2255024962069e-06
radial,60,6.266703001326985,0.4320000112056732,0.04512026160955429,782.016357421875,3.848258449375336e-18,0.18960045278072357,0.029846586287021637,0.03025551699101925,3.1870429211267037e-06
radial,60,6.284950197570854,0.4320000112056732,0.04525164142251015,779.6370849609375,3.795064532133582e-18,0.1898375153541565,0.02969328686594963,0.030132248997688293,3.1450854294234887e-06
radial,60,6.304884639879068,0.4320000112056732,0.04539516940712929,777.0490112304688,3.737192494937535e-18,0.19009535014629364,0.029526542872190475,0.02999817207455635,3.099434024989023e-06
radial,60,6.32666258348359,0.4320000112056732,0.04555197060108185,774.2305297851562,3.674165881754363e-18,0.1903761327266693,0.029344966635107994,0.029852166771888733,3.0497112675220706e-06
radial,60,6.350453736053573,0.4320000112056732,0.045723266899585724,771.1605224609375,3.605512786044606e-18,0.19068194925785065,0.0291471928358078,0.029693137854337692,2.9955435820738785e-06
radial,60,6.376444879505369,0.4320000112056732,0.04591040313243866,767.8173217773438,3.5307604740881885e-18,0.19101496040821075,0.028931841254234314,0.029519975185394287,2.9365564842009917e-06
radial,60,6.404838835199675,0.4320000112056732,0.04611483961343765,764.1778564453125,3.4494031249405355e-18,0.1913774460554123,0.028697419911623,0.029331479221582413,2.8723491141136037e-06
radial,60,6.435858603152964,0.4320000112056732,0.04633818194270134,760.216796875,3.3609007964568025e-18,0.19177193939685822,0.02844231203198433,0.029126349836587906,2.802492417686153e-06
radial,60,6.469745809833209,0.4320000112056732,0.0465821698307991,755.9071044921875,3.264679632087031e-18,0.19220110774040222,0.028164776042103767,0.028903182595968246,2.726530738073052e-06
radial,60,6.506766916977035,0.4320000112056732,0.04684872180223465,751.2195434570312,3.160134135622832e-18,0.19266784191131592,0.027862941846251488,0.028660479933023453,2.643983407324413e-06
radial,60,6.547210634582573,0.4320000112056732,0.04713991656899452,746.1227416992188,3.046628825558612e-18,0.19317525625228882,0.027534788474440575,0.028396615758538246,2.5543442916386994e-06
radial,60,6.591393094923761,0.4320000112056732,0.04745803028345108,740.5826416015625,2.923498855477031e-18,0.19372676312923431,0.02717815339565277,0.028109844774007797,2.4570840650994796e-06
radial,60,6.639662509163221,0.4320000112056732,0.04780557006597519,734.56298828125,2.790056011108445e-18,0.19432587921619415,0.026790698990225792,0.027798298746347427,2.3516543024015846e-06
radial,60,6.692393475936519,0.4320000112056732,0.048185233026742935,728.0244140625,2.645592019053356e-18,0.1949765384197235,0.02636992745101452,0.02745995670557022,2.237489070466836e-06
radial,60,6.75000095119079,0.4320000112056732,0.048600006848573685,720.9248657226562,2.489387025383689e-18,0.19568286836147308,0.025913149118423462,0.02709266170859337,2.1140122044016607e-06
radial,60,6.81293403936757,0.4320000112056732,0.0490531250834465,713.218994140625,2.3207160062925418e-18,0.19644935429096222,0.025417469441890717,0.02669409103691578,1.9806418549705995e-06
radial,60,6.881686341431406,0.4320000112056732,0.04954814165830612,704.8580932617188,2.1388601418276055e-18,0.19728077948093414,0.02487979084253311,0.026261746883392334,1.8367995835433248e-06
radial,60,6.956795437468423,0.4320000112056732,0.050088927149772644,695.78955078125,1.9431196371906604e-18,0.19818232953548431,0.024296768009662628,0.02579294517636299,1.6819191159811453e-06
radial,60,6.956795437468423,0.4320000112056732,0.050088927149772644,695.7896118164062,1.9431196371906604e-18,0.19818232953548431,0.024296768009662628,0.02579294517636299,1.6819191159811453e-06
radial,60,7.0388490955034895,0.4320000112056732,0.05067971348762512,685.9564208984375,1.7328263372419167e-18,0.19915956258773804,0.02366478554904461,0.025284774601459503,1.5154554375840235e-06
radial,60,7.12848992811309,0.4320000112056732,0.051325127482414246,675.296142578125,1.5073512745231045e-18,0.20021863281726837,0.022979887202382088,0.024734050035476685,1.336890477432462e-06
radial,60,7.226418496833907,0.4320000112056732,0.05203021317720413,663.7406005859375,1.2661464418784073e-18,0.20136621594429016,0.022237742319703102,0.02413729950785637,1.14576221221796e-06
radial,60,7.333401590585709,0.4320000112056732,0.0528004914522171,651.218994140625,1.0088821044361462e-18,0.20260921120643616,0.021433889865875244,0.02349092811346054,9.417714181836345e-07
radial,60,7.450277399685648,0.4320000112056732,0.053641997277736664,637.6527709960938,7.354465928136266e-19,0.20395530760288239,0.02056334726512432,0.02279093489050865,7.247758162520768e-07
radial,60,7.577958620256848,0.4320000112056732,0.054561302065849304,622.9129638671875,4.452826457719291e-19,0.2054171860218048,0.019617924466729164,0.022030729800462723,4.942429541188176e-07
radial,60,7.71744487186273,0.4320000112056732,0.05556560307741165,606.7083740234375,1.9225795793582323e-19,0.20700585842132568,0.018590426072478294,0.02120453305542469,2.899476214679453e-07
radial,60,7.869828906324175,0.4320000112056732,0.05666276812553406,588.8057861328125,8.060402025416451e-20,0.2087096869945526,0.017488256096839905,0.02031829208135605,1.8926309053313162e-07
radial,60,8.036302299135262,0.4320000112056732,0.05786137655377388,569.5950927734375,6.817798384542222e-20,0.21050380170345306,0.016327569261193275,0.019384998828172684,1.6143091841058776e-07
radial,60,8.21816786709759,0.4320000112056732,0.059170808643102646,549.545166015625,5.564694073532544e-20,0.21237479150295258,0.015117131173610687,0.018411703407764435,1.3331626291801513e-07
radial,60,8.416848464144602,0.4320000112056732,0.060601308941841125,528.6398315429688,4.322572523859068e-20,0.21432361006736755,0.013856353238224983,0.017397930845618248,1.054003604394893e-07
radial,60,8.633900433778763,0.4320000112056732,0.06216408312320709,506.7794189453125,3.1075359693678754e-20,0.21635887026786804,0.012539627961814404,0.016339166089892387,7.804422352819529e-08
radial,60,8.871020335290167,0.4320000112056732,0.0638713464140892,483.8006286621094,1.9316240884981608e-20,0.21849529445171356,0.011157478205859661,0.015227792784571648,5.151204263142972e-08
radial,60,9.130064605010881,0.4320000112056732,0.06573646515607834,459.41461181640625,8.832292076368844e-21,0.2207532823085785,0.009696650318801403,0.014053151942789555,2.7576911421078876e-08
radial,60,9.413060421744982,0.4320000112056732,0.06777403503656387,433.5625,3.279274133780691e-21,0.22310936450958252,0.00817236490547657,0.012827477417886257,1.3638807416782583e-08
radial,60,9.722222263614336,0.4320000112056732,0.07000000029802322,407.13916015625,1.9534096347638494e-21,0.22548402845859528,0.00663600442931056,0.011592083610594273,8.445002031010063e-09
radial,60,9.903418314125803,0.4320000112056732,0.07130461186170578,392.57037353515625,1.310992211655793e-21,0.2267911434173584,0.005790344439446926,0.010912084951996803,5.9225766513293365e-09
radial,60,10.091573413875368,0.4320000112056732,0.07265932857990265,377.8681335449219,7.484910683031841e-22,0.22810806334018707,0.004938329569995403,0.010226975195109844,3.6976584016912284e-09
radial,60,10.286953507198229,0.4320000112056732,0.07406606525182724,363.3899230957031,4.0541588976289853e-22,0.22939936816692352,0.004102885723114014,0.009555188938975334,2.238193408388156e-09
radial,60,10.489836956063906,0.4320000112056732,0.07552682608366013,349.3119812011719,2.544889766485482e-22,0.23064982891082764,0.0032938430085778236,0.008904632180929184,1.4565816330858183e-09
radial,60,10.700512470470535,0.4320000112056732,0.07704368978738785,335.3912353515625,1.3868184811204974e-22,0.23188133537769318,0.00249707349576056,0.00826394371688366,8.389984818002461e-10
radial,60,10.919277038839128,0.4320000112056732,0.07861879467964172,321.36279296875,6.986978902865952e-23,0.23310881853103638,0.001702916924841702,0.007625355385243893,4.4574177682221716e-10
radial,60,11.146443171633615,0.4320000112056732,0.08025439083576202,307.9770812988281,3.34692635276324e-23,0.2342706322669983,0.0009512546239420772,0.007020937278866768,2.135207566311692e-10
radial,60,11.382334762149387,0.4320000112056732,0.08195281028747559,297.6220397949219,1.010137651312954e-23,0.23516812920570374,0.00037060159957036376,0.0065540289506316185,6.444281219764036e-11
radial,60,11.627285016907587,0.4320000112056732,0.08371645212173462,292.5333251953125,1.5413568018255323e-24,0.23560848832130432,8.569981582695618e-05,0.006324936635792255,9.833251400637177e-12
radial,60,11.881640594866541,0.4320000112056732,0.08554781228303909,291.3487854003906,3.259589777148424e-25,0.23571081459522247,1.948998760781251e-05,0.006271696649491787,2.0794902258480796e-12
radial,60,12.145764711830351,0.4320000112056732,0.08744950592517853,291.1590881347656,1.6642751359248073e-25,0.2357271909713745,8.89287912286818e-06,0.006263175513595343,1.0617420571207292e-12
radial,60,12.420033001237446,0.4320000112056732,0.0894242376089096,291.0910339355469,1.0180969201155589e-25,0.23573307693004608,5.0880421440524515e-06,0.006260116118937731,6.495057855264441e-13
radial,60,12.70483351416058,0.4320000112056732,0.09147480130195618,291.048095703125,5.766136262179814e-26,0.23573678731918335,2.6902130230155308e-06,0.0062581878155469894,3.6785681380331614e-13
radial,60,13.000569823715422,0.4320000112056732,0.09360410273075104,291.0236511230469,3.0362045217207714e-26,0.23573890328407288,1.321296849710052e-06,0.006257086992263794,1.936979222849633e-13
radial,60,13.30766412946913,0.4320000112056732,0.09581518173217773,291.0108642578125,1.027997771588544e-26,0.23573999106884003,6.073898362046748e-07,0.006256513297557831,6.558221712004916e-14
radial,60,13.626553118228912,0.4320000112056732,0.09811118245124817,291.00469970703125,0.0,0.235740527510643,2.62292957131649e-07,0.006256235763430595,0.0
radial,60,13.957686929239168,0.4320000112056732,0.100495345890522,291.00189208984375,0.0,0.2357407808303833,1.052694784675623e-07,0.006256109103560448,0.0
radial,60,14.301538467407227,0.4320000112056732,0.10297107696533203,291.0007019042969,0.0,0.23574087023735046,3.942911419585471e-08,0.006256056018173695,0.0
radial,60,14.658595124880474,0.4320000112056732,0.1055418848991394,291.000244140625,0.0,0.23574092984199524,1.371348457013255e-08,0.00625603599473834,0.0
radial,60,15.02936292025778,0.4320000112056732,0.10821141302585602,291.00006103515625,0.0,0.23574094474315643,4.37983738166281e-09,0.0062560285441577435,0.0
radial,60,15.414368568195238,0.4320000112056732,0.1109834536910057,291.0000305175781,0.0,0.23574094474315643,1.242588920646881e-09,0.00625602575019002,0.0
radial,60,15.814160514209005,0.4320000112056732,0.11386195570230484,291.0,0.0,0.23574094474315643,2.605170523750644e-10,0.006256025284528732,0.0
radial,60,16.229305830266743,0.4320000112056732,0.11685100197792053,291.0,0.0,0.23574094474315643,1.5309609482927478e-11,0.006256024818867445,0.0
radial,60,16.66039435399903,0.4320000112056732,0.11995483934879303,291.0,0.0,0.23574094474315643,0.0,0.006256024818867445,0.0
radial,60,17.10803558429082,0.4320000112056732,0.12317785620689392,291.0,0.0,0.23574094474315643,0.0,0.006256024818867445,0.0
radial,60,17.572871098915737,0.4320000112056732,0.1265246719121933,291.0,0.0,0.23574094474315643,0.0,0.006256024818867445,0.0
radial,60,18.055554893281727,0.4320000112056732,0.12999999523162842,291.0,0.0,0.23574094474315643,0.0,0.006256024818867445,0.0
radial,60,18.337727006938724,0.4320000112056732,0.1320316344499588,291.0,0.0,0.23574094474315643,0.0,0.006256024818867445,0.0
radial,60,18.62480408615536,0.4320000112056732,0.1340985894203186,291.0,0.0,0.23574094474315643,0.0,0.006256024818867445,0.0
radial,60,18.91687098476622,0.4320000112056732,0.13620147109031677,291.0,0.0,0.23574094474315643,0.0,0.006256024818867445,0.0
radial,60,19.21401462621159,0.4320000112056732,0.13834090530872345,291.0,0.0,0.23574094474315643,0.0,0.006256024818867445,0.0
radial,60,19.51632607314322,0.4320000112056732,0.14051754772663116,291.0,0.0,0.23574094474315643,0.0,0.006256024818867445,0.0
radial,60,19.823892249001396,0.4320000112056732,0.14273202419281006,291.0,0.0,0.23574094474315643,0.0,0.006256024818867445,0.0
radial,60,20.13680421643787,0.4320000112056732,0.14498499035835266,291.0,0.0,0.23574094474315643,0.0,0.006256024818867445,0.0
radial,60,20.45515717731582,0.4320000112056732,0.1472771316766739,291.0,0.0,0.23574094474315643,0.0,0.006256024818867445,0.0
radial,60,20.779042194286983,0.4320000112056732,0.14960910379886627,291.0,0.0,0.23574094474315643,0.0,0.006256024818867445,0.0
radial,60,21.108558608425987,0.4320000112056732,0.15198162198066711,291.0,0.0,0.23574094474315643,0.0,0.006256024818867445,0.0
radial,60,21.44380576080746,0.4320000112056732,0.15439540147781372,291.0,0.0,0.23574094474315643,0.0,0.006256024818867445,0.0
radial,60,21.784880922900307,0.4320000112056732,0.1568511426448822,291.0,0.0,0.23574094474315643,0.0,0.006256024818867445,0.0
radial,60,22.131883435779148,0.4320000112056732,0.15934956073760986,291.0,0.0,0.23574094474315643,0.0,0.006256024818867445,0.0
radial,60,22.484918849335777,0.4320000112056732,0.1618914157152176,291.0,0.0,0.23574094474315643,0.0,0.006256024818867445,0.0
radial,60,22.84408857425054,0.4320000112056732,0.16447743773460388,291.0,0.0,0.23574094474315643,0.0,0.006256024818867445,0.0
radial,60,23.209508508443832,0.4320000112056732,0.1671084612607956,291.0,0.0,0.23574094474315643,0.0,0.006256024818867445,0.0
radial,60,23.581277992990284,0.4320000112056732,0.16978520154953003,291.0,0.0,0.23574094474315643,0.0,0.006256024818867445,0.0
radial,60,23.959510856204563,0.4320000112056732,0.17250847816467285,291.0,0.0,0.23574094474315643,0.0,0.006256024818867445,0.0
radial,60,24.344316787189907,0.4320000112056732,0.17527908086776733,291.0,0.0,0.23574094474315643,0.0,0.006256024818867445,0.0
radial,60,24.735811683866714,0.4320000112056732,0.17809784412384033,291.0,0.0,0.23574094474315643,0.0,0.006256024818867445,0.0
radial,60,25.13411765297254,0.4320000112056732,0.18096564710140228,291.0,0.0,0.23574094474315643,0.0,0.006256024818867445,0.0
radial,60,25.539342314004898,0.4320000112056732,0.18388326466083527,291.0,0.0,0.23574094474315643,0.0,0.006256024818867445,0.0
radial,60,25.951618121729958,0.4320000112056732,0.1868516504764557,291.0,0.0,0.23574094474315643,0.0,0.006256024818867445,0.0
radial,60,26.37105683485667,0.4320000112056732,0.18987160921096802,291.0,0.0,0.23574094474315643,0.0,0.006256024818867445,0.0
radial,60,26.797786768939762,0.4320000112056732,0.19294406473636627,291.0,0.0,0.23574094474315643,0.0,0.006256024818867445,0.0
radial,60,27.231936239533955,0.4320000112056732,0.19606994092464447,291.0,0.0,0.23574094474315643,0.0,0.006256024818867445,0.0
radial,60,27.673633562193977,0.4320000112056732,0.19925016164779663,291.0,0.0,0.23574094474315643,0.0,0.006256024818867445,0.0
radial,60,28.123009122080273,0.4320000112056732,0.20248566567897797,291.0,0.0,0.23574094474315643,0.0,0.006256024818867445,0.0
radial,60,28.58019537395901,0.4320000112056732,0.20577740669250488,291.0,0.0,0.23574094474315643,0.0,0.006256024818867445,0.0
radial,60,29.045330981413525,0.4320000112056732,0.20912638306617737,291.0,0.0,0.23574094474315643,0.0,0.006256024818867445,0.0
radial,60,29.51855253842142,0.4320000112056732,0.21253357827663422,291.0,0.0,0.23574094474315643,0.0,0.006256024818867445,0.0
radial,60,30.000000778171753,0.4320000112056732,0.2160000056028366,291.0,0.0,0.23574094474315643,0.0,0.006256024818867445,0.0
radial,75,0.0,0.5400000214576721,0.0,1096.232421875,2.0590429819778935e-21,0.15696793794631958,0.050954122096300125,0.04721919447183609,2.9373720735748066e-06
radial,75,0.013157894298072077,0.5400000214576721,9.473683894611895e-05,1096.231201171875,2.0590520696555216e-21,0.15696805715560913,0.05095404386520386,0.04721912741661072,2.9373757115536137e-06
radial,75,0.026315788596144155,0.5400000214576721,0.0001894736778922379,1096.2276611328125,2.0590803424303647e-21,0.15696844458580017,0.05095379427075386,0.0472189262509346,2.937386625490035e-06
radial,75,0.03947368289421623,0.5400000214576721,0.00028421051683835685,1096.2216796875,2.059126790560464e-21,0.1569690853357315,0.05095337703824043,0.047218598425388336,2.9374043606367195e-06
radial,75,0.05263157719228831,0.5400000214576721,0.0003789473557844758,1096.2135009765625,2.059192019890995e-21,0.15696997940540314,0.05095279961824417,0.04721813276410103,2.9374293717410183e-06
radial,75,0.06578947553255905,0.5400000214576721,0.0004736842238344252,1096.202880859375,2.0592760304219575e-21,0.15697112679481506,0.050952062010765076,0.047217536717653275,2.937461658802931e-06
radial,75,0.07894736578843246,0.5400000214576721,0.0005684210336767137,1096.1898193359375,2.059378418256568e-21,0.15697252750396729,0.05095115303993225,0.047216806560754776,2.937500994448783e-06
radial,75,0.09210526412870321,0.5400000214576721,0.0006631579017266631,1096.1744384765625,2.05949958729161e-21,0.1569741815328598,0.050950080156326294,0.04721594229340553,2.9375473786785733e-06
radial,75,0.10526315438457662,0.5400000214576721,0.0007578947115689516,1096.1566162109375,2.0596391336303e-21,0.15697608888149261,0.050948839634656906,0.04721495136618614,2.937601038865978e-06
radial,75,0.11842105272484736,0.5400000214576721,0.000852631579618901,1096.1365966796875,2.059797663117813e-21,0.1569782793521881,0.050947438925504684,0.04721381887793541,2.937661520263646e-06
radial,75,0.1315789510651181,0.5400000214576721,0.0009473684476688504,1096.114013671875,2.0599743679605826e-21,0.1569806933403015,0.050945866852998734,0.04721256345510483,2.937729277618928e-06
radial,75,0.14473684132099152,0.5400000214576721,0.001042105257511139,1096.089111328125,2.060169652055392e-21,0.1569833755493164,0.05094413086771965,0.047211162745952606,2.9378040835581487e-06
radial,75,0.15789473157686493,0.5400000214576721,0.0011368420673534274,1096.0618896484375,2.0603837173506326e-21,0.1569863110780716,0.05094223469495773,0.047209642827510834,2.9378859380813083e-06
radial,75,0.17105263800153303,0.5400000214576721,0.0012315789936110377,1096.0322265625,2.0606161599495214e-21,0.15698949992656708,0.05094016715884209,0.04720797762274742,2.9379743864410557e-06
radial,75,0.18421052825740641,0.5400000214576721,0.0013263158034533262,1096.000244140625,2.0608669798520583e-21,0.15699295699596405,0.05093793570995331,0.04720618575811386,2.9380701107584173e-06
radial,75,0.19736840234448513,0.5400000214576721,0.001421052496880293,1095.9658203125,2.061136379006635e-21,0.15699665248394012,0.050935544073581696,0.04720425605773926,2.938172656286042e-06
radial,75,0.21052630876915324,0.5400000214576721,0.0015157894231379032,1095.92919921875,2.0614241554648595e-21,0.15700063109397888,0.050932977348566055,0.04720219597220421,2.938282250397606e-06
radial,75,0.22368421519382134,0.5400000214576721,0.0016105263493955135,1095.8900146484375,2.0617301072783404e-21,0.15700483322143555,0.05093025043606758,0.04720000550150871,2.938398210972082e-06
radial,75,0.23684210544969472,0.5400000214576721,0.001705263159237802,1095.848388671875,2.062054840292253e-21,0.1570093184709549,0.05092735216021538,0.047197677195072174,2.938521447504172e-06
radial,75,0.24999999570556813,0.5400000214576721,0.0017999999690800905,1095.804443359375,2.062397344764638e-21,0.15701404213905334,0.050924286246299744,0.04719521850347519,2.93865127787285e-06
radial,75,0.2631579021302362,0.5400000214576721,0.0018947368953377008,1095.7581787109375,2.0627586304374548e-21,0.15701903402805328,0.050921060144901276,0.04719261825084686,2.9387879294517916e-06
radial,75,0.27631577621731496,0.5400000214576721,0.0019894735887646675,1095.70947265625,2.063137889517136e-21,0.1570242941379547,0.050917670130729675,0.04718989133834839,2.938931174867321e-06
radial,75,0.28947368264198303,0.5400000214576721,0.002084210515022278,1095.658447265625,2.063535122003682e-21,0.15702977776527405,0.05091410502791405,0.04718703031539917,2.9390807867457625e-06
radial,75,0.30263158906665116,0.5400000214576721,0.002178947441279888,1095.60498046875,2.063950731793876e-21,0.15703554451465607,0.05091037601232529,0.04718403145670891,2.9392372198344674e-06
radial,75,0.31578946315372985,0.5400000214576721,0.002273684134706855,1095.549072265625,2.0643843149909343e-21,0.15704157948493958,0.050906479358673096,0.0471809022128582,2.9394000193860848e-06
radial,75,0.32894736957839793,0.5400000214576721,0.002368421060964465,1095.4908447265625,2.0648358715948572e-21,0.15704786777496338,0.05090242251753807,0.04717763513326645,2.9395691854006145e-06
radial,75,0.34210527600306606,0.5400000214576721,0.0024631579872220755,1095.43017578125,2.0653054016056448e-21,0.15705439448356628,0.05089818686246872,0.04717423766851425,2.9397444905043812e-06
radial,75,0.35526315009014475,0.5400000214576721,0.002557894680649042,1095.3670654296875,2.065792905023297e-21,0.15706118941307068,0.050893791019916534,0.04717070236802101,2.939926389444736e-06
radial,75,0.36842105651481283,0.5400000214576721,0.0026526316069066525,1095.301513671875,2.0662983818478136e-21,0.15706823766231537,0.05088922381401062,0.047167032957077026,2.9401144274743274e-06
radial,75,0.38157896293948096,0.5400000214576721,0.0027473685331642628,1095.2337646484375,2.0668212262340196e-21,0.15707556903362274,0.050884492695331573,0.047163225710392,2.940308604593156e-06
radial,75,0.39473680468897027,0.5400000214576721,0.002842104993760586,1095.163330078125,2.06736204402709e-21,0.1570831537246704,0.0508795902132988,0.047159284353256226,2.9405089208012214e-06
radial,75,0.40789471111363834,0.5400000214576721,0.002936841920018196,1095.090576171875,2.0679204313302418e-21,0.15709097683429718,0.05087452009320259,0.04715520888566971,2.9407151487248484e-06
radial,75,0.4210526175383065,0.5400000214576721,0.0030315788462758064,1095.0155029296875,2.0684963881434745e-21,0.15709906816482544,0.050869282335042953,0.047151003032922745,2.9409270609903615e-06
radial,75,0.43421052396297455,0.5400000214576721,0.0031263157725334167,1094.93798828125,2.0690899144667883e-21,0.1571074277162552,0.050863876938819885,0.04714665561914444,2.9411451123451116e-06
radial,75,0.4473684303876427,0.5400000214576721,0.003221052698791027,1094.85791015625,2.0697006064033997e-21,0.15711605548858643,0.05085830017924309,0.04714217409491539,2.941368393294397e-06
radial,75,0.46052630447472137,0.5400000214576721,0.0033157893922179937,1094.775634765625,2.0703288678500922e-21,0.15712493658065796,0.05085255205631256,0.0471375547349453,2.9415975859592436e-06
radial,75,0.47368421089938945,0.5400000214576721,0.003410526318475604,1094.690673828125,2.0709740929616906e-21,0.15713408589363098,0.0508466400206089,0.04713279753923416,2.941832235592301e-06
radial,75,0.4868421173240576,0.5400000214576721,0.0035052632447332144,1094.6033935546875,2.0716366856349783e-21,0.1571435034275055,0.050840552896261215,0.04712790995836258,2.9420721148198936e-06
radial,75,0.49999999141113627,0.5400000214576721,0.003599999938160181,1094.513671875,2.0723148283344297e-21,0.1571531444787979,0.0508342981338501,0.047122884541749954,2.9423163141473196e-06
radial,75,0.5115740673823489,0.5400000214576721,0.003683333285152912,1094.432861328125,2.072917846232155e-21,0.1571618914604187,0.050828658044338226,0.04711834341287613,2.9425279990391573e-06
radial,75,0.5231481433535615,0.5400000214576721,0.0037666666321456432,1094.35009765625,2.0735186426975715e-21,0.15717080235481262,0.05082288384437561,0.04711370915174484,2.9427292247419246e-06
radial,75,0.5347222193247743,0.5400000214576721,0.0038499999791383743,1094.265380859375,2.0741121690208853e-21,0.15717993676662445,0.05081698298454285,0.0471089631319046,2.9429145342874108e-06
radial,75,0.5415076480454041,0.5400000214576721,0.0038988550659269094,1094.2149658203125,2.0744377098283646e-21,0.1571853756904602,0.0508134588599205,0.04710612818598747,2.942997298305272e-06
radial,75,0.5483620205066271,0.5400000214576721,0.003948206547647715,1094.1634521484375,2.0747236687510636e-21,0.1571909338235855,0.05080986022949219,0.047103241086006165,2.9430368613247992e-06
radial,75,0.5552860804729992,0.5400000214576721,0.003998059779405594,1094.1109619140625,2.0749658048727558e-21,0.15719662606716156,0.050806183367967606,0.047100283205509186,2.943028448498808e-06
radial,75,0.5622805717090765,0.5400000214576721,0.004048420116305351,1094.05712890625,2.0751651279353998e-21,0.15720243752002716,0.05080241709947586,0.047097258269786835,2.9429734240693506e-06
radial,75,0.5693460762914684,0.5400000214576721,0.0040992917492985725,1094.0023193359375,2.0753226476809543e-21,0.1572083830833435,0.050798576325178146,0.04709416627883911,2.942872015410103e-06
radial,75,0.576483434997499,0.5400000214576721,0.004150680731981993,1093.9464111328125,2.0754383641094194e-21,0.1572144627571106,0.05079464241862297,0.047091007232666016,2.9427244498947402e-06
radial,75,0.5836932945789562,0.5400000214576721,0.004202591720968485,1093.8890380859375,2.0755132869627537e-21,0.15722067654132843,0.05079062283039093,0.04708778113126755,2.94253186439164e-06
radial,75,0.5909764958131645,0.5400000214576721,0.004255030769854784,1093.83056640625,2.075548425982916e-21,0.1572270393371582,0.05078651383519173,0.04708447307348251,2.942294486274477e-06
radial,75,0.5983336854519116,0.5400000214576721,0.004308002535253763,1093.7708740234375,2.0755441850666893e-21,0.15723353624343872,0.05078231170773506,0.04708109796047211,2.9420134524116293e-06
radial,75,0.6057657042725219,0.5400000214576721,0.0043615130707621574,1093.7099609375,2.0755013720076412e-21,0.15724016726016998,0.050778016448020935,0.04707764461636543,2.94168808068207e-06
radial,75,0.6132731990267833,0.5400000214576721,0.00441556703299284,1093.6474609375,2.07542099654773e-21,0.15724694728851318,0.05077362433075905,0.04707411676645279,2.9413199627015274e-06
radial,75,0.620857075167199,0.5400000214576721,0.004470170941203833,1093.583740234375,2.0753034625837393e-21,0.1572539061307907,0.0507691316306591,0.04707050696015358,2.940909780591028e-06
radial,75,0.6285179794455568,0.5400000214576721,0.004525329452008009,1093.518798828125,2.0751497798576278e-21,0.15726099908351898,0.0507645383477211,0.047066815197467804,2.9404575343505712e-06
radial,75,0.6362567526391811,0.5400000214576721,0.004581048619002104,1093.4522705078125,2.0749607561629624e-21,0.15726827085018158,0.05075984448194504,0.04706304147839546,2.939964360848535e-06
radial,75,0.6440741708502173,0.5400000214576721,0.004637334030121565,1093.38427734375,2.0747367953965265e-21,0.1572757065296173,0.05075504258275032,0.047059185802936554,2.939430487458594e-06
radial,75,0.6519710748559899,0.5400000214576721,0.004694191738963127,1093.3148193359375,2.0744791092486706e-21,0.15728327631950378,0.05075013265013695,0.047055236995220184,2.9388570510491263e-06
radial,75,0.6599482407586442,0.5400000214576721,0.004751627333462238,1093.2437744140625,2.0741885055129617e-21,0.15729105472564697,0.05074511095881462,0.04705120250582695,2.9382435968727805e-06
radial,75,0.6680065093355047,0.5400000214576721,0.004809646867215633,1093.171142578125,2.073865590034575e-21,0.1572989970445633,0.05073997378349304,0.047047074884176254,2.9375921712926356e-06
radial,75,0.6761466566887167,0.5400000214576721,0.00486825592815876,1093.096923828125,2.0735115745038607e-21,0.15730711817741394,0.05073472857475281,0.047042857855558395,2.936902319561341e-06
radial,75,0.6843695235956047,0.5400000214576721,0.004927460569888353,1093.0211181640625,2.0731268628176025e-21,0.1573154181241989,0.050729356706142426,0.047038543969392776,2.9361751785472734e-06
radial,75,0.6926760801838504,0.5400000214576721,0.004987267777323723,1092.943603515625,2.0727122627693673e-21,0.1573238968849182,0.05072386935353279,0.0470341332256794,2.9354114303714596e-06
radial,75,0.7010669085300631,0.5400000214576721,0.005047681741416454,1092.8642578125,2.0722691879978972e-21,0.15733258426189423,0.05071825534105301,0.04702962189912796,2.9346115297812503e-06
radial,75,0.7095431081122823,0.5400000214576721,0.005108710378408432,1092.7833251953125,2.0717982443483675e-21,0.15734148025512695,0.05071251839399338,0.047025009989738464,2.933776158897672e-06
radial,75,0.7181054550326533,0.5400000214576721,0.005170359276235104,1092.700439453125,2.071300239614345e-21,0.157350555062294,0.0507066436111927,0.04702029377222061,2.932906227215426e-06
radial,75,0.7267548547436794,0.5400000214576721,0.005232634954154491,1092.61572265625,2.0707763854861805e-21,0.15735982358455658,0.05070064216852188,0.0470154695212841,2.9320021894818638e-06
radial,75,0.735492083347506,0.5400000214576721,0.005295543000102043,1092.5291748046875,2.070227085860657e-21,0.15736931562423706,0.050694502890110016,0.04701053723692894,2.9310649551916867e-06
radial,75,0.7443181756469939,0.5400000214576721,0.005359090864658356,1092.440673828125,2.0696537543765168e-21,0.15737903118133545,0.050688229501247406,0.04700549691915512,2.930094979092246e-06
radial,75,0.7532339077442884,0.5400000214576721,0.005423284135758877,1092.35009765625,2.069057198827327e-21,0.15738895535469055,0.05068180710077286,0.04700033739209175,2.929093170678243e-06
radial,75,0.762240443792608,0.5400000214576721,0.005488131195306778,1092.257568359375,2.0684382270066543e-21,0.15739910304546356,0.05067524313926697,0.04699505865573883,2.92806043944438e-06
radial,75,0.7713383658685619,0.5400000214576721,0.005553636234253645,1092.162841796875,2.0677980506048494e-21,0.15740947425365448,0.05066853016614914,0.04698966443538666,2.926997012764332e-06
radial,75,0.780528838125368,0.5400000214576721,0.005619807634502649,1092.066162109375,2.0671376793638708e-21,0.1574201136827469,0.05066166818141937,0.046984151005744934,2.9259040275064763e-06
radial,75,0.7898127013403509,0.5400000214576721,0.005686651449650526,1091.9671630859375,2.0664577191288937e-21,0.157430961728096,0.05065464600920677,0.046978507190942764,2.924781938418164e-06
radial,75,0.7991909256411923,0.5400000214576721,0.005754174664616585,1091.865966796875,2.065759785487052e-21,0.15744206309318542,0.050647467374801636,0.046972740441560745,2.9236316549940966e-06
radial,75,0.8086644164803956,0.5400000214576721,0.005822383798658848,1091.7623291015625,2.0650442823351294e-21,0.15745341777801514,0.050640128552913666,0.04696684330701828,2.9224538593553007e-06
radial,75,0.818234273336,0.5400000214576721,0.005891286768019199,1091.656494140625,2.0643130272086512e-21,0.15746504068374634,0.050632622092962265,0.04696080833673477,2.9212496883701533e-06
radial,75,0.8279013369853299,0.5400000214576721,0.0059608896262943745,1091.54833984375,2.0635662220560094e-21,0.15747690200805664,0.050624944269657135,0.04695463925600052,2.9200195967860054e-06
radial,75,0.8376667069064246,0.5400000214576721,0.006031200289726257,1091.437744140625,2.0628056844127294e-21,0.15748904645442963,0.05061709135770798,0.04694833606481552,2.9187642667238833e-06
radial,75,0.8475313532269664,0.5400000214576721,0.0061022257432341576,1091.324462890625,2.0620320201239866e-21,0.1575014740228653,0.05060906335711479,0.04694188013672829,2.9174848350521643e-06
radial,75,0.8574962460746368,0.5400000214576721,0.006173972971737385,1091.208740234375,2.0612464408801313e-21,0.15751415491104126,0.05060085654258728,0.04693529009819031,2.9161819838918746e-06
radial,75,0.8675623555771179,0.5400000214576721,0.006246448960155249,1091.09033203125,2.0604503603199057e-21,0.1575271487236023,0.05059245973825455,0.046928539872169495,2.9148563953640405e-06
radial,75,0.8777308458876278,0.5400000214576721,0.006319662090390921,1090.96923828125,2.059644384288485e-21,0.15754041075706482,0.05058387666940689,0.04692164435982704,2.913508978963364e-06
radial,75,0.8880026871338487,0.5400000214576721,0.00639361934736371,1090.8453369140625,2.058830330321395e-21,0.1575540006160736,0.05057509243488312,0.046914584934711456,2.912140871558222e-06
radial,75,0.898378914118641,0.5400000214576721,0.006468328181654215,1090.71875,2.0580088042638105e-21,0.15756788849830627,0.050566114485263824,0.046907372772693634,2.91075230052229e-06
radial,75,0.9088606263200443,0.5400000214576721,0.006543796509504318,1090.5892333984375,2.057181219754474e-21,0.15758207440376282,0.050556935369968414,0.04689999669790268,2.9093448574712966e-06
radial,75,0.9194488585409191,0.5400000214576721,0.0066200317814946175,1090.456787109375,2.0563487884837358e-21,0.15759660303592682,0.05054754763841629,0.046892452985048294,2.907918542405241e-06
radial,75,0.9301447102593051,0.5400000214576721,0.006697041913866997,1090.3212890625,2.0555127221419463e-21,0.15761145949363708,0.050537947565317154,0.04688473790884018,2.906474946939852e-06
radial,75,0.9409492809532417,0.5400000214576721,0.00677483482286334,1090.1827392578125,2.054674232419456e-21,0.15762662887573242,0.05052813142538071,0.04687684774398804,2.9050147531961557e-06
radial,75,0.9518637347759472,0.5400000214576721,0.00685341889038682,1090.0408935546875,2.0538345310066154e-21,0.1576421558856964,0.05051809176802635,0.04686878249049187,2.9035384159215027e-06
radial,75,0.9628889771799247,0.5400000214576721,0.0069328006356954575,1089.89599609375,2.0529948295937747e-21,0.15765802562236786,0.05050782859325409,0.04686053469777107,2.9020475267316215e-06
radial,75,0.9740264310191076,0.5400000214576721,0.007012990303337574,1089.747802734375,2.052156541819676e-21,0.15767426788806915,0.050497330725193024,0.046852096915245056,2.900542767747538e-06
radial,75,0.9852770664211776,0.5400000214576721,0.007093994878232479,1089.59619140625,2.05132087937467e-21,0.1576908528804779,0.050486594438552856,0.04684347286820412,2.899024821090279e-06
radial,75,0.9966419828641746,0.5400000214576721,0.007175822276622057,1089.441162109375,2.050489255897499e-21,0.1577078253030777,0.05047561973333359,0.04683465510606766,2.897494596254546e-06
radial,75,1.0081225385268529,0.5400000214576721,0.007258482277393341,1089.282470703125,2.049662681130121e-21,0.15772520005702972,0.05046439543366432,0.04682563245296478,2.895953457482392e-06
radial,75,1.0197196388617158,0.5400000214576721,0.007341981399804354,1089.1202392578125,2.0488427706596706e-21,0.1577429473400116,0.05045291781425476,0.04681641235947609,2.894401632147492e-06
radial,75,1.0314346420475178,0.5400000214576721,0.007426329422742128,1088.954345703125,2.0480309381248896e-21,0.1577610969543457,0.050441183149814606,0.04680698364973068,2.892840711865574e-06
radial,75,1.0432687122374773,0.5400000214576721,0.007511534728109837,1088.78466796875,2.047227991319345e-21,0.15777964890003204,0.05042918398976326,0.04679734259843826,2.8912711513839895e-06
radial,75,1.0552231429351702,0.5400000214576721,0.0075976066291332245,1088.6112060546875,2.046435949726954e-21,0.157798632979393,0.050416916608810425,0.046787478029727936,2.889694542318466e-06
radial,75,1.0672990336186357,0.5400000214576721,0.007684553042054176,1088.4337158203125,2.0456560250380674e-21,0.1578180342912674,0.050404369831085205,0.046777401119470596,2.888110884669004e-06
radial,75,1.0794976777914498,0.5400000214576721,0.007772383280098438,1088.252197265625,2.0448894289430353e-21,0.1578378677368164,0.0503915399312973,0.046767089515924454,2.8865217700513313e-06
radial,75,1.0918203689571884,0.5400000214576721,0.007861106656491756,1088.0665283203125,2.0441377770289918e-21,0.15785814821720123,0.05037841945886612,0.046756550669670105,2.884928335333825e-06
radial,75,1.10426827126907,0.5400000214576721,0.007950731553137302,1087.8765869140625,2.043402280986287e-21,0.15787889063358307,0.050365008413791656,0.046745773404836655,2.8833310352638364e-06
radial,75,1.1168426782306697,0.5400000214576721,0.008041267283260822,1087.682373046875,2.0426845564020554e-21,0.1579001098871231,0.05035129189491272,0.046734750270843506,2.8817310067097424e-06
radial,75,1.1295448833455641,0.5400000214576721,0.008132723160088062,1087.4837646484375,2.0419858149666468e-21,0.15792177617549896,0.05033726990222931,0.04672348126769066,2.8801293865399202e-06
radial,75,1.1423761801173289,0.5400000214576721,0.008225108496844769,1087.2806396484375,2.0413076722671954e-21,0.1579439491033554,0.05032293498516083,0.046711958944797516,2.878526629501721e-06
radial,75,1.1553378620495398,0.5400000214576721,0.008318432606756687,1087.0728759765625,2.040651743890835e-21,0.15796661376953125,0.05030827224254608,0.04670017957687378,2.8769243272108724e-06
radial,75,1.1684313519961305,0.5400000214576721,0.008412705734372139,1086.8603515625,2.0400190395795243e-21,0.15798981487751007,0.05029328539967537,0.04668813198804855,2.8753229344147258e-06
radial,75,1.1816579434606764,0.5400000214576721,0.00850793719291687,1086.64306640625,2.0394115788171806e-21,0.1580135077238083,0.0502779595553875,0.04667581617832184,2.873724042729009e-06
radial,75,1.1950189299467537,0.5400000214576721,0.008604136295616627,1086.4208984375,2.0388305732941545e-21,0.15803773701190948,0.05026228725910187,0.04666322469711304,2.8721278795273975e-06
radial,75,1.2085157343082957,0.5400000214576721,0.00870131328701973,1086.193603515625,2.0382772347007963e-21,0.15806250274181366,0.05024626851081848,0.04665035009384155,2.8705355816782685e-06
radial,75,1.222149779399236,0.5400000214576721,0.0087994784116745,1085.961181640625,2.0377535825210233e-21,0.1580878347158432,0.050229888409376144,0.04663718864321709,2.8689482860499993e-06
radial,75,1.2359223587231505,0.5400000214576721,0.008898640982806683,1085.7235107421875,2.037260828445186e-21,0.1581137329339981,0.05021314322948456,0.046623729169368744,2.867367129510967e-06
radial,75,1.2498348951339722,0.5400000214576721,0.0089988112449646,1085.48046875,2.0368003861120267e-21,0.15814021229743958,0.05019602179527283,0.046609971672296524,2.8657923394348472e-06
radial,75,1.2638889408359926,0.5400000214576721,0.009100000374019146,1085.231689453125,2.0363748808506377e-21,0.1581672877073288,0.050178516656160355,0.04659590125083923,2.8642264169320697e-06
radial,75,1.2800925307803683,0.5400000214576721,0.009216666221618652,1084.94140625,2.035942913240713e-21,0.15819889307022095,0.0501580685377121,0.046579472720623016,2.862460405594902e-06
radial,75,1.2962962500751019,0.5400000214576721,0.009333333000540733,1084.6468505859375,2.0355808197743295e-21,0.15823093056678772,0.050137344747781754,0.046562813222408295,2.860743961718981e-06
radial,75,1.3124999693698354,0.5400000214576721,0.009449999779462814,1084.34814453125,2.03528435953526e-21,0.1582634299993515,0.05011633411049843,0.046545930206775665,2.859072537830798e-06
radial,75,1.322034125526746,0.5400000214576721,0.009518645703792572,1084.1705322265625,2.035121993028304e-21,0.15828274190425873,0.05010383948683739,0.04653589054942131,2.8580921025422867e-06
radial,75,1.3316050171852112,0.5400000214576721,0.00958755612373352,1083.9908447265625,2.034943470650009e-21,0.15830229222774506,0.0500912070274353,0.046525739133358,2.8570866561494768e-06
radial,75,1.3412129030459456,0.5400000214576721,0.009656732901930809,1083.8092041015625,2.0347453592777152e-21,0.1583220511674881,0.05007842555642128,0.046515464782714844,2.8560527880472364e-06
radial,75,1.3508579124593072,0.5400000214576721,0.009726176969707012,1083.6253662109375,2.034527860859815e-21,0.15834203362464905,0.05006549507379532,0.046505074948072433,2.85499027086189e-06
radial,75,1.3605401747756534,0.5400000214576721,0.009795889258384705,1083.4395751953125,2.0342911773446997e-21,0.1583622395992279,0.050052423030138016,0.04649456962943077,2.8538997867144644e-06
radial,75,1.370259819345342,0.5400000214576721,0.009865870699286461,1083.251708984375,2.034035712629153e-21,0.15838271379470825,0.050039198249578476,0.04648394510149956,2.852781335604959e-06
radial,75,1.3800171048690877,0.5400000214576721,0.00993612315505743,1083.0615234375,2.0337616686615664e-21,0.1584033966064453,0.050025828182697296,0.046473197638988495,2.85163514490705e-06
radial,75,1.3898120313468907,0.5400000214576721,0.010006646625697613,1082.869384765625,2.0334696512871153e-21,0.15842430293560028,0.05001229792833328,0.04646232724189758,2.850461441994412e-06
radial,75,1.399644728129109,0.5400000214576721,0.010077442042529583,1082.675048828125,2.0331598624541914e-21,0.15844544768333435,0.04999861866235733,0.04645133391022682,2.8492602268670453e-06
radial,75,1.4095155832668147,0.5400000214576721,0.010148512199521065,1082.4783935546875,2.032832706059578e-21,0.15846684575080872,0.04998478665947914,0.04644021391868591,2.8480317268986255e-06
radial,75,1.419424338059293,0.5400000214576721,0.010219855234026909,1082.2796630859375,2.0324881821032755e-21,0.15848848223686218,0.04997079074382782,0.046428970992565155,2.8467768515838543e-06
radial,75,1.4293713805576167,0.5400000214576721,0.01029147394001484,1082.07861328125,2.032126694482067e-21,0.15851035714149475,0.04995664581656456,0.04641759768128395,2.8454949188017054e-06
radial,75,1.4393569694625008,0.5400000214576721,0.010363370180130005,1081.8753662109375,2.031748647092736e-21,0.15853248536586761,0.04994233697652817,0.0464061014354229,2.844186610673205e-06
radial,75,1.4493811047739453,0.5400000214576721,0.010435543954372406,1081.6697998046875,2.0313544438320663e-21,0.15855485200881958,0.04992786794900894,0.0463944748044014,2.8428516998246778e-06
radial,75,1.459443915842308,0.5400000214576721,0.010507996194064617,1081.4620361328125,2.0309442866484493e-21,0.15857748687267303,0.04991323500871658,0.04638271406292915,2.8414906410034746e-06
radial,75,1.4695455320179462,0.5400000214576721,0.010580727830529213,1081.251708984375,2.030518377490277e-21,0.1586003601551056,0.04989843815565109,0.04637082666158676,2.8401038889569463e-06
radial,75,1.479686341351933,0.5400000214576721,0.010653741657733917,1081.039306640625,2.0300771202543325e-21,0.15862350165843964,0.04988347738981247,0.046358801424503326,2.838691443685093e-06
radial,75,1.4898662144939105,0.5400000214576721,0.010727036744356155,1080.824462890625,2.0296209188373995e-21,0.15864689648151398,0.049868348985910416,0.04634664207696915,2.8372533051879145e-06
radial,75,1.500085410144594,0.5400000214576721,0.010800614953041077,1080.6070556640625,2.029149773239478e-21,0.1586705446243286,0.04985305294394493,0.04633434861898422,2.8357897008390864e-06
radial,75,1.5103440576543412,0.5400000214576721,0.010874477215111256,1080.387451171875,2.0286642893057434e-21,0.15869446098804474,0.04983758181333542,0.04632192105054855,2.8343010853859596e-06
radial,75,1.520642415723867,0.5400000214576721,0.010948625393211842,1080.165283203125,2.0281642650878036e-21,0.15871864557266235,0.049821943044662476,0.04630935192108154,2.832787458828534e-06
radial,75,1.5309804843531716,0.5400000214576721,0.011023059487342834,1079.940673828125,2.0276505083792257e-21,0.15874309837818146,0.049806129187345505,0.04629664495587349,2.831248593793134e-06
radial,75,1.54135852224297,0.5400000214576721,0.011097781360149384,1079.713623046875,2.0271232211284015e-21,0.15876783430576324,0.049790143966674805,0.046283796429634094,2.829685399774462e-06
radial,75,1.55177665874362,0.5400000214576721,0.011172791942954063,1079.4840087890625,2.026582403335331e-21,0.15879280865192413,0.04977398365736008,0.04627080634236336,2.828097649398842e-06
radial,75,1.5622350232054791,0.5400000214576721,0.011248092167079449,1079.251953125,2.0260284588967975e-21,0.1588180810213089,0.049757640808820724,0.04625767469406128,2.826485342666274e-06
radial,75,1.5727337449789047,0.5400000214576721,0.011323682963848114,1079.017333984375,2.025461589761193e-21,0.15884363651275635,0.049741119146347046,0.04624439775943756,2.8248487069504336e-06
radial,75,1.5832730827646124,0.5400000214576721,0.011399566195905209,1078.780029296875,2.0248821998253007e-21,0.15886946022510529,0.049724411219358444,0.046230971813201904,2.8231881969986716e-06
radial,75,1.5938530365626018,0.5400000214576721,0.011475741863250732,1078.5401611328125,2.0242904910375125e-21,0.1588955819606781,0.049707524478435516,0.046217404305934906,2.8215035854373127e-06
radial,75,1.604473994423946,0.5400000214576721,0.01155221275985241,1078.297607421875,2.0236864633978284e-21,0.1589219719171524,0.049690455198287964,0.04620368406176567,2.8197953270137077e-06
radial,75,1.6151358269982867,0.5400000214576721,0.011628977954387665,1078.0526123046875,2.0230709246998153e-21,0.15894865989685059,0.04967319220304489,0.0461898148059845,2.8180634217278566e-06
radial,75,1.6258389223366976,0.5400000214576721,0.011706040240824223,1077.8048095703125,2.0224436729950815e-21,0.15897564589977264,0.049655746668577194,0.046175792813301086,2.816307642206084e-06
radial,75,1.6365834097895358,0.5400000214576721,0.011783400550484657,1077.55419921875,2.0218051121804105e-21,0.15900291502475739,0.04963810741901398,0.04616162180900574,2.814528670569416e-06
radial,75,1.6473692893568013,0.5400000214576721,0.011861058883368969,1077.301025390625,2.021155242255802e-21,0.159030482172966,0.04962028190493584,0.046147290617227554,2.8127262794441776e-06
radial,75,1.658196949089567,0.5400000214576721,0.011939018033444881,1077.0450439453125,2.0204946690664318e-21,0.1590583622455597,0.04960225895047188,0.04613281041383743,2.810900696204044e-06
radial,75,1.6690663889878325,0.5400000214576721,0.012017278000712395,1076.7862548828125,2.0198231906639077e-21,0.15908652544021606,0.0495840422809124,0.04611817002296448,2.8090521482226904e-06
radial,75,1.679977738401956,0.5400000214576721,0.012095839716494083,1076.524658203125,2.0191412109450132e-21,0.1591150164604187,0.0495656281709671,0.04610336944460869,2.8071804081264418e-06
radial,75,1.6909312560326524,0.5400000214576721,0.012174705043435097,1076.26025390625,2.018449133806532e-21,0.15914377570152283,0.04954701289534569,0.04608841612935066,2.805285475915298e-06
radial,75,1.7019272005806367,0.5400000214576721,0.012253875844180584,1075.992919921875,2.017746757300072e-21,0.1591728776693344,0.049528200179338455,0.046073295176029205,2.8033678063366096e-06
radial,75,1.7129654426955514,0.5400000214576721,0.01233335118740797,1075.722900390625,2.017034687270809e-21,0.15920229256153107,0.04950918257236481,0.046058014035224915,2.8014276267640525e-06
radial,75,1.7240464997788272,0.5400000214576721,0.012413134798407555,1075.4498291015625,2.0163129237187425e-21,0.1592320054769516,0.04948996379971504,0.04604256898164749,2.7994644824502757e-06
radial,75,1.7351701131297483,0.5400000214576721,0.012493224814534187,1075.1737060546875,2.0155814666438726e-21,0.1592620462179184,0.04947054013609886,0.04602695629000664,2.7974786007689545e-06
radial,75,1.7463370588504605,0.5400000214576721,0.012573626823723316,1074.894775390625,2.0148409218913745e-21,0.15929239988327026,0.04945090413093567,0.04601117968559265,2.7954702090937644e-06
radial,75,1.7575468195395338,0.5400000214576721,0.012654337100684643,1074.6129150390625,2.0140910875128566e-21,0.1593230962753296,0.04943105950951576,0.045995231717824936,2.7934393074247055e-06
radial,75,1.7688000419487557,0.5400000214576721,0.01273536030203104,1074.327880859375,2.0133321654567106e-21,0.159354105591774,0.04941100627183914,0.04597911611199379,2.791385668388102e-06
radial,75,1.7800967260781262,0.5400000214576721,0.012816696427762508,1074.0399169921875,2.012564357671328e-21,0.15938545763492584,0.04939073696732521,0.045962829142808914,2.7893097467313055e-06
radial,75,1.7914370012780032,0.5400000214576721,0.012898346409201622,1073.7486572265625,2.011787866105101e-21,0.15941713750362396,0.04937025159597397,0.04594636708498001,2.7872110877069645e-06
radial,75,1.8028211262491014,0.5400000214576721,0.01298031210899353,1073.45458984375,2.011002892706421e-21,0.15944913029670715,0.049349550157785416,0.04592972993850708,2.78509014606243e-06
radial,75,1.8142491009914212,0.5400000214576721,0.013062593527138233,1073.1572265625,2.010209235526896e-21,0.1594814956188202,0.04932863265275955,0.04591291770339012,2.782946467050351e-06
radial,75,1.8257213135560355,0.5400000214576721,0.013145193457603455,1072.8568115234375,2.009407500411702e-21,0.1595141887664795,0.04930749163031578,0.04589592665433884,2.780780505418079e-06
radial,75,1.8372378932933013,0.5400000214576721,0.013228112831711769,1072.5531005859375,2.0085972834640547e-21,0.15954720973968506,0.0492861270904541,0.045878760516643524,2.778592033791938e-06
radial,75,1.8487989695535767,0.5400000214576721,0.013311352580785751,1072.24609375,2.007778988580738e-21,0.15958060324192047,0.049264539033174515,0.04586140811443329,2.7763808247982524e-06
radial,75,1.8604045423368614,0.5400000214576721,0.013394912704825401,1071.93603515625,2.006952615761752e-21,0.15961432456970215,0.04924272000789642,0.045843880623579025,2.774147105810698e-06
radial,75,1.8720549996942282,0.5400000214576721,0.013478795997798443,1071.6226806640625,2.0061181650070965e-21,0.15964841842651367,0.049220673739910126,0.04582616686820984,2.771890876829275e-06
radial,75,1.8837504709760349,0.5400000214576721,0.01356300339102745,1071.3060302734375,2.005276040213555e-21,0.15968286991119385,0.04919840022921562,0.04580826312303543,2.7696119104803074e-06
radial,75,1.895491344233354,0.5400000214576721,0.013647537678480148,1070.9859619140625,2.004425837484344e-21,0.15971767902374268,0.049175892025232315,0.0457901768386364,2.7673102067637956e-06
radial,75,1.907277231415113,0.5400000214576721,0.013732396066188812,1070.66259765625,2.003567960716247e-21,0.15975284576416016,0.049153149127960205,0.045771900564432144,2.7649853109323885e-06
radial,75,1.9191087792730994,0.5400000214576721,0.013817583210766315,1070.3358154296875,2.0027022079608722e-21,0.1597883701324463,0.04913017153739929,0.04575343057513237,2.7626379051071126e-06
radial,75,1.9309859878073137,0.5400000214576721,0.013903099112212658,1070.005615234375,2.0018285792182198e-21,0.15982428193092346,0.04910695552825928,0.04573477432131767,2.7602673071669415e-06
radial,75,1.9429091157184708,0.5400000214576721,0.013988945633172989,1069.6719970703125,2.0009472764366814e-21,0.1598605513572693,0.049083493649959564,0.045715928077697754,2.7578730623645242e-06
radial,75,1.9548784217072859,0.5400000214576721,0.014075124636292458,1069.3349609375,2.000058299616257e-21,0.15989720821380615,0.04905979335308075,0.04569687694311142,2.7554560801945627e-06
radial,75,1.9668936470730438,0.5400000214576721,0.014161634258925915,1068.994384765625,1.9991614468085548e-21,0.15993423759937286,0.049035847187042236,0.045677632093429565,2.753015451162355e-06
radial,75,1.97895556791789,0.5400000214576721,0.014248480089008808,1068.650146484375,1.998256718013575e-21,0.15997165441513062,0.049011651426553726,0.04565819352865219,2.7505514026415767e-06
radial,75,1.9910639255411096,0.5400000214576721,0.014335660263895988,1068.302490234375,1.997344315179709e-21,0.1600094437599182,0.04898720979690552,0.0456385463476181,2.7480632525112014e-06
radial,75,2.003219107993775,0.5400000214576721,0.01442317757755518,1067.9512939453125,1.9964240363585655e-21,0.16004763543605804,0.04896251857280731,0.045618705451488495,2.74555145551858e-06
radial,75,2.0154213739766016,0.5400000214576721,0.01451103389263153,1067.5963134765625,1.9954954776533607e-21,0.16008621454238892,0.048937566578388214,0.04559865593910217,2.7430153295426862e-06
radial,75,2.027670464788874,0.5400000214576721,0.014599227346479893,1067.2376708984375,1.994559042960878e-21,0.16012516617774963,0.04891236871480942,0.045578405261039734,2.74045487458352e-06
radial,75,2.039967156532738,0.5400000214576721,0.014687763527035713,1066.8753662109375,1.993614732281118e-21,0.16016456484794617,0.04888690635561943,0.04555794596672058,2.737869863267406e-06
radial,75,2.0523111905074782,0.5400000214576721,0.014776640571653843,1066.50927734375,1.992661737820513e-21,0.16020432114601135,0.04886118695139885,0.045537278056144714,2.7352600682206685e-06
radial,75,2.0647029547641673,0.5400000214576721,0.014865861274302006,1066.1396484375,1.9917006654242386e-21,0.16024449467658997,0.048835206776857376,0.045516401529312134,2.732625034695957e-06
radial,75,2.0771425786531634,0.5400000214576721,0.014955426566302776,1065.76611328125,1.9907309092471196e-21,0.160285085439682,0.04880896210670471,0.045495305210351944,2.729964762693271e-06
radial,75,2.0896301915248237,0.5400000214576721,0.01504533737897873,1065.388671875,1.989752469289156e-21,0.16032607853412628,0.04878244921565056,0.04547400400042534,2.72727879746526e-06
radial,75,2.1021661814302206,0.5400000214576721,0.015135596506297588,1065.007568359375,1.9887653455503475e-21,0.16036748886108398,0.048755671828985214,0.045452482998371124,2.7245669116382487e-06
radial,75,2.1147505483693547,0.5400000214576721,0.015226203948259354,1064.6224365234375,1.987768932185519e-21,0.16040931642055511,0.04872862249612808,0.0454307459294796,2.721828650464886e-06
radial,75,2.1273834216925835,0.5400000214576721,0.0153171606361866,1064.2333984375,1.9867634311430627e-21,0.16045156121253967,0.04870130121707916,0.04540879279375076,2.7190640139451716e-06
radial,75,2.1400651894509792,0.5400000214576721,0.01540846936404705,1063.840576171875,1.9857484385261947e-21,0.16049423813819885,0.04867370426654816,0.04538660869002342,2.7162723199580796e-06
radial,75,2.1527961103452578,0.5400000214576721,0.015500131994485855,1063.443603515625,1.9847235504381316e-21,0.16053733229637146,0.048645827919244766,0.04536421224474907,2.713453113756259e-06
radial,75,2.165575796324346,0.5400000214576721,0.01559214573353529,1063.042724609375,1.9836885649304816e-21,0.16058087348937988,0.04861767590045929,0.04534158483147621,2.7106063953397097e-06
radial,75,2.178405152840747,0.5400000214576721,0.015684517100453377,1062.6376953125,1.9826436839516365e-21,0.16062483191490173,0.04858924448490143,0.045318737626075745,2.70773125521373e-06
radial,75,2.191284050544103,0.5400000214576721,0.01577724516391754,1062.2286376953125,1.9815880997080294e-21,0.1606692522764206,0.04856052249670029,0.045295655727386475,2.70482769337832e-06
radial,75,2.204212618784772,0.5400000214576721,0.01587033085525036,1061.8155517578125,1.9805216102512686e-21,0.16071410477161407,0.04853152111172676,0.0452723503112793,2.701895027712453e-06
radial,75,2.217191116263469,0.5400000214576721,0.015963776037096977,1061.3983154296875,1.9794438116845704e-21,0.16075940430164337,0.04850223287940025,0.045248810201883316,2.6989332582161296e-06
radial,75,2.230219542980194,0.5400000214576721,0.016057580709457397,1060.976806640625,1.9783545020595433e-21,0.1608051359653473,0.04847264662384987,0.04522503912448883,2.695941248020972e-06
radial,75,2.2432986750370927,0.5400000214576721,0.016151750460267067,1060.551025390625,1.977253075531012e-21,0.1608513444662094,0.048442766070365906,0.045201029628515244,2.6929187697533052e-06
radial,75,2.2564282537334495,0.5400000214576721,0.016246283426880836,1060.1212158203125,1.9761393301505848e-21,0.16089800000190735,0.04841259866952896,0.045176781713962555,2.6898651412921026e-06
radial,75,2.269608279069265,0.5400000214576721,0.016341179609298706,1059.68701171875,1.975012862021478e-21,0.1609451174736023,0.04838212952017784,0.04515229910612106,2.686780135263689e-06
radial,75,2.2828395271466837,0.5400000214576721,0.016436444595456123,1059.24853515625,1.973873065298517e-21,0.16099268198013306,0.048351362347602844,0.04512757062911987,2.6836630695470376e-06
radial,75,2.2961217392649917,0.5400000214576721,0.01653207652270794,1058.8056640625,1.9727197380333093e-21,0.16104072332382202,0.04832029342651367,0.04510260373353958,2.680513034647447e-06
radial,75,2.309455174124903,0.5400000214576721,0.016628077253699303,1058.3585205078125,1.97155227438068e-21,0.16108925640583038,0.048288919031620026,0.04507739096879959,2.677329803191242e-06
radial,75,2.322840349127849,0.5400000214576721,0.016724450513720512,1057.90673828125,1.9703698665470625e-21,0.16113823652267456,0.04825723543763161,0.0450519323348999,2.6741126930573955e-06
radial,75,2.336277005573114,0.5400000214576721,0.01682119444012642,1057.45068359375,1.9691725145324563e-21,0.16118772327899933,0.048225246369838715,0.04502622038125992,2.670860567377531e-06
radial,75,2.349765660862128,0.5400000214576721,0.01691831275820732,1056.990234375,1.967959006646511e-21,0.1612376719713211,0.04819294810295105,0.045000266283750534,2.667573426151648e-06
radial,75,2.3633063149948916,0.5400000214576721,0.01701580546796322,1056.525146484375,1.966729342889227e-21,0.1612880975008011,0.04816032946109772,0.044974055141210556,2.66425013251137e-06
radial,75,2.3768994853728347,0.5400000214576721,0.01711367629468441,1056.055419921875,1.9654823115702538e-21,0.16133902966976166,0.048127397894859314,0.044947586953639984,2.66089000433567e-06
radial,75,2.3905449132952428,0.5400000214576721,0.017211923375725746,1055.581298828125,1.964217912689591e-21,0.16139043867588043,0.04809414595365524,0.044920869171619415,2.657492586877197e-06
radial,75,2.404243116163545,0.5400000214576721,0.017310550436377525,1055.1024169921875,1.962935338453672e-21,0.1614423543214798,0.0480605773627758,0.044893890619277954,2.654056515893899e-06
radial,75,2.4179943526784577,0.5400000214576721,0.017409559339284897,1054.6190185546875,1.9616337810689298e-21,0.16149476170539856,0.048026684671640396,0.0448666550219059,2.650582018759451e-06
radial,75,2.4317986228399806,0.5400000214576721,0.01750895008444786,1054.1307373046875,1.9603124327417974e-21,0.1615476757287979,0.047992460429668427,0.044839151203632355,2.6470668217370985e-06
radial,75,2.445656185348829,0.5400000214576721,0.017608724534511566,1053.6337890625,1.9589583687752036e-21,0.16160154342651367,0.04795762524008751,0.04481115937232971,2.643480684128008e-06
radial,75,2.459567298905717,0.5400000214576721,0.017708884552121162,1053.122802734375,1.957555029401026e-21,0.1616569459438324,0.047921810299158096,0.044782377779483795,2.63978313341795e-06
radial,75,2.473532222211361,0.5400000214576721,0.0178094319999218,1052.599365234375,1.9561048379999657e-21,0.16171365976333618,0.047885119915008545,0.04475289210677147,2.635983491927618e-06
radial,75,2.4875509552657604,0.5400000214576721,0.017910366877913475,1052.06787109375,1.9546199114755267e-21,0.1617712378501892,0.04784788191318512,0.044722966849803925,2.632114501466276e-06
radial,75,2.501624015470346,0.5400000214576721,0.01801169291138649,1051.5303955078125,1.953104894640719e-21,0.16182948648929596,0.04781021922826767,0.04469270259141922,2.6281898044544505e-06
radial,75,2.515751402825117,0.5400000214576721,0.018113410100340843,1050.9840087890625,1.9515521134566563e-21,0.16188868880271912,0.047771938145160675,0.04466193541884422,2.624188255140325e-06
radial,75,2.5299331173300743,0.5400000214576721,0.018215518444776535,1050.4239501953125,1.949947633484309e-21,0.16194936633110046,0.047732703387737274,0.04463040828704834,2.620075065351557e-06
radial,75,2.5441699350873628,0.5400000214576721,0.018318023532629013,1049.851806640625,1.9482922625172444e-21,0.16201134026050568,0.04769262298941612,0.04459819197654724,2.615857738419436e-06
radial,75,2.558461597396268,0.5400000214576721,0.018420923501253128,1049.27099609375,7.673575212482576e-21,0.1620742529630661,0.04765193536877632,0.04456550255417824,2.6123773295694264e-06
radial,75,2.5728083629575043,0.5400000214576721,0.01852422021329403,1048.6826171875,3.276160937763358e-20,0.1621379852294922,0.04761071503162384,0.04453238099813461,2.611586523926235e-06
radial,75,2.587210749172502,0.5400000214576721,0.018627917394042015,1048.08642578125,7.175524272668142e-20,0.16220256686210632,0.047568947076797485,0.04449881985783577,2.61270497503574e-06
radial,75,2.601668756041262,0.5400000214576721,0.018732015043497086,1047.482666015625,1.1120502417828678e-19,0.1622679978609085,0.04752662777900696,0.04446481540799141,2.613811375340447e-06
radial,75,2.6161823835637836,0.5400000214576721,0.01883651316165924,1046.87109375,1.6767758810016817e-19,0.16233426332473755,0.04748377576470375,0.04443039000034332,2.6172835987381404e-06
radial,75,2.630752149141497,0.5400000214576721,0.01894141547381878,1046.253662109375,3.2212674874802347e-19,0.1624012142419815,0.04744044691324234,0.04439558461308479,2.6347565835749265e-06
radial,75,2.645378311475118,0.5400000214576721,0.01904672384262085,1045.6298828125,5.5889228399090755e-19,0.16246894001960754,0.04739662632346153,0.04436040669679642,2.6639893349056365e-06
radial,75,2.6600608705646462,0.5400000214576721,0.019152438268065453,1044.9981689453125,7.97431423714076e-19,0.16253748536109924,0.04735225811600685,0.04432477802038193,2.6934139896184206e-06
radial,75,2.674800343811512,0.5400000214576721,0.019258562475442886,1044.358642578125,1.0412706715133897e-18,0.16260689496994019,0.0473073348402977,0.04428870975971222,2.723538500504219e-06
radial,75,2.6895964725150003,0.5400000214576721,0.019365094602108,1043.712646484375,1.3594930502219805e-18,0.1626770794391632,0.047261908650398254,0.04425223916769028,2.7643518478726037e-06
radial,75,2.7044497740765414,0.5400000214576721,0.019472038373351097,1043.059814453125,1.749273996541921e-18,0.16274802386760712,0.04721596837043762,0.0442153736948967,2.8154527171864174e-06
radial,75,2.7193607658975654,0.5400000214576721,0.01957939751446247,1042.3990478515625,2.1416992324850406e-18,0.16281986236572266,0.047169461846351624,0.04417805001139641,2.8668850973190274e-06
radial,75,2.7343289305766425,0.5400000214576721,0.019687168300151825,1041.72998046875,2.5366591566201758e-18,0.16289255023002625,0.04712238162755966,0.044140271842479706,2.918632162618451e-06
radial,75,2.7493553029166327,0.5400000214576721,0.019795358180999756,1041.052734375,2.934045408287082e-18,0.16296614706516266,0.04707472771406174,0.044102028012275696,2.970677769553731e-06
radial,75,2.7644393655161066,0.5400000214576721,0.019903963431715965,1040.3673095703125,3.333749213235209e-18,0.1630406528711319,0.04702649265527725,0.04406331479549408,3.023005319846561e-06
radial,75,2.7795818944772086,0.5400000214576721,0.0200129896402359,1039.67333984375,3.7356560069497174e-18,0.16311606764793396,0.04697767272591591,0.04402413219213486,3.0755977604712825e-06
radial,75,2.794782889799939,0.5400000214576721,0.020122436806559563,1038.9710693359375,4.139641505543572e-18,0.16319237649440765,0.04692826047539711,0.04398447647690773,3.1284362194128335e-06
radial,75,2.810042610185014,0.5400000214576721,0.0202323067933321,1038.2601318359375,4.5455750144799885e-18,0.16326962411403656,0.04687825217843056,0.0439443401992321,3.181501142535126e-06
radial,75,2.8253613143331475,0.5400000214576721,0.020342601463198662,1037.540771484375,4.953320876138509e-18,0.1633477658033371,0.04682764410972595,0.04390372708439827,3.23477206620737e-06
radial,75,2.84073900224434,0.5400000214576721,0.02045332081615925,1036.812744140625,5.362740951356837e-18,0.16342686116695404,0.046776436269283295,0.04386262595653534,3.2882285267987754e-06
radial,75,2.856176450020737,0.5400000214576721,0.020564470440149307,1036.0760498046875,5.773692551479306e-18,0.163506880402565,0.046724624931812286,0.04382104426622391,3.3418489238101756e-06
radial,75,2.8716731402609086,0.5400000214576721,0.02067604660987854,1035.3306884765625,6.186028024766577e-18,0.16358785331249237,0.04667220264673233,0.04377897083759308,3.3956102925003506e-06
radial,75,2.8872298490669994,0.5400000214576721,0.020788054913282394,1034.576416015625,6.599594342805327e-18,0.16366979479789734,0.04661916196346283,0.043736398220062256,3.4494912597438088e-06
radial,75,2.9028465764390097,0.5400000214576721,0.02090049535036087,1033.813232421875,7.014235995640396e-18,0.16375267505645752,0.046565502882003784,0.043693333864212036,3.503467269183602e-06
radial,75,2.9185238397783704,0.5400000214576721,0.021013371646404266,1033.0413818359375,7.429791683052336e-18,0.1638365238904953,0.0465112179517746,0.043649762868881226,3.557513764462783e-06
radial,75,2.934261380384366,0.5400000214576721,0.021126681938767433,1032.2603759765625,7.846093487376798e-18,0.1639213263988495,0.04645631089806557,0.04360569268465042,3.6116061892244034e-06
radial,75,2.9500599743591414,0.5400000214576721,0.02124043181538582,1031.4703369140625,8.262970182226985e-18,0.16400712728500366,0.0464007630944252,0.04356110841035843,3.6657186228694627e-06
radial,75,2.9659193630019827,0.5400000214576721,0.021354619413614273,1030.671142578125,8.680245578132423e-18,0.16409392654895782,0.0463445782661438,0.04351601377129555,3.7198246900516097e-06
radial,75,2.9818400637143188,0.5400000214576721,0.021469248458743095,1029.86279296875,9.09773769535835e-18,0.1641816943883896,0.04628775268793106,0.04347040876746178,3.7738964238087647e-06
radial,75,2.997822335196866,0.5400000214576721,0.021584320813417435,1029.0452880859375,9.515257936725103e-18,0.16427046060562134,0.04623028635978699,0.043424271047115326,3.827905402431497e-06
radial,75,3.013866436150339,0.5400000214576721,0.02169983834028244,1028.21826171875,9.932612741969345e-18,0.16436025500297546,0.04617215692996979,0.043377622961997986,3.881823431584053e-06
radial,75,3.029972366574738,0.5400000214576721,0.021815801039338112,1027.3819580078125,1.0349606069285902e-17,0.16445104777812958,0.046113379299640656,0.043330442160367966,3.9356200431939214e-06
radial,75,3.046140643871493,0.5400000214576721,0.021932212635874748,1026.5361328125,1.0766031123521635e-17,0.16454288363456726,0.0460539385676384,0.043282728642225266,3.989264769188594e-06
radial,75,3.062371268040604,0.5400000214576721,0.02204907312989235,1025.6807861328125,1.1181680282342794e-17,0.16463573276996613,0.045993831008672714,0.04323447868227959,4.0427257772535086e-06
radial,75,3.0786642390820718,0.5400000214576721,0.022166382521390915,1024.81591796875,1.1596338478790113e-17,0.16472962498664856,0.04593304917216301,0.04318569228053093,4.095970780326752e-06
radial,75,3.095020850499471,0.5400000214576721,0.02228415012359619,1023.94140625,1.2009783201278818e-17,0.16482456028461456,0.04587160050868988,0.0431363619863987,4.14896658185171e-06
radial,75,3.111440067489942,0.5400000214576721,0.022402368485927582,1023.0570678710938,1.242178862950168e-17,0.16492055356502533,0.04580947011709213,0.04308648407459259,4.201678166282363e-06
radial,75,3.127922924856345,0.5400000214576721,0.022521045058965683,1022.1629638671875,1.283212149852596e-17,0.16501760482788086,0.04574664682149887,0.04303605854511261,4.254071882314747e-06
radial,75,3.14446942259868,0.5400000214576721,0.022640179842710495,1021.2589721679688,1.3240543580335243e-17,0.16511571407318115,0.045683134347200394,0.04298507422208786,4.306111350160791e-06
radial,75,3.161080078118377,0.5400000214576721,0.022759776562452316,1020.3450317382812,1.36468092022876e-17,0.1652148962020874,0.0456189326941967,0.04293353110551834,4.357759280537721e-06
radial,75,3.177754632714722,0.5400000214576721,0.022879833355545998,1019.4210205078125,1.405066855583804e-17,0.165315181016922,0.0455540269613266,0.04288143292069435,4.408978384162765e-06
radial,75,3.194493603789144,0.5400000214576721,0.023000353947281837,1018.4869995117188,1.445186769653851e-17,0.16541653871536255,0.04548841714859009,0.0428287610411644,4.459729552763747e-06
radial,75,3.2112975087430744,0.5400000214576721,0.023121342062950134,1017.5428466796875,1.485013861787054e-17,0.16551899909973145,0.04542210325598717,0.04277552664279938,4.509973678068491e-06
radial,75,3.228165830175082,0.5400000214576721,0.02324279397726059,1016.5884399414062,1.5245214967676893e-17,0.16562257707118988,0.045355070382356644,0.0427217110991478,4.559669832815416e-06
radial,75,3.245099602888028,0.5400000214576721,0.0233647171407938,1015.6236572265625,1.5636823776355422e-17,0.16572725772857666,0.04528731852769852,0.04266732186079025,4.608777089742944e-06
radial,75,3.262098568181197,0.5400000214576721,0.023487109690904617,1014.648681640625,1.6024683802497862e-17,0.16583305597305298,0.04521884396672249,0.04261234402656555,4.657253157347441e-06
radial,75,3.2791635021567345,0.5400000214576721,0.023609977215528488,1013.6631469726562,1.6408503878528592e-17,0.16593998670578003,0.04514963924884796,0.04255678504705429,4.7050534703885205e-06
radial,75,3.2962941461139255,0.5400000214576721,0.023733317852020264,1012.6671142578125,1.678799449123322e-17,0.1660480499267578,0.04507970064878464,0.04250063747167587,4.7521361921099015e-06
radial,75,3.3134910174542003,0.5400000214576721,0.023857135325670242,1011.6605224609375,1.716285620123e-17,0.16615727543830872,0.04500902444124222,0.0424438938498497,4.798454483534442e-06
radial,75,3.330754374878274,0.5400000214576721,0.023981431499123573,1010.6432495117188,1.7532781297331066e-17,0.16626761853694916,0.044937603175640106,0.04238655045628548,4.843962869927054e-06
radial,75,3.348084477086862,0.5400000214576721,0.024106208235025406,1009.6153564453125,1.7897458759626094e-17,0.16637912392616272,0.0448654368519783,0.0423286035656929,4.888614057563245e-06
radial,75,3.365481324079964,0.5400000214576721,0.02423146553337574,1008.57666015625,1.8256570950759865e-17,0.1664918214082718,0.04479251801967621,0.04227006062865257,4.932360297971172e-06
radial,75,3.3829454332590103,0.5400000214576721,0.024357207119464874,1007.527099609375,1.8609791961571034e-17,0.16660568118095398,0.04471883922815323,0.0422108992934227,4.975152478436939e-06
radial,75,3.4004770633247166,0.5400000214576721,0.024483434855937958,1006.466552734375,1.8956792574175804e-17,0.16672073304653168,0.044644396752119064,0.042151130735874176,5.016941486246651e-06
radial,75,3.4180764729777975,0.5400000214576721,0.02461015060544014,1005.39501953125,1.9297238607606704e-17,0.1668369472026825,0.04456918686628342,0.04209074005484581,5.057675934949657e-06
radial,75,3.435743662218253,0.5400000214576721,0.02473735436797142,1004.3125,1.963078264600646e-17,0.1669543832540512,0.04449320584535599,0.0420297309756279,5.097304438095307e-06
radial,75,3.4534791484475136,0.5400000214576721,0.024865049868822098,1003.2188720703125,1.995707892787903e-17,0.16707301139831543,0.04441644996404648,0.04196809232234955,5.135774699738249e-06
radial,75,3.471283190366295,0.5400000214576721,0.02499323897063732,1002.1138916015625,2.027577176556101e-17,0.16719284653663635,0.044338904321193695,0.041905827820301056,5.173032150196377e-06
radial,75,3.489156046675311,0.5400000214576721,0.02512192353606224,1000.9976806640625,2.058650050830533e-17,0.16731390357017517,0.044260576367378235,0.041842930018901825,5.209023584029637e-06
radial,75,3.5070979760752783,0.5400000214576721,0.025251105427742004,999.8702392578125,2.0888897887920015e-17,0.16743621230125427,0.0441814586520195,0.04177939146757126,5.24369306731387e-06
radial,75,3.5251089785661964,0.5400000214576721,0.025380784645676613,998.7313232421875,2.1182591673129417e-17,0.16755971312522888,0.0441015362739563,0.041715215891599655,5.2769846661249176e-06
radial,75,3.5431898302502103,0.5400000214576721,0.025510966777801514,997.5808715820312,2.1467199706490538e-17,0.16768449544906616,0.044020820409059525,0.04165039211511612,5.308840627549216e-06
radial,75,3.5613402724266052,0.5400000214576721,0.025641649961471558,996.4189453125,2.1742339830560376e-17,0.16781049966812134,0.043939296156167984,0.04158492386341095,5.3392036534205545e-06
radial,75,3.579561081197527,0.5400000214576721,0.025772839784622192,995.2454223632812,2.2007621616089807e-17,0.167937770485878,0.04385696351528168,0.04151879996061325,5.3680137170886155e-06
radial,75,3.59785199786226,0.5400000214576721,0.02590453438460827,994.0601806640625,2.226264967074603e-17,0.16806630790233612,0.04377380758523941,0.04145202040672302,5.395212156145135e-06
radial,75,3.616213798522949,0.5400000214576721,0.026036739349365234,992.8632202148438,2.2507018676028897e-17,0.16819611191749573,0.04368983581662178,0.041384581476449966,5.420738034445094e-06
radial,75,3.634646483179596,0.5400000214576721,0.02616945467889309,991.6543579101562,2.2740320004715803e-17,0.1683271825313568,0.04360503703355789,0.041316475719213486,5.444529051601421e-06
radial,75,3.653150310532914,0.5400000214576721,0.026302682235836983,990.4336547851562,2.2962145029584148e-17,0.16845956444740295,0.043519407510757446,0.04124770313501358,5.466523361974396e-06
radial,75,3.671725280582905,0.5400000214576721,0.026436422020196915,989.2009887695312,2.3172073542882756e-17,0.16859322786331177,0.043432947248220444,0.04117825627326965,5.486657300934894e-06
radial,75,3.6903726868331432,0.5400000214576721,0.02657068334519863,987.956298828125,2.336967871941555e-17,0.16872820258140564,0.04334564134478569,0.041108131408691406,5.504866749106441e-06
radial,75,3.709091494480769,0.5400000214576721,0.026705458760261536,986.699462890625,2.3554532079625224e-17,0.16886448860168457,0.04325749725103378,0.041037335991859436,5.521087587112561e-06
radial,75,3.7278829970293574,0.5400000214576721,0.026840757578611374,985.4304809570312,2.3726200180870804e-17,0.16900208592414856,0.04316850006580353,0.04096584767103195,5.535252967092674e-06
radial,75,3.7467471944789095,0.5400000214576721,0.026976579800248146,984.1492919921875,2.3884241308705186e-17,0.1691409945487976,0.043078646063804626,0.04089367762207985,5.547297405428253e-06
radial,75,3.765684086829424,0.5400000214576721,0.027112925425171852,982.855712890625,2.4028213748681265e-17,0.1692812591791153,0.04298793524503708,0.040820807218551636,5.5571526900166646e-06
radial,75,3.784694191482332,0.5400000214576721,0.02724979817867279,981.5498657226562,2.415766255146214e-17,0.16942285001277924,0.04289636015892029,0.04074724763631821,5.5647510635026265e-06
radial,75,3.8037772497369184,0.5400000214576721,0.027387196198105812,980.2315063476562,2.4272137730794577e-17,0.16956579685211182,0.042803917080163956,0.04067298769950867,5.570024313783506e-06
radial,75,3.8229342963960438,0.5400000214576721,0.027525126934051514,978.9006958007812,2.437117606553555e-17,0.16971009969711304,0.04271060228347778,0.04059801995754242,5.572901045525214e-06
radial,75,3.842165590160423,0.5400000214576721,0.027663592249155045,977.5571899414062,2.445431433454203e-17,0.1698557585477829,0.04261639714241028,0.04052234813570976,5.573313046625117e-06
radial,75,3.8614711310300565,0.5400000214576721,0.027802592143416405,976.2010498046875,2.4521087662309762e-17,0.1700027883052826,0.04252132028341293,0.0404459685087204,5.5711875575070735e-06
radial,75,3.880851177705659,0.5400000214576721,0.027942128479480743,974.832275390625,2.4571017938444688e-17,0.17015120387077332,0.04242534935474396,0.04036886245012283,5.566454092331696e-06
radial,75,3.900305988887946,0.5400000214576721,0.02808220311999321,973.4505615234375,2.4603632015636428e-17,0.17030100524425507,0.04232848435640335,0.04029104486107826,5.5590394367754925e-06
radial,75,3.9198358232776327,0.5400000214576721,0.028222817927598953,972.0560913085938,2.4618446820407253e-17,0.17045220732688904,0.042230721563100815,0.04021249711513519,5.54887083126232e-06
radial,75,3.9394414569768643,0.5400000214576721,0.02836397849023342,970.6485595703125,2.4614980933640656e-17,0.17060479521751404,0.04213205724954605,0.04013322666287422,5.535874606721336e-06
radial,75,3.959122631284926,0.5400000214576721,0.028505682945251465,969.2280883789062,2.4592738046969105e-17,0.17075879871845245,0.042032480239868164,0.040053222328424454,5.519976184586994e-06
radial,75,3.9788796049025326,0.5400000214576721,0.028647933155298233,967.7944946289062,2.4551233432553644e-17,0.17091423273086548,0.041931986808776855,0.03997247666120529,5.501101441041101e-06
radial,75,3.99871315393183,0.5400000214576721,0.028790734708309174,966.3477783203125,2.4489969127665517e-17,0.17107108235359192,0.041830576956272125,0.03989099711179733,5.479174433276057e-06
radial,75,4.018623278372818,0.5400000214576721,0.028934087604284286,964.8877563476562,2.4408443860853516e-17,0.17122936248779297,0.041728243231773376,0.039808765053749084,5.454118763736915e-06
radial,75,4.038610236926211,0.5400000214576721,0.02907799370586872,963.4143676757812,2.4306156360666433e-17,0.1713891178369522,0.04162497818470001,0.039725784212350845,5.425857125374023e-06
radial,75,4.058674288292726,0.5400000214576721,0.029222454875707626,961.9276123046875,2.4182602046930613e-17,0.17155030369758606,0.04152077063918114,0.039642054587602615,5.394314030127134e-06
radial,75,4.078816208574507,0.5400000214576721,0.02936747670173645,960.4273681640625,2.4037273030749946e-17,0.1717129498720169,0.041415631771087646,0.0395575612783432,5.359411261451896e-06
radial,75,4.09903573907084,0.5400000214576721,0.029513057321310043,958.9136352539062,2.3869661423228326e-17,0.17187707126140594,0.04130954295396805,0.0394723042845726,5.321070602803957e-06
radial,75,4.119333397183153,0.5400000214576721,0.029659200459718704,957.3861694335938,2.367924775494107e-17,0.17204268276691437,0.04120249301195145,0.03938627988100052,5.279212928144261e-06
radial,75,4.1397094416121645,0.5400000214576721,0.029805907979607582,955.844970703125,2.3465522482630843e-17,0.17220976948738098,0.04109448939561844,0.039299480617046356,5.233760475675808e-06
radial,75,4.160164131058587,0.5400000214576721,0.029953181743621826,954.2900390625,2.3227966136872964e-17,0.17237836122512817,0.04098552092909813,0.039211906492710114,5.1846341193595435e-06
radial,75,4.180697982923852,0.5400000214576721,0.030101025477051735,952.7210693359375,2.2966060902603974e-17,0.17254847288131714,0.04087558016180992,0.039123546332120895,5.131752459419658e-06
radial,75,4.201310997207959,0.5400000214576721,0.03024943917989731,951.1382446289062,2.2679285656037965e-17,0.17272010445594788,0.040764663368463516,0.0390344001352787,5.075036369817099e-06
radial,75,4.22200369131234,0.5400000214576721,0.030398426577448845,949.5413208007812,2.2367117619027803e-17,0.1728932410478592,0.04065276309847832,0.038944464176893234,5.014405815018108e-06
radial,75,4.242776582638423,0.5400000214576721,0.030547991394996643,947.93017578125,2.2029034013426355e-17,0.17306792736053467,0.04053986817598343,0.038853719830513,4.949779395246878e-06
radial,75,4.263629153784779,0.5400000214576721,0.030698129907250404,946.3047485351562,2.1664512061086487e-17,0.1732441782951355,0.04042597487568855,0.038762178272008896,4.881077074969653e-06
radial,75,4.284562439554268,0.5400000214576721,0.030848849564790726,944.6649780273438,2.127302732949984e-17,0.1734219640493393,0.04031108319759369,0.03866982460021973,4.808217909157975e-06
radial,75,4.305577216049035,0.5400000214576721,0.031000155955553055,943.0107421875,2.0854055386158056e-17,0.17360134422779083,0.040195174515247345,0.038576655089855194,4.731118679046631e-06
radial,75,4.326672189765507,0.5400000214576721,0.031152039766311646,941.3418579101562,2.040707014419155e-17,0.17378228902816772,0.04007824510335922,0.038482666015625,4.6497002585965674e-06
radial,75,4.3478494303094015,0.5400000214576721,0.03130451589822769,939.6583251953125,1.9931548825453192e-17,0.17396485805511475,0.03996029496192932,0.03838784620165825,4.563878974295221e-06
radial,75,4.369107902877861,0.5400000214576721,0.031457576900720596,937.9600219726562,1.9426965343073395e-17,0.17414899170398712,0.03984130918979645,0.03829219192266464,4.4735743358614855e-06
radial,75,4.390448642273744,0.5400000214576721,0.031611230224370956,936.246826171875,1.8892796918905027e-17,0.17433477938175201,0.039721276611089706,0.03819569945335388,4.3787044887722e-06
radial,75,4.411872165898482,0.5400000214576721,0.03176547959446907,934.5185546875,1.8328522429162178e-17,0.17452219128608704,0.0396001935005188,0.038098353892564774,4.279187123756856e-06
radial,75,4.433377956350644,0.5400000214576721,0.03192032128572464,932.7750854492188,1.773361744133649e-17,0.17471124231815338,0.03947805240750313,0.03800015524029732,4.174940841039643e-06
radial,75,4.454967048433092,0.5400000214576721,0.03207576274871826,931.0164184570312,1.7107570757809407e-17,0.17490197718143463,0.0393548384308815,0.03790109604597092,4.065883331350051e-06
radial,75,4.476639442145824,0.5400000214576721,0.032231803983449936,929.2423095703125,1.6449856291711343e-17,0.1750943660736084,0.03923054784536362,0.03780116140842438,3.9519336496596225e-06
radial,75,4.498395654890272,0.5400000214576721,0.03238844871520996,927.45263671875,1.5759969462868642e-17,0.17528848350048065,0.03910516947507858,0.0377003513276577,3.833009486697847e-06
radial,75,4.520236204067866,0.5400000214576721,0.032545700669288635,925.647216796875,1.5037392456217845e-17,0.1754842847585678,0.038978684693574905,0.03759865462779999,3.7090303521836177e-06
radial,75,4.542160572277175,0.5400000214576721,0.03270355612039566,923.8260498046875,1.428162234594652e-17,0.17568181455135345,0.03885109722614288,0.037496063858270645,3.5799146189674502e-06
radial,75,4.56416979432106,0.5400000214576721,0.03286202251911163,921.98876953125,1.3492153724700398e-17,0.17588108777999878,0.038722384721040726,0.037392567843198776,3.445581796768238e-06
radial,75,4.586264387600952,0.5400000214576721,0.03302110359072685,920.13525390625,1.266848862975072e-17,0.17608211934566498,0.038592539727687836,0.037288155406713486,3.305951622678549e-06
radial,75,4.60844383471542,0.5400000214576721,0.03318079560995102,918.2655639648438,1.1810130752729956e-17,0.17628493905067444,0.03846155107021332,0.037182822823524475,3.1609433790436015e-06
radial,75,4.630709170467324,0.5400000214576721,0.03334110602736473,916.3792114257812,1.0916597847340988e-17,0.17648954689502716,0.03832939639687538,0.03707655146718025,3.0104781671980163e-06
radial,75,4.653060394856665,0.5400000214576721,0.03350203484296799,914.4761962890625,9.987423383718334e-18,0.17669597268104553,0.038196079432964325,0.03696933761239052,2.854480271707871e-06
radial,75,4.675498025284873,0.5400000214576721,0.033663585782051086,912.556396484375,9.022144967899578e-18,0.17690426111221313,0.03806157782673836,0.03686116635799408,2.6928728402708657e-06
radial,75,4.6980225791533785,0.5400000214576721,0.03382576256990433,910.6192626953125,8.020180264733483e-18,0.17711442708969116,0.03792586177587509,0.036752019077539444,2.5255590117012616e-06
radial,75,4.720634056462182,0.5400000214576721,0.03398856520652771,908.6641235351562,6.98083278814428e-18,0.17732654511928558,0.03778888285160065,0.03664185851812363,2.3524221433035564e-06
radial,75,4.743332457211283,0.5400000214576721,0.034151993691921234,906.691650390625,5.9041041924931916e-18,0.17754057049751282,0.037650689482688904,0.03653071075677872,2.1734610982093727e-06
radial,75,4.766118816203542,0.5400000214576721,0.0343160554766655,904.7061157226562,4.792031410038632e-18,0.17775601148605347,0.03751157596707344,0.036418817937374115,1.989013526326744e-06
radial,75,4.788993133438958,0.5400000214576721,0.0344807505607605,902.7091064453125,3.7229290060449765e-18,0.17797134816646576,0.037372518330812454,0.03630697727203369,1.8123859035767964e-06
radial,75,4.811955926318963,0.5400000214576721,0.034646082669496536,900.697021484375,2.851917747193989e-18,0.17818422615528107,0.03723500296473503,0.036196377128362656,1.669851599217509e-06
radial,75,4.835007194843557,0.5400000214576721,0.03481205180287361,898.674072265625,2.2438885049743823e-18,0.1783933937549591,0.03709983453154564,0.03608766570687294,1.571974394209974e-06
radial,75,4.8581479738156,0.5400000214576721,0.03497866541147232,896.6419067382812,1.9395702051821954e-18,0.1785982996225357,0.03696732595562935,0.035981111228466034,1.5250653859766317e-06
radial,75,4.881377745833662,0.5400000214576721,0.035145919770002365,894.6023559570312,1.855166970223969e-18,0.1788003295660019,0.03683663159608841,0.03587602078914642,1.5148084457905497e-06
radial,75,4.904697028299172,0.5400000214576721,0.035313818603754044,892.5579223632812,1.8357528344521962e-18,0.1790018230676651,0.03670626878738403,0.0357711985707283,1.515088456471858e-06
radial,75,4.928106856014994,0.5400000214576721,0.03548236936330795,890.5038452148438,1.840643333028763e-18,0.17920392751693726,0.03657550737261772,0.03566605597734451,1.519141278549796e-06
radial,75,4.951606711579694,0.5400000214576721,0.035651568323373795,888.4384155273438,1.8451175529620622e-18,0.17940716445446014,0.03644402325153351,0.035560332238674164,1.5228652046062052e-06
radial,75,4.975197629796134,0.5400000214576721,0.035821422934532166,886.3614501953125,1.8491715651441846e-18,0.17961151897907257,0.0363117977976799,0.03545401617884636,1.526256937722792e-06
radial,75,4.998879610664315,0.5400000214576721,0.035991933196783066,884.273681640625,1.8528018540575267e-18,0.17981696128845215,0.03617887198925018,0.03534713387489319,1.5293137494154507e-06
radial,75,5.022653171585666,0.5400000214576721,0.036163102835416794,882.17529296875,1.8560055245699446e-18,0.18002349138259888,0.03604525700211525,0.03523969650268555,1.5320332522605895e-06
radial,75,5.046518312560187,0.5400000214576721,0.03633493185043335,880.066162109375,1.8587803019347537e-18,0.18023107945919037,0.0359109528362751,0.03513171151280403,1.5344136272688047e-06
radial,75,5.07047606839074,0.5400000214576721,0.03650742769241333,877.9465942382812,1.861124531790729e-18,0.18043969571590424,0.03577598184347153,0.03502317890524864,1.536453396511206e-06
radial,75,5.094525921675894,0.5400000214576721,0.03668058663606644,875.8167114257812,1.863036352981492e-18,0.18064935505390167,0.03564034029841423,0.03491411358118057,1.5381508546852274e-06
radial,75,5.11866890721851,0.5400000214576721,0.03685441613197327,873.6766357421875,1.864513904350665e-18,0.1808600276708603,0.035504043102264404,0.03480451926589012,1.5395050922961673e-06
radial,75,5.142905025018586,0.5400000214576721,0.03702891618013382,871.5263671875,1.865556565512788e-18,0.1810716986656189,0.03536708652973175,0.03469439968466759,1.5405150861624861e-06
radial,75,5.167234792477555,0.5400000214576721,0.037204090505838394,869.3662109375,1.8661630956969426e-18,0.1812843680381775,0.03522948920726776,0.03458376228809357,1.5411796994158067e-06
radial,75,5.191658726996846,0.5400000214576721,0.03737994283437729,867.1961669921875,1.866332460927363e-18,0.18149803578853607,0.03509125858545303,0.03447261080145836,1.541498477308778e-06
radial,75,5.216176828576459,0.5400000214576721,0.037556473165750504,865.016357421875,1.8660642476137425e-18,0.18171267211437225,0.03495239466428757,0.03436096012592316,1.541470737720374e-06
radial,75,5.2407896146178246,0.5400000214576721,0.03773368522524834,862.8269653320312,1.8653584557560816e-18,0.18192824721336365,0.03481291979551315,0.03424880653619766,1.5410963669637567e-06
radial,75,5.265497085120943,0.5400000214576721,0.03791157901287079,860.6281127929688,1.864214671764074e-18,0.18214480578899384,0.034672826528549194,0.03413616120815277,1.5403752513520885e-06
radial,75,5.290300792290105,0.5400000214576721,0.038090165704488754,858.4198608398438,1.862633516023179e-18,0.18236227333545685,0.034532126039266586,0.03402302786707878,1.5393075045722071e-06
radial,75,5.31519970132245,0.5400000214576721,0.03826943784952164,856.2023315429688,1.860614781738243e-18,0.18258067965507507,0.034390829503536224,0.03390941396355629,1.5378932403109502e-06
radial,75,5.340194847020838,0.5400000214576721,0.038449402898550034,853.9755859375,1.8581592960898795e-18,0.18279999494552612,0.03424894064664841,0.033795323222875595,1.5361331406893441e-06
radial,75,5.3652867467867,0.5400000214576721,0.03863006457686424,851.73974609375,1.8552680930538535e-18,0.18302021920681,0.03410646691918373,0.033680763095617294,1.5340274330810644e-06
radial,75,5.390476435422897,0.5400000214576721,0.03881143033504486,849.4949951171875,1.8519417930156247e-18,0.1832413375377655,0.033963412046432495,0.033565737307071686,1.531576913293975e-06
radial,75,5.415761843323708,0.5400000214576721,0.038993485271930695,847.2413940429688,1.8481816367461118e-18,0.18346334993839264,0.033819783478975296,0.033450253307819366,1.5287826045096153e-06
radial,75,5.441145557496283,0.5400000214576721,0.039176248013973236,844.9789428710938,1.8439890718113867e-18,0.18368622660636902,0.03367559239268303,0.033334314823150635,1.5256453025358496e-06
radial,75,5.466627060539193,0.5400000214576721,0.03935971483588219,842.7078857421875,1.8393653389823684e-18,0.18390996754169464,0.03353084251284599,0.03321792185306549,1.5221663716147305e-06
radial,75,5.492207387255298,0.5400000214576721,0.039543893188238144,840.42822265625,1.8343125062105883e-18,0.1841345727443695,0.033385541290044785,0.03310108929872513,1.518346948614635e-06
radial,75,5.517886537644598,0.5400000214576721,0.03972878307104111,838.1400146484375,1.8288322278572713e-18,0.18436001241207123,0.033239684998989105,0.03298380970954895,1.5141885114644538e-06
radial,75,5.543664511707094,0.5400000214576721,0.03991438448429108,835.8434448242188,1.822926571873949e-18,0.1845863163471222,0.033093295991420746,0.03286609798669815,1.509692538093077e-06
radial,75,5.5695423442456455,0.5400000214576721,0.04010070487856865,833.53857421875,1.8165973994169995e-18,0.18481343984603882,0.03294636309146881,0.03274795413017273,1.5048608474899083e-06
radial,75,5.595520035260254,0.5400000214576721,0.040287744253873825,831.2254028320312,1.8098476056185668e-18,0.18504135310649872,0.032798901200294495,0.032629385590553284,1.4996951449575135e-06
radial,75,5.621598102152348,0.5400000214576721,0.0404755063354969,828.9041748046875,1.8026792584301823e-18,0.18527011573314667,0.032650917768478394,0.03251039236783981,1.4941972494852962e-06
radial,75,5.6477770623233585,0.5400000214576721,0.04066399484872818,826.5748291015625,1.7950946325985304e-18,0.18549968302249908,0.03250240907073021,0.032390981912612915,1.4883692074363353e-06
radial,75,5.674056915773286,0.5400000214576721,0.04085320979356766,824.2374877929688,1.7870970368460615e-18,0.18573004007339478,0.032353390008211136,0.03227115795016289,1.4822130651737098e-06
radial,75,5.700438697304991,0.5400000214576721,0.04104315862059593,821.8922119140625,1.778688952714613e-18,0.18596115708351135,0.032203856855630875,0.03215092420578003,1.475731096434174e-06
radial,75,5.726921889517042,0.5400000214576721,0.041233837604522705,819.5390625,1.7698734821314823e-18,0.1861930936574936,0.03205382078886032,0.03203028440475464,1.4689256886413204e-06
radial,75,5.753507527212302,0.5400000214576721,0.041425254195928574,817.17822265625,1.7606537270239663e-18,0.18642579019069672,0.031903281807899475,0.031909238547086716,1.4617990018450655e-06
radial,75,5.7801961277922,0.5400000214576721,0.041617412120103836,814.8095703125,1.751032582524209e-18,0.18665926158428192,0.03175225108861923,0.031787797808647156,1.4543536508426769e-06
radial,75,5.806987173855305,0.5400000214576721,0.041810307651758194,812.433349609375,1.7410135641498135e-18,0.18689347803592682,0.03160072863101959,0.03166595846414566,1.4465920230577467e-06
radial,75,5.833882217605909,0.5400000214576721,0.04200395196676254,810.0494995117188,1.7305998772256537e-18,0.1871284544467926,0.031448714435100555,0.031543731689453125,1.4385170743480558e-06
radial,75,5.860881259044012,0.5400000214576721,0.04219834506511688,807.658203125,1.7197951406669095e-18,0.18736419081687927,0.031296223402023315,0.03142111375927925,1.4301310784503585e-06
radial,75,5.887984298169613,0.5400000214576721,0.04239348694682121,805.2593994140625,1.7086025597984544e-18,0.18760065734386444,0.031143249943852425,0.031298115849494934,1.4214369912224356e-06
radial,75,5.915191852384144,0.5400000214576721,0.04258938133716583,802.853271484375,1.6970259603306217e-18,0.18783783912658691,0.03098980337381363,0.031174730509519577,1.4124376548352302e-06
radial,75,5.942504956490464,0.5400000214576721,0.04278603568673134,800.439697265625,1.6850690645761677e-18,0.18807578086853027,0.03083588369190693,0.031050967052578926,1.4031356840860099e-06
radial,75,5.969923093087144,0.5400000214576721,0.04298344627022743,798.0189208984375,1.6727353880526958e-18,0.18831443786621094,0.03068149834871292,0.03092682920396328,1.3935344895799062e-06
radial,75,5.997447296977043,0.5400000214576721,0.04318162053823471,795.5908813476562,1.6600290666632687e-18,0.1885538101196289,0.030526652932167053,0.030802318826317787,1.3836366861141869e-06
radial,75,6.025077568160163,0.5400000214576721,0.043380558490753174,793.15576171875,1.6469536159254898e-18,0.18879389762878418,0.030371341854333878,0.030677437782287598,1.373445456920308e-06
radial,75,6.0528154588407945,0.5400000214576721,0.04358027130365372,790.71337890625,1.633513171742422e-18,0.18903467059135437,0.03021557629108429,0.03055219165980816,1.3629636441692128e-06
radial,75,6.080659934216076,0.5400000214576721,0.04378075152635574,788.263916015625,1.6197116632219747e-18,0.18927615880966187,0.03005935810506344,0.03042657859623432,1.3521947721528704e-06
radial,75,6.108612029088868,0.5400000214576721,0.04398200660943985,785.8075561523438,1.6055533296647874e-18,0.18951833248138428,0.029902692884206772,0.030300607904791832,1.3411417967290618e-06
radial,75,6.136671743459172,0.5400000214576721,0.044184036552906036,783.3441772460938,1.5910418933836165e-18,0.189761221408844,0.02974557876586914,0.030174273997545242,1.3298077874424052e-06
radial,75,6.1648401121298475,0.5400000214576721,0.0443868488073349,780.8729858398438,1.5761761136075432e-18,0.1900048553943634,0.029587965458631516,0.030047541484236717,1.3181919484850368e-06
radial,75,6.193117652502325,0.5400000214576721,0.04459044709801674,778.392822265625,1.560950820457739e-18,0.19024938344955444,0.029429780319333076,0.029920348897576332,1.3062899597571231e-06
radial,75,6.221503847175175,0.5400000214576721,0.044794827699661255,775.908935546875,1.5454049948205705e-18,0.19049428403377533,0.029271356761455536,0.029792964458465576,1.2941321756443358e-06
radial,75,6.250000248352687,0.5400000214576721,0.04500000178813934,773.4208374023438,1.5295444269603257e-18,0.19073961675167084,0.029112663120031357,0.02966536208987236,1.2817234846806969e-06
radial,75,6.266703001326985,0.5400000214576721,0.04512026160955429,771.95947265625,1.520095646220709e-18,0.19088369607925415,0.02901945635676384,0.029590416699647903,1.2743289516947698e-06
radial,75,6.284950197570854,0.5400000214576721,0.04525164142251015,770.3629760742188,1.5096616933715417e-18,0.19104109704494476,0.028917629271745682,0.02950853854417801,1.2661619166465243e-06
radial,75,6.304884639879068,0.5400000214576721,0.04539516940712929,768.623291015625,1.4981639862546311e-18,0.19121262431144714,0.028806673362851143,0.029419321566820145,1.2571603065225645e-06
radial,75,6.32666258348359,0.5400000214576721,0.04555197060108185,766.72509765625,1.4854686250083204e-18,0.19139976799488068,0.028685610741376877,0.029321976006031036,1.2472187336243223e-06
radial,75,6.350453736053573,0.5400000214576721,0.045723266899585724,764.6533203125,1.471434368543016e-18,0.19160404801368713,0.028553470969200134,0.029215725138783455,1.2362261259113438e-06
radial,75,6.376444879505369,0.5400000214576721,0.04591040313243866,762.3922729492188,1.455909325818738e-18,0.19182699918746948,0.028409261256456375,0.02909976989030838,1.2240620890224818e-06
radial,75,6.404838835199675,0.5400000214576721,0.04611483961343765,759.9249877929688,1.4387233044244534e-18,0.19207024574279785,0.028251901268959045,0.028973238542675972,1.2105930409234134e-06
radial,75,6.435859120554395,0.5400000214576721,0.04633818566799164,757.2330322265625,1.4196855358313924e-18,0.19233565032482147,0.02808021567761898,0.02883519046008587,1.1956681191804819e-06
radial,75,6.469745809833209,0.5400000214576721,0.0465821698307991,754.29638671875,1.3985825040439395e-18,0.19262517988681793,0.02789291739463806,0.0286845900118351,1.1791184988396708e-06
radial,75,6.506766916977035,0.5400000214576721,0.04684872180223465,751.0931396484375,1.3751757742505265e-18,0.19294099509716034,0.02768862619996071,0.02852032333612442,1.1607561418713885e-06
radial,75,6.547210634582573,0.5400000214576721,0.04713991656899452,747.5997314453125,1.3491989942939112e-18,0.19328543543815613,0.027465827763080597,0.028341174125671387,1.1403702728784992e-06
radial,75,6.5913936123251915,0.5400000214576721,0.04745803400874138,743.7904052734375,1.3203558267196465e-18,0.19366098940372467,0.0272228866815567,0.02814583107829094,1.1177262422279455e-06
radial,75,6.639662509163221,0.5400000214576721,0.04780557006597519,739.637451171875,1.2883160196681707e-18,0.19407042860984802,0.026958035305142403,0.027932871133089066,1.092562797566643e-06
radial,75,6.692393475936519,0.5400000214576721,0.048185233026742935,735.1107177734375,1.2527138559111587e-18,0.19451668858528137,0.02666935697197914,0.027700748294591904,1.0645900374584016e-06
radial,75,6.75000095119079,0.5400000214576721,0.048600006848573685,730.1775512695312,1.213143913550883e-18,0.19500301778316498,0.026354771107435226,0.02744779735803604,1.0334864555261447e-06
radial,75,6.81293403936757,0.5400000214576721,0.0490531250834465,724.8027954101562,1.1691595150565648e-18,0.19553282856941223,0.026012035086750984,0.027172209694981575,9.988975762098562e-07
radial,75,6.881686341431406,0.5400000214576721,0.04954814165830612,718.9481811523438,1.1202692117467713e-18,0.19610996544361115,0.025638721883296967,0.02687203511595726,9.604328852219624e-07
radial,75,6.956795437468423,0.5400000214576721,0.050088927149772644,712.572509765625,1.0659353362233428e-18,0.19673840701580048,0.025232207030057907,0.026545163244009018,9.176648063657922e-07
radial,75,7.0388490955034895,0.5400000214576721,0.05067971348762512,705.631103515625,1.005571727624709e-18,0.1974225640296936,0.024789651855826378,0.02618931233882904,8.701263141119853e-07
radial,75,7.12848992811309,0.5400000214576721,0.051325127482414246,698.0755615234375,9.38542697650123e-19,0.19816720485687256,0.024307981133461,0.02580200880765915,8.173102514774655e-07
radial,75,7.226418496833907,0.5400000214576721,0.05203021317720413,689.853271484375,8.641631339572376e-19,0.19897747039794922,0.023783862590789795,0.025380577892065048,7.586688752780901e-07
radial,75,7.333401590585709,0.5400000214576721,0.0528004914522171,680.9072265625,7.816998960293894e-19,0.19985896348953247,0.023213669657707214,0.024922095239162445,6.936138561286498e-07
radial,75,7.333401590585709,0.5400000214576721,0.0528004914522171,680.9072265625,7.816998960293894e-19,0.19985896348953247,0.023213669657707214,0.024922095239162445,6.936138561286498e-07
radial,75,7.450276882284218,0.5400000214576721,0.053641993552446365,671.17431640625,6.903707295010448e-19,0.20081786811351776,0.022593405097723007,0.024423351511359215,6.215148005139781e-07
radial,75,7.577958620256848,0.5400000214576721,0.054561302065849304,660.584716796875,5.893535202409025e-19,0.20186100900173187,0.0219186469912529,0.023880792781710625,5.417044235400681e-07
radial,75,7.71744487186273,0.5400000214576721,0.05556560307741165,649.06201171875,4.778231038891527e-19,0.2029958963394165,0.021184545010328293,0.023290516808629036,4.5350455479820084e-07
radial,75,7.869828906324175,0.5400000214576721,0.05666276812553406,636.5181274414062,3.5497003251762386e-19,0.2042311728000641,0.02038552053272724,0.022648032754659653,3.5623577332444256e-07
radial,75,8.036302816536692,0.5400000214576721,0.05786138027906418,622.8350219726562,2.1993504641563247e-19,0.20557840168476105,0.019514065235853195,0.021947314962744713,2.49149820774619e-07
radial,75,8.21816734969616,0.5400000214576721,0.05917080491781235,607.77099609375,9.834589409538762e-20,0.2070452719926834,0.01856520026922226,0.021184347569942474,1.5125593222364841e-07
radial,75,8.416848981546032,0.5400000214576721,0.060601312667131424,591.1080932617188,4.3599701348344146e-20,0.2086203396320343,0.01754625327885151,0.020365020260214806,1.0240770365044227e-07
radial,75,8.633900433778763,0.5400000214576721,0.06216408312320709,573.1565551757812,3.776483069970618e-20,0.2102852314710617,0.016469141468405724,0.01949891820549965,8.937723805502173e-08
radial,75,8.871020335290167,0.5400000214576721,0.0638713464140892,554.2875366210938,3.16224879700943e-20,0.21203456819057465,0.015337390825152397,0.018588881939649582,7.56266089751989e-08
radial,75,9.130064605010881,0.5400000214576721,0.06573646515607834,534.4496459960938,2.5291300875988842e-20,0.21387271583080292,0.014148175716400146,0.017632637172937393,6.141885933175217e-08
radial,75,9.413060421744982,0.5400000214576721,0.06777403503656387,513.6697387695312,1.8926183220897374e-20,0.21579676866531372,0.01290338858962059,0.016631707549095154,4.709968592919722e-08
radial,75,9.722222263614336,0.5400000214576721,0.07000000029802322,492.0216369628906,1.26833332000989e-20,0.21779944002628326,0.011607734486460686,0.015589874237775803,3.3026623214027495e-08
radial,75,9.903418314125803,0.5400000214576721,0.07130461186170578,479.6694641113281,9.344219940311135e-21,0.21894113719463348,0.010869092307984829,0.014995932579040527,2.5488846588928027e-08
radial,75,10.091573413875368,0.5400000214576721,0.07265932857990265,466.95343017578125,6.092096354160685e-21,0.22011569142341614,0.01010920200496912,0.014384906738996506,1.8135509094463487e-08
radial,75,10.286953507198229,0.5400000214576721,0.07406606525182724,453.83648681640625,3.3567732427483454e-21,0.2213207334280014,0.009329584427177906,0.01375801581889391,1.182487352480166e-08
radial,75,10.489836956063906,0.5400000214576721,0.07552682608366013,440.22784423828125,2.007483941980411e-21,0.22255203127861023,0.008532965555787086,0.013117451220750809,8.308069787688055e-09
radial,75,10.700512470470535,0.5400000214576721,0.07704368978738785,426.3827209472656,1.5986853661688268e-21,0.22379162907600403,0.007730965968221426,0.01247255690395832,6.708671396182808e-09
radial,75,10.919278073641989,0.5400000214576721,0.07861880213022232,412.5984191894531,1.2166270798296707e-21,0.2250249683856964,0.006933033466339111,0.011830934323370457,5.2101380987323864e-09
radial,75,11.146444206436476,0.5400000214576721,0.08025439828634262,398.8767395019531,8.659141121397118e-22,0.2262517511844635,0.006139332428574562,0.011192712932825089,3.830930239701047e-09
radial,75,11.382334762149387,0.5400000214576721,0.08195281028747559,385.16229248046875,5.478443349255432e-22,0.22747689485549927,0.005346689373254776,0.010555343702435493,2.5763333688644252e-09
radial,75,11.627285016907587,0.5400000214576721,0.08371645212173462,371.5511474609375,3.088364443084825e-22,0.22869007289409637,0.0045617930591106415,0.009924203157424927,1.6022894122613707e-09
radial,75,11.881640594866541,0.5400000214576721,0.08554781228303909,358.2347717285156,1.8249412255896812e-22,0.2298727035522461,0.0037966417148709297,0.009308937937021255,1.0229177505038933e-09
radial,75,12.145765746633213,0.5400000214576721,0.08744951337575912,345.2005615234375,1.1112828722254954e-22,0.23102793097496033,0.0030492153018712997,0.0087079256772995,6.465044610770576e-10
radial,75,12.420033001237446,0.5400000214576721,0.0894242376089096,332.03399658203125,5.910099832438956e-23,0.23218660056591034,0.0022995886392891407,0.008105144836008549,3.6393135727230685e-10
radial,75,12.70483351416058,0.5400000214576721,0.09147480130195618,318.6197814941406,3.004089927709085e-23,0.2333534210920334,0.0015446733450517058,0.007498111110180616,1.9164911324587308e-10
radial,75,13.000570858518284,0.5400000214576721,0.09360411018133163,306.0289611816406,1.2524552898994036e-23,0.2344428151845932,0.0008398632053285837,0.006931366864591837,7.990172412597474e-11
radial,75,13.307665164271992,0.5400000214576721,0.09581518918275833,296.67095947265625,2.6244840253308093e-24,0.23525160551071167,0.00031659204978495836,0.0065105995163321495,1.674317628985733e-11
radial,75,13.626553118228912,0.5400000214576721,0.09811118245124817,292.3631896972656,9.903467656221468e-26,0.23562343418598175,7.6026983151678e-05,0.0063171591609716415,6.318023361429059e-13
radial,75,13.957687964042028,0.5400000214576721,0.1004953533411026,291.4036865234375,3.4783462679551756e-26,0.2357061505317688,2.2512806026497856e-05,0.006274127401411533,2.2190482415994361e-13
radial,75,14.301538467407227,0.5400000214576721,0.10297107696533203,291.2021789550781,2.836959211179739e-26,0.23572352528572083,1.1275824363110587e-05,0.006265091709792614,1.8098685798748765e-13
radial,75,14.658595124880474,0.5400000214576721,0.1055418848991394,291.09649658203125,1.8985792739866083e-26,0.23573262989521027,5.383047209761571e-06,0.00626035314053297,1.2112188964470694e-13
radial,75,15.02936292025778,0.5400000214576721,0.10821141302585602,291.0406188964844,1.051670223944183e-26,0.23573744297027588,2.2669310055789538e-06,0.006257847882807255,6.709242265489496e-14
radial,75,15.414369602998098,0.5400000214576721,0.1109834611415863,291.01531982421875,4.17043296829342e-27,0.23573961853981018,8.546104481865768e-07,0.006256712134927511,2.6605725001599412e-14
radial,75,15.814160514209005,0.5400000214576721,0.11386195570230484,291.0052490234375,6.666202538690582e-28,0.23574048280715942,2.9353265063036815e-07,0.00625626090914011,4.252774974761392e-15
radial,75,16.229305830266743,0.5400000214576721,0.11685100197792053,291.0016784667969,0.0,0.2357408106327057,9.253164989786455e-08,0.006256099324673414,0.0
radial,75,16.66039435399903,0.5400000214576721,0.11995483934879303,291.0004577636719,0.0,0.23574091494083405,2.6738991465435902e-08,0.006256046239286661,0.0
radial,75,17.108036619093685,0.5400000214576721,0.12317786365747452,291.0001220703125,0.0,0.23574092984199524,7.0161649823319294e-09,0.00625603087246418,0.0
radial,75,17.572871098915737,0.5400000214576721,0.1265246719121933,291.0000305175781,0.0,0.23574094474315643,1.6041508121844572e-09,0.006256026215851307,0.0
radial,75,18.055554893281727,0.5400000214576721,0.12999999523162842,291.0,0.0,0.23574094474315643,2.2497363694196082e-10,0.006256025284528732,0.0
radial,75,18.337727006938724,0.5400000214576721,0.1320316344499588,291.0,0.0,0.23574094474315643,3.364582917830816e-11,0.006256024818867445,0.0
radial,75,18.62480408615536,0.5400000214576721,0.1340985894203186,291.0,0.0,0.23574094474315643,0.0,0.006256024818867445,0.0
radial,75,18.91687098476622,0.5400000214576721,0.13620147109031677,291.0,0.0,0.23574094474315643,0.0,0.006256024818867445,0.0
radial,75,19.21401462621159,0.5400000214576721,0.13834090530872345,291.0,0.0,0.23574094474315643,0.0,0.006256024818867445,0.0
radial,75,19.51632607314322,0.5400000214576721,0.14051754772663116,291.0,0.0,0.23574094474315643,0.0,0.006256024818867445,0.0
radial,75,19.823892249001396,0.5400000214576721,0.14273202419281006,291.0,0.0,0.23574094474315643,0.0,0.006256024818867445,0.0
radial,75,20.13680421643787,0.5400000214576721,0.14498499035835266,291.0,0.0,0.23574094474315643,0.0,0.006256024818867445,0.0
radial,75,20.45515717731582,0.5400000214576721,0.1472771316766739,291.0,0.0,0.23574094474315643,0.0,0.006256024818867445,0.0
radial,75,20.779042194286983,0.5400000214576721,0.14960910379886627,291.0,0.0,0.23574094474315643,0.0,0.006256024818867445,0.0
radial,75,21.10856067803171,0.5400000214576721,0.1519816368818283,291.0,0.0,0.23574094474315643,0.0,0.006256024818867445,0.0
radial,75,21.44380576080746,0.5400000214576721,0.15439540147781372,291.0,0.0,0.23574094474315643,0.0,0.006256024818867445,0.0
radial,75,21.784880922900307,0.5400000214576721,0.1568511426448822,291.0,0.0,0.23574094474315643,0.0,0.006256024818867445,0.0
radial,75,22.131883435779148,0.5400000214576721,0.15934956073760986,291.0,0.0,0.23574094474315643,0.0,0.006256024818867445,0.0
radial,75,22.484918849335777,0.5400000214576721,0.1618914157152176,291.0,0.0,0.23574094474315643,0.0,0.006256024818867445,0.0
radial,75,22.844090643856262,0.5400000214576721,0.16447745263576508,291.0,0.0,0.23574094474315643,0.0,0.006256024818867445,0.0
radial,75,23.209508508443832,0.5400000214576721,0.1671084612607956,291.0,0.0,0.23574094474315643,0.0,0.006256024818867445,0.0
radial,75,23.581277992990284,0.5400000214576721,0.16978520154953003,291.0,0.0,0.23574094474315643,0.0,0.006256024818867445,0.0
radial,75,23.959510856204563,0.5400000214576721,0.17250847816467285,291.0,0.0,0.23574094474315643,0.0,0.006256024818867445,0.0
radial,75,24.344316787189907,0.5400000214576721,0.17527908086776733,291.0,0.0,0.23574094474315643,0.0,0.006256024818867445,0.0
radial,75,24.735813753472435,0.5400000214576721,0.17809785902500153,291.0,0.0,0.23574094474315643,0.0,0.006256024818867445,0.0
radial,75,25.13411765297254,0.5400000214576721,0.18096564710140228,291.0,0.0,0.23574094474315643,0.0,0.006256024818867445,0.0
radial,75,25.53934438361062,0.5400000214576721,0.18388327956199646,291.0,0.0,0.23574094474315643,0.0,0.006256024818867445,0.0
radial,75,25.951618121729958,0.5400000214576721,0.1868516504764557,291.0,0.0,0.23574094474315643,0.0,0.006256024818867445,0.0
radial,75,26.37105683485667,0.5400000214576721,0.18987160921096802,291.0,0.0,0.23574094474315643,0.0,0.006256024818867445,0.0
radial,75,26.797786768939762,0.5400000214576721,0.19294406473636627,291.0,0.0,0.23574094474315643,0.0,0.006256024818867445,0.0
radial,75,27.231936239533955,0.5400000214576721,0.19606994092464447,291.0,0.0,0.23574094474315643,0.0,0.006256024818867445,0.0
radial,75,27.673633562193977,0.5400000214576721,0.19925016164779663,291.0,0.0,0.23574094474315643,0.0,0.006256024818867445,0.0
radial,75,28.123009122080273,0.5400000214576721,0.20248566567897797,291.0,0.0,0.23574094474315643,0.0,0.006256024818867445,0.0
radial,75,28.58019537395901,0.5400000214576721,0.20577740669250488,291.0,0.0,0.23574094474315643,0.0,0.006256024818867445,0.0
radial,75,29.045330981413525,0.5400000214576721,0.20912638306617737,291.0,0.0,0.23574094474315643,0.0,0.006256024818867445,0.0
radial,75,29.51855253842142,0.5400000214576721,0.21253357827663422,291.0,0.0,0.23574094474315643,0.0,0.006256024818867445,0.0
radial,75,30.000000778171753,0.5400000214576721,0.2160000056028366,291.0,0.0,0.23574094474315643,0.0,0.006256024818867445,0.0
centerline,0.0,0.0,0.0,0.0,294.0,0.15636996924877167,0.1965000182390213,0.0,0.0,0.0
centerline,0.024509802945734314,0.0,0.00017647058120928705,0.0,294.0,0.15636996924877167,0.1965000182390213,0.0,0.0,0.0
centerline,0.04901960589146863,0.0,0.0003529411624185741,0.0,294.0,0.15636996924877167,0.1965000182390213,4.125516595010481e-10,2.377697483346708e-10,1.6772803146380966e-09
centerline,0.07352941287940161,0.0,0.0005294117727316916,0.0,294.0000305175781,0.15636995434761047,0.1965000182390213,1.247372427570781e-09,7.18909765051734e-10,5.071348230245576e-09
centerline,0.09803921178293726,0.0,0.0007058823248371482,0.0,294.0000305175781,0.15636995434761047,0.1965000033378601,2.456136627415617e-09,1.4155682181993257e-09,9.985730464734388e-09
centerline,0.12254901877087024,0.0,0.0008823529351502657,0.0,294.0000915527344,0.15636995434761047,0.1965000033378601,4.6201824588365525e-09,2.662792875085529e-09,1.8783927302479242e-08
centerline,0.14705882575880322,0.0,0.0010588235454633832,0.0,294.0001525878906,0.15636993944644928,0.1964999884366989,8.330044209969856e-09,4.800932096316046e-09,3.3866836446350135e-08
centerline,0.17156863274673623,0.0,0.0012352941557765007,0.0,294.000244140625,0.15636992454528809,0.19649997353553772,1.4472804288345742e-08,8.341245916199114e-09,5.8840992522846136e-08
centerline,0.19607842356587452,0.0,0.0014117646496742964,0.0,294.0003967285156,0.1563698947429657,0.19649992883205414,2.4345911953105315e-08,1.4031506623268797e-08,9.898134578634199e-08
centerline,0.2205882305538075,0.0,0.0015882352599874139,0.0,294.00067138671875,0.15636985003948212,0.19649986922740936,3.9838806031866625e-08,2.2960671586247372e-08,1.6196963770198636e-07
centerline,0.24509803754174048,0.0,0.0017647058703005314,0.0,294.0010681152344,0.15636979043483734,0.1964997947216034,6.364316362805766e-08,3.668005632562199e-08,2.587492247130285e-07
centerline,0.26960784452967346,0.0,0.0019411764806136489,0.0,294.00164794921875,0.15636970102787018,0.19649966061115265,9.950251467216731e-08,5.734721142403032e-08,4.045398895868857e-07
centerline,0.29411765151760644,0.0,0.0021176470909267664,0.0,294.0025329589844,0.15636955201625824,0.19649948179721832,1.525099548871367e-07,8.789748306980982e-08,6.200482403073693e-07
centerline,0.3186274423367447,0.0,0.002294117584824562,0.0,294.0038146972656,0.15636934340000153,0.19649919867515564,2.2944909972011374e-07,1.3224054384863848e-07,9.328539363195887e-07
centerline,0.34313726549347245,0.0,0.0024705883115530014,0.0,294.0056457519531,0.15636904537677765,0.1964988112449646,3.3915125641215127e-07,1.9546619967059087e-07,1.3788617252430413e-06
centerline,0.36764705631261074,0.0,0.002647058805450797,0.0,294.0082092285156,0.15636862814426422,0.19649825990200043,4.928771772938489e-07,2.8406449814610824e-07,2.0038537513755728e-06
centerline,0.39215684713174903,0.0,0.0028235292993485928,0.0,294.01171875,0.15636804699897766,0.19649751484394073,7.047360099932121e-07,4.0616706087348575e-07,2.865192072931677e-06
centerline,0.4166666702884767,0.0,0.003000000026077032,0.0,294.0165100097656,0.15636727213859558,0.19649648666381836,9.920787533701514e-07,5.717740236832469e-07,4.033420282212319e-06
centerline,0.441176461107615,0.0,0.0031764705199748278,0.0,294.0229187011719,0.156366229057312,0.19649513065814972,1.3758974546362879e-06,7.929838261588884e-07,5.593883088295115e-06
centerline,0.46568628426434266,0.0,0.003352941246703267,0.0,294.03131103515625,0.15636485815048218,0.19649332761764526,1.8811896325132693e-06,1.0842035180758103e-06,7.64821106713498e-06
centerline,0.49019607508348095,0.0,0.0035294117406010628,0.0,294.042236328125,0.15636307001113892,0.19649100303649902,2.5371991796419024e-06,1.4622877415604307e-06,1.0315300642105285e-05
centerline,0.5147058982402086,0.0,0.003705882467329502,0.0,294.0562438964844,0.15636079013347626,0.19648800790309906,3.377441316843033e-06,1.946552401932422e-06,1.3731410035688896e-05
centerline,0.5392156890593469,0.0,0.0038823529612272978,0.0,294.0379943847656,0.1563638299703598,0.1964920163154602,2.2519529920828063e-06,1.3613536111733993e-06,9.075509296962991e-06
centerline,0.5637254798784852,0.0,0.0040588234551250935,0.0,294.013671875,0.15636789798736572,0.1964973658323288,7.508578505621699e-07,5.7829055322145e-07,2.8687688882200746e-06
centerline,0.5882353030352129,0.0,0.004235294181853533,0.0,294.01751708984375,0.15636731684207916,0.1964966207742691,9.627777899368084e-07,7.419549774567713e-07,3.6773105875909096e-06
centerline,0.6127451261919405,0.0,0.004411764908581972,0.0,294.0222473144531,0.15636660158634186,0.19649569690227509,1.2220056078149355e-06,9.421761433259235e-07,4.666293534683064e-06
centerline,0.6372548846734895,0.0,0.004588235169649124,0.0,294.0279541015625,0.15636573731899261,0.19649459421634674,1.5359709095719154e-06,1.1846624374811654e-06,5.864138074684888e-06
centerline,0.6617647078302171,0.0,0.0047647058963775635,0.0,294.0348205566406,0.15636469423770905,0.1964932531118393,1.9127603536617244e-06,1.4756100199520006e-06,7.301820915017743e-06
centerline,0.6862745309869449,0.0,0.004941176623106003,0.0,294.04296875,0.15636345744132996,0.19649167358875275,2.3610953121533385e-06,1.821680825742078e-06,9.012802365759853e-06
centerline,0.7107842894684937,0.0,0.005117646884173155,0.0,294.0526123046875,0.15636199712753296,0.19648981094360352,2.8902425128762843e-06,2.2299273041426204e-06,1.1032700058422051e-05
centerline,0.7352941126252215,0.0,0.005294117610901594,0.0,294.06390380859375,0.15636028349399567,0.19648762047290802,3.509985845084884e-06,2.7077658160123974e-06,1.339919435849879e-05
centerline,0.7598039357819492,0.0,0.0054705883376300335,0.0,294.0769958496094,0.15635830163955688,0.19648507237434387,4.2305782699259e-06,3.2629341149004176e-06,1.615185828995891e-05
centerline,0.7843136942634981,0.0,0.0056470585986971855,0.0,294.0921325683594,0.15635600686073303,0.1964821219444275,5.062675882072654e-06,3.90343438994023e-06,1.9331919247633778e-05
centerline,0.8088235174202257,0.0,0.005823529325425625,0.0,294.1094970703125,0.15635336935520172,0.19647875428199768,6.017269697622396e-06,4.637477559299441e-06,2.2982010705163702e-05
centerline,0.8333333405769534,0.0,0.006000000052154064,0.0,294.1293029785156,0.15635037422180176,0.19647489488124847,7.105612439772813e-06,5.473420969792642e-06,2.7145906642545015e-05
centerline,0.8578431637336811,0.0,0.0061764707788825035,0.0,294.1517028808594,0.15634696185588837,0.19647054374217987,8.339141459146049e-06,6.4197060964943375e-06,3.186822505085729e-05
centerline,0.88235292221523,0.0,0.0063529410399496555,0.0,294.1769714355469,0.15634313225746155,0.1964656263589859,9.729397788760252e-06,7.484794423362473e-06,3.719413507496938e-05
centerline,0.9068627453719577,0.0,0.006529411766678095,0.0,294.2052917480469,0.15633882582187653,0.19646009802818298,1.1287951565464027e-05,8.677106052346062e-06,4.3169082346139476e-05
centerline,0.9313725685286853,0.0,0.006705882493406534,0.0,294.2368469238281,0.1563340276479721,0.19645394384860992,1.3026326087128837e-05,1.0004963769461028e-05,4.9838487029774114e-05
centerline,0.9558823270102342,0.0,0.006882352754473686,0.0,294.2718811035156,0.1563287079334259,0.19644711911678314,1.4955935512261931e-05,1.1476538929855451e-05,5.724750735680573e-05
centerline,0.9803921501669619,0.0,0.0070588234812021255,0.0,294.3105773925781,0.15632280707359314,0.19643956422805786,1.7088012100430205e-05,1.3099805073579773e-05,6.544077041326091e-05
centerline,1.0049019733236897,0.0,0.007235294207930565,0.0,294.35308837890625,0.156316339969635,0.1964312493801117,1.9433560737525113e-05,1.4882498362567276e-05,7.446217932738364e-05
centerline,1.0294117964804173,0.0,0.007411764934659004,0.0,294.3996887207031,0.15630923211574554,0.19642214477062225,2.200330163759645e-05,1.6832080291351303e-05,8.435469499090686e-05
centerline,1.0539215549619663,0.0,0.007588235195726156,0.0,294.45050048828125,0.15630148351192474,0.19641220569610596,2.480762304912787e-05,1.8955704945256002e-05,9.516014688415453e-05
centerline,1.0784313781186938,0.0,0.0077647059224545956,0.0,294.5057067871094,0.15629304945468903,0.19640138745307922,2.7856527594849467e-05,2.1260177163640037e-05,0.00010691900388337672
centerline,1.1029411366002428,0.0,0.007941176183521748,0.0,294.5655212402344,0.1562839150428772,0.19638967514038086,3.115956860710867e-05,2.3751912522129714e-05,0.0001196701341541484
centerline,1.1274509597569704,0.0,0.008117646910250187,0.0,294.6300354003906,0.15627405047416687,0.1963770091533661,3.472580647212453e-05,2.6436911866767332e-05,0.00013345065235625952
centerline,1.1519607829136982,0.0,0.008294117636978626,0.0,294.699462890625,0.15626344084739685,0.1963633894920349,3.856380135403015e-05,2.932075221906416e-05,0.00014829574502073228
centerline,1.1764706060704258,0.0,0.008470588363707066,0.0,294.77386474609375,0.15625204145908356,0.19634877145290375,4.2681567720137537e-05,3.2408570405095816e-05,0.00016423870692960918
centerline,1.2009804292271535,0.0,0.008647059090435505,0.0,294.85345458984375,0.1562398374080658,0.196333110332489,4.7086603444768116e-05,3.570508488337509e-05,0.00018131083925254643
centerline,1.225490252383881,0.0,0.008823529817163944,0.0,294.9383239746094,0.15622682869434357,0.1963164210319519,5.178589708521031e-05,3.9214599382830784e-05,0.00019954153685830534
centerline,1.2499999461902513,0.0,0.008999999612569809,0.0,295.028564453125,0.15621298551559448,0.19629864394664764,5.678594607161358e-05,4.294103564461693e-05,0.00021895831741858274
centerline,1.274509769346979,0.0,0.009176470339298248,0.0,295.124267578125,0.15619827806949615,0.19627976417541504,6.209278217284009e-05,4.688795888796449e-05,0.00023958702513482422
centerline,1.2990195925037067,0.0,0.009352941066026688,0.0,295.2255859375,0.15618270635604858,0.1962597668170929,6.771201879018918e-05,5.105859600007534e-05,0.0002614517870824784
centerline,1.3235294156604342,0.0,0.009529411792755127,0.0,295.3325500488281,0.15616624057292938,0.1962386518716812,7.364885095739737e-05,5.545587191591039e-05,0.0002845752169378102
centerline,1.348039238817162,0.0,0.009705882519483566,0.0,295.4452819824219,0.15614888072013855,0.19621635973453522,7.990808808244765e-05,6.008242417010479e-05,0.000308978371322155
centerline,1.3725490619738898,0.0,0.009882353246212006,0.0,295.5638122558594,0.1561306118965149,0.1961929053068161,8.649418305139989e-05,6.494061381090432e-05,0.0003346809244249016
centerline,1.3970588851306174,0.0,0.010058823972940445,0.0,295.6882629394531,0.15611141920089722,0.19616825878620148,9.341123950434849e-05,7.003256905591115e-05,0.0003617011825554073
centerline,1.4215685789369874,0.0,0.01023529376834631,0.0,295.8186340332031,0.15609130263328552,0.19614242017269135,0.00010066303366329521,7.536015618825331e-05,0.0003900561423506588
centerline,1.4460784020937152,0.0,0.010411764495074749,0.0,295.9550476074219,0.15607023239135742,0.19611535966396332,0.00010825296340044588,8.0925012298394e-05,0.0004197613161522895
centerline,1.470588225250443,0.0,0.010588235221803188,0.0,296.0975036621094,0.15604820847511292,0.1960870772600174,0.000116184055514168,8.672849071444944e-05,0.00045083073200657964
centerline,1.4950980484071705,0.0,0.010764705948531628,0.0,296.247314453125,0.1560250073671341,0.1960572749376297,0.00012454090756364167,9.281107486458495e-05,0.0004836035950575024
centerline,1.5196078715638983,0.0,0.010941176675260067,0.0,296.4060974121094,0.15600034594535828,0.19602559506893158,0.0001334265252808109,9.922216122504324e-05,0.0005184925976209342
centerline,1.5441176947206259,0.0,0.011117647401988506,0.0,296.572998046875,0.1559744030237198,0.19599224627017975,0.00014278427988756448,0.00010593442129902542,0.0005552736110985279
centerline,1.5686273885269961,0.0,0.011294117197394371,0.0,296.7467956542969,0.15594734251499176,0.1959574818611145,0.00015253919991664588,0.00011291151895420626,0.0005936496891081333
centerline,1.5931372116837237,0.0,0.01147058792412281,0.0,296.9275817871094,0.1559191644191742,0.19592127203941345,0.00016269406478386372,0.00012015422544209287,0.0006336336955428123
centerline,1.6176470348404515,0.0,0.01164705865085125,0.0,297.1153564453125,0.15588988363742828,0.1958836317062378,0.0001732510863803327,0.00012766296276822686,0.0006752363406121731
centerline,1.642156857997179,0.0,0.011823529377579689,0.0,297.31011962890625,0.15585947036743164,0.19584453105926514,0.0001842119381763041,0.00013543781824409962,0.0007184660062193871
centerline,1.6666666811539068,0.0,0.012000000104308128,0.0,297.5119323730469,0.15582793951034546,0.19580398499965668,0.00019557771156542003,0.00014347849355544895,0.0007633290369994938
centerline,1.6911765043106344,0.0,0.012176470831036568,0.0,297.72076416015625,0.15579526126384735,0.19576199352741241,0.00020734909048769623,0.00015178443572949618,0.0008098296239040792
centerline,1.7156863274673622,0.0,0.012352941557765007,0.0,297.93658447265625,0.1557614654302597,0.19571854174137115,0.0002195262786699459,0.00016035478620324284,0.0008579703862778842
centerline,1.7401960212737322,0.0,0.012529411353170872,0.0,298.1594543457031,0.15572655200958252,0.1956736296415329,0.00023210908693727106,0.00016918849723879248,0.0009077520808205009
centerline,1.76470584443046,0.0,0.012705882079899311,0.0,298.3892822265625,0.1556904911994934,0.19562727212905884,0.0002450969477649778,0.00017828427371568978,0.000959174067247659
centerline,1.7892156675871875,0.0,0.01288235280662775,0.0,298.6260681152344,0.15565332770347595,0.19557946920394897,0.000258488958934322,0.00018764061678666621,0.0010122341336682439
centerline,1.8137254907439153,0.0,0.01305882353335619,0.0,298.8697814941406,0.15561501681804657,0.19553020596504211,0.0002722838835325092,0.00019725588208530098,0.0010669288458302617
centerline,1.8382353139006429,0.0,0.013235294260084629,0.0,299.1203918457031,0.15557560324668884,0.19547951221466064,0.0002864801499526948,0.00020712820696644485,0.001123253139667213
centerline,1.8627451370573707,0.0,0.013411764986813068,0.0,299.3778381347656,0.15553508698940277,0.19542738795280457,0.0003010759537573904,0.0002172555832657963,0.0011812010779976845
centerline,1.8872549602140984,0.0,0.013588235713541508,0.0,299.6421203613281,0.15549345314502716,0.19537383317947388,0.00031606911215931177,0.00022763587185181677,0.0012407652102410793
centerline,1.9117646540204685,0.0,0.013764705508947372,0.0,299.91314697265625,0.1554507166147232,0.19531886279582977,0.0003314572386443615,0.00023826675896998495,0.0013019370380789042
centerline,1.936274477177196,0.0,0.013941176235675812,0.0,300.19085693359375,0.1554068922996521,0.19526247680187225,0.0003472376265563071,0.00024914578534662724,0.0013647067826241255
centerline,1.9607843003339238,0.0,0.014117646962404251,0.0,300.4752502441406,0.15536198019981384,0.1952047049999237,0.00036340736551210284,0.00026027040439657867,0.001429063966497779
centerline,1.9852941234906516,0.0,0.01429411768913269,0.0,300.76617431640625,0.15531599521636963,0.19514553248882294,0.00037996331229805946,0.000271637924015522,0.0014949969481676817
centerline,2.0098039466473794,0.0,0.01447058841586113,0.0,301.06365966796875,0.15526895225048065,0.19508498907089233,0.00039690217818133533,0.00028324557933956385,0.0015624932711943984
centerline,2.0343137698041067,0.0,0.014647059142589569,0.0,301.3675537109375,0.15522083640098572,0.1950230896472931,0.00041422047070227563,0.00029509057640098035,0.0016315398970618844
centerline,2.0588235929608345,0.0,0.014823529869318008,0.0,301.6778259277344,0.1551716923713684,0.1949598342180252,0.0004319146682973951,0.00030717006302438676,0.0017021234380081296
centerline,2.0833332867672048,0.0,0.014999999664723873,0.0,301.99444580078125,0.15512149035930634,0.19489523768424988,0.00044998127850703895,0.00031948130344972014,0.0017742306226864457
centerline,2.1078431099239325,0.0,0.015176470391452312,0.0,302.3172607421875,0.15507027506828308,0.1948293149471283,0.00046841686707921326,0.0003320216201245785,0.0018478482961654663
centerline,2.13235293308066,0.0,0.015352941118180752,0.0,302.64630126953125,0.15501803159713745,0.19476208090782166,0.0004872180870734155,0.0003447883646003902,0.0019229635363444686
centerline,2.1568627562373877,0.0,0.015529411844909191,0.0,302.9814147949219,0.15496478974819183,0.19469353556632996,0.0005063815624453127,0.00035777909215539694,0.0019995635375380516
centerline,2.181372450043758,0.0,0.015705881640315056,0.0,303.3226013183594,0.15491053462028503,0.19462370872497559,0.0005259044119156897,0.0003709915035869926,0.0020776367746293545
centerline,2.2058822732004857,0.0,0.015882352367043495,0.0,303.6697998046875,0.15485529601573944,0.19455258548259735,0.0005457836668938398,0.0003844234743155539,0.0021571724209934473
centerline,2.230392096357213,0.0,0.016058823093771935,0.0,304.02294921875,0.15479907393455505,0.19448021054267883,0.0005660166498273611,0.0003980729088652879,0.002238159067928791
centerline,2.254901919513941,0.0,0.016235293820500374,0.0,304.3819885253906,0.15474186837673187,0.19440656900405884,0.0005866002175025642,0.00041193762444891036,0.0023205855395644903
centerline,2.2794117426706686,0.0,0.016411764547228813,0.0,304.746826171875,0.1546836942434311,0.19433166086673737,0.0006075308192521334,0.00042601500172168016,0.0024044369347393513
centerline,2.3039215658273964,0.0,0.016588235273957253,0.0,305.1177062988281,0.15462452173233032,0.19425547122955322,0.0006288221338763833,0.00044031094876118004,0.002489769132807851
centerline,2.3284313889841237,0.0,0.016764706000685692,0.0,305.509521484375,0.1545618176460266,0.19417470693588257,0.0006514198612421751,0.00045530867646448314,0.0025803837925195694
centerline,2.3529412121408515,0.0,0.01694117672741413,0.0,305.92254638671875,0.15449553728103638,0.19408927857875824,0.000675343384500593,0.0004710169159807265,0.002676358912140131
centerline,2.3774510352975793,0.0,0.01711764745414257,0.0,306.34234619140625,0.1544281244277954,0.19400238990783691,0.000699678435921669,0.0004869661352131516,0.0027740199584513903
centerline,2.401960858454307,0.0,0.01729411818087101,0.0,306.768798828125,0.1543595939874649,0.1939140409231186,0.0007244175649248064,0.000503151270095259,0.002873337361961603
centerline,2.426470681611035,0.0,0.01747058890759945,0.0,307.2016906738281,0.15428997576236725,0.19382429122924805,0.0007495534955523908,0.0005195674020797014,0.0029742815531790257
centerline,2.450980504767762,0.0,0.01764705963432789,0.0,307.6409912109375,0.15421928465366364,0.19373314082622528,0.0007750798249617219,0.0005362103111110628,0.0030768276192247868
centerline,2.475490069223775,0.0,0.01782352849841118,0.0,308.0865478515625,0.15414752066135406,0.19364061951637268,0.0008009900921024382,0.0005530757480300963,0.00318094901740551
centerline,2.4999998923805027,0.0,0.017999999225139618,0.0,308.5382385253906,0.15407471358776093,0.19354674220085144,0.0008272777777165174,0.0005701594054698944,0.0032866199035197496
centerline,2.52450971553723,0.0,0.018176469951868057,0.0,308.9959411621094,0.1540008932352066,0.19345155358314514,0.0008539364207535982,0.0005874570924788713,0.0033938142005354166
centerline,2.549019538693958,0.0,0.018352940678596497,0.0,309.4595642089844,0.1539260596036911,0.19335505366325378,0.0008809595601633191,0.0006049647345207632,0.0035025060642510653
centerline,2.5735293618506856,0.0,0.018529411405324936,0.0,309.9289855957031,0.1538502424955368,0.19325727224349976,0.0009083407931029797,0.0006226781406439841,0.0036126694176346064
centerline,2.5980391850074134,0.0,0.018705882132053375,0.0,310.404052734375,0.1537734419107437,0.19315823912620544,0.0009360737167298794,0.0006405931781046093,0.003724278649315238
centerline,2.622549008164141,0.0,0.018882352858781815,0.0,310.88470458984375,0.1536957025527954,0.19305796921253204,0.000964151811785996,0.0006587058305740356,0.0038373074494302273
centerline,2.6470588313208685,0.0,0.019058823585510254,0.0,311.3708190917969,0.1536170244216919,0.19295649230480194,0.0009925687918439507,0.0006770121399313211,0.003951730206608772
centerline,2.6715686544775963,0.0,0.019235294312238693,0.0,311.86224365234375,0.15353742241859436,0.19285382330417633,0.001021318486891687,0.0006955081480555236,0.004067522007972002
centerline,2.696078477634324,0.0,0.019411765038967133,0.0,312.3589172363281,0.1534569263458252,0.1927499920129776,0.0010503946105018258,0.0007141899550333619,0.004184657242149115
centerline,2.720588300791052,0.0,0.019588235765695572,0.0,312.8606872558594,0.1533755511045456,0.19264501333236694,0.0010797909926623106,0.0007330537773668766,0.00430311169475317
centerline,2.7450981239477796,0.0,0.01976470649242401,0.0,313.36749267578125,0.15329329669475555,0.19253890216350555,0.0011095016961917281,0.0007520959479734302,0.004422859754413366
centerline,2.769607947104507,0.0,0.01994117721915245,0.0,313.8791809082031,0.15321019291877747,0.19243170320987701,0.0011395206674933434,0.0007713126833550632,0.004543878138065338
centerline,2.7941177702612348,0.0,0.02011764794588089,0.0,314.3956604003906,0.15312626957893372,0.19232341647148132,0.0011698419693857431,0.00079070043284446,0.004666142165660858
centerline,2.8186273347172475,0.0,0.02029411680996418,0.0,314.9168701171875,0.1530415117740631,0.19221407175064087,0.0012004596646875143,0.000810255529358983,0.004789628088474274
centerline,2.843137157873975,0.0,0.02047058753669262,0.0,315.442626953125,0.15295596420764923,0.19210369884967804,0.0012313676998019218,0.0008299743640236557,0.00491431076079607
centerline,2.8676469810307026,0.0,0.02064705826342106,0.0,315.972900390625,0.15286962687969208,0.19199229776859283,0.001262559788301587,0.0008498530369251966,0.005040165036916733
centerline,2.8921568041874304,0.0,0.020823528990149498,0.0,316.50750732421875,0.15278252959251404,0.19187991321086884,0.001294029993005097,0.0008698879391886294,0.0051671662367880344
centerline,2.916666627344158,0.0,0.020999999716877937,0.0,317.0464172363281,0.1526946723461151,0.19176654517650604,0.001325772376731038,0.0008900754619389772,0.005295290611684322
centerline,2.941176450500886,0.0,0.021176470443606377,0.0,317.5894775390625,0.1526060849428177,0.19165223836898804,0.0013577805366367102,0.0009104118798859417,0.005424512084573507
centerline,2.9656862736576133,0.0,0.021352941170334816,0.0,318.1365661621094,0.15251678228378296,0.19153699278831482,0.0013900485355407,0.0009308934095315635,0.005554805975407362
centerline,2.990196096814341,0.0,0.021529411897063255,0.0,318.6876220703125,0.1524267941713333,0.19142085313796997,0.001422569970600307,0.0009515163255855441,0.0056861466728150845
centerline,3.014705919971069,0.0,0.021705882623791695,0.0,319.2425231933594,0.15233610570430756,0.1913038194179535,0.0014553385553881526,0.0009722768445499241,0.005818508565425873
centerline,3.0392157431277966,0.0,0.021882353350520134,0.0,319.8011169433594,0.15224476158618927,0.19118593633174896,0.0014883482363075018,0.0009931712411344051,0.0059518669731915
centerline,3.063725566284524,0.0,0.022058824077248573,0.0,320.36334228515625,0.15215276181697845,0.19106720387935638,0.0015215929597616196,0.0010141959646716714,0.006086196284741163
centerline,3.0882353894412518,0.0,0.022235294803977013,0.0,320.9291076660156,0.1520601361989975,0.19094765186309814,0.001555066555738449,0.0010353472316637635,0.006221472285687923
centerline,3.1127452125979795,0.0,0.022411765530705452,0.0,321.4982604980469,0.1519668996334076,0.19082731008529663,0.001588763203471899,0.0010566216660663486,0.0063576712273061275
centerline,3.1372547770539922,0.0,0.022588234394788742,0.0,322.07073974609375,0.15187305212020874,0.19070619344711304,0.0016226778971031308,0.001078016241081059,0.006494772154837847
centerline,3.1617646002107196,0.0,0.02276470512151718,0.0,322.646484375,0.15177862346172333,0.19058430194854736,0.001656805630773306,0.0010995282791554928,0.006632755510509014
centerline,3.1862744233674474,0.0,0.02294117584824562,0.0,323.2253723144531,0.15168361365795135,0.190461665391922,0.0016911427956074476,0.0011211553355678916,0.006771604530513287
centerline,3.210784246524175,0.0,0.02311764657497406,0.0,323.8074035644531,0.15158803761005402,0.19033829867839813,0.0017256862483918667,0.0011428961297497153,0.0069113075733184814
centerline,3.235294069680903,0.0,0.0232941173017025,0.0,324.39251708984375,0.1514918953180313,0.19021420180797577,0.0017604328459128737,0.0011647487990558147,0.007051851600408554
centerline,3.2598038928376303,0.0,0.02347058802843094,0.0,325.00872802734375,0.1513904482126236,0.19008316099643707,0.001797150238417089,0.0011876585194841027,0.007200411055237055
centerline,3.284313715994358,0.0,0.023647058755159378,0.0,325.6685791015625,0.15128155052661896,0.1899423599243164,0.001836632494814694,0.0012120489263907075,0.00736021064221859
centerline,3.308823539151086,0.0,0.023823529481887817,0.0,326.344482421875,0.15116988122463226,0.18979793787002563,0.0018771439790725708,0.0012369909090921283,0.007524203509092331
centerline,3.3333333623078136,0.0,0.024000000208616257,0.0,327.02435302734375,0.15105746686458588,0.18965257704257965,0.0019179194932803512,0.0012620752677321434,0.007689284160733223
centerline,3.3578431854645414,0.0,0.024176470935344696,0.0,327.7079772949219,0.15094436705112457,0.18950630724430084,0.0019589518196880817,0.0012872976949438453,0.007855422794818878
centerline,3.3823530086212688,0.0,0.024352941662073135,0.0,328.39532470703125,0.15083058178424835,0.1893591433763504,0.0020002350211143494,0.0013126549310982227,0.008022594265639782
centerline,3.4068628317779965,0.0,0.024529412388801575,0.0,329.0862731933594,0.1507161259651184,0.18921110033988953,0.002041763626039028,0.0013381439493969083,0.008190777152776718
centerline,3.4313726549347243,0.0,0.024705883115530014,0.0,329.7807312011719,0.15060101449489594,0.1890622079372406,0.002083531580865383,0.001363761373795569,0.008359947241842747
centerline,3.455882478091452,0.0,0.024882353842258453,0.0,330.47857666015625,0.15048526227474213,0.188912495970726,0.0021255335304886103,0.001389504293911159,0.008530080318450928
centerline,3.4803920425474644,0.0,0.025058822706341743,0.0,331.17974853515625,0.15036888420581818,0.18876196444034576,0.002167763654142618,0.0014153693336993456,0.008701154962182045
centerline,3.504901865704192,0.0,0.025235293433070183,0.0,331.8841247558594,0.15025191009044647,0.18861062824726105,0.002210216363891959,0.001441353582777083,0.008873146958649158
centerline,3.52941168886092,0.0,0.025411764159798622,0.0,332.59161376953125,0.15013432502746582,0.18845853209495544,0.0022528863046318293,0.0014674537815153599,0.009046033956110477
centerline,3.5539215120176477,0.0,0.02558823488652706,0.0,333.3021240234375,0.1500161737203598,0.18830569088459015,0.002295767655596137,0.001493666903115809,0.009219793602824211
centerline,3.578431335174375,0.0,0.0257647056132555,0.0,334.0155944824219,0.14989745616912842,0.18815210461616516,0.0023388550616800785,0.0015199899207800627,0.00939440168440342
centerline,3.602941158331103,0.0,0.02594117633998394,0.0,334.73187255859375,0.14977818727493286,0.18799781799316406,0.002382142934948206,0.0015464196912944317,0.009569836780428886
centerline,3.6274509814878306,0.0,0.02611764706671238,0.0,335.4508972167969,0.14965839684009552,0.18784283101558685,0.002425625454634428,0.0015729530714452267,0.009746075607836246
centerline,3.6519608046445584,0.0,0.02629411779344082,0.0,336.1725769042969,0.1495380848646164,0.18768717348575592,0.0024692972656339407,0.0015995869180187583,0.009923094883561134
centerline,3.6764706278012858,0.0,0.026470588520169258,0.0,336.8968200683594,0.14941726624965668,0.18753086030483246,0.00251315301284194,0.001626318204216659,0.010100873187184334
centerline,3.7009804509580135,0.0,0.026647059246897697,0.0,337.62353515625,0.14929597079753876,0.18737392127513885,0.0025571866426616907,0.0016531437868252397,0.010279386304318905
centerline,3.7254902741147413,0.0,0.026823529973626137,0.0,338.35260009765625,0.14917419850826263,0.1872163563966751,0.0026013930328190327,0.001680060406215489,0.010458611883223057
centerline,3.750000097271469,0.0,0.027000000700354576,0.0,339.08392333984375,0.1490519791841507,0.1870582103729248,0.002645766595378518,0.001707065268419683,0.010638527572154999
centerline,3.774509920428197,0.0,0.027176471427083015,0.0,339.8174743652344,0.14892929792404175,0.18689948320388794,0.002690301975235343,0.0017341552302241325,0.01081911288201809
centerline,3.799019484884209,0.0,0.027352940291166306,0.0,340.5531005859375,0.14880619943141937,0.1867402046918869,0.0027349942829459906,0.0017613274976611137,0.011000345461070538
centerline,3.823529308040937,0.0,0.027529411017894745,0.0,341.290771484375,0.14868269860744476,0.1865803748369217,0.002779838629066944,0.0017885793931782246,0.011182205751538277
centerline,3.8480391311976647,0.0,0.027705881744623184,0.0,342.0303649902344,0.14855878055095673,0.1864200234413147,0.0028248303569853306,0.0018159085884690285,0.011364676058292389
centerline,3.872548954354392,0.0,0.027882352471351624,0.0,342.7718505859375,0.14843447506427765,0.1862591654062271,0.002869965275749564,0.0018433124059811234,0.011547738686203957
centerline,3.89705877751112,0.0,0.028058823198080063,0.0,343.51513671875,0.14830979704856873,0.18609781563282013,0.002915239194408059,0.0018707888666540384,0.011731375008821487
centerline,3.9215686006678476,0.0,0.028235293924808502,0.0,344.26019287109375,0.14818473160266876,0.18593598902225494,0.0029606481548398733,0.0018983357585966587,0.011915570124983788
centerline,3.9460784238245754,0.0,0.02841176465153694,0.0,345.00689697265625,0.14805932343006134,0.18577368557453156,0.0030061881989240646,0.0019259509863331914,0.012100307270884514
centerline,3.970588246981303,0.0,0.02858823537826538,0.0,345.75518798828125,0.14793357253074646,0.18561093509197235,0.003051855368539691,0.0019536323379725218,0.012285570614039898
centerline,3.9950980701380305,0.0,0.02876470610499382,0.0,346.50506591796875,0.14780747890472412,0.18544775247573853,0.0030976454727351665,0.0019813773687928915,0.012471342459321022
centerline,4.019607893294759,0.0,0.02894117683172226,0.0,347.2563781738281,0.1476810723543167,0.18528415262699127,0.0031435536220669746,0.0020091834012418985,0.01265760138630867
centerline,4.044117716451486,0.0,0.0291176475584507,0.0,348.0090026855469,0.14755435287952423,0.18512015044689178,0.0031895721331238747,0.002037046244367957,0.012844318524003029
centerline,4.068627539608213,0.0,0.029294118285179138,0.0,348.7627258300781,0.14742738008499146,0.18495582044124603,0.003235684707760811,0.0020649563521146774,0.013031426817178726
centerline,4.093137362764941,0.0,0.029470589011907578,0.0,349.5166015625,0.14730030298233032,0.18479135632514954,0.003281836863607168,0.002092880429700017,0.013218703679740429
centerline,4.117647185921669,0.0,0.029647059738636017,0.0,350.2672119140625,0.1471737027168274,0.1846274882555008,0.003327817190438509,0.0021206906531006098,0.013405293226242065
centerline,4.142156750377682,0.0,0.029823528602719307,0.0,351.002197265625,0.1470496654510498,0.18446695804595947,0.0033728675916790962,0.0021479278802871704,0.013588118366897106
centerline,4.1666665735344095,0.0,0.029999999329447746,0.0,351.6744689941406,0.14693614840507507,0.18432003259658813,0.003414096776396036,0.0021728489082306623,0.013755441643297672
centerline,4.1810891384051905,0.0,0.030103841796517372,0.0,352.0820617675781,0.1468673050403595,0.18423090875148773,0.0034391048830002546,0.002187963342294097,0.013856935314834118
centerline,4.195630964305666,0.0,0.030208542943000793,0.0,352.5350341796875,0.1467907577753067,0.18413184583187103,0.003466905327513814,0.0022047620732337236,0.013969764113426208
centerline,13.50122710896863,0.0,0.09720883518457413,0.0,695.8590087890625,0.08245935291051865,0.10125239193439484,0.0266801118850708,0.017231354489922523,0.1073525995016098
centerline,13.449021304647129,0.0,0.09683295339345932,0.0,694.5046997070312,0.08270840346813202,0.10156311839818954,0.026594461873173714,0.017149200662970543,0.10702905803918839
centerline,13.39704419175784,0.0,0.09645871818065643,0.0,693.1771850585938,0.08295202255249023,0.10186683386564255,0.02651076763868332,0.017068568617105484,0.10671311616897583
centerline,13.34529577030076,0.0,0.09608612954616547,0.0,691.8768920898438,0.08319003880023956,0.10216327756643295,0.026429105550050735,0.016989445313811302,0.10640512406826019
centerline,13.293775005473032,0.0,0.09571518003940582,0.0,690.604248046875,0.08342234790325165,0.10245230793952942,0.026349514722824097,0.016911817714571953,0.10610528290271759
centerline,13.242479827668932,0.0,0.09534585475921631,0.0,689.3603515625,0.08364858478307724,0.10273344069719315,0.026272138580679893,0.016835695132613182,0.10581424087285995
centerline,13.191410236888462,0.0,0.09497815370559692,0.0,688.1472778320312,0.08386821299791336,0.10300593823194504,0.02619718760251999,0.016761112958192825,0.10553289949893951
centerline,13.14056519832876,0.0,0.09461206942796707,0.0,686.9681396484375,0.08408039808273315,0.10326866060495377,0.0261249877512455,0.016688134521245956,0.10526271164417267
centerline,13.089942642384106,0.0,0.09424758702516556,0.0,685.8271484375,0.0842839851975441,0.10352004319429398,0.026055989786982536,0.016616851091384888,0.10500562936067581
centerline,13.039542569054499,0.0,0.09388470649719238,0.0,684.7299194335938,0.08447743952274323,0.10375799983739853,0.025990791618824005,0.016547368839383125,0.10476427525281906
centerline,12.989363943537077,0.0,0.09352342039346695,0.0,683.624267578125,0.08467209339141846,0.10399726033210754,0.025925252586603165,0.016477303579449654,0.10452178120613098
centerline,12.93940573102898,0.0,0.09316372126340866,0.0,682.122314453125,0.08495446294546127,0.10435110330581665,0.025827424600720406,0.01638999581336975,0.10414660722017288
centerline,12.88966689672735,0.0,0.09280560165643692,0.0,680.27197265625,0.08531565964221954,0.10480845719575882,0.025700360536575317,0.016288401558995247,0.10365026444196701
centerline,12.840146405829325,0.0,0.09244905412197113,0.0,678.4511108398438,0.08567275106906891,0.10526113957166672,0.02557450905442238,0.016189388930797577,0.10315737873315811
centerline,12.790843223532042,0.0,0.0920940712094307,0.0,676.6563110351562,0.08602573722600937,0.10570897161960602,0.025449955835938454,0.01609249971807003,0.10266866534948349
centerline,12.741757349835503,0.0,0.09174065291881561,0.0,674.883056640625,0.08637506514787674,0.10615237802267075,0.025326592847704887,0.015997283160686493,0.10218402743339539
centerline,12.692885680331125,0.0,0.0913887768983841,0.0,673.1290283203125,0.08672091364860535,0.10659153014421463,0.025204388424754143,0.015903498977422714,0.10170348733663559
centerline,12.64423028462463,0.0,0.09103845804929733,0.0,671.39306640625,0.08706344664096832,0.1070265918970108,0.025083301588892937,0.015811040997505188,0.10122694075107574
centerline,12.595787023504576,0.0,0.09068966656923294,0.0,669.6744995117188,0.08740269392728806,0.10745759308338165,0.024963324889540672,0.015719832852482796,0.10075443238019943
centerline,12.547556931773823,0.0,0.09034240990877151,0.0,667.9724731445312,0.0877387523651123,0.10788462311029434,0.02484443597495556,0.015629785135388374,0.10028593242168427
centerline,12.499538974629509,0.0,0.08999668061733246,0.0,666.2862548828125,0.08807175606489182,0.1083078384399414,0.024726595729589462,0.015540845692157745,0.09982128441333771
centerline,12.451732117268774,0.0,0.08965247124433517,0.0,664.6152954101562,0.08840177953243256,0.1087273582816124,0.024609772488474846,0.015452968887984753,0.0993603989481926
centerline,12.4041342900859,0.0,0.08930976688861847,0.0,662.958984375,0.0887289047241211,0.10914324223995209,0.024493947625160217,0.015366106294095516,0.09890322387218475
centerline,12.356745493080881,0.0,0.08896856755018234,0.0,661.31689453125,0.0890531986951828,0.10955557227134705,0.024379098787903786,0.015280213207006454,0.09844970703125
centerline,12.309565726253721,0.0,0.0886288732290268,0.0,659.6884155273438,0.08937474340200424,0.10996446013450623,0.02426520362496376,0.015195240266621113,0.09799976646900177
centerline,12.2625929199987,0.0,0.08829066902399063,0.0,658.0730590820312,0.08969363570213318,0.11037001013755798,0.024152226746082306,0.015111155807971954,0.09755327552556992
centerline,12.215826039512953,0.0,0.08795394748449326,0.0,656.4705200195312,0.09000992774963379,0.11077229678630829,0.02404015138745308,0.015027934685349464,0.09711018204689026
centerline,12.169264049993622,0.0,0.08761870115995407,0.0,654.8804321289062,0.09032366424798965,0.11117136478424072,0.023928964510560036,0.01494553778320551,0.09667045623064041
centerline,12.122906951440706,0.0,0.08728493005037308,0.0,653.3023071289062,0.09063491970300674,0.11156729608774185,0.023818645626306534,0.014863934367895126,0.096234031021595
centerline,12.076753709051344,0.0,0.08695262670516968,0.0,651.7359619140625,0.09094370901584625,0.11196011304855347,0.023709189146757126,0.014783093705773354,0.09580089151859283
centerline,12.030803288022678,0.0,0.08662178367376328,0.0,650.1809692382812,0.09125009924173355,0.11234987527132034,0.023600580170750618,0.014702975749969482,0.09537102282047272
centerline,11.985053618748983,0.0,0.08629238605499268,0.0,648.6369018554688,0.09155415743589401,0.11273667216300964,0.02349279448390007,0.014623558148741722,0.0949443131685257
centerline,11.939505736033123,0.0,0.08596444129943848,0.0,647.1036987304688,0.09185589849948883,0.11312051862478256,0.023385828360915184,0.014544823206961155,0.09452077746391296
centerline,11.894157570269373,0.0,0.08563793450593948,0.0,645.5810546875,0.092155322432518,0.11350139230489731,0.023279687389731407,0.014466734603047371,0.0941004529595375
centerline,11.849009121457737,0.0,0.0853128656744957,0.0,644.0686645507812,0.09245245903730392,0.11387932300567627,0.02317436970770359,0.014389250427484512,0.09368337690830231
centerline,11.804058319992489,0.0,0.08498921990394592,0.0,642.566162109375,0.09274733066558838,0.11425431072711945,0.023069877177476883,0.014312328770756721,0.09326957166194916
centerline,11.759305165873634,0.0,0.08466699719429016,0.0,641.0731201171875,0.09303994476795197,0.11462634801864624,0.022966213524341583,0.014235910028219223,0.09285911172628403
centerline,11.714747589495447,0.0,0.08434618264436722,0.0,639.5878295898438,0.09333053976297379,0.11499568074941635,0.022863317281007767,0.014159849844872952,0.09245182573795319
centerline,11.670386625660791,0.0,0.08402678370475769,0.0,638.0399780273438,0.09363400191068649,0.11538176983594894,0.022755704820156097,0.014081107452511787,0.09202529489994049
centerline,11.626220204763943,0.0,0.08370878547430038,0.0,636.3142700195312,0.09397512674331665,0.11581723392009735,0.022634170949459076,0.013994934968650341,0.09154166281223297
centerline,11.582248326804903,0.0,0.0833921879529953,0.0,634.4924926757812,0.09433703124523163,0.116280198097229,0.022504854947328568,0.013905128464102745,0.09102571755647659
centerline,11.538468922177952,0.0,0.08307697623968124,0.0,632.7000732421875,0.09469319880008698,0.11673597246408463,0.02237752638757229,0.01381712220609188,0.09051736444234848
centerline,11.494881990883085,0.0,0.08276315033435822,0.0,630.9317626953125,0.09504455327987671,0.11718571186065674,0.02225186675786972,0.013730586506426334,0.09001544117927551
centerline,11.451486498117447,0.0,0.08245070278644562,0.0,629.1826782226562,0.09539196640253067,0.1176304966211319,0.022127579897642136,0.013645240105688572,0.08951880037784576
centerline,11.408281409078175,0.0,0.08213962614536285,0.0,627.4506225585938,0.09573585540056229,0.11807084828615189,0.022004520520567894,0.013560942374169827,0.08902689814567566
centerline,11.365265688962406,0.0,0.08182991296052933,0.0,625.7339477539062,0.09607651084661484,0.11850710958242416,0.021882593631744385,0.013477598316967487,0.08853939175605774
centerline,11.322439337770145,0.0,0.08152156323194504,0.0,624.03125,0.09641420096158981,0.11893961578607559,0.021761709824204445,0.013395113870501518,0.08805593103170395
centerline,11.279800285895666,0.0,0.08121456205844879,0.0,622.3414306640625,0.09674909710884094,0.11936859786510468,0.021641805768013,0.013313431292772293,0.08757627755403519
centerline,11.237349568141832,0.0,0.08090891689062119,0.0,620.6636352539062,0.09708137810230255,0.11979425698518753,0.021522821858525276,0.013232490979135036,0.08710021525621414
centerline,11.19508511490292,0.0,0.08060461282730103,0.0,618.996826171875,0.09741123020648956,0.12021683156490326,0.021404698491096497,0.013152232393622398,0.08662751317024231
centerline,11.153005891376072,0.0,0.08030164241790771,0.0,617.3402099609375,0.09773879498243332,0.12063649296760559,0.021287383511662483,0.013072600588202477,0.08615797013044357
centerline,11.111110862758425,0.0,0.07999999821186066,0.0,615.8856201171875,0.09802617132663727,0.12100467085838318,0.021184459328651428,0.013002782128751278,0.08574599772691727
centerline,11.039860546588898,0.0,0.07948699593544006,0.0,613.4430541992188,0.09850819408893585,0.12162225693464279,0.021011807024478912,0.012885804288089275,0.08505479246377945
centerline,10.969194894035658,0.0,0.07897820323705673,0.0,610.6998901367188,0.09904877096414566,0.12231486290693283,0.020818181335926056,0.012754696421325207,0.08427953720092773
centerline,10.89910769628154,0.0,0.07847357541322708,0.0,607.9459228515625,0.09959040582180023,0.12300874292850494,0.020624201744794846,0.012623293325304985,0.0835028812289238
centerline,10.829595848917961,0.0,0.07797309011220932,0.0,605.0742797851562,0.10015551000833511,0.12373343855142593,0.020421531051397324,0.01248728297650814,0.08269056677818298
centerline,10.76065417793062,0.0,0.07747671008110046,0.0,602.052001953125,0.10075130313634872,0.12449868768453598,0.020207397639751434,0.012345600873231888,0.0818309560418129
centerline,10.692277509305212,0.0,0.07698439806699753,0.0,599.0345458984375,0.10134605318307877,0.12526309490203857,0.01999344490468502,0.012205011211335659,0.0809713676571846
centerline,10.624461703830296,0.0,0.07649612426757812,0.0,596.0790405273438,0.10192786902189255,0.12601105868816376,0.019784072414040565,0.012067843228578568,0.08012987673282623
centerline,10.557201587491566,0.0,0.07601185142993927,0.0,593.17236328125,0.10249926894903183,0.12674573063850403,0.01957840658724308,0.011933400295674801,0.07930304855108261
centerline,10.49049302107758,0.0,0.07553154975175858,0.0,590.30615234375,0.10306184738874435,0.12746915221214294,0.0193758774548769,0.011801240034401417,0.07848864048719406
centerline,10.424331865376896,0.0,0.07505518943071365,0.0,587.4735107421875,0.10361694544553757,0.12818299233913422,0.019176017493009567,0.01167099829763174,0.07768482714891434
centerline,10.358712946375212,0.0,0.07458273321390152,0.0,584.6690673828125,0.10416560620069504,0.12888860702514648,0.018978457897901535,0.01154239010065794,0.07689014822244644
centerline,10.293633159663942,0.0,0.07411415874958038,0.0,581.887451171875,0.10470885783433914,0.12958727777004242,0.018782839179039,0.011415138840675354,0.07610320299863815
centerline,10.229086296425926,0.0,0.07364942133426666,0.0,579.1224365234375,0.1052478700876236,0.1302804797887802,0.018588745966553688,0.011288921348750591,0.07532233744859695
centerline,10.165068217449718,0.0,0.07318849116563797,0.0,576.3662719726562,0.10578412562608719,0.13097012042999268,0.01839565671980381,0.011163344606757164,0.07454551756381989
centerline,10.101575818326738,0.0,0.07273134589195251,0.0,573.6096801757812,0.10631933063268661,0.13165831565856934,0.018202971667051315,0.011037951335310936,0.07377035915851593
centerline,10.038603925042683,0.0,0.07227794826030731,0.0,570.8465576171875,0.10685461759567261,0.13234654068946838,0.018010294064879417,0.010912422090768814,0.07299531251192093
centerline,9.976147363583246,0.0,0.07182826101779938,0.0,569.7394409179688,0.10705916583538055,0.13259974122047424,0.017940156161785126,0.010855882428586483,0.07271885126829147
centerline,9.91420406434271,0.0,0.07138226926326752,0.0,572.2401733398438,0.10654513537883759,0.13190826773643494,0.018136074766516685,0.010950184427201748,0.0735240951180458
centerline,9.85276885330677,0.0,0.07093993574380875,0.0,575.779296875,0.10582539439201355,0.1309472620487213,0.018407806754112244,0.011089161969721317,0.07463636994361877
centerline,9.791837591263983,0.0,0.07050123065710068,0.0,577.634521484375,0.10544352978467941,0.13043212890625,0.018553804606199265,0.011159374378621578,0.07523583620786667
centerline,9.731405104200045,0.0,0.07006611675024033,0.0,578.291259765625,0.10530310124158859,0.13023582100868225,0.01860988885164261,0.011180504225194454,0.07546858489513397
centerline,9.671468287706375,0.0,0.0696345716714859,0.0,578.2645874023438,0.1053006500005722,0.13022175431251526,0.018614577129483223,0.011173611506819725,0.07549169659614563
centerline,9.61202300257153,0.0,0.06920656561851501,0.0,577.7584838867188,0.10539502650499344,0.13033559918403625,0.018583189696073532,0.011147065088152885,0.07536766678094864
centerline,9.553066144386927,0.0,0.06878207623958588,0.0,576.8762817382812,0.10556527972221375,0.13054968416690826,0.018523525446653366,0.011105131357908249,0.07512827962636948
centerline,9.494591504335403,0.0,0.0683610588312149,0.0,575.7020263671875,0.10579436272382736,0.13084153831005096,0.018441928550601006,0.011051279492676258,0.07479941844940186
centerline,9.436597012811237,0.0,0.0679434984922409,0.0,574.2954711914062,0.10607007145881653,0.13119500875473022,0.018342947587370872,0.010987994261085987,0.07439963519573212
centerline,9.379078530602985,0.0,0.06752936542034149,0.0,572.7031860351562,0.10638289153575897,0.13159756362438202,0.018230119720101357,0.010917207226157188,0.0739433616399765
centerline,9.322030883696344,0.0,0.06711862236261368,0.0,570.9447631835938,0.10672877728939056,0.13204383850097656,0.018104959279298782,0.010839748196303844,0.07343675196170807
centerline,9.265450967682733,0.0,0.06671124696731567,0.0,569.0381469726562,0.10710397362709045,0.1325289011001587,0.017968853935599327,0.01075637899339199,0.07288547605276108
centerline,9.209335678153568,0.0,0.06630721688270569,0.0,567.0036010742188,0.10750432312488556,0.13304725289344788,0.01782335713505745,0.010667946189641953,0.07229587435722351
centerline,9.153679841094547,0.0,0.06590649485588074,0.0,564.853515625,0.10792720317840576,0.13359542191028595,0.017669443041086197,0.01057498436421156,0.07167191803455353
centerline,9.098481386899948,0.0,0.06550906598567963,0.0,562.6043701171875,0.10836923122406006,0.13416895270347595,0.0175083726644516,0.010478179901838303,0.07101874053478241
centerline,9.043735141555468,0.0,0.06511489301919937,0.0,560.2633056640625,0.10882887244224548,0.13476581871509552,0.01734071597456932,0.010377845726907253,0.07033868134021759
centerline,8.989436965849665,0.0,0.06472394615411758,0.0,557.8399658203125,0.10930411517620087,0.13538336753845215,0.0171672236174345,0.010274390690028667,0.06963479518890381
centerline,8.935584790176815,0.0,0.06433621048927307,0.0,555.3475341796875,0.10979226976633072,0.1360180377960205,0.01698889583349228,0.01016835868358612,0.06891115754842758
centerline,8.88217447532548,0.0,0.06395165622234344,0.0,552.7884521484375,0.11029274761676788,0.13666903972625732,0.01680595614016056,0.010059873573482037,0.06816867738962173
centerline,8.829201882084211,0.0,0.06357025355100632,0.0,550.1666259765625,0.1108047291636467,0.13733531534671783,0.01661870628595352,0.009949101135134697,0.06740859895944595
centerline,8.77666390604443,0.0,0.0631919801235199,0.0,547.4922485351562,0.11132611334323883,0.13801409304141998,0.01642792671918869,0.009836466051638126,0.06663408875465393
centerline,8.724556407994694,0.0,0.0628168061375618,0.0,544.7705078125,0.11185582727193832,0.13870394229888916,0.0162340197712183,0.00972218718379736,0.06584680825471878
centerline,8.67287628352642,0.0,0.06244470924139023,0.0,542.0010375976562,0.11239387840032578,0.13940486311912537,0.0160369835793972,0.009606262668967247,0.06504673510789871
centerline,8.621619910829597,0.0,0.0620756633579731,0.0,539.1880493164062,0.11293939501047134,0.14011572301387787,0.01583714224398136,0.00948887225240469,0.06423518806695938
centerline,8.570783668094212,0.0,0.06170964241027832,0.0,536.3381958007812,0.1134910136461258,0.14083470404148102,0.01563500240445137,0.009370289742946625,0.06341424584388733
centerline,8.52036445091168,0.0,0.0613466240465641,0.0,533.453857421875,0.11404824256896973,0.14156116545200348,0.015430749393999577,0.00925061572343111,0.06258465349674225
centerline,8.470358637471994,0.0,0.060986582189798355,0.0,530.5346069335938,0.11461110413074493,0.14229513704776764,0.015224374830722809,0.009129846468567848,0.06174638122320175
centerline,8.420763123366568,0.0,0.06062949448823929,0.0,527.5831298828125,0.11517904698848724,0.143035888671875,0.015016079880297184,0.009008092805743217,0.0609002560377121
centerline,8.37157428678539,0.0,0.06027533486485481,0.0,524.6049194335938,0.11575096100568771,0.14378197491168976,0.014806280843913555,0.00888558104634285,0.06004796177148819
centerline,8.32278850591845,0.0,0.05992407724261284,0.0,521.6035766601562,0.11632611602544785,0.14453239738941193,0.014595252461731434,0.00876245740801096,0.05919063463807106
centerline,8.274403193758594,0.0,0.059575702995061874,0.0,518.5802612304688,0.11690427362918854,0.14528684318065643,0.01438308134675026,0.008638768456876278,0.058328621089458466
centerline,8.22641421109438,0.0,0.05923018231987953,0.0,515.53662109375,0.11748506873846054,0.14604485034942627,0.014169905334711075,0.008514590561389923,0.057462483644485474
centerline,8.178818970918655,0.0,0.05888749659061432,0.0,512.4743041992188,0.11806818842887878,0.14680598676204681,0.013955839909613132,0.00838998518884182,0.05659269541501999
centerline,8.13161436882284,0.0,0.058547623455524445,0.0,509.3941345214844,0.11865342408418655,0.14756999909877777,0.01374096143990755,0.00826499704271555,0.055719561874866486
centerline,8.08479626559549,0.0,0.05821053311228752,0.0,506.2983093261719,0.11924036592245102,0.14833632111549377,0.013525424525141716,0.008139709942042828,0.0548437237739563
centerline,8.038362591630882,0.0,0.057876210659742355,0.0,503.1886901855469,0.11982861906290054,0.14910444617271423,0.013309377245604992,0.008014201186597347,0.053965773433446884
centerline,7.992309207717578,0.0,0.05754462629556656,0.0,500.066650390625,0.12041791528463364,0.1498740166425705,0.013092915527522564,0.007888523861765862,0.05308610945940018
centerline,7.946634044249853,0.0,0.05721576511859894,0.0,496.9329528808594,0.12100810557603836,0.15064482390880585,0.012876100838184357,0.007762710563838482,0.052204981446266174
centerline,7.901332962016265,0.0,0.056889597326517105,0.0,493.7895812988281,0.12159878760576248,0.1514163613319397,0.01265907846391201,0.007636843249201775,0.05132298544049263
centerline,7.856403374009663,0.0,0.05656610429286957,0.0,490.63897705078125,0.12218949943780899,0.1521879881620407,0.012442022562026978,0.007511013187468052,0.05044082924723625
centerline,7.811842175821464,0.0,0.056245263665914536,0.0,487.4812316894531,0.1227802187204361,0.1529597043991089,0.012224942445755005,0.007385225035250187,0.049558546394109726
centerline,7.767646780444516,0.0,0.055927056819200516,0.0,484.3166809082031,0.12337087094783783,0.15373139083385468,0.012007864192128181,0.007259494625031948,0.048676252365112305
centerline,7.7238135660688085,0.0,0.05561145767569542,0.0,481.2897033691406,0.12393459677696228,0.15446773171424866,0.01180073618888855,0.007139438297599554,0.047834403812885284
centerline,7.680339428285758,0.0,0.055298443883657455,0.0,479.09088134765625,0.12434310466051102,0.1550000011920929,0.011651082895696163,0.0070518977008759975,0.04722629487514496
centerline,7.637222297489643,0.0,0.05498800054192543,0.0,477.5781555175781,0.12462334334850311,0.15536366403102875,0.011548924259841442,0.0069912211038172245,0.04681134968996048
centerline,7.594458551870452,0.0,0.054680101573467255,0.0,476.07269287109375,0.12490193545818329,0.15572518110275269,0.011447363533079624,0.006930908188223839,0.046398818492889404
centerline,7.552045604421033,0.0,0.054374728351831436,0.0,474.5769348144531,0.12517845630645752,0.15608401596546173,0.011346557177603245,0.006871058605611324,0.045989345759153366
centerline,7.509980350732803,0.0,0.054071858525276184,0.0,473.0919189453125,0.1254526972770691,0.1564399152994156,0.011246574111282825,0.006811713799834251,0.04558320343494415
centerline,7.4682602037986126,0.0,0.053771473467350006,0.0,471.6179504394531,0.1257246434688568,0.15679283440113068,0.011147428303956985,0.006752882618457079,0.04518045112490654
centerline,7.426882059209877,0.0,0.05347355082631111,0.0,470.1548767089844,0.12599430978298187,0.1571427881717682,0.011049112305045128,0.006694559473544359,0.04478105902671814
centerline,7.385842812558016,0.0,0.05317806825041771,0.0,468.7024230957031,0.12626175582408905,0.15748988091945648,0.010951601900160313,0.006636728532612324,0.044384926557540894
centerline,7.345140394237307,0.0,0.052885010838508606,0.0,467.26007080078125,0.1265270709991455,0.15783420205116272,0.010854865424335003,0.006579369772225618,0.04399193078279495
centerline,7.304772217240599,0.0,0.05259435996413231,0.0,465.82769775390625,0.12679030001163483,0.15817584097385406,0.010758887976408005,0.006522473879158497,0.04360200837254524
centerline,7.264734659757879,0.0,0.05230608955025673,0.0,464.4053649902344,0.1270514279603958,0.15851473808288574,0.010663674212992191,0.006466043181717396,0.04321517422795296
centerline,7.225025134781997,0.0,0.052020180970430374,0.0,462.9931640625,0.12731043994426727,0.15885090827941895,0.010569226928055286,0.006410080473870039,0.04283145070075989
centerline,7.18564157270723,0.0,0.05173661932349205,0.0,461.5910949707031,0.1275673508644104,0.15918436646461487,0.01047554612159729,0.006354583892971277,0.04245083034038544
centerline,7.146580869124995,0.0,0.051455382257699966,0.0,460.1991271972656,0.1278221756219864,0.15951509773731232,0.010382624343037605,0.006299549248069525,0.04207328334450722
centerline,7.107840437028143,0.0,0.05117645114660263,0.0,458.8170166015625,0.12807494401931763,0.15984319150447845,0.010290448553860188,0.006244967691600323,0.04169875755906105
centerline,7.069418206810951,0.0,0.05089981108903885,0.0,457.4445495605469,0.1283257156610489,0.16016869246959686,0.01019899733364582,0.0061908261850476265,0.04132717102766037
centerline,7.031310556663407,0.0,0.05062543600797653,0.0,456.08135986328125,0.12857456505298615,0.1604916751384735,0.010108250193297863,0.006137110758572817,0.04095843806862831
centerline,6.99351541697979,0.0,0.050353311002254486,0.0,454.72735595703125,0.1288214921951294,0.16081219911575317,0.010018196888267994,0.0060838148929178715,0.04059251397848129
centerline,6.956030200752947,0.0,0.05008341744542122,0.0,453.3825378417969,0.12906652688980103,0.16113026440143585,0.009928835555911064,0.006030938122421503,0.040229398757219315
centerline,6.918852320975728,0.0,0.04981573671102524,0.0,452.0469665527344,0.12930965423583984,0.16144585609436035,0.009840168058872223,0.005978480447083712,0.03986909240484238
centerline,6.88197970804241,0.0,0.04955025389790535,0.0,450.7206115722656,0.12955088913440704,0.16175897419452667,0.009752190671861172,0.0059264409355819225,0.03951159119606018
centerline,6.8454087401429815,0.0,0.049286942929029465,0.0,449.4034118652344,0.12979023158550262,0.1620696634054184,0.009664899669587612,0.005874814931303263,0.03915686532855034
centerline,6.809138382474582,0.0,0.049025796353816986,0.0,448.0952453613281,0.13002771139144897,0.16237793862819672,0.009578285738825798,0.005823597311973572,0.03880488499999046
centerline,6.773165013227198,0.0,0.048766788095235825,0.0,446.7960205078125,0.13026335835456848,0.16268382966518402,0.00949233677238226,0.005772780627012253,0.03845560923218727
centerline,6.73748708019654,0.0,0.048509906977415085,0.0,445.50555419921875,0.13049721717834473,0.16298741102218628,0.009407044388353825,0.005722359288483858,0.03810898959636688
centerline,6.702100961572595,0.0,0.04825512692332268,0.0,444.2237854003906,0.1307292878627777,0.1632886528968811,0.009322401136159897,0.00567232770845294,0.037765003740787506
centerline,6.667005622552501,0.0,0.048002440482378006,0.0,442.9507141113281,0.13095958530902863,0.16358761489391327,0.009238404221832752,0.005622685421258211,0.03742364048957825
centerline,6.632197958727678,0.0,0.04775182530283928,0.0,441.68634033203125,0.13118809461593628,0.1638842672109604,0.009155054576694965,0.00557343102991581,0.037084903568029404
centerline,6.597675900492403,0.0,0.0475032664835453,0.0,440.4306640625,0.13141484558582306,0.16417860984802246,0.009072348475456238,0.005524564068764448,0.036748774349689484
centerline,6.563436343438096,0.0,0.04725674167275429,0.0,439.18365478515625,0.13163983821868896,0.16447068750858307,0.008990283124148846,0.005476080812513828,0.03641524910926819
centerline,6.529478252761894,0.0,0.047012243419885635,0.0,437.94525146484375,0.131863072514534,0.1647605001926422,0.008908853866159916,0.005427979864180088,0.03608430549502373
centerline,6.495798006653786,0.0,0.04676974564790726,0.0,436.7154235839844,0.13208457827568054,0.16504806280136108,0.008828056044876575,0.005380256567150354,0.03575592115521431
centerline,6.462394570310911,0.0,0.046529240906238556,0.0,435.4940185546875,0.132304385304451,0.16533340513706207,0.008747879415750504,0.00533290533348918,0.03543005883693695
centerline,6.429264321923256,0.0,0.04629070311784744,0.0,434.2809143066406,0.13252250850200653,0.16561658680438995,0.008668314665555954,0.005285919643938541,0.035106681287288666
centerline,6.3964062266879615,0.0,0.04605412483215332,0.0,433.07598876953125,0.13273897767066956,0.16589760780334473,0.008589353412389755,0.005239293910562992,0.03478574752807617
centerline,6.363817697597875,0.0,0.0458194874227047,0.0,431.8791809082031,0.13295380771160126,0.16617651283740997,0.008510987274348736,0.005193023942410946,0.03446723520755768
centerline,6.3314961476458445,0.0,0.04558677226305008,0.0,430.6904296875,0.13316701352596283,0.1664533019065857,0.008433214388787746,0.005147107411175966,0.03415113314986229
centerline,6.2994395072261495,0.0,0.045355964452028275,0.0,429.50982666015625,0.13337859511375427,0.1667279750108719,0.008356035687029362,0.005101545713841915,0.033837441354990005
centerline,6.267646224134499,0.0,0.04512705281376839,0.0,428.3373107910156,0.1335885375738144,0.16700053215026855,0.008279451169073582,0.005056337453424931,0.033526159822940826
centerline,6.236113193962309,0.0,0.044900014996528625,0.0,427.1729431152344,0.13379685580730438,0.1672709882259369,0.008203458040952682,0.005011481698602438,0.033217284828424454
centerline,6.204838864505291,0.0,0.044674839824438095,0.0,426.01666259765625,0.13400356471538544,0.16753935813903809,0.008128054440021515,0.004966977052390575,0.032910797744989395
centerline,6.1738211661577225,0.0,0.0444515123963356,0.0,424.86846923828125,0.13420866429805756,0.16780562698841095,0.00805323664098978,0.004922820720821619,0.032606691122055054
centerline,6.143057511912452,0.0,0.04423001408576965,0.0,423.728271484375,0.13441215455532074,0.16806982457637787,0.007978999055922031,0.004879009909927845,0.03230494260787964
centerline,6.112546349565188,0.0,0.044010333716869354,0.0,422.59600830078125,0.13461408019065857,0.16833198070526123,0.007905337028205395,0.004835540894418955,0.03200553357601166
centerline,6.08228560951021,0.0,0.04379245638847351,0.0,421.47161865234375,0.13481445610523224,0.16859211027622223,0.007832244969904423,0.00479240994900465,0.03170843794941902
centerline,6.052272704740366,0.0,0.04357636347413063,0.0,420.3550109863281,0.13501326739788055,0.16885024309158325,0.0077597154304385185,0.004749612882733345,0.03141362965106964
centerline,6.022506083051364,0.0,0.04336204379796982,0.0,419.2461242675781,0.1352105587720871,0.1691063791513443,0.007687744684517384,0.004707146901637316,0.031121088191866875
centerline,5.992983157436053,0.0,0.04314947873353958,0.0,418.1449890136719,0.13540631532669067,0.16936053335666656,0.007616330403834581,0.0046650106087327,0.030830807983875275
centerline,5.963702893091573,0.0,0.04293866083025932,0.0,417.05157470703125,0.13560055196285248,0.16961272060871124,0.00754547119140625,0.004623203072696924,0.030542783439159393
centerline,5.934662185609341,0.0,0.04272956773638725,0.0,415.9658508300781,0.1357932686805725,0.16986292600631714,0.007475166115909815,0.004581724293529987,0.030257010832428932
centerline,5.905860000186497,0.0,0.04252219200134277,0.0,414.8879089355469,0.13598448038101196,0.17011116445064545,0.007405414711683989,0.0045405724085867405,0.029973488301038742
centerline,5.877293749815888,0.0,0.04231651499867439,0.0,413.8176574707031,0.13617415726184845,0.17035743594169617,0.007336215116083622,0.004499747417867184,0.029692206531763077
centerline,5.848961882293224,0.0,0.042112525552511215,0.0,412.7550964355469,0.13636234402656555,0.1706017553806305,0.007267564535140991,0.004459247458726168,0.02941315621137619
centerline,5.820862328012785,0.0,0.04191020876169205,0.0,411.7002258300781,0.13654902577400208,0.17084412276744843,0.007199460174888372,0.004419070202857256,0.029136326164007187
centerline,5.792993017368847,0.0,0.041709549725055695,0.0,410.6529541015625,0.1367342174053192,0.17108456790447235,0.0071318987756967545,0.004379213787615299,0.028861703351140022
centerline,5.76535291555855,0.0,0.04151054099202156,0.0,409.6133117675781,0.13691794872283936,0.17132310569286346,0.007064875680953264,0.004339675419032574,0.028589269146323204
centerline,5.737938918173313,0.0,0.041313160210847855,0.0,408.5811767578125,0.1371002048254013,0.17155972123146057,0.006998386699706316,0.0043004523031413555,0.02831900306046009
centerline,5.710749473008844,0.0,0.04111739620566368,0.0,407.5564880371094,0.13728100061416626,0.17179447412490845,0.006932426709681749,0.004261540714651346,0.02805088832974434
centerline,5.683783545262284,0.0,0.04092324152588844,0.0,406.5392150878906,0.1374603807926178,0.1720273494720459,0.006866990122944117,0.004222937859594822,0.02778490260243416
centerline,5.657038547926479,0.0,0.04073067754507065,0.0,405.529296875,0.13763833045959473,0.1722583770751953,0.006802073214203119,0.004184641409665346,0.027521029114723206
centerline,5.630512411395709,0.0,0.0405396893620491,0.0,404.5267028808594,0.13781486451625824,0.17248757183551788,0.006737672723829746,0.004146648570895195,0.027259254828095436
centerline,5.604204618268543,0.0,0.04035027325153351,0.0,403.5314025878906,0.13798998296260834,0.1727149337530136,0.006673786789178848,0.004108958877623081,0.026999572291970253
centerline,5.578112064136399,0.0,0.040162406861782074,0.0,402.54339599609375,0.1381637006998062,0.1729404777288437,0.006610414478927851,0.004071570932865143,0.026741977781057358
centerline,5.552233714196417,0.0,0.0399760827422142,0.0,401.5627136230469,0.13833600282669067,0.17316418886184692,0.006547553930431604,0.0040344842709600925,0.026486465707421303
centerline,5.526566981441445,0.0,0.0397912822663784,0.0,400.58929443359375,0.1385069191455841,0.1733860820531845,0.006485204678028822,0.003997698426246643,0.02623303048312664
centerline,5.501111348470053,0.0,0.039608001708984375,0.0,399.6231689453125,0.13867643475532532,0.17360617220401764,0.006423364393413067,0.0039612120017409325,0.025981664657592773
centerline,5.475864228275087,0.0,0.03942622244358063,0.0,398.664306640625,0.1388445645570755,0.17382444441318512,0.006362030748277903,0.003925023600459099,0.025732362642884254
centerline,5.450824068652259,0.0,0.039245933294296265,0.0,397.7126770019531,0.13901130855083466,0.17404092848300934,0.006301201414316893,0.003889131359755993,0.02548510767519474
centerline,5.425989317397277,0.0,0.03906712308526039,0.0,396.7682189941406,0.13917668163776398,0.1742556393146515,0.006240873597562313,0.0038535338826477528,0.025239894166588783
centerline,5.401358422305849,0.0,0.03888978064060211,0.0,395.8309631347656,0.13934068381786346,0.17446856200695038,0.006181044038385153,0.003818228840827942,0.02499670721590519
centerline,5.376929313772255,0.0,0.03871389105916023,0.0,394.90081787109375,0.1395033299922943,0.1746797263622284,0.006121709477156401,0.0037832141388207674,0.024755531921982765
centerline,5.352700439592202,0.0,0.03853944316506386,0.0,393.977783203125,0.1396646350622177,0.17488914728164673,0.006062866188585758,0.00374848791398108,0.024516357108950615
centerline,5.328670247561402,0.0,0.03836642578244209,0.0,393.061767578125,0.13982461392879486,0.17509682476520538,0.006004510913044214,0.0037140476051717997,0.024279164150357246
centerline,5.304837185475561,0.0,0.03819482773542404,0.0,392.15277099609375,0.13998325169086456,0.17530278861522675,0.005946639459580183,0.003679890651255846,0.024043940007686615
centerline,5.28119970113039,0.0,0.03802463784813881,0.0,391.2507019042969,0.1401405781507492,0.17550703883171082,0.005889248568564653,0.0036460154224187136,0.023810673505067825
centerline,5.257756242321597,0.0,0.0378558449447155,0.0,390.3555603027344,0.1402965933084488,0.1757095903158188,0.005832335911691189,0.003612420056015253,0.023579349741339684
centerline,5.234504739443461,0.0,0.03768843412399292,0.0,389.46734619140625,0.1404513120651245,0.17591045796871185,0.005775898694992065,0.003579102922230959,0.023349961265921593
centerline,5.211443640291691,0.0,0.037522394210100174,0.0,388.5859680175781,0.14060473442077637,0.17610962688922882,0.005719934590160847,0.0035460626240819693,0.023122496902942657
centerline,5.188571910063426,0.0,0.037357717752456665,0.0,387.71148681640625,0.14075686037540436,0.17630712687969208,0.005664441268891096,0.0035132979974150658,0.02289694920182228
centerline,5.165887996554375,0.0,0.0371943935751915,0.0,386.84381103515625,0.14090770483016968,0.17650295794010162,0.005609416868537664,0.0034808076452463865,0.022673308849334717
centerline,5.143389830158816,0.0,0.03703240677714348,0.0,385.98297119140625,0.14105726778507233,0.17669712007045746,0.00555485999211669,0.003448590636253357,0.02245156839489937
centerline,5.12107585867246,0.0,0.03687174618244171,0.0,385.12890625,0.1412055641412735,0.17688964307308197,0.005500767379999161,0.0034166453406214714,0.02223172038793564
centerline,5.098945047292444,0.0,0.0367124043405056,0.0,384.2816467285156,0.141352578997612,0.17708051204681396,0.005447138100862503,0.0033849708270281553,0.022013753652572632
centerline,5.076995843814479,0.0,0.03655437007546425,0.0,383.44110107421875,0.1414983570575714,0.17726974189281464,0.005393968895077705,0.0033535652328282595,0.0217976626008749
centerline,5.055226696034272,0.0,0.03639763221144676,0.0,382.6072998046875,0.14164286851882935,0.17745734751224518,0.005341257434338331,0.0033224273938685656,0.02158343233168125
centerline,5.033636051747534,0.0,0.036242179572582245,0.0,381.78021240234375,0.141786128282547,0.1776433289051056,0.005289001855999231,0.0032915554475039244,0.021371055394411087
centerline,5.012222358749972,0.0,0.0360880009829998,0.0,380.95977783203125,0.14192815124988556,0.17782768607139587,0.005237198900431395,0.0032609484624117613,0.02116052247583866
centerline,4.9909840648372965,0.0,0.03593508526682854,0.0,380.14599609375,0.14206893742084503,0.17801044881343842,0.005185847170650959,0.0032306048087775707,0.020951826125383377
centerline,4.969920135206647,0.0,0.035783424973487854,0.0,379.3388366699219,0.1422085016965866,0.17819161713123322,0.005134944338351488,0.0032005230896174908,0.02074495330452919
centerline,4.94902901765373,0.0,0.03563300892710686,0.0,378.53826904296875,0.1423468291759491,0.17837120592594147,0.005084487609565258,0.003170702140778303,0.0205399002879858
centerline,4.9283091599742574,0.0,0.03548382595181465,0.0,377.7442932128906,0.14248394966125488,0.17854920029640198,0.005034475587308407,0.003141140565276146,0.020336654037237167
centerline,4.907759527365367,0.0,0.03533586859703064,0.0,376.95684814453125,0.14261986315250397,0.17872563004493713,0.004984905477613211,0.0031118367332965136,0.02013520710170269
centerline,4.887378050221337,0.0,0.03518912196159363,0.0,376.1759338378906,0.14275456964969635,0.17890049517154694,0.004935773555189371,0.0030827887821942568,0.019935544580221176
centerline,4.867163693739308,0.0,0.03504357859492302,0.0,375.4014892578125,0.14288808405399323,0.17907381057739258,0.004887077957391739,0.00305399508215487,0.01973765343427658
centerline,4.847114905714989,0.0,0.03489922732114792,0.0,374.6334533691406,0.1430204212665558,0.17924559116363525,0.004838814027607441,0.0030254533048719168,0.019541524350643158
centerline,4.827230651345518,0.0,0.03475606068968773,0.0,373.871826171875,0.14315158128738403,0.17941583693027496,0.004790980368852615,0.0029971618205308914,0.019347142428159714
centerline,4.807509895828035,0.0,0.03461407124996185,0.0,373.1165771484375,0.14328156411647797,0.1795845776796341,0.004743573255836964,0.002969119232147932,0.019154498353600502
centerline,4.787950569556819,0.0,0.0344732441008091,0.0,372.3676452636719,0.14341038465499878,0.17975179851055145,0.004696590360254049,0.002941323909908533,0.018963580951094627
centerline,4.7685511203275786,0.0,0.034333568066358566,0.0,371.6250305175781,0.14353805780410767,0.17991751432418823,0.004650029353797436,0.0029137744568288326,0.018774382770061493
centerline,4.749311548140314,0.0,0.03419504314661026,0.0,370.8887023925781,0.14366458356380463,0.18008174002170563,0.004603888373821974,0.0028864697087556124,0.018586890771985054
centerline,4.730229265987873,0.0,0.034057650715112686,0.0,370.15863037109375,0.14378996193408966,0.18024447560310364,0.004558165557682514,0.002859408501535654,0.01840110309422016
centerline,4.711303756468826,0.0,0.033921387046575546,0.0,369.4347839355469,0.14391420781612396,0.18040573596954346,0.004512858111411333,0.002832589438185096,0.01821700483560562
centerline,4.692532949977451,0.0,0.033786237239837646,0.0,368.7171630859375,0.14403730630874634,0.18056553602218628,0.0044679646380245686,0.0028060113545507193,0.018034592270851135
centerline,4.673916846513748,0.0,0.03365220129489899,0.0,368.0057067871094,0.14415928721427917,0.1807238608598709,0.0044234818778932095,0.0027796728536486626,0.01785385049879551
centerline,4.655452859070566,0.0,0.033519260585308075,0.0,367.3004150390625,0.14428015053272247,0.18088074028491974,0.004379407037049532,0.0027535720728337765,0.017674770206212997
centerline,4.637140470246474,0.0,0.03338741138577461,0.0,366.60125732421875,0.14439991116523743,0.18103615939617157,0.004335739184170961,0.0027277078479528427,0.017497345805168152
centerline,4.618978127837181,0.0,0.033256642520427704,0.0,365.908203125,0.14451855421066284,0.1811901479959488,0.0042924764566123486,0.0027020799461752176,0.017321571707725525
centerline,4.600964279638396,0.0,0.033126942813396454,0.0,365.2629089355469,0.14462889730930328,0.1813332587480545,0.004252285230904818,0.0026781586930155754,0.017158299684524536
centerline,4.58309892565012,0.0,0.03299831226468086,0.0,364.6833190917969,0.14472784101963043,0.1814614087343216,0.0042163110338151455,0.002656575758010149,0.01701219752430916
centerline,4.5653794788652,0.0,0.03287073224782944,0.0,364.1270446777344,0.14482271671295166,0.18158425390720367,0.004181837663054466,0.002635831478983164,0.016872208565473557
centerline,4.547805939283636,0.0,0.03274420276284218,0.0,363.57501220703125,0.1449168473482132,0.18170610070228577,0.004147643223404884,0.0026152508798986673,0.016733352094888687
centerline,4.530376237299707,0.0,0.03261870890855789,0.0,363.02728271484375,0.14501018822193146,0.18182694911956787,0.004113728180527687,0.002594834892079234,0.016595635563135147
centerline,4.513089338110553,0.0,0.03249424323439598,0.0,362.48388671875,0.14510275423526764,0.1819467842578888,0.0040800971910357475,0.002574586309492588,0.01645907387137413
centerline,4.495944206913312,0.0,0.03237079828977585,0.0,361.9449157714844,0.14519454538822174,0.18206559121608734,0.004046753514558077,0.0025545074604451656,0.01632368378341198
centerline,4.478939808905125,0.0,0.0322483666241169,0.0,361.4103698730469,0.14528553187847137,0.1821833848953247,0.004013698548078537,0.002534599509090185,0.016189470887184143
centerline,4.4620745918816995,0.0,0.03212693706154823,0.0,360.8802795410156,0.14537571370601654,0.1823001354932785,0.0039809332229197025,0.002514862222597003,0.01605643332004547
centerline,4.4453480384416055,0.0,0.032006505876779556,0.0,360.35467529296875,0.14546510577201843,0.18241585791110992,0.003948456607758999,0.0024952958337962627,0.015924571081995964
centerline,4.428758596380551,0.0,0.03188706189393997,0.0,359.83349609375,0.14555370807647705,0.18253056704998016,0.003916267771273851,0.0024758996441960335,0.015793882310390472
centerline,4.412304713494248,0.0,0.031768593937158585,0.0,359.3167419433594,0.1456415355205536,0.18264424800872803,0.003884364850819111,0.0024566727224737406,0.01566435769200325
centerline,4.395986389782694,0.0,0.031651102006435394,0.0,358.80438232421875,0.14572857320308685,0.18275690078735352,0.0038527469150722027,0.0024376141373068094,0.015535990707576275
centerline,4.379801555640168,0.0,0.03153457120060921,0.0,358.29638671875,0.14581482112407684,0.1828685700893402,0.0038214114028960466,0.0024187227245420218,0.015408774837851524
centerline,4.363749176263809,0.0,0.031418994069099426,0.0,357.7927551269531,0.14590030908584595,0.18297922611236572,0.003790356917306781,0.0023999977856874466,0.015282702632248402
centerline,4.347828734252188,0.0,0.03130436688661575,0.0,357.2934875488281,0.14598502218723297,0.18308888375759125,0.0037595827598124743,0.0023814383894205093,0.015157771296799183
centerline,4.332038936101728,0.0,0.03119068033993244,0.0,356.79852294921875,0.1460689753293991,0.18319755792617798,0.0037290873005986214,0.0023630440700799227,0.015033973380923271
centerline,4.316378747009569,0.0,0.031077926978468895,0.0,356.307861328125,0.14615216851234436,0.18330523371696472,0.0036988691426813602,0.0023448136635124683,0.014911305159330368
centerline,4.3008466147714195,0.0,0.030966095626354218,0.0,355.8215026855469,0.14623458683490753,0.18341194093227386,0.003668926190584898,0.0023267462383955717,0.014789756387472153
centerline,4.2854420219858484,0.0,0.03085518255829811,0.0,355.3393859863281,0.1463162750005722,0.1835176646709442,0.0036392570473253727,0.002308840863406658,0.014669321477413177
centerline,4.2701636751492815,0.0,0.03074517846107483,0.0,354.86151123046875,0.146397203207016,0.18362241983413696,0.0036098600830882788,0.0022910968400537968,0.01454999577254057
centerline,4.255010798159573,0.0,0.030636077746748924,0.0,354.38787841796875,0.14647738635540009,0.1837262064218521,0.0035807343665510416,0.002273513237014413,0.014431772753596306
centerline,4.23998183881243,0.0,0.0305278692394495,0.0,353.9184265136719,0.1465568244457245,0.18382903933525085,0.0035518782678991556,0.0022560893557965755,0.01431464683264494
centerline,4.225076538407141,0.0,0.03042055107653141,0.0,353.4531555175781,0.1466355323791504,0.1839309185743332,0.003523288993164897,0.0022388233337551355,0.014198608696460724
centerline,4.210293086038695,0.0,0.030314110219478607,0.0,352.9920349121094,0.1467135101556778,0.18403184413909912,0.0034949658438563347,0.002221714938059449,0.014083651825785637
centerline,4.195630964305666,0.0,0.030208542943000793,0.0,352.5350341796875,0.1467907577753067,0.18413184583187103,0.003466905327513814,0.0022047620732337236,0.013969764113426208
centerline,100.00000397364299,0.0,0.7200000286102295,0.0,885.0569458007812,2.864959844417998e-27,0.18020929396152496,0.035927727818489075,0.0351455882191658,4.613995852054131e-09
centerline,99.17330410745409,0.0,0.7140477895736694,0.0,886.8228149414062,4.040382622868727e-27,0.1800297349691391,0.036043889820575714,0.03523898497223854,5.199409347511619e-09
centerline,98.36408827039931,0.0,0.708221435546875,0.0,891.0140380859375,6.748067946540153e-27,0.17960403859615326,0.036319293081760406,0.03546041250228882,6.549256248433721e-09
centerline,97.57198393344879,0.0,0.7025182843208313,0.0,896.15576171875,9.955339112599638e-27,0.17908252775669098,0.03665668144822121,0.03573168069124222,8.14992340281151e-09
centerline,96.79663512441847,0.0,0.696935772895813,0.0,901.6030883789062,2.365494482044283e-24,0.17852213978767395,0.03701919689774513,0.03602312132716179,1.5692569022007774e-08
centerline,96.03768587112427,0.0,0.6914713382720947,0.0,907.0032958984375,1.5417596928113513e-23,0.17793691158294678,0.037397682666778564,0.0363273024559021,4.649286111657602e-08
centerline,95.29478020138211,0.0,0.6861224174499512,0.0,912.3131713867188,3.9909072729418955e-23,0.1773400902748108,0.03778359293937683,0.036637380719184875,9.743980911025574e-08
centerline,94.56758697827658,0.0,0.6808866262435913,0.0,917.6212768554688,7.047279430461046e-23,0.1767442673444748,0.03816884756088257,0.03694692999124527,1.5407576370307652e-07
centerline,93.85577506489224,0.0,0.6757615804672241,0.0,922.9201049804688,1.0640165987040594e-22,0.17615032196044922,0.03855287283658981,0.037255480885505676,2.1567882413364714e-07
centerline,93.15902160273659,0.0,0.6707449555397034,0.0,928.1904907226562,1.4688841228527462e-22,0.17556041479110718,0.03893427923321724,0.03756193071603775,2.8137884555690107e-07
centerline,92.47699545489418,0.0,0.665834367275238,0.0,933.4176635742188,1.9116027078468752e-22,0.17497612535953522,0.03931203857064247,0.03786544129252434,3.503675998217659e-07
centerline,91.80939859814114,0.0,0.6610276699066162,0.0,938.5908813476562,2.3853674501913927e-22,0.17439860105514526,0.03968542441725731,0.038165438920259476,4.2194997718070226e-07
centerline,91.15591645240784,0.0,0.6563225984573364,0.0,943.703857421875,2.8845856416126437e-22,0.17382842302322388,0.04005405679345131,0.03846161440014839,4.955725216859719e-07
centerline,90.51625099447038,0.0,0.6517170071601868,0.0,948.7548828125,3.4048849732117865e-22,0.17326568067073822,0.0404178649187088,0.03875391185283661,5.708205321752757e-07
centerline,89.89012075795068,0.0,0.6472088694572449,0.0,953.7446899414062,3.942844691668293e-22,0.17271022498607635,0.040776968002319336,0.03904242813587189,6.473819098573586e-07
centerline,89.27722771962485,0.0,0.6427960395812988,0.0,958.6773681640625,4.495780145549516e-22,0.1721615195274353,0.04113169386982918,0.03932742774486542,7.250284852489131e-07
centerline,88.67729041311476,0.0,0.6384764909744263,0.0,963.5567016601562,5.061439610287591e-22,0.17161911725997925,0.0414823517203331,0.0396091528236866,8.035709129217139e-07
centerline,88.090052207311,0.0,0.6342483758926392,0.0,968.3870849609375,5.637756901399564e-22,0.17108245193958282,0.04182928428053856,0.03988788649439812,8.828387763060164e-07
centerline,87.51522335741255,0.0,0.6301096081733704,0.0,973.1712646484375,6.222754439259355e-22,0.17055124044418335,0.04217270389199257,0.0401637963950634,9.62659896686091e-07
centerline,86.95255551073286,0.0,0.6260583996772766,0.0,977.9126586914062,6.814439498111502e-22,0.1700250506401062,0.04251286759972572,0.04043709114193916,1.0428634595882613e-06
centerline,86.4017837577396,0.0,0.6220928430557251,0.0,982.612060546875,7.410872363653377e-22,0.16950377821922302,0.04284984618425369,0.04070782661437988,1.1232700671826024e-06
centerline,85.86266802416908,0.0,0.6182112097740173,0.0,987.2715454101562,8.010005784063748e-22,0.1689871996641159,0.04318379610776901,0.04097612574696541,1.2036954331051675e-06
centerline,85.33494340048897,0.0,0.6144115924835205,0.0,991.8896484375,8.609900045039988e-22,0.1684754490852356,0.043514613062143326,0.04124191030859947,1.2839484497817466e-06
centerline,84.81838636928134,0.0,0.6106923818588257,0.0,996.4667358398438,9.208408435177935e-22,0.1679684966802597,0.043842338025569916,0.04150520637631416,1.3638264135806821e-06
centerline,84.31274857785967,0.0,0.6070517897605896,0.0,1001.0009155273438,9.803886589697875e-22,0.16746652126312256,0.044166840612888336,0.04176592081785202,1.4431652743951418e-06
centerline,83.81780650880602,0.0,0.6034882068634033,0.0,1005.472900390625,1.0392178410697868e-21,0.16697165369987488,0.04448674991726875,0.042022936046123505,1.5214737913993304e-06
centerline,83.33333664470248,0.0,0.6000000238418579,0.0,1009.5838623046875,1.0928192861270973e-21,0.16651703417301178,0.04478064179420471,0.042259056121110916,1.5929572327877395e-06
centerline,82.52156277497609,0.0,0.5941552519798279,0.0,1016.4324951171875,1.1814170748078105e-21,0.16576014459133148,0.04526994749903679,0.04265217483043671,1.7113003423219197e-06
centerline,81.72362214989133,0.0,0.5884100794792175,0.0,1023.7802734375,1.2756307453401304e-21,0.164948508143425,0.04579462856054306,0.04307372123003006,1.8373879129285342e-06
centerline,80.93929953045316,0.0,0.5827629566192627,0.0,1031.343505859375,1.3700559568127944e-21,0.16411380469799042,0.046334248036146164,0.04350727051496506,1.9646190594357904e-06
centerline,80.16834656397502,0.0,0.5772120952606201,0.0,1039.0245361328125,1.4630381460523047e-21,0.16326670348644257,0.04688187688589096,0.0439472571015358,2.0909403701807605e-06
centerline,79.41053973303902,0.0,0.5717558860778809,0.0,1046.7813720703125,1.5538065770215986e-21,0.16241179406642914,0.04743456840515137,0.044391315430402756,2.215420181528316e-06
centerline,78.66564724180434,0.0,0.5663926601409912,0.0,1054.60595703125,1.6419961270284164e-21,0.16154985129833221,0.0479918047785759,0.044839031994342804,2.337679234187817e-06
centerline,77.93346212969887,0.0,0.5611209273338318,0.0,1062.49267578125,1.7275826632399455e-21,0.16068141162395477,0.04855325445532799,0.04529013857245445,2.457680920997518e-06
centerline,77.21376087930467,0.0,0.5559390783309937,0.0,1070.4427490234375,1.8105794132758447e-21,0.1598062515258789,0.04911906272172928,0.045744746923446655,2.5754548005352262e-06
centerline,76.50632825162675,0.0,0.5508455634117126,0.0,1078.45556640625,1.8911095656550734e-21,0.15892432630062103,0.049689240753650665,0.046202875673770905,2.6911266104434617e-06
centerline,75.81096556451585,0.0,0.5458389520645142,0.0,1086.5328369140625,1.9692452159534815e-21,0.15803539752960205,0.050263963639736176,0.046664655208587646,2.8047825253452174e-06
centerline,75.12744930055406,0.0,0.5409176349639893,0.0,1094.6751708984375,2.0450822896571438e-21,0.15713931620121002,0.050843317061662674,0.04713016003370285,2.9165250907681184e-06
centerline,74.4555973344379,0.0,0.5360803008079529,0.0,1102.8843994140625,2.11867773621253e-21,0.15623584389686584,0.0514274500310421,0.047599513083696365,3.026423200935824e-06
centerline,73.79519442717235,0.0,0.5313253998756409,0.0,1111.161376953125,2.1901163739441697e-21,0.1553248167037964,0.052016470581293106,0.04807279258966446,3.134567805318511e-06
centerline,73.14605845345392,0.0,0.5266516208648682,0.0,1119.5078125,2.259483021176592e-21,0.15440604090690613,0.05261051654815674,0.048550110310316086,3.2410530366178136e-06
centerline,72.50798245271046,0.0,0.5220574736595154,0.0,1127.9246826171875,2.3268984430480555e-21,0.15347933769226074,0.053209688514471054,0.04903155192732811,3.3460041777289007e-06
centerline,71.88079257806142,0.0,0.5175417065620422,0.0,1136.4134521484375,2.392488453406612e-21,0.1525445282459259,0.0538141094148159,0.04951721429824829,3.4495521958888276e-06
centerline,71.26429014735751,0.0,0.5131028890609741,0.0,1144.9752197265625,2.4563873479327665e-21,0.15160144865512848,0.05442388728260994,0.050007183104753494,3.55183601641329e-06
centerline,70.65830959214105,0.0,0.5087398290634155,0.0,1153.611328125,2.5187112469517673e-21,0.15064990520477295,0.05503913387656212,0.05050155147910118,3.6529759199765977e-06
centerline,70.06265223026276,0.0,0.5044510960578918,0.0,1162.322998046875,2.5795544603625556e-21,0.14968973398208618,0.05565996840596199,0.051000408828258514,3.753071268874919e-06
centerline,69.47716077168782,0.0,0.5002355575561523,0.0,1171.1119384765625,2.638987064257064e-21,0.14872074127197266,0.05628650262951851,0.051503848284482956,3.852198460663203e-06
centerline,68.9016448126899,0.0,0.4960918426513672,0.0,1179.9794921875,2.6970694412044214e-21,0.14774276316165924,0.05691885948181152,0.052011970430612564,3.95042434320203e-06
centerline,68.33594292402267,0.0,0.49201878905296326,0.0,1188.9271240234375,2.75386924391586e-21,0.14675560593605042,0.057557154446840286,0.0525248646736145,4.047822585562244e-06
centerline,67.77988953722848,0.0,0.48801520466804504,0.0,1197.9564208984375,2.809490879709907e-21,0.14575907588005066,0.058201514184474945,0.053042635321617126,4.144501872360706e-06
centerline,67.23331494463815,0.0,0.48407986760139465,0.0,1207.06884765625,2.8640991384742202e-21,0.14475299417972565,0.05885205417871475,0.0535653680562973,4.240630005369894e-06
centerline,66.69606185621686,0.0,0.48021164536476135,0.0,1216.2655029296875,2.9179399933499344e-21,0.14373716711997986,0.05950888991355896,0.054093167185783386,4.336451638664585e-06
centerline,66.16796884271834,0.0,0.476409375667572,0.0,1225.5479736328125,2.9713521117899917e-21,0.14271144568920135,0.06017213314771652,0.054626114666461945,4.432301921042381e-06
centerline,65.64887861410777,0.0,0.4726719260215759,0.0,1234.9173583984375,3.0247702886818012e-21,0.14167562127113342,0.06084191054105759,0.055164311081171036,4.528606496023713e-06
centerline,65.13864215877321,0.0,0.4689982235431671,0.0,1244.374755859375,3.07872564829563e-21,0.14062951505184174,0.06151833012700081,0.05570784583687782,4.625885594577994e-06
centerline,64.63710218667984,0.0,0.46538713574409485,0.0,1253.9217529296875,3.1338321137423572e-21,0.13957294821739197,0.06220152601599693,0.05625682324171066,4.724739028461045e-06
centerline,64.14411796463861,0.0,0.46183764934539795,0.0,1263.5595703125,3.190779540728155e-21,0.13850568234920502,0.06289161741733551,0.056811343878507614,4.825838459510123e-06
centerline,63.659536341826126,0.0,0.45834866166114807,0.0,1273.289794921875,3.250312109076573e-21,0.13742752373218536,0.06358876079320908,0.05737152323126793,4.929910573991947e-06
centerline,63.183220724264785,0.0,0.4549191892147064,0.0,1283.1142578125,3.3132164077734248e-21,0.13633820414543152,0.06429311633110046,0.05793749541044235,5.037721621192759e-06
centerline,62.715022100342644,0.0,0.45154815912246704,0.0,1293.0347900390625,3.380293162191946e-21,0.13523747026920319,0.06500484049320221,0.05850938707590103,5.150052857061382e-06
centerline,62.25481215450499,0.0,0.4482346475124359,0.0,1303.053466796875,3.452311795704653e-21,0.13412503898143768,0.06572411209344864,0.05908733606338501,5.267655069474131e-06
centerline,61.80244601435132,0.0,0.44497761130332947,0.0,1313.1719970703125,3.529972261437305e-21,0.1330007016658783,0.06645108014345169,0.059671465307474136,5.391211288952036e-06
centerline,61.357795364326904,0.0,0.4417761266231537,0.0,1323.392822265625,3.61384183242229e-21,0.13186414539813995,0.06718592345714569,0.06026192009449005,5.521276307263179e-06
centerline,60.92072361045414,0.0,0.4386292099952698,0.0,1333.7159423828125,3.704354697701841e-21,0.13071537017822266,0.06792867183685303,0.06085871160030365,5.658268037223024e-06
centerline,60.49110657638974,0.0,0.4355359673500061,0.0,1344.1439208984375,3.801809740895729e-21,0.12955404818058014,0.06867950409650803,0.061462000012397766,5.802484793093754e-06
centerline,60.06881180736754,0.0,0.43249544501304626,0.0,1354.677490234375,3.906675886169566e-21,0.12838011980056763,0.06943847984075546,0.062071822583675385,5.954379957984202e-06
centerline,59.6537192662557,0.0,0.429506778717041,0.0,1365.2646484375,4.020249238301517e-21,0.12719926238059998,0.07020191103219986,0.06268521398305893,6.11495033808751e-06
centerline,59.24570477671094,0.0,0.4265690743923187,0.0,1375.14208984375,4.4708297852575664e-20,0.12605714797973633,0.07093778997659683,0.06327654421329498,7.821469807822723e-06
centerline,58.84464830160141,0.0,0.42368146777153015,0.0,1384.06640625,1.3840710419133745e-19,0.12496986985206604,0.07163497805595398,0.06383689492940903,1.1526659363880754e-05
centerline,58.45042980379529,0.0,0.42084309458732605,0.0,1392.7554931640625,2.466415030700961e-19,0.12389621883630753,0.0723225325345993,0.06438956409692764,1.574868474563118e-05
centerline,58.06292924616072,0.0,0.4180530905723572,0.0,1401.4775390625,3.584383232778763e-19,0.12281763553619385,0.07301316410303116,0.06494474411010742,2.0061401301063597e-05
centerline,57.6820390092002,0.0,0.41531068086624146,0.0,1410.22705078125,4.7419958751707585e-19,0.12173481285572052,0.07370640337467194,0.06550208479166031,2.4471701181028038e-05
centerline,57.30764733420478,0.0,0.4126150608062744,0.0,1418.9869384765625,5.941477556736833e-19,0.12064985185861588,0.0744009017944336,0.06606049090623856,2.8980117349419743e-05
centerline,56.93963418404262,0.0,0.4099653661251068,0.0,1427.747314453125,7.185903579898093e-19,0.1195640116930008,0.07509583979845047,0.06661932170391083,3.359075708431192e-05
centerline,56.577896078427635,0.0,0.40736085176467896,0.0,1436.498291015625,8.478604897583714e-19,0.11847851425409317,0.07579042762517929,0.06717795133590698,3.8308571674861014e-05
centerline,56.222329537073776,0.0,0.40480077266693115,0.0,1445.230712890625,9.823407737114635e-19,0.11739446967840195,0.07648395001888275,0.06773579865694046,4.313991667004302e-05
centerline,55.87282280127208,0.0,0.40228432416915894,0.0,1453.936767578125,1.1224759228259096e-18,0.11631281673908234,0.07717576622962952,0.06829237937927246,4.809286110685207e-05
centerline,55.52927652994792,0.0,0.399810791015625,0.0,1462.6102294921875,1.2687692248056598e-18,0.11523430794477463,0.07786540687084198,0.06884730607271194,5.317710747476667e-05
centerline,55.19158724281523,0.0,0.39737942814826965,0.0,1471.247314453125,1.4217649644937741e-18,0.11415939033031464,0.07855255156755447,0.06940034031867981,5.840360972797498e-05
centerline,54.85965559879939,0.0,0.3949895203113556,0.0,1479.8463134765625,1.582027175670437e-18,0.11308827996253967,0.07923705130815506,0.0699513703584671,6.378408579621464e-05
centerline,54.53338639603721,0.0,0.3926403820514679,0.0,1488.407470703125,1.750120409103716e-18,0.11202093213796616,0.07991892844438553,0.07050042599439621,6.933052645763382e-05
centerline,54.21267615424262,0.0,0.3903312683105469,0.0,1496.9326171875,1.92659711804522e-18,0.11095716059207916,0.08059828728437424,0.0710475891828537,7.505485700676218e-05
centerline,53.897437949975334,0.0,0.3880615532398224,0.0,1505.424560546875,2.1119893864239736e-18,0.10989662259817123,0.0812753289937973,0.07159304618835449,8.096870442386717e-05
centerline,53.58757244216071,0.0,0.38583052158355713,0.0,1513.8863525390625,2.306808825448841e-18,0.10883894562721252,0.08195028454065323,0.07213698327541351,8.708329551154748e-05
centerline,53.28299270735847,0.0,0.38363754749298096,0.0,1522.321533203125,2.5115451260424533e-18,0.10778374969959259,0.08262339234352112,0.07267960160970688,9.340941323898733e-05
centerline,52.983603543705414,0.0,0.38148194551467896,0.0,1530.733154296875,2.7266706083345786e-18,0.1067306399345398,0.08329489082098007,0.07322109490633011,9.995744767365977e-05
centerline,52.689322166972694,0.0,0.37936311960220337,0.0,1539.1243896484375,2.952646218721562e-18,0.10567925125360489,0.0839649960398674,0.07376165688037872,0.00010673750512069091
centerline,52.40005751450857,0.0,0.37728041410446167,0.0,1547.498291015625,3.1899248385887762e-18,0.10462924093008041,0.08463393151760101,0.07430145889520645,0.00011375954636605456
centerline,52.11572266287274,0.0,0.3752332031726837,0.0,1555.88623046875,8.248644406634302e-17,0.10357715934515,0.08530203253030777,0.07484268397092819,0.0001230680209118873
centerline,51.8362389670478,0.0,0.37322092056274414,0.0,1564.292724609375,2.5981859507320847e-16,0.10252247005701065,0.0859692394733429,0.0753856748342514,0.00013510920689441264
centerline,51.561519503593445,0.0,0.3712429404258728,0.0,1572.689453125,4.682237725557386e-16,0.10146814584732056,0.08663526922464371,0.07592857629060745,0.00014811180881224573
centerline,51.29148562749227,0.0,0.36929869651794434,0.0,1581.0740966796875,6.989079547240862e-16,0.10041440278291702,0.08730019629001617,0.07647121697664261,0.00016184938431251794
centerline,51.02605455451542,0.0,0.367387592792511,0.0,1589.4478759765625,9.524221629802197e-16,0.09936107695102692,0.08796408772468567,0.07701369374990463,0.00017633852257858962
centerline,50.76515177885692,0.0,0.3655090928077698,0.0,1597.81201171875,1.2292663055816968e-15,0.09830805659294128,0.08862702548503876,0.0775560662150383,0.00019159393559675664
centerline,50.50869451628791,0.0,0.36366260051727295,0.0,1606.1671142578125,1.5298789338369584e-15,0.09725525230169296,0.08928903937339783,0.0780983716249466,0.00020762807980645448
centerline,50.25661240021388,0.0,0.3618476092815399,0.0,1614.513916015625,1.854624801308916e-15,0.09620258212089539,0.08995018899440765,0.07864066958427429,0.0002244508359581232
centerline,50.00882678561741,0.0,0.3600635528564453,0.0,1622.8531494140625,2.2037853346942946e-15,0.09514997154474258,0.09061049669981003,0.07918298244476318,0.00024206914531532675
centerline,49.76526730590397,0.0,0.35830992460250854,0.0,1631.185302734375,2.577547304757964e-15,0.09409739077091217,0.09126999229192734,0.07972534000873566,0.00026048673316836357
centerline,49.52585945526759,0.0,0.35658618807792664,0.0,1639.5107421875,2.9760036733658853e-15,0.09304478764533997,0.09192869812250137,0.0802677571773529,0.00027970405062660575
centerline,49.290532867113754,0.0,0.354891836643219,0.0,1647.829833984375,3.3991567698586633e-15,0.09199216216802597,0.09258662909269333,0.08081025630235672,0.0002997184928972274
centerline,49.059221314059364,0.0,0.3532263934612274,0.0,1656.142578125,3.84694666665528e-15,0.09093950688838959,0.0932437852025032,0.08135281503200531,0.0003205254324711859
centerline,37.02299462424384,0.0,0.26656556129455566,0.0,2016.5203857421875,1.2628648127233078e-10,0.03021426312625408,0.11344484239816666,0.11312296241521835,0.02089032158255577
centerline,36.86750100718604,0.0,0.2654460072517395,0.0,2017.15576171875,1.478482197780906e-10,0.029621440917253494,0.11316456645727158,0.11340576410293579,0.021681582555174828
centerline,36.71268622080485,0.0,0.2643313407897949,0.0,2017.514404296875,1.7268263208247703e-10,0.02905166707932949,0.11285680532455444,0.11367231607437134,0.022493228316307068
centerline,36.558554404311714,0.0,0.2632215917110443,0.0,2017.616455078125,2.0118059995688498e-10,0.02850310131907463,0.11252429336309433,0.11392337828874588,0.023323606699705124
centerline,36.40510141849518,0.0,0.2621167302131653,0.0,2017.5267333984375,2.3342439092743916e-10,0.027969449758529663,0.11217429488897324,0.1141623929142952,0.024168608710169792
centerline,36.25231898493237,0.0,0.26101669669151306,0.0,2017.149658203125,2.709436563996803e-10,0.027460185810923576,0.11179798096418381,0.11438324302434921,0.025033041834831238
centerline,36.10020710362328,0.0,0.25992149114608765,0.0,2016.49560546875,3.14278492119513e-10,0.02697431668639183,0.1113969013094902,0.1145862564444542,0.025916004553437233
centerline,35.948765774567924,0.0,0.25883111357688904,0.0,2015.7640380859375,3.6194003349976356e-10,0.026492146775126457,0.11099113523960114,0.11478331685066223,0.02680654078722
centerline,35.7979867193434,0.0,0.25774550437927246,0.0,2015.0068359375,4.13597128767762e-10,0.026008592918515205,0.11058603227138519,0.1149774044752121,0.02770170569419861
centerline,35.647874077161156,0.0,0.2566646933555603,0.0,2013.943359375,4.741803061314442e-10,0.02555149421095848,0.11015545576810837,0.11515072733163834,0.028615543618798256
centerline,35.49841543038686,0.0,0.2555885910987854,0.0,2012.53173828125,5.452452933596419e-10,0.025125112384557724,0.10969597846269608,0.11530036479234695,0.029549747705459595
centerline,35.349614918231964,0.0,0.25451722741127014,0.0,2011.0589599609375,6.22851492604326e-10,0.024700947105884552,0.10923503339290619,0.11544416099786758,0.030489591881632805
centerline,35.20146840148502,0.0,0.25345057249069214,0.0,2009.575439453125,7.064339668794162e-10,0.0242738276720047,0.10877762734889984,0.11558521538972855,0.03143250569701195
centerline,35.05397588014603,0.0,0.2523886263370514,0.0,2007.7701416015625,8.056419975588369e-10,0.02387472800910473,0.10829649865627289,0.11570292711257935,0.03239293023943901
centerline,34.90712493658066,0.0,0.25133129954338074,0.0,2005.6549072265625,9.215421759023457e-10,0.023502469062805176,0.10779320448637009,0.11579784005880356,0.033369969576597214
centerline,34.7609238492118,0.0,0.25027865171432495,0.0,2003.55224609375,1.0458884869279927e-09,0.02312484383583069,0.10729676485061646,0.11589096486568451,0.03434830531477928
centerline,34.61536020040512,0.0,0.24923059344291687,0.0,2001.390625,1.182678510680546e-09,0.022748708724975586,0.10680139809846878,0.11597737669944763,0.03533126786351204
centerline,34.47043812937207,0.0,0.24818715453147888,0.0,1998.986572265625,1.403675731204146e-09,0.02239200845360756,0.10629363358020782,0.11604437977075577,0.03632529079914093
centerline,34.32615349690119,0.0,0.2471483051776886,0.0,1996.6461181640625,2.1275174955093235e-09,0.022022215649485588,0.10580630600452423,0.11611315608024597,0.03731049597263336
centerline,34.18250009417534,0.0,0.24611400067806244,0.0,1994.5537109375,3.352472521811478e-09,0.021620577201247215,0.10535110533237457,0.11619743704795837,0.038282446563243866
centerline,34.0394779211945,0.0,0.2450842410326004,0.0,1992.1806640625,4.796761654546344e-09,0.021238435059785843,0.10487555712461472,0.1162617951631546,0.039275456219911575
centerline,33.89708490835296,0.0,0.2440590113401413,0.0,1989.32666015625,6.541577501906204e-09,0.02089547924697399,0.10436445474624634,0.1162918284535408,0.04029775410890579
centerline,33.75531691643927,0.0,0.24303828179836273,0.0,1986.3028564453125,8.559576158972959e-09,0.020567532628774643,0.1038450077176094,0.11630713194608688,0.041327036917209625
centerline,33.61417187584771,0.0,0.24202203750610352,0.0,1983.3238525390625,1.0809768191677449e-08,0.02023724652826786,0.10333557426929474,0.11632153391838074,0.04234893620014191
centerline,33.473645647366844,0.0,0.24101024866104126,0.0,1980.38916015625,1.3295737844032374e-08,0.019903060048818588,0.10283544659614563,0.11633558571338654,0.0433657132089138
centerline,33.33373616139094,0.0,0.24000290036201477,0.0,1977.499267578125,1.6021383331121797e-08,0.01956356316804886,0.1023440882563591,0.11634979397058487,0.04437931627035141
centerline,33.194441348314285,0.0,0.23899997770786285,0.0,1974.6556396484375,1.899150170459052e-08,0.019216962158679962,0.10186097025871277,0.11636483669281006,0.045391954481601715
centerline,33.05575913853116,0.0,0.23800146579742432,0.0,1971.8675537109375,2.220028960664422e-08,0.01886328123509884,0.10138726234436035,0.11638105660676956,0.04640185460448265
centerline,32.91768539283011,0.0,0.23700733482837677,0.0,1969.0460205078125,2.5750384935463444e-08,0.01850573532283306,0.10091456025838852,0.11639361828565598,0.047420185059309006
centerline,32.78021804160542,0.0,0.23601756989955902,0.0,1965.623779296875,3.0265102424209545e-08,0.01819540373980999,0.10040247440338135,0.1163610965013504,0.04847416281700134
centerline,32.64335501525137,0.0,0.23503215610980988,0.0,1961.7119140625,3.573073570350971e-08,0.017929010093212128,0.09986196458339691,0.11628909409046173,0.04954880103468895
centerline,32.50709217455652,0.0,0.23405106365680695,0.0,1957.8880615234375,4.1622744362257436e-08,0.017654169350862503,0.09933405369520187,0.11621987074613571,0.05061689764261246
centerline,32.371427449915146,0.0,0.23307427763938904,0.0,1954.151611328125,4.7942528169642173e-08,0.017369845882058144,0.09881825000047684,0.11615379899740219,0.05167999491095543
centerline,32.23635877172152,0.0,0.23210178315639496,0.0,1950.4984130859375,5.469882324860009e-08,0.01707472652196884,0.09831353276968002,0.11609117686748505,0.052740681916475296
centerline,32.10188200076421,0.0,0.23113355040550232,0.0,1946.9267578125,6.189860357608268e-08,0.01676749438047409,0.0978192389011383,0.11603240668773651,0.053801052272319794
centerline,31.967997137043213,0.0,0.23016957938671112,0.0,1943.44140625,6.953598585823784e-08,0.016447460278868675,0.0973355621099472,0.11597796529531479,0.054861247539520264
centerline,31.83470004134708,0.0,0.22920984029769897,0.0,1939.941162109375,7.80748905526707e-08,0.016120849177241325,0.09685592353343964,0.11592062562704086,0.05592907965183258
centerline,31.701988644070095,0.0,0.2282543182373047,0.0,1935.599609375,9.154522473409088e-08,0.01587047427892685,0.09633961319923401,0.1157904639840126,0.057023175060749054
centerline,31.569858806000816,0.0,0.22730298340320587,0.0,1930.5330810546875,1.0983426079747005e-07,0.015690812841057777,0.09579422324895859,0.11559537798166275,0.05813274160027504
centerline,31.43831052713924,0.0,0.22635583579540253,0.0,1925.5750732421875,1.2928160231240327e-07,0.015500443987548351,0.09526094049215317,0.11540542542934418,0.059236615896224976
centerline,31.307339668273926,0.0,0.22541284561157227,0.0,1920.722900390625,1.4988033569807158e-07,0.015299143269658089,0.0947394073009491,0.11522061377763748,0.060335494577884674
centerline,31.17694209019343,0.0,0.2244739830493927,0.0,1915.9683837890625,1.7165061194646114e-07,0.015086494386196136,0.09422864764928818,0.11504071205854416,0.061431363224983215
centerline,31.047119862503475,0.0,0.22353926301002502,0.0,1911.306396484375,1.9460445344066102e-07,0.014862153679132462,0.09372804313898087,0.11486561596393585,0.06252551078796387
centerline,30.917866776386898,0.0,0.22260864078998566,0.0,1906.7330322265625,2.1875361255752068e-07,0.014625797048211098,0.09323711693286896,0.11469525843858719,0.06361902505159378
centerline,30.789180762237972,0.0,0.2216821014881134,0.0,1902.2454833984375,2.4474564952470246e-07,0.014376961626112461,0.09275514632463455,0.11452986299991608,0.06471309810876846
centerline,30.66105975045098,0.0,0.22075963020324707,0.0,1897.8575439453125,2.912586012371321e-07,0.014112169854342937,0.09227323532104492,0.11437644064426422,0.06581443548202515
centerline,30.533501671420204,0.0,0.21984121203422546,0.0,1893.55419921875,3.5944623277828214e-07,0.013832639902830124,0.09178953617811203,0.11423401534557343,0.06692468374967575
centerline,30.406502385934196,0.0,0.2189268171787262,0.0,1889.30517578125,4.325778490965604e-07,0.013542570173740387,0.09131044894456863,0.11409497261047363,0.06803986430168152
centerline,30.280061893992954,0.0,0.21801644563674927,0.0,1885.10888671875,5.106633125251392e-07,0.013241631910204887,0.09083572030067444,0.11395931243896484,0.06916067749261856
centerline,30.15417812599076,0.0,0.21711008250713348,0.0,1880.9635009765625,5.937201876804465e-07,0.012929457239806652,0.09036504477262497,0.11382707208395004,0.07028795033693314
centerline,30.028844873110454,0.0,0.21620768308639526,0.0,1876.867431640625,6.817666644565179e-07,0.012605640105903149,0.08989813923835754,0.11369828134775162,0.0714225247502327
centerline,29.904062135352028,0.0,0.2153092473745346,0.0,1872.818603515625,7.748274697405577e-07,0.012269659899175167,0.08943464607000351,0.11357300728559494,0.07256544381380081
centerline,29.77982991271549,0.0,0.2144147753715515,0.0,1868.81494140625,8.729321621103736e-07,0.011920897290110588,0.08897414058446884,0.11345131695270538,0.07371794432401657
centerline,29.656139926777946,0.0,0.2135242074728012,0.0,1864.8548583984375,9.760939292391413e-07,0.01155867986381054,0.0885162353515625,0.1133333370089531,0.07488124817609787
centerline,29.532994247145123,0.0,0.21263755857944489,0.0,1860.7108154296875,1.0958744951494737e-06,0.011203339323401451,0.0880540981888771,0.11319805681705475,0.07606086879968643
centerline,29.4103908042113,0.0,0.21175481379032135,0.0,1855.465087890625,1.283980168409471e-06,0.010955450125038624,0.08756779879331589,0.11295464634895325,0.07725226134061813
centerline,29.28832338915931,0.0,0.21087592840194702,0.0,1849.359619140625,1.5338792991315131e-06,0.010797778144478798,0.08706548064947128,0.11262413114309311,0.07844419777393341
centerline,29.166794071594875,0.0,0.2100009173154831,0.0,1843.323974609375,1.7990511196330772e-06,0.010633910074830055,0.08656864613294601,0.11229683458805084,0.07963431626558304
centerline,29.045796642700832,0.0,0.20912973582744598,0.0,1837.3541259765625,2.079621481243521e-06,0.010463706217706203,0.08607697486877441,0.11197256296873093,0.08082344383001328
centerline,28.9253331720829,0.0,0.2082623988389969,0.0,1831.4393310546875,2.3760819658491528e-06,0.01028689369559288,0.08558961004018784,0.11165075749158859,0.08201360702514648
centerline,28.8053953813182,0.0,0.20739884674549103,0.0,1825.572998046875,2.688820359253441e-06,0.010103228501975536,0.08510603755712509,0.11133108288049698,0.08320611715316772
centerline,28.685987409618168,0.0,0.2065391093492508,0.0,1819.750244140625,3.0182263799360953e-06,0.00991246197372675,0.08462584763765335,0.11101327836513519,0.08440211415290833
centerline,28.567100978559917,0.0,0.2056831270456314,0.0,1813.966796875,3.364685881024343e-06,0.009714338928461075,0.08414869010448456,0.11069715768098831,0.08560255914926529
centerline,28.448738157749176,0.0,0.20483091473579407,0.0,1808.219482421875,3.728580168171902e-06,0.00950859859585762,0.08367429673671722,0.1103825643658638,0.08680830895900726
centerline,28.3308948079745,0.0,0.20398244261741638,0.0,1802.5057373046875,4.1102839531959035e-06,0.009294976480305195,0.08320244401693344,0.1100694015622139,0.08802011609077454
centerline,28.21356885963016,0.0,0.20313769578933716,0.0,1796.8232421875,4.510165126703214e-06,0.009073193185031414,0.0827329233288765,0.10975757986307144,0.08923868089914322
centerline,28.096758243110447,0.0,0.2022966593503952,0.0,1791.17041015625,4.928583166474709e-06,0.008842953480780125,0.08226556330919266,0.10944705456495285,0.09046468138694763
centerline,27.980460888809628,0.0,0.20145931839942932,0.0,1785.5455322265625,5.365890501707327e-06,0.008603938855230808,0.08180017024278641,0.10913778096437454,0.09169880300760269
centerline,27.86467265751627,0.0,0.20062564313411713,0.0,1779.9471435546875,5.822434104629792e-06,0.008355794474482536,0.08133656531572342,0.10882973670959473,0.0929417833685875
centerline,27.749393549230366,0.0,0.19979563355445862,0.0,1774.37353515625,6.2985573094920255e-06,0.00809811893850565,0.080874502658844,0.10852290689945221,0.0941944494843483
centerline,27.634621494346195,0.0,0.1989692747592926,0.0,1768.8226318359375,6.794618457206525e-06,0.007830441929399967,0.08041369915008545,0.1082172617316246,0.09545782208442688
centerline,27.52035235365232,0.0,0.1981465369462967,0.0,1763.2913818359375,7.311036824830808e-06,0.00755218556150794,0.07995373755693436,0.10791273415088654,0.09673324227333069
centerline,27.406586127148735,0.0,0.1973274201154709,0.0,1757.77685546875,7.848197128623724e-06,0.007262776140123606,0.07949422299861908,0.10760927200317383,0.09802200645208359
centerline,27.293318675624,0.0,0.1965118944644928,0.0,1752.2425537109375,8.419608093390707e-06,0.006963299587368965,0.07903414219617844,0.10730364918708801,0.09932767599821091
centerline,27.180549999078117,0.0,0.19569995999336243,0.0,1745.8067626953125,9.535673598293215e-06,0.006761523429304361,0.07859738916158676,0.10688935220241547,0.10060405731201172
centerline,27.068275958299637,0.0,0.19489158689975739,0.0,1738.526123046875,1.1202372661500704e-05,0.006658974103629589,0.07818550616502762,0.10637058317661285,0.10184226930141449
centerline,26.956492414077125,0.0,0.19408674538135529,0.0,1731.301025390625,1.293175319005968e-05,0.0065516522154212,0.07777578383684158,0.1058543473482132,0.10308142006397247
centerline,26.845203505622017,0.0,0.19328546524047852,0.0,1724.130126953125,1.4724558241141494e-05,0.006439389195293188,0.07736807316541672,0.10534060001373291,0.10432197153568268
centerline,26.734400954511433,0.0,0.1924876868724823,0.0,1717.0030517578125,1.6583722754148766e-05,0.0063219196163117886,0.07696176320314407,0.10482866317033768,0.10556579381227493
centerline,26.62408476074537,0.0,0.19169341027736664,0.0,1709.9140625,1.851132583396975e-05,0.006198997609317303,0.07655646651983261,0.10431817173957825,0.10681411623954773
centerline,26.514254924323826,0.0,0.19090263545513153,0.0,1702.8582763671875,2.0509343812591396e-05,0.006070374511182308,0.07615182548761368,0.10380883514881134,0.10806803405284882
centerline,26.404905236429638,0.0,0.1901153177022934,0.0,1695.83154296875,2.257959931739606e-05,0.005935805384069681,0.0757475420832634,0.10330040007829666,0.10932852327823639
centerline,26.296037766668533,0.0,0.18933147192001343,0.0,1688.8304443359375,2.4723796741454862e-05,0.005795050412416458,0.07534334063529968,0.10279268026351929,0.11059647053480148
centerline,26.18764630622334,0.0,0.18855105340480804,0.0,1681.8349609375,2.705363840505015e-05,0.005649659316986799,0.07493552565574646,0.10228494554758072,0.11187486350536346
centerline,26.079732924699783,0.0,0.18777407705783844,0.0,1674.7828369140625,2.997997944476083e-05,0.0055057271383702755,0.0745123028755188,0.10177496820688248,0.11317161470651627
centerline,25.9722914132807,0.0,0.18700049817562103,0.0,1667.6883544921875,3.3449709007982165e-05,0.005361611023545265,0.07407712936401367,0.10126283019781113,0.11448486149311066
centerline,25.865321771966087,0.0,0.18623031675815582,0.0,1660.607666015625,3.711280442075804e-05,0.0052111451514065266,0.07364152371883392,0.1007501631975174,0.11580780893564224
centerline,25.758824000755947,0.0,0.1854635328054428,0.0,1653.538330078125,4.097076816833578e-05,0.00505406130105257,0.07320524007081985,0.10023684799671173,0.1171412542462349
centerline,25.652791890833115,0.0,0.1847001016139984,0.0,1646.4781494140625,4.5024971768725663e-05,0.004890092182904482,0.07276803255081177,0.0997227281332016,0.11848601698875427
centerline,25.54722544219759,0.0,0.18394002318382263,0.0,1639.4246826171875,4.927630288875662e-05,0.0047189584001898766,0.07232964038848877,0.09920768439769745,0.11984292417764664
centerline,25.44212258524365,0.0,0.18318328261375427,0.0,1632.3753662109375,5.372520536184311e-05,0.0045403544791042805,0.07188975811004639,0.09869155287742615,0.12121294438838959
centerline,25.337483319971298,0.0,0.18242987990379333,0.0,1625.3265380859375,5.837172648170963e-05,0.004353927448391914,0.07144800573587418,0.09817413985729218,0.12259723991155624
centerline,25.233301437563366,0.0,0.18167977035045624,0.0,1618.2734375,6.321586261037737e-05,0.004159253090620041,0.07100386917591095,0.09765511751174927,0.12399736046791077
centerline,25.12957693801986,0.0,0.18093295395374298,0.0,1611.206298828125,6.826022581662983e-05,0.003955750726163387,0.07055651396512985,0.09713383764028549,0.1254158616065979
centerline,25.026309821340774,0.0,0.18018943071365356,0.0,1603.9560546875,7.53837448428385e-05,0.003767175367102027,0.07012278586626053,0.09658534824848175,0.1268303096294403
centerline,24.923493878708946,0.0,0.1794491559267044,0.0,1596.101318359375,9.019078424898908e-05,0.003664931748062372,0.06975448876619339,0.09594283998012543,0.1281621754169464
centerline,24.8211311797301,0.0,0.1787121444940567,0.0,1587.845703125,0.00011122557043563575,0.003628271399065852,0.06943604350090027,0.0952337309718132,0.12942519783973694
centerline,24.719217585192787,0.0,0.17797836661338806,0.0,1579.6478271484375,0.0001333334657829255,0.0035894436296075583,0.06911761313676834,0.09452725946903229,0.13068754971027374
centerline,24.61775102549129,0.0,0.1772478073835373,0.0,1571.49853515625,0.00015652774891350418,0.0035482952371239662,0.06879876554012299,0.09382271021604538,0.13195082545280457
centerline,24.51672943101989,0.0,0.1765204519033432,0.0,1563.3870849609375,0.0001808300003176555,0.0035047128330916166,0.0684790313243866,0.09311918914318085,0.1332167536020279
centerline,24.416152801778583,0.0,0.1757963001728058,0.0,1555.306640625,0.00020625247270800173,0.00345858046784997,0.06815807521343231,0.09241614490747452,0.13448654115200043
centerline,24.316016998555927,0.0,0.17507532238960266,0.0,1547.2513427734375,0.00023280439199879766,0.0034097859170287848,0.06783561408519745,0.09171311557292938,0.13576126098632812
centerline,24.21632202135192,0.0,0.17435751855373383,0.0,1539.2166748046875,0.00026049144798889756,0.0033582199830561876,0.06751137226819992,0.0910097286105156,0.13704177737236023
centerline,24.117063730955124,0.0,0.1736428588628769,0.0,1531.1988525390625,0.0002893159107770771,0.0033037783578038216,0.06718513369560242,0.09030566364526749,0.1383288949728012
centerline,24.018242127365536,0.0,0.17293134331703186,0.0,1523.19482421875,0.000319276558002457,0.0032463616225868464,0.06685668975114822,0.08960066735744476,0.13962328433990479
centerline,23.919853071371715,0.0,0.17222294211387634,0.0,1515.20166015625,0.0003503684129100293,0.0031858745496720076,0.06652585417032242,0.08889451622962952,0.1409255713224411
centerline,23.82189656297366,0.0,0.17151765525341034,0.0,1507.21728515625,0.00038258283166214824,0.0031222254037857056,0.06619244068861008,0.08818701654672623,0.14223630726337433
centerline,23.724370532565647,0.0,0.17081546783447266,0.0,1499.2396240234375,0.0004159071540925652,0.003055325010791421,0.06585630029439926,0.08747798949480057,0.14355602860450745
centerline,23.627272910541958,0.0,0.1701163649559021,0.0,1491.2669677734375,0.0004503245872911066,0.002985084895044565,0.06551724672317505,0.0867672860622406,0.14488525688648224
centerline,23.53060162729687,0.0,0.16942033171653748,0.0,1483.2972412109375,0.0004858137690462172,0.0029114154167473316,0.0651751160621643,0.0860547199845314,0.1462245136499405
centerline,23.434354613224667,0.0,0.1687273532152176,0.0,1475.328857421875,0.0005223483312875032,0.0028342227451503277,0.06482972204685211,0.08534014225006104,0.14757435023784637
centerline,23.33852979871962,0.0,0.16803741455078125,0.0,1467.359375,0.0005598963471129537,0.0027534053660929203,0.06448086351156235,0.08462333679199219,0.14893540740013123
centerline,23.24312718378173,0.0,0.16735051572322845,0.0,1459.3863525390625,0.0005984195740893483,0.0026688475627452135,0.06412828713655472,0.08390407264232635,0.15030841529369354
centerline,23.14814262919956,0.0,0.16666662693023682,0.0,1451.40625,0.0006378729594871402,0.002580409636721015,0.06377169489860535,0.08318202942609787,0.15169434249401093
centerline,23.053574065367382,0.0,0.16598573327064514,0.0,1443.4141845703125,0.0006782038253732026,0.0024879174306988716,0.0634106770157814,0.08245675265789032,0.15309442579746246
centerline,22.9594214922852,0.0,0.16530783474445343,0.0,1435.40283203125,0.0007193543133325875,0.002391141140833497,0.06304468959569931,0.08172756433486938,0.1545104682445526
centerline,22.86568284034729,0.0,0.1646329164505005,0.0,1427.359619140625,0.0007612766930833459,0.0022897731978446245,0.06267291307449341,0.08099332451820374,0.15594522655010223
centerline,22.772356039947933,0.0,0.16396096348762512,0.0,1419.1861572265625,0.0008172959205694497,0.0022096724715083838,0.062306731939315796,0.08023961633443832,0.15736253559589386
centerline,22.679439021481407,0.0,0.16329196095466614,0.0,1410.631103515625,0.0009335821960121393,0.0022422592155635357,0.061989642679691315,0.07942509651184082,0.15861967206001282
centerline,22.58692971534199,0.0,0.16262589395046234,0.0,1401.8509521484375,0.0010971950832754374,0.002364168642088771,0.06171230971813202,0.07856964319944382,0.15974028408527374
centerline,22.494826051923965,0.0,0.16196274757385254,0.0,1393.1546630859375,0.001262608333490789,0.0024870778433978558,0.0614338181912899,0.07771994173526764,0.16085322201251984
centerline,22.403128031227325,0.0,0.16130252182483673,0.0,1384.52734375,0.0014298130990937352,0.0026108475867658854,0.061153676360845566,0.07687457650899887,0.16196094453334808
centerline,22.31183151404063,0.0,0.16064518690109253,0.0,1375.955322265625,0.0015987916849553585,0.002735373331233859,0.06087150797247887,0.07603223621845245,0.16306564211845398
centerline,22.22093650036388,0.0,0.15999074280261993,0.0,1367.4290771484375,0.0017694191774353385,0.002860449254512787,0.06058703735470772,0.07519203424453735,0.16416899859905243
centerline,22.130440920591354,0.0,0.15933917462825775,0.0,1358.940673828125,0.001941526192240417,0.002985825762152672,0.06030002608895302,0.0743531584739685,0.16527269780635834
centerline,22.040342705117332,0.0,0.1586904674768448,0.0,1350.482666015625,0.0021148906089365482,0.0031111976131796837,0.06001026928424835,0.07351487129926682,0.16637836396694183
centerline,21.95063978433609,0.0,0.15804460644721985,0.0,1342.0478515625,0.0022892432752996683,0.003236199961975217,0.05971752479672432,0.0726764053106308,0.16748778522014618
centerline,21.86133008864191,0.0,0.15740157663822174,0.0,1333.6278076171875,0.0024642664939165115,0.0033603981137275696,0.05942153185606003,0.07183690369129181,0.16860301792621613
centerline,21.772413618034786,0.0,0.15676137804985046,0.0,1325.2117919921875,0.0026395979803055525,0.0034832744859158993,0.059121906757354736,0.07099521905183792,0.16972674429416656
centerline,21.683888302909004,0.0,0.15612399578094482,0.0,1316.7845458984375,0.0028148500714451075,0.0036042272113263607,0.058818086981773376,0.070149727165699,0.17086255550384521
centerline,21.595750004053116,0.0,0.15548940002918243,0.0,1308.3167724609375,0.002989803906530142,0.0037227156572043896,0.058508988469839096,0.06929733604192734,0.1720162183046341
centerline,21.507998721467125,0.0,0.1548575907945633,0.0,1299.4036865234375,0.003295360831543803,0.004011216107755899,0.05818212777376175,0.06840436905622482,0.1729564070701599
centerline,21.420634455151028,0.0,0.1542285680770874,0.0,1289.9412841796875,0.0038008135743439198,0.004562858957797289,0.05783575400710106,0.06746453791856766,0.1735386848449707
centerline,21.333653065893387,0.0,0.15360230207443237,0.0,1280.466064453125,0.0043686567805707455,0.005198632832616568,0.057488299906253815,0.06652488559484482,0.1739829182624817
centerline,21.247052484088474,0.0,0.152978777885437,0.0,1271.2109375,0.004923589527606964,0.005819567479193211,0.05714736878871918,0.06560483574867249,0.1744212806224823
centerline,21.160832709736294,0.0,0.15235799551010132,0.0,1262.1358642578125,0.005467175506055355,0.006427293177694082,0.05681167542934418,0.06470044702291489,0.17485715448856354
centerline,21.074993742836845,0.0,0.1517399549484253,0.0,1253.2169189453125,0.00600007176399231,0.007022449746727943,0.05648057535290718,0.06380932033061981,0.17529307305812836
centerline,20.989529374572967,0.0,0.15112461149692535,0.0,1244.4373779296875,0.006522454787045717,0.007605126593261957,0.056153688579797745,0.06292971968650818,0.175731360912323
centerline,20.904439604944653,0.0,0.1505119651556015,0.0,1235.784423828125,0.007034203968942165,0.008175074122846127,0.055830810219049454,0.06206028535962105,0.17617429792881012
centerline,20.819724433951908,0.0,0.14990201592445374,0.0,1227.2474365234375,0.007534960750490427,0.008731761947274208,0.05551183968782425,0.0611998476088047,0.17662425339221954
centerline,20.73538179198901,0.0,0.14929474890232086,0.0,1218.81787109375,0.008024152368307114,0.009274403564631939,0.05519675835967064,0.06034736707806587,0.177083820104599
centerline,20.651409609450234,0.0,0.1486901491880417,0.0,1210.4871826171875,0.008501002565026283,0.00980195589363575,0.054885607212781906,0.059501804411411285,0.1775559037923813
centerline,20.567805816729862,0.0,0.14808820188045502,0.0,1202.2462158203125,0.008964532986283302,0.010313103906810284,0.05457843095064163,0.05866196006536484,0.17804411053657532
centerline,20.484570413827896,0.0,0.14748890697956085,0.0,1194.0831298828125,0.009413515217602253,0.010806193575263023,0.05427525192499161,0.057826291769742966,0.17855298519134521
centerline,20.40169926153289,0.0,0.1468922346830368,0.0,1185.9793701171875,0.009846487082540989,0.011279202066361904,0.053975947201251984,0.05699242651462555,0.17908887565135956
centerline,20.319190290239124,0.0,0.14629817008972168,0.0,1177.8988037109375,0.010262157768011093,0.011730157770216465,0.053679924458265305,0.05615602061152458,0.1796608865261078
centerline,20.237045569552315,0.0,0.14570672810077667,0.0,1169.2833251953125,0.010831816121935844,0.012377395294606686,0.053340282291173935,0.05528191104531288,0.1800006628036499
centerline,20.155260960261028,0.0,0.1451178789138794,0.0,1159.6781005859375,0.01174620445817709,0.013465669006109238,0.05291001871228218,0.054350532591342926,0.17977750301361084
centerline,20.073836462365257,0.0,0.14453162252902985,0.0,1149.8826904296875,0.012807396240532398,0.01474436279386282,0.052448820322752,0.053420621901750565,0.17927107214927673
centerline,19.99277000625928,0.0,0.14394794404506683,0.0,1140.5523681640625,0.013805166818201542,0.01594528742134571,0.05201386660337448,0.05253198742866516,0.17881552875041962
centerline,19.912057452731663,0.0,0.14336681365966797,0.0,1131.5977783203125,0.014748605899512768,0.01707933098077774,0.05160094425082207,0.05167597904801369,0.17840774357318878
centerline,19.83170087138812,0.0,0.14278824627399445,0.0,1122.9735107421875,0.015642251819372177,0.018151918426156044,0.05120799317955971,0.050848111510276794,0.1780463308095932
centerline,19.751696123017204,0.0,0.14221221208572388,0.0,1114.64208984375,0.016489200294017792,0.019166676327586174,0.050833459943532944,0.05004454031586647,0.17773154377937317
centerline,19.672043207618927,0.0,0.14163871109485626,0.0,1106.5704345703125,0.01729157194495201,0.020125998184084892,0.05047617107629776,0.04926174879074097,0.17746490240097046
centerline,19.59274005558756,0.0,0.1410677284002304,0.0,1098.73095703125,0.018050339072942734,0.021030843257904053,0.050135355442762375,0.04849657416343689,0.17724940180778503
centerline,19.51378459731738,0.0,0.14049924910068512,0.0,1091.0914306640625,0.018765736371278763,0.02188115194439888,0.04981037974357605,0.04774516448378563,0.17709043622016907
centerline,19.435176832808388,0.0,0.1399332731962204,0.0,1083.6104736328125,0.019437603652477264,0.022676242515444756,0.049500592052936554,0.047002434730529785,0.17699585855007172
centerline,19.356912622849148,0.0,0.13936977088451385,0.0,1075.79833984375,0.020202746614813805,0.023590674623847008,0.04916055500507355,0.04623936861753464,0.17676135897636414
centerline,19.278994037045372,0.0,0.13880875706672668,0.0,1066.5958251953125,0.021408969536423683,0.02507026121020317,0.048678066581487656,0.04540581628680229,0.17583240568637848
centerline,19.201416936185627,0.0,0.1382502019405365,0.0,1056.8123779296875,0.022873545065522194,0.026883482933044434,0.04811716824769974,0.04456017538905144,0.17445214092731476
centerline,19.12417925066418,0.0,0.1376940906047821,0.0,1047.7122802734375,0.024223191663622856,0.02855316363275051,0.047600843012332916,0.04377267509698868,0.17319117486476898
centerline,19.047283050086765,0.0,0.1371404379606247,0.0,1039.1124267578125,0.025484519079327583,0.030112218111753464,0.0471184067428112,0.04302690550684929,0.17202632129192352
centerline,18.970722125636208,0.0,0.1365891993045807,0.0,1030.933349609375,0.02667013183236122,0.03157629817724228,0.046664949506521225,0.04231579229235649,0.17094546556472778
centerline,18.894498546918232,0.0,0.13604038953781128,0.0,1023.1317749023438,0.0277871061116457,0.03295420855283737,0.04623771831393242,0.04163545370101929,0.16994169354438782
centerline,18.81861024432712,0.0,0.13549399375915527,0.0,1015.6754760742188,0.02884083054959774,0.03425264358520508,0.04583463445305824,0.04098296910524368,0.16900967061519623
centerline,18.74305514825715,0.0,0.13494999706745148,0.0,1008.5369873046875,0.029835747554898262,0.03547711670398712,0.04545396566390991,0.04035582020878792,0.16814517974853516
centerline,18.667831189102596,0.0,0.1344083845615387,0.0,1001.6920166015625,0.03077562339603901,0.03663228824734688,0.04509424418210983,0.03975173458456993,0.1673448085784912
centerline,18.592938366863464,0.0,0.13386915624141693,0.0,995.12060546875,0.03166349232196808,0.037721898406744,0.044754285365343094,0.0391688272356987,0.16660593450069427
centerline,18.518372542328304,0.0,0.1333322823047638,0.0,988.806396484375,0.0325017124414444,0.0387488417327404,0.04443316161632538,0.038605496287345886,0.16592666506767273
centerline,18.444135785102844,0.0,0.13279777765274048,0.0,982.7316284179688,0.03329230472445488,0.039715539664030075,0.044130027294158936,0.03805989399552345,0.16530612111091614
centerline,18.37022395597564,0.0,0.1322656124830246,0.0,976.8779907226562,0.0340367928147316,0.0406237430870533,0.043844204396009445,0.03752999007701874,0.1647445261478424
centerline,18.29663705494669,0.0,0.13173578679561615,0.0,971.2267456054688,0.03473595157265663,0.04147420451045036,0.04357525706291199,0.03701353073120117,0.16424380242824554
centerline,18.22337508201599,0.0,0.13120830059051514,0.0,965.7534790039062,0.035389840602874756,0.042266618460416794,0.04332292824983597,0.03650735318660736,0.1638084352016449
centerline,18.150431828366386,0.0,0.13068310916423798,0.0,960.4286499023438,0.03599819168448448,0.04300014674663544,0.04308709129691124,0.03600753843784332,0.16344456374645233
centerline,18.077811433209312,0.0,0.13016024231910706,0.0,953.9599609375,0.036921072751283646,0.044138673692941666,0.042742770165205,0.035449735820293427,0.16260001063346863
centerline,18.00550768772761,0.0,0.1296396553516388,0.0,946.4235229492188,0.03817121684551239,0.045701928436756134,0.04228813573718071,0.03484749048948288,0.16122859716415405
centerline,17.933522661526997,0.0,0.12912136316299438,0.0,939.3170166015625,0.03935851529240608,0.04718845710158348,0.04185936599969864,0.03428344056010246,0.15991058945655823
centerline,17.861854285001755,0.0,0.12860535085201263,0.0,932.7116088867188,0.04045075550675392,0.04855436831712723,0.04146561771631241,0.0337577760219574,0.15870767831802368
centerline,17.79050048854616,0.0,0.12809160351753235,0.0,926.4932861328125,0.04146639630198479,0.04982282593846321,0.04110005497932434,0.03326089680194855,0.1576004922389984
centerline,17.719459202554493,0.0,0.12758010625839233,0.0,920.6142578125,0.042413827031850815,0.05100439488887787,0.04075958952307701,0.03278878331184387,0.15657976269721985
centerline,17.64873042702675,0.0,0.1270708590745926,0.0,915.041748046875,0.04329872131347656,0.05210620164871216,0.040442124009132385,0.03233863040804863,0.15563932061195374
centerline,17.578312092357212,0.0,0.12656384706497192,0.0,909.75,0.04412533715367317,0.05313358083367348,0.04014609009027481,0.03190813213586807,0.15477484464645386
centerline,17.50820212894016,0.0,0.12605905532836914,0.0,904.7157592773438,0.04489697888493538,0.05409059673547745,0.03987026959657669,0.03149508312344551,0.15398354828357697
centerline,17.43840053677559,0.0,0.12555648386478424,0.0,899.9207153320312,0.0456157922744751,0.0549798347055912,0.03961386904120445,0.031097562983632088,0.15326428413391113
centerline,17.368905246257782,0.0,0.12505611777305603,0.0,895.3464965820312,0.04628295823931694,0.05580256134271622,0.039376456290483475,0.0307133961468935,0.15261799097061157
centerline,17.299716257386738,0.0,0.12455795705318451,0.0,890.970458984375,0.04689929261803627,0.056559450924396515,0.03915775194764137,0.030339743942022324,0.15204718708992004
centerline,17.230830465753872,0.0,0.12406197935342789,0.0,886.1244506835938,0.04764005169272423,0.057476941496133804,0.03889481723308563,0.02994419075548649,0.15128594636917114
centerline,17.162246836556328,0.0,0.12356817722320557,0.0,880.2764282226562,0.048661500215530396,0.05875816568732262,0.03853143751621246,0.029506783932447433,0.15008477866649628
centerline,17.093965369794105,0.0,0.12307655066251755,0.0,874.2620849609375,0.049764569848775864,0.06014734134078026,0.03813900798559189,0.029074665158987045,0.14873145520687103
centerline,17.025982961058617,0.0,0.12258707731962204,0.0,868.6978759765625,0.0507843941450119,0.06143125146627426,0.03777668625116348,0.028676478192210197,0.14747868478298187
centerline,16.95829857554701,0.0,0.12209974974393845,0.0,863.446533203125,0.05174408480525017,0.06263891607522964,0.03743612766265869,0.028301415964961052,0.14630049467086792
centerline,16.890912213259273,0.0,0.12161456793546677,0.0,858.4441528320312,0.05265496298670769,0.06378457695245743,0.0371132493019104,0.027944525703787804,0.14518369734287262
centerline,16.823821804589695,0.0,0.1211315169930458,0.0,853.6575317382812,0.05352310463786125,0.06487591564655304,0.036805860698223114,0.027603238821029663,0.14412108063697815
centerline,16.757025279932552,0.0,0.12065058201551437,0.0,849.06591796875,0.05435250699520111,0.0659179836511612,0.03651251643896103,0.02727597765624523,0.14310774207115173
centerline,16.690522639287842,0.0,0.12017176300287247,0.0,844.651123046875,0.05514656752347946,0.06691507250070572,0.036231979727745056,0.026961322873830795,0.14213961362838745
centerline,16.624311813049847,0.0,0.11969504505395889,0.0,840.3970947265625,0.05590825900435448,0.06787093728780746,0.035963185131549835,0.026658011600375175,0.14121317863464355
centerline,16.558391766415703,0.0,0.11922042071819305,0.0,836.293701171875,0.0566396489739418,0.06878820061683655,0.035705387592315674,0.026365280151367188,0.1403258591890335
centerline,16.49276146458255,0.0,0.11874788254499435,0.0,832.3311157226562,0.057342588901519775,0.0696692019701004,0.03545790910720825,0.02608235739171505,0.13947540521621704
centerline,16.427418837944668,0.0,0.1182774156332016,0.0,828.4999389648438,0.05801880732178688,0.07051610946655273,0.03522013500332832,0.025808488950133324,0.13865981996059418
centerline,16.362362851699192,0.0,0.11780901253223419,0.0,824.7936401367188,0.05866960808634758,0.07133058458566666,0.03499159216880798,0.025543147698044777,0.13787752389907837
centerline,16.29759350584613,0.0,0.11734267324209213,0.0,821.2053833007812,0.059296201914548874,0.07211413234472275,0.03477184846997261,0.02528577484190464,0.1371271312236786
centerline,16.233108730779755,0.0,0.11687838286161423,0.0,817.7294921875,0.05989961698651314,0.07286804169416428,0.03456053510308266,0.02503589354455471,0.13640747964382172
centerline,16.168906456894344,0.0,0.11641612648963928,0.0,814.3604125976562,0.06048076972365379,0.07359345257282257,0.034357327967882156,0.024793021380901337,0.13571766018867493
centerline,16.104985649387043,0.0,0.1159558966755867,0.0,811.0933837890625,0.061040397733449936,0.07429125905036926,0.03416196629405022,0.024556700140237808,0.13505695760250092
centerline,16.041346308257847,0.0,0.11549769341945648,0.0,807.9244384765625,0.06157895550131798,0.07496200501918793,0.0339743010699749,0.024326518177986145,0.13442516326904297
centerline,15.977986363901033,0.0,0.11504150182008743,0.0,805.1793823242188,0.06201615929603577,0.07550203055143356,0.03382422402501106,0.024117399007081985,0.13394267857074738
centerline,15.914904781513744,0.0,0.11458731442689896,0.0,802.9188842773438,0.062335360795259476,0.07588950544595718,0.03371797129511833,0.02393133006989956,0.1336362361907959
centerline,15.852099491490259,0.0,0.11413511633872986,0.0,800.7555541992188,0.06262920051813126,0.07624362409114838,0.03362129256129265,0.023749327287077904,0.1333693116903305
centerline,15.789570493830576,0.0,0.11368490755558014,0.0,797.7864990234375,0.06312206387519836,0.0768558606505394,0.03345223143696785,0.02353089489042759,0.1327996402978897
centerline,15.727315718928974,0.0,0.1132366731762886,0.0,794.153076171875,0.06379017233848572,0.07769656181335449,0.03321896120905876,0.023286648094654083,0.13195475935935974
centerline,15.665335166785452,0.0,0.11279041320085526,0.0,790.738525390625,0.06442070007324219,0.0784900113940239,0.03299882262945175,0.023058755323290825,0.13115417957305908
centerline,15.60362573299143,0.0,0.1123461052775383,0.0,787.4888305664062,0.06502144038677216,0.07924579828977585,0.032789167016744614,0.02284274250268936,0.1303902417421341
centerline,15.54218741754691,0.0,0.11190374940633774,0.0,784.3711547851562,0.06559756398200989,0.0799703374505043,0.03258822113275528,0.02263602241873741,0.1296572983264923
centerline,15.481019185649025,0.0,0.11146333813667297,0.0,781.3681640625,0.06615182757377625,0.08066707849502563,0.03239503875374794,0.02243722975254059,0.12895232439041138
centerline,15.420120002494919,0.0,0.11102486401796341,0.0,778.4673461914062,0.0666862353682518,0.08133850991725922,0.03220892325043678,0.022245367988944054,0.1282731592655182
centerline,15.359487798478868,0.0,0.11058831214904785,0.0,775.66064453125,0.06720221787691116,0.0819864273071289,0.03202937915921211,0.02205982804298401,0.12761807441711426
centerline,15.299121538798016,0.0,0.1101536750793457,0.0,772.9414672851562,0.06770088523626328,0.08261220902204514,0.03185602277517319,0.021880079060792923,0.1269858479499817
centerline,15.239021223452356,0.0,0.10972095280885696,0.0,770.303955078125,0.06818316876888275,0.08321703970432281,0.03168853372335434,0.021705638617277145,0.1263754665851593
centerline,15.179183748033312,0.0,0.10929012298583984,0.0,767.74365234375,0.06864982843399048,0.08380182087421417,0.03152665123343468,0.021536152809858322,0.12578609585762024
centerline,15.119610147343742,0.0,0.10886119306087494,0.0,765.2567749023438,0.06910141557455063,0.08436727523803711,0.03137018904089928,0.021371284499764442,0.12521719932556152
centerline,15.060297316975063,0.0,0.10843414068222046,0.0,762.840087890625,0.06953836977481842,0.08491387963294983,0.031219011172652245,0.021210717037320137,0.12466845661401749
centerline,15.001245256927279,0.0,0.1080089658498764,0.0,760.4909057617188,0.06996089220046997,0.08544185757637024,0.031073061749339104,0.021054133772850037,0.1241399422287941
centerline,14.942452932397526,0.0,0.10758566111326218,0.0,758.2071533203125,0.07036899030208588,0.08595113456249237,0.03093237243592739,0.020901234820485115,0.12363207340240479
centerline,14.88391827378008,0.0,0.10716421157121658,0.0,755.9873657226562,0.07076235115528107,0.08644120395183563,0.03079710155725479,0.02075166255235672,0.1231459453701973
centerline,14.825640246272087,0.0,0.10674460977315903,0.0,753.8292236328125,0.07114046812057495,0.08691123872995377,0.0306674987077713,0.02060488611459732,0.12268320471048355
centerline,14.767618849873543,0.0,0.10632685571908951,0.0,751.6365356445312,0.07152507454156876,0.08738938719034195,0.030535656958818436,0.020456213504076004,0.12221172451972961
centerline,14.709852014978727,0.0,0.10591093450784683,0.0,748.8466796875,0.07205038517713547,0.08805089443922043,0.03035220503807068,0.020281126722693443,0.1215263232588768
centerline,14.652338706784779,0.0,0.1054968386888504,0.0,745.6196899414062,0.0726848915219307,0.08885572850704193,0.03012828156352043,0.020089372992515564,0.12066933512687683
centerline,14.595077890488836,0.0,0.10508456081151962,0.0,742.553955078125,0.07328996062278748,0.0896236002445221,0.029914597049355507,0.01990879327058792,0.11984902620315552
centerline,14.538068531288042,0.0,0.1046740934252739,0.0,739.6038818359375,0.07387323677539825,0.09036403149366379,0.02970852330327034,0.019736116752028465,0.11905636638402939
centerline,14.481309594379532,0.0,0.10426542907953262,0.0,736.7411499023438,0.07443969696760178,0.09108322858810425,0.02950834482908249,0.01956937275826931,0.11828529834747314
centerline,14.424800044960445,0.0,0.10385856032371521,0.0,733.9536743164062,0.07499149441719055,0.09178389608860016,0.02931331843137741,0.0194077268242836,0.11753318458795547
centerline,14.368538848227924,0.0,0.10345347970724106,0.0,731.232421875,0.07553024590015411,0.09246805310249329,0.02912287786602974,0.01925053633749485,0.1167980208992958
centerline,14.312523934576246,0.0,0.10305017232894897,0.0,728.5704345703125,0.07605720311403275,0.09313726425170898,0.028936592862010002,0.01909732259809971,0.11607827246189117
centerline,14.256755304005411,0.0,0.10264863818883896,0.0,725.9631958007812,0.0765732154250145,0.09379260987043381,0.028754165396094322,0.018947767093777657,0.11537287384271622
centerline,14.201231921712559,0.0,0.10224886983633041,0.0,723.40625,0.07707908004522324,0.09443509578704834,0.028575314208865166,0.018801560625433922,0.11468082666397095
centerline,14.145951718091965,0.0,0.10185085237026215,0.0,720.8964233398438,0.07757542282342911,0.09506549686193466,0.02839982882142067,0.018658481538295746,0.11400134861469269
centerline,14.090914693143633,0.0,0.10145458579063416,0.0,718.4307250976562,0.07806280255317688,0.09568452090024948,0.028227509930729866,0.018518313765525818,0.11333373188972473
centerline,14.036119812064701,0.0,0.10106006264686584,0.0,716.0067138671875,0.07854166626930237,0.09629272669553757,0.02805819921195507,0.01838090270757675,0.11267741024494171
centerline,13.981565005249447,0.0,0.10066726803779602,0.0,713.6226806640625,0.07901239395141602,0.09689060598611832,0.027891766279935837,0.0182461179792881,0.11203188449144363
centerline,13.927249237895012,0.0,0.10027619451284409,0.0,711.2769775390625,0.0794752910733223,0.09747854620218277,0.02772809937596321,0.01811385527253151,0.11139675974845886
centerline,13.873173544804256,0.0,0.09988684952259064,0.0,708.9676513671875,0.07993072271347046,0.09805700182914734,0.027567071840167046,0.017983973026275635,0.11077156662940979
centerline,13.819333786765736,0.0,0.09949920326471329,0.0,706.6928100585938,0.08037906885147095,0.09862644970417023,0.027408551424741745,0.01785634085536003,0.11015583574771881
centerline,13.76573099858231,0.0,0.09911326318979263,0.0,704.451904296875,0.0808204710483551,0.09918709099292755,0.02725248597562313,0.017730925232172012,0.10954934358596802
centerline,13.712363110648262,0.0,0.09872901439666748,0.0,702.2449951171875,0.0812549740076065,0.0997389703989029,0.02709885686635971,0.017607729882001877,0.10895200818777084
centerline,13.659230122963589,0.0,0.09834645688533783,0.0,700.2530517578125,0.08164253830909729,0.10022987425327301,0.026962419971823692,0.017494965344667435,0.1084238588809967
centerline,13.60633100072543,0.0,0.09796558320522308,0.0,698.6458129882812,0.08194568008184433,0.1006108745932579,0.026856999844312668,0.017400236800312996,0.10802120715379715
centerline,13.553663674328062,0.0,0.09758637845516205,0.0,697.2391357421875,0.0822051540017128,0.10093503445386887,0.026767609640955925,0.01731501892209053,0.10768325626850128
centerline,13.50122710896863,0.0,0.09720883518457413,0.0,695.8590087890625,0.08245935291051865,0.10125239193439484,0.0266801118850708,0.017231354489922523,0.1073525995016098
centerline,49.059221314059364,0.0,0.3532263934612274,0.0,1656.142578125,3.84694666665528e-15,0.09093950688838959,0.0932437852025032,0.08135281503200531,0.0003205254324711859
centerline,48.8318544295099,0.0,0.3515893518924713,0.0,1664.448486328125,4.3192742609009065e-15,0.08988691121339798,0.09390012919902802,0.08189541101455688,0.0003421188157517463
centerline,48.60836184687085,0.0,0.3499802052974701,0.0,1672.7484130859375,4.816194186220641e-15,0.08883430063724518,0.09455569088459015,0.08243806660175323,0.0003644990501925349
centerline,48.38868147797055,0.0,0.34839850664138794,0.0,1681.04345703125,5.338141817549371e-15,0.08778150379657745,0.09521058201789856,0.08298087865114212,0.0003876807168126106
centerline,48.172747095425926,0.0,0.34684377908706665,0.0,1689.31640625,5.885461050263684e-15,0.08673067390918732,0.09586340934038162,0.0835227444767952,0.00041166532901115716
centerline,47.9604924718539,0.0,0.345315545797348,0.0,1697.2166748046875,6.729430702864239e-15,0.08570308238267899,0.09649074077606201,0.08405181765556335,0.00044526273268274963
centerline,47.75185965829426,0.0,0.34381338953971863,0.0,1704.5555419921875,8.050240941253391e-15,0.08471092581748962,0.0970795601606369,0.08456141501665115,0.0004932082956656814
centerline,47.54678242736393,0.0,0.34233683347702026,0.0,1711.66357421875,9.630746822589503e-15,0.08373531699180603,0.0976513922214508,0.08506221324205399,0.0005471036420203745
centerline,47.34520283010271,0.0,0.3408854603767395,0.0,1718.73974609375,1.1343805736874386e-14,0.0827629491686821,0.09821967780590057,0.08556152135133743,0.0006025639595463872
centerline,47.14706291755041,0.0,0.3394588530063629,0.0,1725.7874755859375,1.3191242193076429e-14,0.08179337531328201,0.0987846776843071,0.0860595703125,0.0006596114835701883
centerline,46.95229646232393,0.0,0.3380565345287323,0.0,1732.7998046875,1.5171842392982214e-14,0.08082756400108337,0.09934584051370621,0.08655587583780289,0.0007181802066043019
centerline,46.76085379388597,0.0,0.336678147315979,0.0,1739.7738037109375,1.7284994778803825e-14,0.079865962266922,0.0999029129743576,0.0870501920580864,0.0007782347383908927
centerline,46.572676963276336,0.0,0.3353232741355896,0.0,1746.70654296875,1.9530094569016922e-14,0.07890895754098892,0.10045567154884338,0.087542325258255,0.0008397469646297395
centerline,46.38770388232337,0.0,0.33399146795272827,0.0,1753.595703125,2.1906509877042853e-14,0.077956922352314,0.10100391507148743,0.08803209662437439,0.0009026927291415632
centerline,46.20588901970122,0.0,0.33268240094184875,0.0,1760.4384765625,2.4413634227291384e-14,0.07701019942760468,0.10154742747545242,0.08851931989192963,0.0009670512517914176
centerline,46.02717442644967,0.0,0.3313956558704376,0.0,1767.2327880859375,2.7050933989005745e-14,0.07606910914182663,0.10208602994680405,0.08900383114814758,0.0010328058851882815
centerline,45.851502153608536,0.0,0.33013081550598145,0.0,1773.976318359375,2.9817961928789785e-14,0.07513397186994553,0.10261952877044678,0.08948546648025513,0.0010999434161931276
centerline,45.678830809063385,0.0,0.32888758182525635,0.0,1780.666748046875,3.2714455466429856e-14,0.07420507818460464,0.10314775258302689,0.08996407687664032,0.001168454997241497
centerline,45.50910244385402,0.0,0.3276655375957489,0.0,1787.302001953125,3.5740338368960706e-14,0.07328271120786667,0.10367050766944885,0.09043951332569122,0.0012383362045511603
centerline,45.34226738744312,0.0,0.32646432518959045,0.0,1793.8807373046875,3.889617984252289e-14,0.07236704975366592,0.10418768227100372,0.09091169387102127,0.00130959611851722
centerline,45.17827596929338,0.0,0.32528358697891235,0.0,1800.4024658203125,4.218378914949174e-14,0.0714581310749054,0.10469921678304672,0.09138059616088867,0.0013822681503370404
centerline,45.017082658078934,0.0,0.32412299513816833,0.0,1806.85693359375,4.560169584067082e-14,0.07055734097957611,0.1052042692899704,0.09184551239013672,0.0014563079457730055
centerline,44.858633644051025,0.0,0.32298216223716736,0.0,1812.9312744140625,5.075041610374219e-14,0.06968914717435837,0.10567096620798111,0.09229471534490585,0.0015477783745154738
centerline,44.702891674306656,0.0,0.32186082005500793,0.0,1818.5345458984375,5.81904655212219e-14,0.0688609704375267,0.10609003156423569,0.09272462874650955,0.00166122370865196
centerline,44.54980293909709,0.0,0.320758581161499,0.0,1823.9713134765625,6.646033956459949e-14,0.0680493712425232,0.10649251192808151,0.09314645081758499,0.0017807831754907966
centerline,44.39932190709644,0.0,0.31967511773109436,0.0,1829.3443603515625,7.510908128088856e-14,0.06724569201469421,0.10688862204551697,0.09356439858675003,0.0019018539460375905
centerline,44.25141132540173,0.0,0.31861016154289246,0.0,1834.655029296875,8.413841184103793e-14,0.06644973158836365,0.10727847367525101,0.09397857636213303,0.002024452667683363
centerline,44.10602152347565,0.0,0.31756335496902466,0.0,1839.9017333984375,9.35436759519695e-14,0.06566178798675537,0.10766193270683289,0.09438881278038025,0.002148511353880167
centerline,43.963111109203766,0.0,0.3165343999862671,0.0,1845.0838623046875,1.0332158712584791e-13,0.06488195061683655,0.10803898423910141,0.09479506313800812,0.002273989375680685
centerline,43.82263455126021,0.0,0.3155229687690735,0.0,1850.2012939453125,1.1346875723088415e-13,0.06411029398441315,0.10840962082147598,0.09519729763269424,0.0024008508771657944
centerline,43.684554596742,0.0,0.31452879309654236,0.0,1855.2537841796875,1.2398178458276204e-13,0.06334685534238815,0.1087738424539566,0.09559548646211624,0.002529064193367958
centerline,43.5488298535347,0.0,0.31355157494544983,0.0,1860.2412109375,1.3485702355167661e-13,0.06259167939424515,0.10913164913654327,0.09598959982395172,0.00265859835781157
centerline,43.415418929523895,0.0,0.312591016292572,0.0,1865.16357421875,1.4609098436188517e-13,0.06184479966759682,0.10948305577039719,0.09637963026762009,0.0027894272934645414
centerline,43.284284571806594,0.0,0.31164684891700745,0.0,1870.0206298828125,1.5767991296336548e-13,0.06110626086592674,0.10982804745435715,0.09676554799079895,0.0029215228278189898
centerline,43.155385388268364,0.0,0.3107187747955322,0.0,1874.8123779296875,1.6962051609201861e-13,0.060376085340976715,0.11016663163900375,0.09714733809232712,0.0030548647046089172
centerline,43.02867998679479,0.0,0.3098064959049225,0.0,1879.5384521484375,1.8190910746045813e-13,0.05965433269739151,0.11049878597259521,0.0975249707698822,0.003189428709447384
centerline,42.90413939290577,0.0,0.3089098036289215,0.0,1884.198974609375,1.9454309853599722e-13,0.05894099920988083,0.11082454025745392,0.0978984385728836,0.0033252027351409197
centerline,42.78172221448686,0.0,0.3080283999443054,0.0,1888.79345703125,2.0751927736969988e-13,0.05823615938425064,0.11114384979009628,0.09826771169900894,0.0034621688537299633
centerline,42.6613911986351,0.0,0.30716201663017273,0.0,1893.3223876953125,2.2083718317564283e-13,0.05753975361585617,0.11145675182342529,0.0986328199505806,0.003600336378440261
centerline,42.543113231658936,0.0,0.30631041526794434,0.0,1897.7857666015625,2.344974529226024e-13,0.05685177072882652,0.11176323145627975,0.09899376332759857,0.00373972300440073
centerline,42.42685106065538,0.0,0.30547332763671875,0.0,1902.181884765625,2.484973218950387e-13,0.05617246776819229,0.11206313222646713,0.09935041517019272,0.003880309872329235
centerline,42.31256743272146,0.0,0.3046504855155945,0.0,1906.307373046875,2.665464420362196e-13,0.05551963672041893,0.11233244836330414,0.0996946394443512,0.004035370424389839
centerline,42.2002375125885,0.0,0.3038417100906372,0.0,1909.98095703125,2.9224970425449637e-13,0.054909080266952515,0.11254963278770447,0.1000191867351532,0.004216953180730343
centerline,42.08981990814209,0.0,0.30304670333862305,0.0,1913.4014892578125,3.2208448148135504e-13,0.054323941469192505,0.1127387285232544,0.1003316193819046,0.004411193076521158
centerline,41.981289784113564,0.0,0.3022652864456177,0.0,1916.7628173828125,3.5273531057838925e-13,0.0537467822432518,0.1129223182797432,0.10063997656106949,0.004606111906468868
centerline,41.874605748388504,0.0,0.3014971613883972,0.0,1920.0655517578125,3.8420075497772044e-13,0.05317748710513115,0.11310043931007385,0.10094431787729263,0.004801745060831308
centerline,41.76974296569824,0.0,0.30074214935302734,0.0,1923.279296875,4.1615194905537944e-13,0.05262136831879616,0.11327154189348221,0.10124179720878601,0.004996143281459808
centerline,41.66666832235124,0.0,0.30000001192092896,0.0,1926.3255615234375,4.477125050902919e-13,0.05209242179989815,0.11343173682689667,0.10152489691972733,0.00518396683037281
centerline,41.49078081051508,0.0,0.2987336218357086,0.0,1931.43603515625,5.036926279712584e-13,0.05120015889406204,0.11369536072015762,0.10200285911560059,0.0055082994513213634
centerline,41.31566733121872,0.0,0.2974728047847748,0.0,1936.6005859375,5.640611133554685e-13,0.05029236897826195,0.11395535618066788,0.1024896577000618,0.005847606807947159
centerline,41.1413237452507,0.0,0.29621753096580505,0.0,1941.7872314453125,6.286599929863912e-13,0.049375083297491074,0.11421029269695282,0.10298202186822891,0.006199396215379238
centerline,40.96774177418815,0.0,0.29496774077415466,0.0,1946.9925537109375,6.977205813975262e-13,0.04844857379794121,0.11445958912372589,0.10347982496023178,0.0065641640685498714
centerline,40.7949255572425,0.0,0.293723464012146,0.0,1952.192138671875,7.712249892530276e-13,0.04751673713326454,0.11470156908035278,0.10398101061582565,0.006941076368093491
centerline,40.622866815990875,0.0,0.2924846410751343,0.0,1957.371337890625,8.492652111072307e-13,0.04658179730176926,0.11493503302335739,0.1044844314455986,0.007329953368753195
centerline,40.451565550433266,0.0,0.2912512719631195,0.0,1962.3653564453125,9.400612883611603e-13,0.04566003382205963,0.11514067649841309,0.10498218983411789,0.007740762084722519
centerline,40.2810134821468,0.0,0.2900232970714569,0.0,1966.6160888671875,1.0761118558744176e-12,0.04480358585715294,0.11525097489356995,0.1054491475224495,0.008211816661059856
centerline,40.1112147503429,0.0,0.28880074620246887,0.0,1970.259765625,1.2520980346292232e-12,0.044000376015901566,0.11528376489877701,0.10589060932397842,0.00873221643269062
centerline,39.94215693738725,0.0,0.28758352994918823,0.0,1973.8369140625,1.4390034303035648e-12,0.04320045933127403,0.11530540883541107,0.10633024573326111,0.009263801388442516
centerline,39.7738441824913,0.0,0.2863716781139374,0.0,1977.3480224609375,1.6374840936320134e-12,0.04240331053733826,0.11531548947095871,0.10676832497119904,0.009807433933019638
centerline,39.6062723464436,0.0,0.2851651608943939,0.0,1980.7891845703125,1.8479651402864006e-12,0.04160946235060692,0.11531361192464828,0.10720454901456833,0.010363261215388775
centerline,39.439433150821266,0.0,0.2839639186859131,0.0,1984.156494140625,2.0708877321307106e-12,0.04081941023468971,0.11529934406280518,0.1076386347413063,0.010931472294032574
centerline,39.27332659562429,0.0,0.2827679514884949,0.0,1987.4466552734375,2.306736182275393e-12,0.04003351181745529,0.11527226120233536,0.10807036608457565,0.011512352153658867
centerline,39.107948541641235,0.0,0.2815772294998169,0.0,1990.656494140625,2.5560710232436223e-12,0.03925202786922455,0.11523185670375824,0.10849960148334503,0.012106349691748619
centerline,38.94329898887211,0.0,0.28039175271987915,0.0,1993.9796142578125,4.292630053498447e-12,0.038454458117485046,0.11522161960601807,0.10892915725708008,0.012685216031968594
centerline,38.77937379810545,0.0,0.27921149134635925,0.0,1997.3856201171875,8.038556799372376e-12,0.037643399089574814,0.1152435839176178,0.10935576260089874,0.013246453367173672
centerline,38.616164690918396,0.0,0.2780363857746124,0.0,2000.255859375,1.2790810945129127e-11,0.03687933459877968,0.11520703136920929,0.1097550094127655,0.013844838365912437
centerline,38.45367580652237,0.0,0.27686646580696106,0.0,2002.6448974609375,1.840245490714043e-11,0.03615740314126015,0.11511489748954773,0.11013075709342957,0.014479268342256546
centerline,38.2918988664945,0.0,0.2757016718387604,0.0,2005.001220703125,2.481143589194712e-11,0.03543476015329361,0.11501888930797577,0.11050534248352051,0.01512065902352333
centerline,38.13082973162333,0.0,0.274541974067688,0.0,2007.2686767578125,3.212310625833048e-11,0.03471647575497627,0.11491259932518005,0.11087591201066971,0.015773050487041473
centerline,37.970472541120316,0.0,0.2733874022960663,0.0,2009.1785888671875,4.076429818700156e-11,0.034028563648462296,0.11476627737283707,0.1112281084060669,0.016453130170702934
centerline,37.81081487735113,0.0,0.2722378671169281,0.0,2010.788818359375,5.0824820047035146e-11,0.033365555107593536,0.11458668857812881,0.11156480014324188,0.017156990244984627
centerline,37.6518608795272,0.0,0.2710933983325958,0.0,2012.3658447265625,6.20833870423887e-11,0.03270162269473076,0.11440372467041016,0.11189998686313629,0.017867889255285263
centerline,37.493606408437095,0.0,0.26995396614074707,0.0,2013.81591796875,7.483934305607676e-11,0.03204581141471863,0.11420729011297226,0.11222847551107407,0.018591634929180145
centerline,37.33604318565793,0.0,0.26881951093673706,0.0,2014.9061279296875,8.987637717394747e-11,0.03142095357179642,0.11397252231836319,0.1125371977686882,0.019341954961419106
centerline,37.17917535040114,0.0,0.2676900625228882,0.0,2015.7303466796875,1.0718444881652189e-10,0.03081797994673252,0.11370998620986938,0.11283113807439804,0.02011283114552498
centerline,37.02299462424384,0.0,0.26656556129455566,0.0,2016.5203857421875,1.2628648127233078e-10,0.03021426312625408,0.11344484239816666,0.11312296241521835,0.02089032158255577
