profile,x_over_d,r_over_d,x_m,y_m,temperature,ch4,o2,co2,h2o,co
radial,0.75,0.0,0.005400000140070915,0.0,294.2314758300781,0.15632161498069763,0.19645527005195618,3.581081182346679e-05,2.9127531888661906e-05,7.52030402395576e-08
radial,0.75,0.062499998926392034,0.005400000140070915,0.00044999999227002263,294.30517578125,0.15630966424942017,0.19644419848918915,4.46820049546659e-05,3.634064341895282e-05,9.193202998858396e-08
radial,0.75,0.12499999785278407,0.005400000140070915,0.0008999999845400453,294.58648681640625,0.15626618266105652,0.19640398025512695,7.68728568800725e-05,6.251229206100106e-05,1.5065019454141293e-07
radial,0.75,0.18750000486357346,0.005400000140070915,0.0013500000350177288,295.29998779296875,0.15616445243358612,0.19630995392799377,0.00015219325723592192,0.0001237377873621881,2.794812417050707e-07
radial,0.75,0.24999999570556813,0.005400000140070915,0.0017999999690800905,297.0277404785156,0.15593962371349335,0.19610214233398438,0.0003186665417160839,0.0002590233343653381,5.376803642320738e-07
radial,0.75,0.31249998654756284,0.005400000140070915,0.0022499999031424522,301.4042663574219,0.15542015433311462,0.19562217593193054,0.0007032696739770472,0.0005714611615985632,1.0526413234401844e-06
radial,0.75,0.3750000097271469,0.005400000140070915,0.0027000000700354576,315.0157775878906,0.15394407510757446,0.1942596137523651,0.001795732299797237,0.0014584568561986089,2.2029630599718075e-06
radial,0.75,0.437500032906731,0.005400000140070915,0.003150000236928463,370.1676940917969,0.1483975648880005,0.1891503632068634,0.0058964635245501995,0.004784534219652414,4.8744545892986935e-06
radial,0.75,0.49999999141113627,0.005400000140070915,0.003599999938160181,531.3507690429688,0.13284169137477875,0.17491178214550018,0.017363648861646652,0.014055858366191387,4.8550969040661585e-06
radial,0.75,0.5347222193247743,0.005400000140070915,0.0038499999791383743,680.8867797851562,0.11842428147792816,0.16187593340873718,0.02785702794790268,0.02256990596652031,3.3227308904315578e-06
radial,0.75,0.5752314528864291,0.005400000140070915,0.0041416664607822895,880.8221435546875,0.09871828556060791,0.1444605439901352,0.04190186411142349,0.034005213528871536,2.6149018594878726e-06
radial,0.75,0.6157407511232628,0.005400000140070915,0.004433333408087492,1089.791259765625,0.07753495872020721,0.12651802599430084,0.05649256706237793,0.045900676399469376,4.018776508019073e-06
radial,0.75,0.6562499846849177,0.005400000140070915,0.004724999889731407,1300.5091552734375,0.055405233055353165,0.10907323658466339,0.0708857849240303,0.05768575891852379,1.0708640729717445e-05
radial,0.75,0.6967592829217514,0.005400000140070915,0.00501666683703661,1475.4742431640625,0.03583596646785736,0.09540648758411407,0.08247895538806915,0.06726076453924179,2.8622409445233643e-05
radial,0.75,0.7372685164834063,0.005400000140070915,0.005308333318680525,1586.5662841796875,0.02175801619887352,0.08767467737197876,0.08947286009788513,0.07316011935472488,6.726881838403642e-05
radial,0.75,0.7777777500450611,0.005400000140070915,0.00559999980032444,1638.42578125,0.01311358343809843,0.0851643830537796,0.09232380241155624,0.07573527842760086,0.00012933678226545453
radial,0.75,0.8182870482818948,0.005400000140070915,0.0058916667476296425,1649.633056640625,0.008414985612034798,0.08602429181337357,0.0924295112490654,0.07608041912317276,0.00019578247156459838
radial,0.75,0.8587962818435497,0.005400000140070915,0.006183333229273558,1638.4219970703125,0.0058905379846692085,0.08865807950496674,0.09108352661132812,0.07521699368953705,0.00024315703194588423
radial,0.75,0.8993055800803834,0.005400000140070915,0.00647500017657876,1613.825439453125,0.004313393495976925,0.09245436638593674,0.08886575698852539,0.07362750172615051,0.00026703852927312255
radial,0.75,0.9398148136420382,0.005400000140070915,0.006766666658222675,1577.626953125,0.003152149263769388,0.09741054475307465,0.0858558714389801,0.0713985338807106,0.00027172453701496124
radial,0.75,0.9803240472036931,0.005400000140070915,0.0070583331398665905,1529.347900390625,0.0022595992777496576,0.1036151722073555,0.08201572299003601,0.06850986182689667,0.00025970363640226424
radial,0.75,1.0208333454405267,0.005400000140070915,0.007350000087171793,1467.85107421875,0.0015849558403715491,0.11117497086524963,0.07727810740470886,0.06491552293300629,0.00023361564672086388
radial,0.75,1.0613425790021818,0.005400000140070915,0.007641666568815708,1392.0352783203125,0.001090277568437159,0.12016038596630096,0.07159467041492462,0.06058502197265625,0.00019759938004426658
radial,0.75,1.1018518772390153,0.005400000140070915,0.00793333351612091,1302.186279296875,0.000741227762773633,0.13045327365398407,0.06503727287054062,0.05558053031563759,0.00015718452050350606
radial,0.75,1.1423611754758491,0.005400000140070915,0.008225000463426113,1200.6383056640625,0.0005045632133260369,0.1416945904493332,0.05783505365252495,0.050083670765161514,0.00011806641123257577
radial,0.75,1.1828703443623252,0.005400000140070915,0.008516666479408741,1091.9066162109375,0.00034970324486494064,0.1533113420009613,0.050359588116407394,0.04438251256942749,8.464935672236606e-05
radial,0.75,1.2233796425991588,0.005400000140070915,0.008808333426713943,982.3115844726562,0.0002510411140974611,0.1646137684583664,0.043063558638095856,0.038824256509542465,5.932742351433262e-05
radial,0.75,1.2638889408359926,0.005400000140070915,0.009100000374019146,878.877685546875,0.00018925892072729766,0.17493101954460144,0.03639169782400131,0.033748019486665726,4.251412610756233e-05
radial,0.75,1.3124999693698354,0.005400000140070915,0.009449999779462814,767.0704956054688,0.00014344336523208767,0.18574675917625427,0.029398271813988686,0.02843581512570381,3.1880390451988205e-05
radial,0.75,1.3518518406069941,0.005400000140070915,0.009733333252370358,687.09619140625,0.0001195199292851612,0.19330814480781555,0.024521132931113243,0.024738289415836334,2.9583770810859278e-05
radial,0.75,1.391203711844153,0.005400000140070915,0.0100166667252779,617.7244262695312,0.00010247348109260201,0.1997983306646347,0.0203555840998888,0.021587563678622246,3.22641571983695e-05
radial,0.75,1.4305555830813117,0.005400000140070915,0.010300000198185444,558.7496948242188,8.959807746578008e-05,0.2053234577178955,0.016845881938934326,0.018933136016130447,3.305509017081931e-05
radial,0.75,1.4699074543184705,0.005400000140070915,0.010583333671092987,509.43353271484375,7.928236300358549e-05,0.20999935269355774,0.013921142555773258,0.01671898551285267,3.0361306926351972e-05
radial,0.75,1.5092591962052717,0.005400000140070915,0.010866666212677956,468.62744140625,7.054863817756996e-05,0.21395213901996613,0.01149361114948988,0.014883948490023613,2.867556395358406e-05
radial,0.75,1.5486110674424305,0.005400000140070915,0.011149999685585499,434.9939270019531,6.277662032516673e-05,0.21731212735176086,0.009477960877120495,0.013362296856939793,2.7128751753480174e-05
radial,0.75,1.5879629386795893,0.005400000140070915,0.011433333158493042,407.2494812011719,5.559477722272277e-05,0.2201947569847107,0.007796894758939743,0.012094689533114433,2.5152277885354124e-05
radial,0.75,1.627314809916748,0.005400000140070915,0.011716666631400585,384.2716979980469,4.879670814261772e-05,0.22269538044929504,0.006385014858096838,0.01103100273758173,2.2394422558136284e-05
radial,0.75,1.6666666811539068,0.005400000140070915,0.012000000104308128,365.8305969238281,4.2532097722869366e-05,0.224810391664505,0.005230963695794344,0.010161961428821087,1.8820244804373942e-05
radial,0.75,1.746031792006559,0.005400000140070915,0.012571428902447224,339.4967346191406,3.1938820029608905e-05,0.22804972529411316,0.0035391480196267366,0.008890312165021896,1.2396239981171675e-05
radial,0.75,1.8253967735088534,0.005400000140070915,0.013142856769263744,322.7740478515625,2.3872871679486707e-05,0.23029106855392456,0.0024260005448013544,0.00805683434009552,8.365988833247684e-06
radial,0.75,1.9047618843615055,0.005400000140070915,0.01371428556740284,311.47003173828125,1.7624010069994256e-05,0.23192726075649261,0.0016411937540397048,0.0074708894826471806,5.618574959953548e-06
radial,0.75,1.9841269952141576,0.005400000140070915,0.014285714365541935,303.1831359863281,1.2348429663688876e-05,0.2332313358783722,0.0010333610698580742,0.007018177770078182,3.5249638585810317e-06
radial,0.75,2.0634921060668097,0.005400000140070915,0.01485714316368103,297.3258361816406,8.033413905650377e-06,0.23424425721168518,0.0005724212387576699,0.0066755665466189384,1.948737690327107e-06
radial,0.75,2.142857087569104,0.005400000140070915,0.015428571030497551,293.7557373046875,4.981372057955014e-06,0.23492823541164398,0.00026705957134254277,0.006448954343795776,9.070950000023004e-07
radial,0.75,2.2222223277721143,0.005400000140070915,0.01600000075995922,292.0238037109375,3.2776799798739376e-06,0.23529402911663055,0.0001054971435223706,0.006329172756522894,3.5593328107097477e-07
radial,0.75,2.301587309274409,0.005400000140070915,0.01657142862677574,291.37359619140625,2.573413439677097e-06,0.23544010519981384,3.97933108615689e-05,0.006280421745032072,1.3162103584818396e-07
radial,0.75,2.3809522907767033,0.005400000140070915,0.017142856493592262,291.16546630859375,2.380564637860516e-06,0.23548200726509094,1.7257345461985096e-05,0.006263538263738155,5.473022213209333e-08
radial,0.75,2.460317530979713,0.005400000140070915,0.017714286223053932,291.09771728515625,2.3931859232106945e-06,0.2354849874973297,9.422550647286698e-06,0.006257428787648678,2.8151035280643555e-08
radial,0.75,2.5396825124820075,0.005400000140070915,0.018285714089870453,291.0719299316406,2.4785106234048726e-06,0.23547376692295074,6.236190984054701e-06,0.006254669278860092,1.753389611280909e-08
radial,0.75,2.619047493984302,0.005400000140070915,0.018857141956686974,291.0599670410156,2.585004494903842e-06,0.2354564219713211,4.683125553128775e-06,0.0062530324794352055,1.2551627293078127e-08
radial,0.75,2.6984129928880267,0.005400000140070915,0.019428573548793793,291.0533142089844,2.691908548513311e-06,0.23543579876422882,3.828667558991583e-06,0.006251827348023653,9.97968019333939e-09
radial,0.75,2.777777715689606,0.005400000140070915,0.019999999552965164,291.0491943359375,2.792078703350853e-06,0.23541414737701416,3.332666665301076e-06,0.006250845268368721,8.609296386907772e-09
radial,0.75,2.941176450500886,0.005400000140070915,0.021176470443606377,291.04449462890625,3.0353669444593834e-06,0.23536373674869537,2.6337045255786506e-06,0.006249008234590292,6.8661956120763534e-09
radial,0.75,3.1045751853121653,0.005400000140070915,0.02235294133424759,291.04241943359375,3.325318630231777e-06,0.2353040724992752,2.0209788544889307e-06,0.006247146055102348,5.498559829675287e-09
radial,0.75,3.2679739201234446,0.005400000140070915,0.0235294122248888,291.0415344238281,3.604598077799892e-06,0.23523855209350586,1.5524285572610097e-06,0.006245229858905077,4.394078878533492e-09
radial,0.75,3.4313726549347243,0.005400000140070915,0.024705883115530014,291.04132080078125,3.871848093695007e-06,0.23516473174095154,1.3036407153776963e-06,0.006243158597499132,3.6877216835762283e-09
radial,0.75,3.5947711310452886,0.005400000140070915,0.025882352143526077,291.04168701171875,4.135624749324052e-06,0.2350803017616272,1.183809104077227e-06,0.006240855902433395,3.421175343021332e-09
radial,0.75,3.7581698658565683,0.005400000140070915,0.02705882303416729,291.0425109863281,4.416467163537163e-06,0.23497921228408813,1.111473693526932e-06,0.006238158326596022,3.358793909669089e-09
radial,0.75,3.9215686006678476,0.005400000140070915,0.028235293924808502,291.0438232421875,4.74964235763764e-06,0.23485252261161804,1.0839816013685777e-06,0.006234834901988506,3.3828153611636935e-09
radial,0.75,4.084967335479127,0.005400000140070915,0.029411764815449715,291.0456848144531,5.153759047971107e-06,0.23470208048820496,1.0991885801558965e-06,0.0062309191562235355,3.4807534632363968e-09
radial,0.75,4.248366070290406,0.005400000140070915,0.030588235706090927,291.04815673828125,5.654476353811333e-06,0.23453406989574432,1.1532920325407758e-06,0.006226557772606611,3.6406730963278733e-09
radial,0.75,4.411764546400971,0.005400000140070915,0.03176470473408699,291.05126953125,6.292486432357691e-06,0.23435154557228088,1.2408728480295395e-06,0.006221824325621128,3.850078922340572e-09
radial,0.75,4.575163539912966,0.005400000140070915,0.03294117748737335,291.0552673339844,7.106370958354091e-06,0.23415707051753998,1.356097072857665e-06,0.00621678214520216,4.097211458997663e-09
radial,0.75,4.73856201602353,0.005400000140070915,0.034117646515369415,291.0602722167969,8.128548870445229e-06,0.23395292460918427,1.4939851098461077e-06,0.00621148943901062,4.378359452772429e-09
radial,0.75,4.901961009535524,0.005400000140070915,0.03529411926865578,291.06634521484375,9.385104021930601e-06,0.23374199867248535,1.6511198737134691e-06,0.006206017453223467,4.920347684844728e-09
radial,0.75,5.065359485646089,0.005400000140070915,0.03647058829665184,291.0736389160156,1.091225931304507e-05,0.23352588713169098,1.8279934010934085e-06,0.006200406234711409,5.891182208728196e-09
radial,0.75,5.228757961756654,0.005400000140070915,0.0376470573246479,291.0821838378906,1.2759884157276247e-05,0.2333056926727295,2.03192053049861e-06,0.006194684654474258,7.160099180225643e-09
radial,0.75,5.392156955268648,0.005400000140070915,0.038823530077934265,291.0916748046875,1.4878538422635756e-05,0.23309382796287537,2.504280473658582e-06,0.006189171224832535,8.5853395503932e-09
radial,0.75,5.555555431379212,0.005400000140070915,0.03999999910593033,291.1015625,1.715050166239962e-05,0.2328956127166748,3.3351743695675395e-06,0.006184001453220844,1.0030014152562217e-08
radial,0.75,6.166666539178954,0.005400000140070915,0.04439999908208847,291.1406555175781,2.552061778260395e-05,0.23206332325935364,6.163209036458284e-06,0.006162293255329132,1.4512295365420869e-08
radial,0.75,6.777777646978697,0.005400000140070915,0.04879999905824661,291.1799621582031,3.297766306786798e-05,0.23113787174224854,7.976456799951848e-06,0.006138162687420845,1.7685760411723095e-08
radial,0.75,7.3888887547784385,0.005400000140070915,0.053199999034404755,291.2176513671875,3.965001451433636e-05,0.23022903501987457,9.347821105620824e-06,0.00611443817615509,2.0227334474043346e-08
radial,0.75,7.99999986257818,0.005400000140070915,0.0575999990105629,291.25506591796875,4.5997381675988436e-05,0.2293308675289154,1.0568085599516053e-05,0.00609096884727478,2.2549359712797923e-08
radial,0.75,8.611110970377922,0.005400000140070915,0.06199999898672104,291.29229736328125,5.2104482165304944e-05,0.22845037281513214,1.1705903489200864e-05,0.006067943759262562,2.4754085004019544e-08
radial,0.75,9.222222078177664,0.005400000140070915,0.06639999896287918,291.3294372558594,5.800946382805705e-05,0.22758740186691284,1.2781717487087008e-05,0.0060453638434410095,2.6881750159191142e-08
radial,0.75,9.833333185977406,0.005400000140070915,0.07079999893903732,291.3661804199219,6.367579771904275e-05,0.2267475128173828,1.379136574541917e-05,0.006023377180099487,2.892449835201205e-08
radial,0.75,10.444444293777147,0.005400000140070915,0.07519999891519547,291.40240478515625,6.908395880600438e-05,0.2259325534105301,1.4734481737832539e-05,0.006002035923302174,3.0877902901238485e-08
radial,0.75,11.05555540157689,0.005400000140070915,0.07959999889135361,291.43792724609375,7.422065391438082e-05,0.22514384984970093,1.5612482457072474e-05,0.005981374066323042,3.273725823760287e-08
radial,0.75,11.666666509376633,0.005400000140070915,0.08399999886751175,291.47259521484375,7.905372331151739e-05,0.2243853509426117,1.64225584740052e-05,0.005961497779935598,3.4487751321421456e-08
radial,0.75,12.277777617176374,0.005400000140070915,0.08839999884366989,291.5061950683594,8.357939805136994e-05,0.22365806996822357,1.7167785699712113e-05,0.0059424350038170815,3.6126976965533686e-08
radial,0.75,12.888887690173256,0.005400000140070915,0.09279999136924744,291.53857421875,8.777935727266595e-05,0.22296513617038727,1.7847782146418467e-05,0.00592426722869277,3.7646397998969405e-08
radial,0.75,13.499999832775858,0.005400000140070915,0.09719999879598618,291.5695495605469,9.165480878436938e-05,0.22230756282806396,1.8465878383722156e-05,0.0059070223942399025,3.904626666439981e-08
radial,0.75,14.1111109405756,0.005400000140070915,0.10159999877214432,291.5989685058594,9.519918239675462e-05,0.22168760001659393,1.9023260392714292e-05,0.005890760105103254,4.0323953953702585e-08
radial,0.75,14.722222048375341,0.005400000140070915,0.10599999874830246,291.6267395019531,9.841567953117192e-05,0.22110648453235626,1.9522631191648543e-05,0.00587551249191165,4.148113319502045e-08
radial,0.75,15.333333156175083,0.005400000140070915,0.1103999987244606,291.6526184082031,0.00010130316513823345,0.22056639194488525,1.9965316823800094e-05,0.0058613368310034275,4.2517608989101063e-08
radial,0.75,15.944444263974827,0.005400000140070915,0.11479999870061874,291.6766052246094,0.00010386609210399911,0.2200687974691391,2.0353281797724776e-05,0.005848272237926722,4.343540638274135e-08
radial,0.75,16.555555371774567,0.005400000140070915,0.11919999867677689,291.69842529296875,0.00010610438039293513,0.21961605548858643,2.0687237338279374e-05,0.005836378782987595,4.423453603408234e-08
radial,0.75,17.16666647957431,0.005400000140070915,0.12359999865293503,291.718017578125,0.00010802142060128972,0.21920987963676453,2.096818388963584e-05,0.005825703497976065,4.491619520763379e-08
radial,0.75,17.777778622176914,0.005400000140070915,0.12800000607967377,291.7351989746094,0.00010961572843370959,0.218852698802948,2.1195866793277673e-05,0.005816308781504631,4.5479286114868955e-08
radial,0.75,18.388889729976654,0.005400000140070915,0.1324000060558319,291.75,0.00011089332110714167,0.21854561567306519,2.137114825018216e-05,0.0058082230389118195,4.592534708081075e-08
radial,0.75,19.000000837776398,0.005400000140070915,0.13680000603199005,291.7624206542969,0.0001118778163800016,0.2182866483926773,2.1497900888789445e-05,0.005801395047456026,4.626267369189918e-08
radial,0.75,19.611111945576138,0.005400000140070915,0.1412000060081482,291.7728271484375,0.0001126214992837049,0.21806882321834564,2.1585221475106664e-05,0.005795642733573914,4.6510983509051584e-08
radial,0.75,20.22222305337588,0.005400000140070915,0.14560000598430634,291.7817077636719,0.00011318520409986377,0.2178831696510315,2.1643827494699508e-05,0.005790731869637966,4.669370312626597e-08
radial,0.75,20.83333416117562,0.005400000140070915,0.15000000596046448,291.78936767578125,0.00011361731594661251,0.2177225649356842,2.1682324586436152e-05,0.005786475725471973,4.682951271206548e-08
radial,0.75,21.444445268975365,0.005400000140070915,0.15440000593662262,291.7960510253906,0.00011393843305995688,0.21758440136909485,2.170438165194355e-05,0.005782807245850563,4.692620692026139e-08
radial,0.75,22.055556376775108,0.005400000140070915,0.15880000591278076,291.8018493652344,0.00011418331268941984,0.21746397018432617,2.17164633795619e-05,0.005779603496193886,4.699730027368787e-08
radial,0.75,22.666667484574848,0.005400000140070915,0.1632000058889389,291.8069763183594,0.00011436652857810259,0.2173597663640976,2.172119820897933e-05,0.005776825826615095,4.704800460331171e-08
radial,0.75,23.27777859237459,0.005400000140070915,0.16760000586509705,291.81158447265625,0.0001145191490650177,0.21726733446121216,2.172417771362234e-05,0.005774357821792364,4.708995504643099e-08
radial,0.75,23.88888970017433,0.005400000140070915,0.1720000058412552,291.8157958984375,0.00011465455463621765,0.21718479692935944,2.1727664716308936e-05,0.005772152449935675,4.7127720392836636e-08
radial,0.75,24.500000807974075,0.005400000140070915,0.17640000581741333,291.8197937011719,0.00011480395187390968,0.21710720658302307,2.1737159840995446e-05,0.005770080257207155,4.717288248912155e-08
radial,0.75,25.111111915773815,0.005400000140070915,0.18080000579357147,291.82379150390625,0.00011498517415020615,0.2170315682888031,2.17557571886573e-05,0.005768062546849251,4.7232010302877825e-08
radial,0.75,25.72222302357356,0.005400000140070915,0.18520000576972961,291.82806396484375,0.000115236769488547,0.21695148944854736,2.1790237951790914e-05,0.005765932612121105,4.731963088033808e-08
radial,0.75,26.3333341313733,0.005400000140070915,0.18960000574588776,291.8330078125,0.00011559751874301583,0.2168603539466858,2.184750701417215e-05,0.005763519089668989,4.745086812363297e-08
radial,0.75,26.944445239173042,0.005400000140070915,0.1940000057220459,291.839111328125,0.00011612805246841162,0.21674831211566925,2.193819273088593e-05,0.005760563537478447,4.76490491507775e-08
radial,0.75,27.55555427736706,0.005400000140070915,0.19839999079704285,291.8470458984375,0.0001169044990092516,0.2166028618812561,2.2075973902246915e-05,0.005756739526987076,4.794469532498624e-08
radial,0.75,28.166667454772526,0.005400000140070915,0.20280000567436218,291.8581237792969,0.00011806387919932604,0.21640312671661377,2.2285377781372517e-05,0.005751502700150013,4.839122524913364e-08
radial,0.75,28.77777856257227,0.005400000140070915,0.20720000565052032,291.8722229003906,0.00011960359552176669,0.21614888310432434,2.2564976461580954e-05,0.0057448456063866615,4.898712191447885e-08
radial,0.75,29.38888967037201,0.005400000140070915,0.21160000562667847,291.88916015625,0.00012148479436291382,0.21584759652614594,2.2905644073034637e-05,0.005736963357776403,4.9713314353994065e-08
radial,0.75,30.000000778171753,0.005400000140070915,0.2160000056028366,292.097900390625,0.00014679042214993387,0.2118794023990631,2.7210298867430538e-05,0.005633277352899313,5.923564572185569e-08
radial,1,0.0,0.007199999876320362,0.0,294.63299560546875,0.15624652802944183,0.19638586044311523,9.140313341049477e-05,7.430780533468351e-05,1.6530886171040038e-07
radial,1,0.062499998926392034,0.007199999876320362,0.00044999999227002263,294.7862854003906,0.15622344613075256,0.19636455178260803,0.00010848128295037895,8.81849045981653e-05,1.9147719854117895e-07
radial,1,0.12499999785278407,0.007199999876320362,0.0008999999845400453,295.33642578125,0.1561439037322998,0.19629107415676117,0.00016735905956011266,0.0001360208261758089,2.77991972552627e-07
radial,1,0.18750000486357346,0.007199999876320362,0.0013500000350177288,296.6083984375,0.15597184002399445,0.19613218307495117,0.00029468911816366017,0.0002394456823822111,4.500688532971253e-07
radial,1,0.24999999570556813,0.007199999876320362,0.0017999999690800905,299.4103088378906,0.1556212157011032,0.19580869376659393,0.0005540430429391563,0.0004500252252910286,7.573099765068037e-07
radial,1,0.31249998654756284,0.007199999876320362,0.0022499999031424522,305.9611511230469,0.1548650711774826,0.19511198997497559,0.0011129213962703943,0.0009035263210535049,1.2975925756109064e-06
radial,1,0.3750000097271469,0.007199999876320362,0.0027000000700354576,324.60601806640625,0.1528770625591278,0.19328530132770538,0.0025797346606850624,0.00209257286041975,2.297491391800577e-06
radial,1,0.43750000056914157,0.007199999876320362,0.0031500000040978193,385.33013916015625,0.14679881930351257,0.18773485720157623,0.007045603357255459,0.005706130061298609,3.6779194942937465e-06
radial,1,0.49999999141113627,0.007199999876320362,0.003599999938160181,530.677001953125,0.13264557719230652,0.17502182722091675,0.017320703715085983,0.01399293914437294,2.518369228710071e-06
radial,1,0.5347222193247743,0.007199999876320362,0.0038499999791383743,655.185302734375,0.12042387574911118,0.1643252670764923,0.025954317301511765,0.02100355736911297,1.354718733637128e-06
radial,1,0.5752314528864291,0.007199999876320362,0.0041416664607822895,818.946044921875,0.1038140282034874,0.1503840833902359,0.037225253880023956,0.030220644548535347,9.222512176165765e-07
radial,1,0.6157407511232628,0.007199999876320362,0.004433333408087492,986.186279296875,0.08602913469076157,0.13646641373634338,0.04860498011112213,0.039553117007017136,6.879149054839218e-07
radial,1,0.6562499846849177,0.007199999876320362,0.004724999889731407,1156.6317138671875,0.06675712019205093,0.12297496944665909,0.05986645817756653,0.04884691536426544,1.212253664562013e-06
radial,1,0.6967592829217514,0.007199999876320362,0.00501666683703661,1311.1451416015625,0.04756349325180054,0.11171294748783112,0.06965858489274979,0.05701994150876999,2.921349050666322e-06
radial,1,0.7372685164834063,0.007199999876320362,0.005308333318680525,1421.63916015625,0.03132231533527374,0.10485172271728516,0.07624853402376175,0.06265246123075485,7.018205451458925e-06
radial,1,0.7777777500450611,0.007199999876320362,0.00559999980032444,1478.44482421875,0.01953192986547947,0.10285178571939468,0.07917888462543488,0.06534484773874283,1.549431908642873e-05
radial,1,0.8182870482818948,0.007199999876320362,0.0058916667476296425,1489.466796875,0.01206955872476101,0.10466377437114716,0.07911983132362366,0.06561092287302017,2.922338535427116e-05
radial,1,0.858796217168371,0.007199999876320362,0.00618333276361227,1470.24462890625,0.0078135896474123,0.10871236026287079,0.07717541605234146,0.06432527303695679,4.502125011640601e-05
radial,1,0.8993055800803834,0.007199999876320362,0.00647500017657876,1433.9671630859375,0.005403331480920315,0.11387521028518677,0.07421741634607315,0.062194209545850754,5.778548074886203e-05
radial,1,0.9398148136420382,0.007199999876320362,0.006766666658222675,1386.5347900390625,0.003911301959306002,0.11979211866855621,0.07060394436120987,0.05952194333076477,6.481139280367643e-05
radial,1,0.9803240472036931,0.007199999876320362,0.0070583331398665905,1329.1363525390625,0.0028869982343167067,0.12647566199302673,0.06639471650123596,0.05637115240097046,6.585147639270872e-05
radial,1,1.0208333454405267,0.007199999876320362,0.007350000087171793,1262.1544189453125,0.0021390204783529043,0.1339283138513565,0.061617374420166016,0.05277136340737343,6.1790480685886e-05
radial,1,1.0613425790021818,0.007199999876320362,0.007641666568815708,1186.883544921875,0.0015830355696380138,0.14200115203857422,0.05638207495212555,0.04881134256720543,5.4228636145126075e-05
radial,1,1.1018518772390153,0.007199999876320362,0.00793333351612091,1105.722412109375,0.0011725537478923798,0.15041863918304443,0.050877850502729416,0.04463867098093033,4.5131284423405305e-05
radial,1,1.1423611754758491,0.007199999876320362,0.008225000463426113,1021.8264770507812,0.0008740963530726731,0.15885500609874725,0.04532768204808235,0.040426161140203476,3.631740401033312e-05
radial,1,1.1828703443623252,0.007199999876320362,0.008516666479408741,938.4863891601562,0.0006603425717912614,0.16699965298175812,0.039946798235177994,0.03634002059698105,2.9098728191456757e-05
radial,1,1.2233796425991588,0.007199999876320362,0.008808333426713943,858.5836181640625,0.0005088936304673553,0.17460696399211884,0.034908946603536606,0.03251449763774872,2.4216826204792596e-05
radial,1,1.2638889408359926,0.007199999876320362,0.009100000374019146,784.6739501953125,0.00040241534588858485,0.18149378895759583,0.03034694492816925,0.029052093625068665,2.2010843167663552e-05
radial,1,1.3124999693698354,0.007199999876320362,0.009449999779462814,704.3740844726562,0.000313562253722921,0.18885770440101624,0.025482410565018654,0.02536415494978428,2.319021223229356e-05
radial,1,1.3518518406069941,0.007199999876320362,0.009733333252370358,645.683349609375,0.0002622160245664418,0.1941954344511032,0.02197493426501751,0.022712478414177895,2.7647220122162253e-05
radial,1,1.391203711844153,0.007199999876320362,0.0100166667252779,593.1390380859375,0.0002233653503935784,0.1989845633506775,0.01885787956416607,0.020361024886369705,3.2945132261374965e-05
radial,1,1.4305555830813117,0.007199999876320362,0.010300000198185444,546.71923828125,0.00019318587146699429,0.2032705694437027,0.016117094084620476,0.018289731815457344,3.347016900079325e-05
radial,1,1.4699074543184705,0.007199999876320362,0.010583333671092987,506.1137390136719,0.00016902564675547183,0.2071060836315155,0.013720111921429634,0.016476742923259735,3.111582191195339e-05
radial,1,1.5092591962052717,0.007199999876320362,0.010866666212677956,470.8698425292969,0.00014903636474628001,0.21054501831531525,0.011629034765064716,0.01489866804331541,3.0078059353400022e-05
radial,1,1.5486110674424305,0.007199999876320362,0.011149999685585499,440.5000305175781,0.00013192306505516171,0.2136380672454834,0.009812632575631142,0.01353075448423624,2.927860987256281e-05
radial,1,1.5879629386795893,0.007199999876320362,0.011433333158493042,414.42242431640625,0.00011674554843921214,0.2164391577243805,0.00823621079325676,0.012345941737294197,2.7978607249679044e-05
radial,1,1.627314809916748,0.007199999876320362,0.011716666631400585,392.0130920410156,0.00010281171853421256,0.21900346875190735,0.006863596383482218,0.011316238902509212,2.564184796938207e-05
radial,1,1.6666666811539068,0.007199999876320362,0.012000000104308128,373.40008544921875,9.010406211018562e-05,0.22129642963409424,0.0057028899900615215,0.010446889325976372,2.2022155462764204e-05
radial,1,1.7460316626562014,0.007199999876320362,0.012571427971124649,345.5190124511719,6.779987597838044e-05,0.2251366674900055,0.003917420748621225,0.00911606103181839,1.4771789210499264e-05
radial,1,1.8253967735088534,0.007199999876320362,0.013142856769263744,326.84222412109375,4.927442205371335e-05,0.2281285673379898,0.0026793850120157003,0.008202418684959412,9.872126611298881e-06
radial,1,1.9047618843615055,0.007199999876320362,0.01371428556740284,314.7490234375,3.525631836964749e-05,0.23031507432460785,0.0018496961565688252,0.007595304399728775,6.69003793518641e-06
radial,1,1.9841269952141576,0.007199999876320362,0.014285714365541935,306.97564697265625,2.5763285520952195e-05,0.23181283473968506,0.001297334092669189,0.007192496210336685,4.636155154003063e-06
radial,1,2.0634921060668097,0.007199999876320362,0.01485714316368103,301.4971008300781,1.9134047761326656e-05,0.23289670050144196,0.0008913564961403608,0.006896154955029488,3.161215545333107e-06
radial,1,2.142857087569104,0.007199999876320362,0.015428571030497551,297.39569091796875,1.4076775187277235e-05,0.23373925685882568,0.0005710407858714461,0.006662105210125446,2.0126913113927003e-06
radial,1,2.2222223277721143,0.007199999876320362,0.01600000075995922,294.5510559082031,1.041848099703202e-05,0.234352245926857,0.0003344682918395847,0.006489066407084465,1.1713389085343806e-06
radial,1,2.301587309274409,0.007199999876320362,0.01657142862677574,292.83209228515625,8.096616511465982e-06,0.23473906517028809,0.0001811852998798713,0.006376742385327816,6.29062981261086e-07
radial,1,2.3809522907767033,0.007199999876320362,0.017142856493592262,291.9315185546875,6.8335480136738624e-06,0.2349444478750229,9.490360389463603e-05,0.0063132718205451965,3.250547706556972e-07
radial,1,2.460317530979713,0.007199999876320362,0.017714286223053932,291.5043640136719,6.231945917534176e-06,0.23503513634204865,5.107838660478592e-05,0.006280750967562199,1.7139325336756883e-07
radial,1,2.5396825124820075,0.007199999876320362,0.018285714089870453,291.3065185546875,5.9726885410782415e-06,0.23506483435630798,2.9528859158745036e-05,0.006264412775635719,9.644957543741839e-08
radial,1,2.619047493984302,0.007199999876320362,0.018857141956686974,291.2108154296875,5.8735531638376415e-06,0.23506392538547516,1.86595552804647e-05,0.006255731452256441,5.915351763974286e-08
radial,1,2.6984127341873116,0.007199999876320362,0.019428571686148643,291.16064453125,5.839013738295762e-06,0.2350480705499649,1.2918239008286037e-05,0.006250643637031317,3.9831693499081666e-08
radial,1,2.777777715689606,0.007199999876320362,0.019999999552965164,291.13232421875,5.829241672472563e-06,0.23502638936042786,9.790333933779038e-06,0.006247404031455517,2.9560300873754386e-08
radial,1,2.941176450500886,0.007199999876320362,0.021176470443606377,291.10113525390625,5.902258180867648e-06,0.23496773838996887,6.2677845562575385e-06,0.006242875941097736,1.8584980665536932e-08
radial,1,3.1045751853121653,0.007199999876320362,0.02235294133424759,291.08599853515625,6.07038145972183e-06,0.23488982021808624,4.240477665007347e-06,0.006239337846636772,1.2934057380675767e-08
radial,1,3.2679739201234446,0.007199999876320362,0.0235294122248888,291.07763671875,6.260658665269148e-06,0.23479825258255005,3.109443468929385e-06,0.006236088927835226,9.707849635276489e-09
radial,1,3.4313726549347243,0.007199999876320362,0.024705883115530014,291.0726013183594,6.486108304670779e-06,0.2346864938735962,2.613208152979496e-06,0.006232638377696276,7.810536217789377e-09
radial,1,3.5947711310452886,0.007199999876320362,0.025882352143526077,291.0697021484375,6.780287094443338e-06,0.23454685509204865,2.385795141890412e-06,0.0062286630272865295,6.888813963712437e-09
radial,1,3.7581698658565683,0.007199999876320362,0.02705882303416729,291.0682373046875,7.150455076043727e-06,0.23438388109207153,2.2579047254112083e-06,0.006224190350621939,6.531063245773794e-09
radial,1,3.9215686006678476,0.007199999876320362,0.028235293924808502,291.06787109375,7.622690191055881e-06,0.23420336842536926,2.205862301707384e-06,0.0062193237245082855,6.381605022198755e-09
radial,1,4.084967335479127,0.007199999876320362,0.029411764815449715,291.0687255859375,8.23659502202645e-06,0.23400799930095673,2.211051196354674e-06,0.006214112043380737,6.356912773952672e-09
radial,1,4.248366070290406,0.007199999876320362,0.030588235706090927,291.0709228515625,9.029880857269745e-06,0.23379963636398315,2.259491793665802e-06,0.006208591163158417,6.459557777560576e-09
radial,1,4.411764546400971,0.007199999876320362,0.03176470473408699,291.0745544433594,1.002838780550519e-05,0.2335805594921112,2.339990260225022e-06,0.00620281184092164,6.7945724602225255e-09
radial,1,4.575163539912966,0.007199999876320362,0.03294117748737335,291.07965087890625,1.1248528608120978e-05,0.23335298895835876,2.444172878313111e-06,0.006196825765073299,7.46991357658544e-09
radial,1,4.73856201602353,0.007199999876320362,0.034117646515369415,291.08624267578125,1.2698961654677987e-05,0.2331189215183258,2.565673412391334e-06,0.006190679967403412,8.396983552927395e-09
radial,1,4.901961009535524,0.007199999876320362,0.03529411926865578,291.0942687988281,1.4387494047696237e-05,0.23288050293922424,2.705856786633376e-06,0.006184428930282593,9.454594440683195e-09
radial,1,5.065359485646089,0.007199999876320362,0.03647058829665184,291.10382080078125,1.6343474271707237e-05,0.23263776302337646,2.997966248585726e-06,0.006178069394081831,1.0638862235623492e-08
radial,1,5.228757961756654,0.007199999876320362,0.0376470573246479,291.11492919921875,1.8610648112371564e-05,0.23239126801490784,3.6368016935739433e-06,0.006171616725623608,1.1971510005537311e-08
radial,1,5.392156955268648,0.007199999876320362,0.038823530077934265,291.1271667480469,2.1126095816725865e-05,0.23215335607528687,4.520854872680502e-06,0.006165388971567154,1.3403331777794847e-08
radial,1,5.555555431379212,0.007199999876320362,0.03999999910593033,291.13970947265625,2.3761376723996364e-05,0.23192930221557617,5.444584076030878e-06,0.006159516982734203,1.4813712034822402e-08
radial,1,6.166666539178954,0.007199999876320362,0.04439999908208847,291.18572998046875,3.307709994260222e-05,0.23102959990501404,8.251560757344123e-06,0.006135943345725536,1.9119958949431748e-08
radial,1,6.777777646978697,0.007199999876320362,0.04879999905824661,291.228271484375,4.096203701919876e-05,0.2300756424665451,1.0051726349047385e-05,0.006110964808613062,2.211140071040063e-08
radial,1,7.3888887547784385,0.007199999876320362,0.053199999034404755,291.2676696777344,4.7819157771300524e-05,0.2291530817747116,1.1382183402020019e-05,0.006086798384785652,2.4474150706055298e-08
radial,1,7.99999986257818,0.007199999876320362,0.0575999990105629,291.3059387207031,5.419483932200819e-05,0.2282547950744629,1.2538384908111766e-05,0.006063257809728384,2.661285414262693e-08
radial,1,8.611110970377922,0.007199999876320362,0.06199999898672104,291.34344482421875,6.023808236932382e-05,0.2273830771446228,1.3601036698673852e-05,0.006040404550731182,2.8638458715590787e-08
radial,1,9.222222078177664,0.007199999876320362,0.06639999896287918,291.3806457519531,6.602710345759988e-05,0.22653363645076752,1.4599447240470909e-05,0.006018131505697966,3.05997431837568e-08
radial,1,9.833333185977406,0.007199999876320362,0.07079999893903732,291.41705322265625,7.152869511628523e-05,0.22571201622486115,1.5529229131061584e-05,0.0059965830296278,3.248186075666126e-08
radial,1,10.444444293777147,0.007199999876320362,0.07519999891519547,291.4527587890625,7.673354411963373e-05,0.22491897642612457,1.6391612007282674e-05,0.005975780542939901,3.427852135473586e-08
radial,1,11.05555540157689,0.007199999876320362,0.07959999889135361,291.487548828125,8.163254096871242e-05,0.22415554523468018,1.718810381134972e-05,0.0059557510539889336,3.598194808773769e-08
radial,1,11.666666509376633,0.007199999876320362,0.08399999886751175,291.52130126953125,8.620905282441527e-05,0.2234240621328354,1.791856084309984e-05,0.0059365564957261086,3.7580797140890354e-08
radial,1,12.277777617176374,0.007199999876320362,0.08839999884366989,291.5538024902344,9.046179911820218e-05,0.22272555530071259,1.8585793441161513e-05,0.0059182243421673775,3.907091539190333e-08
radial,1,12.888888724976116,0.007199999876320362,0.09279999881982803,291.58502197265625,9.438376582693309e-05,0.22206202149391174,1.9191102182958275e-05,0.005900806747376919,4.04466398151726e-08
radial,1,13.499999832775858,0.007199999876320362,0.09719999879598618,291.6147766113281,9.797821985557675e-05,0.22143447399139404,1.973756661755033e-05,0.005884330719709396,4.170740197650957e-08
radial,1,14.1111109405756,0.007199999876320362,0.10159999877214432,291.6429138183594,0.00010124487016582862,0.22084441781044006,2.0227076674927957e-05,0.005868835840374231,4.285206500753702e-08
radial,1,14.722223083178203,0.007199999876320362,0.10600000619888306,291.6693115234375,0.00010418866440886632,0.22029301524162292,2.0662178940256126e-05,0.005854352377355099,4.388213170614108e-08
radial,1,15.333333156175083,0.007199999876320362,0.1103999987244606,291.6938781738281,0.00010681251296773553,0.21978189051151276,2.1044577806605957e-05,0.005840923171490431,4.479838366933109e-08
radial,1,15.944444263974827,0.007199999876320362,0.11479999870061874,291.716552734375,0.00010912271682173014,0.219312384724617,2.137621231668163e-05,0.0058285826817154884,4.5602973841596395e-08
radial,1,16.555555371774567,0.007199999876320362,0.11919999867677689,291.7370910644531,0.00011112368520116434,0.21888619661331177,2.1658333935192786e-05,0.005817375611513853,4.629727001770334e-08
radial,1,17.16666544477145,0.007199999876320362,0.12359999120235443,291.7554626464844,0.00011282307241344824,0.21850447356700897,2.189247425121721e-05,0.0058073322288692,4.688375199179973e-08
radial,1,17.777778622176914,0.007199999876320362,0.12800000607967377,291.77166748046875,0.00011422912211855873,0.21816818416118622,2.207998295489233e-05,0.0057984767481684685,4.736494574331118e-08
radial,1,18.388889729976654,0.007199999876320362,0.1324000060558319,291.7857360839844,0.00011536167585290968,0.217876136302948,2.2224105123314075e-05,0.0057907793670892715,4.7747697351496754e-08
radial,1,19.000002907382118,0.007199999876320362,0.13680002093315125,291.7978515625,0.00011626417108345777,0.21762309968471527,2.233226587122772e-05,0.005784102249890566,4.8048139689171876e-08
radial,1,19.611111945576138,0.007199999876320362,0.1412000060081482,291.8085632324219,0.00011699854803737253,0.21740038692951202,2.2415259081753902e-05,0.00577821908518672,4.8289798826317565e-08
radial,1,20.22222305337588,0.007199999876320362,0.14560000598430634,291.8182373046875,0.00011761788482544944,0.2172001153230667,2.2482257918454707e-05,0.005772922653704882,4.8492864834770444e-08
radial,1,20.83333416117562,0.007199999876320362,0.15000000596046448,291.8271179199219,0.00011815545440185815,0.21701745688915253,2.2538948542205617e-05,0.005768089089542627,4.866976510697896e-08
radial,1,21.444445268975365,0.007199999876320362,0.15440000593662262,291.83526611328125,0.00011862553947139531,0.21685078740119934,2.25877247430617e-05,0.005763674154877663,4.8825597787072184e-08
radial,1,22.055556376775108,0.007199999876320362,0.15880000591278076,291.8428649902344,0.00011905025166925043,0.21669737994670868,2.2632559193880297e-05,0.005759607069194317,4.8968590959930225e-08
radial,1,22.666667484574848,0.007199999876320362,0.1632000058889389,291.8500061035156,0.00011944378638872877,0.216555655002594,2.2675942091154866e-05,0.005755848251283169,4.910372553013076e-08
radial,1,23.27777859237459,0.007199999876320362,0.16760000586509705,291.8568115234375,0.00011983078002231196,0.21642223000526428,2.272221536259167e-05,0.00575230922549963,4.9239982757853795e-08
radial,1,23.88888970017433,0.007199999876320362,0.1720000058412552,291.8634338378906,0.00012022919690934941,0.21629443764686584,2.277450039400719e-05,0.005748920142650604,4.938381792385371e-08
radial,1,24.500000807974075,0.007199999876320362,0.17640000581741333,291.87005615234375,0.00012066565250279382,0.21616806089878082,2.2837441065348685e-05,0.005745572037994862,4.954497256903778e-08
radial,1,25.111111915773815,0.007199999876320362,0.18080000579357147,291.8769226074219,0.00012116167636122555,0.21603943407535553,2.2914857254363596e-05,0.005742170382291079,4.9731589513157815e-08
radial,1,25.72222302357356,0.007199999876320362,0.18520000576972961,291.88427734375,0.00012175174197182059,0.21590283513069153,2.3012788005871698e-05,0.005738563369959593,4.995661129214568e-08
radial,1,26.3333341313733,0.007199999876320362,0.18960000574588776,291.89239501953125,0.00012246570258866996,0.21575307846069336,2.313651202712208e-05,0.005734617356210947,5.0231662385158415e-08
radial,1,26.944445239173042,0.007199999876320362,0.1940000057220459,291.9017639160156,0.00012335633800830692,0.21558141708374023,2.329520066268742e-05,0.00573010416701436,5.057690799503689e-08
radial,1,27.555556346972786,0.007199999876320362,0.19840000569820404,291.9126892089844,0.00012445634638424963,0.21538233757019043,2.349436908843927e-05,0.005724880378693342,5.100522670886676e-08
radial,1,28.166667454772526,0.007199999876320362,0.20280000567436218,291.9260559082031,0.00012585875811055303,0.21514193713665009,2.37499552895315e-05,0.005718580447137356,5.15514955168328e-08
radial,1,28.77777856257227,0.007199999876320362,0.20720000565052032,291.9413146972656,0.00012750044697895646,0.2148696929216385,2.4049042622209527e-05,0.0057114530354738235,5.21894243377119e-08
radial,1,29.38888967037201,0.007199999876320362,0.21160000562667847,291.9582214355469,0.00012934616825077683,0.21457242965698242,2.4382552510360256e-05,0.005703676026314497,5.290005944402765e-08
radial,1,30.000000778171753,0.007199999876320362,0.2160000056028366,292.1683654785156,0.0001546452840557322,0.21061083674430847,2.8660197131102905e-05,0.005600124131888151,6.237641514417192e-08
radial,2,0.0,0.014399999752640724,0.0,298.9656677246094,0.15554572641849518,0.19574418663978577,0.0006059596780687571,0.0004916667239740491,6.376666306096013e-07
radial,2,0.062499998926392034,0.014399999752640724,0.00044999999227002263,299.5210266113281,0.15547536313533783,0.1956804245710373,0.0006570960977114737,0.0005331019056029618,6.694052103739523e-07
radial,2,0.12499999785278407,0.014399999752640724,0.0008999999845400453,301.3611755371094,0.15524625778198242,0.19547326862812042,0.0008232159889303148,0.0006676891352981329,7.65476215747185e-07
radial,2,0.18750000486357346,0.014399999752640724,0.0013500000350177288,305.1014709472656,0.1547945737838745,0.19506725668907166,0.0011487429728731513,0.0009313665213994682,9.275431125388423e-07
radial,2,0.24999999570556813,0.014399999752640724,0.0017999999690800905,312.236328125,0.15396524965763092,0.1943293958902359,0.0017399212811142206,0.0014101117849349976,1.1558403230083059e-06
radial,2,0.31249998654756284,0.014399999752640724,0.0022499999031424522,326.64892578125,0.152351975440979,0.19291985034942627,0.0028675009962171316,0.002323201624676585,1.440017399545468e-06
radial,2,0.3750000097271469,0.014399999752640724,0.0027000000700354576,358.6268310546875,0.14885735511779785,0.18996502459049225,0.005222889594733715,0.004231714643537998,1.7010344208756578e-06
radial,2,0.4374999682315522,0.014399999752640724,0.0031499997712671757,425.17901611328125,0.14149639010429382,0.18410737812519073,0.009858316741883755,0.007996808737516403,1.7471469391239225e-06
radial,2,0.49999999141113627,0.014399999752640724,0.003599999938160181,533.5265502929688,0.1286315619945526,0.17492495477199554,0.0170249342918396,0.013855211436748505,1.016103169604321e-06
radial,2,0.5347222193247743,0.014399999752640724,0.0038499999791383743,608.2904663085938,0.11886736750602722,0.16875691711902618,0.021732404828071594,0.01776726543903351,6.765117177565116e-07
radial,2,0.5752314528864291,0.014399999752640724,0.0041416664607822895,695.1882934570312,0.10600793361663818,0.1617477983236313,0.026931140571832657,0.022179892286658287,5.385693953030568e-07
radial,2,0.6157407511232628,0.014399999752640724,0.004433333408087492,770.8626708984375,0.0925372838973999,0.1558144986629486,0.031157875433564186,0.025863729417324066,2.685133040358778e-07
radial,2,0.6562499846849177,0.014399999752640724,0.004724999889731407,831.16259765625,0.07856939733028412,0.15125790238380432,0.03418213874101639,0.02863902598619461,1.2473809363200417e-07
radial,2,0.6967592829217514,0.014399999752640724,0.00501666683703661,871.2719116210938,0.06444638222455978,0.14838147163391113,0.03580910339951515,0.030346466228365898,5.637058464458278e-08
radial,2,0.7372685811585851,0.014399999752640724,0.005308333784341812,886.8842163085938,0.05113648250699043,0.14742153882980347,0.035960253328084946,0.030896617099642754,3.229396128290318e-08
radial,2,0.7777777500450611,0.014399999752640724,0.00559999980032444,878.303955078125,0.03945927694439888,0.14830876886844635,0.0348164439201355,0.030404342338442802,3.385530789046243e-08
radial,2,0.8182870482818948,0.014399999752640724,0.0058916667476296425,850.1754150390625,0.029593391343951225,0.15073531866073608,0.03272401914000511,0.029132332652807236,6.838045862878062e-08
radial,2,0.8587962818435497,0.014399999752640724,0.006183333229273558,808.8546142578125,0.021563036367297173,0.154328852891922,0.03006240725517273,0.027373140677809715,1.7158801313144068e-07
radial,2,0.8993055800803834,0.014399999752640724,0.00647500017657876,761.411865234375,0.015330112539231777,0.15867340564727783,0.027205821126699448,0.02541629783809185,4.4041703972652613e-07
radial,2,0.9398148136420382,0.014399999752640724,0.006766666658222675,714.0808715820312,0.010743852704763412,0.16334740817546844,0.024459978565573692,0.023500852286815643,1.062722731148824e-06
radial,2,0.9803239825285144,0.014399999752640724,0.007058332674205303,670.7739868164062,0.0075371586717665195,0.16798490285873413,0.022000912576913834,0.02176946960389614,2.268081743750372e-06
radial,2,1.0208333454405267,0.014399999752640724,0.007350000087171793,632.8087158203125,0.005379415117204189,0.17233097553253174,0.019874170422554016,0.020262453705072403,3.941690920328256e-06
radial,2,1.0613425790021818,0.014399999752640724,0.007641666568815708,599.7334594726562,0.003949722275137901,0.1762712597846985,0.01803915575146675,0.018952591344714165,5.865463663212722e-06
radial,2,1.1018518772390153,0.014399999752640724,0.00793333351612091,570.443359375,0.0029930989257991314,0.17980870604515076,0.016423504799604416,0.01779094524681568,8.005761628737673e-06
radial,2,1.1423611754758491,0.014399999752640724,0.008225000463426113,543.9393310546875,0.0023354790173470974,0.18300411105155945,0.014964754693210125,0.01673528552055359,1.0236370144411922e-05
radial,2,1.1828703443623252,0.014399999752640724,0.008516666479408741,519.5690307617188,0.001868588849902153,0.1859256625175476,0.013622363097965717,0.015758726745843887,1.2441645594662987e-05
radial,2,1.2233796425991588,0.014399999752640724,0.008808333426713943,496.95379638671875,0.0015268243150785565,0.18863168358802795,0.012372451834380627,0.014846156351268291,1.471877476433292e-05
radial,2,1.2638889408359926,0.014399999752640724,0.009100000374019146,476.0447692871094,0.001271156594157219,0.1911521852016449,0.011209349147975445,0.013995019719004631,1.692567821010016e-05
radial,2,1.3124999693698354,0.014399999752640724,0.009449999779462814,452.68408203125,0.001038650400005281,0.19402289390563965,0.009900478646159172,0.013035658746957779,1.8915252439910546e-05
radial,2,1.3518517112566366,0.014399999752640724,0.009733332321047783,434.90850830078125,0.0008912833873182535,0.19627366960048676,0.008897497318685055,0.01229994185268879,1.9732024156837724e-05
radial,2,1.391203711844153,0.014399999752640724,0.0100166667252779,418.3455505371094,0.0007714151870459318,0.19845958054065704,0.007954295724630356,0.011608298867940903,1.971208257600665e-05
radial,2,1.4305557124316692,0.014399999752640724,0.010300001129508018,402.99554443359375,0.0006723878323100507,0.20059500634670258,0.007070549298077822,0.010961824096739292,1.9445724319666624e-05
radial,2,1.4699074543184705,0.014399999752640724,0.010583333671092987,388.8851623535156,0.0005895671783946455,0.20268678665161133,0.00624811789020896,0.010362979024648666,1.9436341972323135e-05
radial,2,1.5092591962052717,0.014399999752640724,0.010866666212677956,376.0141906738281,0.0005193568067625165,0.2047429382801056,0.005488427355885506,0.009812699630856514,1.9234199498896487e-05
radial,2,1.5486110674424305,0.014399999752640724,0.011149999685585499,364.3581848144531,0.00045893012429587543,0.2067723125219345,0.004792089108377695,0.009310678578913212,1.7916696378961205e-05
radial,2,1.5879629386795893,0.014399999752640724,0.011433333158493042,353.9171447753906,0.0004063642700202763,0.20877328515052795,0.004160721320658922,0.008858232758939266,1.5470519429072738e-05
radial,2,1.627314809916748,0.014399999752640724,0.011716666631400585,344.6870422363281,0.00036033609649166465,0.21073606610298157,0.003595095593482256,0.008457083255052567,1.2948084986419417e-05
radial,2,1.6666666811539068,0.014399999752640724,0.012000000104308128,336.9600524902344,0.0003212509909644723,0.2125767171382904,0.0031126660760492086,0.008119620382785797,1.091018748411443e-05
radial,2,1.746031792006559,0.014399999752640724,0.012571428902447224,324.8214111328125,0.0002566652256064117,0.21601679921150208,0.002338109305128455,0.0075914496555924416,7.843951607355848e-06
radial,2,1.8253967735088534,0.014399999752640724,0.013142856769263744,315.6268310546875,0.00020303312339819968,0.21928271651268005,0.0017411658773198724,0.007201723754405975,5.668778157996712e-06
radial,2,1.9047618843615055,0.014399999752640724,0.01371428556740284,308.805419921875,0.00015834817895665765,0.22227972745895386,0.0012908211210742593,0.006922797299921513,4.134536993660731e-06
radial,2,1.9841269952141576,0.014399999752640724,0.014285714365541935,303.8409423828125,0.0001220713893417269,0.2248835414648056,0.0009572544950060546,0.0067271338775753975,3.0516262086166535e-06
radial,2,2.0634921060668097,0.014399999752640724,0.01485714316368103,300.2937927246094,9.410212078364566e-05,0.2269851267337799,0.0007139405352063477,0.006590236909687519,2.2829085537523497e-06
radial,2,2.142857087569104,0.014399999752640724,0.015428571030497551,297.79547119140625,7.379391172435135e-05,0.228554368019104,0.0005381914088502526,0.00649289833381772,1.7308904034507577e-06
radial,2,2.2222223277721143,0.014399999752640724,0.01600000075995922,296.0395202636719,5.9700676501961425e-05,0.22965644299983978,0.00041098002111539245,0.006421560887247324,1.328553707935498e-06
radial,2,2.301587309274409,0.014399999752640724,0.01657142862677574,294.7942810058594,5.012635301682167e-05,0.2304021716117859,0.00031787934130989015,0.006367691792547703,1.0307572892997996e-06
radial,2,2.3809522907767033,0.014399999752640724,0.017142856493592262,293.89739990234375,4.361541505204514e-05,0.2308986634016037,0.0002486426674295217,0.006326050963252783,8.069400792010128e-07
radial,2,2.460317530979713,0.014399999752640724,0.017714286223053932,293.24365234375,3.91566900361795e-05,0.23122496902942657,0.0001965771079994738,0.0062934658490121365,6.372420671141299e-07
radial,2,2.5396825124820075,0.014399999752640724,0.018285714089870453,292.7587890625,3.605922029237263e-05,0.23143678903579712,0.00015675515169277787,0.0062675173394382,5.066597168479348e-07
radial,2,2.619047493984302,0.014399999752640724,0.018857141956686974,292.3988952636719,3.393914448679425e-05,0.2315673530101776,0.0001263059675693512,0.006246799603104591,4.063008702814841e-07
radial,2,2.6984127341873116,0.014399999752640724,0.019428571686148643,292.1442565917969,3.25974979205057e-05,0.23163734376430511,0.00010417073644930497,0.00623101182281971,3.3297968116130505e-07
radial,2,2.777777715689606,0.014399999752640724,0.019999999552965164,291.9617614746094,3.17572703352198e-05,0.23166930675506592,8.782897930359468e-05,0.006218764930963516,2.7862873253070575e-07
radial,2,2.941176450500886,0.014399999752640724,0.021176470443606377,291.6926574707031,3.0804767447989434e-05,0.23165363073349,6.299548840615898e-05,0.006198257673531771,1.9607435319812794e-07
radial,2,3.1045751853121653,0.014399999752640724,0.02235294133424759,291.52447509765625,3.061364986933768e-05,0.2315535694360733,4.707572952611372e-05,0.006182480603456497,1.4342981558002066e-07
radial,2,3.2679739201234446,0.014399999752640724,0.0235294122248888,291.4245300292969,3.096741056651808e-05,0.23140470683574677,3.7366393371485174e-05,0.006170338019728661,1.1143669098601094e-07
radial,2,3.4313726549347243,0.014399999752640724,0.024705883115530014,291.36224365234375,3.173516597598791e-05,0.23122219741344452,3.1089359254110605e-05,0.00616004504263401,9.069137973938268e-08
radial,2,3.5947711310452886,0.014399999752640724,0.025882352143526077,291.3231201171875,3.285358616267331e-05,0.2310141921043396,2.6900332159129903e-05,0.006150757893919945,7.667343027151219e-08
radial,2,3.7581698658565683,0.014399999752640724,0.02705882303416729,291.29913330078125,3.4255339414812624e-05,0.23078781366348267,2.405465056654066e-05,0.006142080761492252,6.694209986335409e-08
radial,2,3.9215686006678476,0.014399999752640724,0.028235293924808502,291.28533935546875,3.58970501110889e-05,0.230546772480011,2.2086960598244332e-05,0.006133740767836571,5.998859364808595e-08
radial,2,4.084967335479127,0.014399999752640724,0.029411764815449715,291.27874755859375,3.773377829929814e-05,0.2302946150302887,2.071566450467799e-05,0.0061256056651473045,5.49224807855353e-08
radial,2,4.248366070290406,0.014399999752640724,0.030588235706090927,291.27728271484375,3.973099228460342e-05,0.23003368079662323,1.975871782633476e-05,0.006117591634392738,5.1173049797625936e-08
radial,2,4.411764546400971,0.014399999752640724,0.03176470473408699,291.2796630859375,4.185625584796071e-05,0.22976607084274292,1.9096300093224272e-05,0.0061096567660570145,4.836980238565047e-08
radial,2,4.575163539912966,0.014399999752640724,0.03294117748737335,291.284912109375,4.408310633152723e-05,0.2294934093952179,1.8648419427336194e-05,0.006101778242737055,4.626426886034096e-08
radial,2,4.73856201602353,0.014399999752640724,0.034117646515369415,291.2924499511719,4.6389890485443175e-05,0.2292170375585556,1.8359094610786997e-05,0.006093943957239389,4.4681279121050466e-08
radial,2,4.901961009535524,0.014399999752640724,0.03529411926865578,291.3016662597656,4.876009188592434e-05,0.2289385199546814,1.8191567505709827e-05,0.006086164619773626,4.3500694602016665e-08
radial,2,5.065359485646089,0.014399999752640724,0.03647058829665184,291.31243896484375,5.120646528666839e-05,0.22865712642669678,1.8116650608135387e-05,0.006078392267227173,4.261856645371154e-08
radial,2,5.228757961756654,0.014399999752640724,0.0376470573246479,291.3247375488281,5.376359331421554e-05,0.22837302088737488,1.8132192053599283e-05,0.006070620380342007,4.199505454494101e-08
radial,2,5.392156955268648,0.014399999752640724,0.038823530077934265,291.33770751953125,5.630435771308839e-05,0.22810451686382294,1.821763362386264e-05,0.006063326261937618,4.15851104662579e-08
radial,2,5.555555431379212,0.014399999752640724,0.03999999910593033,291.3504333496094,5.875355054740794e-05,0.22785761952400208,1.832690577430185e-05,0.006056639365851879,4.127454644731188e-08
radial,2,6.166666539178954,0.014399999752640724,0.04439999908208847,291.3968811035156,6.749908061465248e-05,0.22691209614276886,1.8886201360146515e-05,0.00603117048740387,4.0848934901305256e-08
radial,2,6.777777646978697,0.014399999752640724,0.04879999905824661,291.440185546875,7.523936073994264e-05,0.22594872117042542,1.9569008145481348e-05,0.006005408708006144,4.133086406454822e-08
radial,2,7.3888887547784385,0.014399999752640724,0.053199999034404755,291.47943115234375,8.184806210920215e-05,0.22504545748233795,2.0207591660437174e-05,0.005981350317597389,4.2144499445839756e-08
radial,2,7.99999986257818,0.014399999752640724,0.0575999990105629,291.51654052734375,8.775976311881095e-05,0.2241905927658081,2.080757258227095e-05,0.0059586381539702415,4.3112905245834554e-08
radial,2,8.611110970377922,0.014399999752640724,0.06199999898672104,291.5525817871094,9.323095582658425e-05,0.22337061166763306,2.139523894584272e-05,0.00593689875677228,4.420182619924162e-08
radial,2,9.222222078177664,0.014399999752640724,0.06639999896287918,291.5874938964844,9.827687608776614e-05,0.22258833050727844,2.1953754185233265e-05,0.005916186608374119,4.5337056775451856e-08
radial,2,9.833333185977406,0.014399999752640724,0.07079999893903732,291.6213073730469,0.00010293589730281383,0.22184067964553833,2.2479682229459286e-05,0.00589641323313117,4.6482366400368846e-08
radial,2,10.444444293777147,0.014399999752640724,0.07519999891519547,291.65386962890625,0.00010720128921093419,0.22112873196601868,2.2964071831665933e-05,0.005877598654478788,4.759641569762607e-08
radial,2,11.05555540157689,0.014399999752640724,0.07959999889135361,291.68505859375,0.0001110788289224729,0.22045272588729858,2.3402712031384e-05,0.005859742872416973,4.865228930839294e-08
radial,2,11.666666509376633,0.014399999752640724,0.08399999886751175,291.71478271484375,0.00011458172957645729,0.21981287002563477,2.379508805461228e-05,0.005842849612236023,4.9633818832717225e-08
radial,2,12.277777617176374,0.014399999752640724,0.08839999884366989,291.7430419921875,0.00011773540609283373,0.21920906007289886,2.4144197595887817e-05,0.005826912354677916,5.053550111711047e-08
radial,2,12.888888724976116,0.014399999752640724,0.09279999881982803,291.769775390625,0.00012056228297296911,0.21864120662212372,2.445284917484969e-05,0.005811926443129778,5.1355112162809746e-08
radial,2,13.499999832775858,0.014399999752640724,0.09719999879598618,291.7949523925781,0.00012308401346672326,0.218108668923378,2.4723789465497248e-05,0.005797873716801405,5.2092641311674015e-08
radial,2,14.11111197537846,0.014399999752640724,0.10160000622272491,291.818603515625,0.00012531976972240955,0.21761079132556915,2.4959495931398124e-05,0.005784736480563879,5.274968373214506e-08
radial,2,14.722222048375341,0.014399999752640724,0.10599999874830246,291.84063720703125,0.00012728168803732842,0.21714772284030914,2.5161307348753326e-05,0.005772516597062349,5.332664443358226e-08
radial,2,15.333334190977945,0.014399999752640724,0.1104000061750412,291.86102294921875,0.00012898327258881181,0.21671953797340393,2.5330866264994256e-05,0.005761216394603252,5.382549872479103e-08
radial,2,15.944444263974827,0.014399999752640724,0.11479999870061874,291.8797607421875,0.00013044284423813224,0.21632570028305054,2.5470610125921667e-05,0.0057508209720253944,5.425082605370335e-08
radial,2,16.555554336971706,0.014399999752640724,0.11919999122619629,291.8969421386719,0.000131686421809718,0.21596486866474152,2.5584415197954513e-05,0.005741293076425791,5.4610758581929986e-08
radial,2,17.16666647957431,0.014399999752640724,0.12359999865293503,291.9127197265625,0.00013275216042529792,0.21563392877578735,2.5678320525912568e-05,0.005732552148401737,5.491847687721929e-08
radial,2,17.777778622176914,0.014399999752640724,0.12800000607967377,291.9273376464844,0.0001336883142357692,0.21532776951789856,2.576017868705094e-05,0.005724462680518627,5.519132884046485e-08
radial,2,18.388889729976654,0.014399999752640724,0.1324000060558319,291.94122314453125,0.0001345463388133794,0.21503964066505432,2.58382879110286e-05,0.005716848187148571,5.544778503008274e-08
radial,2,19.000000837776398,0.014399999752640724,0.13680000603199005,291.9546813964844,0.0001353755360469222,0.21476233005523682,2.592047349025961e-05,0.005709521938115358,5.570544203692407e-08
radial,2,19.611111945576138,0.014399999752640724,0.1412000060081482,291.9680480957031,0.00013621085963677615,0.21449057757854462,2.601205233077053e-05,0.005702343303710222,5.597641106191986e-08
radial,2,20.22222305337588,0.014399999752640724,0.14560000598430634,291.9814453125,0.00013707124162465334,0.21422146260738373,2.6115567379747517e-05,0.005695237312465906,5.626682053616605e-08
radial,2,20.83333416117562,0.014399999752640724,0.15000000596046448,291.99493408203125,0.00013796761049889028,0.21395382285118103,2.6232282834826037e-05,0.005688173230737448,5.6579754215135836e-08
radial,2,21.444445268975365,0.014399999752640724,0.15440000593662262,292.008544921875,0.0001389060344081372,0.21368755400180817,2.6362846256233752e-05,0.005681147798895836,5.6916782398275245e-08
radial,2,22.055556376775108,0.014399999752640724,0.15880000591278076,292.0222473144531,0.0001398883614456281,0.21342316269874573,2.6507141228648834e-05,0.005674174055457115,5.7277652842913085e-08
radial,2,22.666667484574848,0.014399999752640724,0.1632000058889389,292.0361022949219,0.00014092390483710915,0.21315979957580566,2.6666497433325276e-05,0.005667230114340782,5.7665189956424e-08
radial,2,23.27777859237459,0.014399999752640724,0.16760000586509705,292.0501403808594,0.0001420223416062072,0.21289630234241486,2.6842360966838896e-05,0.005660285707563162,5.808240644000762e-08
radial,2,23.88888970017433,0.014399999752640724,0.1720000058412552,292.0644836425781,0.00014319240290205926,0.21263137459754944,2.7036085157305934e-05,0.005653307773172855,5.8532169333602724e-08
radial,2,24.500000807974075,0.014399999752640724,0.17640000581741333,292.0791320800781,0.00014444143744185567,0.21236370503902435,2.724879414017778e-05,0.005646261852234602,5.901682698095101e-08
radial,2,25.111111915773815,0.014399999752640724,0.18080000579357147,292.0941162109375,0.00014577130787074566,0.21209269762039185,2.7480751668917947e-05,0.0056391325779259205,5.953698334337787e-08
radial,2,25.72222302357356,0.014399999752640724,0.18520000576972961,292.1094665527344,0.00014718067541252822,0.21181800961494446,2.773149753920734e-05,0.005631912499666214,6.009174313703625e-08
radial,2,26.3333341313733,0.014399999752640724,0.18960000574588776,292.125,0.00014865078264847398,0.2115420401096344,2.7997430152026936e-05,0.005624664481729269,6.067364211048698e-08
radial,2,26.944445239173042,0.014399999752640724,0.1940000057220459,292.1405029296875,0.0001501542137702927,0.21126846969127655,2.8272839699639007e-05,0.005617483519017696,6.12708106473292e-08
radial,2,27.555556346972786,0.014399999752640724,0.19840000569820404,292.15533447265625,0.0001516173651907593,0.2110084444284439,2.854343256331049e-05,0.005610662512481213,6.185342726894305e-08
radial,2,28.166667454772526,0.014399999752640724,0.20280000567436218,292.16900634765625,0.00015297479694709182,0.21077218651771545,2.8794473109883256e-05,0.005604468751698732,6.239061889345976e-08
radial,2,28.77777856257227,0.014399999752640724,0.20720000565052032,292.1797790527344,0.000154042529175058,0.2105884552001953,2.8990074497414753e-05,0.005599651485681534,6.280675535208502e-08
radial,2,29.38888967037201,0.014399999752640724,0.21160000562667847,292.1867980957031,0.00015471616643480957,0.21047356724739075,2.910679359047208e-05,0.005596637725830078,6.305234734327314e-08
radial,2,30.000000778171753,0.014399999752640724,0.2160000056028366,292.3952941894531,0.00017943268176168203,0.2066115140914917,3.320379619253799e-05,0.005495510995388031,7.217006015025618e-08
radial,3,0.0,0.02160000056028366,0.0,306.7310485839844,0.15437135100364685,0.1947244107723236,0.0014151225332170725,0.0011478852247819304,9.498061785961909e-07
radial,3,0.062499998926392034,0.02160000056028366,0.00044999999227002263,307.6402893066406,0.15425650775432587,0.1946289986371994,0.0014899836387485266,0.0012087118811905384,9.709697224025149e-07
radial,3,0.12499999785278407,0.02160000056028366,0.0008999999845400453,310.6131591796875,0.15388095378875732,0.19432032108306885,0.0017314022406935692,0.0014049949822947383,1.0379008017480373e-06
radial,3,0.18750000486357346,0.02160000056028366,0.0013500000350177288,316.49591064453125,0.1531352549791336,0.19372156262397766,0.0021961971651762724,0.0017834556056186557,1.1664850489978562e-06
radial,3,0.24999999570556813,0.02160000056028366,0.0017999999690800905,327.3111572265625,0.15174545347690582,0.1926499605178833,0.0030166003853082657,0.002453417982906103,1.4165732409310294e-06
radial,3,0.31249998654756284,0.02160000056028366,0.0022499999031424522,347.7438659667969,0.1490228921175003,0.19068288803100586,0.004485666286200285,0.0036596714053303003,2.0090105863346253e-06
radial,3,0.3750000097271469,0.02160000056028366,0.0027000000700354576,385.6811828613281,0.1435691863298416,0.18711186945438385,0.007039756514132023,0.005777972750365734,3.5639773159346078e-06
radial,3,0.43750000056914157,0.02160000056028366,0.0031500000040978193,444.975830078125,0.1338115632534027,0.18154966831207275,0.010735289193689823,0.008897833526134491,6.3970524024625774e-06
radial,3,0.49999999141113627,0.02160000056028366,0.003599999938160181,515.4155883789062,0.11939819157123566,0.17470782995224,0.014736773446202278,0.012384193018078804,6.7605546973936725e-06
radial,3,0.5347222193247743,0.02160000056028366,0.0038499999791383743,552.3272705078125,0.10989253968000412,0.1708906888961792,0.01663603074848652,0.014113192446529865,5.078810772829456e-06
radial,3,0.5752314528864291,0.02160000056028366,0.0041416664607822895,585.9696655273438,0.09863817691802979,0.16702967882156372,0.018184876069426537,0.015621970407664776,3.180384965162375e-06
radial,3,0.6157407511232628,0.02160000056028366,0.004433333408087492,607.343994140625,0.08771587908267975,0.1639643907546997,0.018974538892507553,0.016537513583898544,1.9304754914628575e-06
radial,3,0.6562499846849177,0.02160000056028366,0.004724999889731407,616.9827880859375,0.07711287587881088,0.16162991523742676,0.019092977046966553,0.016927851364016533,1.3406289554040995e-06
radial,3,0.6967592829217514,0.02160000056028366,0.00501666683703661,615.5457763671875,0.06695085763931274,0.15999755263328552,0.01863098330795765,0.016859687864780426,1.2028119726892328e-06
radial,3,0.7372685164834063,0.02160000056028366,0.005308333318680525,604.4730224609375,0.05754341185092926,0.15905264019966125,0.017712634056806564,0.01642037183046341,1.3105207017360954e-06
radial,3,0.7777777500450611,0.02160000056028366,0.00559999980032444,585.9863891601562,0.04911341518163681,0.15874382853507996,0.016480620950460434,0.015714535489678383,1.5773144923514337e-06
radial,3,0.8182870482818948,0.02160000056028366,0.0058916667476296425,562.3133544921875,0.041637126356363297,0.15899325907230377,0.015052961185574532,0.014834903180599213,1.922835281220614e-06
radial,3,0.8587962818435497,0.02160000056028366,0.006183333229273558,535.3607177734375,0.03501792997121811,0.1597410887479782,0.01351801585406065,0.01385356206446886,2.2758260911359685e-06
radial,3,0.8993055800803834,0.02160000056028366,0.00647500017657876,506.7419128417969,0.02915876917541027,0.1609545350074768,0.011943546123802662,0.012826980091631413,2.6068689749081386e-06
radial,3,0.9398148136420382,0.02160000056028366,0.006766666658222675,477.8101806640625,0.023973677307367325,0.16262772679328918,0.010382556356489658,0.011800205335021019,2.8999525056860875e-06
radial,3,0.9803240472036931,0.02160000056028366,0.0070583331398665905,449.6858215332031,0.01939075067639351,0.1647801548242569,0.00887732207775116,0.010809923522174358,3.136361783617758e-06
radial,3,1.0208333454405267,0.02160000056028366,0.007350000087171793,423.2864990234375,0.01535477489233017,0.16745327413082123,0.007462704554200172,0.009886905550956726,3.297033345006639e-06
radial,3,1.0613425790021818,0.02160000056028366,0.007641666568815708,399.3755798339844,0.011832429096102715,0.17069952189922333,0.0061700125224888325,0.009058683179318905,3.386914841030375e-06
radial,3,1.1018518772390153,0.02160000056028366,0.00793333351612091,378.6171875,0.008819974027574062,0.17455193400382996,0.005031227134168148,0.008351835422217846,3.423233465582598e-06
radial,3,1.1423611754758491,0.02160000056028366,0.008225000463426113,361.5559997558594,0.006342660635709763,0.17896372079849243,0.004079158417880535,0.007790556643158197,3.4212089303764515e-06
radial,3,1.1828703443623252,0.02160000056028366,0.008516666479408741,348.4488830566406,0.004430832806974649,0.18373389542102814,0.003337510395795107,0.0073875789530575275,3.3994658679148415e-06
radial,3,1.2233796425991588,0.02160000056028366,0.008808333426713943,339.01141357421875,0.0030704205855727196,0.1885012835264206,0.0028013670817017555,0.007130082696676254,3.369002115505282e-06
radial,3,1.2638889408359926,0.02160000056028366,0.009100000374019146,332.5144348144531,0.002185486489906907,0.19280216097831726,0.0024350141175091267,0.006979998666793108,3.3270864605583483e-06
radial,3,1.3124999693698354,0.02160000056028366,0.009449999779462814,326.93341064453125,0.0015320359962061048,0.19722110033035278,0.002125612460076809,0.006870743352919817,3.244692379666958e-06
radial,3,1.3518518406069941,0.02160000056028366,0.009733333252370358,323.3241271972656,0.001194958109408617,0.20028924942016602,0.001928401179611683,0.006805024575442076,3.1463098366657505e-06
radial,3,1.391203711844153,0.02160000056028366,0.0100166667252779,320.25823974609375,0.0009658128838054836,0.20291587710380554,0.001761176041327417,0.006748015992343426,3.02372291116626e-06
radial,3,1.4305557124316692,0.02160000056028366,0.010300001129508018,317.539306640625,0.000801874790340662,0.2052222490310669,0.0016124134417623281,0.006695120595395565,2.883983370338683e-06
radial,3,1.4699074543184705,0.02160000056028366,0.010583333671092987,315.08050537109375,0.0006794504588469863,0.20728720724582672,0.0014771479181945324,0.006645234767347574,2.7346477509127e-06
radial,3,1.5092591962052717,0.02160000056028366,0.010866666212677956,312.840087890625,0.0005847810534760356,0.20916135609149933,0.0013530906289815903,0.006598316133022308,2.5813631054916186e-06
radial,3,1.5486110674424305,0.02160000056028366,0.011149999685585499,310.78936767578125,0.0005092742503620684,0.21088182926177979,0.001238733297213912,0.0065544238314032555,2.4276912427012576e-06
radial,3,1.5879629386795893,0.02160000056028366,0.011433333158493042,308.92669677734375,0.0004481001233216375,0.21245718002319336,0.0011341318022459745,0.00651399465277791,2.2774934222979937e-06
radial,3,1.627314809916748,0.02160000056028366,0.011716666631400585,307.2631530761719,0.00039848501910455525,0.21387895941734314,0.0010401306208223104,0.006477592047303915,2.134778696927242e-06
radial,3,1.6666666811539068,0.02160000056028366,0.012000000104308128,305.8314208984375,0.00035882240626960993,0.2151240110397339,0.0009582815691828728,0.006445934064686298,2.004725502047222e-06
radial,3,1.746031792006559,0.02160000056028366,0.012571428902447224,303.35650634765625,0.0002959372359327972,0.21732914447784424,0.0008146081818267703,0.006390652619302273,1.7643392311583739e-06
radial,3,1.8253967735088534,0.02160000056028366,0.013142856769263744,301.236083984375,0.0002472727792337537,0.21925848722457886,0.0006900839507579803,0.006343044340610504,1.543503685752512e-06
radial,3,1.9047618843615055,0.02160000056028366,0.01371428556740284,299.5013732910156,0.00021039025159552693,0.22086423635482788,0.0005867949221283197,0.0063036298379302025,1.3503198488251655e-06
radial,3,1.9841269952141576,0.02160000056028366,0.014285714365541935,298.0860595703125,0.00018200591148342937,0.22218887507915497,0.0005010923487134278,0.006270735990256071,1.1821051657534554e-06
radial,3,2.0634921060668097,0.02160000056028366,0.01485714316368103,296.93389892578125,0.00015997348236851394,0.2232702076435089,0.0004299617721699178,0.006243032868951559,1.0363053206674522e-06
radial,3,2.142857087569104,0.02160000056028366,0.015428571030497551,296.0006103515625,0.00014285987708717585,0.22414030134677887,0.00037107750540599227,0.0062195719219744205,9.107814094022615e-07
radial,3,2.2222223277721143,0.02160000056028366,0.01600000075995922,295.2427978515625,0.00012950345990248024,0.22483472526073456,0.00032211499637924135,0.006199471652507782,8.026640898606274e-07
radial,3,2.301587309274409,0.02160000056028366,0.01657142862677574,294.62567138671875,0.00011905028077308089,0.22538399696350098,0.0002812075545080006,0.006182060111314058,7.0941854346529e-07
radial,3,2.3809522907767033,0.02160000056028366,0.017142856493592262,294.1209716796875,0.00011085097503382713,0.2258143573999405,0.00024682830553501844,0.006166806444525719,6.287649512159987e-07
radial,3,2.460317530979713,0.02160000056028366,0.017714286223053932,293.7076721191406,0.00010443350038258359,0.22614645957946777,0.00021785734861623496,0.006153344176709652,5.58994941002311e-07
radial,3,2.5396825124820075,0.02160000056028366,0.018285714089870453,293.36529541015625,9.93755747913383e-05,0.2264002561569214,0.00019313389202579856,0.0061412472277879715,4.979951881978195e-07
radial,3,2.619047493984302,0.02160000056028366,0.018857141956686974,293.0829772949219,9.543435589876026e-05,0.22658810019493103,0.00017211996600963175,0.006130376365035772,4.4500683316073264e-07
radial,3,2.6984127341873116,0.02160000056028366,0.019428571686148643,292.8612365722656,9.252769086742774e-05,0.22671549022197723,0.00015509907098021358,0.006121045909821987,4.012381964457745e-07
radial,3,2.777777715689606,0.02160000056028366,0.019999999552965164,292.6835021972656,9.034055256051943e-05,0.22679871320724487,0.00014098161773290485,0.006112824659794569,3.6427974237085436e-07
radial,3,2.9411761918001704,0.02160000056028366,0.021176468580961227,292.3838806152344,8.708275709068403e-05,0.22688139975070953,0.00011629521759459749,0.0060967858880758286,2.983791773658595e-07
radial,3,3.1045751853121653,0.02160000056028366,0.02235294133424759,292.16290283203125,8.526181045453995e-05,0.22686636447906494,9.73693240666762e-05,0.006082278210669756,2.467784270265838e-07
radial,3,3.2679739201234446,0.02160000056028366,0.0235294122248888,292.00921630859375,8.453974442090839e-05,0.22678162157535553,8.359843923244625e-05,0.006069716066122055,2.0863407712568005e-07
radial,3,3.4313726549347243,0.02160000056028366,0.024705883115530014,291.8986511230469,8.45450849737972e-05,0.22664833068847656,7.31645995983854e-05,0.006058371625840664,1.7941907515250932e-07
radial,3,3.5947711310452886,0.02160000056028366,0.025882352143526077,291.81805419921875,8.50736178108491e-05,0.22647957503795624,6.507380749098957e-05,0.006047870963811874,1.5661218810691935e-07
radial,3,3.7581698658565683,0.02160000056028366,0.02705882303416729,291.75933837890625,8.597325359005481e-05,0.22628536820411682,5.8734742196975276e-05,0.0060380431823432446,1.3869482984318893e-07
radial,3,3.9215686006678476,0.02160000056028366,0.028235293924808502,291.7164611816406,8.71352240210399e-05,0.22607222199440002,5.368290294427425e-05,0.006028710398823023,1.244339387085347e-07
radial,3,4.084967076778412,0.02160000056028366,0.029411762952804565,291.6852722167969,8.847493154462427e-05,0.22584529221057892,4.9604532250668854e-05,0.0060197701677680016,1.1298303093099094e-07
radial,3,4.248366070290406,0.02160000056028366,0.030588235706090927,291.6628723144531,8.993240771815181e-05,0.225608229637146,4.627127782441676e-05,0.006011137738823891,1.0370730763042957e-07
radial,3,4.411764546400971,0.02160000056028366,0.03176470473408699,291.6471252441406,9.146555385086685e-05,0.2253638058900833,4.3519521568669006e-05,0.006002755835652351,9.613914642159216e-08
radial,3,4.575163539912966,0.02160000056028366,0.03294117748737335,291.6365051269531,9.30441528907977e-05,0.22511419653892517,4.12305562349502e-05,0.005994583945721388,8.993065137019585e-08
radial,3,4.73856201602353,0.02160000056028366,0.034117646515369415,291.6299133300781,9.465057519264519e-05,0.2248607575893402,3.931390165234916e-05,0.005986584350466728,8.48098551387011e-08
radial,3,4.901961009535524,0.02160000056028366,0.03529411926865578,291.62652587890625,9.627176768844947e-05,0.22460542619228363,3.7708250602008775e-05,0.005978756584227085,8.058191269810777e-08
radial,3,5.065359485646089,0.02160000056028366,0.03647058829665184,291.625732421875,9.791980846785009e-05,0.22434648871421814,3.634541644714773e-05,0.005971001926809549,7.703971505179652e-08
radial,3,5.228757961756654,0.02160000056028366,0.0376470573246479,291.6272277832031,9.96002127067186e-05,0.22408637404441833,3.519724486977793e-05,0.005963361356407404,7.407614077692415e-08
radial,3,5.392156955268648,0.02160000056028366,0.038823530077934265,291.6302490234375,0.00010116414341609925,0.22384800016880035,3.428688432904892e-05,0.00595646258443594,7.174023863854018e-08
radial,3,5.555555431379212,0.02160000056028366,0.03999999910593033,291.6336364746094,0.00010252063657389954,0.22363688051700592,3.3517870178911835e-05,0.0059503912925720215,6.980860689509427e-08
radial,3,6.166666539178954,0.02160000056028366,0.04439999908208847,291.6524963378906,0.00010772363748401403,0.22281654179096222,3.135515362373553e-05,0.005927201360464096,6.44010924588656e-08
radial,3,6.777777646978697,0.02160000056028366,0.04879999905824661,291.6802062988281,0.00011328636901453137,0.22194866836071014,3.026189915544819e-05,0.005903237033635378,6.15899082845317e-08
radial,3,7.3888887547784385,0.02160000056028366,0.053199999034404755,291.71014404296875,0.00011844474647659808,0.22112570703029633,2.975693678308744e-05,0.005880813114345074,6.032157529034521e-08
radial,3,7.99999986257818,0.02160000056028366,0.0575999990105629,291.74041748046875,0.00012313832121435553,0.22034677863121033,2.9506820283131674e-05,0.005859749391674995,5.979978823233978e-08
radial,3,8.611110970377922,0.02160000056028366,0.06199999898672104,291.77081298828125,0.0001274482492590323,0.21960224211215973,2.9406191970338114e-05,0.005839723628014326,5.97183884565311e-08
radial,3,9.222222078177664,0.02160000056028366,0.06639999896287918,291.80072021484375,0.0001313484099227935,0.21889425814151764,2.938849684142042e-05,0.0058207521215081215,5.989164009179149e-08
radial,3,9.833333185977406,0.02160000056028366,0.07079999893903732,291.83001708984375,0.0001348774239886552,0.21821843087673187,2.942235005320981e-05,0.005802694708108902,6.021870291306186e-08
radial,3,10.444444293777147,0.02160000056028366,0.07519999891519547,291.8582458496094,0.00013800560554955155,0.21757766604423523,2.9475562769221142e-05,0.005785609595477581,6.060854218503664e-08
radial,3,11.05555540157689,0.02160000056028366,0.07959999889135361,291.88525390625,0.00014073413331061602,0.21697121858596802,2.9526421712944284e-05,0.005769466981291771,6.100167126987799e-08
radial,3,11.666666509376633,0.02160000056028366,0.08399999886751175,291.910888671875,0.000143080746056512,0.2163994163274765,2.9563956559286453e-05,0.005754264071583748,6.136453123417596e-08
radial,3,12.277777617176374,0.02160000056028366,0.08839999884366989,291.93511962890625,0.0001451201969757676,0.21586164832115173,2.959602716146037e-05,0.005739978048950434,6.170309774233829e-08
radial,3,12.888888724976116,0.02160000056028366,0.09279999881982803,291.9579772949219,0.00014690222451463342,0.21535703539848328,2.9625409297295846e-05,0.005726581439375877,6.20183726596224e-08
radial,3,13.499999832775858,0.02160000056028366,0.09719999879598618,291.9795227050781,0.00014844693941995502,0.21488383412361145,2.9647682822542265e-05,0.005714024417102337,6.229983284811169e-08
radial,3,14.1111109405756,0.02160000056028366,0.10159999877214432,291.9998474121094,0.0001497788034612313,0.2144402116537094,2.9661805456271395e-05,0.00570225715637207,6.254481377254706e-08
radial,3,14.722222048375341,0.02160000056028366,0.10599999874830246,292.0189514160156,0.00015091864042915404,0.21402418613433838,2.9667760827578604e-05,0.005691226571798325,6.275338648720208e-08
radial,3,15.333333156175083,0.02160000056028366,0.1103999987244606,292.03692626953125,0.00015188855468295515,0.2136336863040924,2.9666703994735144e-05,0.005680876784026623,6.292828658160943e-08
radial,3,15.944444263974827,0.02160000056028366,0.11479999870061874,292.0539245605469,0.00015271677693817765,0.21326550841331482,2.9660990549018607e-05,0.005671121180057526,6.307593736210038e-08
radial,3,16.555554336971706,0.02160000056028366,0.11919999122619629,292.0701599121094,0.0001534439652459696,0.212915301322937,2.965555540868081e-05,0.005661848001182079,6.320838963347342e-08
radial,3,17.16666751437717,0.02160000056028366,0.12360000610351562,292.0859680175781,0.000154140405356884,0.21257761120796204,2.9661609005415812e-05,0.00565290916711092,6.335098134968575e-08
radial,3,17.777778622176914,0.02160000056028366,0.12800000607967377,292.1017150878906,0.00015486999473068863,0.21224699914455414,2.9689390430576168e-05,0.005644161254167557,6.352689752020524e-08
radial,3,18.388889729976654,0.02160000056028366,0.1324000060558319,292.11761474609375,0.00015565990179311484,0.21191895008087158,2.9741804610239342e-05,0.005635485518723726,6.374385463914223e-08
radial,3,19.000000837776398,0.02160000056028366,0.13680000603199005,292.1337890625,0.00015652179718017578,0.21159012615680695,2.9818964321748354e-05,0.005626796279102564,6.400338747880596e-08
radial,3,19.611111945576138,0.02160000056028366,0.1412000060081482,292.15032958984375,0.00015745675773359835,0.21125903725624084,2.991937071783468e-05,0.005618053488433361,6.430336441098916e-08
radial,3,20.22222305337588,0.02160000056028366,0.14560000598430634,292.167236328125,0.00015846535097807646,0.21092475950717926,3.0041755962884054e-05,0.0056092324666678905,6.464195934086092e-08
radial,3,20.83333416117562,0.02160000056028366,0.15000000596046448,292.18450927734375,0.00015955395065248013,0.21058765053749084,3.0186527510522865e-05,0.0056003425270318985,6.502071414615784e-08
radial,3,21.444445268975365,0.02160000056028366,0.15440000593662262,292.2021484375,0.0001607333542779088,0.21024857461452484,3.0355458875419572e-05,0.005591404624283314,6.544386366158506e-08
radial,3,22.055556376775108,0.02160000056028366,0.15880000591278076,292.22015380859375,0.0001620031544007361,0.20990855991840363,3.054788612644188e-05,0.0055824462324380875,6.591032075675685e-08
radial,3,22.666667484574848,0.02160000056028366,0.1632000058889389,292.23846435546875,0.00016336533008143306,0.2095680832862854,3.0763607355766e-05,0.005573478061705828,6.642000016654492e-08
radial,3,23.27777859237459,0.02160000056028366,0.16760000586509705,292.2570495605469,0.00016481678176205605,0.20922817289829254,3.1001734896562994e-05,0.005564527120441198,6.697133869693062e-08
radial,3,23.88888970017433,0.02160000056028366,0.1720000058412552,292.27581787109375,0.000166346289915964,0.20889027416706085,3.125980947515927e-05,0.0055556329898536205,6.755935544333624e-08
radial,3,24.500000807974075,0.02160000056028366,0.17640000581741333,292.29461669921875,0.00016793585382401943,0.20855677127838135,3.153433499392122e-05,0.005546856671571732,6.817688102955799e-08
radial,3,25.111111915773815,0.02160000056028366,0.18080000579357147,292.313232421875,0.00016956213221419603,0.20823082327842712,3.182092768838629e-05,0.005538281984627247,6.881467129460361e-08
radial,3,25.72222302357356,0.02160000056028366,0.18520000576972961,292.3313293457031,0.00017119126277975738,0.2079169899225235,3.211325383745134e-05,0.005530029535293579,6.945932540247668e-08
radial,3,26.3333341313733,0.02160000056028366,0.18960000574588776,292.3485107421875,0.0001727685157675296,0.20762278139591217,3.2401014323113486e-05,0.0055222949013113976,7.008893021520635e-08
radial,3,26.944445239173042,0.02160000056028366,0.1940000057220459,292.3642578125,0.00017423173994757235,0.20735621452331543,3.26720328303054e-05,0.00551528949290514,7.067758645007416e-08
radial,3,27.555556346972786,0.02160000056028366,0.19840000569820404,292.3776550292969,0.0001754901313688606,0.20713090896606445,3.290890163043514e-05,0.005509369075298309,7.118880773759884e-08
radial,3,28.166667454772526,0.02160000056028366,0.20280000567436218,292.38818359375,0.00017647253116592765,0.20695731043815613,3.309579551569186e-05,0.005504806526005268,7.158950410257603e-08
radial,3,28.77777856257227,0.02160000056028366,0.20720000565052032,292.3951416015625,0.00017710597603581846,0.20684564113616943,3.321700569358654e-05,0.005501869600266218,7.184739558852016e-08
radial,3,29.38888967037201,0.02160000056028366,0.21160000562667847,292.3990478515625,0.0001774366246536374,0.2067851722240448,3.3276821341132745e-05,0.005500277038663626,7.19725079534328e-08
radial,3,30.000000778171753,0.02160000056028366,0.2160000056028366,292.60784912109375,0.0002019037347054109,0.20295687019824982,3.7280329706845805e-05,0.0053998129442334175,8.088363756542094e-08
radial,15,0.0,0.1080000028014183,0.0,353.9920654296875,0.038275137543678284,0.15229037404060364,0.002992694266140461,0.0051591163501143456,7.143734364944976e-06
radial,15,0.062499998926392034,0.1080000028014183,0.00044999999227002263,353.96112060546875,0.038253191858530045,0.1522846817970276,0.002991172019392252,0.005158483516424894,7.140929483284708e-06
radial,15,0.12499999785278407,0.1080000028014183,0.0008999999845400453,353.8678894042969,0.038187168538570404,0.15226756036281586,0.002986591076478362,0.005156578961759806,7.132466635084711e-06
radial,15,0.18750000486357346,0.1080000028014183,0.0013500000350177288,353.71142578125,0.038076482713222504,0.15223893523216248,0.0029789088293910027,0.005153384059667587,7.118203939171508e-06
radial,15,0.24999999570556813,0.1080000028014183,0.0017999999690800905,353.49029541015625,0.0379202626645565,0.1521986871957779,0.0029680593870580196,0.005148870870471001,7.097940851963358e-06
radial,15,0.31249998654756284,0.1080000028014183,0.0022499999031424522,353.2030029296875,0.03771771490573883,0.15214671194553375,0.0029539777897298336,0.005143011920154095,7.0714677349315025e-06
radial,15,0.3750000097271469,0.1080000028014183,0.0027000000700354576,352.84832763671875,0.03746819496154785,0.15208306908607483,0.0029366062954068184,0.005135783925652504,7.038590410957113e-06
radial,15,0.4374999682315522,0.1080000028014183,0.0031499997712671757,352.4249267578125,0.03717111051082611,0.1520078182220459,0.0029158894903957844,0.005127164535224438,6.999112883931957e-06
radial,15,0.49999999141113627,0.1080000028014183,0.003599999938160181,351.93255615234375,0.036826714873313904,0.1519213169813156,0.0028918269090354443,0.005117152817547321,6.952925559744472e-06
radial,15,0.5347222193247743,0.1080000028014183,0.0038499999791383743,351.62890625,0.03661488741636276,0.15186850726604462,0.0028770037461072206,0.005110985599458218,6.9242923927959055e-06
radial,15,0.5752314528864291,0.1080000028014183,0.0041416664607822895,351.24188232421875,0.036345601081848145,0.15180185437202454,0.00285813445225358,0.005103135947138071,6.887657946208492e-06
radial,15,0.6157407511232628,0.1080000028014183,0.004433333408087492,350.80999755859375,0.03604597598314285,0.15172836184501648,0.002837106119841337,0.005094393156468868,6.8466051743598655e-06
radial,15,0.6562499846849177,0.1080000028014183,0.004724999889731407,350.3291320800781,0.03571336343884468,0.15164759755134583,0.00281372107565403,0.005084674805402756,6.800651590310736e-06
radial,15,0.6967592829217514,0.1080000028014183,0.00501666683703661,349.8009338378906,0.03534906357526779,0.15156006813049316,0.002788057317957282,0.005074013955891132,6.749861313437577e-06
radial,15,0.7372685164834063,0.1080000028014183,0.005308333318680525,349.2265625,0.034954145550727844,0.1514662653207779,0.0027601770125329494,0.005062436684966087,6.6942789089807775e-06
radial,15,0.7777777500450611,0.1080000028014183,0.00559999980032444,348.6074523925781,0.034529849886894226,0.15136674046516418,0.002730154898017645,0.0050499774515628815,6.6339748627797235e-06
radial,15,0.8182870482818948,0.1080000028014183,0.0058916667476296425,347.94500732421875,0.03407738730311394,0.151262104511261,0.00269806245341897,0.005036666989326477,6.569010110979434e-06
radial,15,0.8587962818435497,0.1080000028014183,0.006183333229273558,347.24072265625,0.033598002046346664,0.15115296840667725,0.002663975115865469,0.0050225406885147095,6.499454684671946e-06
radial,15,0.8993055800803834,0.1080000028014183,0.00647500017657876,346.49627685546875,0.03309312462806702,0.15104004740715027,0.0026279811281710863,0.005007638595998287,6.425405445042998e-06
radial,15,0.9398148136420382,0.1080000028014183,0.006766666658222675,345.71380615234375,0.03256439417600632,0.15092405676841736,0.002590182702988386,0.004992007743567228,6.346994268824346e-06
radial,15,0.9803241118788719,0.1080000028014183,0.007058333605527878,344.8956298828125,0.03201359137892723,0.15080584585666656,0.0025506955571472645,0.004975701682269573,6.264398507482838e-06
radial,15,1.0208333454405267,0.1080000028014183,0.007350000087171793,344.0443115234375,0.03144264593720436,0.15068626403808594,0.002509644953534007,0.004958778619766235,6.177845534693915e-06
radial,15,1.0613425790021818,0.1080000028014183,0.007641666568815708,343.16253662109375,0.030853528529405594,0.1505661904811859,0.0024671617429703474,0.004941300023347139,6.087571364332689e-06
radial,15,1.1018518772390153,0.1080000028014183,0.00793333351612091,342.2530212402344,0.030248232185840607,0.15044653415679932,0.0024233791045844555,0.004923327825963497,5.993802005832549e-06
radial,15,1.1423611754758491,0.1080000028014183,0.008225000463426113,341.318603515625,0.02962876483798027,0.15032817423343658,0.002378432545810938,0.0049049281515181065,5.896770744584501e-06
radial,15,1.1828703443623252,0.1080000028014183,0.008516666479408741,340.3618469238281,0.02899692952632904,0.15021201968193054,0.002332445001229644,0.004886160604655743,5.796692676085513e-06
radial,15,1.2233796425991588,0.1080000028014183,0.008808333426713943,339.3851623535156,0.028354410082101822,0.15009894967079163,0.0022855312563478947,0.004867083393037319,5.693777893611696e-06
radial,15,1.2638889408359926,0.1080000028014183,0.009100000374019146,338.39202880859375,0.02770359069108963,0.14998994767665863,0.0022378587163984776,0.00484777707606554,5.588359272223897e-06
radial,15,1.3124999693698354,0.1080000028014183,0.009449999779462814,337.185302734375,0.02691599726676941,0.14986605942249298,0.00217996072024107,0.004824451170861721,5.459209205582738e-06
radial,15,1.3518518406069941,0.1080000028014183,0.009733333252370358,336.1966247558594,0.026273269206285477,0.14977194368839264,0.002132544293999672,0.004805459640920162,5.352535481506493e-06
radial,15,1.391203711844153,0.1080000028014183,0.0100166667252779,335.1973876953125,0.025626031681895256,0.14968399703502655,0.002084642881527543,0.004786387551575899,5.243959094514139e-06
radial,15,1.4305555830813117,0.1080000028014183,0.010300000198185444,334.19146728515625,0.024976760149002075,0.14960317313671112,0.0020364364609122276,0.004767321515828371,5.133883405505912e-06
radial,15,1.4699074543184705,0.1080000028014183,0.010583333671092987,333.180908203125,0.02432667277753353,0.14953020215034485,0.0019880139734596014,0.004748313222080469,5.022509867558256e-06
radial,15,1.5092591962052717,0.1080000028014183,0.010866666212677956,332.1675109863281,0.023676887154579163,0.14946584403514862,0.0019394578412175179,0.004729410167783499,4.910031293547945e-06
radial,15,1.5486110674424305,0.1080000028014183,0.011149999685585499,331.1531677246094,0.02302856557071209,0.14941081404685974,0.0018908551428467035,0.004710664041340351,4.796656867256388e-06
radial,15,1.5879629386795893,0.1080000028014183,0.011433333158493042,330.1366271972656,0.022380851209163666,0.14936572313308716,0.0018421420827507973,0.004692067392170429,4.6822433432680555e-06
radial,15,1.627314809916748,0.1080000028014183,0.011716666631400585,329.111083984375,0.021729309111833572,0.14933106303215027,0.0017929843161255121,0.004673515446484089,4.566008556139423e-06
radial,15,1.6666666811539068,0.1080000028014183,0.012000000104308128,328.0787658691406,0.021075505763292313,0.14930778741836548,0.0017435005865991116,0.004655074328184128,4.448237177712144e-06
radial,15,1.746031792006559,0.1080000028014183,0.012571428902447224,326.0283203125,0.01978190243244171,0.14929968118667603,0.001645136158913374,0.004619214683771133,4.211888153804466e-06
radial,15,1.8253967735088534,0.1080000028014183,0.013142856769263744,324.0218505859375,0.01852191984653473,0.14934782683849335,0.001548730069771409,0.004585275426506996,3.977347660111263e-06
radial,15,1.9047618843615055,0.1080000028014183,0.01371428556740284,322.04425048828125,0.017285706475377083,0.14945819973945618,0.0014535703230649233,0.004553172737360001,3.7431193504744442e-06
radial,15,1.9841268658638,0.1080000028014183,0.01428571343421936,320.1040344238281,0.016077546402812004,0.14963728189468384,0.0013600223464891315,0.004523225594311953,3.51030939782504e-06
radial,15,2.0634921060668097,0.1080000028014183,0.01485714316368103,318.21148681640625,0.014902717433869839,0.14989127218723297,0.0012685341062024236,0.004495780915021896,3.280268174421508e-06
radial,15,2.142857087569104,0.1080000028014183,0.015428571030497551,316.3750305175781,0.013765448704361916,0.15022635459899902,0.001179477316327393,0.004471158143132925,3.0541912110493286e-06
radial,15,2.2222223277721143,0.1080000028014183,0.01600000075995922,314.599609375,0.0126681849360466,0.15064901113510132,0.0010930863209068775,0.004449632950127125,2.832946393027669e-06
radial,15,2.301587309274409,0.1080000028014183,0.01657142862677574,312.8887939453125,0.011612586677074432,0.15116582810878754,0.0010095350444316864,0.004431461449712515,2.6172538127866574e-06
radial,15,2.3809522907767033,0.1080000028014183,0.017142856493592262,311.2462158203125,0.010600460693240166,0.1517830789089203,0.0009290081798098981,0.004416896495968103,2.4078631213342305e-06
radial,15,2.460317530979713,0.1080000028014183,0.017714286223053932,309.6765441894531,0.009634483605623245,0.1525058001279831,0.0008517588721588254,0.0044061834923923016,2.205704277002951e-06
radial,15,2.5396825124820075,0.1080000028014183,0.018285714089870453,308.18475341796875,0.008717494085431099,0.15333755314350128,0.0007780534215271473,0.004399534780532122,2.0117404346819967e-06
radial,15,2.619047493984302,0.1080000028014183,0.018857141956686974,306.7684020996094,0.007847953587770462,0.15428481996059418,0.0007078039925545454,0.0043970998376607895,1.825992967496859e-06
radial,15,2.6984127341873116,0.1080000028014183,0.019428571686148643,305.4175720214844,0.007019786164164543,0.15535923838615417,0.0006405510939657688,0.004399019759148359,1.6474750736961141e-06
radial,15,2.777777715689606,0.1080000028014183,0.019999999552965164,304.1607360839844,0.006248821504414082,0.15653803944587708,0.0005776194157078862,0.004405229818075895,1.479924776504049e-06
radial,15,2.941176450500886,0.1080000028014183,0.021176470443606377,301.96148681640625,0.004902597051113844,0.15912389755249023,0.0004668793990276754,0.004429219756275415,1.1843478660011897e-06
radial,15,3.1045751853121653,0.1080000028014183,0.02235294133424759,300.2300109863281,0.003853545757010579,0.16180351376533508,0.00037958688335493207,0.004464536439627409,9.510616223451507e-07
radial,15,3.2679739201234446,0.1080000028014183,0.0235294122248888,298.89141845703125,0.00305437995120883,0.16440781950950623,0.0003122827038168907,0.0045055486261844635,7.714411367487628e-07
radial,15,3.4313726549347243,0.1080000028014183,0.024705883115530014,297.8873291015625,0.0024652169086039066,0.1667516976594925,0.00026205088943243027,0.004546398296952248,6.378186299116351e-07
radial,15,3.5947711310452886,0.1080000028014183,0.025882352143526077,297.1528625488281,0.002041878178715706,0.16872107982635498,0.00022551071015186608,0.004582863301038742,5.410533958638553e-07
radial,15,3.7581698658565683,0.1080000028014183,0.02705882303416729,296.61871337890625,0.0017390323337167501,0.17030520737171173,0.00019905102089978755,0.004613286815583706,4.713535020073323e-07
radial,15,3.9215686006678476,0.1080000028014183,0.028235293924808502,296.22528076171875,0.0015190609265118837,0.17155709862709045,0.00017959873366635293,0.004637856502085924,4.204142101116304e-07
radial,15,4.084967335479127,0.1080000028014183,0.029411764815449715,295.9285888671875,0.0013550017029047012,0.17254643142223358,0.00016491425049025565,0.004657507874071598,3.8220801457100606e-07
radial,15,4.248366070290406,0.1080000028014183,0.030588235706090927,295.69879150390625,0.0012289946898818016,0.17333479225635529,0.00015349694876931608,0.004673250950872898,3.5270932130515575e-07
radial,15,4.411764546400971,0.1080000028014183,0.03176470473408699,295.5160827636719,0.0011294102296233177,0.17397046089172363,0.0001443609653506428,0.0046859486028552055,3.292807377874851e-07
radial,15,4.575163539912966,0.1080000028014183,0.03294117748737335,295.36737060546875,0.0010486689861863852,0.1744891256093979,0.00013685974408872426,0.004696272779256105,3.101956451700971e-07
radial,15,4.73856201602353,0.1080000028014183,0.034117646515369415,295.2440490722656,0.0009818269172683358,0.17491620779037476,0.00013057012984063476,0.004704712424427271,2.943234278518503e-07
radial,15,4.901961009535524,0.1080000028014183,0.03529411926865578,295.1399841308594,0.0009254447068087757,0.17527064681053162,0.00012519641313701868,0.004711641930043697,2.808734222981002e-07
radial,15,5.065359485646089,0.1080000028014183,0.03647058829665184,295.0504455566406,0.0008768793195486069,0.175568088889122,0.00012050863733747974,0.004717373289167881,2.692345049126743e-07
radial,15,5.228757961756654,0.1080000028014183,0.0376470573246479,294.97369384765625,0.0008351351134479046,0.17581519484519958,0.0001164300338132307,0.004722049459815025,2.591849010968872e-07
radial,15,5.392156955268648,0.1080000028014183,0.038823530077934265,294.9091796875,0.0007999412482604384,0.17601358890533447,0.00011295024887658656,0.004725709557533264,2.5067416231649986e-07
radial,15,5.555555431379212,0.1080000028014183,0.03999999910593033,294.854736328125,0.0007700065616518259,0.17617112398147583,0.0001099564105970785,0.004728509113192558,2.434032353448856e-07
radial,15,6.166666539178954,0.1080000028014183,0.04439999908208847,294.693115234375,0.0006795278750360012,0.17656691372394562,0.00010074085730593652,0.004734729882329702,2.2124862653072341e-07
radial,15,6.777777646978697,0.1080000028014183,0.04879999905824661,294.57867431640625,0.0006131625268608332,0.17673569917678833,9.379052789881825e-05,0.00473593408241868,2.0477718010170065e-07
radial,15,7.3888887547784385,0.1080000028014183,0.053199999034404755,294.5,0.0005648863152600825,0.17673632502555847,8.860023808665574e-05,0.004733479581773281,1.9263880801645428e-07
radial,15,7.99999986257818,0.1080000028014183,0.0575999990105629,294.4449768066406,0.0005283240461722016,0.17662182450294495,8.45717586344108e-05,0.004728507716208696,1.8333921047997137e-07
radial,15,8.611110970377922,0.1080000028014183,0.06199999898672104,294.406005859375,0.0004995731869712472,0.17642731964588165,8.133023220580071e-05,0.004721783101558685,1.7594625489891769e-07
radial,15,9.222222078177664,0.1080000028014183,0.06639999896287918,294.3789367675781,0.00047654873924329877,0.1761743426322937,7.867527892813087e-05,0.004713787697255611,1.6996338558783464e-07
radial,15,9.833333185977406,0.1080000028014183,0.07079999893903732,294.3606262207031,0.0004577633226290345,0.17587965726852417,7.646108861081302e-05,0.004704901482909918,1.6502995947575982e-07
radial,15,10.444444293777147,0.1080000028014183,0.07519999891519547,294.34893798828125,0.0004422244383022189,0.17555665969848633,7.459035987267271e-05,0.004695433657616377,1.609033404292859e-07
radial,15,11.05555540157689,0.1080000028014183,0.07959999889135361,294.34228515625,0.00042921892600134015,0.17521509528160095,7.299276330741122e-05,0.004685610067099333,1.574089623090913e-07
radial,15,11.666666509376633,0.1080000028014183,0.08399999886751175,294.3395080566406,0.0004182237898930907,0.17486271262168884,7.161642133723944e-05,0.004675609525293112,1.5441942480265425e-07
radial,15,12.277777617176374,0.1080000028014183,0.08839999884366989,294.33966064453125,0.00040884839836508036,0.17450548708438873,7.042230572551489e-05,0.0046655721962451935,1.5184019730440923e-07
radial,15,12.888888724976116,0.1080000028014183,0.09279999881982803,294.342041015625,0.00040079583413898945,0.1741483062505722,6.93805341143161e-05,0.004655611701309681,1.4959968552830105e-07
radial,15,13.499999832775858,0.1080000028014183,0.09719999879598618,294.3460998535156,0.00039383702096529305,0.17379504442214966,6.846779433544725e-05,0.00464581698179245,1.4764273714718001e-07
radial,15,14.1111109405756,0.1080000028014183,0.10159999877214432,294.3514099121094,0.00038779270835220814,0.1734488159418106,6.766563456039876e-05,0.00463626254349947,1.4592629327125906e-07
radial,15,14.722222048375341,0.1080000028014183,0.10599999874830246,294.357666015625,0.0003825213643722236,0.17311212420463562,6.695922638755292e-05,0.004627004731446505,1.4441613416238397e-07
radial,15,15.333333156175083,0.1080000028014183,0.1103999987244606,294.364501953125,0.00037791061913594604,0.17278698086738586,6.633663724642247e-05,0.0046180905774235725,1.4308507445548457e-07
radial,15,15.944444263974827,0.1080000028014183,0.11479999870061874,294.371826171875,0.0003738696104846895,0.1724749207496643,6.578803004231304e-05,0.004609555471688509,1.4191100206062401e-07
radial,15,16.555555371774567,0.1080000028014183,0.11919999867677689,294.37933349609375,0.0003703225520439446,0.1721770465373993,6.530499376822263e-05,0.004601423628628254,1.4087518707128766e-07
radial,15,17.16666647957431,0.1080000028014183,0.12359999865293503,294.38702392578125,0.00036720617208629847,0.17189419269561768,6.488026701845229e-05,0.004593712277710438,1.3996175596275862e-07
radial,15,17.777778622176914,0.1080000028014183,0.12800000607967377,294.3946838378906,0.0003644677344709635,0.17162694036960602,6.450772343669087e-05,0.00458643538877368,1.3915742158587818e-07
radial,15,18.388889729976654,0.1080000028014183,0.1324000060558319,294.40228271484375,0.0003620628558564931,0.17137572169303894,6.418205157388002e-05,0.004579599481076002,1.3845078683516476e-07
radial,15,19.000000837776398,0.1080000028014183,0.13680000603199005,294.40972900390625,0.0003599540505092591,0.17114078998565674,6.389871123246849e-05,0.004573209676891565,1.378321741185573e-07
radial,15,19.611111945576138,0.1080000028014183,0.1412000060081482,294.4169921875,0.000358109682565555,0.17092223465442657,6.365380249917507e-05,0.004567266441881657,1.3729339798373985e-07
radial,15,20.22222305337588,0.1080000028014183,0.14560000598430634,294.4239807128906,0.00035650283098220825,0.17072004079818726,6.344398570945486e-05,0.004561767913401127,1.368274524793378e-07
radial,15,20.83333416117562,0.1080000028014183,0.15000000596046448,294.4306640625,0.000355110241798684,0.17053410410881042,6.32663577562198e-05,0.00455670990049839,1.3642832641380664e-07
radial,15,21.444445268975365,0.1080000028014183,0.15440000593662262,294.43707275390625,0.0003539118333719671,0.1703641712665558,6.311832839855924e-05,0.004552084486931562,1.3609084703603003e-07
radial,15,22.055556376775108,0.1080000028014183,0.15880000591278076,294.4431457519531,0.0003528898523654789,0.17020997405052185,6.299758388195187e-05,0.004547883290797472,1.3581042423993495e-07
radial,15,22.666667484574848,0.1080000028014183,0.1632000058889389,294.44891357421875,0.00035202878643758595,0.1700710654258728,6.29020796623081e-05,0.0045440951362252235,1.355831216187653e-07
radial,15,23.27777859237459,0.1080000028014183,0.16760000586509705,294.45428466796875,0.0003513151314109564,0.16994701325893402,6.283004768192768e-05,0.004540706519037485,1.3540555698909884e-07
radial,15,23.88888970017433,0.1080000028014183,0.1720000058412552,294.4593505859375,0.0003507372457534075,0.16983720660209656,6.278001819737256e-05,0.004537702538073063,1.3527488817999256e-07
radial,15,24.500000807974075,0.1080000028014183,0.17640000581741333,294.4640808105469,0.0003502853505779058,0.16974098980426788,6.275083433138207e-05,0.004535065032541752,1.3518879882212786e-07
radial,15,25.111111915773815,0.1080000028014183,0.18080000579357147,294.4684753417969,0.00034995091846212745,0.16965755820274353,6.274154293350875e-05,0.004532773047685623,1.3514522834157106e-07
radial,15,25.72222302357356,0.1080000028014183,0.18520000576972961,294.4725341796875,0.000349725887645036,0.16958601772785187,6.275112536968663e-05,0.004530802369117737,1.3514193142327713e-07
radial,15,26.3333341313733,0.1080000028014183,0.18960000574588776,294.4762878417969,0.00034960091579705477,0.16952544450759888,6.27780391369015e-05,0.00452912924811244,1.3517549746211444e-07
radial,15,26.944445239173042,0.1080000028014183,0.1940000057220459,294.4797058105469,0.0003495629061944783,0.16947506368160248,6.281943205976859e-05,0.0045277331955730915,1.3524004316423088e-07
radial,15,27.555556346972786,0.1080000028014183,0.19840000569820404,294.4827575683594,0.0003495923592709005,0.1694343388080597,6.287035648711026e-05,0.004526601638644934,1.3532583409414656e-07
radial,15,28.166667454772526,0.1080000028014183,0.20280000567436218,294.48529052734375,0.0003496602876111865,0.16940340399742126,6.292287434916943e-05,0.00452573923394084,1.3541750831791433e-07
radial,15,28.77777856257227,0.1080000028014183,0.20720000565052032,294.4871520996094,0.00034973345464095473,0.16938245296478271,6.296799256233498e-05,0.004525151569396257,1.354977854362005e-07
radial,15,29.38888967037201,0.1080000028014183,0.21160000562667847,294.4881286621094,0.00034976686583831906,0.16937270760536194,6.299346568994224e-05,0.004524871241301298,1.35543317014708e-07
radial,15,30.000000778171753,0.1080000028014183,0.2160000056028366,294.66741943359375,0.0003677016939036548,0.16624051332473755,6.60718505969271e-05,0.004443081561475992,1.4247711987991352e-07
radial,30,0.0,0.2160000056028366,0.0,302.6753845214844,0.003234907053411007,0.12412233650684357,0.000321393134072423,0.0034515312872827053,7.706980795774143e-07
radial,30,0.062499998926392034,0.2160000056028366,0.00044999999227002263,302.67388916015625,0.0032341969199478626,0.12412194907665253,0.00032133166678249836,0.003451497992500663,7.705315283601522e-07
radial,30,0.12499999785278407,0.2160000056028366,0.0008999999845400453,302.6694641113281,0.0032320718746632338,0.12412069737911224,0.00032115052454173565,0.0034513953141868114,7.700410833422211e-07
radial,30,0.18750000486357346,0.2160000056028366,0.0013500000350177288,302.66217041015625,0.003228600602596998,0.12411859631538391,0.0003208599810022861,0.003451224882155657,7.692552799198893e-07
radial,30,0.24999999570556813,0.2160000056028366,0.0017999999690800905,302.652099609375,0.003223791718482971,0.12411569058895111,0.00032046280102804303,0.003450988791882992,7.681814508941898e-07
radial,30,0.31249998654756284,0.2160000056028366,0.0022499999031424522,302.63922119140625,0.0032176608219742775,0.12411201000213623,0.0003199600032530725,0.0034506870433688164,7.668229500268353e-07
radial,30,0.3750000097271469,0.2160000056028366,0.0027000000700354576,302.62353515625,0.0032102030236274004,0.12410753965377808,0.0003193511220160872,0.003450320102274418,7.651784699191921e-07
radial,30,0.43750000056914157,0.2160000056028366,0.0031500000040978193,302.60479736328125,0.003201288403943181,0.12410220503807068,0.00031862533069215715,0.0034498809836804867,7.632188498973846e-07
radial,30,0.49999999141113627,0.2160000056028366,0.003599999938160181,302.583251953125,0.0031910589896142483,0.12409606575965881,0.00031779392156749964,0.0034493757411837578,7.609747854075977e-07
radial,30,0.5347222193247743,0.2160000056028366,0.0038499999791383743,302.5703430175781,0.003184935078024864,0.12409238517284393,0.0003172991855535656,0.003449072828516364,7.596402156195836e-07
radial,30,0.5752314528864291,0.2160000056028366,0.0041416664607822895,302.55426025390625,0.0031773154623806477,0.12408783286809921,0.00031668684096075594,0.0034486958757042885,7.579889143016771e-07
radial,30,0.6157407511232628,0.2160000056028366,0.004433333408087492,302.5369567871094,0.003169112838804722,0.12408294528722763,0.0003160280757583678,0.0034482902847230434,7.562127848359523e-07
radial,30,0.6562499846849177,0.2160000056028366,0.004724999889731407,302.51861572265625,0.0031604194082319736,0.12407779693603516,0.00031533074798062444,0.0034478604793548584,7.543332003479009e-07
radial,30,0.6967592829217514,0.2160000056028366,0.00501666683703661,302.4991149902344,0.0031511844135820866,0.1240723580121994,0.0003145908412989229,0.0034474050626158714,7.523391332142637e-07
radial,30,0.7372685164834063,0.2160000056028366,0.005308333318680525,302.4783935546875,0.003141365246847272,0.12406660616397858,0.00031380471773445606,0.0034469207748770714,7.5022114742751e-07
radial,30,0.7777777500450611,0.2160000056028366,0.00559999980032444,302.4565734863281,0.003131023608148098,0.12406057864427567,0.00031297726673074067,0.0034464113414287567,7.479923169739777e-07
radial,30,0.8182870482818948,0.2160000056028366,0.0058916667476296425,302.43365478515625,0.0031201797537505627,0.12405428290367126,0.00031211005989462137,0.003445877693593502,7.456569619535003e-07
radial,30,0.8587962818435497,0.2160000056028366,0.006183333229273558,302.4096984863281,0.0031088367104530334,0.12404773384332657,0.0003112033591605723,0.003445320064201951,7.432158781739417e-07
radial,30,0.8993055800803834,0.2160000056028366,0.00647500017657876,302.38470458984375,0.003097006119787693,0.12404094636440277,0.00031025795033201575,0.0034447391517460346,7.406713393720565e-07
radial,30,0.9398148136420382,0.2160000056028366,0.006766666658222675,302.3587341308594,0.00308469426818192,0.12403391301631927,0.00030927444458939135,0.00344413542188704,7.380249371635728e-07
radial,30,0.9803240472036931,0.2160000056028366,0.0070583331398665905,302.33172607421875,0.003071905579417944,0.12402665615081787,0.0003082531038671732,0.0034435088746249676,7.352774673563545e-07
radial,30,1.0208334101157057,0.2160000056028366,0.00735000055283308,302.3037109375,0.003058644011616707,0.12401918321847916,0.00030719416099600494,0.0034428599756211042,7.324297257582657e-07
radial,30,1.0613425790021818,0.2160000056028366,0.007641666568815708,302.27471923828125,0.003044918179512024,0.12401150166988373,0.00030609837267547846,0.0034421896561980247,7.294837018889666e-07
radial,30,1.1018518772390153,0.2160000056028366,0.00793333351612091,302.2447814941406,0.003030732274055481,0.12400361895561218,0.00030496600084006786,0.0034414981491863728,7.264403052431589e-07
radial,30,1.1423611754758491,0.2160000056028366,0.008225000463426113,302.2138671875,0.0030160932801663876,0.12399554997682571,0.00030379759846255183,0.003440785687416792,7.233009569063142e-07
radial,30,1.1828703443623252,0.2160000056028366,0.008516666479408741,302.1822509765625,0.0030011190101504326,0.12398737668991089,0.00030260253697633743,0.003440058557316661,7.200911227300821e-07
radial,30,1.2233796425991588,0.2160000056028366,0.008808333426713943,302.1500244140625,0.0029858751222491264,0.12397913634777069,0.0003013861714862287,0.0034393202513456345,7.16824956725759e-07
radial,30,1.2638889408359926,0.2160000056028366,0.009100000374019146,302.1168212890625,0.002970149740576744,0.12397073209285736,0.000300131447147578,0.0034385602921247482,7.134570978450938e-07
radial,30,1.3124999693698354,0.2160000056028366,0.009449999779462814,302.07568359375,0.002950647845864296,0.12396043539047241,0.0002985745668411255,0.0034376210533082485,7.09279674993013e-07
radial,30,1.3518518406069941,0.2160000056028366,0.009733333252370358,302.04180908203125,0.00293460744433105,0.12395207583904266,0.0002972940565086901,0.003436850383877754,7.058450819386053e-07
radial,30,1.391203711844153,0.2160000056028366,0.0100166667252779,302.0071716308594,0.002918210346251726,0.12394362688064575,0.00029598583932965994,0.003436065511777997,7.02337615621218e-07
radial,30,1.4305555830813117,0.2160000056028366,0.010300000198185444,301.97125244140625,0.002901199273765087,0.12393499165773392,0.00029462878592312336,0.0034352531656622887,6.987004894654092e-07
radial,30,1.4699074543184705,0.2160000056028366,0.010583333671092987,301.9343566894531,0.002883722772821784,0.12392623722553253,0.0002932345378212631,0.003434421494603157,6.949651947252278e-07
radial,30,1.5092591962052717,0.2160000056028366,0.010866666212677956,301.8968200683594,0.0028659342788159847,0.12391743063926697,0.00029181526042521,0.0034335774835199118,6.911644732099376e-07
radial,30,1.5486110674424305,0.2160000056028366,0.011149999685585499,301.8585205078125,0.0028477900195866823,0.12390860915184021,0.0002903674612753093,0.0034327195025980473,6.872889457554265e-07
radial,30,1.5879629386795893,0.2160000056028366,0.011433333158493042,301.8197937011719,0.002829465549439192,0.12389983236789703,0.0002889050811063498,0.0034318561665713787,6.833762995483994e-07
radial,30,1.627314809916748,0.2160000056028366,0.011716666631400585,301.7812805175781,0.0028112200088799,0.12389122694730759,0.00028744887094944715,0.0034309998154640198,6.794819000788266e-07
radial,30,1.6666666811539068,0.2160000056028366,0.012000000104308128,301.7421875,0.0027927022892981768,0.12388265132904053,0.0002859708038158715,0.0034301336854696274,6.755308277206495e-07
radial,30,1.746031792006559,0.2160000056028366,0.012571428902447224,301.6599426269531,0.0027536966372281313,0.12386508285999298,0.00028284918516874313,0.0034283220302313566,6.67191898173769e-07
radial,30,1.825396644158496,0.2160000056028366,0.01314285583794117,301.5749206542969,0.002713332185521722,0.12384757399559021,0.0002796074259094894,0.003426463110372424,6.585402161363163e-07
radial,30,1.9047618843615055,0.2160000056028366,0.01371428556740284,301.48834228515625,0.0026721975300461054,0.12383048236370087,0.0002762975636869669,0.0034245862625539303,6.497158437923645e-07
radial,30,1.9841268658638,0.2160000056028366,0.01428571343421936,301.39971923828125,0.0026300852186977863,0.12381390482187271,0.00027290332945995033,0.0034226863645017147,6.406767170119565e-07
radial,30,2.0634921060668097,0.2160000056028366,0.01485714316368103,301.3091125488281,0.0025870180688798428,0.12379801273345947,0.00026942655676975846,0.003420768305659294,6.314289180409105e-07
radial,30,2.142857087569104,0.2160000056028366,0.015428571030497551,301.2171325683594,0.0025432968977838755,0.12378303706645966,0.00026589148910716176,0.0034188474528491497,6.220381010280107e-07
radial,30,2.2222223277721143,0.2160000056028366,0.01600000075995922,301.123779296875,0.0024989277590066195,0.12376907467842102,0.00026229850482195616,0.0034169270657002926,6.125061986494984e-07
radial,30,2.301587309274409,0.2160000056028366,0.01657142862677574,301.02899169921875,0.002453872701153159,0.1237562745809555,0.0002586445480119437,0.0034150094725191593,6.028262760082725e-07
radial,30,2.3809522907767033,0.2160000056028366,0.017142856493592262,300.9332275390625,0.002408371539786458,0.1237449049949646,0.00025494900182820857,0.0034131091088056564,5.930507995799417e-07
radial,30,2.460317530979713,0.2160000056028366,0.017714286223053932,300.8369445800781,0.002362609840929508,0.12373506277799606,0.0002512266510166228,0.0034112357534468174,5.832201850353158e-07
radial,30,2.5396825124820075,0.2160000056028366,0.018285714089870453,300.7394104003906,0.0023162751458585262,0.12372678518295288,0.0002474516222719103,0.003409377299249172,5.732674708269769e-07
radial,30,2.619047493984302,0.2160000056028366,0.018857141956686974,300.64093017578125,0.0022695129737257957,0.1237201988697052,0.0002436353242956102,0.0034075432922691107,5.632240913655551e-07
radial,30,2.6984127341873116,0.2160000056028366,0.019428571686148643,300.5440673828125,0.0022235121577978134,0.12371564656496048,0.0002398747019469738,0.0034057837910950184,5.533459557227616e-07
radial,30,2.777777715689606,0.2160000056028366,0.019999999552965164,300.4483642578125,0.002178115537390113,0.12371333688497543,0.0002361566002946347,0.0034040994942188263,5.435995262814686e-07
radial,30,2.941176450500886,0.2160000056028366,0.021176470443606377,300.2502746582031,0.0020839953795075417,0.12371587753295898,0.00022841380268801004,0.0034007809590548277,5.233722504272009e-07
radial,30,3.1045751853121653,0.2160000056028366,0.02235294133424759,300.0543518066406,0.001990864286199212,0.12372874468564987,0.00022070427075959742,0.003397743683308363,5.033308525526081e-07
radial,30,3.2679739201234446,0.2160000056028366,0.0235294122248888,299.8647155761719,0.0019008773379027843,0.12375308573246002,0.00021321327949408442,0.0033950936049222946,4.839561711378337e-07
radial,30,3.4313726549347243,0.2160000056028366,0.024705883115530014,299.6808776855469,0.0018138224259018898,0.12379007041454315,0.0002059251710306853,0.0033928528428077698,4.6520472096744925e-07
radial,30,3.5947711310452886,0.2160000056028366,0.025882352143526077,299.50238037109375,0.0017295337747782469,0.12384039163589478,0.00019882696506101638,0.0033910339698195457,4.470438170756097e-07
radial,30,3.7581698658565683,0.2160000056028366,0.02705882303416729,299.33038330078125,0.0016486156964674592,0.12390464544296265,0.00019197010260540992,0.0033896761015057564,4.29604995133559e-07
radial,30,3.9215686006678476,0.2160000056028366,0.028235293924808502,299.1650085449219,0.0015711801825091243,0.12398351728916168,0.00018536398420110345,0.0033888020552694798,4.129105661832e-07
radial,30,4.084967335479127,0.2160000056028366,0.029411764815449715,299.00677490234375,0.001497464720159769,0.12407706677913666,0.00017902867693919688,0.003388424403965473,3.970073407799646e-07
radial,30,4.248366070290406,0.2160000056028366,0.030588235706090927,298.8563232421875,0.0014278055168688297,0.12418488413095474,0.00017299273167736828,0.0033885487355291843,3.81960973072637e-07
radial,30,4.411764546400971,0.2160000056028366,0.03176470473408699,298.7139587402344,0.001362347393296659,0.1243065744638443,0.0001672685466473922,0.0033891736529767513,3.67794427802437e-07
radial,30,4.575163539912966,0.2160000056028366,0.03294117748737335,298.5797119140625,0.0013010997790843248,0.12444150447845459,0.00016185722779482603,0.003390286583453417,3.545008269156824e-07
radial,30,4.73856201602353,0.2160000056028366,0.034117646515369415,298.453369140625,0.0012439623242244124,0.1245889961719513,0.00015675037866458297,0.0033918695989996195,3.4204904864054697e-07
radial,30,4.901961009535524,0.2160000056028366,0.03529411926865578,298.335205078125,0.0011910301400348544,0.12474747002124786,0.00015195805463008583,0.003393889404833317,3.304522806502064e-07
radial,30,5.065359485646089,0.2160000056028366,0.03647058829665184,298.22625732421875,0.0011427139397710562,0.12491382658481598,0.00014752091374248266,0.003396284766495228,3.1979635650714044e-07
radial,30,5.228757961756654,0.2160000056028366,0.0376470573246479,298.1207275390625,0.0010964124230667949,0.12509557604789734,0.00014320059563033283,0.003399149514734745,3.0950093332648976e-07
radial,30,5.392156955268648,0.2160000056028366,0.038823530077934265,298.0083923339844,0.0010476824827492237,0.12531106173992157,0.0001385807991027832,0.0034027830697596073,2.985743776662275e-07
radial,30,5.555555431379212,0.2160000056028366,0.03999999910593033,297.8994140625,0.0010010127443820238,0.1255406141281128,0.0001340976159553975,0.0034068541135638952,2.880482838918397e-07
radial,30,6.166666539178954,0.2160000056028366,0.04439999908208847,297.590087890625,0.0008721017511561513,0.126307874917984,0.00012151097325840965,0.0034214770421385765,2.58962614907432e-07
radial,30,6.777777646978697,0.2160000056028366,0.04879999905824661,297.3695068359375,0.0007848801324144006,0.12700538337230682,0.0001127651848946698,0.003435896709561348,2.3934603632369544e-07
radial,30,7.3888887547784385,0.2160000056028366,0.053199999034404755,297.186767578125,0.0007163435220718384,0.12769755721092224,0.00010571380698820576,0.003450901946052909,2.2389491505236947e-07
radial,30,7.99999986257818,0.2160000056028366,0.0575999990105629,297.0345764160156,0.0006622583605349064,0.12836578488349915,0.00010002417548093945,0.0034658689983189106,2.11651013160008e-07
radial,30,8.611110970377922,0.2160000056028366,0.06199999898672104,296.9106750488281,0.00062045908998698,0.12897883355617523,9.554346615914255e-05,0.003479916136711836,2.021608054292301e-07
radial,30,9.222222078177664,0.2160000056028366,0.06639999896287918,296.80950927734375,0.0005878166412003338,0.12952448427677155,9.199031046591699e-05,0.003492601914331317,1.9473893075883097e-07
radial,30,9.833333185977406,0.2160000056028366,0.07079999893903732,296.7265930175781,0.0005619954317808151,0.12999822199344635,8.91448580659926e-05,0.0035037118941545486,1.8887118358179578e-07
radial,30,10.444444293777147,0.2160000056028366,0.07519999891519547,296.6578369140625,0.0005411721067503095,0.13040615618228912,8.682742191012949e-05,0.0035133277997374535,1.8415060765164526e-07
radial,30,11.05555540157689,0.2160000056028366,0.07959999889135361,296.6000671386719,0.0005240584723651409,0.13075804710388184,8.490750042255968e-05,0.00352164963260293,1.8028681836312899e-07
radial,30,11.666666509376633,0.2160000056028366,0.08399999886751175,296.55096435546875,0.0005097612156532705,0.1310635209083557,8.329276170115918e-05,0.003528888337314129,1.7707732524741004e-07
radial,30,12.277777617176374,0.2160000056028366,0.08839999884366989,296.5086975097656,0.0004976538475602865,0.1313306987285614,8.191747474484146e-05,0.0035352297127246857,1.743795365882761e-07
radial,30,12.888888724976116,0.2160000056028366,0.09279999881982803,296.4720153808594,0.00048728621914051473,0.13156621158123016,8.073379285633564e-05,0.0035408264957368374,1.7209043789989664e-07
radial,30,13.499999832775858,0.2160000056028366,0.09719999879598618,296.43988037109375,0.00047832587733864784,0.13177528977394104,7.970612205099314e-05,0.0035458006896078587,1.7013354636219447e-07
radial,30,14.1111109405756,0.2160000056028366,0.10159999877214432,296.41156005859375,0.00047052139416337013,0.1319621056318283,7.880731573095545e-05,0.003550250083208084,1.6844833794493752e-07
radial,30,14.722223083178203,0.2160000056028366,0.10600000619888306,296.3865051269531,0.0004636781523004174,0.1321299970149994,7.801622268743813e-05,0.0035542529076337814,1.669863820552564e-07
radial,30,15.333333156175083,0.2160000056028366,0.1103999987244606,296.3641357421875,0.0004576433275360614,0.13228172063827515,7.731612276984379e-05,0.003557873424142599,1.6570876937294088e-07
radial,30,15.944444263974827,0.2160000056028366,0.11479999870061874,296.3441162109375,0.0004522949457168579,0.1324194073677063,7.669358456041664e-05,0.0035611633211374283,1.6456846196888364e-07
radial,30,16.555555371774567,0.2160000056028366,0.11919999867677689,296.3261413574219,0.00044753466499969363,0.1325448900461197,7.613777415826917e-05,0.003564164973795414,1.6353072851416073e-07
radial,30,17.16666647957431,0.2160000056028366,0.12359999865293503,296.3099060058594,0.00044328259536996484,0.13265959918498993,7.563976396340877e-05,0.0035669123753905296,1.6258125867807394e-07
radial,30,17.777778622176914,0.2160000056028366,0.12800000607967377,296.29522705078125,0.00043947313679382205,0.13276472687721252,7.519227801822126e-05,0.0035694329999387264,1.6170763217360218e-07
radial,30,18.388889729976654,0.2160000056028366,0.1324000060558319,296.2819519042969,0.0004360523307695985,0.13286122679710388,7.478928455384448e-05,0.0035717496648430824,1.609022319826181e-07
radial,30,19.000000837776398,0.2160000056028366,0.13680000603199005,296.2698669433594,0.00043297529919072986,0.13294988870620728,7.442581409122795e-05,0.0035738812293857336,1.6015854953366215e-07
radial,30,19.611111945576138,0.2160000056028366,0.1412000060081482,296.2589111328125,0.0004302046727389097,0.13303136825561523,7.409771205857396e-05,0.003575841896235943,1.5947182419040473e-07
radial,30,20.22222305337588,0.2160000056028366,0.14560000598430634,296.24896240234375,0.0004277090192772448,0.13310618698596954,7.38015296519734e-05,0.003577644471079111,1.588379916483973e-07
radial,30,20.83333416117562,0.2160000056028366,0.15000000596046448,296.23992919921875,0.0004254619707353413,0.13317477703094482,7.353435648838058e-05,0.003579299198463559,1.5825453658635524e-07
radial,30,21.444445268975365,0.2160000056028366,0.15440000593662262,296.23175048828125,0.0004234409425407648,0.13323751091957092,7.329373329412192e-05,0.003580814227461815,1.577211037329107e-07
radial,30,22.055556376775108,0.2160000056028366,0.15880000591278076,296.2243347167969,0.00042162672616541386,0.1332947313785553,7.307751366170123e-05,0.0035821967758238316,1.572369683344732e-07
radial,30,22.666667484574848,0.2160000056028366,0.1632000058889389,296.2176818847656,0.00042000279063358903,0.13334667682647705,7.288387132575735e-05,0.0035834533628076315,1.567999561302713e-07
radial,30,23.27777859237459,0.2160000056028366,0.16760000586509705,296.2117004394531,0.00041855467134155333,0.13339361548423767,7.271115464391187e-05,0.003584589809179306,1.564074096904733e-07
radial,30,23.88888970017433,0.2160000056028366,0.1720000058412552,296.20635986328125,0.0004172698245383799,0.13343577086925507,7.255789387272671e-05,0.0035856112372130156,1.5605685632635868e-07
radial,30,24.500000807974075,0.2160000056028366,0.17640000581741333,296.20159912109375,0.0004161373362876475,0.13347333669662476,7.242277933983132e-05,0.003586521837860346,1.5574599387946364e-07
radial,30,25.111111915773815,0.2160000056028366,0.18080000579357147,296.19744873046875,0.00041514780605211854,0.13350647687911987,7.230468327179551e-05,0.0035873265005648136,1.554728186192733e-07
radial,30,25.72222302357356,0.2160000056028366,0.18520000576972961,296.19378662109375,0.0004142933466937393,0.13353535532951355,7.220267434604466e-05,0.0035880273208022118,1.5523562524322188e-07
radial,30,26.3333341313733,0.2160000056028366,0.18960000574588776,296.19073486328125,0.000413567409850657,0.13356006145477295,7.211601769085974e-05,0.0035886275582015514,1.550329926658378e-07
radial,30,26.944445239173042,0.2160000056028366,0.1940000057220459,296.1881408691406,0.00041296478593721986,0.13358063995838165,7.204413850558922e-05,0.00358912767842412,1.5486376980788918e-07
radial,30,27.555556346972786,0.2160000056028366,0.19840000569820404,296.1860656738281,0.0004124813713133335,0.13359712064266205,7.198659295681864e-05,0.0035895276814699173,1.5472699033125537e-07
radial,30,28.166667454772526,0.2160000056028366,0.20280000567436218,296.18450927734375,0.0004121138190384954,0.13360941410064697,7.194303179858252e-05,0.003589825239032507,1.5462174474123458e-07
radial,30,28.77777856257227,0.2160000056028366,0.20720000565052032,296.1834716796875,0.00041185866575688124,0.1336173564195633,7.191305485321209e-05,0.0035900152288377285,1.5454682511517603e-07
radial,30,29.38888967037201,0.2160000056028366,0.21160000562667847,296.182861328125,0.00041171268094331026,0.1336224377155304,7.18962837709114e-05,0.003590137232095003,1.545013503800874e-07
radial,30,30.000000778171753,0.2160000056028366,0.2160000056028366,296.30303955078125,0.0004216749221086502,0.13166974484920502,7.406855729641393e-05,0.0035406765528023243,1.6045331108216487e-07
radial,45,0.0,0.3240000009536743,0.0,297.420166015625,0.0004277137340977788,0.1054597944021225,7.359306619036943e-05,0.0028475946746766567,1.4681606330668728e-07
radial,45,0.062499998926392034,0.3240000009536743,0.00044999999227002263,297.420166015625,0.00042771335574798286,0.10545990616083145,7.359310984611511e-05,0.002847597235813737,1.4681603488497785e-07
radial,45,0.12499999785278407,0.3240000009536743,0.0008999999845400453,297.420166015625,0.0004277123080100864,0.10546021163463593,7.359324808930978e-05,0.0028476056177169085,1.4681596383070428e-07
radial,45,0.18750000486357346,0.3240000009536743,0.0013500000350177288,297.4201354980469,0.0004277106490917504,0.10546071827411652,7.359347364399582e-05,0.0028476191218942404,1.4681586435472127e-07
radial,45,0.24999999570556813,0.3240000009536743,0.0017999999690800905,297.4200744628906,0.0004277083498891443,0.10546143352985382,7.359378651017323e-05,0.0028476379811763763,1.4681572224617412e-07
radial,45,0.31249998654756284,0.3240000009536743,0.0022499999031424522,297.4200134277344,0.00042770535219460726,0.10546234250068665,7.359420123975724e-05,0.002847661729902029,1.468155232942081e-07
radial,45,0.3750000097271469,0.3240000009536743,0.0027000000700354576,297.4200134277344,0.0004277018888387829,0.1054627001285553,7.359390292549506e-05,0.002847670577466488,1.4681519644454966e-07
radial,45,0.43750000056914157,0.3240000009536743,0.0031500000040978193,297.4201354980469,0.00042770133586600423,0.10546219348907471,7.359363371506333e-05,0.0028476547449827194,1.468169301688249e-07
radial,45,0.49999999141113627,0.3240000009536743,0.003599999938160181,297.4202575683594,0.000427703169407323,0.10546167194843292,7.359416485996917e-05,0.002847638912498951,1.468204828825037e-07
radial,45,0.5347222193247743,0.3240000009536743,0.0038499999791383743,297.4203186035156,0.00042770354775711894,0.10546157509088516,7.359452138189226e-05,0.0028476351872086525,1.4682217397421482e-07
radial,45,0.5752314528864291,0.3240000009536743,0.0041416664607822895,297.42034912109375,0.000427703489549458,0.10546160489320755,7.359497249126434e-05,0.002847634954378009,1.4682395033105422e-07
radial,45,0.6157407511232628,0.3240000009536743,0.004433333408087492,297.4203796386719,0.0004277029074728489,0.10546179115772247,7.359546725638211e-05,0.0028476384468376637,1.468255277359276e-07
radial,45,0.6562499846849177,0.3240000009536743,0.004724999889731407,297.4203796386719,0.0004277018888387829,0.10546211898326874,7.359600567724556e-05,0.0028476458974182606,1.4682696303225384e-07
radial,45,0.6967592829217514,0.3240000009536743,0.00501666683703661,297.42047119140625,0.0004276981926523149,0.10546175390481949,7.359615847235546e-05,0.002847634255886078,1.4682839832858008e-07
radial,45,0.7372685164834063,0.3240000009536743,0.005308333318680525,297.4206848144531,0.00042770017171278596,0.10546024143695831,7.359670416917652e-05,0.0028475907165557146,1.4683256210901163e-07
radial,45,0.7777777500450611,0.3240000009536743,0.00559999980032444,297.4209899902344,0.00042770308209583163,0.1054576188325882,7.359857409028336e-05,0.0028475166764110327,1.4684015070542955e-07
radial,45,30.000000778171753,0.3240000009536743,0.2160000056028366,297.2693786621094,0.0004106703563593328,0.10845732688903809,7.2582668508403e-05,0.0029254790861159563,1.46889178154197e-07
radial,45,29.38888967037201,0.3240000009536743,0.21160000562667847,297.21221923828125,0.0004036801401525736,0.10912617295980453,7.084530807333067e-05,0.002941685728728771,1.4411313031814643e-07
radial,45,28.77777856257227,0.3240000009536743,0.20720000565052032,297.2126770019531,0.0004037130856886506,0.10911685228347778,7.084881508490071e-05,0.002941441722214222,1.4411631354960264e-07
radial,45,28.166667454772526,0.3240000009536743,0.20280000567436218,297.2135009765625,0.00040377138066105545,0.10910236835479736,7.085529796313494e-05,0.0029410640709102154,1.4412262316909619e-07
radial,45,27.555556346972786,0.3240000009536743,0.19840000569820404,297.2145690917969,0.00040385706233792007,0.1090824231505394,7.086498953867704e-05,0.0029405446257442236,1.4413242865884968e-07
radial,45,26.944445239173042,0.3240000009536743,0.1940000057220459,297.2159729003906,0.00040397088741883636,0.10905690491199493,7.087797712301835e-05,0.0029398801270872355,1.4414585791655554e-07
radial,45,26.3333341313733,0.3240000009536743,0.18960000574588776,297.21771240234375,0.0004041131760459393,0.10902570188045502,7.089427526807413e-05,0.0029390682466328144,1.4416291094221378e-07
radial,45,25.72222302357356,0.3240000009536743,0.18520000576972961,297.2197265625,0.00040428421925753355,0.10898882150650024,7.091392762959003e-05,0.002938109217211604,1.441835877358244e-07
radial,45,25.111111915773815,0.3240000009536743,0.18080000579357147,297.2220764160156,0.0004044844536110759,0.10894624888896942,7.09369414835237e-05,0.00293700210750103,1.4420793092995154e-07
radial,45,24.500000807974075,0.3240000009536743,0.17640000581741333,297.22479248046875,0.0004047142865601927,0.10889799892902374,7.096337503753603e-05,0.0029357478488236666,1.4423595473544992e-07
radial,45,23.88888970017433,0.3240000009536743,0.1720000058412552,297.2278137207031,0.00040497409645467997,0.1088440865278244,7.099325011949986e-05,0.002934347139671445,1.4426765915231954e-07
radial,45,23.27777859237459,0.3240000009536743,0.16760000586509705,297.23114013671875,0.00040526429074816406,0.10878457129001617,7.102660310920328e-05,0.0029328009113669395,1.4430311523483397e-07
radial,45,22.666667484574848,0.3240000009536743,0.1632000058889389,297.23480224609375,0.0004055853351019323,0.10871949791908264,7.106346311047673e-05,0.0029311105608940125,1.4434229456128378e-07
radial,45,22.055556376775108,0.3240000009536743,0.15880000591278076,297.23876953125,0.00040593763696961105,0.10864895582199097,7.110388105502352e-05,0.002929278649389744,1.4438526818594255e-07
radial,45,21.444445268975365,0.3240000009536743,0.15440000593662262,297.2430725097656,0.0004063216329086572,0.10857303440570831,7.114784966688603e-05,0.002927307737991214,1.4443209295222914e-07
radial,45,20.83333416117562,0.3240000009536743,0.15000000596046448,297.2476501464844,0.00040673770126886666,0.10849183052778244,7.119542715372518e-05,0.0029251999221742153,1.4448278307099827e-07
radial,45,20.22222305337588,0.3240000009536743,0.14560000598430634,297.2525634765625,0.0004071862204000354,0.1084054633975029,7.124659896362573e-05,0.002922958927229047,1.4453742380737822e-07
radial,45,19.611111945576138,0.3240000009536743,0.1412000060081482,297.2577819824219,0.0004076675104442984,0.10831406712532043,7.130137964850292e-05,0.002920588245615363,1.445960293722237e-07
radial,45,19.000000837776398,0.3240000009536743,0.13680000603199005,297.2632751464844,0.00040818186243996024,0.10821780562400818,7.135977648431435e-05,0.0029180918354541063,1.446586566089536e-07
radial,45,18.388889729976654,0.3240000009536743,0.1324000060558319,297.2690734863281,0.0004087296547368169,0.10811685025691986,7.142177491914481e-05,0.002915474586188793,1.4472544762611506e-07
radial,45,17.777778622176914,0.3240000009536743,0.12800000607967377,297.275146484375,0.00040931100375019014,0.1080114096403122,7.148735312512144e-05,0.002912742318585515,1.447964308454175e-07
radial,45,17.16666647957431,0.3240000009536743,0.12359999865293503,297.281494140625,0.00040992602589540184,0.10790170729160309,7.155648927437142e-05,0.0029099006205797195,1.4487171995369863e-07
radial,45,16.555555371774567,0.3240000009536743,0.11919999867677689,297.2880859375,0.00041057466296479106,0.10778803378343582,7.16291178832762e-05,0.0029069571755826473,1.4495135758352262e-07
radial,45,15.944444263974827,0.3240000009536743,0.11479999870061874,297.294921875,0.0004112568567506969,0.10767069458961487,7.170518074417487e-05,0.0029039201326668262,1.450354574217272e-07
radial,45,15.333332121372223,0.3240000009536743,0.11039999127388,297.302001953125,0.0004119723162148148,0.10755003988742828,7.178459054557607e-05,0.0029007988050580025,1.4512404789002176e-07
radial,45,14.722222048375341,0.3240000009536743,0.10599999874830246,297.3092956542969,0.00041272048838436604,0.1074264869093895,7.186723814811558e-05,0.0028976043686270714,1.4521722846438934e-07
radial,45,14.1111109405756,0.3240000009536743,0.10159999877214432,297.3167724609375,0.0004135006165597588,0.10730050504207611,7.19529707566835e-05,0.0028943484649062157,1.453149849339752e-07
radial,45,13.499999832775858,0.3240000009536743,0.09719999879598618,297.32440185546875,0.000414311361964792,0.10717259347438812,7.204159192042425e-05,0.0028910450637340546,1.4541720361194166e-07
radial,45,12.888887690173256,0.3240000009536743,0.09279999136924744,297.3321533203125,0.0004151511238887906,0.10704335570335388,7.213286880869418e-05,0.002887710230425,1.455237281788868e-07
radial,45,12.277777617176374,0.3240000009536743,0.08839999884366989,297.3399963378906,0.00041601769044063985,0.10691345483064651,7.222648855531588e-05,0.0028843602631241083,1.4563433126113523e-07
radial,45,11.666666509376633,0.3240000009536743,0.08399999886751175,297.347900390625,0.000416908209444955,0.10678357630968094,7.232210191432387e-05,0.002881014021113515,1.4574857232219074e-07
radial,45,11.05555540157689,0.3240000009536743,0.07959999889135361,297.3558349609375,0.000417818664573133,0.10665448009967804,7.241924322443083e-05,0.002877691527828574,1.4586586871701002e-07
radial,45,10.44444532858001,0.3240000009536743,0.07520000636577606,297.36370849609375,0.00041874402086250484,0.10652700811624527,7.251731585711241e-05,0.0028744139708578587,1.459853109508913e-07
radial,45,9.833333185977406,0.3240000009536743,0.07079999893903732,297.3714904785156,0.00041967793367803097,0.1064019650220871,7.261559221660718e-05,0.0028712034691125154,1.4610577636631206e-07
radial,45,9.222222078177664,0.3240000009536743,0.06639999896287918,297.37908935546875,0.0004206124576739967,0.10628028959035873,7.271319918800145e-05,0.0028680830728262663,1.4622571598010836e-07
radial,45,8.611110970377922,0.3240000009536743,0.06199999898672104,297.386474609375,0.00042153854155912995,0.10616277158260345,7.280919089680538e-05,0.002865074435248971,1.463433534354408e-07
radial,45,7.99999986257818,0.3240000009536743,0.0575999990105629,297.3935852050781,0.0004224460863042623,0.10605008900165558,7.290244684554636e-05,0.0028621938545256853,1.464564718389738e-07
radial,45,7.3888887547784385,0.3240000009536743,0.053199999034404755,297.4002990722656,0.000423315679654479,0.10594376176595688,7.29909588699229e-05,0.0028594809118658304,1.4656147584446444e-07
radial,45,6.777777646978697,0.3240000009536743,0.04879999905824661,297.406494140625,0.00042413375922478735,0.10584414005279541,7.307330088224262e-05,0.002856944454833865,1.466550116901999e-07
radial,45,6.166666539178954,0.3240000009536743,0.04439999908208847,297.4122619628906,0.0004248973564244807,0.10575052350759506,7.31491090846248e-05,0.0028545663226395845,1.467350330131012e-07
radial,45,5.555555431379212,0.3240000009536743,0.03999999910593033,297.41729736328125,0.00042557489359751344,0.10566530376672745,7.32152839191258e-05,0.002852406818419695,1.4679646653803502e-07
radial,45,5.392156955268648,0.3240000009536743,0.038823530077934265,297.4185485839844,0.00042574034887365997,0.10564443469047546,7.323156023630872e-05,0.0028518789913505316,1.4681077686873323e-07
radial,45,5.228757961756654,0.3240000009536743,0.0376470573246479,297.4197082519531,0.00042590568773448467,0.10562409460544586,7.324814941966906e-05,0.0028513651341199875,1.4682592563985963e-07
radial,45,5.065359485646089,0.3240000009536743,0.03647058829665184,297.42083740234375,0.00042606942588463426,0.10560405254364014,7.326470222324133e-05,0.0028508591931313276,1.4684081861560117e-07
radial,45,4.901961009535524,0.3240000009536743,0.03529411926865578,297.4219970703125,0.0004262267902959138,0.10558490455150604,7.328071660595015e-05,0.0028503763023763895,1.468549584160428e-07
radial,45,4.73856201602353,0.3240000009536743,0.034117646515369415,297.42303466796875,0.0004263771988917142,0.10556676983833313,7.32961852918379e-05,0.002849919255822897,1.4686830240862037e-07
radial,45,4.575163539912966,0.3240000009536743,0.03294117748737335,297.42401123046875,0.00042652274714782834,0.10554935783147812,7.331130473176017e-05,0.002849481999874115,1.4688097849102633e-07
radial,45,4.411764546400971,0.3240000009536743,0.03176470473408699,297.4249572753906,0.0004266621544957161,0.1055326834321022,7.332595851039514e-05,0.0028490631375461817,1.4689278771129466e-07
radial,45,4.248366070290406,0.3240000009536743,0.030588235706090927,297.42584228515625,0.00042679489706642926,0.10551690310239792,7.334010297199711e-05,0.0028486677911132574,1.469036590151518e-07
radial,45,4.084967335479127,0.3240000009536743,0.029411764815449715,297.4266357421875,0.00042692135320976377,0.10550203919410706,7.335380360018462e-05,0.002848295960575342,1.4691369187858072e-07
radial,45,3.9215686006678476,0.3240000009536743,0.028235293924808502,297.4273376464844,0.000427041610237211,0.10548804700374603,7.336709677474573e-05,0.0028479471802711487,1.469228294581626e-07
radial,45,3.7581698658565683,0.3240000009536743,0.02705882303416729,297.4280090332031,0.0004271553480066359,0.10547486692667007,7.337995339185e-05,0.002847619354724884,1.4693092964535026e-07
radial,45,3.5947711310452886,0.3240000009536743,0.025882352143526077,297.4285888671875,0.00042726160609163344,0.10546247661113739,7.339231524383649e-05,0.0028473122511059046,1.4693775085561356e-07
radial,45,3.4313726549347243,0.3240000009536743,0.024705883115530014,297.42913818359375,0.00042735988972708583,0.10545098036527634,7.340416050283238e-05,0.002847028663381934,1.469432930889525e-07
radial,45,3.2679739201234446,0.3240000009536743,0.0235294122248888,297.4295959472656,0.00042744947131723166,0.10544054210186005,7.341541640926152e-05,0.0028467720840126276,1.4694749950194819e-07
radial,45,3.1045751853121653,0.3240000009536743,0.02235294133424759,297.429931640625,0.0004275304963812232,0.1054311990737915,7.342618482653052e-05,0.0028465441428124905,1.4695034167289123e-07
radial,45,2.941176450500886,0.3240000009536743,0.021176470443606377,297.4302062988281,0.00042760418727993965,0.10542284697294235,7.343666220549494e-05,0.002846342511475086,1.4695187644520047e-07
radial,45,2.777777715689606,0.3240000009536743,0.019999999552965164,297.4303894042969,0.00042766920523718,0.10541561990976334,7.344675395870581e-05,0.0028461699839681387,1.4695201855374762e-07
radial,45,2.6984127341873116,0.3240000009536743,0.019428571686148643,297.430419921875,0.00042769734864123166,0.1054125726222992,7.34514687792398e-05,0.0028460982721298933,1.4695169170408917e-07
radial,45,2.619047493984302,0.3240000009536743,0.018857141956686974,297.4304504394531,0.00042772371671162546,0.10540978610515594,7.34561835997738e-05,0.0028460335452109575,1.4695119432417414e-07
radial,45,2.5396825124820075,0.3240000009536743,0.018285714089870453,297.4304504394531,0.0004277483676560223,0.1054072454571724,7.346091297222301e-05,0.0028459748718887568,1.469503274620365e-07
radial,45,2.460317530979713,0.3240000009536743,0.017714286223053932,297.4304504394531,0.00042777086491696537,0.10540497303009033,7.34655768610537e-05,0.0028459234163165092,1.4694913375024043e-07
radial,45,2.3809522907767033,0.3240000009536743,0.017142856493592262,297.430419921875,0.0004277910920791328,0.10540300607681274,7.347018254222348e-05,0.0028458801098167896,1.469475989779312e-07
radial,45,2.301587309274409,0.3240000009536743,0.01657142862677574,297.4303283691406,0.0004278091946616769,0.10540135949850082,7.347476639552042e-05,0.002845845418050885,1.4694575156681822e-07
radial,45,2.2222223277721143,0.3240000009536743,0.01600000075995922,297.43023681640625,0.00042782517266459763,0.10540003329515457,7.347935752477497e-05,0.0028458191081881523,1.4694353467348265e-07
radial,45,2.142857087569104,0.3240000009536743,0.015428571030497551,297.4300842285156,0.00042783893877640367,0.10539903491735458,7.34839413780719e-05,0.002845801180228591,1.4694099093048862e-07
radial,45,2.0634921060668097,0.3240000009536743,0.01485714316368103,297.429931640625,0.0004278504056856036,0.10539840161800385,7.348856888711452e-05,0.0028457925654947758,1.46938077705272e-07
radial,45,1.9841268658638,0.3240000009536743,0.01428571343421936,297.42974853515625,0.0004278596315998584,0.10539811849594116,7.34932254999876e-05,0.0028457939624786377,1.469348092086875e-07
radial,45,1.9047618843615055,0.3240000009536743,0.01371428556740284,297.4295349121094,0.00042786638368852437,0.10539821535348892,7.349791121669114e-05,0.002845805138349533,1.4693118544073513e-07
radial,45,1.825396902859211,0.3240000009536743,0.013142857700586319,297.42926025390625,0.00042787095298990607,0.1053987443447113,7.350270607275888e-05,0.00284582725726068,1.4692724903397902e-07
radial,45,1.7460316626562014,0.3240000009536743,0.012571427971124649,297.428955078125,0.00042787319398485124,0.10539969801902771,7.350767555180937e-05,0.0028458614833652973,1.4692295735585503e-07
radial,45,1.6666666811539068,0.3240000009536743,0.012000000104308128,297.4286193847656,0.0004278728738427162,0.10540106147527695,7.351279782596976e-05,0.0028459064196795225,1.4691819671952544e-07
radial,45,1.627314809916748,0.3240000009536743,0.011716666631400585,297.42840576171875,0.0004278718261048198,0.1054018884897232,7.351535896304995e-05,0.002845932263880968,1.4691576666336914e-07
radial,45,1.5879629386795893,0.3240000009536743,0.011433333158493042,297.4282531738281,0.0004278701962903142,0.10540283471345901,7.351800741162151e-05,0.0028459616005420685,1.4691325134208455e-07
radial,45,1.5486110674424305,0.3240000009536743,0.011149999685585499,297.42803955078125,0.00042786795529536903,0.10540390759706497,7.352072861976922e-05,0.0028459944296628237,1.4691060812310752e-07
radial,45,1.5092591962052717,0.3240000009536743,0.010866666212677956,297.4278259277344,0.00042786504491232336,0.10540511459112167,7.352353713940829e-05,0.0028460307512432337,1.4690783700643806e-07
radial,45,1.4699074543184705,0.3240000009536743,0.010583333671092987,297.4276123046875,0.0004278614360373467,0.10540644079446793,7.352640386670828e-05,0.002846070332452655,1.469049806246403e-07
radial,45,1.4305555830813117,0.3240000009536743,0.010300000198185444,297.4273376464844,0.00042785724508576095,0.10540791600942612,7.352935790549964e-05,0.002846113871783018,1.4690201055600483e-07
radial,45,1.391203711844153,0.3240000009536743,0.0100166667252779,297.4270935058594,0.00042785232653841376,0.10540951788425446,7.353239197982475e-05,0.002846160903573036,1.4689895522224106e-07
radial,45,1.3518518406069941,0.3240000009536743,0.009733333252370358,297.42681884765625,0.0004278467677067965,0.10541126877069473,7.353552064159885e-05,0.0028462118934839964,1.4689580041249428e-07
radial,45,1.3124999693698354,0.3240000009536743,0.009449999779462814,297.426513671875,0.00042784051038324833,0.10541317611932755,7.353877299465239e-05,0.0028462670743465424,1.4689257454847393e-07
radial,45,1.2638889408359926,0.3240000009536743,0.009100000374019146,297.4261779785156,0.0004278317210264504,0.10541575402021408,7.354294211836532e-05,0.0028463411144912243,1.4688836813547823e-07
radial,45,1.2233796425991588,0.3240000009536743,0.008808333426713943,297.42584228515625,0.00042782354285009205,0.10541808605194092,7.35465728212148e-05,0.002846407936885953,1.4688475857838057e-07
radial,45,1.1828703443623252,0.3240000009536743,0.008516666479408741,297.4255065917969,0.00042781466618180275,0.10542061924934387,7.355034904321656e-05,0.002846479881554842,1.468810495452999e-07
radial,45,1.1423611754758491,0.3240000009536743,0.008225000463426113,297.4251403808594,0.00042780491639859974,0.10542335361242294,7.355430716415867e-05,0.0028465574141591787,1.468772126145268e-07
radial,45,1.1018518772390153,0.3240000009536743,0.00793333351612091,297.42474365234375,0.0004277942643966526,0.10542629659175873,7.355846173595637e-05,0.0028466410003602505,1.4687321936435183e-07
radial,45,1.0613425790021818,0.3240000009536743,0.007641666568815708,297.4243469238281,0.00042778276838362217,0.10542947798967361,7.356282731052488e-05,0.00284673017449677,1.4686911242733913e-07
radial,45,1.0208333454405267,0.3240000009536743,0.007350000087171793,297.42388916015625,0.0004277703701518476,0.10543288290500641,7.356741116382182e-05,0.0028468261007219553,1.4686489180348872e-07
radial,45,0.9803240472036931,0.3240000009536743,0.0070583331398665905,297.4234313964844,0.0004277570405974984,0.10543657094240189,7.357226422755048e-05,0.0028469290118664503,1.4686051486023644e-07
radial,45,0.9398148136420382,0.3240000009536743,0.006766666658222675,297.4229736328125,0.0004277443222235888,0.10544046014547348,7.357759750448167e-05,0.002847038209438324,1.4685653582091618e-07
radial,45,0.8993055800803834,0.3240000009536743,0.00647500017657876,297.4224853515625,0.0004277328262105584,0.10544453561306,7.358344737440348e-05,0.0028471520636230707,1.468530967940751e-07
radial,45,0.8587962818435497,0.3240000009536743,0.006183333229273558,297.4219665527344,0.00042772083543241024,0.10544884949922562,7.358969014603645e-05,0.0028472726698964834,1.4684967197808874e-07
radial,45,0.8182870482818948,0.3240000009536743,0.0058916667476296425,297.42144775390625,0.00042770776781253517,0.10545352101325989,7.359632581938058e-05,0.0028474025893956423,1.4684613347526465e-07
radial,45,0.7777777500450611,0.3240000009536743,0.00559999980032444,297.4209899902344,0.00042770308209583163,0.1054576113820076,7.359857409028336e-05,0.0028475166764110327,1.4684015070542955e-07
radial,60,30.000000778171753,0.4320000112056732,0.2160000056028366,297.7843017578125,0.0003780578845180571,0.09391546994447708,6.749718158971518e-05,0.0025364691391587257,1.3188238767725124e-07
radial,60,29.38888967037201,0.4320000112056732,0.21160000562667847,297.7497253417969,0.0003710942401085049,0.09406964480876923,6.583490903722122e-05,0.002539325039833784,1.2982320640730904e-07
radial,60,28.77777856257227,0.4320000112056732,0.20720000565052032,297.749267578125,0.00037115285522304475,0.0940849781036377,6.584451330127195e-05,0.0025397385470569134,1.298438263575008e-07
radial,60,28.166667454772526,0.4320000112056732,0.20280000567436218,297.74908447265625,0.00037119578337296844,0.09409160912036896,6.585174560314044e-05,0.0025399201549589634,1.2985711350665952e-07
radial,60,27.555556346972786,0.4320000112056732,0.19840000569820404,297.74908447265625,0.00037123484071344137,0.09409397840499878,6.585846131201833e-05,0.0025399886071681976,1.2986771480427706e-07
radial,60,26.944445239173042,0.4320000112056732,0.1940000057220459,297.74920654296875,0.00037127386895008385,0.09409317374229431,6.586530071217567e-05,0.00253997347317636,1.2987698028155137e-07
radial,60,26.3333341313733,0.4320000112056732,0.18960000574588776,297.74945068359375,0.00037131618591956794,0.0940902978181839,6.587276584468782e-05,0.0025399040896445513,1.298861747045521e-07
radial,60,25.72222302357356,0.4320000112056732,0.18520000576972961,297.7497253417969,0.00037136359605938196,0.09408619999885559,6.588108954019845e-05,0.002539803273975849,1.2989605124857917e-07
radial,60,25.111111915773815,0.4320000112056732,0.18080000579357147,297.7500305175781,0.000371417379938066,0.09408152103424072,6.589047552552074e-05,0.002539688255637884,1.299072067695306e-07
radial,60,24.500000807974075,0.4320000112056732,0.17640000581741333,297.7503662109375,0.000371478614397347,0.0940767228603363,6.590106204384938e-05,0.0025395711418241262,1.2992003917133843e-07
radial,60,23.88888970017433,0.4320000112056732,0.1720000058412552,297.750732421875,0.0003715478233061731,0.094072125852108,6.591291457880288e-05,0.002539461012929678,1.2993484688195167e-07
radial,60,23.27777859237459,0.4320000112056732,0.16760000586509705,297.7510681152344,0.0003716244827955961,0.09406772255897522,6.592593854293227e-05,0.002539356704801321,1.2995144516025903e-07
radial,60,22.666667484574848,0.4320000112056732,0.1632000058889389,297.75146484375,0.0003717077197507024,0.09406337141990662,6.593998114112765e-05,0.002539255190640688,1.299695640000209e-07
radial,60,22.055556376775108,0.4320000112056732,0.15880000591278076,297.7518310546875,0.0003717968356795609,0.09405893087387085,6.595490413019434e-05,0.002539152279496193,1.2998897602756188e-07
radial,60,21.444445268975365,0.4320000112056732,0.15440000593662262,297.7522277832031,0.00037189119029790163,0.09405437111854553,6.597061292268336e-05,0.0025390470400452614,1.3000949650177063e-07
radial,60,20.83333416117562,0.4320000112056732,0.15000000596046448,297.7526550292969,0.0003719900851137936,0.0940496101975441,6.598698382731527e-05,0.0025389373768121004,1.3003095489239058e-07
radial,60,20.22222305337588,0.4320000112056732,0.14560000598430634,297.7530822753906,0.0003720928798429668,0.09404456615447998,6.600390770472586e-05,0.00253882072865963,1.300531238257463e-07
radial,60,19.611111945576138,0.4320000112056732,0.1412000060081482,297.7535705566406,0.0003721988759934902,0.09403917193412781,6.60212681395933e-05,0.0025386956986039877,1.300758327715812e-07
radial,60,19.000000837776398,0.4320000112056732,0.13680000603199005,297.7540283203125,0.0003723074041772634,0.0940333753824234,6.6038963268511e-05,0.0025385599583387375,1.3009889698878396e-07
radial,60,18.388889729976654,0.4320000112056732,0.1324000060558319,297.7545166015625,0.0003724178532138467,0.09402710944414139,6.605687667615712e-05,0.0025384128093719482,1.3012213173624332e-07
radial,60,17.777778622176914,0.4320000112056732,0.12800000607967377,297.7550354003906,0.00037252967013046145,0.09402036666870117,6.607493560295552e-05,0.0025382533203810453,1.3014542332712153e-07
radial,60,17.16666751437717,0.4320000112056732,0.12360000610351562,297.755615234375,0.0003726422437466681,0.09401313960552216,6.609305273741484e-05,0.002538080792874098,1.3016862965287146e-07
radial,60,16.555555371774567,0.4320000112056732,0.11919999867677689,297.75616455078125,0.00037275513750500977,0.09400540590286255,6.611113349208608e-05,0.0025378954596817493,1.3019163702665537e-07
radial,60,15.944444263974827,0.4320000112056732,0.11479999870061874,297.7567138671875,0.0003728678566403687,0.09399720281362534,6.612911965930834e-05,0.0025376975536346436,1.3021436018334498e-07
radial,60,15.333333156175083,0.4320000112056732,0.1103999987244606,297.75732421875,0.0003729799063876271,0.09398855268955231,6.614693120354787e-05,0.0025374877732247114,1.3023667122524785e-07
radial,60,14.722221013572481,0.4320000112056732,0.10599999129772186,297.7579040527344,0.0003730909083969891,0.09397946298122406,6.616450264118612e-05,0.0025372665841132402,1.302585133089451e-07
radial,60,14.1111109405756,0.4320000112056732,0.10159999877214432,297.7585144042969,0.0003732003387995064,0.09396998584270477,6.618177576456219e-05,0.0025370349176228046,1.3027977274759905e-07
radial,60,13.499999832775858,0.4320000112056732,0.09719999879598618,297.7591247558594,0.00037330787745304406,0.09396015107631683,6.619869236601517e-05,0.0025367937050759792,1.3030040690864553e-07
radial,60,12.888888724976116,0.4320000112056732,0.09279999881982803,297.7597351074219,0.00037341314600780606,0.09395004063844681,6.621518696192652e-05,0.0025365445762872696,1.3032033052695624e-07
radial,60,12.277777617176374,0.4320000112056732,0.08839999884366989,297.7603454589844,0.0003735156496986747,0.09393966197967529,6.623122317250818e-05,0.0025362884625792503,1.3033950096996705e-07
radial,60,11.666666509376633,0.4320000112056732,0.08399999886751175,297.7609558105469,0.0003736151265911758,0.09392909705638885,6.624673551414162e-05,0.002536026295274496,1.3035781876169494e-07
radial,60,11.05555540157689,0.4320000112056732,0.07959999889135361,297.76153564453125,0.00037371119833551347,0.09391838312149048,6.626168760703877e-05,0.0025357604026794434,1.303752696912852e-07
radial,60,10.444444293777147,0.4320000112056732,0.07519999891519547,297.76214599609375,0.0003738036029972136,0.09390760958194733,6.627603579545394e-05,0.002535492181777954,1.3039183954788314e-07
radial,60,9.833333185977406,0.4320000112056732,0.07079999893903732,297.7626953125,0.00037389202043414116,0.09389685094356537,6.628975825151429e-05,0.002535223728045821,1.3040747148806986e-07
radial,60,9.222222078177664,0.4320000112056732,0.06639999896287918,297.7632751464844,0.0003739762178156525,0.09388616681098938,6.630281859543175e-05,0.00253495667129755,1.3042213709013595e-07
radial,60,8.611110970377922,0.4320000112056732,0.06199999898672104,297.7638244628906,0.00037405575858429074,0.09387560188770294,6.631516589550301e-05,0.0025346921756863594,1.3043579372151726e-07
radial,60,7.99999986257818,0.4320000112056732,0.0575999990105629,297.7643127441406,0.00037413061363622546,0.0938652753829956,6.632680742768571e-05,0.00253443350084126,1.3044848401477793e-07
radial,60,7.3888887547784385,0.4320000112056732,0.053199999034404755,297.7648010253906,0.0003742006665561348,0.09385539591312408,6.633774319197983e-05,0.0025341855362057686,1.3046029323504627e-07
radial,60,6.777777646978697,0.4320000112056732,0.04879999905824661,297.7652587890625,0.00037426495691761374,0.09384576231241226,6.634784222114831e-05,0.0025339433923363686,1.3047092295437324e-07
radial,60,6.166666539178954,0.4320000112056732,0.04439999908208847,297.765625,0.00037432456156238914,0.09383673965930939,6.63572718622163e-05,0.002533717080950737,1.3048077107669087e-07
radial,60,5.555555431379212,0.4320000112056732,0.03999999910593033,297.7659606933594,0.00037438058643601835,0.09382891654968262,6.63661994622089e-05,0.0025335217360407114,1.3049040603618778e-07
radial,60,5.392156955268648,0.4320000112056732,0.038823530077934265,297.76605224609375,0.00037439478910528123,0.09382699429988861,6.636846228502691e-05,0.002533473540097475,1.304928503031988e-07
radial,60,5.228757961756654,0.4320000112056732,0.0376470573246479,297.7661437988281,0.0003744085843209177,0.0938250720500946,6.637065962422639e-05,0.0025334255769848824,1.3049518088337209e-07
radial,60,5.065359485646089,0.4320000112056732,0.03647058829665184,297.7662048339844,0.0003744221176020801,0.09382320940494537,6.637280603172258e-05,0.0025333792436867952,1.3049749725269066e-07
radial,60,4.901961009535524,0.4320000112056732,0.03529411926865578,297.76629638671875,0.0003744353889487684,0.09382142126560211,6.637489423155785e-05,0.0025333347730338573,1.3049975677859038e-07
radial,60,4.73856201602353,0.4320000112056732,0.034117646515369415,297.7663269042969,0.0003744481364265084,0.09381967782974243,6.63769242237322e-05,0.0025332910008728504,1.305019168285071e-07
radial,60,4.575163539912966,0.4320000112056732,0.03294117748737335,297.76641845703125,0.0003744604473467916,0.09381794929504395,6.637886690441519e-05,0.0025332479272037745,1.305039774024408e-07
radial,60,4.411764546400971,0.4320000112056732,0.03176470473408699,297.7665100097656,0.00037447235081344843,0.09381625801324844,6.638075865339488e-05,0.002533205784857273,1.3050592428953678e-07
radial,60,4.248366070290406,0.4320000112056732,0.030588235706090927,297.76654052734375,0.00037448375951498747,0.09381461143493652,6.63825630908832e-05,0.0025331643410027027,1.3050782854406862e-07
radial,60,4.084967335479127,0.4320000112056732,0.029411764815449715,297.7666320800781,0.00037449478986673057,0.09381300210952759,6.63843093207106e-05,0.0025331240613013506,1.3050961911176273e-07
radial,60,3.9215686006678476,0.4320000112056732,0.028235293924808502,297.7666931152344,0.00037450535455718637,0.09381143748760223,6.638597551500425e-05,0.0025330849457532167,1.3051132441432856e-07
radial,60,3.7581698658565683,0.4320000112056732,0.02705882303416729,297.76678466796875,0.0003745154244825244,0.09380991756916046,6.638757622567937e-05,0.002533046994358301,1.305129444517661e-07
radial,60,3.5947711310452886,0.4320000112056732,0.025882352143526077,297.7668151855469,0.00037452508695423603,0.09380844235420227,6.638910417677835e-05,0.0025330097414553165,1.3051447922407533e-07
radial,60,3.4313726549347243,0.4320000112056732,0.024705883115530014,297.7668762207031,0.00037453428376466036,0.09380700439214706,6.63905666442588e-05,0.002532973885536194,1.3051592873125628e-07
radial,60,3.2679739201234446,0.4320000112056732,0.0235294122248888,297.7669372558594,0.0003745430731214583,0.09380561858415604,6.639196362812072e-05,0.0025329389609396458,1.3051732139501837e-07
radial,60,3.1045751853121653,0.4320000112056732,0.02235294133424759,297.7669677734375,0.0003745513968169689,0.09380428493022919,6.639328057644889e-05,0.0025329054333269596,1.3051861458279745e-07
radial,60,2.941176450500886,0.4320000112056732,0.021176470443606377,297.76702880859375,0.00037455931305885315,0.09380301833152771,6.639453931711614e-05,0.0025328737683594227,1.3051985092715768e-07
radial,60,2.777777715689606,0.4320000112056732,0.019999999552965164,297.76708984375,0.0003745669382624328,0.09380185604095459,6.639576167799532e-05,0.0025328444316983223,1.3052104463895375e-07
radial,60,2.6984127341873116,0.4320000112056732,0.019428571686148643,297.76708984375,0.000374570518033579,0.09380131214857101,6.639632192673162e-05,0.0025328309275209904,1.3052161307314236e-07
radial,60,2.619047493984302,0.4320000112056732,0.018857141956686974,297.7671203613281,0.00037457398138940334,0.09380078315734863,6.639686762355268e-05,0.0025328174233436584,1.3052215308562154e-07
radial,60,2.5396825124820075,0.4320000112056732,0.018285714089870453,297.76715087890625,0.0003745773574337363,0.09380026906728745,6.639740604441613e-05,0.002532804384827614,1.3052269309810072e-07
radial,60,2.460317530979713,0.4320000112056732,0.017714286223053932,297.76715087890625,0.0003745806170627475,0.09379976987838745,6.639792991336435e-05,0.002532792277634144,1.3052320468887046e-07
radial,60,2.3809522907767033,0.4320000112056732,0.017142856493592262,297.76715087890625,0.00037458378938026726,0.09379929304122925,6.639842467848212e-05,0.002532780170440674,1.305237020687855e-07
radial,60,2.301587309274409,0.4320000112056732,0.01657142862677574,297.7672119140625,0.0003745868452824652,0.09379882365465164,6.639890489168465e-05,0.0025327682960778475,1.3052418523784581e-07
radial,60,2.2222223277721143,0.4320000112056732,0.01600000075995922,297.7672119140625,0.0003745897556655109,0.09379836916923523,6.639937055297196e-05,0.0025327568873763084,1.305246399851967e-07
radial,60,2.142857087569104,0.4320000112056732,0.015428571030497551,297.7672119140625,0.00037459260784089565,0.09379792213439941,6.639982166234404e-05,0.002532745711505413,1.3052508052169287e-07
radial,60,2.0634921060668097,0.4320000112056732,0.01485714316368103,297.7672424316406,0.0003745953436009586,0.0937974825501442,6.640025821980089e-05,0.0025327347684651613,1.305254926364796e-07
radial,60,1.9841269952141576,0.4320000112056732,0.014285714365541935,297.76727294921875,0.00037459793384186924,0.09379706531763077,6.640066567342728e-05,0.002532724291086197,1.3052590475126635e-07
radial,60,1.9047618843615055,0.4320000112056732,0.01371428556740284,297.76727294921875,0.00037460040766745806,0.09379665553569794,6.640106585109606e-05,0.002532714046537876,1.3052627423348895e-07
radial,60,1.825396902859211,0.4320000112056732,0.013142857700586319,297.7673034667969,0.0003746027941815555,0.0937962606549263,6.6401444200892e-05,0.0025327038019895554,1.3052662950485683e-07
radial,60,1.746031792006559,0.4320000112056732,0.012571428902447224,297.7673034667969,0.0003746050933841616,0.09379588067531586,6.64018007228151e-05,0.002532694488763809,1.305269847762247e-07
radial,60,1.6666666811539068,0.4320000112056732,0.012000000104308128,297.767333984375,0.0003746073052752763,0.0937955230474472,6.640215724473819e-05,0.0025326856411993504,1.3052731162588316e-07
radial,60,1.627314809916748,0.4320000112056732,0.011716666631400585,297.767333984375,0.0003746083821170032,0.09379535913467407,6.640232459176332e-05,0.002532681217417121,1.3052748215613974e-07
radial,60,1.5879629386795893,0.4320000112056732,0.011433333158493042,297.767333984375,0.0003746094007510692,0.09379519522190094,6.640248466283083e-05,0.002532677026465535,1.305276384755416e-07
radial,60,1.5486110674424305,0.4320000112056732,0.011149999685585499,297.767333984375,0.0003746103902813047,0.09379503130912781,6.640264473389834e-05,0.002532673068344593,1.3052779479494347e-07
radial,60,1.5092591962052717,0.4320000112056732,0.010866666212677956,297.767333984375,0.00037461137981154025,0.09379486739635468,6.640280480496585e-05,0.0025326688773930073,1.3052795111434534e-07
radial,60,1.4699074543184705,0.4320000112056732,0.010583333671092987,297.767333984375,0.0003746123402379453,0.09379471838474274,6.640295032411814e-05,0.002532665152102709,1.3052807901203778e-07
radial,60,1.4305555830813117,0.4320000112056732,0.010300000198185444,297.767333984375,0.00037461327156051993,0.0937945619225502,6.640310311922804e-05,0.0025326614268124104,1.3052822112058493e-07
radial,60,1.391203711844153,0.4320000112056732,0.0100166667252779,297.7673645019531,0.00037461414467543364,0.09379442036151886,6.640324863838032e-05,0.0025326574686914682,1.3052836322913208e-07
radial,60,1.3518518406069941,0.4320000112056732,0.009733333252370358,297.7673645019531,0.00037461501779034734,0.09379427134990692,6.640337960561737e-05,0.0025326539762318134,1.3052849112682452e-07
radial,60,1.3124999693698354,0.4320000112056732,0.009449999779462814,297.76739501953125,0.00037461589090526104,0.09379412978887558,6.640351784881204e-05,0.002532650250941515,1.3052861902451696e-07
radial,60,1.2638889408359926,0.4320000112056732,0.009100000374019146,297.76739501953125,0.0003746169386431575,0.09379395842552185,6.640367791987956e-05,0.002532646059989929,1.3052877534391882e-07
radial,60,1.2233796425991588,0.4320000112056732,0.008808333426713943,297.76739501953125,0.0003746177244465798,0.0937938243150711,6.640380888711661e-05,0.002532642800360918,1.3052888903075655e-07
radial,60,1.1828703443623252,0.4320000112056732,0.008516666479408741,297.76739501953125,0.00037461851025000215,0.09379369020462036,6.640393257839605e-05,0.002532639540731907,1.3052901692844898e-07
radial,60,1.1423611754758491,0.4320000112056732,0.008225000463426113,297.76739501953125,0.0003746192960534245,0.09379357099533081,6.64040562696755e-05,0.0025326362811028957,1.30529116404432e-07
radial,60,1.1018518772390153,0.4320000112056732,0.00793333351612091,297.7674255371094,0.0003746200236491859,0.09379345178604126,6.640417268499732e-05,0.0025326330214738846,1.305292300912697e-07
radial,60,1.0613425790021818,0.4320000112056732,0.007641666568815708,297.7674255371094,0.00037462072214111686,0.09379332512617111,6.640428182436153e-05,0.0025326302275061607,1.3052934377810743e-07
radial,60,1.0208334101157057,0.4320000112056732,0.00735000055283308,297.7674255371094,0.0003746214206330478,0.09379321336746216,6.640439096372575e-05,0.0025326272007077932,1.3052942904323572e-07
radial,60,0.9803239825285144,0.4320000112056732,0.007058332674205303,297.7674255371094,0.00037462206091731787,0.0937931016087532,6.640449282713234e-05,0.002532624639570713,1.3052954273007344e-07
radial,60,0.9398148136420382,0.4320000112056732,0.006766666658222675,297.7674255371094,0.00037462267209775746,0.09379298985004425,6.640459469053894e-05,0.002532621845602989,1.3052961378434702e-07
radial,60,0.8993055800803834,0.4320000112056732,0.00647500017657876,297.7674255371094,0.00037462328327819705,0.09379289299249649,6.640468927798793e-05,0.0025326190516352654,1.3052971326033003e-07
radial,60,0.8587962818435497,0.4320000112056732,0.006183333229273558,297.7674255371094,0.00037462383625097573,0.09379279613494873,6.640476931352168e-05,0.002532616723328829,1.3052979852545832e-07
radial,60,0.8182870482818948,0.4320000112056732,0.0058916667476296425,297.7674255371094,0.0003746243892237544,0.09379269182682037,6.640485662501305e-05,0.0025326143950223923,1.305298695797319e-07
radial,60,0.7777777500450611,0.4320000112056732,0.00559999980032444,297.7674255371094,0.0003746248548850417,0.09379260241985321,6.640493666054681e-05,0.0025326120667159557,1.3052994063400547e-07
radial,60,0.7372685164834063,0.4320000112056732,0.005308333318680525,297.7674560546875,0.00037462537875398993,0.09379251301288605,6.640500942012295e-05,0.002532609738409519,1.3053001168827905e-07
radial,60,0.6967592829217514,0.4320000112056732,0.00501666683703661,297.7674560546875,0.00037462578620761633,0.09379243105649948,6.640508217969909e-05,0.0025326074101030827,1.305300685316979e-07
radial,60,0.6562499846849177,0.4320000112056732,0.004724999889731407,297.7674560546875,0.00037462625186890364,0.09379234910011292,6.640514766331762e-05,0.0025326055474579334,1.3053012537511677e-07
radial,60,0.6157407511232628,0.4320000112056732,0.004433333408087492,297.7674560546875,0.0003746266011148691,0.09379227459430695,6.640520587097853e-05,0.0025326034519821405,1.3053018221853563e-07
radial,60,0.5752314528864291,0.4320000112056732,0.0041416664607822895,297.7674560546875,0.00037462697946466506,0.09379220008850098,6.640526407863945e-05,0.0025326015893369913,1.3053022485109977e-07
radial,60,0.5347222193247743,0.4320000112056732,0.0038499999791383743,297.7674560546875,0.00037462732871063054,0.09379212558269501,6.640532228630036e-05,0.0025325999595224857,1.3053026748366392e-07
radial,60,0.49999999141113627,0.4320000112056732,0.003599999938160181,297.7674560546875,0.00037462759064510465,0.09379208087921143,6.640536594204605e-05,0.002532598562538624,1.3053029590537335e-07
radial,60,0.43750000056914157,0.4320000112056732,0.0031500000040978193,297.7674560546875,0.00037462805630639195,0.09379198402166367,6.640543870162219e-05,0.0025325962342321873,1.3053036695964693e-07
radial,60,0.3750000097271469,0.4320000112056732,0.0027000000700354576,297.7674560546875,0.0003746284346561879,0.0937919169664383,6.64054969092831e-05,0.002532594371587038,1.305304238030658e-07
radial,60,0.31249998654756284,0.4320000112056732,0.0022499999031424522,297.7674560546875,0.0003746287547983229,0.09379185736179352,6.64055478409864e-05,0.002532592974603176,1.3053046643562993e-07
radial,60,0.24999999570556813,0.4320000112056732,0.0017999999690800905,297.7674560546875,0.0003746290458366275,0.09379179775714874,6.640559149673209e-05,0.002532591577619314,1.3053050906819408e-07
radial,60,0.18750000486357346,0.4320000112056732,0.0013500000350177288,297.7674560546875,0.00037462927866727114,0.09379176795482635,6.640562787652016e-05,0.0025325906462967396,1.305305374899035e-07
radial,60,0.12499999785278407,0.4320000112056732,0.0008999999845400453,297.7674560546875,0.00037462939508259296,0.09379173815250397,6.6405649704393e-05,0.0025325899478048086,1.3053055170075822e-07
radial,60,0.062499998926392034,0.4320000112056732,0.00044999999227002263,297.7674560546875,0.00037462948239408433,0.09379171580076218,6.640566425630823e-05,0.0025325894821435213,1.3053056591161294e-07
radial,60,0.0,0.4320000112056732,0.0,297.7674560546875,0.0003746295114979148,0.09379171580076218,6.640567153226584e-05,0.0025325892493128777,1.3053056591161294e-07
radial,75,30.000000778171753,0.5400000214576721,0.2160000056028366,300.0,0.0,0.0,0.0,0.0,0.0
radial,75,29.38888967037201,0.5400000214576721,0.21160000562667847,298.1766662597656,0.00032746067154221237,0.08036969602108002,5.857982614543289e-05,0.0021711550652980804,1.1348880946115969e-07
radial,75,28.777776492966545,0.5400000214576721,0.20719999074935913,298.1725158691406,0.0003280687378719449,0.08051863312721252,5.868873267900199e-05,0.002175178611651063,1.1369942143346634e-07
radial,75,28.166667454772526,0.5400000214576721,0.20280000567436218,298.1683349609375,0.0003286877472419292,0.0806703120470047,5.8799651014851406e-05,0.0021792759653180838,1.1391386323111874e-07
radial,75,27.555556346972786,0.5400000214576721,0.19840000569820404,298.16436767578125,0.00032927648862823844,0.0808139219880104,5.890530883334577e-05,0.002183155622333288,1.141175687280338e-07
radial,75,26.944445239173042,0.5400000214576721,0.1940000057220459,298.16058349609375,0.00032985094003379345,0.08095311373472214,5.900857286178507e-05,0.0021869163028895855,1.1431592383814859e-07
radial,75,26.3333341313733,0.5400000214576721,0.18960000574588776,298.1567687988281,0.00033042527502402663,0.08109179139137268,5.911189509788528e-05,0.0021906632464379072,1.1451400894202379e-07
radial,75,25.72222302357356,0.5400000214576721,0.18520000576972961,298.1529846191406,0.0003309979510959238,0.08122970908880234,5.9214940847596154e-05,0.002194389933720231,1.1471134087059909e-07
radial,75,25.111111915773815,0.5400000214576721,0.18080000579357147,298.1492614746094,0.00033156832796521485,0.08136679977178574,5.931756822974421e-05,0.0021980940364301205,1.1490771356648111e-07
radial,75,24.500000807974075,0.5400000214576721,0.17640000581741333,298.1455383300781,0.0003321356198284775,0.08150288462638855,5.941961717326194e-05,0.0022017713636159897,1.1510285702343026e-07
radial,75,23.88888970017433,0.5400000214576721,0.1720000058412552,298.1418762207031,0.00033269880805164576,0.08163773268461227,5.9520898503251374e-05,0.00220541562885046,1.152964443917881e-07
radial,75,23.27777859237459,0.5400000214576721,0.16760000586509705,298.1382751464844,0.00033325678668916225,0.08177108317613602,5.9621208492899314e-05,0.0022090189158916473,1.1548808487304996e-07
radial,75,22.666667484574848,0.5400000214576721,0.1632000058889389,298.13470458984375,0.00033380844979546964,0.08190266788005829,5.972034705337137e-05,0.0022125747054815292,1.1567741609042059e-07
radial,75,22.055556376775108,0.5400000214576721,0.15880000591278076,298.13116455078125,0.0003343528078403324,0.08203224092721939,5.9818135923705995e-05,0.0022160764783620834,1.1586408277253213e-07
radial,75,21.444447338581085,0.5400000214576721,0.1544000208377838,298.1277160644531,0.0003348888421896845,0.08215956389904022,5.991439684294164e-05,0.0022195177152752876,1.1604777228058083e-07
radial,75,20.83333416117562,0.5400000214576721,0.15000000596046448,298.12432861328125,0.00033541570883244276,0.08228442817926407,6.00089697400108e-05,0.0022228925954550505,1.1622818618661768e-07
radial,75,20.22222305337588,0.5400000214576721,0.14560000598430634,298.12103271484375,0.0003359326219651848,0.08240664005279541,6.0101716371718794e-05,0.0022261959966272116,1.1640505448440308e-07
radial,75,19.611111945576138,0.5400000214576721,0.1412000060081482,298.1178283691406,0.0003364387957844883,0.08252604305744171,6.0192505770828575e-05,0.002229423727840185,1.1657813558940688e-07
radial,75,19.000000837776398,0.5400000214576721,0.13680000603199005,298.1146545410156,0.0003369335609022528,0.08264249563217163,6.0281217884039506e-05,0.002232571365311742,1.1674720212795364e-07
radial,75,18.388889729976654,0.5400000214576721,0.1324000060558319,298.1116027832031,0.00033741639344953,0.08275584131479263,6.0367743571987376e-05,0.002235635882243514,1.1691207646435942e-07
radial,75,17.777778622176914,0.5400000214576721,0.12800000607967377,298.1086120605469,0.00033788676955737174,0.08286599069833755,6.045199916115962e-05,0.002238613786175847,1.1707257385751291e-07
radial,75,17.16666544477145,0.5400000214576721,0.12359999120235443,298.1057434082031,0.00033834410714916885,0.08297283947467804,6.053389370208606e-05,0.0022415032144635916,1.1722854509343961e-07
radial,75,16.555555371774567,0.5400000214576721,0.11919999867677689,298.1029357910156,0.00033878814429044724,0.08307631313800812,6.0613358073169366e-05,0.0022443009074777365,1.1737986937987444e-07
radial,75,15.944444263974827,0.5400000214576721,0.11479999870061874,298.1002502441406,0.0003392184153199196,0.08317634463310242,6.0690326790791005e-05,0.0022470057010650635,1.175264117136976e-07
radial,75,15.333333156175083,0.5400000214576721,0.1103999987244606,298.09765625,0.00033963468740694225,0.08327285945415497,6.076474892324768e-05,0.0022496161982417107,1.1766807972435345e-07
radial,75,14.722222048375341,0.5400000214576721,0.10599999874830246,298.0951232910156,0.0003400365822017193,0.08336583524942398,6.0836558986920863e-05,0.002252130536362529,1.1780478104128633e-07
radial,75,14.1111109405756,0.5400000214576721,0.10159999877214432,298.09271240234375,0.0003404238959774375,0.08345519751310349,6.0905731515958905e-05,0.002254548016935587,1.1793643039936796e-07
radial,75,13.500000867578718,0.5400000214576721,0.09720000624656677,298.0904235839844,0.0003407964250072837,0.08354094624519348,6.097222285461612e-05,0.0022568674758076668,1.1806296384975212e-07
radial,75,12.888888724976116,0.5400000214576721,0.09279999881982803,298.08819580078125,0.0003411539364606142,0.08362302929162979,6.103600026108325e-05,0.00225908774882555,1.1818432454901995e-07
radial,75,12.277777617176374,0.5400000214576721,0.08839999884366989,298.0860595703125,0.0003414963139221072,0.08370143175125122,6.109703826950863e-05,0.0022612090688198805,1.1830044854832522e-07
radial,75,11.666666509376633,0.5400000214576721,0.08399999886751175,298.0840759277344,0.00034182338276878,0.08377614617347717,6.115531141404063e-05,0.0022632302716374397,1.1841130032053115e-07
radial,75,11.05555540157689,0.5400000214576721,0.07959999889135361,298.0821533203125,0.0003421349683776498,0.08384712040424347,6.121079786680639e-05,0.0022651508916169405,1.1851683012764624e-07
radial,75,10.444443258974287,0.5400000214576721,0.07519999146461487,298.080322265625,0.0003424309834372252,0.0839143842458725,6.126348307589069e-05,0.002266970695927739,1.1861699533710635e-07
radial,75,9.833333185977406,0.5400000214576721,0.07079999893903732,298.07861328125,0.000342711282428354,0.08397788554430008,6.13133524893783e-05,0.0022686892189085484,1.1871176042177467e-07
radial,75,9.222222078177664,0.5400000214576721,0.06639999896287918,298.0769958496094,0.00034297583624720573,0.08403763175010681,6.1360391555354e-05,0.0022703062277287245,1.1880109695994179e-07
radial,75,8.611110970377922,0.5400000214576721,0.06199999898672104,298.0755310058594,0.00034322444116696715,0.0840936154127121,6.140459299786016e-05,0.0022718217223882675,1.188849552136162e-07
radial,75,7.99999986257818,0.5400000214576721,0.0575999990105629,298.0740966796875,0.0003434570971876383,0.08414582908153534,6.144594226498157e-05,0.002273234771564603,1.1896334228822525e-07
radial,75,7.3888887547784385,0.5400000214576721,0.053199999034404755,298.0727844238281,0.00034367357147857547,0.08419422805309296,6.148441025288776e-05,0.002274545142427087,1.1903615870778594e-07
radial,75,6.777777646978697,0.5400000214576721,0.04879999905824661,298.0715637207031,0.0003438738058321178,0.08423882722854614,6.151998968562111e-05,0.002275752369314432,1.1910339026144356e-07
radial,75,6.166666539178954,0.5400000214576721,0.04439999908208847,298.07049560546875,0.000344057974871248,0.08427965641021729,6.155271694296971e-05,0.0022768578492105007,1.1916507958176226e-07
radial,75,5.555555431379212,0.5400000214576721,0.03999999910593033,298.0694580078125,0.00034422543831169605,0.08431662619113922,6.158248288556933e-05,0.0022778587881475687,1.1922105613848544e-07
radial,75,5.392156955268648,0.5400000214576721,0.038823530077934265,298.0692138671875,0.000344267173204571,0.08432581275701523,6.158989708637819e-05,0.002278107451274991,1.1923498277610634e-07
radial,75,5.228757961756654,0.5400000214576721,0.0376470573246479,298.0689697265625,0.0003443076857365668,0.08433473855257034,6.159710028441623e-05,0.0022783493623137474,1.1924852572064992e-07
radial,75,5.065359485646089,0.5400000214576721,0.03647058829665184,298.06878662109375,0.000344347208738327,0.08434343338012695,6.160412158351392e-05,0.0022785847540944815,1.1926171339382563e-07
radial,75,4.901961009535524,0.5400000214576721,0.03529411926865578,298.06854248046875,0.0003443855093792081,0.08435185998678207,6.161092460388318e-05,0.0022788129281252623,1.1927451737392403e-07
radial,75,4.73856201602353,0.5400000214576721,0.034117646515369415,298.0683288574219,0.0003444226167630404,0.0843600183725357,6.161751662148163e-05,0.0022790338844060898,1.1928689502838097e-07
radial,75,4.575163539912966,0.5400000214576721,0.03294117748737335,298.068115234375,0.00034445844357833266,0.08436788618564606,6.162388308439404e-05,0.002279246924445033,1.1929886056805117e-07
radial,75,4.411764546400971,0.5400000214576721,0.03176470473408699,298.0679016113281,0.00034449310624040663,0.08437549322843552,6.163003126857802e-05,0.0022794529795646667,1.193103997820799e-07
radial,75,4.248366070290406,0.5400000214576721,0.030588235706090927,298.06768798828125,0.0003445264883339405,0.08438281714916229,6.163596117403358e-05,0.002279651118442416,1.1932154109217663e-07
radial,75,4.084967335479127,0.5400000214576721,0.029411764815449715,298.0675048828125,0.00034455867717042565,0.08438987284898758,6.164167280076072e-05,0.002279842272400856,1.193322702874866e-07
radial,75,3.9215686006678476,0.5400000214576721,0.028235293924808502,298.06732177734375,0.0003445895854383707,0.08439664542675018,6.164716614875942e-05,0.0022800257429480553,1.1934258736800984e-07
radial,75,3.7581698658565683,0.5400000214576721,0.02705882303416729,298.067138671875,0.00034461930044926703,0.0844031423330307,6.16524339420721e-05,0.0022802019957453012,1.1935247812289163e-07
radial,75,3.5947711310452886,0.5400000214576721,0.025882352143526077,298.0669860839844,0.00034464779309928417,0.08440937101840973,6.165749073261395e-05,0.0022803705651313066,1.1936195676298667e-07
radial,75,3.4313726549347243,0.5400000214576721,0.024705883115530014,298.06683349609375,0.0003446750051807612,0.08441532403230667,6.166232196846977e-05,0.0022805314511060715,1.1937100907744025e-07
radial,75,3.2679739201234446,0.5400000214576721,0.0235294122248888,298.066650390625,0.0003447009949013591,0.08442099392414093,6.166693492559716e-05,0.002280685119330883,1.193796634879618e-07
radial,75,3.1045751853121653,0.5400000214576721,0.02235294133424759,298.0665283203125,0.0003447257331572473,0.0844263881444931,6.167132232803851e-05,0.0022808313369750977,1.193878915728419e-07
radial,75,2.941176709201601,0.5400000214576721,0.021176472306251526,298.0663757324219,0.00034474924905225635,0.08443150669336319,6.167549145175144e-05,0.0022809698712080717,1.1939570754293527e-07
radial,75,2.777777715689606,0.5400000214576721,0.019999999552965164,298.0662841796875,0.00034477151348255575,0.08443635702133179,6.167944957269356e-05,0.0022811011876910925,1.1940308297653246e-07
radial,75,2.6984127341873116,0.5400000214576721,0.019428571686148643,298.0661926269531,0.0003447818453423679,0.08443859964609146,6.168128311401233e-05,0.002281161956489086,1.1940652200337354e-07
radial,75,2.619047493984302,0.5400000214576721,0.018857141956686974,298.0661315917969,0.00034479188616387546,0.08444078266620636,6.168305844767019e-05,0.0022812210954725742,1.194098615542316e-07
radial,75,2.5396825124820075,0.5400000214576721,0.018285714089870453,298.0660705566406,0.00034480163594707847,0.08444290608167648,6.168479012558237e-05,0.0022812786046415567,1.1941310162910668e-07
radial,75,2.460317530979713,0.5400000214576721,0.017714286223053932,298.0660095214844,0.0003448110946919769,0.08444496244192123,6.168647087179124e-05,0.0022813344839960337,1.1941624222799874e-07
radial,75,2.3809522907767033,0.5400000214576721,0.017142856493592262,298.0659484863281,0.0003448202623985708,0.08444695174694061,6.168808613438159e-05,0.0022813882678747177,1.194192833509078e-07
radial,75,2.301587309274409,0.5400000214576721,0.01657142862677574,298.06591796875,0.0003448291099630296,0.08444888144731522,6.168966501718387e-05,0.002281440421938896,1.1942222499783384e-07
radial,75,2.2222223277721143,0.5400000214576721,0.01600000075995922,298.06585693359375,0.00034483769559301436,0.08445073664188385,6.169118569232523e-05,0.0022814907133579254,1.1942506716877688e-07
radial,75,2.142857087569104,0.5400000214576721,0.015428571030497551,298.0658264160156,0.0003448459319770336,0.0844525396823883,6.169264815980569e-05,0.002281539374962449,1.194278098637369e-07
radial,75,2.0634921060668097,0.5400000214576721,0.01485714316368103,298.0657653808594,0.00034485390642657876,0.08445426821708679,6.169406697154045e-05,0.002281586406752467,1.1943045308271394e-07
radial,75,1.9841271245645153,0.5400000214576721,0.01428571529686451,298.0657043457031,0.00034486158983781934,0.0844559296965599,6.16954275756143e-05,0.002281631575897336,1.1943299682570796e-07
radial,75,1.9047618843615055,0.5400000214576721,0.01371428556740284,298.065673828125,0.00034486898221075535,0.08445753157138824,6.169672997202724e-05,0.0022816748823970556,1.194354553035737e-07
radial,75,1.8253967735088534,0.5400000214576721,0.013142856769263744,298.06561279296875,0.00034487605444155633,0.08445906639099121,6.16979887126945e-05,0.0022817165590822697,1.1943778588374698e-07
radial,75,1.746031792006559,0.5400000214576721,0.012571428902447224,298.0655822753906,0.00034488283563405275,0.0844605341553688,6.169918924570084e-05,0.0022817563731223345,1.194400454096467e-07
radial,75,1.6666666811539068,0.5400000214576721,0.012000000104308128,298.0655822753906,0.00034488929668441415,0.08446193486452103,6.170033884700388e-05,0.00228179432451725,1.194421912487087e-07
radial,75,1.627314809916748,0.5400000214576721,0.011716666631400585,298.0655517578125,0.00034489238169044256,0.08446260541677475,6.170089181978256e-05,0.0022818122524768114,1.194432286411029e-07
radial,75,1.5879629386795893,0.5400000214576721,0.011433333158493042,298.0655517578125,0.00034489540848881006,0.08446326106786728,6.170142296468839e-05,0.0022818301804363728,1.1944420919007825e-07
radial,75,1.5486110674424305,0.5400000214576721,0.011149999685585499,298.06549072265625,0.00034489837707951665,0.08446390926837921,6.170194683363661e-05,0.002281847409904003,1.194451897390536e-07
radial,75,1.5092591962052717,0.5400000214576721,0.010866666212677956,298.06549072265625,0.0003449012292549014,0.08446452766656876,6.17024561506696e-05,0.0022818641737103462,1.1944615607717424e-07
radial,75,1.4699074543184705,0.5400000214576721,0.010583333671092987,298.0654602050781,0.0003449040523264557,0.0844651386141777,6.170295091578737e-05,0.002281880471855402,1.1944707978273073e-07
radial,75,1.4305555830813117,0.5400000214576721,0.010300000198185444,298.0654602050781,0.00034490678808651865,0.08446572721004486,6.170343840494752e-05,0.0022818967700004578,1.194479892774325e-07
radial,75,1.391203711844153,0.5400000214576721,0.0100166667252779,298.0654296875,0.0003449094365350902,0.08446630090475082,6.170391134219244e-05,0.0022819123696535826,1.1944887035042484e-07
radial,75,1.3518518406069941,0.5400000214576721,0.009733333252370358,298.0654296875,0.0003449119976721704,0.084466852247715,6.170436972752213e-05,0.00228192750364542,1.1944972300170775e-07
radial,75,1.3124999693698354,0.5400000214576721,0.009449999779462814,298.0653991699219,0.0003449145006015897,0.08446740359067917,6.170480628497899e-05,0.0022819421719759703,1.1945054723128123e-07
radial,75,1.2638889408359926,0.5400000214576721,0.009100000374019146,298.06536865234375,0.00034491746919229627,0.0844680517911911,6.170533742988482e-05,0.002281959867104888,1.194515419911113e-07
radial,75,1.2233796425991588,0.5400000214576721,0.008808333426713943,298.06536865234375,0.00034491991391405463,0.08446858078241348,6.170575943542644e-05,0.002281974069774151,1.1945235200983007e-07
radial,75,1.1828703443623252,0.5400000214576721,0.008516666479408741,298.06536865234375,0.00034492224222049117,0.08446907997131348,6.170617416501045e-05,0.0022819875739514828,1.1945311939598469e-07
radial,75,1.1423611754758491,0.5400000214576721,0.008225000463426113,298.06536865234375,0.00034492448321543634,0.08446956425905228,6.170657434267923e-05,0.002282000845298171,1.1945385836042988e-07
radial,75,1.1018518772390153,0.5400000214576721,0.00793333351612091,298.06536865234375,0.0003449266660027206,0.08447003364562988,6.170695996843278e-05,0.002282013650983572,1.1945458311402035e-07
radial,75,1.0613425790021818,0.5400000214576721,0.007641666568815708,298.0653381347656,0.0003449287614785135,0.0844704881310463,6.170733831822872e-05,0.002282025758177042,1.194552794459014e-07
radial,75,1.0208333454405267,0.5400000214576721,0.007350000087171793,298.0653381347656,0.000344930769642815,0.08447092771530151,6.17076875641942e-05,0.0022820376325398684,1.19455947356073e-07
radial,75,0.9803240472036931,0.5400000214576721,0.0070583331398665905,298.0653381347656,0.0003449327195994556,0.08447134494781494,6.170803681015968e-05,0.0022820490412414074,1.194565868445352e-07
radial,75,0.9398148136420382,0.5400000214576721,0.006766666658222675,298.0653076171875,0.00034493455314077437,0.08447175472974777,6.170836422825232e-05,0.002282059984281659,1.1945719791128795e-07
radial,75,0.8993055154052045,0.5400000214576721,0.006474999710917473,298.0653076171875,0.0003449363575782627,0.08447213470935822,6.170868437038735e-05,0.0022820704616606236,1.19457794767186e-07
radial,75,0.8587962818435497,0.5400000214576721,0.006183333229273558,298.06524658203125,0.0003449380456004292,0.08447250723838806,6.170898268464953e-05,0.0022820804733783007,1.194583632013746e-07
radial,75,0.8182870482818948,0.5400000214576721,0.0058916667476296425,298.06524658203125,0.00034493967541493475,0.08447285741567612,6.17092737229541e-05,0.0022820900194346905,1.1945890321385377e-07
radial,75,0.7777777500450611,0.5400000214576721,0.00559999980032444,298.06524658203125,0.0003449412470217794,0.08447319269180298,6.170954293338582e-05,0.002282099099829793,1.194594005937688e-07
radial,75,0.7372685164834063,0.5400000214576721,0.005308333318680525,298.06524658203125,0.0003449426731094718,0.08447351306676865,6.170980486785993e-05,0.0022821074817329645,1.1945989797368384e-07
radial,75,0.6967592829217514,0.5400000214576721,0.00501666683703661,298.0652160644531,0.0003449440700933337,0.08447381108999252,6.171005225041881e-05,0.0022821156308054924,1.1946035272103472e-07
radial,75,0.6562499846849177,0.5400000214576721,0.004724999889731407,298.0652160644531,0.0003449453506618738,0.0844740942120552,6.171028508106247e-05,0.0022821235470473766,1.194607932575309e-07
radial,75,0.6157407511232628,0.5400000214576721,0.004433333408087492,298.0652160644531,0.0003449466312304139,0.0844743624329567,6.171049608383328e-05,0.0022821309976279736,1.1946120537231764e-07
radial,75,0.5752314528864291,0.5400000214576721,0.0041416664607822895,298.0652160644531,0.0003449477953836322,0.0844746083021164,6.171069981064647e-05,0.002282137516885996,1.1946158906539495e-07
radial,75,0.5347222193247743,0.5400000214576721,0.0038499999791383743,298.065185546875,0.0003449488431215286,0.0844748467206955,6.171089626150206e-05,0.002282143570482731,1.194619301259081e-07
radial,75,0.49999999141113627,0.5400000214576721,0.003599999938160181,298.065185546875,0.00034494968713261187,0.08447502553462982,6.171104178065434e-05,0.002282148925587535,1.1946221434300242e-07
radial,75,0.4374999682315522,0.5400000214576721,0.0031499997712671757,298.065185546875,0.0003449510841164738,0.0844753310084343,6.171129643917084e-05,0.002282157074660063,1.1946269751206273e-07
radial,75,0.3750000097271469,0.5400000214576721,0.0027000000700354576,298.065185546875,0.000344952306477353,0.08447560667991638,6.171150744194165e-05,0.0022821640595793724,1.1946309541599476e-07
radial,75,0.31249998654756284,0.5400000214576721,0.0022499999031424522,298.065185546875,0.00034495332511141896,0.08447582274675369,6.1711689340882e-05,0.0022821701131761074,1.194634222656532e-07
radial,75,0.24999999570556813,0.5400000214576721,0.0017999999690800905,298.0651550292969,0.00034495419822633266,0.08447600156068802,6.17118421359919e-05,0.002282175235450268,1.194637064827475e-07
radial,75,0.18750000486357346,0.5400000214576721,0.0013500000350177288,298.0651550292969,0.0003449548385106027,0.08447614312171936,6.171195855131373e-05,0.0022821789607405663,1.1946393385642295e-07
radial,75,0.12499999785278407,0.5400000214576721,0.0008999999845400453,298.0651550292969,0.0003449553332757205,0.08447623997926712,6.17120458628051e-05,0.0022821815218776464,1.1946409017582482e-07
radial,75,0.062499998926392034,0.5400000214576721,0.00044999999227002263,298.0651550292969,0.0003449555952101946,0.0844762995839119,6.171208224259317e-05,0.0022821833845227957,1.194641754409531e-07
radial,75,0.0,0.5400000214576721,0.0,298.0651550292969,0.00034495568252168596,0.08447632938623428,6.171211134642363e-05,0.0022821840830147266,1.1946420386266254e-07
centerline,0.0,0.0,0.0,0.0,294.0000915527344,0.15636996924877167,0.19649997353553772,2.1594431132143654e-08,1.759336676343537e-08,6.811354952285242e-11
centerline,0.06218905279335256,0.0,0.0004477611801121384,0.0,294.0003967285156,0.1563698798418045,0.19649988412857056,8.747796442776234e-08,7.12658021484458e-08,2.7262136992334263e-10
centerline,0.12437810558670512,0.0,0.0008955223602242768,0.0,294.0010986328125,0.15636968612670898,0.19649970531463623,2.309722333393438e-07,1.8814708369063737e-07,7.043264860229215e-10
centerline,0.18656716242225635,0.0,0.0013432835694402456,0.0,294.0026550292969,0.15636928379535675,0.19649934768676758,5.264731157694769e-07,4.288014281428332e-07,1.5604025849214054e-09
centerline,0.24875621117341024,0.0,0.0017910447204485536,0.0,294.0056457519531,0.15636853873729706,0.19649864733219147,1.0761149269455927e-06,8.763407208789431e-07,3.0857014721163978e-09
centerline,0.3109452599245641,0.0,0.0022388058714568615,0.0,294.0109558105469,0.15636727213859558,0.19649748504161835,2.015409563682624e-06,1.6409975387432496e-06,5.574007033715134e-09
centerline,0.3731343248445127,0.0,0.0026865671388804913,0.0,294.0196838378906,0.1563652604818344,0.19649560749530792,3.5102279980492312e-06,2.8576519071066286e-06,9.346281082400765e-09
centerline,0.4353233897644613,0.0,0.003134328406304121,0.0,294.0331726074219,0.15636223554611206,0.19649280607700348,5.749953743361402e-06,4.680247457145015e-06,1.4724190755543987e-08
centerline,0.49751242234682047,0.0,0.003582089440897107,0.0,294.0528869628906,0.15635792911052704,0.19648882746696472,8.937979146139696e-06,7.274051768035861e-06,2.200338578006722e-08
centerline,0.5597015196043584,0.0,0.0040298509411513805,0.0,294.08050537109375,0.15635205805301666,0.19648340344429016,1.3281999599712435e-05,1.0807760190800764e-05,3.1432392688657274e-08
centerline,0.6218905198491282,0.0,0.004477611742913723,0.0,294.1176452636719,0.15634435415267944,0.1964762806892395,1.8983315385412425e-05,1.5444797099917196e-05,4.3195125698503034e-08
centerline,0.6840795847690768,0.0,0.004925373010337353,0.0,294.1659851074219,0.15633457899093628,0.19646723568439484,2.622536885610316e-05,2.133400266757235e-05,5.739686059769156e-08
centerline,0.7462686496890254,0.0,0.0053731342777609825,0.0,294.22698974609375,0.15632249414920807,0.19645607471466064,3.516503784339875e-05,2.860255517589394e-05,7.405915880553948e-08
centerline,0.808457714608974,0.0,0.005820895545184612,0.0,294.30206298828125,0.15630796551704407,0.1964426338672638,4.592787809087895e-05,3.73520961147733e-05,9.312368121072723e-08
centerline,0.8706467795289226,0.0,0.006268656812608242,0.0,294.3923034667969,0.15629084408283234,0.19642680883407593,5.860647070221603e-05,4.765738776768558e-05,1.1446199721376615e-07
centerline,0.9328358444488711,0.0,0.006716418080031872,0.0,294.4986572265625,0.1562710404396057,0.19640851020812988,7.325887418119237e-05,5.956507447990589e-05,1.3788537955861102e-07
centerline,0.9950248446936409,0.0,0.007164178881794214,0.0,294.62176513671875,0.156248539686203,0.19638772308826447,8.991087088361382e-05,7.30954998289235e-05,1.6315951256729022e-07
centerline,1.0572139096135895,0.0,0.007611940149217844,0.0,294.7620849609375,0.1562233418226242,0.19636444747447968,0.00010856406879611313,8.824934047879651e-05,1.9002627027475683e-07
centerline,1.1194030392087169,0.0,0.008059701882302761,0.0,294.91986083984375,0.15619544684886932,0.1963386982679367,0.00012920305016450584,0.00010501339420443401,2.1822076234911947e-07
centerline,1.1815921041286654,0.0,0.00850746314972639,0.0,295.0953063964844,0.15616488456726074,0.19631050527095795,0.00015179799811448902,0.0001233627408510074,2.474795053331036e-07
centerline,1.2437810396982565,0.0,0.008955223485827446,0.0,295.28839111328125,0.15613172948360443,0.19627992808818817,0.0001763091131579131,0.00014326437667477876,2.7754924758482957e-07
centerline,1.305970104618205,0.0,0.009402984753251076,0.0,295.4991149902344,0.15609602630138397,0.19624702632427216,0.00020268977095838636,0.00016467974637635052,3.081925115111517e-07
centerline,1.3681591695381536,0.0,0.009850746020674706,0.0,295.727294921875,0.15605783462524414,0.19621185958385468,0.00023088646412361413,0.00018756485951598734,3.3918834674295795e-07
centerline,1.4303482344581022,0.0,0.010298507288098335,0.0,295.97271728515625,0.1560172289609909,0.1961745023727417,0.000260840606642887,0.00021187156380619854,3.7033424860055675e-07
centerline,1.4925372993780508,0.0,0.010746268555521965,0.0,296.2351379394531,0.15597429871559143,0.1961350440979004,0.0002924900909420103,0.00023754898575134575,4.014474654923106e-07
centerline,1.5547263642979994,0.0,0.011194029822945595,0.0,296.51422119140625,0.1559290885925293,0.19609354436397552,0.00032577128149569035,0.0002645450585987419,4.3236599367446615e-07
centerline,1.616915429217948,0.0,0.011641791090369225,0.0,296.80963134765625,0.15588170289993286,0.19605010747909546,0.0003606199170462787,0.00029280735179781914,4.62947895130128e-07
centerline,1.6791044941378965,0.0,0.012089552357792854,0.0,297.1209716796875,0.1558322012424469,0.19600479304790497,0.0003969699318986386,0.0003222821105737239,4.930689101456665e-07
centerline,1.741293559057845,0.0,0.012537313625216484,0.0,297.4478454589844,0.15578065812587738,0.19595769047737122,0.00043475348502397537,0.0003529142413754016,5.226210078035365e-07
centerline,1.8034826239777937,0.0,0.012985074892640114,0.0,297.7898254394531,0.15572714805603027,0.19590887427330017,0.0004739041905850172,0.00038464998942799866,5.515134944289457e-07
centerline,1.8656716888977423,0.0,0.013432836160063744,0.0,298.1464538574219,0.15567173063755035,0.195858433842659,0.0005143576418049634,0.00041743728797882795,5.796722462036996e-07
centerline,1.9278607538176908,0.0,0.013880597427487373,0.0,298.517333984375,0.1556144803762436,0.19580644369125366,0.0005560507415793836,0.00045122517622075975,6.070374070077378e-07
centerline,1.9900496893872819,0.0,0.014328357763588428,0.0,298.9019775390625,0.15555544197559357,0.19575296342372894,0.0005989215569570661,0.0004859640612266958,6.335625357678509e-07
centerline,2.0522387543072305,0.0,0.014776119031012058,0.0,299.2999572753906,0.15549467504024506,0.1956980675458908,0.0006429097848013043,0.0005216056597419083,6.592132422156283e-07
centerline,2.114427819227179,0.0,0.015223880298435688,0.0,299.7108459472656,0.15543220937252045,0.19564181566238403,0.000687957217451185,0.000558103492949158,6.839665047664312e-07
centerline,2.176617013497485,0.0,0.015671642497181892,0.0,300.13421630859375,0.1553681194782257,0.19558429718017578,0.0007340075680986047,0.0005954127991572022,7.078090220602462e-07
centerline,2.2388060784174337,0.0,0.016119403764605522,0.0,300.56964111328125,0.15530240535736084,0.19552554190158844,0.0007810065289959311,0.000633490621112287,7.307361897801457e-07
centerline,2.3009951433373823,0.0,0.016567165032029152,0.0,301.0167236328125,0.15523512661457062,0.19546560943126678,0.000828901887871325,0.0006722958059981465,7.527501679760462e-07
centerline,2.363184208257331,0.0,0.01701492629945278,0.0,301.47503662109375,0.15516626834869385,0.19540457427501678,0.000877643353305757,0.0007117890636436641,7.738623253317201e-07
centerline,2.4253730144765644,0.0,0.017462685704231262,0.0,301.9441833496094,0.1550958752632141,0.19534246623516083,0.0009271824965253472,0.0007519327336922288,7.940963087094133e-07
centerline,2.487562079396513,0.0,0.017910446971654892,0.0,302.4237976074219,0.1550239473581314,0.1952793300151825,0.0009774729842320085,0.0007926907856017351,8.134871336551441e-07
centerline,2.5497511443164615,0.0,0.01835820823907852,0.0,302.91351318359375,0.15495049953460693,0.19521521031856537,0.001028470229357481,0.000834028993267566,8.320819233631482e-07
centerline,2.61194020923641,0.0,0.01880596950650215,0.0,303.41302490234375,0.1548755019903183,0.19515013694763184,0.0010801313910633326,0.0008759148186072707,8.499354748892074e-07
centerline,2.6741292741563587,0.0,0.01925373077392578,0.0,303.9219055175781,0.1547989547252655,0.19508415460586548,0.00113241549115628,0.0009183172369375825,8.671188425068976e-07
centerline,2.7363183390763073,0.0,0.01970149204134941,0.0,304.4399108886719,0.15472084283828735,0.19501729309558868,0.001185283181257546,0.0009612069115974009,8.837247378323809e-07
centerline,2.798507403996256,0.0,0.02014925330877304,0.0,304.9667053222656,0.15464113652706146,0.19494956731796265,0.001238696975633502,0.0010045558447018266,8.998528073789203e-07
centerline,2.8606964689162044,0.0,0.02059701457619667,0.0,305.501953125,0.15455980598926544,0.19488100707530975,0.0012926205527037382,0.0010483375517651439,9.155975249086623e-07
centerline,2.922885533836153,0.0,0.0210447758436203,0.0,306.0454406738281,0.1544768065214157,0.1948116272687912,0.0013470198027789593,0.001092527061700821,9.31034890072624e-07
centerline,2.9850745987561016,0.0,0.02149253711104393,0.0,306.59686279296875,0.1543920934200287,0.19474144279956818,0.0014018616639077663,0.001137100625783205,9.462169145990629e-07
centerline,3.04726366367605,0.0,0.02194029837846756,0.0,307.1559753417969,0.15430563688278198,0.19467046856880188,0.0014571147039532661,0.0011820358922705054,9.61172190727666e-07
centerline,3.1094527285959987,0.0,0.02238805964589119,0.0,307.7225341796875,0.15421734750270844,0.1945987045764923,0.0015127485385164618,0.0012273113243281841,9.759053227753611e-07
centerline,3.1716417935159473,0.0,0.02283582091331482,0.0,308.2962951660156,0.15412716567516327,0.19452616572380066,0.0015687335981056094,0.0012729060836136341,9.904027820084593e-07
centerline,3.233830858435896,0.0,0.02328358218073845,0.0,308.8770446777344,0.1540350466966629,0.19445285201072693,0.0016250413609668612,0.001318800263106823,1.004649675451219e-06
centerline,3.2960199233558445,0.0,0.02373134344816208,0.0,309.464599609375,0.15394088625907898,0.19437876343727112,0.0016816442366689444,0.001364974887110293,1.0186181498283986e-06
centerline,3.358208988275793,0.0,0.02417910471558571,0.0,310.0586853027344,0.15384462475776672,0.19430388510227203,0.0017385156825184822,0.0014114119112491608,1.0322552270736196e-06
centerline,3.4203980531957416,0.0,0.02462686598300934,0.0,310.6591796875,0.15374617278575897,0.19422823190689087,0.0017956304363906384,0.0014580943388864398,1.045503381646995e-06
centerline,3.48258711811569,0.0,0.025074627250432968,0.0,311.265869140625,0.15364542603492737,0.19415177404880524,0.0018529637018218637,0.0015050055226311088,1.0583121365925763e-06
centerline,3.544776183035639,0.0,0.025522388517856598,0.0,311.87860107421875,0.15354229509830475,0.19407451152801514,0.0019104907987639308,0.0015521291643381119,1.0706488637879374e-06
centerline,3.6069652479555874,0.0,0.025970149785280228,0.0,312.49713134765625,0.15343667566776276,0.19399641454219818,0.0019681875128299,0.0015994489658623934,1.0824965102074202e-06
centerline,3.669154312875536,0.0,0.026417911052703857,0.0,313.121337890625,0.15332847833633423,0.19391749799251556,0.0020260289311408997,0.0016469492111355066,1.0938717878161697e-06
centerline,3.7313433777954845,0.0,0.026865672320127487,0.0,313.7510070800781,0.1532175987958908,0.1938377320766449,0.0020839935168623924,0.0016946140676736832,1.1049385193473427e-06
centerline,11.860670314894783,0.0,0.08539682626724243,0.0,375.70501708984375,0.06093471869826317,0.1610429435968399,0.004446184262633324,0.0057921940460801125,7.683333933528047e-06
centerline,11.485890588826603,0.0,0.08269841223955154,0.0,378.3302917480469,0.064811110496521,0.16235007345676422,0.004656992387026548,0.00586510868743062,7.543484571215231e-06
centerline,11.111110862758425,0.0,0.07999999821186066,0.0,381.3182373046875,0.06994254887104034,0.164042130112648,0.004917346406728029,0.005945717450231314,7.285110768862069e-06
centerline,10.987103192342653,0.0,0.0791071429848671,0.0,382.2984619140625,0.07185553759336472,0.16466838121414185,0.005009836982935667,0.005971989594399929,7.169877790147439e-06
centerline,10.86309552192688,0.0,0.07821428775787354,0.0,383.0650329589844,0.07357652485370636,0.16523048281669617,0.005089227110147476,0.005992526654154062,7.052485216263449e-06
centerline,10.739086816708246,0.0,0.07732142508029938,0.0,383.72015380859375,0.0752476155757904,0.16577273607254028,0.005162633955478668,0.006009428761899471,6.930916242708918e-06
centerline,10.615079146292475,0.0,0.07642856985330582,0.0,384.31170654296875,0.07696046680212021,0.1663249433040619,0.005234397482126951,0.006023888010531664,6.802325515309349e-06
centerline,10.491071475876703,0.0,0.07553571462631226,0.0,384.84442138671875,0.0787370502948761,0.16689550876617432,0.005305380094796419,0.006036088801920414,6.665084583801217e-06
centerline,10.36706380546093,0.0,0.0746428593993187,0.0,385.3096008300781,0.08057373017072678,0.16748422384262085,0.005375151056796312,0.006045802962034941,6.518470854643965e-06
centerline,10.243055100242296,0.0,0.07374999672174454,0.0,385.6985168457031,0.0824679583311081,0.1680905967950821,0.005443212576210499,0.00605270778760314,6.364106411638204e-06
centerline,10.119047429826525,0.0,0.07285714149475098,0.0,386.0030517578125,0.08442115038633347,0.16871538758277893,0.005509187001734972,0.0060564735904335976,6.204661531228339e-06
centerline,9.995039759410753,0.0,0.07196428626775742,0.0,386.2142028808594,0.08643089234828949,0.16935819387435913,0.005572549067437649,0.006056752987205982,6.041971118975198e-06
centerline,9.87103208899498,0.0,0.07107143104076385,0.0,386.3227844238281,0.08849173784255981,0.17001774907112122,0.005632654298096895,0.00605317996814847,5.877363037143368e-06
centerline,9.747023383776346,0.0,0.0701785683631897,0.0,386.3204040527344,0.0906023159623146,0.17069391906261444,0.005688948556780815,0.006045355461537838,5.711618996429024e-06
centerline,9.623015713360575,0.0,0.06928571313619614,0.0,386.1983947753906,0.09276585280895233,0.17138805985450745,0.00574095593765378,0.006032827775925398,5.545154635910876e-06
centerline,9.499008042944803,0.0,0.06839285790920258,0.0,385.94720458984375,0.09498780965805054,0.17210225760936737,0.005788198672235012,0.0060150898061692715,5.378215973905753e-06
centerline,9.37500037252903,0.0,0.06750000268220901,0.0,385.5583801269531,0.09726275503635406,0.1728353053331375,0.0058299703523516655,0.005991727113723755,5.211696588958148e-06
centerline,9.250991667310396,0.0,0.06660714000463486,0.0,385.0245361328125,0.09958282858133316,0.17358529567718506,0.005865484941750765,0.005962328054010868,5.046818841947243e-06
centerline,9.126983996894625,0.0,0.0657142847776413,0.0,384.340576171875,0.10194040834903717,0.17435027658939362,0.005894034169614315,0.005926529876887798,4.884798727289308e-06
centerline,9.002976326478853,0.0,0.06482142955064774,0.0,383.5064697265625,0.10431830585002899,0.17512527108192444,0.005914892535656691,0.005884198006242514,4.72729152534157e-06
centerline,8.87896865606308,0.0,0.06392857432365417,0.0,382.52252197265625,0.10670626908540726,0.17590738832950592,0.0059274774976074696,0.0058351317420601845,4.575608727463987e-06
centerline,8.754959950844446,0.0,0.06303571164608002,0.0,381.38775634765625,0.10910063982009888,0.1766958236694336,0.005931317340582609,0.005779057275503874,4.430502940522274e-06
centerline,8.630952280428675,0.0,0.062142856419086456,0.0,380.10772705078125,0.11148861050605774,0.1774868220090866,0.005926031619310379,0.005715998820960522,4.292980520403944e-06
centerline,8.506944610012903,0.0,0.061250001192092896,0.0,378.69329833984375,0.11385264992713928,0.1782749593257904,0.005911386106163263,0.005646211560815573,4.164174242760055e-06
centerline,8.3829364221957,0.0,0.060357142239809036,0.0,377.1548156738281,0.11618024110794067,0.1790563464164734,0.005887297913432121,0.005569944158196449,4.044816250825534e-06
centerline,8.258928751779928,0.0,0.059464287012815475,0.0,375.5037536621094,0.11846083402633667,0.17982764542102814,0.0058538224548101425,0.005487506277859211,3.935504537366796e-06
centerline,8.134920563962725,0.0,0.058571428060531616,0.0,373.7529602050781,0.12068415433168411,0.18058550357818604,0.005811146926134825,0.005399301182478666,3.83444739782135e-06
centerline,8.010912893546953,0.0,0.057678572833538055,0.0,371.91619873046875,0.12284088134765625,0.18132685124874115,0.005759584717452526,0.005305802915245295,3.737408633242012e-06
centerline,7.88690470572975,0.0,0.056785713881254196,0.0,370.0076904296875,0.12492289394140244,0.18204887211322784,0.005699553992599249,0.005207539070397615,3.6424755762709538e-06
centerline,7.762897035313977,0.0,0.055892858654260635,0.0,368.0422058105469,0.12692300975322723,0.18274901807308197,0.005631583277136087,0.005105100572109222,3.5493087580107385e-06
centerline,7.638888847496775,0.0,0.054999999701976776,0.0,366.0354919433594,0.12883448600769043,0.18342475593090057,0.005556327290832996,0.0049991668201982975,3.4566021440696204e-06
centerline,7.514881177081002,0.0,0.054107144474983215,0.0,364.0033874511719,0.13065166771411896,0.18407388031482697,0.00547453761100769,0.004890465177595615,3.362482630109298e-06
centerline,7.3908729892638,0.0,0.053214285522699356,0.0,361.96014404296875,0.1323709636926651,0.1846947968006134,0.005386993754655123,0.0047796922735869884,3.264422502979869e-06
centerline,7.266865318848027,0.0,0.052321430295705795,0.0,359.91827392578125,0.13399077951908112,0.1852865219116211,0.005294476635754108,0.004667493049055338,3.1590966500516515e-06
centerline,7.142857131030825,0.0,0.051428571343421936,0.0,357.8883361816406,0.13551115989685059,0.1858486831188202,0.0051977261900901794,0.004554454702883959,3.054725993933971e-06
centerline,7.018849460615052,0.0,0.050535716116428375,0.0,355.8791198730469,0.1369336098432541,0.18638132512569427,0.00509744044393301,0.004441092722117901,2.956275011456455e-06
centerline,6.89484127279785,0.0,0.049642857164144516,0.0,353.8976135253906,0.13826081156730652,0.18688493967056274,0.004994268994778395,0.004327844828367233,2.8610622848646017e-06
centerline,6.770833084980647,0.0,0.04874999821186066,0.0,351.9490661621094,0.13949643075466156,0.18736037611961365,0.004888786468654871,0.00421507004648447,2.7679889171849936e-06
centerline,6.646825414564875,0.0,0.047857142984867096,0.0,350.03704833984375,0.140644833445549,0.18780875205993652,0.004781494848430157,0.004103046376258135,2.6731497655418934e-06
centerline,6.522817226747672,0.0,0.04696428403258324,0.0,348.163818359375,0.14171086251735687,0.18823137879371643,0.004672809969633818,0.003991978708654642,2.576461611170089e-06
centerline,6.3988095563319,0.0,0.046071428805589676,0.0,346.330322265625,0.14269965887069702,0.18862973153591156,0.0045630671083927155,0.0038820032496005297,2.4785363166301977e-06
centerline,6.274801368514697,0.0,0.04517856985330582,0.0,344.5365905761719,0.1436164677143097,0.18900533020496368,0.004452529363334179,0.003773197764530778,2.379869556534686e-06
centerline,6.150793698098925,0.0,0.044285714626312256,0.0,342.7818908691406,0.14446650445461273,0.18935978412628174,0.004341397434473038,0.0036655892618000507,2.27976397582097e-06
centerline,6.026785510281722,0.0,0.0433928556740284,0.0,341.06488037109375,0.14525485038757324,0.1896946132183075,0.004229816608130932,0.003559164935722947,2.1776356788905105e-06
centerline,5.90277783986595,0.0,0.042500000447034836,0.0,339.3839111328125,0.14598634839057922,0.19001136720180511,0.004117883741855621,0.0034538807813078165,2.074274107144447e-06
centerline,5.778769652048747,0.0,0.04160714149475098,0.0,337.7370300292969,0.14666560292243958,0.1903115212917328,0.004005656111985445,0.003349670674651861,1.970900939340936e-06
centerline,5.654761981632975,0.0,0.040714286267757416,0.0,336.1221618652344,0.14729687571525574,0.19059641659259796,0.0038931607268750668,0.0032464531250298023,1.8689778471525642e-06
centerline,5.530753793815772,0.0,0.039821427315473557,0.0,334.5373229980469,0.14788411557674408,0.1908673644065857,0.0037804071325808764,0.003144140588119626,1.770123049027461e-06
centerline,5.4067461234,0.0,0.038928572088479996,0.0,332.9805603027344,0.1484309285879135,0.1911255568265915,0.0036673930007964373,0.003042645286768675,1.6759717027525767e-06
centerline,5.282737935582797,0.0,0.038035713136196136,0.0,331.449951171875,0.14894066751003265,0.1913721114397049,0.003554097842425108,0.0029418705962598324,1.587980932526989e-06
centerline,5.158730265167025,0.0,0.037142857909202576,0.0,329.94354248046875,0.14941644668579102,0.19160805642604828,0.003440486965700984,0.002841715468093753,1.5072929500092869e-06
centerline,5.034722077349822,0.0,0.036249998956918716,0.0,328.4598083496094,0.14986103773117065,0.19183436036109924,0.0033265366218984127,0.00274209538474679,1.4349627690535272e-06
centerline,4.91071440693405,0.0,0.035357143729925156,0.0,326.99749755859375,0.15027694404125214,0.19205182790756226,0.0032122365664690733,0.0026429432909935713,1.371945131722896e-06
centerline,4.786706219116847,0.0,0.034464284777641296,0.0,325.5556945800781,0.15066641569137573,0.1922612339258194,0.003097590757533908,0.0025442074984312057,1.3187175227358239e-06
centerline,4.662698548701075,0.0,0.033571429550647736,0.0,324.1333312988281,0.15103161334991455,0.19246329367160797,0.002982590813189745,0.00244582979939878,1.2751166877933429e-06
centerline,4.538690360883872,0.0,0.032678570598363876,0.0,322.7296142578125,0.15137451887130737,0.1926586627960205,0.002867233706638217,0.002347758738324046,1.2403187383824843e-06
centerline,4.4146826904681,0.0,0.031785715371370316,0.0,321.3450622558594,0.15169666707515717,0.1928478181362152,0.002751624444499612,0.0022500359918922186,1.2129228252888424e-06
centerline,4.290674502650897,0.0,0.030892856419086456,0.0,319.9815368652344,0.15199927985668182,0.19303101301193237,0.002635990036651492,0.0021528068464249372,1.1911039337064722e-06
centerline,4.1666665735344095,0.0,0.029999999329447746,0.0,318.43487548828125,0.15232530236244202,0.19323496520519257,0.0025030423421412706,0.0020415950566530228,1.1702740039254422e-06
centerline,4.104477508614461,0.0,0.029552238062024117,0.0,317.65411376953125,0.15248437225818634,0.19333705306053162,0.0024349475279450417,0.00198484119027853,1.160426791102509e-06
centerline,4.042288443694512,0.0,0.029104476794600487,0.0,316.9788513183594,0.15261796116828918,0.19342486560344696,0.002375169890001416,0.0019351784139871597,1.1519347253852175e-06
centerline,3.9800993787745638,0.0,0.028656715527176857,0.0,316.3215026855469,0.15274477005004883,0.19350965321063995,0.0023166497703641653,0.0018866648897528648,1.1434284488132107e-06
centerline,3.9179105725553303,0.0,0.028208956122398376,0.0,315.67132568359375,0.1528676599264145,0.1935930997133255,0.0022583918180316687,0.0018384568393230438,1.1345971415721579e-06
centerline,3.8557215076353817,0.0,0.027761194854974747,0.0,315.026123046875,0.1529873013496399,0.19367554783821106,0.0022001941688358784,0.0017903801053762436,1.1253065395067097e-06
centerline,3.793532442715433,0.0,0.027313433587551117,0.0,314.385986328125,0.15310390293598175,0.1937570869922638,0.002142056357115507,0.001742428750731051,1.1154826324855094e-06
centerline,3.7313433777954845,0.0,0.026865672320127487,0.0,313.7510070800781,0.1532175987958908,0.1938377320766449,0.0020839935168623924,0.0016946140676736832,1.1049385193473427e-06
centerline,45.08377363284429,0.0,0.3246031701564789,0.0,297.42169189453125,0.00042708683758974075,0.10538210719823837,7.352259854087606e-05,0.0028454745188355446,1.4665890546439186e-07
centerline,44.047617250018654,0.0,0.3171428442001343,0.0,297.4031066894531,0.00043484053458087146,0.10634300112724304,7.439419277943671e-05,0.0028716980013996363,1.4860270880490134e-07
centerline,43.01146500640446,0.0,0.30968254804611206,0.0,297.3866271972656,0.00044405373046174645,0.10734576731920242,7.531703886343166e-05,0.0028991769067943096,1.5076145132297825e-07
centerline,41.97530862357881,0.0,0.30222222208976746,0.0,297.3758544921875,0.0004557751235552132,0.10839521884918213,7.649776671314612e-05,0.002928097965195775,1.5344107850978617e-07
centerline,40.939152240753174,0.0,0.29476189613342285,0.0,297.3759765625,0.0004716083058156073,0.10949058830738068,7.807045767549425e-05,0.002958531491458416,1.569618461871869e-07
centerline,39.90299999713898,0.0,0.28730159997940063,0.0,297.3970031738281,0.000495152547955513,0.11063845455646515,8.035102655412629e-05,0.002990835113450885,1.620220189124666e-07
centerline,38.86684361431334,0.0,0.27984127402305603,0.0,297.4522399902344,0.0005318719777278602,0.11185721307992935,8.383516978938133e-05,0.0030257380567491055,1.6969333671568165e-07
centerline,37.8306872314877,0.0,0.2723809480667114,0.0,297.56024169921875,0.0005897912778891623,0.11315455287694931,8.924613939598203e-05,0.0030637369491159916,1.8168765336668002e-07
centerline,36.794530848662056,0.0,0.2649206221103668,0.0,297.7468566894531,0.0006807778845541179,0.1145164892077446,9.76880473899655e-05,0.0031047803349792957,2.007303692153073e-07
centerline,35.75837860504786,0.0,0.2574603259563446,0.0,298.0376892089844,0.0008189171203412116,0.11589190363883972,0.00011052247282350436,0.00314773409627378,2.3028509588129964e-07
centerline,34.72222222222222,0.0,0.25,0.0,298.50616455078125,0.0010426259832456708,0.11739324778318405,0.0001312143576797098,0.003196787554770708,2.790414725950541e-07
centerline,34.3474435309569,0.0,0.2473015934228897,0.0,298.7322998046875,0.0011525944573804736,0.11799958348274231,0.00014132972864899784,0.0032171648927032948,3.032339748187951e-07
centerline,33.97266277008587,0.0,0.24460317194461823,0.0,298.9743957519531,0.0012729555601254106,0.11860039830207825,0.00015235721366479993,0.0032376861199736595,3.299375919141312e-07
centerline,33.59788407882055,0.0,0.24190476536750793,0.0,299.2253723144531,0.0013998346403241158,0.119169682264328,0.00016390673408750445,0.0032575130462646484,3.5828324485009944e-07
centerline,33.22310331794951,0.0,0.23920634388923645,0.0,299.48992919921875,0.0015352508053183556,0.11971752345561981,0.0001761132589308545,0.0032769981771707535,3.886467538904981e-07
centerline,32.84832462668419,0.0,0.23650793731212616,0.0,299.7715759277344,0.001680783461779356,0.12024996429681778,0.0001890810817712918,0.0032963596750050783,4.213314639400778e-07
centerline,32.47354593541887,0.0,0.23380953073501587,0.0,300.0733642578125,0.0018380036344751716,0.12077224254608154,0.00020292882982175797,0.003315787296742201,4.5666428150070715e-07
centerline,32.09876517454783,0.0,0.23111110925674438,0.0,300.3970642089844,0.002007913077250123,0.12128715217113495,0.00021773227490484715,0.003335381858050823,4.948641958435473e-07
centerline,31.723986483282513,0.0,0.2284127026796341,0.0,300.74505615234375,0.0021919652353972197,0.12179774791002274,0.00023360848717857152,0.0033552651293575764,5.362552428778145e-07
centerline,31.349205722411476,0.0,0.2257142812013626,0.0,301.1180725097656,0.0023907707072794437,0.12230595201253891,0.0002506023447494954,0.0033755002077668905,5.809718572891143e-07
centerline,30.974427031146156,0.0,0.22301587462425232,0.0,301.5160827636719,0.002604476409032941,0.12281162291765213,0.0002687155792955309,0.0033960810396820307,6.290340479608858e-07
centerline,30.599646270275116,0.0,0.22031745314598083,0.0,301.9397277832031,0.0028335421811789274,0.12331594526767731,0.00028797838604077697,0.0034170481376349926,6.805338443882647e-07
centerline,30.2248675790098,0.0,0.21761904656887054,0.0,302.38946533203125,0.0030783151742070913,0.12381970882415771,0.00030841067200526595,0.0034384289756417274,7.355343427661865e-07
centerline,29.85008888774448,0.0,0.21492063999176025,0.0,302.8659973144531,0.003339302260428667,0.12432409822940826,0.0003300481475889683,0.0034602663945406675,7.941406465761247e-07
centerline,29.47530812687344,0.0,0.21222221851348877,0.0,303.36956787109375,0.003616733243688941,0.12482976168394089,0.000352905917679891,0.0034825801849365234,8.564013000977866e-07
centerline,29.100529435608124,0.0,0.20952381193637848,0.0,303.9011535644531,0.003911257721483707,0.12533779442310333,0.0003770341572817415,0.0035054171457886696,9.224596055901202e-07
centerline,28.725748674737083,0.0,0.206825390458107,0.0,304.4616394042969,0.0042235469445586205,0.12584948539733887,0.0004024874942842871,0.0035288280341774225,9.924699497787515e-07
centerline,28.350969983471764,0.0,0.2041269838809967,0.0,305.0516357421875,0.0045540970750153065,0.12636572122573853,0.00042930388008244336,0.003552848706021905,1.066539880412165e-06
centerline,27.976191292206448,0.0,0.2014285773038864,0.0,305.6720886230469,0.004903631284832954,0.12688758969306946,0.00045754111488349736,0.003577527590095997,1.1448305485828314e-06
centerline,27.601410531335407,0.0,0.19873015582561493,0.0,306.32415771484375,0.005272991955280304,0.1274162232875824,0.0004872654681093991,0.003602918004617095,1.2275248764126445e-06
centerline,27.22663184007009,0.0,0.19603174924850464,0.0,307.0091857910156,0.0056631676852703094,0.12795278429985046,0.0005185544141568244,0.003629077924415469,1.314834548793442e-06
centerline,26.85185107919905,0.0,0.19333332777023315,0.0,307.7284240722656,0.006075157783925533,0.12849833071231842,0.0005514867370948195,0.0036560629960149527,1.406971932738088e-06
centerline,26.47707238793373,0.0,0.19063492119312286,0.0,308.483154296875,0.006510022561997175,0.12905384600162506,0.0005861446261405945,0.0036839288659393787,1.5041550796013325e-06
centerline,26.102293696668415,0.0,0.18793651461601257,0.0,309.2745056152344,0.006968745030462742,0.12962019443511963,0.0006226044497452676,0.003712724195793271,1.606581008672947e-06
centerline,25.727512935797375,0.0,0.1852380931377411,0.0,310.10369873046875,0.007452427409589291,0.1301981657743454,0.0006609504926018417,0.003742500673979521,1.7144632238341728e-06
centerline,25.352734244532055,0.0,0.1825396865606308,0.0,310.97216796875,0.007962321862578392,0.130788654088974,0.0007012785063125193,0.003773315344005823,1.8280404674442252e-06
centerline,24.977953483661018,0.0,0.17984126508235931,0.0,311.88116455078125,0.008499650284647942,0.13139240443706512,0.000743680284358561,0.0038052203599363565,1.9475319277262315e-06
centerline,24.6031747923957,0.0,0.17714285850524902,0.0,312.8316650390625,0.009065516293048859,0.13200992345809937,0.0007882380159571767,0.0038382583297789097,2.0731185941258445e-06
centerline,24.228394031524658,0.0,0.17444443702697754,0.0,313.8246765136719,0.009661084040999413,0.13264168798923492,0.0008350377902388573,0.0038724711630493402,2.2049805465940153e-06
centerline,23.853615340259342,0.0,0.17174603044986725,0.0,314.8608703613281,0.010287375189363956,0.13328786194324493,0.0008841539965942502,0.003907888662070036,2.343247615499422e-06
centerline,23.478836648994022,0.0,0.16904762387275696,0.0,315.94134521484375,0.010945688001811504,0.13394872844219208,0.0009356820373795927,0.0039445506408810616,2.488091013219673e-06
centerline,23.104055888122982,0.0,0.16634920239448547,0.0,317.0674133300781,0.011637556366622448,0.1346246898174286,0.0009897348936647177,0.003982507158070803,2.6397069632366765e-06
centerline,22.729277196857666,0.0,0.16365079581737518,0.0,318.2398681640625,0.012364293448626995,0.13531583547592163,0.0010464071528986096,0.004021790809929371,2.7982125629932852e-06
centerline,22.354496435986626,0.0,0.1609523743391037,0.0,319.4595031738281,0.013127267360687256,0.13602213561534882,0.001105796080082655,0.00406243372708559,2.963699444080703e-06
centerline,21.979717744721306,0.0,0.1582539677619934,0.0,320.7270202636719,0.013927866704761982,0.1367434710264206,0.00116799958050251,0.004104464314877987,3.136221039312659e-06
centerline,21.60493905345599,0.0,0.15555556118488312,0.0,322.04302978515625,0.014767499640583992,0.13747958838939667,0.0012331143952906132,0.004147904925048351,3.31578098666796e-06
centerline,21.23015829258495,0.0,0.15285713970661163,0.0,323.4081115722656,0.015647633001208305,0.13823015987873077,0.0013012400595471263,0.004192777909338474,3.502334948279895e-06
centerline,20.85537960131963,0.0,0.15015873312950134,0.0,324.82269287109375,0.01656975783407688,0.13899469375610352,0.001372475060634315,0.004239099100232124,3.6957710563001456e-06
centerline,20.480598840448593,0.0,0.14746031165122986,0.0,326.28729248046875,0.017535466700792313,0.13977262377738953,0.0014469224261119962,0.004286883398890495,3.895913323503919e-06
centerline,20.105820149183273,0.0,0.14476190507411957,0.0,327.8023986816406,0.018546458333730698,0.14056333899497986,0.0015246893744915724,0.004336141981184483,4.1025091377377976e-06
centerline,19.731041457917957,0.0,0.14206349849700928,0.0,329.3685607910156,0.019604569301009178,0.1413661241531372,0.0016058889450505376,0.0043868860229849815,4.315217665862292e-06
centerline,19.356260697046917,0.0,0.1393650770187378,0.0,330.9864196777344,0.020711803808808327,0.14218021929264069,0.0016906411619856954,0.004439124371856451,4.533595529210288e-06
centerline,18.981482005781597,0.0,0.1366666704416275,0.0,332.65673828125,0.021870382130146027,0.1430048942565918,0.001779075595550239,0.004492865409702063,4.757089300255757e-06
centerline,18.606701244910557,0.0,0.13396824896335602,0.0,334.3804016113281,0.023082783445715904,0.14383935928344727,0.0018713324097916484,0.004548117984086275,4.985014129488263e-06
centerline,18.23192255364524,0.0,0.13126984238624573,0.0,336.1583557128906,0.024351730942726135,0.1446828693151474,0.0019675600342452526,0.004604889079928398,5.216521458351053e-06
centerline,17.85714386237992,0.0,0.12857143580913544,0.0,337.99169921875,0.02568022906780243,0.1455347239971161,0.0020679146982729435,0.0046631828881800175,5.450581284094369e-06
centerline,17.482363101508884,0.0,0.12587301433086395,0.0,339.88177490234375,0.02707175351679325,0.14639432728290558,0.002172572538256645,0.004723004996776581,5.6859762480598874e-06
centerline,17.107583375440704,0.0,0.12317460030317307,0.0,341.8304443359375,0.02853044494986534,0.14726129174232483,0.002281738677993417,0.004784368444234133,5.9212961787125096e-06
centerline,16.732804684175385,0.0,0.12047619372606277,0.0,343.83984375,0.030061200261116028,0.14813554286956787,0.0023956503719091415,0.004847291857004166,6.15489170741057e-06
centerline,16.358024958107208,0.0,0.11777777969837189,0.0,345.9122619628906,0.03166963532567024,0.14901725947856903,0.0025145672261714935,0.004911792930215597,6.384778771462152e-06
centerline,15.983245232039028,0.0,0.115079365670681,0.0,348.0499572753906,0.03336219862103462,0.14990702271461487,0.002638767706230283,0.004977887962013483,6.60853402223438e-06
centerline,15.60846550597085,0.0,0.11238095164299011,0.0,350.2551574707031,0.03514645993709564,0.15080586075782776,0.0027685537934303284,0.005045590456575155,6.8233944148232695e-06
centerline,15.23368577990267,0.0,0.10968253761529922,0.0,352.5296936035156,0.03703106567263603,0.15171532332897186,0.002904226304963231,0.005114901810884476,7.026433650025865e-06
centerline,14.858906053834492,0.0,0.10698412358760834,0.0,354.8750305175781,0.039026279002428055,0.15263758599758148,0.0030461095739156008,0.005185812246054411,7.214558536361437e-06
centerline,14.484127362569174,0.0,0.10428571701049805,0.0,357.2923278808594,0.0411447174847126,0.15357574820518494,0.003194598713889718,0.0052583045326173306,7.384361651929794e-06
centerline,14.109347636500996,0.0,0.10158730298280716,0.0,359.78106689453125,0.04340091347694397,0.1545337736606598,0.003350090002641082,0.00533232232555747,7.531968094554031e-06
centerline,13.734567910432816,0.0,0.09888888895511627,0.0,362.338134765625,0.04581169784069061,0.15551653504371643,0.0035129969473928213,0.005407743155956268,7.652806743863039e-06
centerline,13.359788184364637,0.0,0.09619047492742538,0.0,364.9573974609375,0.04839673265814781,0.1565299928188324,0.0036837290972471237,0.005484363064169884,7.741838999208994e-06
centerline,12.985008458296459,0.0,0.0934920608997345,0.0,367.626708984375,0.05117719992995262,0.15758095681667328,0.0038625483866780996,0.005561822559684515,7.79364381742198e-06
centerline,12.61022976703114,0.0,0.0907936543226242,0.0,370.326171875,0.05417490378022194,0.1586769074201584,0.004049420356750488,0.005639534909278154,7.803137123119086e-06
centerline,12.235450040962961,0.0,0.08809524029493332,0.0,373.02899169921875,0.05741482973098755,0.1598266214132309,0.004244031850248575,0.005716674495488405,7.767087481624912e-06
centerline,11.860670314894783,0.0,0.08539682626724243,0.0,375.70501708984375,0.06093471869826317,0.1610429435968399,0.004446184262633324,0.0057921940460801125,7.683333933528047e-06
centerline,100.00000397364299,0.0,0.7200000286102295,0.0,298.36285400390625,0.00032200056011788547,0.07554631680250168,5.8348465245217085e-05,0.0020428751595318317,1.1019310619531097e-07
centerline,98.96384345160591,0.0,0.7125396728515625,0.0,298.34564208984375,0.00031512524583376944,0.07534299790859222,5.688291639671661e-05,0.0020364627707749605,1.0850586562582976e-07
centerline,97.92769120799171,0.0,0.7050793766975403,0.0,298.3437805175781,0.00031535676680505276,0.0754072368144989,5.692084232578054e-05,0.002038193168118596,1.0858707355509978e-07
centerline,96.89153068595462,0.0,0.6976190209388733,0.0,298.3406982421875,0.00031572519219480455,0.07551179826259613,5.697993765352294e-05,0.0020410092547535896,1.0871636391129869e-07
centerline,95.85537844234042,0.0,0.6901587247848511,0.0,298.3364562988281,0.00031622115056961775,0.07565503567457199,5.7058961829170585e-05,0.0020448665600270033,1.0889127821656075e-07
centerline,94.81922619872623,0.0,0.6826984286308289,0.0,298.3311767578125,0.00031682816916145384,0.07583260536193848,5.7155393733410165e-05,0.002049647271633148,1.0910639502981212e-07
centerline,93.78306567668915,0.0,0.6752380728721619,0.0,298.3248596191406,0.000317541096592322,0.07604318112134933,5.726872041122988e-05,0.0020553162321448326,1.0936028616015392e-07
centerline,92.74691343307495,0.0,0.6677777767181396,0.0,298.3175964355469,0.00031835533445701003,0.07628559321165085,5.7398356148041785e-05,0.002061841543763876,1.0965162999809763e-07
centerline,91.71076118946075,0.0,0.6603174805641174,0.0,298.3093566894531,0.00031926846713759005,0.07655913382768631,5.754408994107507e-05,0.0020692043472081423,1.09979765738899e-07
centerline,90.67460066742368,0.0,0.6528571248054504,0.0,298.3001708984375,0.00032027828274294734,0.07686326652765274,5.770568532170728e-05,0.0020773899741470814,1.1034415337007886e-07
centerline,89.63844842380948,0.0,0.6453968286514282,0.0,298.2900695800781,0.0003213818999938667,0.0771971270442009,5.7882803957909346e-05,0.002086375141516328,1.1074392602949956e-07
centerline,88.60229618019528,0.0,0.637936532497406,0.0,298.279052734375,0.00032257704879157245,0.07756005972623825,5.807513662148267e-05,0.002096142154186964,1.1117840159613479e-07
centerline,87.5661356581582,0.0,0.630476176738739,0.0,298.2671813964844,0.0003238604112993926,0.07795105874538422,5.8282217651139945e-05,0.002106664003804326,1.1164648583417147e-07
centerline,86.529983414544,0.0,0.6230158805847168,0.0,298.2544250488281,0.0003252292226534337,0.07836928218603134,5.850361048942432e-05,0.0021179174073040485,1.1214725503805312e-07
centerline,85.49383117092981,0.0,0.6155555844306946,0.0,298.2408447265625,0.0003266798157710582,0.0788135901093483,5.8738722145790234e-05,0.0021298723295331,1.1267941602000064e-07
centerline,84.45767064889272,0.0,0.6080952286720276,0.0,298.2264709472656,0.0003282087272964418,0.07928293943405151,5.898695962969214e-05,0.0021425001323223114,1.1324172533022647e-07
centerline,83.42151840527852,0.0,0.6006349325180054,0.0,298.2113342285156,0.00032981164986267686,0.07977601885795593,5.924757715547457e-05,0.002155765425413847,1.1383263398556664e-07
centerline,82.38535788324144,0.0,0.5931745767593384,0.0,298.1954650878906,0.00033148430520668626,0.08029153943061829,5.951979983365163e-05,0.002169633749872446,1.1445056458114777e-07
centerline,81.34920563962724,0.0,0.5857142806053162,0.0,298.1789245605469,0.00033322168746963143,0.08082801103591919,5.9802747273352e-05,0.0021840650588274,1.150936839167116e-07
centerline,80.31305339601305,0.0,0.578253984451294,0.0,298.1617126464844,0.00033501876168884337,0.08138393610715866,6.009550634189509e-05,0.00219901860691607,1.157601516865725e-07
centerline,79.27689287397597,0.0,0.570793628692627,0.0,298.1439208984375,0.0003368699399288744,0.08195767551660538,6.039708023308776e-05,0.002214450389146805,1.1644789310594206e-07
centerline,78.24074063036177,0.0,0.5633333325386047,0.0,298.12554931640625,0.0003387695178389549,0.08254751563072205,6.070643576094881e-05,0.002230314537882805,1.1715478365204035e-07
centerline,77.20458838674757,0.0,0.5558730363845825,0.0,298.106689453125,0.00034071144182235,0.0831516832113266,6.102248880779371e-05,0.00224656262435019,1.1787859222067709e-07
centerline,76.1684278647105,0.0,0.5484126806259155,0.0,298.08740234375,0.0003426892508286983,0.08376821875572205,6.134408613434061e-05,0.002263142727315426,1.1861687454484127e-07
centerline,75.1322756210963,0.0,0.5409523844718933,0.0,298.0677185058594,0.00034469645470380783,0.08439518511295319,6.167007086332887e-05,0.0022800022270530462,1.1936717214666714e-07
centerline,74.0961233774821,0.0,0.5334920883178711,0.0,298.0476989746094,0.0003467272035777569,0.08503080159425735,6.19993734289892e-05,0.0022970931604504585,1.2012726813281915e-07
centerline,73.05996285544502,0.0,0.5260317325592041,0.0,298.02740478515625,0.0003487756766844541,0.0856732502579689,6.233093881746754e-05,0.0023143666330724955,1.208948674502608e-07
centerline,72.02381061183083,0.0,0.5185714364051819,0.0,298.0069274902344,0.0003508360532578081,0.08632070571184158,6.266370473895222e-05,0.0023317739833146334,1.2166765372967348e-07
centerline,70.98765836821663,0.0,0.5111111402511597,0.0,297.9862365722656,0.00035290297819301486,0.08697141706943512,6.299668166320771e-05,0.002349267480894923,1.224434669211405e-07
centerline,69.95149784617954,0.0,0.5036507844924927,0.0,297.9654846191406,0.0003549714747350663,0.0876237079501152,6.332894554361701e-05,0.0023668028879910707,1.23220203818164e-07
centerline,68.91534560256534,0.0,0.49619048833847046,0.0,297.94464111328125,0.00035703706089407206,0.0882759764790535,6.365963054122403e-05,0.002384336432442069,1.239959033227933e-07
centerline,67.8791892197397,0.0,0.48873016238212585,0.0,297.923828125,0.00035909563302993774,0.08892665803432465,6.398793630069122e-05,0.002401826437562704,1.2476864696964185e-07
centerline,66.84303283691406,0.0,0.48126983642578125,0.0,297.903076171875,0.00036114349495619535,0.08957422524690628,6.431313522625715e-05,0.0024192321579903364,1.2553665840187023e-07
centerline,65.80687645408842,0.0,0.47380951046943665,0.0,297.8824157714844,0.0003631779400166124,0.09021732956171036,6.463464524131268e-05,0.002436517272144556,1.2629843126887863e-07
centerline,64.77072421047423,0.0,0.46634921431541443,0.0,297.8619384765625,0.00036519684363156557,0.0908546894788742,6.495197158074006e-05,0.002453647553920746,1.270526013286144e-07
centerline,63.73456782764859,0.0,0.4588888883590698,0.0,297.8416748046875,0.00036719668423756957,0.09148440510034561,6.526441575260833e-05,0.002470572479069233,1.2779727853740042e-07
centerline,62.69841144482295,0.0,0.4514285624027252,0.0,297.821533203125,0.0003691923920996487,0.09211016446352005,6.557413144037127e-05,0.0024873907677829266,1.2853722353156627e-07
centerline,61.662259201208755,0.0,0.443968266248703,0.0,297.8011779785156,0.0003712232573889196,0.09274305403232574,6.58869685139507e-05,0.0025044013746082783,1.2928613557505741e-07
centerline,60.62610281838311,0.0,0.4365079402923584,0.0,297.78033447265625,0.0003733177436515689,0.09339050203561783,6.620700150961056e-05,0.0025218043010681868,1.3005355015138775e-07
centerline,59.58994643555747,0.0,0.4290476143360138,0.0,297.759033203125,0.0003754886274691671,0.09405448287725449,6.653578748228028e-05,0.0025396528653800488,1.3084297734167194e-07
centerline,58.553790052731834,0.0,0.4215872883796692,0.0,297.7372131347656,0.00037774641532450914,0.09473582357168198,6.687444692943245e-05,0.002557970117777586,1.316567761477927e-07
centerline,57.51763780911764,0.0,0.414126992225647,0.0,297.71490478515625,0.0003801013808697462,0.0954345092177391,6.722395482938737e-05,0.002576756291091442,1.3249676555915357e-07
centerline,56.481481426292,0.0,0.40666666626930237,0.0,297.692138671875,0.00038256566040217876,0.09615035355091095,6.758544623153284e-05,0.0025960078928619623,1.333650345713977e-07
centerline,55.445325043466354,0.0,0.39920634031295776,0.0,297.66900634765625,0.00038515543565154076,0.09688319265842438,6.796049274271354e-05,0.002615721430629492,1.3426442535546812e-07
centerline,54.40917279985216,0.0,0.39174604415893555,0.0,297.6455078125,0.000387891021091491,0.09763294458389282,6.835108797531575e-05,0.002635896671563387,1.3519857589017192e-07
centerline,53.37301641702652,0.0,0.38428571820259094,0.0,297.6217041015625,0.00039080099668353796,0.0984000563621521,6.87602223479189e-05,0.002656547585502267,1.3617302840884804e-07
centerline,52.33686003420088,0.0,0.37682539224624634,0.0,297.59771728515625,0.0003939192392863333,0.09918469190597534,6.919137376826257e-05,0.0026776818558573723,1.371940641092806e-07
centerline,51.300703651375244,0.0,0.36936506628990173,0.0,297.5735778808594,0.0003972949634771794,0.09998822957277298,6.96499046171084e-05,0.002699340460821986,1.382715311137872e-07
centerline,50.26455140776105,0.0,0.3619047701358795,0.0,297.5493469238281,0.00040098404861055315,0.10081169009208679,7.014191942289472e-05,0.0027215550653636456,1.3941598808742128e-07
centerline,49.22839502493541,0.0,0.3544444441795349,0.0,297.5251159667969,0.00040505800279788673,0.10165680944919586,7.067548722261563e-05,0.0027443801518529654,1.4064043796224723e-07
centerline,48.192238642109764,0.0,0.3469841182231903,0.0,297.500732421875,0.0004096059419680387,0.10252795368432999,7.126219134079292e-05,0.002767941914498806,1.4196110953434982e-07
centerline,47.15608639849557,0.0,0.3395238220691681,0.0,297.4755859375,0.00041470720316283405,0.1034328043460846,7.191508484538645e-05,0.0027924617752432823,1.4338540665903565e-07
centerline,46.11993001566993,0.0,0.3320634961128235,0.0,297.44683837890625,0.00042042459244839847,0.10440339148044586,7.265941530931741e-05,0.0028188310097903013,1.4490588284843398e-07
centerline,45.08377363284429,0.0,0.3246031701564789,0.0,297.42169189453125,0.00042708683758974075,0.10538210719823837,7.352259854087606e-05,0.0028454745188355446,1.4665890546439186e-07
