profile,x_over_d,r_over_d,x_m,y_m,temperature,ch4,o2,co2,h2o,co,T_std
radial,0.75,1.7313483274645276,0.005400000140070915,0.012465707957744598,406.88986587524414,3.311554280571727e-06,0.2202120739966631,0.0078308085212484,0.012153516174294055,3.554517343218322e-05,10.153829501867696
radial,0.75,1.7448658278832834,0.005400000140070915,0.01256303396075964,399.9853858947754,3.0713198668763653e-06,0.22084910236299038,0.0074034653953276575,0.011825664550997317,3.298095521131472e-05,10.805248853721743
radial,0.75,1.7585137134624853,0.005400000140070915,0.012661298736929893,393.4846649169922,2.8552095443501457e-06,0.22145182266831398,0.006999069708399475,0.011515554855577648,3.063988219764724e-05,11.49902620092792
radial,0.75,1.7722935364064243,0.005400000140070915,0.012760513462126255,387.3589553833008,2.6601092031341977e-06,0.22202274948358536,0.006615922495257109,0.011221854365430772,2.8498210667748936e-05,12.230225330544181
radial,0.75,1.786206460868319,0.005400000140070915,0.012860686518251896,381.58707427978516,2.4838141996497143e-06,0.222563736140728,0.0062528345733881,0.010943636298179626,2.65372243575257e-05,12.990394626558972
radial,0.75,1.8002537803517449,0.005400000140070915,0.012961827218532562,376.15562438964844,2.3245919322789632e-06,0.22307583317160606,0.0059091238072142005,0.010680363629944623,2.4742166488067596e-05,13.769244440157333
radial,0.75,1.8144367883602779,0.005400000140070915,0.013063944876194,371.0527648925781,2.180933705631105e-06,0.22355986572802067,0.005584222555626184,0.010431584902107716,2.3099900090528536e-05,14.556713449969555
radial,0.75,1.8287567783974938,0.005400000140070915,0.013167048804461956,366.26777267456055,2.0514534639914928e-06,0.22401653975248337,0.005277635296806693,0.01019690406974405,2.1598404373435187e-05,15.343254446188258
radial,0.75,1.843215043966969,0.005400000140070915,0.013271148316562176,361.7908401489258,1.934893589350395e-06,0.22444641031324863,0.004988938977476209,0.009975982131436467,2.022671583290503e-05,16.11979316700871
radial,0.75,1.8578131372729938,0.005400000140070915,0.013376254588365555,357.6117744445801,1.8300775082025211e-06,0.22485008463263512,0.004717689589597285,0.009768467163667083,1.8974400745719322e-05,16.877744767702623
radial,0.75,1.8725520931184292,0.005400000140070915,0.01348237507045269,353.7195854187012,1.7359017618900907e-06,0.22522824071347713,0.0044634016521740705,0.009573974646627903,1.78315117409511e-05,17.60924073500763
radial,0.75,1.8874334637075663,0.005400000140070915,0.013589520938694477,350.10387802124023,1.6513651885929903e-06,0.2255814801901579,0.004225623357342556,0.009392146370373666,1.678900252954918e-05,18.307524901557965
radial,0.75,1.9024584131936233,0.005400000140070915,0.013697700574994087,346.7550811767578,1.5755739184442064e-06,0.22591033019125462,0.004003959766123444,0.009222669759765267,1.5838827494008e-05,18.967030146381283
radial,0.75,1.9176287524816062,0.005400000140070915,0.013806927017867565,343.6630172729492,1.5076957211590525e-06,0.22621537931263447,0.0037979712651576847,0.0090651965001598,1.4973444649513112e-05,19.58338445427988
radial,0.75,1.932945516374376,0.005400000140070915,0.013917207717895508,340.8151168823242,1.4469178779563663e-06,0.22649751789867878,0.003607050923164934,0.008919254411011934,1.4185340205585817e-05,20.153592116025354
radial,0.75,1.9484102570762238,0.005400000140070915,0.01402855385094881,338.1963348388672,1.3924487376471006e-06,0.22675788402557373,0.0034304053406231105,0.008784229285083711,1.3467069038597401e-05,20.676623283514857
radial,0.75,1.964024268090725,0.005400000140070915,0.01414097473025322,335.7896194458008,1.3435306698283966e-06,0.22699794359505177,0.003267074760515243,0.008659379789605737,1.2811449437322153e-05,21.1537776613547
radial,0.75,1.979789360322886,0.005400000140070915,0.01425448339432478,333.57484436035156,1.2994180877967665e-06,0.2272194940596819,0.003115864237770438,0.008543786476366222,1.221126683503826e-05,21.588726989796935
radial,0.75,1.9957065685755677,0.005400000140070915,0.014369087293744087,331.5277557373047,1.259344614368274e-06,0.22742488607764244,0.002975250914460048,0.008436281117610633,1.1658870221253892e-05,21.987293854600008
radial,0.75,2.011777445053061,0.005400000140070915,0.014484797604382038,329.62039947509766,1.2225332426396562e-06,0.22761695459485054,0.0028434143750928342,0.008335471036843956,1.1146237625325739e-05,22.356924208119505
radial,0.75,2.0280036713100142,0.005400000140070915,0.014601626433432102,327.8230667114258,1.1882370252180863e-06,0.2277988214045763,0.002718363219173625,0.008239835617132485,1.0665379306828981e-05,22.706178170308817
radial,0.75,2.0443866702003612,0.005400000140070915,0.0147195840254426,326.1066093444824,1.1557583867727317e-06,0.22797364369034767,0.00259808189002797,0.008147836197167635,1.0208750722995319e-05,23.044077285994685
radial,0.75,2.0609278645780353,0.005400000140070915,0.014838680624961853,324.44474029541016,1.124495572213391e-06,0.2281443551182747,0.002480704482877627,0.008058049308601767,9.769695282102475e-06,23.378926642606153
radial,0.75,2.0776288066473274,0.005400000140070915,0.014958927407860756,322.8175735473633,1.0940040411355767e-06,0.2283132467418909,0.002364759740885347,0.007969352358486503,9.343097246983234e-06,23.716890292345493
radial,0.75,2.094490919262171,0.005400000140070915,0.01508033461868763,321.2151222229004,1.0640505614389895e-06,0.228481562808156,0.002249457684229128,0.00788114097667858,8.926158955091523e-06,24.060431851861953
radial,0.75,2.1115162720282874,0.005400000140070915,0.015202917158603668,319.63903045654297,1.03463740330767e-06,0.22864918410778046,0.0021348418958950788,0.007793445140123367,8.518763024767395e-06,24.40764994137666
radial,0.75,2.1287058997485375,0.005400000140070915,0.015326682478189468,318.1000747680664,1.0059474675472302e-06,0.22881488129496574,0.0020216411794535816,0.007706817705184221,8.122884821659682e-06,24.753379138493887
radial,0.75,2.146061354627212,0.005400000140070915,0.015451641753315926,316.6121025085449,9.78223761549657e-07,0.22897701524198055,0.0019108612614218146,0.007622022647410631,7.741247827652842e-06,25.09137964695575
radial,0.75,2.16358483562039,0.005400000140070915,0.015577810816466808,315.1868705749512,9.516801355857751e-07,0.2291341070085764,0.0018033900705631822,0.007539735524915159,7.376101791578549e-06,25.416398470293583
radial,0.75,2.18127750688129,0.005400000140070915,0.015705198049545288,313.8320655822754,9.264928664265426e-07,0.22928513027727604,0.0016998463397612795,0.007460425316821784,7.02879458458483e-06,25.724796752700517
radial,0.75,2.1991407912638454,0.005400000140070915,0.015833813697099686,312.5519714355469,9.032999130909047e-07,0.22942941263318062,0.0016006157966330647,0.007384384574834257,6.699930452214176e-06,26.014224781432645
radial,0.75,2.217176887724135,0.005400000140070915,0.01596367359161377,311.3484764099121,8.828304061125891e-07,0.22956661134958267,0.001505912237917073,0.007311775232665241,6.389578743437596e-06,26.283311876487602
radial,0.75,2.235387089765734,0.005400000140070915,0.016094787046313286,310.22148513793945,8.648330895866252e-07,0.229696586728096,0.0014158014673739672,0.007242648571263999,6.097369094959504e-06,26.531339518083136
radial,0.75,2.25377320829365,0.005400000140070915,0.01622716709971428,309.1692810058594,8.483597278008403e-07,0.22981943748891354,0.0013302189254318364,0.007176956511102617,5.822569875135741e-06,26.7582384997979
radial,0.75,2.2723370542128882,0.005400000140070915,0.016360826790332794,308.18904876708984,8.328398521939562e-07,0.2299354113638401,0.0012490037697716616,0.00711457768920809,5.564239287991768e-06,26.964345198334446
radial,0.75,2.29108017972774,0.005400000140070915,0.016495777294039726,307.2775230407715,8.182554094293693e-07,0.23004484735429287,0.001171947835246101,0.0070553565747104585,5.321431814309108e-06,27.15023551688087
radial,0.75,2.310004137042496,0.005400000140070915,0.01663202978670597,306.4317398071289,8.048252202463857e-07,0.23014809750020504,0.0010988491922034882,0.006999141653068364,5.09323636777026e-06,27.316352022183942
radial,0.75,2.329111254463593,0.005400000140070915,0.01676960103213787,305.64939880371094,7.926184701911865e-07,0.23024543561041355,0.0010295532447344158,0.006945817032828927,4.87876720001168e-06,27.462854863542095
radial,0.75,2.3484025667938924,0.005400000140070915,0.016908498480916023,304.9292221069336,7.81236954350284e-07,0.23033703304827213,0.0009639766976761166,0.006895319442264736,4.677418509402287e-06,27.589415056738005
radial,0.75,2.3678804023398294,0.005400000140070915,0.01704873889684677,304.2713966369629,7.704211409942374e-07,0.2304228786379099,0.000902174837392522,0.006847691256552935,4.489111063321616e-06,27.69500908130748
radial,0.75,2.387546313305696,0.005400000140070915,0.01719033345580101,303.67892837524414,7.602389135996646e-07,0.23050245270133018,0.00084452396913548,0.006803221011068672,4.314719227238584e-06,27.77746412939301
radial,0.75,2.407402369297213,0.005400000140070915,0.017333297058939934,303.15991592407227,7.50886574252263e-07,0.23057405091822147,0.0007921125525172101,0.006762745615560561,4.157103166591014e-06,27.832591113333923
radial,0.75,2.427450122518672,0.005400000140070915,0.017477640882134438,302.727840423584,7.427538660786936e-07,0.23063417337834835,0.0007471226090274286,0.006727936037350446,4.022116126378705e-06,27.85420025351822
radial,0.75,2.4476913838750787,0.005400000140070915,0.017623377963900566,302.3934516906738,7.362817824319023e-07,0.23067879304289818,0.0007120303839656117,0.006700687110424042,3.9163171408063135e-06,27.837475853740848
radial,0.75,2.4681282229721546,0.005400000140070915,0.017770523205399513,302.1508140563965,7.31533972064824e-07,0.2307070828974247,0.000687339794694708,0.006681385915726423,3.840559611223426e-06,27.78420709414016
radial,0.75,2.4887627094156213,0.005400000140070915,0.017919091507792473,301.9753723144531,7.280119561081655e-07,0.23072317242622375,0.0006706135237095623,0.0066681774915196,3.7874002698501386e-06,27.702857317772754
radial,0.75,2.5095963954097695,0.005400000140070915,0.01806909404695034,301.83877182006836,7.250010221060421e-07,0.23073316365480423,0.0006584046760877982,0.006658446392975748,3.7466509917871704e-06,27.60161749452769
radial,0.75,2.5306310918596058,0.005400000140070915,0.01822054386138916,301.7213592529297,7.219693036065317e-07,0.23074160516262054,0.0006483435596393861,0.006650391616858542,3.711229824787665e-06,27.484338842422943
radial,0.75,2.551869127071566,0.005400000140070915,0.018373457714915276,301.6135444641113,7.186776990468664e-07,0.23075068183243275,0.0006393545979834769,0.00664319220231846,3.6779001715246673e-06,27.353104668226127
radial,0.75,2.5733123119506573,0.005400000140070915,0.01852784864604473,301.51184463500977,7.151275612811816e-07,0.2307606264948845,0.0006310538992210513,0.006636570848058909,3.645783145344618e-06,27.211142120634662
radial,0.75,2.5949627161026,0.005400000140070915,0.01868373155593872,301.4142150878906,7.113472313074825e-07,0.23077142797410488,0.0006232933189499485,0.006630435469560325,3.6146107448061654e-06,27.058665149485446
radial,0.75,2.616822150432401,0.005400000140070915,0.01884111948311329,301.31636810302734,7.071308085049226e-07,0.23078467324376106,0.0006158790948714023,0.006624673726037145,3.583267936844948e-06,26.88717058684555
radial,0.75,2.638892684545782,0.005400000140070915,0.01900002732872963,301.21066665649414,7.019189608751572e-07,0.23080444894731045,0.0006083912100445437,0.006619050749577582,3.549141078296224e-06,26.6781887627801
radial,0.75,2.6611766467491784,0.005400000140070915,0.019160471856594086,301.09123611450195,6.952080411727172e-07,0.23083464242517948,0.0006003899095997842,0.006613307981751859,3.509781380231687e-06,26.41878072943778
radial,0.75,2.6836755892468824,0.005400000140070915,0.019322464242577553,300.9588508605957,6.870385353440077e-07,0.23087534122169018,0.0005917586646343697,0.006607342918869108,3.4650262139340672e-06,26.11451123060484
radial,0.75,2.706392099046045,0.005400000140070915,0.019486023113131523,300.819278717041,6.780006655745521e-07,0.23092241026461124,0.0005827725212984562,0.006601265515200794,3.4171100966833685e-06,25.78396852151953
radial,0.75,2.7293277283509574,0.005400000140070915,0.019651159644126892,300.6736183166504,6.684900797845517e-07,0.23097238689661026,0.0005736084786172639,0.006595134735107422,3.3673778961462026e-06,25.432225988098022
radial,0.75,2.7524850641687713,0.005400000140070915,0.019817892462015152,300.5105628967285,6.579878549157962e-07,0.23102853819727898,0.0005637810321699455,0.006588638003449887,3.312872716234455e-06,25.03056925900343
radial,0.75,2.775866176105208,0.005400000140070915,0.019986236467957497,300.30749130249023,6.448493108211477e-07,0.2311026081442833,0.0005519990294324523,0.0065810170490294695,3.245670501957884e-06,24.5200273414498
radial,0.75,2.799473133765989,0.005400000140070915,0.02015620656311512,300.0337142944336,6.263120219550465e-07,0.2312135174870491,0.0005362279722692898,0.006571097299456596,3.153485302625033e-06,23.820192215953124
radial,0.75,2.8233080067568355,0.005400000140070915,0.020327817648649216,299.6813621520996,6.011901622157589e-07,0.23137016594409943,0.0005155211942305392,0.006558345863595605,3.031117188148066e-06,22.910997692827724
radial,0.75,2.8473731233841844,0.005400000140070915,0.020501086488366127,299.2761993408203,5.713952737514481e-07,0.23156091012060642,0.0004911700980043389,0.0065435360302217305,2.8869125179211287e-06,21.860791956081684
radial,0.75,2.871670811954472,0.005400000140070915,0.020676029846072197,298.8313102722168,5.389236042485859e-07,0.23177246376872063,0.00046459285386595824,0.006527498364448547,2.7290754084807907e-06,20.702162929523684
radial,0.75,2.8962031420734196,0.005400000140070915,0.02085266262292862,298.33250427246094,5.041877650450905e-07,0.23200206272304058,0.0004360410526769918,0.006510373670607805,2.558328304741057e-06,19.394816569789526
radial,0.75,2.9209724420474634,0.005400000140070915,0.021031001582741737,297.6926956176758,4.6196611456903873e-07,0.23228717222809792,0.0004011691924612808,0.00648963259300217,2.3480739934400357e-06,17.708154156558482
radial,0.75,2.9459807814823256,0.005400000140070915,0.021211061626672745,296.8275451660156,4.0574353028599657e-07,0.23267793469130993,0.00035423225806703536,0.00646194297587499,2.065543028821211e-06,15.421384270669677
radial,0.75,2.9712310060858727,0.005400000140070915,0.021392863243818283,295.7117385864258,3.315128018510111e-07,0.23321051709353924,0.00029131980035137774,0.006425079423934221,1.690407121198779e-06,12.469802793837246
radial,0.75,2.9967246680623956,0.005400000140070915,0.021576417610049248,294.39929580688477,2.4096989586782153e-07,0.23387813195586205,0.00021351000094578922,0.0063797226757742465,1.2311476276055092e-06,8.997405641108305
radial,0.75,3.0224651305211916,0.005400000140070915,0.02176174893975258,293.13305282592773,1.5089881272429707e-07,0.23455778323113918,0.00013499677913963347,0.0063341084169223905,7.727485894189808e-07,5.647091748495348
radial,0.75,3.0484542043672667,0.005400000140070915,0.02194887027144432,292.17053985595703,8.120400665775675e-08,0.2350948601961136,7.335230591954329e-05,0.006298378109931946,4.1683857719767594e-07,3.100360486054754
radial,0.75,3.0746942179070578,0.005400000140070915,0.022137798368930817,291.5769920349121,3.849083695209948e-08,0.2354307435452938,3.5009633441333264e-05,0.006276196683757007,1.97947725675422e-07,1.5297963590237247
radial,0.75,3.1011874994470014,0.005400000140070915,0.02232854999601841,291.2651252746582,1.6839992658443822e-08,0.23560438118875027,1.5283277263949646e-05,0.006264803349040449,8.659624788355763e-08,0.704490633146883
radial,0.75,3.1279368946949644,0.005400000140070915,0.02252114564180374,291.1169776916504,7.081207091027579e-09,0.23568344675004482,6.33982798825707e-06,0.006259645102545619,3.6335302484183856e-08,0.31235746934462044
radial,0.75,3.1549442145559525,0.005400000140070915,0.022715598344802856,291.0503120422363,2.9345298693754578e-09,0.23571700789034367,2.560245514465391e-06,0.006257467670366168,1.5004533703428776e-08,0.13584156304174
radial,0.75,3.1822130808399782,0.005400000140070915,0.022911934182047844,291.0211753845215,1.2339785487569612e-09,0.23573074117302895,1.0206729569857185e-06,0.006256581225898117,6.266763671044991e-09,0.058609853831274525
radial,0.75,3.2097450457513332,0.005400000140070915,0.0231101643294096,291.00868225097656,5.441101063984126e-10,0.23573624156415462,4.0689994228147696e-07,0.006256227963604033,2.733123068723143e-09,0.02541938400139147
radial,0.75,3.237542954997884,0.005400000140070915,0.023310309275984764,291.0033836364746,2.629538425357271e-10,0.23573842458426952,1.6553264680169801e-07,0.0062560890801250935,1.3016304172260647e-09,0.011312171347687201
radial,0.75,3.265609395586782,0.005400000140070915,0.02351238764822483,291.0011787414551,1.451763363083789e-10,0.23573928512632847,7.120039708374824e-08,0.0062560345395468175,7.084142239394988e-10,0.005373151070882053
radial,0.75,3.2939469545251794,0.005400000140070915,0.02371641807258129,291.0002555847168,9.261046861895412e-11,0.23573962785303593,3.410048185658736e-08,0.0062560130609199405,4.4824767154490056e-10,0.002895269782171437
radial,0.75,3.3225582188202276,0.005400000140070915,0.023922419175505638,290.9998893737793,6.637577428997528e-11,0.23573976941406727,1.9052553771975632e-08,0.0062560043297708035,3.2147136659954677e-10,0.001853923248061579
radial,0.75,3.3514457754790783,0.005400000140070915,0.024130409583449364,290.9997329711914,5.12276755549465e-11,0.2357398346066475,1.249325960963388e-08,0.006256000488065183,2.499637320301098e-10,0.0013917111470760116
radial,0.75,3.3806124702095985,0.005400000140070915,0.02434040978550911,290.99967193603516,4.119369495530739e-11,0.23573986813426018,9.251209561047035e-09,0.006255998800043017,2.031821118840695e-10,0.0011573316228634723
radial,0.75,3.41006089001894,0.005400000140070915,0.024552438408136368,290.9996566772461,3.386159498326975e-11,0.23573988489806652,7.36350274588047e-09,0.006255997810512781,1.6890694871002409e-10,0.001019687916422112
radial,0.75,3.4397938806149697,0.005400000140070915,0.02476651594042778,290.9996566772461,2.81742740217506e-11,0.235739903524518,6.078627944066725e-09,0.006255997286643833,1.4192221766929313e-10,0.0009128212672677418
radial,0.75,3.469814029004839,0.005400000140070915,0.02498266100883484,290.99966049194336,2.3595494981424928e-11,0.2357399109750986,5.104136534729685e-09,0.006255996995605528,1.1972359160241112e-10,0.0008146589457068075
radial,0.75,3.5001239221956997,0.005400000140070915,0.025200892239809036,290.99968338012695,1.9811682565696913e-11,0.2357399147003889,4.31839885584502e-09,0.006255996820982546,1.0093605942551695e-10,0.00073669103323031
radial,0.75,3.5307269232968492,0.005400000140070915,0.025421233847737312,290.9996910095215,1.663084267890733e-11,0.2357399258762598,3.655654168674315e-09,0.006255996704567224,8.476107062930995e-11,0.0006826389831807086
radial,0.75,3.5616253606147237,0.005400000140070915,0.02564370259642601,290.99970626831055,1.3944642107114445e-11,0.23573993146419525,3.080332594357048e-09,0.006255996646359563,7.072421362033863e-11,0.0006173566325440719
radial,0.75,3.5928220798571906,0.005400000140070915,0.02586831897497177,290.9997253417969,1.170527787805448e-11,0.23573993518948555,2.578002205089793e-09,0.00625599647173658,5.853728100831742e-11,0.0005699111754450409
radial,0.75,3.624320444133547,0.005400000140070915,0.026095107197761536,290.9997444152832,9.848982751914018e-12,0.2357399370521307,2.140458630551101e-09,0.006255996646359563,4.8014271983866884e-11,0.0005163105025742284
radial,0.75,3.656122781750229,0.005400000140070915,0.026324084028601646,290.99976348876953,8.298507611735849e-12,0.23573994264006615,1.7662127111275962e-09,0.006255996820982546,3.911061247151797e-11,0.00046875784787920027
radial,0.75,3.688232455816534,0.005400000140070915,0.026555273681879044,290.99978256225586,7.016123239733443e-12,0.2357399445027113,1.4511649994160218e-09,0.006255996995605528,3.185138836844315e-11,0.0004224335882070254
radial,0.75,3.720652570741044,0.005400000140070915,0.026788698509335518,290.9997978210449,5.978995342202328e-12,0.23573994636535645,1.1868683126907116e-09,0.006255997170228511,2.603251280940312e-11,0.0003925803537922311
radial,0.75,3.7533854548301964,0.005400000140070915,0.027024375274777412,290.99981689453125,5.168100059823054e-12,0.2357399482280016,9.679597119311394e-10,0.006255997286643833,2.138196874602611e-11,0.00034761919402754264
radial,0.75,3.7864347298940024,0.005400000140070915,0.027262330055236816,290.9998321533203,4.559151553696623e-12,0.23573995009064674,7.893761674103913e-10,0.006255997461266816,1.7764787245614483e-11,0.0003182472780550264
radial,0.75,3.8198029829396143,0.005400000140070915,0.027502581477165222,290.9998474121094,4.12751703797891e-12,0.23573995009064674,6.456310401163798e-10,0.0062559975776821375,1.50477181908208e-11,0.00028911278261560693
radial,0.75,3.8534938357770443,0.005400000140070915,0.02774515561759472,290.99986267089844,3.837342927822321e-12,0.23573995009064674,5.307346521004189e-10,0.006255997635889798,1.3063601753016021e-11,0.0002521165716836289
radial,0.75,3.8875101341141596,0.005400000140070915,0.027990072965621948,290.99987411499023,3.641901295174159e-12,0.2357399519532919,4.382797556279336e-10,0.006255997810512781,1.1612699963657982e-11,0.0002311278451492479
radial,0.75,3.921854723658827,0.005400000140070915,0.02823735401034355,290.99988555908203,3.4845863789251006e-12,0.23573995009064674,3.614170137098334e-10,0.006255997868720442,1.0488766789633184e-11,0.00020740169096478557
radial,0.75,3.9565312262210584,0.005400000140070915,0.02848702482879162,290.99989318847656,3.3046123246118618e-12,0.23573995009064674,2.945283529321035e-10,0.006255997985135764,9.487387987468216e-12,0.00019481117759405066
radial,0.75,3.991542487508721,0.005400000140070915,0.02873910591006279,290.99990463256836,3.0792499841178453e-12,0.23573995009064674,2.3698284145521375e-10,0.006255997926928103,8.42816705530532e-12,0.00018338341280703605
radial,0.75,4.026892388032542,0.005400000140070915,0.028993625193834305,290.9999122619629,2.8766187306203493e-12,0.2357399519532919,1.8607085893035875e-10,0.006255998043343425,7.179663457080297e-12,0.00015889484863020729
radial,0.75,4.062583514799674,0.005400000140070915,0.029250601306557655,290.9999237060547,2.70512256174864e-12,0.2357399519532919,1.3439852052126843e-10,0.006255998043343425,5.715809503966675e-12,0.0001479394487736917
radial,0.75,4.09861948962013,0.005400000140070915,0.02951006032526493,290.99992752075195,2.5127725330726655e-12,0.23573995009064674,8.10906829232963e-11,0.006255998101551086,4.654463160733629e-12,0.00013208991770310047
radial,0.75,4.13500341690249,0.005400000140070915,0.029772024601697922,290.9999313354492,2.3066209515939567e-12,0.2357399519532919,5.2867641105097455e-11,0.006255998101551086,4.105155571538713e-12,0.00012372798721486554
radial,0.75,4.171738918456766,0.005400000140070915,0.030036520212888718,290.9999313354492,2.0968841364940638e-12,0.2357399556785822,4.986970282620511e-11,0.006255998101551086,3.652414360697527e-12,0.00011290472859915727
radial,0.75,4.208829098691543,0.005400000140070915,0.03030356951057911,290.9999313354492,1.8939386563071907e-12,0.2357399556785822,4.7322850364867586e-11,0.006255998159758747,3.2554961051366024e-12,0.00011290472859915727
radial,0.75,4.246277838117547,0.005400000140070915,0.030573200434446335,290.9999351501465,1.7070706710853899e-12,0.2357399594038725,4.751695549479644e-11,0.0062559982179664075,2.799525063311457e-12,0.00010619667745266002
radial,0.75,4.284087982442644,0.005400000140070915,0.030845433473587036,290.9999351501465,1.54104852874999e-12,0.2357399631291628,5.5841585206072076e-11,0.0062559982179664075,2.3052699888669627e-12,0.00010619667745266002
radial,0.75,4.322263412177563,0.005400000140070915,0.03112029656767845,290.9999351501465,1.396598825206834e-12,0.23573996499180794,6.784533104386229e-11,0.0062559982179664075,1.7942131711310769e-12,9.822382499377238e-05
radial,0.75,4.360807749132316,0.005400000140070915,0.03139781579375267,290.9999351501465,1.2734689342955367e-12,0.23573996871709824,7.624321082635597e-11,0.00625599839258939,1.279628253392033e-12,9.822382499377238e-05
radial,0.75,4.399724097715484,0.005400000140070915,0.03167801350355148,290.9999351501465,1.169621775923967e-12,0.23573997244238853,8.173010777708711e-11,0.00625599839258939,7.686168160468295e-13,9.822382499377238e-05
radial,0.75,4.439016597138511,0.005400000140070915,0.03196091949939728,290.9999313354492,1.0818156822499665e-12,0.23573997616767883,8.494742022175046e-11,0.006255998450797051,4.844548934430855e-13,9.859350573211735e-05
radial,0.75,4.478688869211409,0.005400000140070915,0.032246559858322144,290.9999351501465,1.0069188114826079e-12,0.23573998175561428,8.760560706312538e-11,0.006255998509004712,4.4503879350141183e-13,9.336271858612378e-05
radial,0.75,4.51874401834276,0.005400000140070915,0.03253495693206787,290.9999313354492,9.423639319326967e-13,0.23573998548090458,9.099555588861112e-11,0.006255998567212373,4.213328719125789e-13,0.00010092740291841852
radial,0.75,4.559186183744007,0.005400000140070915,0.03282614052295685,290.9999313354492,8.863636750024734e-13,0.23573998548090458,9.344697577676498e-11,0.006255998509004712,3.936656896483171e-13,0.00010092740291841852
radial,0.75,4.600018987225162,0.005400000140070915,0.033120136708021164,290.9999313354492,8.37611075929614e-13,0.23573998920619488,9.355379484179178e-11,0.006255998567212373,3.684599781380662e-13,0.00010544033020847514
radial,0.75,4.641246050596237,0.005400000140070915,0.03341697156429291,290.9999313354492,7.946509697805406e-13,0.23573999106884003,9.150813194073443e-11,0.006255998625420034,3.4696799199212764e-13,0.00010544033020847514
radial,0.75,4.682871513068676,0.005400000140070915,0.03371667489409447,290.9999351501465,7.562988511441136e-13,0.23573999479413033,8.75981555800105e-11,0.006255998625420034,3.267824623357018e-13,0.00010285544405145846
radial,0.75,4.724898996452491,0.005400000140070915,0.03401927277445793,290.9999313354492,7.211216026727754e-13,0.23573999479413033,8.196345765612511e-11,0.006255998625420034,3.072311613014419e-13,0.00011186888350383896
radial,0.75,4.767332639959124,0.005400000140070915,0.03432479500770569,290.9999313354492,6.879500344449305e-13,0.23573999851942062,7.466052342785183e-11,0.006255998509004712,2.8824887017840083e-13,0.00011186888350383896
radial,0.75,4.810176065398587,0.005400000140070915,0.03463326767086983,290.9999313354492,6.561590556747225e-13,0.23573999851942062,6.587314595235139e-11,0.006255998509004712,2.698806509798595e-13,0.00011990534702683801
radial,0.75,4.853433411982325,0.005400000140070915,0.034944720566272736,290.99992752075195,6.256745007175496e-13,0.23574000038206577,5.63298345670542e-11,0.006255998567212373,2.5227497729230846e-13,0.00011714288736560126
radial,0.75,4.897108301520348,0.005400000140070915,0.0352591797709465,290.9999237060547,5.967985483242791e-13,0.23574000410735607,4.831578153774621e-11,0.006255998567212373,2.352802189601589e-13,0.00012674902134579582
radial,0.75,4.941204873224099,0.005400000140070915,0.035576675087213516,290.9999237060547,5.696987380300309e-13,0.23574000597000122,4.18275771823112e-11,0.006255998450797051,2.185823247099431e-13,0.00012674902134579582
radial,0.75,4.9857283011078835,0.005400000140070915,0.03589724376797676,290.9999198913574,5.443759225293382e-13,0.23574000597000122,3.519390164089996e-11,0.006255998509004712,2.0203173499729684e-13,0.00013642543596075184
radial,0.75,5.030681172178851,0.005400000140070915,0.03622090443968773,290.99991607666016,5.206959871046708e-13,0.23574000969529152,2.8412342038205692e-11,0.006255998509004712,1.8553397105813121e-13,0.0001461581730702821
radial,0.75,5.076068660451306,0.005400000140070915,0.036547694355249405,290.99991607666016,8.689770951991731e-13,0.23574001342058182,2.1494952775294788e-11,0.006255998567212373,1.695231848294976e-13,0.0001561698111759851
radial,0.75,5.121893870333831,0.005400000140070915,0.03687763586640358,290.9999122619629,3.052328925081837e-12,0.23574001714587212,1.5390451728717756e-11,0.006255998567212373,1.5495944537358576e-13,0.0001660598667883218
radial,0.75,5.168162493242158,0.005400000140070915,0.037210769951343536,290.99991607666016,7.851096266900465e-12,0.23574001900851727,1.6959301929629744e-10,0.006255998741835356,2.066920938921241e-12,0.00017843651677744294
radial,0.75,5.21487763358487,0.005400000140070915,0.037547118961811066,290.9999198913574,1.6121599992340965e-11,0.23574001155793667,1.0694990358665693e-09,0.006255999440327287,1.0982199845459682e-11,0.00019655873150616838
radial,0.75,5.262043947974841,0.005400000140070915,0.037886716425418854,290.99999618530273,3.242011593241161e-11,0.2357399594038725,5.146315684211698e-09,0.0062560015940107405,4.090460639838716e-11,0.0003550538573559539
radial,0.75,5.309666093024942,0.005400000140070915,0.03822959586977959,291.00033950805664,7.260801500492149e-11,0.23573967814445496,2.463049506949266e-08,0.006256010674405843,1.5745815241595008e-10,0.001215584274344669
radial,0.75,5.357748207946618,0.005400000140070915,0.03857578709721565,291.00194931030273,2.0213764219289646e-10,0.23573824390769005,1.2095346892002843e-07,0.00625605252571404,6.817408974965497e-10,0.005496901988777969
radial,0.75,5.406294431951311,0.005400000140070915,0.03892531991004944,291.0095672607422,7.196492047958772e-10,0.2357310764491558,5.971854257254712e-07,0.006256254331674427,3.175036511490218e-09,0.02568295808012724
radial,0.75,5.455309939053324,0.005400000140070915,0.03927823156118393,291.04492950439453,3.0028277198748242e-09,0.23569646291434765,2.8905104630558543e-06,0.0062572171445935965,1.500558410140584e-08,0.11926478493420685
radial,0.75,5.504798868464099,0.005400000140070915,0.03963455185294151,291.19976806640625,1.296858471492216e-08,0.23554153740406036,1.3145555689856374e-05,0.006261508853640407,6.793836101604809e-08,0.5289519493016125
radial,0.75,5.554765876796511,0.005400000140070915,0.039994314312934875,291.7735939025879,4.9503473959451966e-08,0.23497476801276207,5.064432461548136e-05,0.006277179345488548,2.631595274307779e-07,2.0471869538458187
radial,0.75,5.605215103262001,0.005400000140070915,0.040357548743486404,293.16748428344727,1.34117955955523e-07,0.23367611318826675,0.00013652846632731467,0.006313039339147508,7.150493717922996e-07,5.7350973112870784
radial,0.75,5.656152239276303,0.005400000140070915,0.04072429612278938,294.98778533935547,2.3732413830337884e-07,0.23211094923317432,0.00023994603242729847,0.006356173777021468,1.264682612406636e-06,10.551207350893968
radial,0.75,5.707580906649431,0.005400000140070915,0.0410945825278759,296.4376525878906,3.1391048240305913e-07,0.23096898384392262,0.0003152017135200059,0.006387501838617027,1.6702622386194281e-06,14.387218592632781
radial,0.75,5.759506796797117,0.005400000140070915,0.04146844893693924,297.27505111694336,3.582924969031891e-07,0.23032090812921524,0.0003573792759791374,0.0064049745560623705,1.9016396381802585e-06,16.60277838290356
radial,0.75,5.811934048930804,0.005400000140070915,0.04184592515230179,297.775577545166,3.896222535854456e-07,0.22988208942115307,0.00038478338473881056,0.00641620863461867,2.0580210157676767e-06,17.92706990560921
radial,0.75,5.864867837064796,0.005400000140070915,0.04222704842686653,298.28170013427734,4.24317328764013e-07,0.22941332310438156,0.00041330528413566035,0.006427845684811473,2.2267102469301823e-06,19.266155943775995
radial,0.75,5.918312817811966,0.005400000140070915,0.042611852288246155,298.7361068725586,4.543533292854091e-07,0.2290130089968443,0.00043743657945696264,0.006437646283302456,2.371067089574908e-06,20.468426236416658
radial,0.75,5.972273647785187,0.005400000140070915,0.043000370264053345,299.025691986084,4.725747095924217e-07,0.22876900248229504,0.00045192961727609754,0.006443446560297161,2.4572840394852978e-06,21.234619499364065
radial,0.75,6.026756535801622,0.005400000140070915,0.04339264705777168,299.1756820678711,4.82268461733959e-07,0.22863373532891273,0.0004595773177492053,0.006446350947953761,2.501701089809533e-06,21.63151362818628
radial,0.75,6.081765103671286,0.005400000140070915,0.04378870874643326,299.28370666503906,4.903643709031793e-07,0.22851837053894997,0.00046561068738486326,0.006448453932534903,2.5380159504498488e-06,21.917446729374564
radial,0.75,6.137305042809911,0.005400000140070915,0.044188596308231354,299.40185928344727,4.994004444472903e-07,0.22839190810918808,0.00047207808358019963,0.00645065592834726,2.5789904640806468e-06,22.230245264918597
radial,0.75,6.193381527231799,0.005400000140070915,0.044592346996068954,299.4971122741699,5.061528834523573e-07,0.2282942831516266,0.00047695912117992655,0.006452263216488063,2.6094859251528474e-06,22.482630102548647
radial,0.75,6.250000248352687,0.005400000140070915,0.04500000178813934,299.55725479125977,5.099755673706877e-07,0.2282327450811863,0.0004798885485801418,0.006453150708694011,2.6263459676243935e-06,22.64232898726539
radial,0.75,6.2828117774592505,0.005400000140070915,0.045236244797706604,299.57774353027344,5.111227275777592e-07,0.22820991463959217,0.00048088474865623233,0.00645340682240203,2.631315223296245e-06,22.696802397670172
radial,0.75,6.318450905382633,0.005400000140070915,0.04549284651875496,299.59131622314453,5.117758681307802e-07,0.22819198481738567,0.000481575383541252,0.00645353936124593,2.6342763408203426e-06,22.732827715346353
radial,0.75,6.357160810795095,0.005400000140070915,0.045771557837724686,299.6050567626953,5.125188398569127e-07,0.2281718049198389,0.00048232032263774254,0.0064536710269749165,2.6379994583360306e-06,22.76910102046837
radial,0.75,6.3992064032289715,0.005400000140070915,0.046074286103248596,299.6228828430176,5.136757536284295e-07,0.22814550064504147,0.0004833106628573356,0.006453865673393011,2.6440962630388254e-06,22.816091371683132
radial,0.75,6.444874840478103,0.005400000140070915,0.04640309885144234,299.6444892883301,5.151153355243296e-07,0.22811459563672543,0.0004844769928304074,0.006454102403949946,2.6519203888594617e-06,22.872968280620814
radial,0.75,6.494478633006414,0.005400000140070915,0.04676024615764618,299.665958404541,5.164039989336953e-07,0.22808422520756721,0.00048557673367221715,0.006454302871134132,2.6592706811908238e-06,22.929504921830624
radial,0.75,6.54835667875078,0.005400000140070915,0.047148168087005615,299.6839179992676,5.172667050062134e-07,0.22805769369006157,0.0004864536280785764,0.006454416259657592,2.6646426488624066e-06,22.976721639011426
radial,0.75,6.606877367529604,0.005400000140070915,0.04756951704621315,299.69444274902344,5.174100400688022e-07,0.22803816571831703,0.00048695394940047586,0.006454390240833163,2.666552915585059e-06,23.004267606742765
radial,0.75,6.670440650648541,0.005400000140070915,0.048027172684669495,299.6996154785156,5.170292214611387e-07,0.22802278399467468,0.0004872070636271171,0.006454264337662607,2.6662326356145524e-06,23.01771113449209
radial,0.75,6.739481145309077,0.005400000140070915,0.04852426424622536,299.7059516906738,5.166510299804391e-07,0.2280049491673708,0.0004875242856377669,0.006454138783738017,2.666583404067957e-06,23.03425601788945
radial,0.75,6.814470204214255,0.005400000140070915,0.049064185470342636,299.7144317626953,5.162943834026755e-07,0.22798419930040836,0.0004879291055399055,0.0064540214370936155,2.6676660126531613e-06,23.056496091316525
radial,0.75,6.895921606984404,0.005400000140070915,0.049650635570287704,299.7222709655762,5.157324041525362e-07,0.22796358726918697,0.0004882824229485766,0.006453867827076465,2.6679165086527254e-06,23.077075188589507
radial,0.75,6.98439104275571,0.005400000140070915,0.05028761550784111,299.7259216308594,5.146968765904368e-07,0.22794635593891144,0.0004884319267426376,0.006453628942836076,2.665695582571487e-06,23.086549388489605
radial,0.75,7.080483871201674,0.005400000140070915,0.050979483872652054,299.7279930114746,5.13360919916597e-07,0.22792930901050568,0.0004885179008773474,0.006453346868511289,2.662388168676122e-06,23.091706781727808
radial,0.75,7.184856674737401,0.005400000140070915,0.05173096805810928,299.73230743408203,5.120214447613638e-07,0.22790831327438354,0.0004887236114873781,0.00645307480590418,2.659751376282669e-06,23.10196825281731
radial,0.75,7.2982234673367605,0.005400000140070915,0.052547208964824677,299.7368965148926,5.106979204222571e-07,0.22788341343402863,0.0004890070388275443,0.006452773115597665,2.657110138626565e-06,23.10714409056585
radial,0.75,7.421358281539546,0.005400000140070915,0.05343377962708473,299.7535171508789,5.114174477700057e-07,0.22782912105321884,0.0004903596623545285,0.006452621484640986,2.663480879013878e-06,23.101296899806943
radial,0.75,7.5551039642757845,0.005400000140070915,0.054396748542785645,299.8686294555664,5.271843043897349e-07,0.2275838628411293,0.000499150169820979,0.00645383249502629,2.7375796208631177e-06,23.065837578945168
radial,0.75,7.700374246471458,0.005400000140070915,0.0554426945745945,300.4040336608887,6.003658744133872e-07,0.2266286462545395,0.0005356671181608009,0.006460155069362372,3.0676701216110544e-06,22.932229133536065
radial,0.75,7.8581620214713945,0.005400000140070915,0.05657876655459404,301.6645698547363,7.557197859692856e-07,0.22466862946748734,0.0006112762739145404,0.00647365691838786,3.762601234164565e-06,22.948133416788064
radial,0.75,8.029546071257856,0.005400000140070915,0.057812731713056564,303.2248229980469,9.293802208739489e-07,0.22248950600624084,0.000694923649765091,0.006488532468210906,4.537540510832254e-06,23.631885031739937
radial,0.75,8.215697792669138,0.005400000140070915,0.05915302410721779,304.1460418701172,1.0263441826821033e-06,0.22123892046511173,0.0007412104436812799,0.006496201676782221,4.9698817645773995e-06,24.35631960247388
radial,0.75,8.417889993223879,0.005400000140070915,0.06060880795121193,304.4454879760742,1.0593980036532922e-06,0.22075732238590717,0.000756065769287663,0.006497652386315167,5.115897419973719e-06,24.63449987570143
radial,0.75,8.637504652142525,0.005400000140070915,0.06219003349542618,304.85558319091797,1.108189347263669e-06,0.2200935985893011,0.0007753047292732311,0.006499210780020803,5.325505833236871e-06,25.051600496789572
radial,0.75,8.876043268375927,0.005400000140070915,0.06390751153230667,305.28765869140625,1.157929298500144e-06,0.21940580941736698,0.0007951704762829715,0.006500969117041677,5.541904626909547e-06,25.513351274576756
radial,0.75,9.135136173831093,0.005400000140070915,0.06577298045158386,305.58015060424805,1.1890545139737144e-06,0.21890169009566307,0.0008113926074044729,0.0065040470799431205,5.702490644473736e-06,25.68167689985593
radial,0.75,9.416553916202652,0.005400000140070915,0.06779918819665909,306.1590766906738,1.2508455620373783e-06,0.21798346377909184,0.0008485879504878171,0.006515812827274203,6.0674393143334e-06,25.600660934734638
radial,0.75,9.722222263614336,0.005400000140070915,0.07000000029802322,307.56764221191406,1.3885711580176078e-06,0.21609201654791832,0.0009315566183798292,0.006544708623550832,6.892863503004167e-06,25.452585404257228
radial,0.75,9.902213803595966,0.005400000140070915,0.07129593938589096,308.46203231811523,1.4690981436541203e-06,0.21498047187924385,0.0009807229707255775,0.006562012888025492,7.379504296929089e-06,25.563073878073816
radial,0.75,10.089199576112959,0.005400000140070915,0.0726422369480133,308.9205894470215,1.5071463899215168e-06,0.21438692323863506,0.0010051443499787347,0.0065699543338268995,7.6114097306960485e-06,25.680009300801746
radial,0.75,10.283450699514812,0.005400000140070915,0.07404084503650665,309.1233444213867,1.524977489133416e-06,0.21403463557362556,0.0010165715511475822,0.006572300742845982,7.709402144933927e-06,25.760811734395546
radial,0.75,10.485249674982494,0.005400000140070915,0.07549379765987396,309.28293228149414,1.5390246634529096e-06,0.21372291445732117,0.0010256751883540897,0.006573594408109784,7.782628800574588e-06,25.835059436960346
radial,0.75,10.694890386528439,0.005400000140070915,0.07700321078300476,309.4462432861328,1.5523669617440865e-06,0.2134126890450716,0.001034883459943464,0.006575048959348351,7.856798010486248e-06,25.902893390872094
radial,0.75,10.912676031390827,0.005400000140070915,0.07857126742601395,309.59980392456055,1.5642599258082122e-06,0.21311106719076633,0.0010435185437760533,0.006576275627594441,7.924501970848532e-06,25.969702313719466
radial,0.75,11.138925328850746,0.005400000140070915,0.08020026236772537,309.7100524902344,1.5706987674929953e-06,0.2128702476620674,0.0010495437391320314,0.006576710962690413,7.96500605467772e-06,26.021644790235737
radial,0.75,11.373966311415037,0.005400000140070915,0.08189255744218826,309.8026313781738,1.574842958572048e-06,0.21265328116714954,0.0010544894949413752,0.00657674006652087,7.993359557734517e-06,26.06426067586723
radial,0.75,11.618139429224863,0.005400000140070915,0.083650603890419,309.8973045349121,1.5794466532021158e-06,0.21242639794945717,0.001059523091349517,0.006576546875294298,8.021301456667376e-06,26.109277168175485
radial,0.75,11.871800654464298,0.005400000140070915,0.08547696471214294,309.9878044128418,1.5845345177986189e-06,0.2121814526617527,0.001064757276239488,0.006575614621397108,8.044141665124958e-06,26.145269462281288
radial,0.75,12.135318376951748,0.005400000140070915,0.08737429231405258,310.12986755371094,1.5971553624570863e-06,0.21174062602221966,0.0010747437752770045,0.0065723591251298785,8.072143409175414e-06,26.113524334968382
radial,0.75,12.409075473745665,0.005400000140070915,0.08934534341096878,310.36503982543945,1.619686058931544e-06,0.2110273614525795,0.0010912505433680986,0.006566273921635002,8.108452789584009e-06,25.978106403213218
radial,0.75,12.69347034394741,0.005400000140070915,0.09139298647642136,310.88671875,1.6675925448719584e-06,0.2096618451178074,0.0011234813590307608,0.006554139603395015,8.180009630052926e-06,25.653503924993743
radial,0.75,12.988915873898401,0.005400000140070915,0.09352019429206848,311.41577911376953,1.7137715841800164e-06,0.20833487808704376,0.0011543764207717529,0.006541966286022216,8.253044655204182e-06,25.421602082937778
radial,0.75,13.295841506785816,0.005400000140070915,0.09573005884885788,311.6165657043457,1.7268936885206586e-06,0.20778928324580193,0.001165431442587168,0.006535769265610725,8.274519132520023e-06,25.378212248801596
radial,0.75,13.614692207839754,0.005400000140070915,0.09802578389644623,311.7935256958008,1.7362236973339585e-06,0.20722633972764015,0.0011752871457706678,0.006527135206852108,8.28555317909015e-06,25.33108595442311
radial,0.75,13.945934673150381,0.005400000140070915,0.10041072964668274,311.94753646850586,1.7427083519697042e-06,0.20671327784657478,0.0011836576899220427,0.006518648762721568,8.289152703326885e-06,25.287293765453228
radial,0.75,14.290046981639332,0.005400000140070915,0.10288833826780319,311.9954833984375,1.7401887674671318e-06,0.2064945288002491,0.0011860775258024823,0.00651466369163245,8.273745010429952e-06,25.26568861480629
radial,0.75,14.647531012694042,0.005400000140070915,0.1054622232913971,312.0208320617676,1.7359410151248251e-06,0.2063004933297634,0.0011872477214766339,0.006510689447168261,8.253323983787649e-06,25.245722178946522
radial,0.75,15.01890520254771,0.005400000140070915,0.1081361174583435,312.04220962524414,1.7313094275892838e-06,0.20609245263040066,0.0011881667620648967,0.006506148201879114,8.230435242231893e-06,25.222377624815653
radial,0.75,15.404710753096476,0.005400000140070915,0.11091391742229462,312.05233001708984,1.7257386588793812e-06,0.20594285242259502,0.001188553858415405,0.00650284910807386,8.206314135370354e-06,25.20153944338084
radial,0.75,15.805506457885107,0.005400000140070915,0.11379964649677277,312.06237030029297,1.720095102215519e-06,0.2058065738528967,0.0011889797295380048,0.0064999155583791435,8.182364610400564e-06,25.18074948153114
radial,0.75,16.22187594572703,0.005400000140070915,0.11679750680923462,312.0733184814453,1.7144111726658333e-06,0.20567706041038036,0.0011894667175111951,0.006497202964965254,8.159103203507363e-06,25.160849195109268
radial,0.75,16.654425611098606,0.005400000140070915,0.11991186439990997,312.0849075317383,1.7087322743654884e-06,0.20556925795972347,0.001189980621468864,0.006495103181805462,8.137349170601068e-06,25.143714822595765
radial,0.75,17.103782544533413,0.005400000140070915,0.12314723432064056,312.0973930358887,1.7032146151911298e-06,0.20547623001039028,0.0011905354844070717,0.00649338448420167,8.116944146675038e-06,25.12852574217587
radial,0.75,17.570598671833675,0.005400000140070915,0.12650831043720245,312.10174560546875,1.6971389349458544e-06,0.20541183277964592,0.001190695843104632,0.0064920271397568285,8.09440630461114e-06,25.112423949066923
radial,0.75,18.055554893281727,0.005400000140070915,0.12999999523162842,312.0975570678711,1.6906080363107075e-06,0.20536895655095577,0.0011904422675717969,0.006490812578704208,8.069162787498986e-06,25.094053056969205
radial,0.75,18.3384513689412,0.005400000140070915,0.13203684985637665,312.09363174438477,1.6869722086414463e-06,0.20535019226372242,0.0011902268877459485,0.006490198371466249,8.055000580460816e-06,25.08339585751907
radial,0.75,18.62622383568022,0.005400000140070915,0.13410881161689758,312.08837509155273,1.6832605123860704e-06,0.2053335513919592,0.0011899483917160226,0.006489585735835135,8.040548441027511e-06,25.07173122825751
radial,0.75,18.918953008121914,0.005400000140070915,0.13621646165847778,312.0821342468262,1.6794512288082637e-06,0.2053183726966381,0.0011896211285802095,0.006488966115284711,8.025711296508293e-06,25.059460248617253
radial,0.75,19.21672580970658,0.005400000140070915,0.1383604258298874,312.0749053955078,1.675659698469082e-06,0.20530522800981998,0.0011892470875169664,0.006488349288702011,8.010773450358017e-06,25.046678467335227
radial,0.75,19.519631233480244,0.005400000140070915,0.14054134488105774,312.0668182373047,1.67188824209649e-06,0.20529389940202236,0.0011888328338273205,0.006487737933639437,7.995795925002959e-06,25.033464968011643
radial,0.75,19.82775413327747,0.005400000140070915,0.14275982975959778,312.05806732177734,1.6681055556793383e-06,0.20528409257531166,0.001188385459409881,0.0064871349022723734,7.980770080751067e-06,25.020061886596242
radial,0.75,20.141185571750004,0.005400000140070915,0.14501653611660004,312.0488090515137,1.6643375040845805e-06,0.20527536049485207,0.001187913743730567,0.006486535014118999,7.965765124834601e-06,25.00648096840193
radial,0.75,20.46001868115531,0.005400000140070915,0.14731213450431824,312.0389862060547,1.660612324801362e-06,0.205267783254385,0.0011874140142498543,0.006485936231911182,7.950796177854914e-06,24.992657131451008
radial,0.75,20.784344524145126,0.005400000140070915,0.1496472805738449,312.0283393859863,1.6569049927434688e-06,0.20526155270636082,0.0011868738096399401,0.006485332269221544,7.935718033491373e-06,24.9784391683424
radial,0.75,21.114260372188358,0.005400000140070915,0.15202267467975616,312.0168113708496,1.6531740407414138e-06,0.20525659061968327,0.0011862891699607927,0.006484717654529959,7.920402566776892e-06,24.963761724500078
radial,0.75,21.44985935754246,0.005400000140070915,0.15443898737430573,312.00444412231445,1.6494274837926885e-06,0.20525303296744823,0.0011856636177988598,0.0064840990817174315,7.904921769931687e-06,24.948656371551603
radial,0.75,21.79124082128207,0.005400000140070915,0.1568969339132309,311.9919204711914,1.6457571952241404e-06,0.20525040477514267,0.0011850302135140644,0.006483493372797966,7.889703418163696e-06,24.933519804005492
radial,0.75,22.138504104481804,0.005400000140070915,0.15939722955226898,311.9796714782715,1.6422237134883796e-06,0.20524843782186508,0.001184411337611584,0.0064829132170416415,7.875048724816182e-06,24.918652815467766
radial,0.75,22.491750617822014,0.005400000140070915,0.16194060444831848,311.9675979614258,1.6388067315285874e-06,0.20524720661342144,0.0011838012395834414,0.006482356111519039,7.860875636593398e-06,24.904019802530765
radial,0.75,22.851083841588764,0.005400000140070915,0.1645278036594391,311.95477294921875,1.6354103832586327e-06,0.20524746179580688,0.0011831552472095612,0.006481801508925855,7.846676172474494e-06,24.889130832627792
radial,0.75,23.216609325673847,0.005400000140070915,0.16715958714485168,311.9393310546875,1.6318808081516992e-06,0.20525136031210423,0.0011823805638362524,0.006481218326371163,7.831522875575123e-06,24.872908241909133
radial,0.75,23.58843261996905,0.005400000140070915,0.16983671486377716,311.92140197753906,1.6282427761383828e-06,0.20525876060128212,0.0011814846945005972,0.006480610289145261,7.81551931488177e-06,24.855364043944892
radial,0.75,23.96666134397189,0.005400000140070915,0.1725599616765976,311.9026870727539,1.6246497789480344e-06,0.20526779256761074,0.001180550242466959,0.006480005569756031,7.799532296011262e-06,24.837573058589115
radial,0.75,24.351407256391315,0.005400000140070915,0.17533013224601746,311.8839111328125,1.6211681531290654e-06,0.2052778322249651,0.001179613239186893,0.006479421688709408,7.783965606397441e-06,24.819952871203796
radial,0.75,24.74278211593628,0.005400000140070915,0.1781480312347412,311.8649215698242,1.6177849668558695e-06,0.20528912171721458,0.0011786662693228176,0.006478858413174748,7.768763908967046e-06,24.802491980639484
radial,0.75,25.140903890132904,0.005400000140070915,0.1810145080089569,311.8440818786621,1.6143729336257677e-06,0.20530365221202374,0.00117762831156256,0.006478290481027216,7.753129463275614e-06,24.78435063894742
radial,0.75,25.545884337690143,0.005400000140070915,0.18393036723136902,311.819034576416,1.6107587376642886e-06,0.20532439649105072,0.0011763842139860719,0.006477684422861785,7.73595206065282e-06,24.76433506823742
radial,0.75,25.95784142613411,0.005400000140070915,0.1868964582681656,311.78953552246094,1.6069345203460914e-06,0.20535234920680523,0.001174922197159031,0.006477059388998896,7.717294598406692e-06,24.742450795581924
radial,0.75,26.37689726220237,0.005400000140070915,0.18991366028785706,311.7581329345703,1.6030962348319859e-06,0.20538483373820782,0.001173368080123784,0.006476468057371676,7.698468538787236e-06,24.72030759905102
radial,0.75,26.80317188302676,0.005400000140070915,0.19298283755779266,311.7289390563965,1.5995395804704272e-06,0.2054156232625246,0.001171925853219607,0.00647593749454245,7.681221958842009e-06,24.69970385625259
radial,0.75,27.236793604162006,0.005400000140070915,0.19610491394996643,311.7013854980469,1.596182617090937e-06,0.2054457776248455,0.0011705672379825301,0.006475482194218785,7.665453251003937e-06,24.6809580474935
radial,0.75,27.677884532345665,0.005400000140070915,0.1992807686328888,311.6715202331543,1.5926786138661111e-06,0.20548108592629433,0.0011690959040649759,0.006475080794189125,7.649472119465088e-06,24.662999278325525
radial,0.75,28.12657712234391,0.005400000140070915,0.20251135528087616,311.6384811401367,1.5889645592838484e-06,0.20552287623286247,0.0011674677604144204,0.006474725727457553,7.63289040903254e-06,24.646171128607737
radial,0.75,28.582997620105743,0.005400000140070915,0.20579758286476135,311.6022071838379,1.5850444598916969e-06,0.2055738903582096,0.0011656771175731166,0.006474506633821875,7.61630162166926e-06,24.632587698248447
radial,0.75,29.047286758820217,0.005400000140070915,0.20914046466350555,311.56274795532227,1.580948499293512e-06,0.20563448034226894,0.0011637337457880935,0.006474452966358513,7.600146237200627e-06,24.621484738686004
radial,0.75,29.519572854042053,0.005400000140070915,0.21254092454910278,311.52611541748047,1.5772521027604668e-06,0.20569048821926117,0.0011619306086515738,0.006474419322330505,7.586190011086783e-06,24.612966520993805
radial,0.75,30.000000778171753,0.005400000140070915,0.2160000056028366,309.27357482910156,1.5892916336700621e-06,0.20488916337490082,0.000981072698126398,0.006315669452305883,7.012986075743245e-06,23.800561189690665
radial,0.75,0.0,0.005400000140070915,0.0,294.08831787109375,0.15635603666305542,0.19647590070962906,1.3989087733534689e-05,1.517599980616069e-05,2.8748384863774845e-06,0.008016399106352549
radial,0.75,0.012820513196250735,0.005400000140070915,9.230769501300529e-05,294.0900535583496,0.156355831772089,0.19647553749382496,1.4201732483343221e-05,1.540409857625491e-05,2.9174870235237904e-06,0.007998435960872623
radial,0.75,0.02564102639250147,0.005400000140070915,0.00018461539002601057,294.0953254699707,0.15635521709918976,0.19647445157170296,1.484737390455848e-05,1.6096767467388418e-05,3.047039314196809e-06,0.007983554428804749
radial,0.75,0.038461536557103194,0.005400000140070915,0.000276923063211143,294.1043815612793,0.1563541516661644,0.19647257216274738,1.594980130903423e-05,1.727967605802405e-05,3.2683614392681193e-06,0.00794445211112219
radial,0.75,0.05128205278500294,0.005400000140070915,0.00036923078005202115,294.11766815185547,0.15635261125862598,0.19646986201405525,1.7549820313433884e-05,1.8996712469743215e-05,3.5897235477477807e-06,0.00790641999603792
radial,0.75,0.064102564970704,0.005400000140070915,0.0004615384677890688,294.13578033447266,0.15635052137076855,0.196466201916337,1.9706262719410006e-05,2.1311138652890804e-05,4.023040787615173e-06,0.007870943544861973
radial,0.75,0.07692307311420639,0.005400000140070915,0.000553846126422286,294.159610748291,0.15634783916175365,0.19646146707236767,2.249798262710101e-05,2.4307741114171222e-05,4.5842787699257315e-06,0.007831051340362884
radial,0.75,0.0897435933843048,0.005400000140070915,0.0006461538723669946,294.1902656555176,0.1563444398343563,0.1964554786682129,2.602636004667147e-05,2.809554689520155e-05,5.293979768339341e-06,0.0077946270332189364
radial,0.75,0.10256410557000588,0.005400000140070915,0.0007384615601040423,294.2292137145996,0.1563402209430933,0.19644802436232567,3.0418329743042705e-05,3.2811108212627005e-05,6.17789322632234e-06,0.007743432358647165
radial,0.75,0.11538460967130959,0.005400000140070915,0.000830769189633429,294.27821350097656,0.1563350223004818,0.1964388322085142,3.583034049370326e-05,3.862279299937654e-05,7.267800128829549e-06,0.007684493422865884
radial,0.75,0.128205129941408,0.005400000140070915,0.0009230769355781376,294.33956146240234,0.1563286855816841,0.19642757810652256,4.245325408192002e-05,4.5736089305137284e-05,8.602532716395217e-06,0.007630229904217006
radial,0.75,0.14102563404271173,0.005400000140070915,0.0010153845651075244,294.4160346984863,0.15632097981870174,0.19641387462615967,5.051842799730366e-05,5.4400216413341695e-05,1.0229241524939425e-05,0.007540419558638014
radial,0.75,0.15384614622841278,0.005400000140070915,0.001107692252844572,294.5111274719238,0.1563116516917944,0.19639724493026733,6.0305353144940455e-05,6.491638123407029e-05,1.2204990753161837e-05,0.007449445485431113
radial,0.75,0.16666667458290854,0.005400000140070915,0.0012000000569969416,294.6290817260742,0.1563003845512867,0.19637709856033325,7.215136338345474e-05,7.764830752421403e-05,1.459878501464118e-05,0.007328155572162535
radial,0.75,0.1794871867686096,0.005400000140070915,0.0012923077447339892,294.7752113342285,0.15628683008253574,0.19635272957384586,8.64640778672765e-05,9.303574279329041e-05,1.749417378960061e-05,0.00717863086207678
radial,0.75,0.19230769895431069,0.005400000140070915,0.001384615432471037,294.9560852050781,0.15627050213515759,0.1963233295828104,0.00010373769146099221,0.000111612133878225,2.0992656118323794e-05,0.0070346492921453275
radial,0.75,0.20512821114001176,0.005400000140070915,0.0014769231202080846,295.1798782348633,0.15625089220702648,0.19628781639039516,0.00012457410775823519,0.0001340275521215517,2.521811006772623e-05,0.006871467456283936
radial,0.75,0.21794872332571283,0.005400000140070915,0.0015692308079451323,295.45678329467773,0.15622732788324356,0.19624496065080166,0.0001497109333286062,0.00016107903138617985,3.0322651127789868e-05,0.006728389595897201
radial,0.75,0.23076921934261918,0.005400000140070915,0.001661538379266858,295.799747467041,0.1561989951878786,0.19619316793978214,0.0001800598965928657,0.00019375238116481341,3.6494689993560314e-05,0.0066316852543333495
radial,0.75,0.24358974769711494,0.005400000140070915,0.0017538461834192276,296.2251319885254,0.1561648827046156,0.19613048434257507,0.00021675902462447993,0.000233278678933857,4.396985605126247e-05,0.006634212607780108
radial,0.75,0.256410259882816,0.005400000140070915,0.0018461538711562753,296.753963470459,0.15612374618649483,0.19605443254113197,0.00026124327996512875,0.000281211036053719,5.3045825552544557e-05,0.006862036024775849
radial,0.75,0.2692307720685171,0.005400000140070915,0.001938461558893323,297.4135971069336,0.15607399307191372,0.19596185348927975,0.0003153423713229131,0.0003395308231119998,6.4102836404345e-05,0.007496721642701814
radial,0.75,0.28205126808542347,0.005400000140070915,0.002030769130215049,298.2398681640625,0.15601358376443386,0.19584865681827068,0.0003814168339886237,0.0004107953682250809,7.76322840465582e-05,0.008781403277203155
radial,0.75,0.29487179643991923,0.005400000140070915,0.0021230769343674183,299.2803192138672,0.15593988075852394,0.19570950232446194,0.0004625503752322402,0.0004983470862498507,9.427715667698067e-05,0.01095277111853126
radial,0.75,0.30769229245682556,0.005400000140070915,0.002215384505689144,300.59900283813477,0.15584940277040005,0.19553731568157673,0.0005628251674352214,0.0006066124260541983,0.0001148899355030153,0.014288488771746063
radial,0.75,0.3205128208113213,0.005400000140070915,0.0023076923098415136,302.2832450866699,0.15573754347860813,0.1953225675970316,0.0006877251362311654,0.0007415403306367807,0.00014061750516702887,0.019179405231083697
radial,0.75,0.3333333491658171,0.005400000140070915,0.002400000113993883,304.4540786743164,0.15559803694486618,0.19505226612091064,0.0008447282089036889,0.000911245915631298,0.00017302586093137506,0.026088748903415136
radial,0.75,0.34615384518272346,0.005400000140070915,0.002492307685315609,307.2815284729004,0.1554222982376814,0.19470839202404022,0.0010441865160828456,0.001126967472373508,0.0002142856264981674,0.035541589697385106
radial,0.75,0.3589743735372192,0.005400000140070915,0.0025846154894679785,311.0083808898926,0.1551983617246151,0.1942655760794878,0.0013006649387534708,0.001404521826771088,0.0002674541246960871,0.04838913499064891
radial,0.75,0.3717948695541256,0.005400000140070915,0.0026769230607897043,315.98564529418945,0.1549093034118414,0.19368760846555233,0.0016349293291568756,0.0017664665210759267,0.00033689454721752554,0.06584010989825785
radial,0.75,0.38461539790862137,0.005400000140070915,0.002769230864942074,322.7246971130371,0.154530992731452,0.1929222997277975,0.002076870820019394,0.002245279523776844,0.00042889236283372156,0.08952141610707659
radial,0.75,0.39743589392552775,0.005400000140070915,0.0028615384362637997,331.97103118896484,0.15402891486883163,0.1918942555785179,0.0026696363638620824,0.002887850598199293,0.0005525251835933886,0.12155404759858662
radial,0.75,0.4102564222800235,0.005400000140070915,0.002953846240416169,344.7937126159668,0.1533543299883604,0.1904958300292492,0.0034747683675959706,0.0037610663566738367,0.000720742616977077,0.1644022699700039
radial,0.75,0.4230769182969299,0.005400000140070915,0.003046153811737895,362.6598930358887,0.15244087390601635,0.18857885152101517,0.004576924082357436,0.004956928780302405,0.000951349109527655,0.2210461010497523
radial,0.75,0.43589744665142566,0.005400000140070915,0.0031384616158902645,387.41712951660156,0.1512043997645378,0.18595341593027115,0.006084522407036275,0.006593217316549271,0.0012671068543568254,0.2948819490274311
radial,0.75,0.448717942668332,0.005400000140070915,0.0032307691872119904,421.0849952697754,0.1495494730770588,0.18240233324468136,0.008121639373712242,0.00880457297898829,0.0016939480119617656,0.38965140619960575
radial,0.75,0.46153843868523836,0.005400000140070915,0.003323076758533716,465.4266052246094,0.14738363400101662,0.17771468125283718,0.01080903667025268,0.0117216658545658,0.0022568244603462517,0.511200448760644
radial,0.75,0.4743589670397341,0.005400000140070915,0.0034153845626860857,521.4891967773438,0.14463303238153458,0.1717254277318716,0.014242039993405342,0.015446809935383499,0.002974799048388377,0.6693199612191557
radial,0.75,0.4871794953942299,0.005400000140070915,0.003507692366838455,589.3677444458008,0.14125242829322815,0.16434394009411335,0.01847489015199244,0.020036470144987106,0.003857396834064275,0.8754891537777925
radial,0.75,0.49999999141113627,0.005400000140070915,0.003599999938160181,668.2506256103516,0.1372312754392624,0.15557260252535343,0.023510807426646352,0.02548983972519636,0.004902039363514632,1.1366002046204509
radial,0.75,0.5115740673823489,0.005400000140070915,0.003683333285152912,748.2097778320312,0.13304205611348152,0.1464780792593956,0.028742952272295952,0.031144746812060475,0.005979049659799784,1.4114237402944285
radial,0.75,0.5231481433535615,0.005400000140070915,0.0037666666321456432,834.7655944824219,0.12837165966629982,0.13642600737512112,0.034543848130851984,0.03739670291543007,0.007159718545153737,1.7050860165547754
radial,0.75,0.5347222193247743,0.005400000140070915,0.0038499999791383743,926.2471084594727,0.12327873799949884,0.1256089061498642,0.04081525839865208,0.04412709455937147,0.00841434090398252,2.008940689588403
radial,0.75,0.5415076480454041,0.005400000140070915,0.0038988550659269094,984.1871795654297,0.11997298337519169,0.11868352256715298,0.04485034756362438,0.048437596298754215,0.009206411428749561,2.1847020012231946
radial,0.75,0.5483620205066271,0.005400000140070915,0.003948206547647715,1046.6976928710938,0.1163404081016779,0.1111705843359232,0.049249264877289534,0.053115034475922585,0.010053302510641515,2.344434265544676
radial,0.75,0.5552860804729992,0.005400000140070915,0.003998059779405594,1111.4952087402344,0.11250145360827446,0.10335403215140104,0.05385484965518117,0.057982674799859524,0.010917371953837574,2.4809384642808876
radial,0.75,0.5622805717090765,0.005400000140070915,0.004048420116305351,1178.0349731445312,0.1084814416244626,0.09532118309289217,0.058626189827919006,0.06298589799553156,0.011782182729803026,2.597934754578768
radial,0.75,0.5693460762914684,0.005400000140070915,0.0040992917492985725,1245.9475860595703,0.10429376270622015,0.08713902998715639,0.06353678088635206,0.06808237638324499,0.012631717370823026,2.6788370997218816
radial,0.75,0.576483434997499,0.005400000140070915,0.004150680731981993,1314.5184326171875,0.0999738434329629,0.07892170082777739,0.06853489577770233,0.07319990266114473,0.013442724011838436,2.6807720072262824
radial,0.75,0.5836932945789562,0.005400000140070915,0.004202591720968485,1382.7577514648438,0.09557549748569727,0.0708196209743619,0.07354961056262255,0.0782429976388812,0.01418600045144558,2.5906856644226295
radial,0.75,0.5909764958131645,0.005400000140070915,0.004255030769854784,1449.7888793945312,0.09114455431699753,0.0629681283608079,0.07852232549339533,0.08312472701072693,0.014831157517619431,2.450026068043942
radial,0.75,0.5983336854519116,0.005400000140070915,0.004308002535253763,1514.8341522216797,0.08671909477561712,0.055488019715994596,0.08340728376060724,0.08776617329567671,0.015345872496254742,2.283806509769585
radial,0.75,0.6057657042725219,0.005400000140070915,0.0043615130707621574,1576.8887786865234,0.08235249109566212,0.048524241894483566,0.08814724907279015,0.09207218512892723,0.015692430548369884,2.082702119286857
radial,0.75,0.6132731990267833,0.005400000140070915,0.00441556703299284,1634.88232421875,0.07810232602059841,0.04222348192706704,0.09268749877810478,0.09594510216265917,0.015829521464183927,1.8629270262870268
radial,0.75,0.6208570104920202,0.005400000140070915,0.004470170475542545,1688.1619415283203,0.07400472089648247,0.03666851622983813,0.0969880660995841,0.09933223854750395,0.01574174826964736,1.6790570306075412
radial,0.75,0.6285179794455568,0.005400000140070915,0.004525329452008009,1736.8043060302734,0.07006144057959318,0.03183583030477166,0.10102088190615177,0.10225769504904747,0.0154658576939255,1.5525345864959081
radial,0.75,0.6362567526391811,0.005400000140070915,0.004581048619002104,1781.2574005126953,0.06625595595687628,0.02764916163869202,0.10477069672197104,0.1047813817858696,0.015057957731187344,1.4676525321720402
radial,0.75,0.6440741708502173,0.005400000140070915,0.004637334030121565,1821.927474975586,0.06257338682189584,0.02403865777887404,0.10823098011314869,0.10695626214146614,0.014563226490281522,1.410213826498658
radial,0.75,0.6519710748559899,0.005400000140070915,0.004694191738963127,1859.167984008789,0.05900144623592496,0.020942393923178315,0.11140056513249874,0.10882800631225109,0.01401775295380503,1.3683893131820504
radial,0.75,0.6599482407586442,0.005400000140070915,0.004751627333462238,1893.282943725586,0.05553028080612421,0.01830613915808499,0.11428193747997284,0.11043561529368162,0.013450142345391214,1.3339777068555119
radial,0.75,0.6680065093355047,0.005400000140070915,0.004809646867215633,1924.5304565429688,0.052152191288769245,0.016082839807495475,0.11687997914850712,0.11181211937218904,0.012882843031547964,1.3022816985347423
radial,0.75,0.6761466566887167,0.005400000140070915,0.00486825592815876,1953.1263275146484,0.048861447256058455,0.014232138637453318,0.11920102592557669,0.11298525240272284,0.012333250953815877,1.2713245570292373
radial,0.75,0.6843695235956047,0.005400000140070915,0.004927460569888353,1979.2467346191406,0.045654105488210917,0.012719885562546551,0.12125211767852306,0.11397792957723141,0.011814602185040712,1.2404917708951704
radial,0.75,0.6926760155086716,0.005400000140070915,0.0049872673116624355,2003.0308990478516,0.04252784699201584,0.011517665931023657,0.12304048426449299,0.11480879411101341,0.011336673283949494,1.2112303294203504
radial,0.75,0.7010669085300631,0.005400000140070915,0.005047681741416454,2024.5827026367188,0.03948191413655877,0.010602410649880767,0.12457314599305391,0.11549258511513472,0.010906342533417046,1.1859403331255338
radial,0.75,0.7095431081122823,0.005400000140070915,0.005108710378408432,2043.9719543457031,0.03651712043210864,0.009956038440577686,0.1258566528558731,0.1160404421389103,0.010528005543164909,1.167533655921476
radial,0.75,0.7181054550326533,0.005400000140070915,0.005170359276235104,2061.2354736328125,0.03363584587350488,0.009565111016854644,0.12689694575965405,0.11646021530032158,0.010203866404481232,1.1587995309130212
radial,0.75,0.7267547900685006,0.005400000140070915,0.005232634488493204,2076.3787841796875,0.03084201132878661,0.009420485817827284,0.1276993677020073,0.11675666738301516,0.009934112429618835,1.1618482472652232
radial,0.75,0.735492083347506,0.005400000140070915,0.005295543000102043,2089.3781127929688,0.02814102661795914,0.00951698119752109,0.12826881371438503,0.11693171318620443,0.009716995293274522,1.1780508179291571
radial,0.75,0.7443181756469939,0.005400000140070915,0.005359090864658356,2100.1818237304688,0.02553978725336492,0.009853017865680158,0.12860995158553123,0.11698459088802338,0.009548839647322893,1.2081873320131016
radial,0.75,0.7532339724194672,0.005400000140070915,0.005423284601420164,2108.7139892578125,0.023046655347570777,0.010430186870507896,0.12872750125825405,0.11691209301352501,0.009423993993550539,1.253305540849364
radial,0.75,0.762240443792608,0.005400000140070915,0.005488131195306778,2114.8775634765625,0.020671404665336013,0.011252696043811738,0.1286267675459385,0.11670882068574429,0.009334750473499298,1.3160737237422264
radial,0.75,0.7713383658685619,0.005400000140070915,0.005553636234253645,2118.560821533203,0.01842506742104888,0.0123266406590119,0.12831420451402664,0.11636757850646973,0.009271259070374072,1.4026868737123162
radial,0.75,0.780528838125368,0.005400000140070915,0.005619807634502649,2119.6453857421875,0.01631964510306716,0.013659062213264406,0.1277980748564005,0.11587987374514341,0.009221495245583355,1.5242132657029164
radial,0.75,0.7898127013403509,0.005400000140070915,0.005686651449650526,2118.016571044922,0.01436766015831381,0.015256759012117982,0.12708926014602184,0.115236627869308,0.009171336307190359,1.6952997613133811
radial,0.75,0.7991908609660135,0.005400000140070915,0.0057541741989552975,2113.5772094726562,0.012581573566421866,0.017124804435297847,0.1262019071727991,0.11442908830940723,0.00910482183098793,1.9306052174377417
radial,0.75,0.8086644164803956,0.005400000140070915,0.005822383798658848,2106.263153076172,0.010973010095767677,0.019264834700152278,0.1251540994271636,0.11344999726861715,0.009004667517729104,2.2402691308379388
radial,0.75,0.818234273336,0.005400000140070915,0.005891286768019199,2096.060089111328,0.009551785653457046,0.021673256997019053,0.12396814860403538,0.11229486018419266,0.008853087550960481,2.626329611590803
radial,0.75,0.827901272310151,0.005400000140070915,0.005960889160633087,2083.0240478515625,0.00832490366883576,0.024338936200365424,0.12267064303159714,0.11096370033919811,0.008633111719973385,3.0816690983993924
radial,0.75,0.8376667069064246,0.005400000140070915,0.006031200289726257,2067.4490661621094,0.007289780012797564,0.027222618460655212,0.12129224184900522,0.10947679821401834,0.008340998901985586,3.5462041904001675
radial,0.75,0.8475313532269664,0.005400000140070915,0.0061022257432341576,2050.021270751953,0.006427205225918442,0.03023917879909277,0.11986604891717434,0.10788842663168907,0.007997945765964687,3.9335251836994525
radial,0.75,0.857496181399458,0.005400000140070915,0.0061739725060760975,2031.5576629638672,0.005710264842491597,0.03329091100022197,0.11842420604079962,0.10626252740621567,0.007633347646333277,4.211125285139593
radial,0.75,0.8675623555771179,0.005400000140070915,0.006246448960155249,2012.728530883789,0.005114528175909072,0.03630116442218423,0.11699470039457083,0.10464868322014809,0.0072681482415646315,4.379169296458415
radial,0.75,0.8777308458876278,0.005400000140070915,0.006319662090390921,1994.0430908203125,0.004618609964381903,0.03921502875164151,0.1155997235327959,0.10308231227099895,0.006915997480973601,4.446793951286484
radial,0.75,0.8880026871338487,0.005400000140070915,0.00639361934736371,1975.8596954345703,0.004204178228974342,0.0419971588999033,0.11425504833459854,0.1015863474458456,0.006584933493286371,4.429837866379538
radial,0.75,0.898378914118641,0.005400000140070915,0.006468328181654215,1958.403549194336,0.0038557958032470196,0.04462884180247784,0.11297018732875586,0.10017330385744572,0.006278871442191303,4.347226986012605
radial,0.75,0.9088606263200443,0.005400000140070915,0.006543796509504318,1941.7914733886719,0.0035607096506282687,0.04710432840511203,0.1117492476478219,0.09884766489267349,0.0059988980065099895,4.221074087014011
radial,0.75,0.9194488585409191,0.005400000140070915,0.0066200317814946175,1926.056900024414,0.0033085501345340163,0.04942728253081441,0.11059205234050751,0.09760812390595675,0.005744290188886225,4.078344449919355
radial,0.75,0.9301447102593051,0.005400000140070915,0.006697041913866997,1911.1705780029297,0.0030909427732694894,0.05160818435251713,0.10949505027383566,0.09644925594329834,0.005513220850843936,3.946335182183584
radial,0.75,0.9409492809532417,0.005400000140070915,0.00677483482286334,1897.0704345703125,0.002901295287301764,0.05366048915311694,0.1084530409425497,0.09536378085613251,0.005303439451381564,3.8372125885705026
radial,0.75,0.9518637347759472,0.005400000140070915,0.00685341889038682,1883.6700286865234,0.002734327921643853,0.055599942337721586,0.10745941288769245,0.09434316959232092,0.005112509126774967,3.7576905716713647
radial,0.75,0.9628890418551035,0.005400000140070915,0.006932801101356745,1870.916763305664,0.0025863318296615034,0.057435940485447645,0.10651068016886711,0.09338205307722092,0.004938600352033973,3.752407411081306
radial,0.75,0.9740264310191076,0.005400000140070915,0.007012990303337574,1858.6884460449219,0.0024536793935112655,0.059186800848692656,0.10559854097664356,0.09247024357318878,0.004779090988449752,3.8919967224587424
radial,0.75,0.9852770664211776,0.005400000140070915,0.007093994878232479,1846.6673126220703,0.0023313550918828696,0.060898432508111,0.10470000747591257,0.09158316161483526,0.004629005794413388,4.224921992220122
radial,0.75,0.9966419828641746,0.005400000140070915,0.007175822276622057,1834.1934051513672,0.0022120380017440766,0.06266495725139976,0.10376594308763742,0.09067139215767384,0.0044797350419685245,4.755777571731501
radial,0.75,1.008122473851674,0.005400000140070915,0.007258481811732054,1820.071533203125,0.0020850356086157262,0.06465466041117907,0.1027064910158515,0.08964743930846453,0.004317443293984979,5.299634581395059
radial,0.75,1.0197196388617158,0.005400000140070915,0.007341981399804354,1803.5789184570312,0.001945893352967687,0.06696624215692282,0.10146699659526348,0.08846074808388948,0.004135563969612122,5.668294776633586
radial,0.75,1.0314346420475178,0.005400000140070915,0.007426329422742128,1785.1922454833984,0.0018012484506471083,0.06952733360230923,0.10008358210325241,0.08714976534247398,0.0039420117100235075,5.922794952322524
radial,0.75,1.043268776912656,0.005400000140070915,0.007511535193771124,1765.547134399414,0.0016581565869273618,0.07224301621317863,0.09860537480562925,0.08576406259089708,0.0037457280268426985,6.145437493714557
radial,0.75,1.0552231429351702,0.005400000140070915,0.0075976066291332245,1744.8455047607422,0.0015193848084891215,0.07508064154535532,0.09704861883074045,0.0843208059668541,0.003550246707163751,6.353657541451258
radial,0.75,1.0672990336186357,0.005400000140070915,0.007684553042054176,1723.1385345458984,0.001386243020533584,0.07802949752658606,0.09541796147823334,0.08282579854130745,0.003357257490279153,6.563819069060558
radial,0.75,1.0794976777914498,0.005400000140070915,0.007772383280098438,1700.4455871582031,0.0012596483138622716,0.08108357340097427,0.09371560253202915,0.08128239680081606,0.003168000723235309,6.791479634581617
radial,0.75,1.0918203689571884,0.005400000140070915,0.007861106656491756,1676.7481231689453,0.0011401605006540194,0.08424206729978323,0.09194097388535738,0.07969126105308533,0.0029832831060048193,7.045400183657595
radial,0.75,1.10426827126907,0.005400000140070915,0.007950731553137302,1651.9797973632812,0.0010280063870595768,0.08751056343317032,0.09008998051285744,0.07804976589977741,0.002803471521474421,7.329425471427597
radial,0.75,1.1168426782306697,0.005400000140070915,0.008041267283260822,1626.0229187011719,0.0009231566218659282,0.09090116433799267,0.08815482258796692,0.07635200209915638,0.002628567977808416,7.648145564333582
radial,0.75,1.1295448833455641,0.005400000140070915,0.008132723160088062,1598.7110290527344,0.0008254109125118703,0.09443196468055248,0.08612421248108149,0.07458904292434454,0.0024583111808169633,8.007455638691216
radial,0.75,1.1423761801173289,0.005400000140070915,0.008225108496844769,1569.8475341796875,0.0007345151097979397,0.09812413714826107,0.08398496732115746,0.0727504538372159,0.002292361023137346,8.406908823762668
radial,0.75,1.1553377326991823,0.005400000140070915,0.008318431675434113,1539.2444458007812,0.0006502800242742524,0.10199639573693275,0.081725237891078,0.07082698214799166,0.0021305342379491776,8.834789067419555
radial,0.75,1.1684313519961305,0.005400000140070915,0.008412705734372139,1506.7507934570312,0.0005726000090362504,0.10606122482568026,0.07933677453547716,0.06881242617964745,0.0019728938350453973,9.278247144583448
radial,0.75,1.1816579434606764,0.005400000140070915,0.00850793719291687,1472.2587890625,0.000501391536090523,0.11032462399452925,0.07681519165635109,0.06670372001826763,0.001819680823246017,9.730079473490566
radial,0.75,1.1950189299467537,0.005400000140070915,0.008604136295616627,1435.713150024414,0.0004365580825833604,0.11478545609861612,0.07416046038269997,0.06450125761330128,0.0016712724027456716,10.180039471178853
radial,0.75,1.2085157343082957,0.005400000140070915,0.00870131328701973,1397.145263671875,0.00037800004793098196,0.11943143885582685,0.07137938123196363,0.06221083737909794,0.0015282375388778746,10.609834116305288
radial,0.75,1.222149779399236,0.005400000140070915,0.0087994784116745,1356.7122497558594,0.00032561614716541953,0.12423498649150133,0.06848821137100458,0.05984569247812033,0.001391371653880924,11.002324013195269
radial,0.75,1.2359222293727927,0.005400000140070915,0.008898640051484108,1314.6791534423828,0.0002792389896058012,0.12915651686489582,0.06551078893244267,0.05742483912035823,0.0012615275772986934,11.350925386809514
radial,0.75,1.2498348951339722,0.005400000140070915,0.0089988112449646,1271.3614349365234,0.00023857163250795566,0.13415256515145302,0.0624736649915576,0.054969113785773516,0.001139379368396476,11.662240527150967
radial,0.75,1.2638889408359926,0.005400000140070915,0.009100000374019146,1227.1389923095703,0.0002032457632594742,0.13917363435029984,0.0594074260443449,0.052502273581922054,0.0010254955996060744,11.94396905379055
radial,0.75,1.2800925307803683,0.005400000140070915,0.009216666221618652,1176.2054290771484,0.0001689244254521327,0.14486088417470455,0.055918451864272356,0.04970883298665285,0.0009062565659405664,12.213506618931687
radial,0.75,1.2962962500751019,0.005400000140070915,0.009333333000540733,1126.061294555664,0.00014065721916267648,0.1503621656447649,0.052528026048094034,0.04700670810416341,0.000799989422375802,12.398194993098263
radial,0.75,1.3124998400194778,0.005400000140070915,0.00944999884814024,1076.9322052001953,0.00011736502528947312,0.15566321089863777,0.04924672516062856,0.044402162078768015,0.0007054365851217881,12.48758325066012
radial,0.75,1.3219715199536748,0.005400000140070915,0.009518194943666458,1048.51123046875,0.00010560410828475142,0.15868986770510674,0.04736694321036339,0.04291444458067417,0.0006547095981659368,12.491379193116757
radial,0.75,1.3315346505906847,0.005400000140070915,0.00958704948425293,1020.1784820556641,9.495580343354959e-05,0.16167615354061127,0.04550775373354554,0.04144588625058532,0.0006068161746952683,12.456377247482974
radial,0.75,1.341190008032653,0.005400000140070915,0.009656568057835102,992.2350234985352,8.540268026990816e-05,0.16459285467863083,0.043687527533620596,0.04001074796542525,0.0005620413430733606,12.386849326826875
radial,0.75,1.3509387564327981,0.005400000140070915,0.009726759046316147,964.7202301025391,7.683448802708881e-05,0.16743717342615128,0.0419082585722208,0.03861032798886299,0.0005202306492719799,12.286680577814485
radial,0.75,1.360781542542908,0.005400000140070915,0.009797627106308937,937.6550598144531,6.914571076777065e-05,0.1702082622796297,0.0401706974953413,0.03724496113136411,0.0004812074621440843,12.158953710160672
radial,0.75,1.3707195305162005,0.005400000140070915,0.009869180619716644,911.0843887329102,6.224913022379042e-05,0.17290283553302288,0.03847712138667703,0.035916191060096025,0.00044484050886239856,12.006752301869106
radial,0.75,1.380753367104464,0.005400000140070915,0.009941424243152142,885.0429840087891,5.606354443443706e-05,0.17551894672214985,0.0368289602920413,0.034624917432665825,0.00041098793008131906,11.83315354309476
radial,0.75,1.3908842164609168,0.005400000140070915,0.0100143663585186,859.5561981201172,5.051397556599113e-05,0.17805585637688637,0.03522689454257488,0.033371463883668184,0.0003795013872149866,11.640687523934364
radial,0.75,1.4011129840380616,0.005400000140070915,0.010088013485074043,834.6496353149414,4.553354847303126e-05,0.1805129013955593,0.03367154952138662,0.0321561167947948,0.00035024070893996395,11.431454074847979
radial,0.75,1.411440445938044,0.005400000140070915,0.010162371210753918,810.3518600463867,4.106323058294947e-05,0.18288922682404518,0.03216367680579424,0.030979282455518842,0.00032307706715073436,11.208333823174087
radial,0.75,1.4218677663140826,0.005400000140070915,0.010237447917461395,786.6883697509766,3.704997425302281e-05,0.18518435209989548,0.030703789787366986,0.029841190204024315,0.0002978855736728292,10.974195260963125
radial,0.75,1.4323957212683227,0.005400000140070915,0.010313249193131924,763.6762084960938,3.344541119076894e-05,0.18739866837859154,0.029291854007169604,0.028741652611643076,0.0002745403071457986,10.731333245506207
radial,0.75,1.4430254749539826,0.005400000140070915,0.010389783419668674,741.3267822265625,3.02059231671592e-05,0.18953311629593372,0.02792748576030135,0.027680225670337677,0.0002529182402213337,10.482688642138427
radial,0.75,1.4537578034732077,0.005400000140070915,0.010467056185007095,719.652099609375,2.7293051971355453e-05,0.1915885303169489,0.026610373053699732,0.02665653033182025,0.00023290571334655397,10.230327720114268
radial,0.75,1.4645938709792163,0.005400000140070915,0.010545075871050358,698.6679153442383,2.4673279312992236e-05,0.19356528669595718,0.025340477470308542,0.02567041222937405,0.00021440072850964498,9.974566682270668
radial,0.75,1.4755344535741541,0.005400000140070915,0.01062384806573391,678.3883666992188,2.231677990494063e-05,0.19546386785805225,0.02411770005710423,0.024721677182242274,0.00019730711755983066,9.715343032648933
radial,0.75,1.486580844761597,0.005400000140070915,0.010703382082283497,658.8170623779297,2.019602743530413e-05,0.19728568568825722,0.022941352566704154,0.02380968607030809,0.00018152706616092473,9.455140345580375
radial,0.75,1.4977339499940476,0.005400000140070915,0.010783684439957142,639.9486312866211,1.828574841056252e-05,0.19903294183313847,0.021810264326632023,0.022933433763682842,0.000166963107403717,9.198117990145224
radial,0.75,1.508994804074367,0.005400000140070915,0.010864762589335442,621.7767715454102,1.6563557437621057e-05,0.20070776157081127,0.020723295398056507,0.022091948427259922,0.0001535250739834737,8.947936194096329
radial,0.75,1.5203644418054156,0.005400000140070915,0.010946623980998993,604.2993545532227,1.5010099900791829e-05,0.20231179520487785,0.01967963413335383,0.021284523652866483,0.00014113319048192352,8.70682689971906
radial,0.75,1.531843768639697,0.005400000140070915,0.011029275134205818,587.5234527587891,1.3609150983029394e-05,0.20384565740823746,0.01867912127636373,0.02051096153445542,0.0001297204871661961,8.47467476241676
radial,0.75,1.5434340780807867,0.005400000140070915,0.011112725362181664,571.4692687988281,1.234762862623029e-05,0.20530853234231472,0.017722486285492778,0.019771754974499345,0.00011923377860512119,8.249943172024757
radial,0.75,1.5551364049315453,0.005400000140070915,0.011196982115507126,556.154899597168,1.121387731473078e-05,0.20669970475137234,0.016810390166938305,0.019067351473495364,0.00010962225314870011,8.034551332661554
radial,0.75,1.5669516546444762,0.005400000140070915,0.011282051913440228,541.5745010375977,1.0195630807174894e-05,0.20802065916359425,0.015942101133987308,0.01839712494984269,0.00010082396147481631,7.834838930065696
radial,0.75,1.5788811207231548,0.005400000140070915,0.011367944069206715,527.7019500732422,9.280425274482695e-06,0.20927476324141026,0.015115697984583676,0.01775954500772059,9.27697501538205e-05,7.658845853950667
radial,0.75,1.5909257086200848,0.005400000140070915,0.01145466510206461,514.5060577392578,8.45687128503414e-06,0.21046576835215092,0.014329011552035809,0.01715289382264018,8.539340706192888e-05,7.514634032325496
radial,0.75,1.6030867118388414,0.005400000140070915,0.011542224325239658,501.9575958251953,7.71503499663595e-06,0.21159715577960014,0.013580046594142914,0.016575594199821353,7.863548216846539e-05,7.411287415502654
radial,0.75,1.6153651651822858,0.005400000140070915,0.011630629189312458,490.0300979614258,7.046292978429847e-06,0.2126720454543829,0.01286702649667859,0.016026244964450598,7.244301559694577e-05,7.358990776163832
radial,0.75,1.627762232803636,0.005400000140070915,0.01171988807618618,478.69875717163086,6.443067775308009e-06,0.2136932834982872,0.012188321095891297,0.015503559377975762,6.676822704321239e-05,7.3677039446959816
radial,0.75,1.6402790788561106,0.005400000140070915,0.011810009367763996,467.9397964477539,5.898645781599043e-06,0.21466350927948952,0.011542399530299008,0.015006331610493362,6.156766630738275e-05,7.446169769640895
radial,0.75,1.65291673814257,0.005400000140070915,0.011901000514626503,457.73060607910156,5.407090668541059e-06,0.21558517031371593,0.010927837924100459,0.014533440815284848,5.680190406565089e-05,7.601030920268896
radial,0.75,1.6656766335169475,0.005400000140070915,0.011992871761322021,448.0502281188965,4.9631721594778355e-06,0.21646048687398434,0.01034334150608629,0.014083866612054408,5.243540135779767e-05,7.835737657227711
radial,0.75,1.6785596704317465,0.005400000140070915,0.012085629627108574,438.8794136047363,4.562289404930198e-06,0.21729146875441074,0.009787749731913209,0.013656695140525699,4.843617352889851e-05,8.150171914597296
radial,0.75,1.6915671423905425,0.005400000140070915,0.012179283425211906,430.19872665405273,4.200316993774322e-06,0.21808008290827274,0.009259909973479807,0.01325101894326508,4.477463426155737e-05,8.542077933621147
radial,0.75,1.7047003428969119,0.005400000140070915,0.012273842468857765,421.9856986999512,3.8734190184186446e-06,0.21882855519652367,0.008758496376685798,0.012865799944847822,4.142213310842635e-05,9.00965981434943
radial,0.75,1.717960306753715,0.005400000140070915,0.012369314208626747,414.21990966796875,3.578219036626251e-06,0.21953886188566685,0.008282328373752534,0.012500109965912998,3.835294683085522e-05,9.550602331794243
radial,0.75,1.7313483274645276,0.005400000140070915,0.012465707957744598,406.88986587524414,3.311554280571727e-06,0.2202120739966631,0.0078308085212484,0.012153516174294055,3.554517343218322e-05,10.153829501867696
radial,1,1.8002537803517449,0.007199999876320362,0.012961827218532562,418.7700309753418,4.86442775127216e-06,0.21831644512712955,0.008581963600590825,0.012707591988146305,3.6393898881215136e-05,5.9736633033977045
radial,1,1.8144367883602779,0.007199999876320362,0.013063944876194,411.51484298706055,4.45390529080214e-06,0.21899494156241417,0.008134754956699908,0.012364424532279372,3.361586027494923e-05,6.879545815861963
radial,1,1.8287567783974938,0.007199999876320362,0.013167048804461956,404.6137580871582,4.084913911128751e-06,0.21964440308511257,0.00770723563618958,0.01203662040643394,3.107962697868061e-05,7.8636283957915305
radial,1,1.8432151733173265,0.007199999876320362,0.01327114924788475,398.0412139892578,3.752502777842892e-06,0.2202669270336628,0.007297851785551757,0.011722907423973083,2.8759803626599023e-05,8.903483150638895
radial,1,1.8578131372729938,0.007199999876320362,0.013376254588365555,391.7819519042969,3.4530543473465514e-06,0.22086383774876595,0.006905731395818293,0.011422599316574633,2.6637656446837354e-05,9.980852219239965
radial,1,1.8725520931184292,0.007199999876320362,0.01348237507045269,385.8269920349121,3.183532641060083e-06,0.22143574804067612,0.00653041253099218,0.011135319713503122,2.469778451086313e-05,11.081039158306424
radial,1,1.8874334637075663,0.007199999876320362,0.013589520938694477,380.1686210632324,2.941177967841213e-06,0.2219831347465515,0.0061715199262835085,0.010860758717171848,2.2926015617485973e-05,12.19138387375353
radial,1,1.9024584131936233,0.007199999876320362,0.013697700574994087,374.79967880249023,2.723471240528852e-06,0.22250639460980892,0.005828730063512921,0.010598647990263999,2.130917641807173e-05,13.300651240286163
radial,1,1.9176287524816062,0.007199999876320362,0.013806927017867565,369.71363067626953,2.528120461420258e-06,0.22300583310425282,0.0055017698323354125,0.01034875598270446,1.9835040575344465e-05,14.39867588076174
radial,1,1.932945516374376,0.007199999876320362,0.013917207717895508,364.9044647216797,2.3530301831442557e-06,0.2234816886484623,0.005190411931835115,0.010110890259966254,1.849225327532622e-05,15.476054623483545
radial,1,1.9484103864265814,0.007199999876320362,0.014028554782271385,360.3667526245117,2.19629106368302e-06,0.2239341214299202,0.004894482670351863,0.009884898783639073,1.727029587073048e-05,16.524146997299614
radial,1,1.9640243974410825,0.007199999876320362,0.014140975661575794,356.0955009460449,2.056158876939662e-06,0.22436322271823883,0.004613849567249417,0.00967066187877208,1.6159386973413348e-05,17.535098962346982
radial,1,1.9797892309725285,0.007199999876320362,0.014254482463002205,352.0858268737793,1.931034631752482e-06,0.22476907260715961,0.004348400514572859,0.009468077216297388,1.5150383774198417e-05,18.50182157489758
radial,1,1.9957065685755677,0.007199999876320362,0.014369087293744087,348.3328628540039,1.8194568554008583e-06,0.22515171393752098,0.0040980409539770335,0.009277056902647018,1.4234784430300351e-05,19.41810960384842
radial,1,2.011777445053061,0.007199999876320362,0.014484797604382038,344.83208084106445,1.7201013591261471e-06,0.22551116533577442,0.00386270962189883,0.009097539819777012,1.3404778655967675e-05,20.27855585065578
radial,1,2.028003800660372,0.007199999876320362,0.014601627364754677,341.57921981811523,1.6317559570211415e-06,0.22584741190075874,0.0036423766578081995,0.008929491159506142,1.2653221347136423e-05,21.078590074588384
radial,1,2.0443866702003612,0.007199999876320362,0.0147195840254426,338.5699119567871,1.553297785505947e-06,0.2261604256927967,0.003437011066125706,0.008772879373282194,1.1973516677699081e-05,21.814454464556515
radial,1,2.0609278645780353,0.007199999876320362,0.014838680624961853,335.7990493774414,1.483699541893202e-06,0.22645027935504913,0.003246539708925411,0.008627641713246703,1.1359513280240208e-05,22.483385048980992
radial,1,2.0776288066473274,0.007199999876320362,0.014958927407860756,333.2604560852051,1.4220285962096568e-06,0.22671715542674065,0.0030708189588040113,0.008493660716339946,1.080547849596769e-05,23.08372758696799
radial,1,2.0944910486125283,0.007199999876320362,0.015080335550010204,330.9466896057129,1.3674395731300137e-06,0.22696138732135296,0.0029096070502419025,0.008370745461434126,1.0306088370271027e-05,23.615226599431757
radial,1,2.1115162720282874,0.007199999876320362,0.015202917158603668,328.8486022949219,1.319160560342425e-06,0.2271835207939148,0.002762524731224403,0.008258600137196481,9.85637791472982e-06,24.07928045482204
radial,1,2.1287058997485375,0.007199999876320362,0.015326682478189468,326.95434188842773,1.2764677670418223e-06,0.2273844424635172,0.0026289764209650457,0.008156764321029186,9.45155176168555e-06,24.47912093712247
radial,1,2.146061354627212,0.007199999876320362,0.015451641753315926,325.24804306030273,1.238648565049516e-06,0.22756556421518326,0.0025080419291043654,0.008064530207775533,9.086692443815991e-06,24.820016906637058
radial,1,2.1635847062700324,0.007199999876320362,0.015577809885144234,323.7091522216797,1.2049843434169816e-06,0.22772889770567417,0.0023984207364264876,0.007980903086718172,8.756574516155524e-06,25.10940343079674
radial,1,2.18127750688129,0.007199999876320362,0.015705198049545288,322.3131866455078,1.1747595998201632e-06,0.22787700779736042,0.0022984829120105132,0.007904637895990163,8.455734302970086e-06,25.35645700316616
radial,1,2.1991407912638454,0.007199999876320362,0.015833813697099686,321.0335006713867,1.147281221136609e-06,0.22801279462873936,0.002206394652603194,0.007834336312953383,8.17868138369704e-06,25.57134840104937
radial,1,2.217176887724135,0.007199999876320362,0.01596367359161377,319.84325790405273,1.1219050328747926e-06,0.22813924588263035,0.0021202622447162867,0.007768554671201855,7.920131906757888e-06,25.7642084538916
radial,1,2.235387089765734,0.007199999876320362,0.016094787046313286,318.7169075012207,1.0980547777705851e-06,0.22825926169753075,0.0020382436778163537,0.007705889118369669,7.675184292565973e-06,25.94444899201506
radial,1,2.25377320829365,0.007199999876320362,0.01622716709971428,317.6309585571289,1.075221479851507e-06,0.22837558388710022,0.0019586054695537314,0.007645017758477479,7.4393609565959196e-06,26.120461811802805
radial,1,2.2723370542128882,0.007199999876320362,0.016360826790332794,316.56486892700195,1.052964899272979e-06,0.22849067114293575,0.0018797860975610092,0.007584749779198319,7.208689680737734e-06,26.299348078373356
radial,1,2.29108017972774,0.007199999876320362,0.016495777294039726,315.5035095214844,1.030948192592973e-06,0.22860640473663807,0.0018005824240390211,0.00752416584873572,6.980119763966286e-06,26.486030349504667
radial,1,2.310004137042496,0.007199999876320362,0.01663202978670597,314.4410820007324,1.009013780972623e-06,0.22872360050678253,0.001720464410027489,0.007462860725354403,6.752261043629915e-06,26.681760392941094
radial,1,2.329111254463593,0.007199999876320362,0.01676960103213787,313.3830261230469,9.872181649939193e-07,0.22884169220924377,0.0016397562139900401,0.007401080278214067,6.525778047716813e-06,26.88355685157461
radial,1,2.3484025667938924,0.007199999876320362,0.016908498480916023,312.3424835205078,9.657733199830432e-07,0.22895916737616062,0.0015594083379255608,0.007339545409195125,6.3028085719452065e-06,27.08559357957494
radial,1,2.3678804023398294,0.007199999876320362,0.01704873889684677,311.33360290527344,9.450632045826524e-07,0.2290742713958025,0.001480494553106837,0.007279073994141072,6.0857452695017855e-06,27.28181413857728
radial,1,2.387546313305696,0.007199999876320362,0.01719033345580101,310.3667984008789,9.254109500922425e-07,0.2291856836527586,0.0014038381850696169,0.00722029380267486,5.876348808442344e-06,27.467750696449535
radial,1,2.407402369297213,0.007199999876320362,0.017333297058939934,309.44800567626953,9.069401718519998e-07,0.22929264418780804,0.0013299327692948282,0.007163581089116633,5.675580126762725e-06,27.640697131869057
radial,1,2.427450122518672,0.007199999876320362,0.017477640882134438,308.5799674987793,8.900393626554148e-07,0.22939474508166313,0.0012590323894983158,0.007109132711775601,5.483826527097335e-06,27.799284473435296
radial,1,2.4476913838750787,0.007199999876320362,0.017623377963900566,307.7637825012207,8.750950546421166e-07,0.22949180379509926,0.0011912666450371034,0.007057050650473684,5.301181488448492e-06,27.94281994572895
radial,1,2.4681282229721546,0.007199999876320362,0.017770523205399513,306.9995880126953,8.617099518382076e-07,0.22958379052579403,0.0011266856818110682,0.0070073785609565675,5.127590952724859e-06,28.07107250118393
radial,1,2.4887627094156213,0.007199999876320362,0.017919091507792473,306.28635025024414,8.494009893222909e-07,0.2296708319336176,0.0010652391974872444,0.006960083090234548,4.962832022670227e-06,28.18424966199257
radial,1,2.5095963954097695,0.007199999876320362,0.01806909404695034,305.6221160888672,8.380296634413753e-07,0.22975318133831024,0.0010067732837342191,0.006915051490068436,4.80641284639205e-06,28.28299045756096
radial,1,2.5306310918596058,0.007199999876320362,0.01822054386138916,305.0046501159668,8.273193532470913e-07,0.22983119077980518,0.0009510902527836151,0.00687213585479185,4.657753649439655e-06,28.36797059124069
radial,1,2.551869127071566,0.007199999876320362,0.018373457714915276,304.4324378967285,8.170743177604578e-07,0.22990513034164906,0.0008980306593002751,0.006831215228885412,4.51646343435641e-06,28.43957640272374
radial,1,2.5733123119506573,0.007199999876320362,0.01852784864604473,303.9055633544922,8.072795895097684e-07,0.2299750465899706,0.0008475693903164938,0.00679227156797424,4.382512813094763e-06,28.497549586168592
radial,1,2.5949627161026,0.007199999876320362,0.01868373155593872,303.42724990844727,7.979925220613637e-07,0.23004046827554703,0.0008000032084964914,0.006755534675903618,4.2566139306643436e-06,28.540272111803652
radial,1,2.616822150432401,0.007199999876320362,0.01884111948311329,303.00622940063477,7.893958478000229e-07,0.23009967431426048,0.000756384116357367,0.006721817655488849,4.141262081702735e-06,28.563888474725548
radial,1,2.638892684545782,0.007199999876320362,0.01900002732872963,302.6578598022461,7.818839331541483e-07,0.2301488146185875,0.0007190638079919154,0.006692924944218248,4.042062062836749e-06,28.561753725954098
radial,1,2.6611766467491784,0.007199999876320362,0.019160471856594086,302.39453506469727,7.758972671578768e-07,0.2301834039390087,0.000690756123731262,0.006670928152743727,3.9653913601611634e-06,28.52818474291376
radial,1,2.6836755892468824,0.007199999876320362,0.019322464242577553,302.20926666259766,7.71442703245695e-07,0.23020301572978497,0.0006717558150057812,0.006656031648162752,3.91159382107098e-06,28.465028257726036
radial,1,2.706392099046045,0.007199999876320362,0.019486023113131523,302.0768623352051,7.679919412639791e-07,0.2302122861146927,0.0006592956420945484,0.006646103982347995,3.8735729976924205e-06,28.381086794800588
radial,1,2.7293277283509574,0.007199999876320362,0.019651159644126892,301.97254180908203,7.649563859828817e-07,0.2302166149020195,0.0006501523933550857,0.006638703867793083,3.843358380467565e-06,28.28520556611963
radial,1,2.7524850641687713,0.007199999876320362,0.019817892462015152,301.8821334838867,7.620170756512945e-07,0.23021909222006798,0.0006424849574688807,0.006632446427829564,3.81649072535295e-06,28.182742812301356
radial,1,2.775866176105208,0.007199999876320362,0.019986236467957497,301.79953384399414,7.590605766772708e-07,0.23022090643644333,0.0006355830178939037,0.006626796675845981,3.791263320009411e-06,28.076023903699117
radial,1,2.799473133765989,0.007199999876320362,0.02015620656311512,301.7215881347656,7.560005948094436e-07,0.23022292368113995,0.0006291823130182908,0.006621574691962451,3.766858074382047e-06,27.96368175416468
radial,1,2.8233080067568355,0.007199999876320362,0.020327817648649216,301.6453514099121,7.526654083404296e-07,0.23022648878395557,0.0006231546008633668,0.006616721220780164,3.74237115627926e-06,27.83979998586961
radial,1,2.8473731233841844,0.007199999876320362,0.020501086488366127,301.56835174560547,7.488616174809239e-07,0.23023322597146034,0.0006174205344517368,0.00661221903283149,3.716927139174424e-06,27.698229244438622
radial,1,2.871670811954472,0.007199999876320362,0.020676029846072197,301.49027252197266,7.445930881092824e-07,0.23024334758520126,0.0006119389237498492,0.006608041236177087,3.6904568319653637e-06,27.540171410514546
radial,1,2.8962031420734196,0.007199999876320362,0.02085266262292862,301.4130630493164,7.401380332997045e-07,0.23025515116751194,0.0006067275878827294,0.006604146852623671,3.663954535291136e-06,27.37479594218842
radial,1,2.9209724420474634,0.007199999876320362,0.021031001582741737,301.3375701904297,7.357806378508715e-07,0.23026706278324127,0.0006017656927332607,0.006600472901482135,3.6382141095401372e-06,27.207981033962554
radial,1,2.9459807814823256,0.007199999876320362,0.021211061626672745,301.257999420166,7.312272501272365e-07,0.23028166219592094,0.0005967070438384661,0.006596807157620788,3.6115284766959337e-06,27.026707492413337
radial,1,2.9712310060858727,0.007199999876320362,0.021392863243818283,301.1637725830078,7.254666586712859e-07,0.23030544444918633,0.0005909089764706833,0.006592796999029815,3.5799593908256004e-06,26.804388788081738
radial,1,2.9967249267631106,0.007199999876320362,0.021576419472694397,301.0478973388672,7.176311316389513e-07,0.23034395650029182,0.0005838395758885803,0.006588158663362265,3.5402640897281776e-06,26.523638537150486
radial,1,3.0224651305211916,0.007199999876320362,0.02176174893975258,300.9132766723633,7.078363028127823e-07,0.2303967084735632,0.0005755331543191387,0.006582908157724887,3.492770036394037e-06,26.19205487546857
radial,1,3.0484542043672667,0.007199999876320362,0.02194887027144432,300.77034759521484,6.970595961833835e-07,0.23045656085014343,0.0005666853848009636,0.006577395251952112,3.4415425958211616e-06,25.834494226702194
radial,1,3.0746942179070578,0.007199999876320362,0.022137798368930817,300.6190376281738,6.857036885104994e-07,0.23051979765295982,0.0005576706681356669,0.006571784499101341,3.3881380108327446e-06,25.447413677588774
radial,1,3.1011874994470014,0.007199999876320362,0.02232854999601841,300.43518829345703,6.722429415084293e-07,0.23059674724936485,0.0005474258169994242,0.006565463030710816,3.3253413374301764e-06,24.967037514795354
radial,1,3.1279368946949644,0.007199999876320362,0.02252114564180374,300.1921043395996,6.545239469249118e-07,0.2307038251310587,0.0005342738513428738,0.006557497603353113,3.243009039982761e-06,24.325847206464623
radial,1,3.1549444732566676,0.007199999876320362,0.022715600207448006,299.8716163635254,6.305419049001721e-07,0.23085768707096577,0.0005165699658796323,0.006546987628098577,3.1316388966192517e-06,23.478284862286834
radial,1,3.1822130808399782,0.007199999876320362,0.022911934182047844,299.47308349609375,5.997560955536621e-07,0.23106453754007816,0.0004937336772607785,0.006533637118991464,2.988228532054533e-06,22.423739128490233
radial,1,3.2097453044520483,0.007199999876320362,0.02311016619205475,299.0191841125488,5.646130647001481e-07,0.23130750097334385,0.00046736611090576654,0.006518362031783909,2.8230471235742314e-06,21.22258047276692
radial,1,3.237542954997884,0.007199999876320362,0.023310309275984764,298.4827461242676,5.252434780486574e-07,0.23158511519432068,0.0004372727635973659,0.006501052586827427,2.634594659407628e-06,19.80299905523657
radial,1,3.265609395586782,0.007199999876320362,0.02351238764822483,297.76870346069336,4.7644987640582945e-07,0.23193723894655704,0.00039913788399901514,0.006479300034698099,2.3961684215744524e-06,17.913508305307854
radial,1,3.2939469545251794,0.007199999876320362,0.02371641807258129,296.8306465148926,4.1425713158394835e-07,0.23239930532872677,0.00034944812881385816,0.00645116699161008,2.0880689050342232e-06,15.43136608872368
radial,1,3.3225579601195125,0.007199999876320362,0.02392241731286049,295.64352798461914,3.341441933724436e-07,0.23301473073661327,0.00028399178971821165,0.006414341391064227,1.6877443381923998e-06,12.290291940751846
radial,1,3.351445516778363,0.007199999876320362,0.024130407720804214,294.25098037719727,2.363976266328065e-07,0.23378795944154263,0.00020261952872908798,0.006368786212988198,1.1965976975817085e-06,8.605703572977
radial,1,3.3806124702095985,0.007199999876320362,0.02434040978550911,292.9252700805664,1.4012563240306058e-07,0.2345675677061081,0.00012122289176348379,0.006323371606413275,7.109014162643568e-07,5.0979501774186256
radial,1,3.41006089001894,0.007199999876320362,0.024552438408136368,291.96264266967773,6.895691822126776e-08,0.23515569604933262,6.018247700504502e-05,0.006289397715590894,3.505618271470697e-07,2.550847029560621
radial,1,3.4397938806149697,0.007199999876320362,0.02476651594042778,291.41980743408203,2.903324035955526e-08,0.23549166880548,2.547863472847919e-05,0.006270118348766118,1.477550482077815e-07,1.1144099573342952
radial,1,3.469814029004839,0.007199999876320362,0.02498266100883484,291.16751861572266,1.1073239088276718e-08,0.23564524576067924,9.679352970623465e-06,0.006261353613808751,5.6261741703127785e-08,0.4466988715453427
radial,1,3.5001239221956997,0.007199999876320362,0.025200892239809036,291.0634994506836,4.059994948531029e-09,0.235705878585577,3.464284799565879e-06,0.006257909350097179,2.0480349626580583e-08,0.17126294823099664
radial,1,3.5307269232968492,0.007199999876320362,0.025421233847737312,291.0232048034668,1.4964440023860106e-09,0.23572800122201443,1.2048918632984952e-06,0.00625665788538754,7.428705560934409e-09,0.0644426516807138
radial,1,3.5616253606147237,0.007199999876320362,0.02564370259642601,291.00810623168945,5.809688347887023e-10,0.23573575168848038,4.1597066516836047e-07,0.0062562209204770625,2.7996303154409258e-09,0.024307667344928046
radial,1,3.5928220798571906,0.007199999876320362,0.02586831897497177,291.00259017944336,2.529917294466319e-10,0.23573840968310833,1.464588057695459e-07,0.006256071443203837,1.163207602450627e-09,0.009523091272328246
radial,1,3.624320444133547,0.007199999876320362,0.026095107197761536,291.00060653686523,1.306607846799408e-10,0.23573931865394115,5.5116386566952675e-08,0.006256020860746503,5.671852688138637e-10,0.004153767432191282
radial,1,3.656122781750229,0.007199999876320362,0.026324084028601646,290.9999084472656,8.039806881078532e-11,0.23573962971568108,2.3748716397032435e-08,0.006256003514863551,3.314490266822449e-10,0.0022237558410411287
radial,1,3.688232455816534,0.007199999876320362,0.026555273681879044,290.9996795654297,5.6261697916348264e-11,0.23573974519968033,1.2398336301222748e-08,0.006255997461266816,2.2387696276328654e-10,0.0015151601058723645
radial,1,3.7206528294417596,0.007199999876320362,0.026788700371980667,290.99960708618164,4.244596833676812e-11,0.23573979176580906,7.779054014211463e-09,0.00625599519116804,1.6512636306832034e-10,0.001205679713579733
radial,1,3.7533854548301964,0.007199999876320362,0.027024375274777412,290.99960708618164,3.3403586378188835e-11,0.235739815980196,5.520915273517549e-09,0.006255994318053126,1.2747991886351393e-10,0.0010319091029910262
radial,1,3.7864347298940024,0.007199999876320362,0.027262330055236816,290.99962615966797,2.705862619780228e-11,0.23573982901871204,4.183022141376422e-09,0.006255994143430144,1.0106861723064935e-10,0.0009163852486801576
radial,1,3.8198029829396143,0.007199999876320362,0.027502581477165222,290.99964904785156,2.2505816827226906e-11,0.2357398383319378,3.274000519160185e-09,0.006255993968807161,8.181833239617829e-11,0.0008113027977330594
radial,1,3.8534938357770443,0.007199999876320362,0.02774515561759472,290.99967193603516,1.923485966029955e-11,0.23573984019458294,2.6092556166094384e-09,0.006255994027014822,6.760864485680221e-11,0.0007412301338735621
radial,1,3.8875101341141596,0.007199999876320362,0.027990072965621948,290.99969482421875,1.68765359561993e-11,0.23573984391987324,2.1047037692862672e-09,0.006255994027014822,5.705268405265299e-11,0.0006720799421858288
radial,1,3.921854723658827,0.007199999876320362,0.02823735401034355,290.99971771240234,1.5116750088320187e-11,0.23573984764516354,1.7104645667101685e-09,0.0062559942016378045,4.90343877765473e-11,0.0006085847076557158
radial,1,3.9565312262210584,0.007199999876320362,0.02848702482879162,290.9997329711914,1.367088695015246e-11,0.2357398420572281,1.394074621082405e-09,0.006255994259845465,4.258049886670572e-11,0.0005452215368866843
radial,1,3.9915430049101515,0.007199999876320362,0.02873910963535309,290.99975967407227,1.2313890569683932e-11,0.2357398457825184,1.1275763792369585e-09,0.006255994492676109,3.69045625815337e-11,0.0005015565357492391
radial,1,4.026892388032542,0.007199999876320362,0.028993625193834305,290.9997749328613,1.088745635414066e-11,0.23573984764516354,8.855366433824931e-10,0.006255994783714414,3.1432326723994613e-11,0.000455453127753416
radial,1,4.062583514799674,0.007199999876320362,0.029250601306557655,290.99979400634766,9.299662270983524e-12,0.23573984950780869,6.722239675683918e-10,0.006255994783714414,2.5824658953172222e-11,0.00041613434275191173
radial,1,4.09861948962013,0.007199999876320362,0.02951006032526493,290.99979400634766,7.577093817379127e-12,0.23573985509574413,4.85197927840705e-10,0.0062559948419220746,1.9949024382951612e-11,0.00039193113827640756
radial,1,4.13500341690249,0.007199999876320362,0.029772024601697922,290.9998092651367,6.3490042073207775e-12,0.23573986068367958,3.046389645442224e-10,0.0062559949001297355,1.4093208092472631e-11,0.00035285434203635187
radial,1,4.171738918456766,0.007199999876320362,0.030036520212888718,290.99981689453125,5.731013414649846e-12,0.23573986999690533,1.69435111205893e-10,0.006255995016545057,1.0204647500105981e-11,0.0003353463894017931
radial,1,4.208829098691543,0.007199999876320362,0.03030356951057911,290.999813079834,5.1948820387655845e-12,0.23573987558484077,1.2046241036692708e-10,0.006255995074752718,8.393306029885717e-12,0.00032168100532813045
radial,1,4.246277838117547,0.007199999876320362,0.030573200434446335,290.99981689453125,4.694876185936097e-12,0.23573988117277622,1.144659138490541e-10,0.006255995132960379,6.995710719525738e-12,0.000303646068452948
radial,1,4.284087982442644,0.007199999876320362,0.030845433473587036,290.9998207092285,4.2459273573727266e-12,0.23573989421129227,1.0933136587995455e-10,0.00625599519116804,5.723741055222282e-12,0.0002872697534723564
radial,1,4.322263412177563,0.007199999876320362,0.03112029656767845,290.9998207092285,3.851485228968184e-12,0.2357399072498083,1.0719903275095588e-10,0.006255995249375701,4.410815189683681e-12,0.000278629624669268
radial,1,4.360807749132316,0.007199999876320362,0.03139781579375267,290.9998207092285,3.5109926223372697e-12,0.2357399184256792,1.1985999285628763e-10,0.006255995307583362,3.075364448370501e-12,0.00027057473184670004
radial,1,4.399724097715484,0.007199999876320362,0.03167801350355148,290.9998092651367,3.2202339567046258e-12,0.23573992773890495,1.4191540578819072e-10,0.0062559955404140055,1.7698423822683724e-12,0.0002824937222530154
radial,1,4.439016597138511,0.007199999876320362,0.03196091949939728,290.999813079834,2.9724619747765005e-12,0.23573993518948555,1.5815407291072833e-10,0.0062559955404140055,1.1094396558223446e-12,0.00026971285513784077
radial,1,4.478688869211409,0.007199999876320362,0.032246559858322144,290.9998245239258,2.76011802431159e-12,0.235739940777421,1.75354357533241e-10,0.006255995715036988,1.0594528641639751e-12,0.00026152246858219316
radial,1,4.51874401834276,0.007199999876320362,0.03253495693206787,290.9998207092285,2.5762931830150077e-12,0.2357399482280016,1.926054782629827e-10,0.006255995889659971,1.006973549566555e-12,0.0002710046423173734
radial,1,4.559186183744007,0.007199999876320362,0.03282614052295685,290.9998245239258,2.4157290595174413e-12,0.23573995754122734,2.0249941053104264e-10,0.006255995947867632,9.53850167537646e-13,0.00026898349859320365
radial,1,4.600018987225162,0.007199999876320362,0.033120136708021164,290.99981689453125,2.2751395146649878e-12,0.23573996499180794,2.0565256088161679e-10,0.006255995889659971,9.013780775580298e-13,0.00027928169582707406
radial,1,4.641246050596237,0.007199999876320362,0.03341697156429291,290.999813079834,2.1510475084972136e-12,0.23573997244238853,2.0259702618057656e-10,0.006255996006075293,8.5017111451936e-13,0.0002811253307783921
radial,1,4.682871513068676,0.007199999876320362,0.03371667489409447,290.999813079834,2.040090235654154e-12,0.23573998361825943,1.9393976653090156e-10,0.006255996006075293,8.003732663926522e-13,0.00028686421982606085
radial,1,4.724898996452491,0.007199999876320362,0.03401927277445793,290.999813079834,1.9391265554236262e-12,0.23573998734354973,1.8031354922008e-10,0.0062559961806982756,7.520885223059182e-13,0.0002932854768222874
radial,1,4.767332639959124,0.007199999876320362,0.03432479500770569,290.999813079834,1.8454003515671983e-12,0.23573999293148518,1.625713647605411e-10,0.006255996122490615,7.053944034970862e-13,0.0003003453387363388
radial,1,4.810176065398587,0.007199999876320362,0.03463326767086983,290.999813079834,1.7575070919934872e-12,0.23574000038206577,1.414164555406185e-10,0.006255996122490615,6.605383617914906e-13,0.0003079998950871956
radial,1,4.853433411982325,0.007199999876320362,0.034944720566272736,290.9998092651367,1.674933218468045e-12,0.23574000410735607,1.197184841153211e-10,0.006255996122490615,6.172488713886368e-13,0.0003174231576952319
radial,1,4.897108301520348,0.007199999876320362,0.0352591797709465,290.9998092651367,1.5979839487155766e-12,0.23574000783264637,1.018722591690017e-10,0.006255996122490615,5.747332137830869e-13,0.00033525959080077866
radial,1,4.94120539062553,0.007199999876320362,0.035576678812503815,290.99980545043945,1.5271068014553634e-12,0.23574001714587212,8.650192387585015e-11,0.006255996122490615,5.325180684921481e-13,0.00034490854873705146
radial,1,4.9857283011078835,0.007199999876320362,0.03589724376797676,290.9998016357422,3.671297980157965e-12,0.23574001714587212,1.4441296835598113e-10,0.00625599647173658,4.902699322517868e-13,0.0003630181046560766
radial,1,5.030681172178851,0.007199999876320362,0.03622090443968773,290.99982833862305,1.3048794956729955e-11,0.23574000224471092,1.4471610268123793e-09,0.006255997519474477,7.137463141272448e-12,0.0004005068807926873
radial,1,5.076068660451306,0.007199999876320362,0.036547694355249405,290.9999580383301,3.6157282992584245e-11,0.2357399109750986,8.605334949532706e-09,0.006256001070141792,5.11964704779468e-11,0.0006320781855077835
radial,1,5.121893870333831,0.007199999876320362,0.03687763586640358,291.0005760192871,9.723215847472795e-11,0.23573941551148891,4.317727005571623e-08,0.006256016786210239,2.501096141707495e-10,0.0022008356920356523
radial,1,5.168162493242158,0.007199999876320362,0.037210769951343536,291.00345611572266,3.075449618049508e-10,0.2357369065284729,2.1200391934777333e-07,0.006256089662201703,1.1650997035575892e-09,0.009823777978576392
radial,1,5.21487763358487,0.007199999876320362,0.037547118961811066,291.01677322387695,1.177102865266414e-09,0.2357246447354555,1.0307973182607175e-06,0.0062564375111833215,5.501090991016981e-09,0.04509557421376214
radial,1,5.262043947974841,0.007199999876320362,0.037886716425418854,291.0766410827637,5.0047851895264e-09,0.23566707968711853,4.865006153722746e-06,0.006258055742364377,2.5656109825356706e-08,0.20353521189268137
radial,1,5.309666093024942,0.007199999876320362,0.03822959586977959,291.3258819580078,2.104842223307214e-08,0.23542253486812115,2.1136787802532484e-05,0.006264906260184944,1.116154193127733e-07,0.8630332914319225
radial,1,5.357748207946618,0.007199999876320362,0.03857578709721565,292.1495018005371,7.33406656502845e-08,0.23463104851543903,7.377673317654182e-05,0.006287043506745249,3.927062798431351e-07,3.042207190270888
radial,1,5.406294431951311,0.007199999876320362,0.03892531991004944,293.8006591796875,1.7303287322352133e-07,0.23314115218818188,0.0001728144354120256,0.006328658724669367,9.278116644752203e-07,7.410816630219244
radial,1,5.455309939053324,0.007199999876320362,0.03927823156118393,295.6179313659668,2.7564730312160685e-07,0.23162997514009476,0.0002731507068681733,0.006370769930072129,1.4767398349057068e-06,12.218936097745706
radial,1,5.504798868464099,0.007199999876320362,0.03963455185294151,296.86255264282227,3.419561774316601e-07,0.2306723389774561,0.0003364498220008211,0.006397267512511462,1.82889791842897e-06,15.511975213010551
radial,1,5.554765876796511,0.007199999876320362,0.039994314312934875,297.5580749511719,3.808639754061808e-07,0.230124119669199,0.0003719173223915236,0.006412007671315223,2.030896495592306e-06,17.352211945201518
radial,1,5.605215103262001,0.007199999876320362,0.040357548743486404,298.06669998168945,4.1482049455655856e-07,0.22966499254107475,0.00040034501362808513,0.006423700018785894,2.1998394899271158e-06,18.69798802927578
radial,1,5.656152239276303,0.007199999876320362,0.04072429612278938,298.58619689941406,4.508165409005054e-07,0.22919095680117607,0.0004291616775257084,0.006435505754780024,2.3756343931464354e-06,20.072505353501914
radial,1,5.707580906649431,0.007199999876320362,0.0410945825278759,298.9904022216797,4.774516976587795e-07,0.22884302586317062,0.00045010537685235923,0.0064440242713317275,2.504347033853915e-06,21.14201285735366
radial,1,5.759506796797117,0.007199999876320362,0.04146844893693924,299.2210693359375,4.921247608198534e-07,0.22864783741533756,0.0004615686196348677,0.006448569649364799,2.5740998673769056e-06,21.752346816720305
radial,1,5.811934048930804,0.007199999876320362,0.04184592515230179,299.35144424438477,5.011369999776058e-07,0.22852212190628052,0.0004684506281031634,0.006451100984122604,2.6157468216341335e-06,22.09733254046358
radial,1,5.864867837064796,0.007199999876320362,0.04222704842686653,299.4718208312988,5.104592232098731e-07,0.22839241102337837,0.0004751599629836636,0.006453419860918075,2.6584733586724507e-06,22.41586519194292
radial,1,5.918312817811966,0.007199999876320362,0.042611852288246155,299.5899314880371,5.193264641655127e-07,0.22826912999153137,0.000481420865355927,0.006455535884015262,2.6991776544898078e-06,22.72839122102489
radial,1,5.972273647785187,0.007199999876320362,0.043000370264053345,299.67087173461914,5.248487368626615e-07,0.22818723507225513,0.00048543707596172245,0.006456820643506944,2.7242291253785435e-06,22.942642796625318
radial,1,6.026756535801622,0.007199999876320362,0.04339264705777168,299.7129554748535,5.274272037817711e-07,0.2281406857073307,0.0004875233687789395,0.006457384617533535,2.735479300944879e-06,23.054078186307034
radial,1,6.081765103671286,0.007199999876320362,0.04378870874643326,299.7391586303711,5.291122637776798e-07,0.22810469008982182,0.0004889692871498564,0.006457686889916658,2.742817394240347e-06,23.123647451469175
radial,1,6.137305042809911,0.007199999876320362,0.044188596308231354,299.7661781311035,5.3096851521176e-07,0.22806673124432564,0.0004904663884540917,0.006457990733906627,2.751437162643319e-06,23.19549191358529
radial,1,6.193381527231799,0.007199999876320362,0.044592346996068954,299.7887077331543,5.322630707750536e-07,0.22803514637053013,0.000491634745675965,0.0064581801998429,2.7576711998344716e-06,23.25572252711323
radial,1,6.250000248352687,0.007199999876320362,0.04500000178813934,299.80298614501953,5.32735144110537e-07,0.22801277041435242,0.0004923380283892196,0.006458208954427391,2.760038714241512e-06,23.294457062507018
radial,1,6.2828117774592505,0.007199999876320362,0.045236244797706604,299.8072319030762,5.326388147573802e-07,0.2280038595199585,0.0004925400142192123,0.0064581572660245,2.7596876114820177e-06,23.306140151896194
radial,1,6.318450387981203,0.007199999876320362,0.04549284279346466,299.8093032836914,5.323026289523602e-07,0.22799658589065075,0.000492633490829165,0.006458060292061418,2.7582706986869244e-06,23.31183967337856
radial,1,6.357160810795095,0.007199999876320362,0.045771557837724686,299.81058502197266,5.318480502478018e-07,0.22798939421772957,0.0004926881721285173,0.006457938987296075,2.75637601015375e-06,23.315207760697092
radial,1,6.3992064032289715,0.007199999876320362,0.046074286103248596,299.811954498291,5.313509297597385e-07,0.22798128984868526,0.0004927490036545487,0.006457806623075157,2.7544310988786482e-06,23.31856574165454
radial,1,6.444874840478103,0.007199999876320362,0.04640309885144234,299.81427001953125,5.308808565556524e-07,0.2279712986201048,0.0004928580712506191,0.0064576747245155275,2.7528385044218496e-06,23.324299837945393
radial,1,6.494478633006414,0.007199999876320362,0.04676024615764618,299.8178176879883,5.304436920790126e-07,0.22795921750366688,0.000493022727996399,0.006457544455770403,2.7516333277467493e-06,23.33315547128935
radial,1,6.54835667875078,0.007199999876320362,0.047148168087005615,299.82218170166016,5.299821509751515e-07,0.2279455866664648,0.0004932159658713073,0.0064574063289910555,2.7504970393047397e-06,23.344124815856215
radial,1,6.606877367529604,0.007199999876320362,0.04756951704621315,299.82691955566406,5.294627815678606e-07,0.22793095372617245,0.0004934161912822679,0.006457254057750106,2.749205338966508e-06,23.356060183949673
radial,1,6.670440650648541,0.007199999876320362,0.048027172684669495,299.8295211791992,5.286742201045936e-07,0.2279178760945797,0.0004935081022420522,0.0064570511458441615,2.746478751916473e-06,23.36233208817864
radial,1,6.739480627907647,0.007199999876320362,0.04852426052093506,299.82887268066406,5.275172737870733e-07,0.22790716774761677,0.0004934503018159983,0.006456781702581793,2.7417815588728242e-06,23.359993449103992
radial,1,6.814470204214255,0.007199999876320362,0.049064185470342636,299.82859802246094,5.262865696162874e-07,0.2278947588056326,0.0004934245177743588,0.0064565015491098166,2.7370596127050597e-06,23.35855162946214
radial,1,6.895921606984404,0.007199999876320362,0.049650635570287704,299.83008575439453,5.250709919860083e-07,0.227879136800766,0.0004934910674818166,0.006456227216403931,2.7329198683124054e-06,23.36120749614345
radial,1,6.98439104275571,0.007199999876320362,0.05028761550784111,299.83151626586914,5.238144413989673e-07,0.22786133736371994,0.0004935883134497111,0.006455927214119583,2.7285355630631443e-06,23.36085182078066
radial,1,7.080484388603105,0.007199999876320362,0.05097948759794235,299.83603286743164,5.231993436307957e-07,0.22783285565674305,0.0004940389555323896,0.006455652066506445,2.726727407140156e-06,23.352683831548507
radial,1,7.184856674737401,0.007199999876320362,0.05173096805810928,299.8711051940918,5.274720228571463e-07,0.22774028405547142,0.0004969622875491673,0.006455815047957003,2.7470598293766584e-06,23.334733813842092
radial,1,7.2982234673367605,0.007199999876320362,0.052547208964824677,300.0567398071289,5.54296583128812e-07,0.22736706398427486,0.0005109084828898063,0.006458021060097963,2.868434890277797e-06,23.27218488118237
radial,1,7.421358281539546,0.007199999876320362,0.05343377962708473,300.6730766296387,6.375632463611866e-07,0.2263025138527155,0.0005520044979945298,0.0064652442815713584,3.240829153551854e-06,23.132583393914402
radial,1,7.5551039642757845,0.007199999876320362,0.054396748542785645,301.9156303405762,7.884595151298702e-07,0.22441945783793926,0.0006251216674634158,0.006478369876276702,3.913198710506007e-06,23.202620744819804
radial,1,7.700374246471458,0.007199999876320362,0.0554426945745945,303.3725814819336,9.499214513482348e-07,0.22241461463272572,0.0007025036202369521,0.006492175511084497,4.631394185660924e-06,23.87593985997378
radial,1,7.8581620214713945,0.007199999876320362,0.05657876655459404,304.2738952636719,1.0458390414208628e-06,0.2212004903703928,0.00074758501807216,0.006499646638985723,5.056320762786542e-06,24.585675091049765
radial,1,8.029546071257856,0.007199999876320362,0.057812731713056564,304.65688705444336,1.090332292323082e-06,0.22060499899089336,0.0007664456528302466,0.006501713360194117,5.24930229738758e-06,24.943636395116357
radial,1,8.215697792669138,0.007199999876320362,0.05915302410721779,305.1337432861328,1.1481143159997085e-06,0.21986043266952038,0.0007885616379983483,0.006503820768557489,5.49688630538411e-06,25.426450095937415
radial,1,8.417890510625309,0.007199999876320362,0.06060881167650223,305.605712890625,1.2032923973072009e-06,0.2191235739737749,0.0008120405091616217,0.006507480225991458,5.751250548673044e-06,25.831459917383985
radial,1,8.637504652142525,0.007199999876320362,0.06219003349542618,306.05491638183594,1.252399749360322e-06,0.21840203180909157,0.0008410310885422834,0.006516473309602588,6.037499410504113e-06,25.789495735001193
radial,1,8.876043268375927,0.007199999876320362,0.06390751153230667,307.1695671081543,1.3638655457362282e-06,0.21687567792832851,0.000908373272930092,0.00654020335059613,6.708848601573896e-06,25.575944793372095
radial,1,9.135136173831093,0.007199999876320362,0.06577298045158386,308.4678764343262,1.4843129027547397e-06,0.215213006362319,0.0009814060215345701,0.00656584306852892,7.434926163092144e-06,25.66043984741859
radial,1,9.416554951005512,0.007199999876320362,0.06779919564723969,309.11081314086914,1.540203874259286e-06,0.21433783881366253,0.001015896819093233,0.006576283019967377,7.762945264632044e-06,25.847187961228684
radial,1,9.722222263614336,0.007199999876320362,0.07000000029802322,309.5696105957031,1.585588700791308e-06,0.2135773841291666,0.0010417242668061043,0.006581600347999483,7.994769205680146e-06,26.037655764415227
radial,1,9.902213803595966,0.007199999876320362,0.07129593938589096,309.8000068664551,1.6079892053232301e-06,0.213185153901577,0.0010545888461488758,0.00658393424237147,8.107049291406955e-06,26.144475881718932
radial,1,10.089199576112959,0.007199999876320362,0.0726422369480133,309.90409088134766,1.6154550758841783e-06,0.2129712477326393,0.0010601725587013437,0.006584274291526526,8.146540335195891e-06,26.195345394067143
radial,1,10.283450699514812,0.007199999876320362,0.07404084503650665,309.9586410522461,1.6171715773012986e-06,0.21281511709094048,0.001063084982304245,0.006583806301932782,8.158471754983016e-06,26.22546696570997
radial,1,10.485249674982494,0.007199999876320362,0.07549379765987396,310.0004577636719,1.6171555041789479e-06,0.21267487481236458,0.0010653061525207836,0.006583091744687408,8.162527942239378e-06,26.24762127199248
radial,1,10.694890386528439,0.007199999876320362,0.07700321078300476,310.0440216064453,1.6168711118943034e-06,0.2125330250710249,0.0010675965884466051,0.006582354661077261,8.166043024493825e-06,26.267960954409762
radial,1,10.912676031390827,0.007199999876320362,0.07857126742601395,310.08478927612305,1.6157926812050255e-06,0.21239244379103184,0.0010696965550254713,0.006581573805306107,8.166873505704356e-06,26.287652590721233
radial,1,11.138925328850746,0.007199999876320362,0.08020026236772537,310.120906829834,1.6139463221001085e-06,0.21225012466311455,0.0010715239517509907,0.006580693705473095,8.164445254127908e-06,26.306837226911128
radial,1,11.373966311415037,0.007199999876320362,0.08189255744218826,310.15587997436523,1.6123043184413334e-06,0.21209024265408516,0.001073636264635634,0.006579466920811683,8.159284666179081e-06,26.31547118382609
radial,1,11.618139429224863,0.007199999876320362,0.083650603890419,310.26243591308594,1.620391280154316e-06,0.2117065992206335,0.0010815174499329548,0.006576095358468592,8.169131544610432e-06,26.265907106550713
radial,1,11.871800654464298,0.007199999876320362,0.08547696471214294,310.6405906677246,1.6583006892573893e-06,0.2106225173920393,0.001106981465568674,0.0065665701986290514,8.22997984170794e-06,26.039014777449314
radial,1,12.135318376951748,0.007199999876320362,0.08737429231405258,311.23520278930664,1.714306456537156e-06,0.20909765362739563,0.0011433112311469084,0.006552975042723119,8.321133877182947e-06,25.72811939692784
radial,1,12.409075473745665,0.007199999876320362,0.08934534341096878,311.6202278137207,1.745453410131162e-06,0.20813046395778656,0.0011653053602748327,0.006543547380715609,8.368121087798981e-06,25.568086630020993
radial,1,12.69347034394741,0.007199999876320362,0.09139298647642136,311.7739067077637,1.7530966758362842e-06,0.2076492216438055,0.001174025425997067,0.0065369821968488395,8.37232733031136e-06,25.506636000291365
radial,1,12.988915873898401,0.007199999876320362,0.09352019429206848,311.94160079956055,1.7605823431638451e-06,0.20709473080933094,0.0011832446699044574,0.006528139230795205,8.37594240126096e-06,25.44618108588435
radial,1,13.295841506785816,0.007199999876320362,0.09573005884885788,312.04844665527344,1.7626607802786972e-06,0.20671018213033676,0.00118891245620227,0.00652153097325936,8.368588170291487e-06,25.405668199512263
radial,1,13.614693242642614,0.007199999876320362,0.09802579134702682,312.07405853271484,1.7584245388407353e-06,0.2065426167100668,0.0011901646409484294,0.00651829200796783,8.348278926253844e-06,25.384685085104906
radial,1,13.945934673150381,0.007199999876320362,0.10041072964668274,312.10126876831055,1.754333404439015e-06,0.20633239671587944,0.0011914177678178542,0.006513971427921206,8.326948461772176e-06,25.361686468814856
radial,1,14.290046981639332,0.007199999876320362,0.10288833826780319,312.1235694885254,1.7497343172367311e-06,0.20611550472676754,0.0011923839747457648,0.0065092887962237,8.303386154138933e-06,25.336371935790666
radial,1,14.647531012694042,0.007199999876320362,0.1054622232913971,312.1341896057129,1.7441630654466476e-06,0.20595298893749714,0.0011928009565824408,0.006505714438389987,8.278461906621497e-06,25.31369419850474
radial,1,15.01890520254771,0.007199999876320362,0.1081361174583435,312.14111709594727,1.7382505968104245e-06,0.20581476017832756,0.0011930815590074917,0.006502673670183867,8.253154363953574e-06,25.291474808291873
radial,1,15.404710753096476,0.007199999876320362,0.11091391742229462,312.1466255187988,1.7321576503319357e-06,0.20569676347076893,0.0011933100861546036,0.0065001341863535345,8.228197772595289e-06,25.270155064295533
radial,1,15.805506457885107,0.007199999876320362,0.11379964649677277,312.1512260437012,1.725917237930292e-06,0.20560112223029137,0.0011934899134999947,0.006498167582321912,8.203982419504813e-06,25.250638126884365
radial,1,16.221876980529892,0.007199999876320362,0.11679751425981522,312.16147232055664,1.7200094878154097e-06,0.20550645142793655,0.0011939449782731003,0.006496486894320697,8.182670173686574e-06,25.23501573337944
radial,1,16.654425611098606,0.007199999876320362,0.11991186439990997,312.17013931274414,1.7140002737394103e-06,0.20542817749083042,0.0011943252971354937,0.006495133216958493,8.161805371374878e-06,25.22104179754293
radial,1,17.103782544533413,0.007199999876320362,0.12314723432064056,312.16770935058594,1.7073170457236472e-06,0.20537642762064934,0.0011941636343505632,0.006493871042039245,8.136855178170138e-06,25.20256022842922
radial,1,17.570598671833675,0.007199999876320362,0.12650831043720245,312.1586494445801,1.7001853207137942e-06,0.20534073747694492,0.001193677988634876,0.006492683256510645,8.109435630932785e-06,25.18169474525631
radial,1,18.055554893281727,0.007199999876320362,0.12999999523162842,312.14921951293945,1.6932013122609559e-06,0.20531042851507664,0.00119317709376447,0.006491595879197121,8.082505768213626e-06,25.161905190634666
radial,1,18.3384513689412,0.007199999876320362,0.13203684985637665,312.1437797546387,1.6894242771470656e-06,0.2052948661148548,0.001192891678647133,0.006491009087767452,8.067826850724936e-06,25.150720198949593
radial,1,18.62622383568022,0.007199999876320362,0.13410881161689758,312.13735580444336,1.6855944500377813e-06,0.20528047159314156,0.0011925577244782382,0.006490408326499164,8.052899321754888e-06,25.138611072930093
radial,1,18.918953008121914,0.007199999876320362,0.13621646165847778,312.1300811767578,1.6816808560173438e-06,0.20526724308729172,0.0011921815774864424,0.00648979697143659,8.037624070244535e-06,25.125927176168084
radial,1,19.21672580970658,0.007199999876320362,0.1383604258298874,312.12214279174805,1.6778152136263648e-06,0.20525562576949596,0.0011917742359628513,0.006489192834123969,8.022418699106399e-06,25.112904763951207
radial,1,19.519631233480244,0.007199999876320362,0.14054134488105774,312.1137580871582,1.673992758147254e-06,0.20524504780769348,0.0011913455824760634,0.0064885911997407675,8.007294437424427e-06,25.09967605174373
radial,1,19.82775413327747,0.007199999876320362,0.14275982975959778,312.10498046875,1.6701811229762483e-06,0.20523525588214397,0.0011908969658068012,0.006487988808657974,7.992178271104456e-06,25.086302088201016
radial,1,20.141185571750004,0.007199999876320362,0.14501653611660004,312.09571075439453,1.6663917220436795e-06,0.20522641763091087,0.0011904249064551445,0.006487386301159859,7.977087225667122e-06,25.072680059763535
radial,1,20.46001868115531,0.007199999876320362,0.14731213450431824,312.08604431152344,1.6626592169643731e-06,0.20521855726838112,0.0011899325369484452,0.006486786995083094,7.962110773336753e-06,25.058892046846964
radial,1,20.784344524145126,0.007199999876320362,0.1496472805738449,312.0758590698242,1.6589722255389455e-06,0.205211678519845,0.0011894150651596516,0.006486187223345041,7.947177064572169e-06,25.044936018819598
radial,1,21.114260372188358,0.007199999876320362,0.15202267467975616,312.0648956298828,1.6552786654124448e-06,0.20520604774355888,0.0011888586995107008,0.006485581281594932,7.93207992863392e-06,25.03065679313792
radial,1,21.44985935754246,0.007199999876320362,0.15443898737430573,312.05313873291016,1.6515751547491332e-06,0.20520179346203804,0.0011882640241244362,0.006484972313046455,7.916834514466802e-06,25.01597518756368
radial,1,21.79124082128207,0.007199999876320362,0.1568969339132309,312.0409812927246,1.6479218344120787e-06,0.2051987126469612,0.001187650110877213,0.0064843715517781675,7.901711283298715e-06,25.001169633426425
radial,1,22.138504104481804,0.007199999876320362,0.15939722955226898,312.0287551879883,1.644371597821505e-06,0.20519669726490974,0.0011870338947893699,0.00648379122139886,7.886961085380044e-06,24.98648606470382
radial,1,22.491750617822014,0.007199999876320362,0.16194060444831848,312.0165481567383,1.6409250708302218e-06,0.2051956094801426,0.0011864198089645863,0.006483232195023447,7.872617657679324e-06,24.971952560332706
radial,1,22.851083841588764,0.007199999876320362,0.1645278036594391,312.00402069091797,1.6375393231847875e-06,0.20519554056227207,0.001185790686235208,0.006482683354988694,7.858470168393149e-06,24.957365400127998
radial,1,23.216609325673847,0.007199999876320362,0.16715958714485168,311.9902114868164,1.634131435366738e-06,0.20519741997122765,0.0011850991296491163,0.006482125609181821,7.844026212093063e-06,24.942169344937376
radial,1,23.58843261996905,0.007199999876320362,0.16983671486377716,311.9744987487793,1.6306538302940116e-06,0.2052020113915205,0.001184314464225262,0.0064815494697541,7.828981449702996e-06,24.926069645078133
radial,1,23.96666134397189,0.007199999876320362,0.1725599616765976,311.9573287963867,1.6271618171440855e-06,0.20520906522870064,0.0011834588536665407,0.006480967218521982,7.813616034623017e-06,24.909395515363432
radial,1,24.351407256391315,0.007199999876320362,0.17533013224601746,311.9394187927246,1.6237269196536997e-06,0.20521803945302963,0.0011825669631365205,0.006480396841652691,7.798334607129155e-06,24.89258452302319
radial,1,24.742784185542,0.007199999876320362,0.1781480461359024,311.92095947265625,1.620363775042938e-06,0.2052287496626377,0.0011816485374159889,0.006479843694251031,7.783254833046053e-06,24.875787045004145
radial,1,25.140903890132904,0.007199999876320362,0.1810145080089569,311.90203857421875,1.6170745861893249e-06,0.2052409052848816,0.0011807084402562932,0.006479305913671851,7.76840945434605e-06,24.859066216262153
radial,1,25.545884337690143,0.007199999876320362,0.18393036723136902,311.88124084472656,1.6137545191811096e-06,0.2052562478929758,0.0011796767303775746,0.0064787634764797986,7.753135279112966e-06,24.841708268603398
radial,1,25.95784142613411,0.007199999876320362,0.1868964582681656,311.8563041687012,1.610247339791354e-06,0.20527801848948002,0.0011784428355071453,0.006478193041402847,7.736432033777709e-06,24.8225595444795
radial,1,26.37689726220237,0.007199999876320362,0.18991366028785706,311.827205657959,1.606560238055733e-06,0.20530693419277668,0.0011770069007092734,0.006477614806499332,7.718405502556722e-06,24.801866828657865
radial,1,26.80317188302676,0.007199999876320362,0.19298283755779266,311.79712295532227,1.6029196068491653e-06,0.20533882081508636,0.001175524819742738,0.006477069575339556,7.700538019363315e-06,24.78134056792456
radial,1,27.236793604162006,0.007199999876320362,0.19610491394996643,311.76933670043945,1.5995313464828461e-06,0.2053689230233431,0.0011741573048688883,0.006476594426203519,7.684316892439958e-06,24.763187932093054
radial,1,27.677884532345665,0.007199999876320362,0.1992807686328888,311.74340438842773,1.5963248570728473e-06,0.2053974773734808,0.001172880811771144,0.006476179056335241,7.66948018739047e-06,24.74782591890131
radial,1,28.12657712234391,0.007199999876320362,0.20251135528087616,311.71617126464844,1.593080110843908e-06,0.20542975515127182,0.00117154065836573,0.006475820788182318,7.654841582069114e-06,24.73409979029717
radial,1,28.582999689711464,0.007199999876320362,0.20579759776592255,311.68597412109375,1.5897070093405228e-06,0.20546895265579224,0.0011700573802826747,0.006475536618381739,7.64003847207881e-06,24.721339094329288
radial,1,29.047286758820217,0.007199999876320362,0.20914046466350555,311.65200424194336,1.5861549756456634e-06,0.20551627688109875,0.0011683903028743936,0.00647533725714311,7.625190399461858e-06,24.709321475178687
radial,1,29.519574923647774,0.007199999876320362,0.21254093945026398,311.6217803955078,1.58312508696133e-06,0.2055550441145897,0.0011669007929556083,0.0064750671735964715,7.612428082781191e-06,24.699936369161815
radial,1,30.000000778171753,0.007199999876320362,0.2160000056028366,309.3527374267578,1.594416454904373e-06,0.20475018583238125,0.0009850952775296812,0.006315335282124579,7.033975764932799e-06,23.877873907745258
radial,1,0.0,0.007199999876320362,0.0,294.42524337768555,0.15631913766264915,0.19640494138002396,5.512310917765717e-05,5.9685229643946514e-05,1.138697450642212e-05,0.012629760980774297
radial,1,0.012820513196250735,0.007199999876320362,9.230769501300529e-05,294.4309539794922,0.15631861053407192,0.19640393741428852,5.57093444513157e-05,6.031823340890696e-05,1.150754258105735e-05,0.012604092277223262
radial,1,0.02564102639250147,0.007199999876320362,0.00018461539002601057,294.448299407959,0.15631702542304993,0.19640088826417923,5.7482353895466076e-05,6.22328334429767e-05,1.1872268828483357e-05,0.012577550922903689
radial,1,0.038461536557103194,0.007199999876320362,0.000276923063211143,294.4778251647949,0.1563143339008093,0.1963957268744707,6.048578552508843e-05,6.547641442011809e-05,1.2490288327171584e-05,0.01252736301821347
radial,1,0.05128205278500294,0.007199999876320362,0.00036923078005202115,294.5204734802246,0.15631046332418919,0.19638831540942192,6.479348667198792e-05,7.012901005509775e-05,1.3376980859902687e-05,0.01246432411484147
radial,1,0.064102564970704,0.007199999876320362,0.0004615384677890688,294.5776252746582,0.15630535036325455,0.19637848623096943,7.051091688481392e-05,7.630488289578352e-05,1.4554306744685164e-05,0.012391385710767288
radial,1,0.07692307311420639,0.007199999876320362,0.000553846126422286,294.6511116027832,0.15629886277019978,0.1963659841567278,7.777789505780675e-05,8.415552474616561e-05,1.605138459126465e-05,0.01228756031926586
radial,1,0.0897435933843048,0.007199999876320362,0.0006461538723669946,294.74324798583984,0.1562908422201872,0.19635050185024738,8.677179812366376e-05,9.387317095388426e-05,1.790517922017898e-05,0.01217606192302939
radial,1,0.10256410557000588,0.007199999876320362,0.0007384615601040423,294.8570137023926,0.1562811192125082,0.1963316760957241,9.771167970029637e-05,0.00010569527876214124,2.0161379097771714e-05,0.01204026692387775
radial,1,0.11538461775570694,0.007199999876320362,0.00083076924784109,294.99599838256836,0.15626944974064827,0.19630902633070946,0.00011086377980973339,0.00011991051724180579,2.287556844748906e-05,0.011886503025807378
radial,1,0.128205129941408,0.007199999876320362,0.0009230769355781376,295.16461181640625,0.15625557489693165,0.19628199934959412,0.00012654869169637095,0.00013686663078260608,2.6114754518857808e-05,0.01171958443531881
radial,1,0.14102563404271173,0.007199999876320362,0.0010153845651075244,295.3682403564453,0.15623917803168297,0.1962499413639307,0.00014515085604216438,0.0001569807300256798,2.9959371659060707e-05,0.011576434080817485
radial,1,0.15384614622841278,0.007199999876320362,0.001107692252844572,295.61336517333984,0.1562198717147112,0.19621202535927296,0.00016713062177586835,0.00018075242587656248,3.450583699304843e-05,0.011451319637285419
radial,1,0.16666667458290854,0.007199999876320362,0.0012000000569969416,295.9079399108887,0.15619721449911594,0.19616731815040112,0.00019303932640468702,0.00020878027680737432,3.9869749343779404e-05,0.011378616586932521
radial,1,0.1794871867686096,0.007199999876320362,0.0012923077447339892,296.26158905029297,0.15617064386606216,0.196114644408226,0.0002235382798971841,0.00024178243802452926,4.6189921249606414e-05,0.011434421268090904
radial,1,0.19230769895431069,0.007199999876320362,0.001384615432471037,296.6861038208008,0.15613953582942486,0.19605262763798237,0.0002594238903839141,0.00028062405908713117,5.3633685183740454e-05,0.011714405506194599
radial,1,0.20512821114001176,0.007199999876320362,0.0014769231202080846,297.1959457397461,0.1561031024903059,0.19597958214581013,0.00030166106080287136,0.0003263535982114263,6.240398761292454e-05,0.012340924759809425
radial,1,0.21794872332571283,0.007199999876320362,0.0015692308079451323,297.8090286254883,0.15606039203703403,0.1958934534341097,0.00035142665001330897,0.0003802502033067867,7.274859763128916e-05,0.013522427626834827
radial,1,0.23076923551141387,0.007199999876320362,0.00166153849568218,298.54761505126953,0.15601026639342308,0.19579171016812325,0.0004101654267287813,0.0004438846262928564,8.497195085510612e-05,0.015411971807802535
radial,1,0.24358974769711494,0.007199999876320362,0.0017538461834192276,299.4396324157715,0.15595131181180477,0.19567122124135494,0.0004796628527401481,0.0005191985401324928,9.945060264726635e-05,0.01824390004548876
radial,1,0.256410259882816,0.007199999876320362,0.0018461538711562753,300.5202751159668,0.15588179044425488,0.19552809558808804,0.0005621436575893313,0.000608611895586364,0.00011665411511785351,0.022333816507152295
radial,1,0.2692307720685171,0.007199999876320362,0.001938461558893323,301.8344192504883,0.15579952485859394,0.1953574176877737,0.0006604065783903934,0.0007151696554501541,0.00013717363253817894,0.028009346548535968
radial,1,0.28205126808542347,0.007199999876320362,0.002030769130215049,303.4397430419922,0.15570176765322685,0.19515295699238777,0.0007780081505188718,0.0008427421053056605,0.0001617608213564381,0.03559741080207977
radial,1,0.29487179643991923,0.007199999876320362,0.0021230769343674183,305.41119384765625,0.1555850114673376,0.19490668922662735,0.0009195120001095347,0.0009962962212739512,0.00019138074276270345,0.04546530256606042
radial,1,0.30769229245682556,0.007199999876320362,0.002215384505689144,307.84692001342773,0.15544478222727776,0.19460822828114033,0.0010908257245318964,0.0011822629312518984,0.0002272832516609924,0.05816020598745868
radial,1,0.3205128208113213,0.007199999876320362,0.0023076923098415136,310.8766784667969,0.15527522936463356,0.19424398615956306,0.0012996737495996058,0.001409051998052746,0.00027110320661449805,0.07447662852148412
radial,1,0.3333333491658171,0.007199999876320362,0.002400000113993883,314.6736373901367,0.15506873652338982,0.19379600323736668,0.0015562581247650087,0.0016877718589967117,0.00032500045563210733,0.09555809279874902
radial,1,0.34615384518272346,0.007199999876320362,0.002492307685315609,319.4704246520996,0.15481519512832165,0.193240350112319,0.0018741599196800962,0.0020332114945631474,0.0003918506336049177,0.12258974420110152
radial,1,0.3589743735372192,0.007199999876320362,0.0025846154894679785,325.5809631347656,0.1545012015849352,0.192544961348176,0.0022715626400895417,0.0024651721178088337,0.0004755037916766014,0.1567931153588432
radial,1,0.3717948695541256,0.007199999876320362,0.0026769230607897043,333.42844009399414,0.15410895459353924,0.19166683219373226,0.0027728441054932773,0.0030102003074716777,0.000581120460992679,0.19981321205106617
radial,1,0.38461539790862137,0.007199999876320362,0.002769230864942074,343.5787162780762,0.15361487120389938,0.19054856523871422,0.003410526114748791,0.0037037076544947922,0.000715581547410693,0.25415446910164546
radial,1,0.39743589392552775,0.007199999876320362,0.0028615384362637997,356.7740364074707,0.15298818983137608,0.18911456502974033,0.004227405821438879,0.004592285200487822,0.000887933281774167,0.32376783823343835
radial,1,0.4102564222800235,0.007199999876320362,0.002953846240416169,373.954345703125,0.15218983590602875,0.1872679777443409,0.005278307828120887,0.005735593440476805,0.0011097444512415677,0.4140025066715243
radial,1,0.4230769182969299,0.007199999876320362,0.003046153811737895,396.2435874938965,0.15117227844893932,0.1848900392651558,0.00663046893896535,0.007206748239696026,0.0013951610308140516,0.5312101526772958
radial,1,0.43589744665142566,0.007199999876320362,0.0031384616158902645,424.876895904541,0.1498810611665249,0.18184392899274826,0.00836140918545425,0.009089937433600426,0.0017604058230062947,0.682058948814783
radial,1,0.448717942668332,0.007199999876320362,0.0032307691872119904,461.0596580505371,0.1482583973556757,0.17798431403934956,0.0105536401970312,0.011474543833173811,0.002222573646577075,0.8726520978459223
radial,1,0.46153847102282775,0.007199999876320362,0.00332307699136436,505.7666664123535,0.1462491024285555,0.17317373119294643,0.013285611057654023,0.014445109525695443,0.0027975816919934005,1.1103834026075075
radial,1,0.4743589670397341,0.007199999876320362,0.0034153845626860857,559.5620040893555,0.1438067276030779,0.16730041056871414,0.016621936345472932,0.01807042583823204,0.003497901256196201,1.406174389289134
radial,1,0.4871794953942299,0.007199999876320362,0.003507692366838455,622.5122146606445,0.14089808613061905,0.16029280237853527,0.020605589263141155,0.0223946466576308,0.004330612835474312,1.7691772710136082
radial,1,0.49999999141113627,0.007199999876320362,0.003599999938160181,694.1526870727539,0.13750990480184555,0.15213905274868011,0.025247394340112805,0.027425311971455812,0.0052947758813388646,2.1979902867377556
radial,1,0.5115740673823489,0.007199999876320362,0.003683333285152912,765.9941558837891,0.13402295857667923,0.143782377243042,0.0300149735994637,0.03258088789880276,0.006276342901401222,2.6124323192950953
radial,1,0.5231481433535615,0.007199999876320362,0.0037666666321456432,843.5698089599609,0.130152627825737,0.13457460887730122,0.0352843482978642,0.03826162265613675,0.00734786142129451,2.9910309141073315
radial,1,0.5347222193247743,0.007199999876320362,0.0038499999791383743,925.7215423583984,0.12593255750834942,0.12464684899896383,0.04099147813394666,0.044386816676706076,0.00848737161140889,3.2921856475298354
radial,1,0.5415076480454041,0.007199999876320362,0.0038988550659269094,977.7844696044922,0.12319586239755154,0.11828324943780899,0.04466713918372989,0.04831308778375387,0.009206978371366858,3.420877982955609
radial,1,0.5483620205066271,0.007199999876320362,0.003948206547647715,1033.9275512695312,0.1201925091445446,0.11137540452182293,0.04867576574906707,0.05257503082975745,0.009976416826248169,3.513707053690662
radial,1,0.5552860804729992,0.007199999876320362,0.003998059779405594,1092.2009887695312,0.1170166190713644,0.10416727233678102,0.05288353655487299,0.057021812070161104,0.010763407335616648,3.5800736479827475
radial,1,0.5622805717090765,0.007199999876320362,0.004048420116305351,1152.2012786865234,0.11368413176387548,0.09672375675290823,0.05726161366328597,0.061612865421921015,0.011554756900295615,3.619834457913962
radial,1,0.5693460762914684,0.007199999876320362,0.0040992917492985725,1213.7300415039062,0.1101979436352849,0.08908455912023783,0.06179824331775308,0.06632283888757229,0.01233826915267855,3.6367080613541587
radial,1,0.576483434997499,0.007199999876320362,0.004150680731981993,1276.4849548339844,0.10656608454883099,0.08130635507404804,0.066474923864007,0.07111544255167246,0.013097525108605623,3.634497884654657
radial,1,0.5836932945789562,0.007199999876320362,0.004202591720968485,1339.9671783447266,0.10280766058713198,0.07347492687404156,0.07125966344028711,0.07593580987304449,0.013810223201289773,3.5849064716250667
radial,1,0.5909764958131645,0.007199999876320362,0.004255030769854784,1403.3484802246094,0.0989618944004178,0.06572152487933636,0.07609693799167871,0.08070025686174631,0.014446564833633602,3.4481847049834267
radial,1,0.5983336854519116,0.007199999876320362,0.004308002535253763,1465.6014404296875,0.09508075565099716,0.058203576132655144,0.08091891929507256,0.08530799672007561,0.014971242053434253,3.2323722766401684
radial,1,0.6057657042725219,0.007199999876320362,0.0043615130707621574,1525.7146759033203,0.09121525194495916,0.05107430927455425,0.08566423412412405,0.08965966757386923,0.015345928375609219,2.964127318288311
radial,1,0.6132731990267833,0.007199999876320362,0.00441556703299284,1582.6827239990234,0.08741592150181532,0.044482138473540545,0.09027876239269972,0.093657486140728,0.015528886811807752,2.6520164611119945
radial,1,0.620857075167199,0.007199999876320362,0.004470170941203833,1635.4961547851562,0.08373490534722805,0.03856953652575612,0.09471185971051455,0.09720649849623442,0.015478439279831946,2.3161839729114337
radial,1,0.6285179794455568,0.007199999876320362,0.004525329452008009,1683.8355712890625,0.080192307010293,0.03337443759664893,0.09892249573022127,0.10028776619583368,0.015206169453449547,2.0165735958644766
radial,1,0.6362567526391811,0.007199999876320362,0.004581048619002104,1728.1123352050781,0.07677192334085703,0.028828878421336412,0.10288770124316216,0.10295762307941914,0.014770631911233068,1.7897831605902856
radial,1,0.6440741708502173,0.007199999876320362,0.004637334030121565,1768.7591552734375,0.0734557555988431,0.02486220095306635,0.10659746173769236,0.10527091007679701,0.014220694196410477,1.6271038477897133
radial,1,0.6519710748559899,0.007199999876320362,0.004694191738963127,1806.1546325683594,0.07022920250892639,0.021411244058981538,0.11004731617867947,0.10727531183511019,0.013596117263659835,1.5174304084491732
radial,1,0.6599482407586442,0.007199999876320362,0.004751627333462238,1840.6344451904297,0.06708013266324997,0.018419250147417188,0.11323750205338001,0.10901247709989548,0.012928983545862138,1.4488880969624216
radial,1,0.6680065093355047,0.007199999876320362,0.004809646867215633,1872.4981842041016,0.06399827729910612,0.015835325699299574,0.11617192719131708,0.1105187414214015,0.01224490802269429,1.4095947997650171
radial,1,0.6761466566887167,0.007199999876320362,0.00486825592815876,1902.0113372802734,0.0609749648720026,0.013614238821901381,0.11885705403983593,0.11182560864835978,0.011564140673726797,1.390365173730295
radial,1,0.6843695235956047,0.007199999876320362,0.004927460569888353,1929.4058074951172,0.058003086131066084,0.011716282810084522,0.12130075972527266,0.11296012252569199,0.010902562411502004,1.3858105962339136
radial,1,0.6926760155086716,0.007199999876320362,0.0049872673116624355,1954.8814849853516,0.055076961405575275,0.01010697497986257,0.12351158261299133,0.11394530721008778,0.010272515122778714,1.3934262268447883
radial,1,0.7010669085300631,0.007199999876320362,0.005047681741416454,1978.608657836914,0.052192142233252525,0.008756671566516161,0.1254981979727745,0.1148005910217762,0.00968346546869725,1.4122482635626934
radial,1,0.7095431081122823,0.007199999876320362,0.005108710378408432,2000.7296447753906,0.04934521438553929,0.00764023547526449,0.12726899981498718,0.11554217245429754,0.00914255203679204,1.4420132957891427
radial,1,0.7181054550326533,0.007199999876320362,0.005170359276235104,2021.3599853515625,0.046533772721886635,0.006736796523910016,0.12883172929286957,0.11618330888450146,0.00865504879038781,1.4822731257559363
radial,1,0.7267547900685006,0.007199999876320362,0.005232634488493204,2040.58740234375,0.043756489641964436,0.0060295649454928935,0.1301930956542492,0.1167345093563199,0.008224744466133416,1.5327278421026413
radial,1,0.735492083347506,0.007199999876320362,0.005295543000102043,2058.4722900390625,0.041013138834387064,0.005505646229721606,0.13135859556496143,0.1172037310898304,0.007854211085941643,1.592951827172177
radial,1,0.7443181756469939,0.007199999876320362,0.005359090864658356,2075.048095703125,0.0383045026101172,0.00515588338021189,0.1323324479162693,0.11759651452302933,0.007544971478637308,1.661368427913411
radial,1,0.7532339724194672,0.007199999876320362,0.005423284601420164,2090.320831298828,0.035632326267659664,0.0049747846205718815,0.1331174485385418,0.11791606899350882,0.007297601434402168,1.734811523582336
radial,1,0.762240443792608,0.007199999876320362,0.005488131195306778,2104.268524169922,0.032999434508383274,0.004960538586601615,0.13371500000357628,0.11816325038671494,0.007111775514204055,1.8091962623825304
radial,1,0.771338301193383,0.007199999876320362,0.005553635768592358,2116.8379516601562,0.03040995984338224,0.005115066014695913,0.13412494398653507,0.11833652295172215,0.00698624667711556,1.8803665083812198
radial,1,0.780528838125368,0.007199999876320362,0.005619807634502649,2127.942840576172,0.02786950906738639,0.005444087029900402,0.13434572145342827,0.11843183636665344,0.006918731553014368,1.9459132505433316
radial,1,0.7898127013403509,0.007199999876320362,0.005686651449650526,2137.462677001953,0.025385224958881736,0.005957221728749573,0.1343744993209839,0.11844251677393913,0.006905701011419296,2.004016443526296
radial,1,0.7991908609660135,0.007199999876320362,0.0057541741989552975,2145.2412109375,0.022965845419093966,0.006668125686701387,0.13420741632580757,0.11835910193622112,0.0069420901127159595,2.0551189542541897
radial,1,0.8086644164803956,0.007199999876320362,0.005822383798658848,2151.084716796875,0.020621936302632093,0.007594571041408926,0.13383992575109005,0.11816912144422531,0.007020933146122843,2.103912202789124
radial,1,0.818234273336,0.007199999876320362,0.005891286768019199,2154.7606811523438,0.018366181757301092,0.008758379961363971,0.13326738588511944,0.11785699613392353,0.007132901868317276,2.1625966941777954
radial,1,0.8279013369853299,0.007199999876320362,0.0059608896262943745,2155.9996337890625,0.016213540453463793,0.01018514926545322,0.1324857771396637,0.117403962649405,0.007265772495884448,2.2525269967386694
radial,1,0.8376667069064246,0.007199999876320362,0.006031200289726257,2154.4991455078125,0.014181169564835727,0.011903727310709655,0.13149277679622173,0.11678819265216589,0.007403878087643534,2.402304241196692
radial,1,0.8475313532269664,0.007199999876320362,0.0061022257432341576,2149.9329528808594,0.012288195081055164,0.013945298735052347,0.13028893992304802,0.11598515044897795,0.007527614827267826,2.642059872897359
radial,1,0.857496181399458,0.007199999876320362,0.0061739725060760975,2141.9639892578125,0.01055534731131047,0.016341865295544267,0.1288791224360466,0.11496829893440008,0.007613104011397809,2.9938149495933764
radial,1,0.8675624202522967,0.007199999876320362,0.006246449425816536,2130.2635192871094,0.009004336316138506,0.019123985432088375,0.12727408111095428,0.11371037177741528,0.007632170571014285,3.4627121191118793
radial,1,0.8777308458876278,0.007199999876320362,0.006319662090390921,2114.541015625,0.0076569762313738465,0.02231719740666449,0.1254923101514578,0.1121854679659009,0.007552860304713249,4.037155979738276
radial,1,0.8880026871338487,0.007199999876320362,0.00639361934736371,2094.8573608398438,0.00652295962208882,0.02590399351902306,0.12356173899024725,0.1103974161669612,0.007360391726251692,4.628627866510382
radial,1,0.898378914118641,0.007199999876320362,0.006468328181654215,2071.9366149902344,0.005586060928180814,0.0297866971231997,0.12151904217898846,0.10840776469558477,0.007079418282955885,5.117326749024485
radial,1,0.9088606263200443,0.007199999876320362,0.006543796509504318,2046.8011169433594,0.004816658736672252,0.033835125621408224,0.11940496787428856,0.10630109440535307,0.006749989406671375,5.465718881215586
radial,1,0.9194488585409191,0.007199999876320362,0.0066200317814946175,2020.349349975586,0.004187160171568394,0.03793937433511019,0.11725911218672991,0.10414746031165123,0.0064016724354587495,5.675812130598394
radial,1,0.9301447102593051,0.007199999876320362,0.006697041913866997,1993.3179779052734,0.0036729937128257006,0.042013519909232855,0.11511649284511805,0.10200092755258083,0.00605454359902069,5.763420912430381
radial,1,0.9409492809532417,0.007199999876320362,0.00677483482286334,1966.2753143310547,0.003252769005484879,0.045995213091373444,0.1130053922533989,0.09990038629621267,0.0057211744133383036,5.7525267714687836
radial,1,0.9518637347759472,0.007199999876320362,0.00685341889038682,1939.6251831054688,0.002908213558839634,0.049844184424728155,0.11094613187015057,0.0978709775954485,0.005408474942669272,5.670521123666368
radial,1,0.9628891065302823,0.007199999876320362,0.006932801567018032,1913.62158203125,0.0026240144507028162,0.053539416287094355,0.10895094648003578,0.09592611156404018,0.005119331064634025,5.546414659767085
radial,1,0.9740264310191076,0.007199999876320362,0.007012990303337574,1888.392333984375,0.002387585467658937,0.057075267657637596,0.10702489595860243,0.09407001361250877,0.004853977996390313,5.412364628463914
radial,1,0.9852770664211776,0.007199999876320362,0.007093994878232479,1863.9649353027344,0.002188747690524906,0.06045766081660986,0.10516712255775928,0.092300103046,0.004611047334037721,5.300476733377733
radial,1,0.9966419828641746,0.007199999876320362,0.007175822276622057,1840.289291381836,0.0020193556119920686,0.06370103685185313,0.10337203275412321,0.09060887806117535,0.004388287314213812,5.236478167527926
radial,1,1.0081224091764953,0.007199999876320362,0.0072584813460707664,1817.2565155029297,0.0018729362054727972,0.066825938411057,0.10163035336881876,0.08898542914539576,0.004183041164651513,5.236063883650316
radial,1,1.019719574186537,0.007199999876320362,0.007341980934143066,1794.7169189453125,0.001744379405863583,0.06985680479556322,0.09993021376430988,0.08741671591997147,0.003992565732914954,5.306815319323779
radial,1,1.031434577372339,0.007199999876320362,0.007426328957080841,1772.4944763183594,0.0016296776302624494,0.07282004784792662,0.09825819544494152,0.08588866703212261,0.003814237570622936,5.449979867984807
radial,1,1.0432688415878348,0.007199999876320362,0.007511535659432411,1750.3966064453125,0.0015256936749210581,0.07574299164116383,0.09659991972148418,0.08438678178936243,0.003645645920187235,5.658756110571664
radial,1,1.0552231429351702,0.007199999876320362,0.0075976066291332245,1728.2162780761719,0.0014299549802672118,0.07865381892770529,0.09494012128561735,0.08289621584117413,0.003484598593786359,5.919203648832405
radial,1,1.0672990336186357,0.007199999876320362,0.007684553042054176,1705.732421875,0.0013404975034063682,0.08158165216445923,0.09326264634728432,0.08140174113214016,0.0033291104482486844,6.215169354114796
radial,1,1.0794976777914498,0.007199999876320362,0.007772383280098438,1682.7169647216797,0.0012557786976685748,0.08455567806959152,0.09155094716697931,0.07988821342587471,0.0031774371745996177,6.530900077405929
radial,1,1.0918203689571884,0.007199999876320362,0.007861106656491756,1658.9493865966797,0.0011746396630769596,0.08760320208966732,0.08978927507996559,0.07834155671298504,0.003028152510523796,6.849005061173843
radial,1,1.10426827126907,0.007199999876320362,0.007950731553137302,1634.23193359375,0.0010962752276100218,0.0907476982101798,0.08796382881700993,0.07674973178654909,0.0028802095621358603,7.1508278404384304
radial,1,1.1168426782306697,0.007199999876320362,0.008041267283260822,1608.3975524902344,0.0010201839759247378,0.09400791022926569,0.08606331795454025,0.07510317582637072,0.0027329401636961848,7.423790710751865
radial,1,1.1295448833455641,0.007199999876320362,0.008132723160088062,1581.3124237060547,0.000946109852520749,0.09739762544631958,0.08407919853925705,0.07339487597346306,0.0025860190216917545,7.667056629408486
radial,1,1.1423761801173289,0.007199999876320362,0.008225108496844769,1552.8814697265625,0.0008739990662434138,0.10092510376125574,0.08200603257864714,0.07162064500153065,0.002439438278088346,7.88596275989545
radial,1,1.1553378620495398,0.007199999876320362,0.008318432606756687,1523.0556030273438,0.0008039657332119532,0.10459219384938478,0.07984207384288311,0.06977950129657984,0.0022934904554858804,8.081419730340155
radial,1,1.1684313519961305,0.007199999876320362,0.008412705734372139,1491.8341217041016,0.0007362458418356255,0.1083943136036396,0.07758935075253248,0.06787366606295109,0.0021487174089998007,8.249528017377939
radial,1,1.1816579434606764,0.007199999876320362,0.00850793719291687,1459.2585144042969,0.0006711390378768556,0.11232148483395576,0.07525312900543213,0.06590800918638706,0.0020058223308296874,8.388852815541801
radial,1,1.1950189299467537,0.007199999876320362,0.008604136295616627,1425.4066314697266,0.0006089607486501336,0.11635939683765173,0.07284132391214371,0.06388952676206827,0.0018655918102012947,8.50446307406346
radial,1,1.2085157343082957,0.007199999876320362,0.00870131328701973,1390.3946685791016,0.0005500177867361344,0.1204894669353962,0.07036453112959862,0.061827282421290874,0.0017288608360104263,8.601509339733388
radial,1,1.222149779399236,0.007199999876320362,0.0087994784116745,1354.3799591064453,0.0004945909095113166,0.12468874454498291,0.06783611606806517,0.05973247159272432,0.0015964857157086954,8.677033747456496
radial,1,1.2359223587231505,0.007199999876320362,0.008898640982806683,1317.543472290039,0.0004428924985404592,0.12893241550773382,0.06527075916528702,0.05761715257540345,0.0014692467375425622,8.723319811345151
radial,1,1.2498348951339722,0.007199999876320362,0.0089988112449646,1280.0704650878906,0.0003950389218516648,0.13319628685712814,0.06268294062465429,0.055493042804300785,0.0013477704051183537,8.738544177026986
radial,1,1.2638889408359926,0.007199999876320362,0.009100000374019146,1242.1853485107422,0.0003511116847221274,0.13745198771357536,0.060089908074587584,0.05337392119690776,0.0012326702853897586,8.729657322330093
radial,1,1.2800925307803683,0.007199999876320362,0.009216666221618652,1198.8416137695312,0.00030584664273192175,0.14225456677377224,0.05715147266164422,0.05098314490169287,0.0011099057737737894,8.694229313422516
radial,1,1.2962962500751019,0.007199999876320362,0.009333333000540733,1156.2974700927734,0.00026615445312927477,0.1469005085527897,0.054296459536999464,0.04867056803777814,0.000998153118416667,8.62431820010253
radial,1,1.3124999693698354,0.007199999876320362,0.009449999779462814,1114.621841430664,0.0002314246194146108,0.15138902701437473,0.051526322029531,0.04643607139587402,0.0008966054374468513,8.507632586088722
radial,1,1.3219715199536748,0.007199999876320362,0.009518194943666458,1090.4814758300781,0.00021305180234776344,0.1539603341370821,0.049934012815356255,0.04515565885230899,0.0008412156021222472,8.413501562245703
radial,1,1.3315346505906847,0.007199999876320362,0.00958704948425293,1066.3363800048828,0.00019585329755500425,0.15650973841547966,0.048351353500038385,0.043885736260563135,0.0007882156423875131,8.296921506744523
radial,1,1.341190008032653,0.007199999876320362,0.009656568057835102,1042.406753540039,0.00017990094602282625,0.15901572816073895,0.04679179470986128,0.042636949103325605,0.0007379561211564578,8.158368113882913
radial,1,1.3509387564327981,0.007199999876320362,0.009726759046316147,1018.717399597168,0.0001651245001994539,0.16147659346461296,0.04525655508041382,0.04141009831801057,0.0006903554240125231,8.001374951362259
radial,1,1.360781542542908,0.007199999876320362,0.009797627106308937,995.2805480957031,0.0001514471587142907,0.16389195807278156,0.0437460052780807,0.04020530870184302,0.000645303720375523,7.828416321619861
radial,1,1.3707195305162005,0.007199999876320362,0.009869180619716644,972.1242828369141,0.00013880657206755131,0.1662595272064209,0.04226172808557749,0.03902367129921913,0.0006027292038197629,7.641673949313164
radial,1,1.380753367104464,0.007199999876320362,0.009941424243152142,949.2720413208008,0.00012714010517811403,0.16857746057212353,0.04080502223223448,0.03786605270579457,0.0005625510239042342,7.444416799612635
radial,1,1.3908842164609168,0.007199999876320362,0.0100143663585186,926.7433013916016,0.00011638520663836971,0.17084443382918835,0.03937686746940017,0.03673306945711374,0.000524679730006028,7.239728636848267
radial,1,1.4011129840380616,0.007199999876320362,0.010088013485074043,904.5564575195312,0.00010648121588019421,0.17305939085781574,0.037978090811520815,0.035625220742076635,0.0004890232521574944,7.030334352702839
radial,1,1.411440445938044,0.007199999876320362,0.010162371210753918,882.729118347168,9.736986521602375e-05,0.17522147111594677,0.03660939820110798,0.034542912151664495,0.00045548839261755347,6.818688478427609
radial,1,1.4218677663140826,0.007199999876320362,0.010237447917461395,861.2776336669922,8.899533077055821e-05,0.17733002454042435,0.035271354019641876,0.03348644403740764,0.00042398108416819014,6.607803891126697
radial,1,1.4323957212683227,0.007199999876320362,0.010313249193131924,840.2165756225586,8.130429432640085e-05,0.17938469722867012,0.03396436758339405,0.03245599754154682,0.0003944066666008439,6.401631768309723
radial,1,1.4430254749539826,0.007199999876320362,0.010389783419668674,819.558967590332,7.424608429573709e-05,0.18138532154262066,0.032688710372895,0.031451651360839605,0.0003666708362288773,6.204623756504954
radial,1,1.4537578034732077,0.007199999876320362,0.010467056185007095,799.3168334960938,6.777295766369207e-05,0.18333189189434052,0.03144456213340163,0.030473422026261687,0.0003406810465094168,6.021351957427312
radial,1,1.4645938709792163,0.007199999876320362,0.010545075871050358,779.5013122558594,6.184011363075115e-05,0.1852245070040226,0.03023203555494547,0.029521274147555232,0.00031634714832762256,5.855753723488842
radial,1,1.4755344535741541,0.007199999876320362,0.01062384806573391,760.1221084594727,5.6405530813208316e-05,0.1870634239166975,0.029051148099824786,0.028595106210559607,0.00029358115352806635,5.710958988285073
radial,1,1.486580844761597,0.007199999876320362,0.010703382082283497,741.1871948242188,5.142982763572945e-05,0.18884907476603985,0.027901808032765985,0.027694739867001772,0.0002722971039474942,5.589513796272376
radial,1,1.4977339499940476,0.007199999876320362,0.010783684439957142,722.7028579711914,4.687622777055367e-05,0.19058201275765896,0.026783838868141174,0.026819933205842972,0.00025241164257749915,5.49322845302036
radial,1,1.508994804074367,0.007199999876320362,0.010864762589335442,704.6745758056641,4.271057014193502e-05,0.192262914031744,0.025697009172290564,0.0259704093914479,0.0002338446520298021,5.422262313186983
radial,1,1.5203644418054156,0.007199999876320362,0.010946623980998993,687.1068649291992,3.8901254811207764e-05,0.19389245472848415,0.024641062831506133,0.02514587831683457,0.00021651973838743288,5.374427273976419
radial,1,1.531843768639697,0.007199999876320362,0.011029275134205818,670.0034637451172,3.541906653481419e-05,0.19547138921916485,0.02361570973880589,0.024346027057617903,0.00020036392743350007,5.345364518756278
radial,1,1.5434340780807867,0.007199999876320362,0.011112725362181664,653.3666076660156,3.223695352971845e-05,0.19700057059526443,0.022620590636506677,0.023570500081405044,0.00018530725537857506,5.329724049767872
radial,1,1.5551364049315453,0.007199999876320362,0.011196982115507126,637.1982345581055,2.933008067884657e-05,0.19848084449768066,0.021655353484675288,0.022818948375061154,0.00017128367289842572,5.321568398735093
radial,1,1.5669515252941184,0.007199999876320362,0.011282050982117653,621.5014572143555,2.6675929802877363e-05,0.19991290010511875,0.020719749853014946,0.022091110469773412,0.0001582322220201604,5.314319670468824
radial,1,1.5788811207231548,0.007199999876320362,0.011367944069206715,606.2792816162109,2.425383695481287e-05,0.20129738748073578,0.019813541788607836,0.021386737236753106,0.0001460954881622456,5.300804878137751
radial,1,1.5909257086200848,0.007199999876320362,0.01145466510206461,591.5317077636719,2.2044465140425018e-05,0.20263518206775188,0.01893635606393218,0.020705479197204113,0.0001348174446320627,5.273862181358522
radial,1,1.6030867118388414,0.007199999876320362,0.011542224325239658,577.256706237793,2.002986911975313e-05,0.2039273250848055,0.01808772678487003,0.020046921214088798,0.0001243441429323866,5.225855154146839
radial,1,1.6153652945326435,0.007199999876320362,0.011630630120635033,563.4540939331055,1.819393605728692e-05,0.20517460815608501,0.017267331713810563,0.01941076130606234,0.00011462643760751234,5.1492970756841805
radial,1,1.627762232803636,0.007199999876320362,0.01171988807618618,550.1310729980469,1.652291280151985e-05,0.2063770554959774,0.01647533872164786,0.018797081895172596,0.00010562337683950318,5.039048033423691
radial,1,1.6402790788561106,0.007199999876320362,0.011810009367763996,537.300163269043,1.5004868714640907e-05,0.20753408782184124,0.015712281106971204,0.018206249456852674,9.72999678197084e-05,4.8941915102323605
radial,1,1.65291673814257,0.007199999876320362,0.011901000514626503,524.9666748046875,1.362798172976909e-05,0.20864577405154705,0.0149782799417153,0.017638314748182893,8.961848834587727e-05,4.716617474787203
radial,1,1.6656766335169475,0.007199999876320362,0.011992871761322021,513.1230621337891,1.2379971053633199e-05,0.20971336215734482,0.01427269447594881,0.01709274249151349,8.253557825810276e-05,4.509769136819632
radial,1,1.6785596704317465,0.007199999876320362,0.012085629627108574,501.75543212890625,1.1248982787037676e-05,0.21073869056999683,0.013594518066383898,0.016568718594498932,7.600703884236282e-05,4.281275478435365
radial,1,1.6915671423905425,0.007199999876320362,0.012179283425211906,490.84971618652344,1.0224251241197635e-05,0.21172351762652397,0.012942760717123747,0.016065446427091956,6.999177730904194e-05,4.046544837440106
radial,1,1.7047003428969119,0.007199999876320362,0.012273842468857765,480.3931579589844,9.296135090153257e-06,0.21266943216323853,0.012316536507569253,0.015582210384309292,6.445239932872937e-05,3.8314032077335316
radial,1,1.717960306753715,0.007199999876320362,0.012369314208626747,470.3734321594238,8.455930753825669e-06,0.21357791684567928,0.011715011321939528,0.01511833828408271,5.935444187343819e-05,3.6738633757319654
radial,1,1.7313483274645276,0.007199999876320362,0.012465707957744598,460.77853775024414,7.695755016356998e-06,0.2144503891468048,0.011137385270558298,0.014673186698928475,5.466598440762027e-05,3.6226221714617735
radial,1,1.7448656985329258,0.007199999876320362,0.012563033029437065,451.5966377258301,7.008453621892841e-06,0.2152881920337677,0.010582888149656355,0.014246137347072363,5.0357401960354764e-05,3.727818945221045
radial,1,1.7585137134624853,0.007199999876320362,0.012661298736929893,442.8148612976074,6.387404823726683e-06,0.21609270945191383,0.01005070423707366,0.013836539583280683,4.640046608983539e-05,4.022746930936277
radial,1,1.7722935364064243,0.007199999876320362,0.012760513462126255,434.4191246032715,5.826464359870442e-06,0.21686537936329842,0.009539960534311831,0.013443697826005518,4.276814024706255e-05,4.510725476526499
radial,1,1.786206460868319,0.007199999876320362,0.012860686518251896,426.4029846191406,5.32054252744274e-06,0.2176067866384983,0.009050282300449908,0.013067296473309398,3.943844421883114e-05,5.172258825286311
radial,1,1.8002537803517449,0.007199999876320362,0.012961827218532562,418.7700309753418,4.86442775127216e-06,0.21831644512712955,0.008581963600590825,0.012707591988146305,3.6393898881215136e-05,5.9736633033977045
radial,2,1.932945516374376,0.014399999752640724,0.013917207717895508,492.7220802307129,5.438386267542228e-06,0.20946232043206692,0.013145418022759259,0.016167428577318788,3.508241525196354e-05,24.061793214338667
radial,2,1.9484102570762238,0.014399999752640724,0.01402855385094881,483.7021484375,5.018202898554591e-06,0.21029824763536453,0.01260539423674345,0.015751329599879682,3.2507780588275637e-05,22.022471867986347
radial,2,1.964024268090725,0.014399999752640724,0.01414097473025322,474.9006462097168,4.631263010423936e-06,0.21111746691167355,0.012076876359060407,0.015344469924457371,3.0116713105599047e-05,19.952638241552492
radial,2,1.979789360322886,0.014399999752640724,0.01425448339432478,466.32201766967773,4.276557035609585e-06,0.21191954985260963,0.01156002632342279,0.014946865965612233,2.7900410941583687e-05,17.8627834253596
radial,2,1.9957065685755677,0.014399999752640724,0.014369087293744087,457.96570587158203,3.95187740309666e-06,0.21270457096397877,0.011054748785682023,0.014558425988070667,2.5849141593425884e-05,15.763035200160642
radial,2,2.0117773157027035,0.014399999752640724,0.014484796673059464,449.8292808532715,3.6550799791257305e-06,0.2134727481752634,0.010560835595242679,0.01417896756902337,2.3953012032507104e-05,13.664510817598297
radial,2,2.0280035419596567,0.014399999752640724,0.014601625502109528,441.9111442565918,3.384158333119558e-06,0.21422425471246243,0.010078132036142051,0.01380835217423737,2.2202692889550235e-05,11.580649087058573
radial,2,2.0443865408500037,0.014399999752640724,0.014719583094120026,434.2119255065918,3.137273978381927e-06,0.21495898999273777,0.009606637293472886,0.013446558616124094,2.0589642645063577e-05,9.529212344951679
radial,2,2.060927735227678,0.014399999752640724,0.014838679693639278,426.73334884643555,2.9127126310868334e-06,0.21567675843834877,0.009146422613412142,0.013093623565509915,1.9105797491647536e-05,7.538791194122664
radial,2,2.0776288066473274,0.014399999752640724,0.014958927407860756,419.4767265319824,2.7088373855121972e-06,0.2163773849606514,0.008697539917193353,0.01274956890847534,1.7743316675478127e-05,5.6676959232788615
radial,2,2.094490919262171,0.014399999752640724,0.01508033461868763,412.4431800842285,2.524099429024318e-06,0.21706072986125946,0.008260035538114607,0.01241441594902426,1.6494646843057126e-05,4.064094496914543
radial,2,2.11151614267793,0.014399999752640724,0.015202916227281094,405.6348190307617,2.3570405005557404e-06,0.21772651374340057,0.007834031130187213,0.01208824256900698,1.535262072138721e-05,3.125755899201189
radial,2,2.1287058997485375,0.014399999752640724,0.015326682478189468,399.0539016723633,2.206259352988127e-06,0.21837441623210907,0.0074196780333295465,0.01177115028258413,1.4310257370198087e-05,3.396792298987698
radial,2,2.146061354627212,0.014399999752640724,0.015451641753315926,392.7013702392578,2.070395382247625e-06,0.21900423057377338,0.007017054420430213,0.011463185539469123,1.3360607113099832e-05,4.62337810596289
radial,2,2.1635847062700324,0.014399999752640724,0.015577809885144234,386.5775833129883,1.948160637255114e-06,0.21961581520736217,0.006626210350077599,0.011164373834617436,1.2496944236772833e-05,6.22502414724355
radial,2,2.18127750688129,0.014399999752640724,0.015705198049545288,380.683780670166,1.8383678579425577e-06,0.2202089224010706,0.006247267068829387,0.010874795145355165,1.1712978448485956e-05,7.94068068932036
radial,2,2.1991407912638454,0.014399999752640724,0.015833813697099686,375.02242279052734,1.7399235616721853e-06,0.22078314051032066,0.00588044268079102,0.010594603256322443,1.1002858570918761e-05,9.67488197521417
radial,2,2.217176887724135,0.014399999752640724,0.01596367359161377,369.5968322753906,1.6518162908596423e-06,0.2213379703462124,0.005526028166059405,0.010324007482267916,1.0361088129684504e-05,11.386425623752277
radial,2,2.235387089765734,0.014399999752640724,0.016094787046313286,364.41061782836914,1.5731064948454332e-06,0.221872815862298,0.005184359732083976,0.010063250549137592,9.782456061202538e-06,13.053362197916702
radial,2,2.25377320829365,0.014399999752640724,0.01622716709971428,359.4674606323242,1.502916568085766e-06,0.22238706052303314,0.004855807463172823,0.009812601725570858,9.262004937227175e-06,14.661726555648013
radial,2,2.2723370542128882,0.014399999752640724,0.016360826790332794,354.7711944580078,1.4404317880689632e-06,0.22288002260029316,0.0045407822472043335,0.009572361595928669,8.795037842901365e-06,16.201246389092077
radial,2,2.29108017972774,0.014399999752640724,0.016495777294039726,350.32597732543945,1.3849046709424329e-06,0.22335094958543777,0.004239746835082769,0.009342871140688658,8.377135941373126e-06,17.663748631403443
radial,2,2.3100038783417807,0.014399999752640724,0.01663202792406082,346.13600158691406,1.3356469530378945e-06,0.22379900887608528,0.0039532062073703855,0.009124503005295992,8.004139175454839e-06,19.042429074569192
radial,2,2.329111254463593,0.014399999752640724,0.01676960103213787,342.2049560546875,1.292022542287441e-06,0.2242233995348215,0.003681668982608244,0.008917634608224034,7.672092465327296e-06,20.331492365092267
radial,2,2.3484025667938924,0.014399999752640724,0.016908498480916023,338.53575897216797,1.2534438518230218e-06,0.22462332621216774,0.003425631206482649,0.00872263335622847,7.377228769200883e-06,21.526042934831732
radial,2,2.3678804023398294,0.014399999752640724,0.01704873889684677,335.1305961608887,1.2193682739081169e-06,0.2249980214983225,0.0031855785637162626,0.008539860136806965,7.115984431038669e-06,22.622197104590775
radial,2,2.387546313305696,0.014399999752640724,0.01719033345580101,331.99059295654297,1.1892946663039083e-06,0.2253467757254839,0.0029619627457577735,0.008369648130610585,6.884983577037929e-06,23.617146125500884
radial,2,2.407402369297213,0.014399999752640724,0.017333297058939934,329.11523818969727,1.1627605402964036e-06,0.2256690226495266,0.0027551531966309994,0.008212269749492407,6.6810224552682485e-06,24.509312816706096
radial,2,2.427450122518672,0.014399999752640724,0.017477640882134438,326.5018424987793,1.139337930666784e-06,0.2259644027799368,0.0025653892080299556,0.008067896706052125,6.501054656382621e-06,25.298528253832988
radial,2,2.4476911251743636,0.014399999752640724,0.017623376101255417,324.14525604248047,1.1186305250987516e-06,0.22623282298445702,0.0023927432484924793,0.007936575275380164,6.3422037044347235e-06,25.986009714278648
radial,2,2.4681282229721546,0.014399999752640724,0.017770523205399513,322.0377616882324,1.1002763820044947e-06,0.22647450491786003,0.0022370922524714842,0.00781820499105379,6.201793937066213e-06,26.574639670838767
radial,2,2.4887627094156213,0.014399999752640724,0.017919091507792473,320.16896057128906,1.0839509014815008e-06,0.22668999433517456,0.002098090830259025,0.007712514721788466,6.077389244296683e-06,27.068914571024948
radial,2,2.5095961367090545,0.014399999752640724,0.01806909218430519,318.52588272094727,1.069367744577221e-06,0.22688021697103977,0.001975147388293408,0.00761904806131497,5.96682384923497e-06,27.475004085119807
radial,2,2.5306310918596058,0.014399999752640724,0.01822054386138916,317.09277725219727,1.0562788625989583e-06,0.2270465325564146,0.0018673994345590472,0.007537144527304918,5.868209456139084e-06,27.80060381844296
radial,2,2.551868868370851,0.014399999752640724,0.018373455852270126,315.8510971069336,1.0444713440804776e-06,0.22719074040651321,0.0017736890440573916,0.007465918315574527,5.779909244552073e-06,28.054932899999695
radial,2,2.573312053249942,0.014399999752640724,0.018527846783399582,314.7790641784668,1.0337575426788703e-06,0.2273151781409979,0.0016925295494729653,0.00740423338720575,5.700457833768269e-06,28.248662986801836
radial,2,2.5949627161026,0.014399999752640724,0.01868373155593872,313.85174560546875,1.0239624579355677e-06,0.22742265090346336,0.0016221192709053867,0.007350715633947402,5.628460982620709e-06,28.393487578515266
radial,2,2.616821891731686,0.014399999752640724,0.01884111762046814,313.0428924560547,1.014952334621455e-06,0.22751620970666409,0.0015604983200319111,0.00730386923532933,5.562573583972608e-06,28.501143270932694
radial,2,2.638892684545782,0.014399999752640724,0.01900002732872963,312.32814025878906,1.0066784854600996e-06,0.2275987323373556,0.001505822096078191,0.0072622865554876626,5.501569432908582e-06,28.581909361614002
radial,2,2.6611766467491784,0.014399999752640724,0.019160471856594086,311.6869773864746,9.989742970617499e-07,0.2276726458221674,0.0014565303645213135,0.007224776316434145,5.444381102392981e-06,28.64386972415521
radial,2,2.6836755892468824,0.014399999752640724,0.019322464242577553,311.1022415161133,9.91619451884418e-07,0.2277399767190218,0.001411312070558779,0.007190337346401066,5.39005519328839e-06,28.69326495289883
radial,2,2.7063918403453298,0.014399999752640724,0.019486021250486374,310.5599021911621,9.845154319565452e-07,0.22780238278210163,0.0013690979612874798,0.007158152235206217,5.337753854917082e-06,28.734774611471305
radial,2,2.7293277283509574,0.014399999752640724,0.019651159644126892,310.0494041442871,9.775815494883489e-07,0.2278610859066248,0.0013290857677930035,0.007127607066649944,5.2867906248366126e-06,28.771490175733632
radial,2,2.7524850641687713,0.014399999752640724,0.019817892462015152,309.5627021789551,9.709450167483258e-07,0.22791701927781105,0.001290663618419785,0.007098234782461077,5.236602923730516e-06,28.80538536275291
radial,2,2.775865917404493,0.014399999752640724,0.019986234605312347,309.0929489135742,9.64602545588944e-07,0.22797098197042942,0.0012533059998531826,0.007069634099025279,5.1866812142975505e-06,28.837968795397646
radial,2,2.7994728750652738,0.014399999752640724,0.02015620470046997,308.6338424682617,9.582872453339775e-07,0.22802372463047504,0.001216517121065408,0.00704142841277644,5.1365065374398e-06,28.870672967273492
radial,2,2.8233080067568355,0.014399999752640724,0.020327817648649216,308.1796226501465,9.51873237342582e-07,0.2280759308487177,0.0011798316263593733,0.007013265567366034,5.085558754558406e-06,28.904772581649524
radial,2,2.8473728646834693,0.014399999752640724,0.020501084625720978,307.7261772155762,9.453141039394986e-07,0.22812813892960548,0.001142897890531458,0.006984879495576024,5.0334216297187595e-06,28.941132887958517
radial,2,2.8716705532537565,0.014399999752640724,0.020676027983427048,307.27283096313477,9.385916952264761e-07,0.22818046063184738,0.0011056348812417127,0.006956213910598308,4.9799440589026744e-06,28.979537757519697
radial,2,2.8962031420734196,0.014399999752640724,0.02085266262292862,306.8234672546387,9.317282934628857e-07,0.22823243401944637,0.001068338275217684,0.006927498965524137,4.925380380882416e-06,29.018259299622567
radial,2,2.9209724420474634,0.014399999752640724,0.021031001582741737,306.3848114013672,9.24778565947193e-07,0.2282832358032465,0.0010315668805560563,0.006899165397044271,4.870326563377603e-06,29.054649275499333
radial,2,2.9459807814823256,0.014399999752640724,0.021211061626672745,305.9630126953125,9.178030666023851e-07,0.22833207622170448,0.000995858026726637,0.006871629739180207,4.815383205070134e-06,29.086378086548528
radial,2,2.9712310060858727,0.014399999752640724,0.021392863243818283,305.5613555908203,9.108472792673794e-07,0.2283785492181778,0.000961511701461859,0.006845127616543323,4.760939418702037e-06,29.112235938200694
radial,2,2.9967249267631106,0.014399999752640724,0.021576419472694397,305.18027114868164,9.039461638105095e-07,0.22842266224324703,0.0009285655542043969,0.006819694128353149,4.707163734352093e-06,29.13218887226242
radial,2,3.0224651305211916,0.014399999752640724,0.02176174893975258,304.81845474243164,8.972146834373973e-07,0.22846466675400734,0.0008968850706878584,0.006795232591684908,4.654086176003602e-06,29.146865632578013
radial,2,3.0484542043672667,0.014399999752640724,0.02194887027144432,304.4738883972168,8.909510527121967e-07,0.22850492596626282,0.0008662588115839753,0.006771584041416645,4.6016637220702705e-06,29.15715714234846
radial,2,3.0746942179070578,0.014399999752640724,0.022137798368930817,304.14488220214844,8.850646274760621e-07,0.2285438310354948,0.0008365180037799291,0.006748592772055417,4.549845090906501e-06,29.16377562678271
radial,2,3.1011874994470014,0.014399999752640724,0.02232854999601841,303.83059310913086,8.792563594983704e-07,0.2285816539078951,0.0008075206533249002,0.006726156687363982,4.498613627390569e-06,29.167037957614518
radial,2,3.1279368946949644,0.014399999752640724,0.02252114564180374,303.53097915649414,8.735209293675439e-07,0.2286185808479786,0.000779161624450353,0.0067042309092357755,4.4479952112652654e-06,29.166872029507054
radial,2,3.1549442145559525,0.014399999752640724,0.022715598344802856,303.2467346191406,8.678614922263961e-07,0.22865468077361584,0.0007514365943279699,0.006682812352664769,4.3980452062442055e-06,29.162912893767093
radial,2,3.182212822139263,0.014399999752640724,0.022911932319402695,302.97940826416016,8.622887681664082e-07,0.22868989780545235,0.0007244186290336074,0.006661953928414732,4.348898794859224e-06,29.154442555993665
radial,2,3.209744787050618,0.014399999752640724,0.02311016246676445,302.7325210571289,8.568381270612768e-07,0.22872379049658775,0.000698395274412178,0.006641874555498362,4.300994851824669e-06,29.13998556015083
radial,2,3.2375426962971687,0.014399999752640724,0.023310307413339615,302.51467514038086,8.516401813207786e-07,0.2287546694278717,0.000674420338782511,0.00662337732501328,4.2559029393984815e-06,29.116031321410397
radial,2,3.265609136886067,0.014399999752640724,0.02351238578557968,302.3399658203125,8.469781795639175e-07,0.2287786416709423,0.0006548364124228101,0.006608240830246359,4.217115054050424e-06,29.077035084530706
radial,2,3.2939469545251794,0.014399999752640724,0.02371641807258129,302.21424865722656,8.430476633319861e-07,0.22879266552627087,0.0006413686326709467,0.006597771891392767,4.187223514584559e-06,29.020592679521815
radial,2,3.3225582188202276,0.014399999752640724,0.023922419175505638,302.1250534057617,8.396841725266668e-07,0.2287984136492014,0.0006328385447318396,0.006591071840375662,4.164511039184138e-06,28.951554674418748
radial,2,3.351445516778363,0.014399999752640724,0.024130407720804214,302.0542297363281,8.365704736307267e-07,0.22879992425441742,0.000626753270225322,0.006586233794223517,4.145265706634316e-06,28.8769388074125
radial,2,3.3806124702095985,0.014399999752640724,0.02434040978550911,301.99061584472656,8.335157101768166e-07,0.22879979014396667,0.0006215219669183369,0.0065820487216115,4.1270879196260435e-06,28.800852565357438
radial,2,3.41006089001894,0.014399999752640724,0.024552438408136368,301.92989349365234,8.304563395525755e-07,0.22879910096526146,0.0006165004461311518,0.006578056025318801,4.108941334528618e-06,28.72434355394542
radial,2,3.4397938806149697,0.014399999752640724,0.02476651594042778,301.87204360961914,8.274291870811695e-07,0.22879811935126781,0.0006116368444115949,0.006574214901775122,4.0906743187371294e-06,28.64737096972566
radial,2,3.469814029004839,0.014399999752640724,0.02498266100883484,301.81940841674805,8.245808593867542e-07,0.2287965603172779,0.000607237854953974,0.006570722267497331,4.072827135411091e-06,28.569933681113792
radial,2,3.5001239221956997,0.014399999752640724,0.025200892239809036,301.77379608154297,8.219104363947274e-07,0.22879409976303577,0.0006036182353088668,0.006567799544427544,4.05604502031723e-06,28.49105314534167
radial,2,3.5307266645961337,0.014399999752640724,0.025421231985092163,301.7340888977051,8.191720037226478e-07,0.22879095748066902,0.0006008205463322062,0.006565464660525322,4.040049187177194e-06,28.40804712019334
radial,2,3.5616253606147237,0.014399999752640724,0.02564370259642601,301.6973686218262,8.162501975796244e-07,0.22878771275281906,0.0005985628852151464,0.00656352040823549,4.0239800380129e-06,28.319776115763766
radial,2,3.5928220798571906,0.014399999752640724,0.02586831897497177,301.6623840332031,8.132872544126093e-07,0.22878423146903515,0.0005965598234615405,0.00656177569180727,4.007941153224247e-06,28.229788085810974
radial,2,3.624320444133547,0.014399999752640724,0.026095107197761536,301.6292152404785,8.104399054776971e-07,0.22877998277544975,0.0005946937978283222,0.006560143083333969,3.992548665168066e-06,28.14213556144417
radial,2,3.656122523049514,0.014399999752640724,0.026324082165956497,301.5967330932617,8.076547734960251e-07,0.2287754788994789,0.0005928688478592426,0.0065585600095801055,3.9774525259448365e-06,28.055492194687872
radial,2,3.688232455816534,0.014399999752640724,0.026555273681879044,301.5625915527344,8.046950296240496e-07,0.2287722434848547,0.0005909636496287834,0.006556951906532049,3.9613956355869255e-06,27.964147018877064
radial,2,3.720652312040329,0.014399999752640724,0.02678869664669037,301.5253715515137,8.013944748495306e-07,0.22877137362957,0.0005888952780397389,0.006555273139383644,3.9435847395657e-06,27.86462239614503
radial,2,3.7533851961294813,0.014399999752640724,0.027024373412132263,301.4870147705078,7.979464614890526e-07,0.2287716530263424,0.0005867528801019739,0.006553566083312035,3.925121047900951e-06,27.762090140203693
radial,2,3.7864347298940024,0.014399999752640724,0.027262330055236816,301.450138092041,7.946691147538684e-07,0.22877095639705658,0.0005846878962521293,0.006551900063641369,3.9078131672165746e-06,27.663543088821708
radial,2,3.8198029829396143,0.014399999752640724,0.027502581477165222,301.4125328063965,7.913739379476956e-07,0.22877073474228382,0.0005826065254800797,0.006550234917085618,3.891014838164179e-06,27.563149076956012
radial,2,3.8534938357770443,0.014399999752640724,0.02774515561759472,301.3686218261719,7.874719787963298e-07,0.2287753839045763,0.000580206597349311,0.006548433564603329,3.8720123999410385e-06,27.44610637498125
radial,2,3.8875101341141596,0.014399999752640724,0.027990072965621948,301.31432342529297,7.824396688196033e-07,0.22878911346197128,0.0005772041206699215,0.006546369520947337,3.848395511547871e-06,27.30163882356637
radial,2,3.921854723658827,0.014399999752640724,0.02823735401034355,301.2534637451172,7.766389152885038e-07,0.2288093101233244,0.0005737709637739168,0.006544117815792561,3.821813837433835e-06,27.139880976311787
radial,2,3.9565312262210584,0.014399999752640724,0.02848702482879162,301.1894989013672,7.707086971954149e-07,0.22883069515228271,0.0005702329626807459,0.006541811162605882,3.7953268055370456e-06,26.969976850028313
radial,2,3.991542746209436,0.014399999752640724,0.02873910777270794,301.1120300292969,7.638646155998032e-07,0.22885948792099953,0.0005661597945857061,0.006539250956848264,3.765726085506805e-06,26.764402103820668
radial,2,4.026892129331827,0.014399999752640724,0.028993623331189156,301.00376892089844,7.542583948846372e-07,0.22891137562692165,0.0005604859691843079,0.006535955355502665,3.724860532475261e-06,26.477393365616074
radial,2,4.062583256098959,0.014399999752640724,0.029250599443912506,300.8564338684082,7.406543219381806e-07,0.22899758256971836,0.0005524300494096375,0.006531564169563353,3.667060613612332e-06,26.08710850865575
radial,2,4.0986192309194145,0.014399999752640724,0.02951005846261978,300.68891525268555,7.250783984973894e-07,0.2291008923202753,0.0005430865146281848,0.006526546785607934,3.6005880644315343e-06,25.643446033406676
radial,2,4.13500341690249,0.014399999752640724,0.029772024601697922,300.4837951660156,7.07300996145252e-07,0.22922023199498653,0.0005322337690455457,0.006520695285871625,3.5234976438054972e-06,25.100357096803076
radial,2,4.171738659756051,0.014399999752640724,0.03003651835024357,300.1751289367676,6.820042796278305e-07,0.22939995862543583,0.0005165162000467913,0.006512363848742098,3.4115056536028295e-06,24.28335696496349
radial,2,4.208828839990828,0.014399999752640724,0.03030356764793396,299.7389488220215,6.460415619584416e-07,0.2296722624450922,0.0004935747105556652,0.006500429415609688,3.2497316598707195e-06,23.129009877236722
radial,2,4.246277579416831,0.014399999752640724,0.030573198571801186,299.1895332336426,5.995672217286526e-07,0.23004279471933842,0.0004630214944936978,0.006484747980721295,3.0371250022942397e-06,21.675116032541116
radial,2,4.284087723741929,0.014399999752640724,0.030845431610941887,298.5237464904785,5.460433535074286e-07,0.23048726469278336,0.0004264426819913357,0.00646616896847263,2.78488842805852e-06,19.913356131992412
radial,2,4.322263412177563,0.014399999752640724,0.03112029656767845,297.4983787536621,4.7318613792389333e-07,0.23112645372748375,0.0003738159018508709,0.006439847231376916,2.4256363300120486e-06,17.200280505403992
radial,2,4.3608072317308855,0.014399999752640724,0.03139781206846237,296.0347709655762,3.7339857885544507e-07,0.23204307444393635,0.0002987150829778481,0.006402628787327558,1.921833635883613e-06,13.327730739201577
radial,2,4.399724097715484,0.014399999752640724,0.03167801350355148,294.2645568847656,2.4830600599580824e-07,0.23324276320636272,0.0002010955419394788,0.006354505836497992,1.2822701782236923e-06,8.644000165633818
radial,2,4.439016597138511,0.014399999752640724,0.03196091949939728,292.5628433227539,1.2113405779842784e-07,0.2345017921179533,9.934217554742982e-05,0.00630454724887386,6.269383352528998e-07,4.141516904508471
radial,2,4.478688869211409,0.014399999752640724,0.032246559858322144,291.54285049438477,4.190878291067695e-08,0.23530368693172932,3.475888394243593e-05,0.006272897880990058,2.1647306467189936e-07,1.442733409402164
radial,2,4.51874401834276,0.014399999752640724,0.03253495693206787,291.20335388183594,1.5107521940230224e-08,0.23557384312152863,1.2716543458178699e-05,0.006262004957534373,7.727046631205625e-08,0.5443537399079353
radial,2,4.559186183744007,0.014399999752640724,0.03282614052295685,291.2409858703613,1.6955561462204762e-08,0.23552648909389973,1.5091225760589322e-05,0.006262721493840218,8.851850100218094e-08,0.6437900504166456
radial,2,4.600018469823731,0.014399999752640724,0.033120132982730865,291.6806831359863,4.7423817015415536e-08,0.23511619493365288,4.325571327848257e-05,0.006275005871430039,2.537046126439742e-07,1.8069533619281961
radial,2,4.641246050596237,0.014399999752640724,0.03341697156429291,292.8363037109375,1.2657361542121158e-07,0.23407768085598946,0.0001149941764608659,0.006306449708063155,6.818063194968358e-07,4.864321068424426
radial,2,4.682871513068676,0.014399999752640724,0.03371667489409447,294.632869720459,2.4390412952228555e-07,0.23256327025592327,0.0002195199016810486,0.006352221069391817,1.314767016577258e-06,9.617460608338115
radial,2,4.724898996452491,0.014399999752640724,0.03401927277445793,296.3155288696289,3.4703589506030674e-07,0.23125451244413853,0.0003095843464315132,0.006391558737959713,1.8689258258057718e-06,14.069265836890951
radial,2,4.767332639959124,0.014399999752640724,0.03432479500770569,297.4419975280762,4.1300989463636336e-07,0.23043236322700977,0.00036569127886707507,0.006415932381059974,2.2208719132800645e-06,17.049540968408262
radial,2,4.810176065398587,0.014399999752640724,0.03463326767086983,298.10417556762695,4.5345881265724004e-07,0.229929368942976,0.00039902556557731237,0.006430214096326381,2.4326420242590267e-06,18.80143015302093
radial,2,4.853433411982325,0.014399999752640724,0.034944720566272736,298.5809631347656,4.874697368557059e-07,0.22950676642358303,0.0004255375673310445,0.006441347824875265,2.60379125438592e-06,20.062833798436785
radial,2,4.897108301520348,0.014399999752640724,0.0352591797709465,299.08648681640625,5.252379855706465e-07,0.22904661111533642,0.0004538082275151827,0.006453159439843148,2.7901243755229677e-06,21.40034680147916
radial,2,4.94120539062553,0.014399999752640724,0.035576678812503815,299.5091361999512,5.553224003004619e-07,0.2286817878484726,0.0004759505801914909,0.006462325749453157,2.9372877037093556e-06,22.5185950277858
radial,2,4.985727783706453,0.014399999752640724,0.03589724004268646,299.76930236816406,5.72752840235446e-07,0.2284646388143301,0.0004887722004298894,0.006467485043685883,3.0218474510094752e-06,23.206976148475402
radial,2,5.030681172178851,0.014399999752640724,0.03622090443968773,299.91108322143555,5.822309317085814e-07,0.22833467833697796,0.0004959055955651338,0.006470131629612297,3.0672466624493295e-06,23.58217377722831
radial,2,5.076068143049876,0.014399999752640724,0.036547690629959106,300.01624298095703,5.902169640959324e-07,0.22821773774921894,0.0005017663986354213,0.006472078908700496,3.104857577031576e-06,23.860527241367084
radial,2,5.121893870333831,0.014399999752640724,0.03687763586640358,300.13271713256836,5.994222966896116e-07,0.22808709554374218,0.000508188442254708,0.006474169378634542,3.1480731576078875e-06,24.168827308123703
radial,2,5.168162493242158,0.014399999752640724,0.037210769951343536,300.2276420593262,6.062659421337693e-07,0.22798449732363224,0.0005130551806939881,0.006475662929005921,3.1801527131363426e-06,24.42012502509501
radial,2,5.21487763358487,0.014399999752640724,0.037547118961811066,300.28079986572266,6.093586737423803e-07,0.22792466543614864,0.0005156062471879559,0.006476287788245827,3.194583533269463e-06,24.56094039853301
radial,2,5.262043947974841,0.014399999752640724,0.037886716425418854,300.305419921875,6.102726784708805e-07,0.22788856737315655,0.0005168340808516421,0.006476401933468878,3.198864131226593e-06,24.62629812478107
radial,2,5.309665575623512,0.014399999752640724,0.03822959214448929,300.3244400024414,6.110925782481698e-07,0.2278530728071928,0.0005179349648803815,0.006476435577496886,3.2028701331787344e-06,24.676839710418594
radial,2,5.357747690545188,0.014399999752640724,0.038575783371925354,300.3468246459961,6.122738295233233e-07,0.22781383991241455,0.0005191856765600318,0.00647650909377262,3.2086827591576228e-06,24.736283094168748
radial,2,5.406294431951311,0.014399999752640724,0.03892531991004944,300.3617477416992,6.125508888582892e-07,0.22778485156595707,0.0005199388331516202,0.006476418871898204,3.210262548572645e-06,24.775996617710405
radial,2,5.455309939053324,0.014399999752640724,0.03927823156118393,300.3656196594238,6.117039286205078e-07,0.2277684323489666,0.000520092864503883,0.006476135284174234,3.206521119189103e-06,24.786494540250242
radial,2,5.504798351062669,0.014399999752640724,0.039634548127651215,300.363224029541,6.102897871275376e-07,0.22775804810225964,0.0005199510957999615,0.006475753441918641,3.2001558563228723e-06,24.7804100921435
radial,2,5.554765876796511,0.014399999752640724,0.039994314312934875,300.35986709594727,6.088172658817569e-07,0.22774779051542282,0.0005197807944732789,0.006475354370195419,3.1936850651401166e-06,24.771759202105848
radial,2,5.605214585860571,0.014399999752640724,0.040357545018196106,300.35818099975586,6.075098806742981e-07,0.22773535177111626,0.0005196914181956636,0.006474974623415619,3.1881353603256206e-06,24.767505858643176
radial,2,5.656151721874873,0.014399999752640724,0.040724292397499084,300.35666275024414,6.061972236223295e-07,0.2277230005711317,0.0005195909362745681,0.0064745916170068085,3.182492328827913e-06,24.763650446312056
radial,2,5.707580906649431,0.014399999752640724,0.0410945825278759,300.3534126281738,6.047149805493771e-07,0.2277129963040352,0.0005193895940451619,0.0064741839887574315,3.175778375680225e-06,24.755109103432627
radial,2,5.759506796797117,0.014399999752640724,0.04146844893693924,300.34792709350586,6.030423801529225e-07,0.227705555036664,0.0005190781974549429,0.006473749817814678,3.1678535045288214e-06,24.740607261320083
radial,2,5.811934048930804,0.014399999752640724,0.04184592515230179,300.34092712402344,6.012408176239833e-07,0.22769957594573498,0.0005186972604309018,0.00647329754428938,3.1591054578547127e-06,24.7219024844248
radial,2,5.864867319663366,0.014399999752640724,0.04222704470157623,300.3340492248535,5.994530946892343e-07,0.2276929747313261,0.0005183266421307999,0.006472847191616893,3.1504353906576353e-06,24.703266881278967
radial,2,5.918312817811966,0.014399999752640724,0.042611852288246155,300.32839584350586,5.97764227934304e-07,0.22768450155854225,0.0005180155387545096,0.006472412089351565,3.142439007024328e-06,24.68743269245449
radial,2,5.972273647785187,0.014399999752640724,0.043000370264053345,300.32344818115234,5.961491558948528e-07,0.2276747953146696,0.0005177527169038779,0.006471986242104322,3.1348105227280908e-06,24.672646680070088
radial,2,6.026756018400192,0.014399999752640724,0.043392643332481384,300.318359375,5.94642787937613e-07,0.2276644930243492,0.0005175168299109472,0.006471562664955854,3.1271875594841274e-06,24.655699532458097
radial,2,6.081765103671286,0.014399999752640724,0.04378870874643326,300.3136215209961,5.934075995125348e-07,0.2276517804712057,0.0005173646082795518,0.006471153057646006,3.120165882465682e-06,24.63531075346017
radial,2,6.137305042809911,0.014399999752640724,0.044188596308231354,300.31188201904297,5.928661784392533e-07,0.22763078100979328,0.0005175097663959538,0.0064707983401604,3.1157764558726694e-06,24.612194896425336
radial,2,6.193381009830369,0.014399999752640724,0.044592343270778656,300.3184700012207,5.93913706315518e-07,0.22759053483605385,0.0005183632491105252,0.006470577034633607,3.1179411680836247e-06,24.587472744945643
radial,2,6.250000248352687,0.014399999752640724,0.04500000178813934,300.34170150756836,5.978917743897756e-07,0.22751537524163723,0.0005205454641356485,0.006470609689131379,3.1324176452207146e-06,24.559445613168094
radial,2,6.2828117774592505,0.014399999752640724,0.045236244797706604,300.3656463623047,6.018968518006492e-07,0.22745165415108204,0.0005226211596687765,0.006470786407589912,3.1482081585968676e-06,24.540156977913025
radial,2,6.318450387981203,0.014399999752640724,0.04549284279346466,300.404541015625,6.081418233372961e-07,0.22735974751412868,0.0005258275287079359,0.006471163185779005,3.173939380795351e-06,24.514612681197672
radial,2,6.357160293393665,0.014399999752640724,0.04577155411243439,300.4708824157715,6.183928799639574e-07,0.22721881419420242,0.0005310110174021573,0.006471901026088744,3.217397459583604e-06,24.479102441095446
radial,2,6.3992064032289715,0.014399999752640724,0.046074286103248596,300.5871162414551,6.356326763473469e-07,0.22699400037527084,0.0005395967757702704,0.006473271700087935,3.291740648778421e-06,24.428071345468823
radial,2,6.4448743230766725,0.014399999752640724,0.04640309512615204,300.79159927368164,6.645488058057444e-07,0.22663051448762417,0.0005538248360746083,0.006475702801253647,3.4177297993876524e-06,24.357247430843387
radial,2,6.494478633006414,0.014399999752640724,0.04676024615764618,301.1373100280762,7.107849044981252e-07,0.22606246545910835,0.0005763819985041371,0.006479704694356769,3.6204936049966363e-06,24.27613567572144
radial,2,6.54835667875078,0.014399999752640724,0.047148168087005615,301.6572074890137,7.761442221621862e-07,0.22526948526501656,0.0006080902800238784,0.00648543139686808,3.908281905921306e-06,24.23005082576701
radial,2,6.606876850128174,0.014399999752640724,0.04756951332092285,302.32784271240234,8.552727098266297e-07,0.22431539930403233,0.0006463080561084025,0.006492373708169907,4.257575162554942e-06,24.294255844177215
radial,2,6.670440650648541,0.014399999752640724,0.048027172684669495,303.2259750366211,9.556199199683498e-07,0.22311744093894958,0.0006943344629156035,0.006501163705252111,4.70086944982075e-06,24.589609552945564
radial,2,6.739480627907647,0.014399999752640724,0.04852426052093506,304.1543502807617,1.0558861100701256e-06,0.22192269377410412,0.0007419428872017127,0.006509859988000244,5.143690867195771e-06,25.126777567375957
radial,2,6.814469686812825,0.014399999752640724,0.04906418174505234,304.716854095459,1.1161667519963015e-06,0.22118782997131348,0.0007703938268185105,0.006515000248327851,5.411737074085593e-06,25.531715344283718
radial,2,6.895921606984404,0.014399999752640724,0.049650635570287704,305.0703125,1.1585566208349983e-06,0.22065354697406292,0.0007905346078717229,0.006519361981190741,5.613144307949646e-06,25.705218785363186
radial,2,6.9843905253542795,0.014399999752640724,0.05028761178255081,305.6675109863281,1.231184944096314e-06,0.219754071906209,0.0008273793730403674,0.006530236976686865,5.9956260674245054e-06,25.759746823978084
radial,2,7.080483353800244,0.014399999752640724,0.050979480147361755,306.7861747741699,1.3543277046382974e-06,0.2182458210736513,0.0008923160133792933,0.006551445461809635,6.672065709753924e-06,25.810109978434447
radial,2,7.184856674737401,0.014399999752640724,0.05173096805810928,308.15343475341797,1.4898830929659108e-06,0.21657130494713783,0.0009657056552986859,0.006576266430784017,7.433154527841288e-06,26.029853289274413
radial,2,7.2982234673367605,0.014399999752640724,0.052547208964824677,309.05411529541016,1.5735360702834312e-06,0.21548892930150032,0.0010122914774240638,0.006591799319721758,7.908202617498522e-06,26.293698559822335
radial,2,7.421357764138116,0.014399999752640724,0.053433775901794434,309.4750518798828,1.616729668354085e-06,0.21486904472112656,0.0010353825576042038,0.006597774394322187,8.134996781854523e-06,26.45365635957556
radial,2,7.5551039642757845,0.014399999752640724,0.054396748542785645,309.87315368652344,1.6621517194859735e-06,0.21421010047197342,0.001057573143456428,0.006602083158213645,8.352015607536196e-06,26.647310862573118
radial,2,7.700373729070028,0.014399999752640724,0.0554426908493042,310.14780044555664,1.6919506921485903e-06,0.21372999995946884,0.0010722017440520694,0.006604092137422413,8.489427738987435e-06,26.797147982258576
radial,2,7.858161504069964,0.014399999752640724,0.05657876282930374,310.2606430053711,1.7015761222530426e-06,0.21347229182720184,0.0010782219346771298,0.0066037888173013926,8.531418876058661e-06,26.85082336842018
radial,2,8.029545553856426,0.014399999752640724,0.057812727987766266,310.3710708618164,1.710379372536993e-06,0.21319709904491901,0.0010842010807016337,0.006603009765967727,8.566717272186254e-06,26.901761544755203
radial,2,8.215697275267708,0.014399999752640724,0.05915302038192749,310.456600189209,1.7157302864660599e-06,0.21295468136668205,0.0010886708632399547,0.006601898465305567,8.586578243802025e-06,26.941174711130312
radial,2,8.417889993223879,0.014399999752640724,0.06060880795121193,310.4959030151367,1.7151005620175412e-06,0.2127788532525301,0.0010907725741505455,0.00660038273781538,8.583278746620152e-06,26.951145396554402
radial,2,8.637504652142525,0.014399999752640724,0.06219003349542618,310.54046630859375,1.7144910238645047e-06,0.2125799786299467,0.0010932203424829732,0.006598688487429172,8.582015107550466e-06,26.964962761864456
radial,2,8.876043268375927,0.014399999752640724,0.06390751153230667,310.56982421875,1.7116001322173843e-06,0.2124080341309309,0.0010948023552769747,0.006597017461899668,8.571829156000115e-06,26.96825155558796
radial,2,9.135136173831093,0.014399999752640724,0.06577298045158386,310.57997131347656,1.7058521249033175e-06,0.21227357909083366,0.0010953181038942745,0.006595381477382034,8.55020962177928e-06,26.956856388177833
radial,2,9.416554951005512,0.014399999752640724,0.06779919564723969,310.60412979125977,1.7015663385918514e-06,0.21208512037992477,0.0010968766566771934,0.006593454047106206,8.532083561288198e-06,26.945910666904517
radial,2,9.722222263614336,0.014399999752640724,0.07000000029802322,310.793758392334,1.7182714765884706e-06,0.21138916350901127,0.0011111782389473174,0.006587270647287369,8.549889385959384e-06,26.81854649844971
radial,2,9.902213803595966,0.014399999752640724,0.07129593938589096,311.10437774658203,1.749442960353832e-06,0.21048915572464466,0.0011323517239866672,0.006579300214070827,8.595598904906288e-06,26.608663432173586
radial,2,10.089199576112959,0.014399999752640724,0.0726422369480133,311.6139144897461,1.7963877489371512e-06,0.2092136237770319,0.001163048795667679,0.006567876145709306,8.666212304304865e-06,26.312083807607056
radial,2,10.283450699514812,0.014399999752640724,0.07404084503650665,311.97003173828125,1.8255241200758539e-06,0.2083311378955841,0.0011833932374073577,0.006559402565471828,8.705182689584295e-06,26.138899853332195
radial,2,10.485249674982494,0.014399999752640724,0.07549379765987396,312.067813873291,1.8291893934600422e-06,0.20800665393471718,0.0011890219680173772,0.00655494281090796,8.69936257733587e-06,26.08139519234245
radial,2,10.694890386528439,0.014399999752640724,0.07700321078300476,312.19538497924805,1.8345642897843298e-06,0.20756687968969345,0.0011962584983605915,0.006547996017616242,8.696351041738974e-06,26.01613431369677
radial,2,10.912674996587965,0.014399999752640724,0.07857125997543335,312.3088912963867,1.838230517333294e-06,0.20715953595936298,0.0012025296228188494,0.006541309645399451,8.690268228491357e-06,25.960921351538655
radial,2,11.138924294047886,0.014399999752640724,0.08020025491714478,312.3593444824219,1.8363000014123462e-06,0.20693175494670868,0.0012051308634018635,0.006537350069265813,8.674057539043807e-06,25.92651175845554
radial,2,11.373966311415037,0.014399999752640724,0.08189255744218826,312.3993339538574,1.8332726526376949e-06,0.20672190748155117,0.0012070783657934388,0.006533509818837047,8.655445955456603e-06,25.895046297860773
radial,2,11.618139429224863,0.014399999752640724,0.083650603890419,312.43177032470703,1.8296563534860715e-06,0.20649241097271442,0.0012085817391983681,0.0065288973855786026,8.634553048138571e-06,25.864779625800807
radial,2,11.871800654464298,0.014399999752640724,0.08547696471214294,312.4518241882324,1.8250815657954237e-06,0.20627313666045666,0.0012094484530298282,0.00652418244862929,8.610618110283608e-06,25.83544905476175
radial,2,12.135317342148888,0.014399999752640724,0.08737428486347198,312.45751571655273,1.8192534151251574e-06,0.20611214265227318,0.0012096370883313038,0.00652057456318289,8.58417569758203e-06,25.808044652640913
radial,2,12.409074438942804,0.014399999752640724,0.08934533596038818,312.45827865600586,1.812928488035256e-06,0.20598112419247627,0.001209629775885997,0.0065176214557141066,8.557081747826981e-06,25.7816208593896
radial,2,12.69346930914455,0.014399999752640724,0.09139297902584076,312.4564781188965,1.8062987734772472e-06,0.20587107352912426,0.0012095194186612728,0.006515147630125284,8.529553459824333e-06,25.75560420124553
radial,2,12.988915873898401,0.014399999752640724,0.09352019429206848,312.45220947265625,1.7993719163764234e-06,0.20577831380069256,0.001209287403179159,0.006513046915642917,8.501536036494772e-06,25.73001502388363
radial,2,13.295840471982956,0.014399999752640724,0.09573005139827728,312.44798278808594,1.792306252475388e-06,0.20568927936255932,0.0012090532002748638,0.006511077226605266,8.473490932316358e-06,25.70504074223125
radial,2,13.614692207839754,0.014399999752640724,0.09802578389644623,312.4501953125,1.7855163097012966e-06,0.205589996650815,0.0012091379875676595,0.006509271916002035,8.448139297942641e-06,25.684394065640504
radial,2,13.945934673150381,0.014399999752640724,0.10041072964668274,312.4570999145508,1.7789302618880628e-06,0.20548635721206665,0.0012094574983870505,0.006507627898827195,8.42492526034345e-06,25.667146882986046
radial,2,14.290045946836472,0.014399999752640724,0.1028883308172226,312.4568634033203,1.7718529374934481e-06,0.20540767908096313,0.0012094251644969704,0.006506130564957857,8.399158013986094e-06,25.646791696550075
radial,2,14.647531012694042,0.014399999752640724,0.1054622232913971,312.4482421875,1.7642604851206568e-06,0.2053549848496914,0.0012089811668841049,0.00650474987924099,8.370408701900393e-06,25.622657961845814
radial,2,15.01890520254771,0.014399999752640724,0.1081361174583435,312.4364356994629,1.7565020602581391e-06,0.2053132802248001,0.0012083805357440316,0.0065034335711970925,8.340658741900913e-06,25.597260664829932
radial,2,15.404710753096476,0.014399999752640724,0.11091391742229462,312.42334365844727,1.7486983684554779e-06,0.2052768599241972,0.0012077169909078082,0.006502157892100513,8.310608984893744e-06,25.571535268202698
radial,2,15.805506457885107,0.014399999752640724,0.11379964649677277,312.4097023010254,1.740875929657819e-06,0.2052435614168644,0.0012070246206401802,0.006500912713818252,8.28047188449484e-06,25.545901699818778
radial,2,16.221876980529892,0.014399999752640724,0.11679751425981522,312.3958053588867,1.7330436485347382e-06,0.20521217212080956,0.0012063186610853805,0.0064996855217032135,8.250315372076155e-06,25.520406321367986
radial,2,16.654425611098606,0.014399999752640724,0.11991186439990997,312.3817443847656,1.7252261725443314e-06,0.20518258400261402,0.001205602468855552,0.006498478120192885,8.220221199918128e-06,25.495126345444834
radial,2,17.103782544533413,0.014399999752640724,0.12314723432064056,312.3677215576172,1.7174723085482385e-06,0.20515448972582817,0.0012048882582702369,0.0064972934778779745,8.190361994416894e-06,25.470183093549558
radial,2,17.570598671833675,0.014399999752640724,0.12650831043720245,312.35374450683594,1.709718256852491e-06,0.20512761920690536,0.001204174509749755,0.0064961250172927976,8.160504009659932e-06,25.445551115334162
radial,2,18.055554893281727,0.014399999752640724,0.12999999523162842,312.34032821655273,1.7021858213840055e-06,0.20510251447558403,0.0012034907119490247,0.006495008012279868,8.131425056596415e-06,25.421939970241105
radial,2,18.33844929933548,0.014399999752640724,0.13203683495521545,312.3329658508301,1.6981434786145095e-06,0.20508954301476479,0.0012031168781498265,0.006494408473372459,8.115732409726494e-06,25.409194480456957
radial,2,18.62622383568022,0.014399999752640724,0.13410881161689758,312.3251075744629,1.6940931179800264e-06,0.20507718436419964,0.0012027174094817565,0.0064937969436869025,8.09994567301672e-06,25.396027186708903
radial,2,18.918953008121914,0.014399999752640724,0.13621646165847778,312.3166923522949,1.6899870771757987e-06,0.20506536960601807,0.0012022894246467384,0.006493169814348221,8.083871217085542e-06,25.382258634989693
radial,2,19.21672580970658,0.014399999752640724,0.1383604258298874,312.30799865722656,1.6859607082901984e-06,0.2050543837249279,0.0012018495541342585,0.006492547690868378,8.06800017679157e-06,25.368352984221545
radial,2,19.519631233480244,0.014399999752640724,0.14054134488105774,312.29904556274414,1.6819885637755784e-06,0.20504415221512318,0.0012013967915792075,0.006491928710602224,8.05226472793556e-06,25.354334320361033
radial,2,19.82775413327747,0.014399999752640724,0.14275982975959778,312.2898063659668,1.6780439646629546e-06,0.20503460988402367,0.0012009302238287086,0.006491311301942915,8.036595019709505e-06,25.340224685934146
radial,2,20.141183502144283,0.014399999752640724,0.14501652121543884,312.2803268432617,1.674145681623284e-06,0.20502573624253273,0.0012004528195289543,0.006490698142442852,8.02105249357475e-06,25.32609123539859
radial,2,20.46001868115531,0.014399999752640724,0.14731213450431824,312.2706871032715,1.6703260234961156e-06,0.2050175853073597,0.0011999671771576537,0.006490092433523387,8.005721576210393e-06,25.31204065135137
radial,2,20.784344524145126,0.014399999752640724,0.1496472805738449,312.26080322265625,1.6665890133081126e-06,0.20501028560101986,0.0011994716232195048,0.006489496328867972,7.990609072602896e-06,25.298019106931726
radial,2,21.114258302582634,0.014399999752640724,0.15202265977859497,312.2505569458008,1.6628959790832275e-06,0.20500396378338337,0.0011989587590600192,0.006488906336016953,7.975583738055578e-06,25.283944002719327
radial,2,21.44985728793674,0.014399999752640724,0.15443897247314453,312.2398376464844,1.659227687332027e-06,0.20499876141548157,0.0011984234274043976,0.006488320999778807,7.960578871388153e-06,25.269807538771808
radial,2,21.79124082128207,0.014399999752640724,0.1568969339132309,312.2287292480469,1.6556153053136553e-06,0.20499478839337826,0.001197870482303834,0.006487746781203896,7.945707677575698e-06,25.255628803416243
radial,2,22.138502034876083,0.014399999752640724,0.1593972146511078,312.21740341186523,1.6520869453631902e-06,0.20499195531010628,0.0011973079652108749,0.0064871886861510575,7.931096464482882e-06,25.24152530889393
radial,2,22.491750617822014,0.014399999752640724,0.16194060444831848,312.20587158203125,1.6486286968258483e-06,0.20498997904360294,0.0011967365270070325,0.006486641883384436,7.91671541905265e-06,25.227514215414928
radial,2,22.851083841588764,0.014399999752640724,0.1645278036594391,312.1940612792969,1.6452207547231582e-06,0.20498864725232124,0.001196152112642178,0.006486099271569401,7.90248311640824e-06,25.21357233601062
radial,2,23.216609325673847,0.014399999752640724,0.16715958714485168,312.1819725036621,1.641867226883821e-06,0.20498798787593842,0.0011955542632953032,0.0064855607924982905,7.88841035867839e-06,25.199756954142323
radial,2,23.58843055036333,0.014399999752640724,0.16983669996261597,312.1695899963379,1.638583406020366e-06,0.20498832874000072,0.0011949429212909793,0.006485033663921058,7.874556378858898e-06,25.18608011515386
radial,2,23.96665927436617,0.014399999752640724,0.1725599467754364,312.1570510864258,1.6353965903442123e-06,0.20498979464173317,0.0011943244662347885,0.0064845256274566054,7.861043561683427e-06,25.17267067706654
radial,2,24.351409325997036,0.014399999752640724,0.17533014714717865,312.1442680358887,1.6323119807190474e-06,0.20499257929623127,0.0011936953945385909,0.006484038836788386,7.847874665521727e-06,25.159493171297726
radial,2,24.742784185542,0.014399999752640724,0.1781480461359024,312.13056564331055,1.6292586048270726e-06,0.20499726198613644,0.0011930217701154975,0.00648355734301731,7.834667557480319e-06,25.146180948875532
radial,2,25.140903890132904,0.014399999752640724,0.1810145080089569,312.11588287353516,1.6262073568155663e-06,0.2050033062696457,0.0011922999362548783,0.006483067001681775,7.821308919473996e-06,25.132752618418507
radial,2,25.545884337690143,0.014399999752640724,0.18393036723136902,312.1011772155762,1.6232600099451959e-06,0.20500998012721539,0.0011915779277849737,0.0064825937151908875,7.808378355244003e-06,25.119787464666274
radial,2,25.95783935652839,0.014399999752640724,0.1868964433670044,312.08692169189453,1.6204894916157414e-06,0.205017801374197,0.001190879799970167,0.0064821692067198455,7.796260069174837e-06,25.107737705696103
radial,2,26.37689726220237,0.014399999752640724,0.18991366028785706,312.07254791259766,1.617835628011895e-06,0.20502717420458794,0.0011901769076281537,0.006481777003500611,7.784600857138221e-06,25.09650577593393
radial,2,26.80316981342104,0.014399999752640724,0.19298282265663147,312.0571517944336,1.6151991108321435e-06,0.20503812283277512,0.0011894223820293516,0.006481375719886273,7.772802582727873e-06,25.08570207656685
radial,2,27.236793604162006,0.014399999752640724,0.19610491394996643,312.0404853820801,1.6125693340190019e-06,0.20505031943321228,0.001188605938876226,0.006480950803961605,7.760792994889406e-06,25.074986162543244
radial,2,27.677884532345665,0.014399999752640724,0.1992807686328888,312.0238723754883,1.6100670875575804e-06,0.2050626538693905,0.0011877940357578752,0.006480539974290878,7.749381970631475e-06,25.064744693419506
radial,2,28.12657505273819,0.014399999752640724,0.20251134037971497,312.0063705444336,1.607658885423567e-06,0.20507775619626045,0.0011869410897368405,0.006480164243839681,7.73835859262799e-06,25.054517964871938
radial,2,28.582997620105743,0.014399999752640724,0.20579758286476135,311.9866027832031,1.6052809720505688e-06,0.20509575493633747,0.0011859719006993676,0.00647974869934842,7.727087719778978e-06,25.044333192994042
radial,2,29.047284689214496,0.014399999752640724,0.20914044976234436,311.9681205749512,1.603226772734758e-06,0.20510448887944221,0.001185044956471308,0.006479131698142737,7.717102164649691e-06,25.035455561099752
radial,2,29.519572854042053,0.014399999752640724,0.21254092454910278,311.95227813720703,1.6015822902247498e-06,0.20510386303067207,0.0011842428621565808,0.006478384719230235,7.708949982788973e-06,25.025850890387094
radial,2,29.999998708566032,0.014399999752640724,0.21599999070167542,309.4241409301758,1.510223107227035e-06,0.1806754283607006,0.0009265340690873079,0.005654773500282317,6.9388847907992085e-06,24.224549408307613
radial,2,0.0,0.014399999752640724,0.0,302.38733673095703,0.15580912679433823,0.1951669156551361,0.0007555130578111857,0.0008231462416006252,0.0001601801450306084,0.07815843812787683
radial,2,0.012820512185701067,0.014399999752640724,9.230768773704767e-05,302.4317932128906,0.15580687671899796,0.19516119733452797,0.0007587365907966159,0.0008266602162620984,0.00016086501818790566,0.0785386919303909
radial,2,0.025641024371402133,0.014399999752640724,0.00018461537547409534,302.56592559814453,0.155800087377429,0.19514396600425243,0.0007684549636906013,0.000837254396174103,0.0001629299222258851,0.07960194476699263
radial,2,0.038461536557103194,0.014399999752640724,0.000276923063211143,302.79191970825195,0.15578866377472878,0.19511498138308525,0.0007848039458622225,0.000855077312735375,0.00016640392095723655,0.08118225012749128
radial,2,0.051282048742804266,0.014399999752640724,0.0003692307509481907,303.11319732666016,0.155772490426898,0.19507386349141598,0.000807989104941953,0.0008803534510661848,0.00017133089386334177,0.08326127784559917
radial,2,0.06410256092850533,0.014399999752640724,0.00046153843868523836,303.5341606140137,0.15575139969587326,0.19502017088234425,0.0008382679079659283,0.0009133640414802358,0.00017776577078620903,0.0861121753288021
radial,2,0.07692307311420639,0.014399999752640724,0.000553846126422286,304.06072998046875,0.1557251550257206,0.19495326466858387,0.0008759900665609166,0.0009544908534735441,0.00018578313756734133,0.08980062087053535
radial,2,0.08974358529990746,0.014399999752640724,0.0006461538141593337,304.70069885253906,0.15569347143173218,0.19487233087420464,0.0009216181933879852,0.001004238918540068,0.00019548161981219891,0.09446868500910778
radial,2,0.10256409748560853,0.014399999752640724,0.0007384615018963814,305.4635810852051,0.155656011775136,0.19477634690701962,0.0009757125735632144,0.0010632198973326012,0.00020698066145996563,0.10029359682835032
radial,2,0.11538460967130959,0.014399999752640724,0.000830769189633429,306.3608856201172,0.15561232715845108,0.19466411508619785,0.0010389518283773214,0.0011321745405439287,0.00022042491582396906,0.1074895103979869
radial,2,0.12820512185701066,0.014399999752640724,0.0009230768773704767,307.4064483642578,0.15556190349161625,0.19453417137265205,0.0011121508287033066,0.0012119924213038757,0.0002359880818403326,0.11612650965964538
radial,2,0.14102563404271173,0.014399999752640724,0.0010153845651075244,308.6167984008789,0.15550415590405464,0.19438479468226433,0.0011962774442508817,0.0013037299941061065,0.0002538764092605561,0.12627503126981945
radial,2,0.15384614622841278,0.014399999752640724,0.001107692252844572,310.0113830566406,0.15543834120035172,0.19421393610537052,0.0012924708717036992,0.001408630661899224,0.0002743326549534686,0.13813665691441554
radial,2,0.16666667458290854,0.014399999752640724,0.0012000000569969416,311.61317443847656,0.15536364167928696,0.19401921331882477,0.0014020682137925178,0.0015281540108844638,0.0002976417454192415,0.15213848615233821
radial,2,0.17948717059981492,0.014399999752640724,0.0012923076283186674,313.4492416381836,0.15527906268835068,0.19379780255258083,0.0015266430127667263,0.0016640174144413322,0.00032413884764537215,0.1686489716948169
radial,2,0.19230769895431069,0.014399999752640724,0.001384615432471037,315.55158615112305,0.15518346801400185,0.1935463882982731,0.0016680507687851787,0.0018182461062679067,0.00035421924621914513,0.187897655972064
radial,2,0.20512819497121706,0.014399999752640724,0.0014769230037927628,317.9579734802246,0.15507549047470093,0.1932610496878624,0.001828476641094312,0.001993224926991388,0.0003883482568198815,0.20990377381950973
radial,2,0.21794872332571283,0.014399999752640724,0.0015692308079451323,320.7128791809082,0.15495355986058712,0.19293720833957195,0.0020104848372284323,0.0021917523408774287,0.00042707180182333104,0.2350608808027716
radial,2,0.23076921934261918,0.014399999752640724,0.001661538379266858,323.8686103820801,0.1548158098012209,0.19256946630775928,0.002217084780568257,0.002417112176772207,0.00047103044926188886,0.2641945329751998
radial,2,0.24358974769711494,0.014399999752640724,0.0017538461834192276,327.48694610595703,0.1546600852161646,0.19215146265923977,0.0024518259742762893,0.002673177805263549,0.0005209794253460132,0.29825789405790937
radial,2,0.2564102437140213,0.014399999752640724,0.0018461537547409534,331.6411361694336,0.15448378771543503,0.1916756723076105,0.002718913892749697,0.0029645375616382807,0.0005778132690466009,0.3377940750234916
radial,2,0.2692307720685171,0.014399999752640724,0.001938461558893323,336.41786193847656,0.15428391098976135,0.1911331657320261,0.0030233303259592503,0.0032966266153380275,0.0006425910323741846,0.3829527173592861
radial,2,0.28205126808542347,0.014399999752640724,0.002030769130215049,341.9194107055664,0.15405688621103764,0.19051340408623219,0.0033709577401168644,0.003675861342344433,0.000716562703019008,0.4343996384543495
radial,2,0.29487179643991923,0.014399999752640724,0.0021230769343674183,348.26606369018555,0.15379850380122662,0.18980393931269646,0.003768734459299594,0.004109809058718383,0.0008012014586711302,0.49386844799097585
radial,2,0.30769229245682556,0.014399999752640724,0.002215384505689144,355.5993423461914,0.15350384265184402,0.18899008445441723,0.004224861680995673,0.004607412323821336,0.0008982473445939831,0.5635005899422789
radial,2,0.3205128208113213,0.014399999752640724,0.0023076923098415136,364.08546447753906,0.15316706709563732,0.18805442936718464,0.004749048035591841,0.005179255094844848,0.0010097580816363916,0.644585007354739
radial,2,0.3333333491658171,0.014399999752640724,0.002400000113993883,373.91860580444336,0.15278131142258644,0.18697644211351871,0.005352754087653011,0.0058378264657221735,0.001138159612310119,0.737441708678494
radial,2,0.34615384518272346,0.014399999752640724,0.002492307685315609,385.3231887817383,0.15233855322003365,0.1857320237904787,0.006049418763723224,0.006597766536287963,0.0012862920702900738,0.8425750958668881
radial,2,0.35897434119962984,0.014399999752640724,0.002584615256637335,398.5555953979492,0.15182948857545853,0.1842931415885687,0.0068546870606951416,0.00747610890539363,0.0014574550150427967,0.9619557525040661
radial,2,0.3717948372165362,0.014399999752640724,0.0026769228279590607,413.90480041503906,0.15124335139989853,0.18262740783393383,0.007786648056935519,0.00849253567866981,0.001655452957493253,1.0983295348443294
radial,2,0.38461539790862137,0.014399999752640724,0.002769230864942074,431.69165420532227,0.1505678240209818,0.18069764785468578,0.00886605423875153,0.009669605642557144,0.0018846343009499833,1.253187214092036
radial,2,0.39743589392552775,0.014399999752640724,0.0028615384362637997,452.2653121948242,0.14978891424834728,0.17846176587045193,0.010116445017047226,0.01103287551086396,0.0021499074646271765,1.4249236386780597
radial,2,0.41025638994243413,0.014399999752640724,0.0029538460075855255,475.99528884887695,0.14889100566506386,0.1758728213608265,0.011564094107598066,0.01261082268320024,0.002456713089486584,1.6089585826506552
radial,2,0.42307688595934045,0.014399999752640724,0.0030461535789072514,503.25887298583984,0.1478569582104683,0.1728796549141407,0.013237699284218252,0.014434477197937667,0.0028109338600188494,1.7999893117294639
radial,2,0.43589744665142566,0.014399999752640724,0.0031384616158902645,534.4241714477539,0.14666844345629215,0.16942799277603626,0.015167783247306943,0.016536720795556903,0.003218732599634677,1.9944386408856205
radial,2,0.448717942668332,0.014399999752640724,0.0032307691872119904,569.83154296875,0.14530635066330433,0.16546207666397095,0.017385870683938265,0.01895132684148848,0.003686324314912781,2.1900909134641084
radial,2,0.46153843868523836,0.014399999752640724,0.003323076758533716,609.7648162841797,0.1437517087906599,0.1609278954565525,0.01992274704389274,0.02171096228994429,0.004219532303977758,2.38170919451603
radial,2,0.47435893470214474,0.014399999752640724,0.003415384329855442,654.4241561889648,0.1419867556542158,0.15577702037990093,0.022806453285738826,0.024844867642968893,0.004823254712391645,2.5609815791824313
radial,2,0.4871794953942299,0.014399999752640724,0.003507692366838455,703.9215774536133,0.13999531418085098,0.1499684862792492,0.026061403332278132,0.02837768802419305,0.005501113133504987,2.726625885376534
radial,2,0.49999999141113627,0.014399999752640724,0.003599999938160181,758.2364273071289,0.13776575587689877,0.14347857050597668,0.029703202424570918,0.032323540188372135,0.006254136154893786,2.88644757693128
radial,2,0.5115740673823489,0.014399999752640724,0.003683333285152912,811.5285949707031,0.1355325449258089,0.1370005514472723,0.03334505669772625,0.0362607603892684,0.007000318088103086,3.0567390802328207
radial,2,0.5231481433535615,0.014399999752640724,0.0037666666321456432,868.5767288208008,0.13309031911194324,0.12995192408561707,0.03731749439612031,0.040543198585510254,0.007804647495504469,3.3182719680313135
radial,2,0.5347222193247743,0.014399999752640724,0.0038499999791383743,929.0490341186523,0.13044238835573196,0.12236388027667999,0.04160864232107997,0.0451513659209013,0.00865947490092367,3.7029611229521096
radial,2,0.5415076157078147,0.014399999752640724,0.003898854833096266,967.3447494506836,0.1287355087697506,0.11750720907002687,0.04436474712565541,0.04809958627447486,0.009199483320116997,3.976697552456292
radial,2,0.5483620205066271,0.014399999752640724,0.003948206547647715,1008.5935974121094,0.12687132693827152,0.11223745252937078,0.04736520675942302,0.051297379191964865,0.00977810611948371,4.254874520100026
radial,2,0.5552860804729992,0.014399999752640724,0.003998059779405594,1051.6236877441406,0.12489713076502085,0.1067002834752202,0.050530992448329926,0.05465591559186578,0.010376504040323198,4.507096494765976
radial,2,0.5622805717090765,0.014399999752640724,0.004048420116305351,1096.3332061767578,0.12281404715031385,0.10091189108788967,0.05385749274864793,0.0581648638471961,0.010989558883011341,4.724779188242369
radial,2,0.5693460762914684,0.014399999752640724,0.0040992917492985725,1142.7019805908203,0.12061838153749704,0.09487767890095711,0.05734763294458389,0.061820265371352434,0.01161231438163668,4.901077686422944
radial,2,0.5764833703223202,0.014399999752640724,0.004150680266320705,1190.6023254394531,0.11831100098788738,0.08861902728676796,0.060996980872005224,0.06560823787003756,0.012236768496222794,5.0304177106549535
radial,2,0.5836932945789562,0.014399999752640724,0.004202591720968485,1239.847396850586,0.1158951511606574,0.08216754719614983,0.06479752715677023,0.06950836535543203,0.012852126499637961,5.1055369946959575
radial,2,0.5909764958131645,0.014399999752640724,0.004255030769854784,1290.208724975586,0.11337551847100258,0.07556297909468412,0.06873955205082893,0.0734948618337512,0.013444495969451964,5.122774904603007
radial,2,0.5983336207767328,0.014399999752640724,0.004308002069592476,1341.4056549072266,0.11075863521546125,0.06885499134659767,0.0728115001693368,0.07753531541675329,0.013996005174703896,5.088198759167006
radial,2,0.6057657042725219,0.014399999752640724,0.0043615130707621574,1393.0403289794922,0.10805642977356911,0.062112545128911734,0.07699533179402351,0.08158481307327747,0.01448319316841662,5.032023196064224
radial,2,0.6132731990267833,0.014399999752640724,0.00441556703299284,1444.4136199951172,0.10529706999659538,0.05544954352080822,0.0812509786337614,0.08557033259421587,0.014874778920784593,4.980876728976853
radial,2,0.620857075167199,0.014399999752640724,0.004470170941203833,1494.5123443603516,0.10252687241882086,0.049024853855371475,0.08551509119570255,0.08939072582870722,0.015132428030483425,4.919783849032256
radial,2,0.628517914770378,0.014399999752640724,0.004525328986346722,1542.2729797363281,0.09979584347456694,0.043003146070986986,0.08972470741719007,0.09294010698795319,0.015213910723105073,4.8268820599229025
radial,2,0.6362567526391811,0.014399999752640724,0.004581048619002104,1586.8088989257812,0.09714582469314337,0.03752073785290122,0.0938276257365942,0.09612929727882147,0.015083057805895805,4.710388659695625
radial,2,0.6440741708502173,0.014399999752640724,0.004637334030121565,1627.8450622558594,0.09458918496966362,0.03261947771534324,0.09778152965009212,0.09893630910664797,0.014749912428669631,4.582818936691518
radial,2,0.6519710748559899,0.014399999752640724,0.004694191738963127,1665.6247253417969,0.09211290907114744,0.028261542320251465,0.1015572939068079,0.1013965904712677,0.01426086958963424,4.446543472299964
radial,2,0.6599482407586442,0.014399999752640724,0.004751627333462238,1700.419692993164,0.08970322459936142,0.024403855903074145,0.10513624083250761,0.10354718007147312,0.013656653347425163,4.304767415970562
radial,2,0.6680065093355047,0.014399999752640724,0.004809646867215633,1732.4902954101562,0.08734811376780272,0.02100395387969911,0.10850563831627369,0.10542290844023228,0.012972437078133225,4.161269664864041
radial,2,0.6761466566887167,0.014399999752640724,0.00486825592815876,1762.0876159667969,0.08503696694970131,0.018020184244960546,0.11165837850421667,0.10705639235675335,0.012238060357049108,4.021968982222939
radial,2,0.6843694589204259,0.014399999752640724,0.004927460104227066,1789.4566040039062,0.08276013657450676,0.015411816886626184,0.11459267791360617,0.10847811494022608,0.011478293454274535,3.8928862931592345
radial,2,0.6926759508334929,0.014399999752640724,0.004987266846001148,1814.830093383789,0.08050911873579025,0.013140115886926651,0.11731067951768637,0.10971599351614714,0.01071338274050504,3.7772835380729224
radial,2,0.7010669085300631,0.014399999752640724,0.005047681741416454,1838.4258575439453,0.07827655412256718,0.01116890273988247,0.11981743294745684,0.11079525947570801,0.009959625196643174,3.676193595209133
radial,2,0.7095431081122823,0.014399999752640724,0.005108710378408432,1860.444595336914,0.07605618983507156,0.009464882779866457,0.12211999855935574,0.11173847317695618,0.009229944553226233,3.5914486386114586
radial,2,0.7181054550326533,0.014399999752640724,0.005170359276235104,1881.0693664550781,0.07384274248033762,0.007997783599421382,0.12422670423984528,0.11256560869514942,0.008534434833563864,3.5262568631394013
radial,2,0.7267547253933218,0.014399999752640724,0.005232634022831917,1900.4659881591797,0.07163173984736204,0.006740384909790009,0.12614659033715725,0.11329423449933529,0.00788086059037596,3.482324596153238
radial,2,0.735492083347506,0.014399999752640724,0.005295543000102043,1918.7826232910156,0.06941939517855644,0.005668492638505995,0.12788886576890945,0.11393965221941471,0.007275117852259427,3.4596332885610974
radial,2,0.7443181756469939,0.014399999752640724,0.005359090864658356,1936.1499938964844,0.06720254197716713,0.004760911979246885,0.12946241348981857,0.11451507825404406,0.006721674115397036,3.4568638802816203
radial,2,0.7532339077442884,0.014399999752640724,0.005423284135758877,1952.680419921875,0.06497865729033947,0.003999390930403024,0.1308753751218319,0.11503177043050528,0.006223962176591158,3.4735704689340463
radial,2,0.762240443792608,0.014399999752640724,0.005488131195306778,1968.4680633544922,0.06274577137082815,0.003368486388353631,0.1321348212659359,0.1154992189258337,0.005784694803878665,3.5096207271641706
radial,2,0.771338301193383,0.014399999752640724,0.005553635768592358,1983.6055145263672,0.0605023168027401,0.0028540598577819765,0.13324985280632973,0.11592529155313969,0.005404032301157713,3.563329468301077
radial,2,0.7805287734501892,0.014399999752640724,0.005619807168841362,1998.2039794921875,0.05824693897739053,0.0024414083745796233,0.1342367958277464,0.11631638649851084,0.005076393310446292,3.6307395476154216
radial,2,0.7898126366651721,0.014399999752640724,0.005686650983989239,2012.3739318847656,0.055978463497012854,0.0021170238323975354,0.1351142879575491,0.11667762044817209,0.004793705535121262,3.707848801793828
radial,2,0.7991907962908348,0.014399999752640724,0.00575417373329401,2026.2005920410156,0.05369598465040326,0.0018706431001191959,0.13589652627706528,0.11701293010264635,0.004549819335807115,3.791064105713914
radial,2,0.8086644164803956,0.014399999752640724,0.005822383798658848,2039.7455139160156,0.051398882176727057,0.0016949398996075615,0.13659368827939034,0.117325184866786,0.004340330313425511,3.8774564482384286
radial,2,0.818234273336,0.014399999752640724,0.005891286768019199,2053.0481872558594,0.04908676911145449,0.001585321471793577,0.13721219450235367,0.11761628091335297,0.00416245951782912,3.9639612426604245
radial,2,0.827901272310151,0.014399999752640724,0.005960889160633087,2066.1258850097656,0.046759460121393204,0.0015398489485960454,0.13775484450161457,0.11788716167211533,0.004015004844404757,4.046858211131785
radial,2,0.8376667069064246,0.014399999752640724,0.006031200289726257,2078.9725952148438,0.04441704414784908,0.001559281925437972,0.13822069391608238,0.11813779268413782,0.003898370254319161,4.122925561414942
radial,2,0.8475313532269664,0.014399999752640724,0.0061022257432341576,2091.555419921875,0.042060025967657566,0.0016472428251290694,0.13860487006604671,0.11836710199713707,0.003814670053543523,4.190062740406436
radial,2,0.857496181399458,0.014399999752640724,0.0061739725060760975,2103.81103515625,0.039689432829618454,0.001810514906537719,0.13889805413782597,0.1185728469863534,0.0037679091037716717,4.2474241585160275
radial,2,0.8675622909019391,0.014399999752640724,0.006246448494493961,2115.639862060547,0.03730691131204367,0.0020595026726368815,0.13908590748906136,0.11875144671648741,0.003764256864087656,4.295455497766042
radial,2,0.8777307812124491,0.014399999752640724,0.006319661624729633,2126.909423828125,0.034914854913949966,0.0024080008442979306,0.13915076293051243,0.11889773234724998,0.003810748574323952,4.341497602285935
radial,2,0.8880026224586699,0.014399999752640724,0.006393618881702423,2137.4788818359375,0.03251662524417043,0.0028710816404782236,0.1390786748379469,0.11900460813194513,0.003910551313310862,4.402210143870455
radial,2,0.8983788494434621,0.014399999752640724,0.0064683277159929276,2147.1989135742188,0.030116767389699817,0.003465198795311153,0.1388599630445242,0.11906269565224648,0.0040623320965096354,4.490491450277696
radial,2,0.9088606263200443,0.014399999752640724,0.006543796509504318,2155.8836975097656,0.02772127464413643,0.0042106350883841515,0.13848384842276573,0.11905994359403849,0.004263373324647546,4.612612960850935
radial,2,0.9194488585409191,0.014399999752640724,0.0066200317814946175,2163.2997436523438,0.025337909115478396,0.005132524820510298,0.13793753646314144,0.11898111458867788,0.00450976868160069,4.773371007287627
radial,2,0.9301447102593051,0.014399999752640724,0.006697041913866997,2169.158172607422,0.02297657122835517,0.006261515081860125,0.1372064035385847,0.11880725063383579,0.004795874352566898,4.973471576103989
radial,2,0.9409492162780629,0.014399999752640724,0.006774834357202053,2173.1066284179688,0.02064975048415363,0.007634480425622314,0.1362743116915226,0.11851497646421194,0.005113599414471537,5.207626577386809
radial,2,0.9518636701007684,0.014399999752640724,0.0068534184247255325,2174.72119140625,0.01837301952764392,0.009295263327658176,0.13512414135038853,0.1180757824331522,0.005451507167890668,5.462538181701794
radial,2,0.9628889771799247,0.014399999752640724,0.0069328006356954575,2173.4974670410156,0.016165621811524034,0.011295345961116254,0.1337385755032301,0.11745520867407322,0.005793698306661099,5.716767157476409
radial,2,0.9740263663439287,0.014399999752640724,0.007012989837676287,2168.8445739746094,0.014051151345483959,0.013694287976250052,0.13210137747228146,0.11661211401224136,0.00611844751983881,5.939931878357822
radial,2,0.9852770017459989,0.014399999752640724,0.007093994412571192,2160.081298828125,0.012058170512318611,0.01655982166994363,0.130199134349823,0.11549800727516413,0.006396623968612403,6.094372763967314
radial,2,0.9966419181889958,0.014399999752640724,0.00717582181096077,2146.439971923828,0.010220524622127414,0.019967571832239628,0.12802345864474773,0.11405664216727018,0.006589979748241603,6.138899655945151
radial,2,1.0081224091764953,0.014399999752640724,0.0072584813460707664,2127.080810546875,0.008577529340982437,0.023999451659619808,0.12557403929531574,0.11222421564161777,0.00664939999114722,6.035853310485953
radial,2,1.0197196388617158,0.014399999752640724,0.007341981399804354,2101.475616455078,0.007159893924836069,0.028698977082967758,0.1228628633543849,0.10996208619326353,0.006537697103340179,5.855998286246102
radial,2,1.031434577372339,0.014399999752640724,0.007426328957080841,2070.0494079589844,0.00596318650059402,0.0339919775724411,0.11991648003458977,0.10731565114110708,0.006273876701015979,5.717167300388399
radial,2,1.043268776912656,0.014399999752640724,0.007511535193771124,2033.8485565185547,0.004959446785505861,0.03972948156297207,0.11677274201065302,0.10438277944922447,0.005910576030146331,5.658226233017263
radial,2,1.0552231429351702,0.014399999752640724,0.0075976066291332245,1993.8985900878906,0.004122036974877119,0.045771912671625614,0.11347535718232393,0.10125278122723103,0.005490031209774315,5.694909888281133
radial,2,1.0672990336186357,0.014399999752640724,0.007684553042054176,1951.1593170166016,0.0034265649446751922,0.05199459753930569,0.11007018852978945,0.0980036910623312,0.005044318735599518,5.8434673557284
radial,2,1.0794976777914498,0.014399999752640724,0.007772383280098438,1906.5065460205078,0.002851173630915582,0.058288998901844025,0.10660259705036879,0.09470202215015888,0.004596847284119576,6.11730281736288
radial,2,1.0918203689571884,0.014399999752640724,0.007861106656491756,1860.7188873291016,0.002376596356043592,0.06456329999491572,0.10311528109014034,0.09140296373516321,0.004163876292295754,6.523913248621972
radial,2,1.1042681419187121,0.014399999752640724,0.007950730621814728,1814.4686431884766,0.001986068193218671,0.07074256800115108,0.099646489135921,0.08815073408186436,0.00375593506032601,7.062163942451453
radial,2,1.1168425488803122,0.014399999752640724,0.008041266351938248,1768.3152923583984,0.001665157062234357,0.07676860503852367,0.0962286377325654,0.08497913833707571,0.0033790928137023,7.7233493856236075
radial,2,1.1295448833455641,0.014399999752640724,0.008132723160088062,1722.7039642333984,0.001401566158165224,0.08259918075054884,0.09288752358406782,0.08191233966499567,0.0030360729433596134,8.496171010737616
radial,2,1.1423760507669714,0.014399999752640724,0.008225107565522194,1677.9712524414062,0.0011849345464725047,0.08820633124560118,0.08964228350669146,0.07896610256284475,0.0027272204752080142,9.367709432247706
radial,2,1.1553378620495398,0.014399999752640724,0.008318432606756687,1634.3572998046875,0.001006628546747379,0.0935740452259779,0.0865059643983841,0.07614926528185606,0.002451302483677864,10.322927906115746
radial,2,1.1684313519961305,0.014399999752640724,0.008412705734372139,1592.0187225341797,0.0008595191102358513,0.09869602229446173,0.08348627481609583,0.07346514146775007,0.0022061216295696795,11.345131794677048
radial,2,1.1816579434606764,0.014399999752640724,0.00850793719291687,1551.040786743164,0.0007377575166174211,0.10357379354536533,0.08058629743754864,0.07091267313808203,0.0019889577524736524,12.419831269976116
radial,2,1.1950188005963962,0.014399999752640724,0.008604135364294052,1511.4497985839844,0.0006365720983012579,0.10821496974676847,0.07780528906732798,0.06848746724426746,0.0017968833999475464,13.537737540613607
radial,2,1.2085157343082957,0.014399999752640724,0.00870131328701973,1473.2283630371094,0.000552094861632213,0.11263118777424097,0.07513973210006952,0.06618296541273594,0.001626994417165406,14.692301533329372
radial,2,1.222149779399236,0.014399999752640724,0.0087994784116745,1436.3314666748047,0.0004812104416487273,0.11683609522879124,0.07258448656648397,0.0639915307983756,0.0014765631494810805,15.876395555948054
radial,2,1.2359223587231505,0.014399999752640724,0.008898640982806683,1400.6908416748047,0.0004214057589706499,0.12084492761641741,0.07013304810971022,0.061904727946966887,0.001343084528343752,17.08255857141119
radial,2,1.2498348951339722,0.014399999752640724,0.0089988112449646,1366.2142181396484,0.0003706427196448203,0.12467463314533234,0.06777744460850954,0.059913265984505415,0.0012242792872712016,18.306510948788734
radial,2,1.2638889408359926,0.014399999752640724,0.009100000374019146,1332.8313446044922,0.0003273268994234968,0.12833809107542038,0.0655118664726615,0.058010037522763014,0.0011182532252860256,19.544793620578147
radial,2,1.2800925307803683,0.014399999752640724,0.009216666221618652,1296.006088256836,0.00028534140437841415,0.13233035057783127,0.06302971858531237,0.05593778612092137,0.0010107622656505555,20.97608745536417
radial,2,1.2962962500751019,0.014399999752640724,0.009333333000540733,1260.8837432861328,0.00025028006530192215,0.1360912974923849,0.06067904317751527,0.053987130522727966,0.0009168185715680011,22.40905372482966
radial,2,1.3124999693698354,0.014399999752640724,0.009449999779462814,1227.2307891845703,0.0002206860553997103,0.13965397141873837,0.05844147317111492,0.05214046407490969,0.0008340477215824649,23.85038202650524
radial,2,1.3219715199536748,0.014399999752640724,0.009518194943666458,1208.0675506591797,0.0002054195138043724,0.14166449382901192,0.05717415688559413,0.05109874298796058,0.000789902318501845,24.6974156206536
radial,2,1.3315346505906847,0.014399999752640724,0.00958704948425293,1189.0823669433594,0.00019131447879772168,0.1436424870043993,0.055924210231751204,0.05007408419623971,0.0007481669017579406,25.55149626177941
radial,2,1.341190008032653,0.014399999752640724,0.009656568057835102,1170.3395233154297,0.00017830702381615993,0.14558282680809498,0.054695073049515486,0.049069089349359274,0.0007088048732839525,26.415109719200053
radial,2,1.3509387564327981,0.014399999752640724,0.009726759046316147,1151.8232727050781,0.0001662894483160926,0.14748776890337467,0.05348551459610462,0.04808253888040781,0.0006716314455843531,27.288533408260584
radial,2,1.360781542542908,0.014399999752640724,0.009797627106308937,1133.5182037353516,0.0001551655641378602,0.14935952052474022,0.052294339053332806,0.04711326025426388,0.0006364769797073677,28.171117382872055
radial,2,1.3707195305162005,0.014399999752640724,0.009869180619716644,1115.4181365966797,0.0001448552848160034,0.1511992122977972,0.0511209974065423,0.046160627622157335,0.0006032043020240963,29.061687564641964
radial,2,1.380753367104464,0.014399999752640724,0.009941424243152142,1097.515510559082,0.00013528598356060684,0.1530081145465374,0.04996484098955989,0.04522395180538297,0.0005716844461858273,29.959689466863
radial,2,1.3908842164609168,0.014399999752640724,0.0100143663585186,1079.8027420043945,0.00012639236956601962,0.15478750504553318,0.048825218342244625,0.04430255014449358,0.0005417983738880139,30.864363417249944
radial,2,1.4011129840380616,0.014399999752640724,0.010088013485074043,1062.2741241455078,0.00011811665353889111,0.15653839148581028,0.04770161909982562,0.04339586477726698,0.000513439706992358,31.77397939401507
radial,2,1.411440445938044,0.014399999752640724,0.010162371210753918,1044.9259033203125,0.00011040754816349363,0.15826160088181496,0.046593657694756985,0.04250346031039953,0.0004865130176767707,32.68627222394346
radial,2,1.4218677663140826,0.014399999752640724,0.010237447917461395,1027.7547149658203,0.00010321898025722476,0.1599578745663166,0.04550098581239581,0.04162493068724871,0.0004609310199157335,33.59928339973955
radial,2,1.4323957212683227,0.014399999752640724,0.010313249193131924,1010.7567749023438,9.650918309489498e-05,0.16162799298763275,0.04442323138937354,0.04075986798852682,0.00043661259769578464,34.51177457131371
radial,2,1.4430254749539826,0.014399999752640724,0.010389783419668674,993.9285049438477,9.024047812999925e-05,0.16327267326414585,0.043360044714063406,0.03990788524970412,0.0004134831251576543,35.42221999230368
radial,2,1.4537578034732077,0.014399999752640724,0.010467056185007095,977.2675552368164,8.437915221293224e-05,0.16489250026643276,0.0423111766576767,0.03906868910416961,0.0003914753506251145,36.32823022721978
radial,2,1.4645937416288588,0.014399999752640724,0.010545074939727783,960.7726745605469,7.889505377534078e-05,0.16648786514997482,0.0412764810025692,0.0382420695386827,0.00037052870538900606,37.226188940768765
radial,2,1.4755344535741541,0.014399999752640724,0.01062384806573391,944.4427032470703,7.376078974630218e-05,0.16805914230644703,0.040255830623209476,0.03742784191854298,0.0003505872482492123,38.11226931334032
radial,2,1.4865807154112392,0.014399999752640724,0.010703381150960922,928.2760620117188,6.895124533912167e-05,0.1696067675948143,0.03924905392341316,0.036625795532017946,0.0003315983085485641,38.982713286349735
radial,2,1.4977339499940476,0.014399999752640724,0.010783684439957142,912.2715606689453,6.444349946832517e-05,0.17113115265965462,0.03825599513947964,0.0358357266522944,0.0003135128972644452,39.8335357849278
radial,2,1.508994804074367,0.014399999752640724,0.010864762589335442,896.4297103881836,6.02169116064033e-05,0.17263257317245007,0.037276573246344924,0.035057509085163474,0.0002962866819871124,40.6598860108153
radial,2,1.5203644418054156,0.014399999752640724,0.010946623980998993,880.7525482177734,5.625284211419057e-05,0.17411119304597378,0.03631080477498472,0.03429108904674649,0.00027987948305963073,41.45625441481631
radial,2,1.531843768639697,0.014399999752640724,0.011029275134205818,865.242546081543,5.253418794382014e-05,0.1755671389400959,0.03535870695486665,0.03353642299771309,0.00026425372925587,42.21706731580189
radial,2,1.5434340780807867,0.014399999752640724,0.011112725362181664,849.9013519287109,4.904503202851629e-05,0.17700064554810524,0.03442023694515228,0.032793418038636446,0.0002493733882147353,42.936834726146685
radial,2,1.5551364049315453,0.014399999752640724,0.011196982115507126,834.7307052612305,4.5770669657940743e-05,0.17841197550296783,0.03349533723667264,0.03206197964027524,0.0002352044393774122,43.60969626981069
radial,2,1.5669516546444762,0.014399999752640724,0.011282051913440228,819.7336196899414,4.2697736716945656e-05,0.17980126291513443,0.03258402645587921,0.031342071015387774,0.00022171579075802583,44.22931123280233
radial,2,1.5788809913727972,0.014399999752640724,0.01136794313788414,804.9144973754883,3.981407735409448e-05,0.18116853572428226,0.03168639726936817,0.030633725691586733,0.0002088791134156054,44.78884129600645
radial,2,1.5909255792697272,0.014399999752640724,0.011454664170742035,790.2778549194336,3.710840974235907e-05,0.18251382932066917,0.030802541878074408,0.029936965322121978,0.00019666753541969229,45.28160128278596
radial,2,1.6030867118388414,0.014399999752640724,0.011542224325239658,775.827033996582,3.4570084608276375e-05,0.18383729085326195,0.02993246796540916,0.029251760337501764,0.0001850547832873417,45.70106034925156
radial,2,1.6153650358319283,0.014399999752640724,0.011630628257989883,761.5650634765625,3.218913707314641e-05,0.185139125213027,0.029076156672090292,0.028578056255355477,0.0001740156421874417,46.04072300387465
radial,2,1.627762232803636,0.014399999752640724,0.01171988807618618,747.4958190917969,2.995642353198491e-05,0.18641945160925388,0.028233640594407916,0.027915842831134796,0.00016352676720998716,46.293953552864984
radial,2,1.640278949505753,0.014399999752640724,0.011810008436441422,733.624397277832,2.7863547984452453e-05,0.1876782849431038,0.02740501589141786,0.027265162207186222,0.0001535666306153871,46.454236359459095
radial,2,1.65291673814257,0.014399999752640724,0.011901000514626503,719.9555206298828,2.5902640572894597e-05,0.1889156699180603,0.0265903624240309,0.02662604581564665,0.00014411456322704908,46.51540479593246
radial,2,1.6656766335169475,0.014399999752640724,0.011992871761322021,706.49267578125,2.4066184550974867e-05,0.19013175927102566,0.02578967623412609,0.0259984596632421,0.00013515008140529972,46.47208117409555
radial,2,1.6785596704317465,0.014399999752640724,0.012085629627108574,693.2386016845703,2.2347079720930196e-05,0.19132678769528866,0.025002906331792474,0.02538233599625528,0.0001266532635781914,46.31921528133343
radial,2,1.6915671423905425,0.014399999752640724,0.012179283425211906,680.196662902832,2.073874020425137e-05,0.19250092096626759,0.02423004456795752,0.02477764035575092,0.00011860542690556031,46.05228188587626
radial,2,1.7047003428969119,0.014399999752640724,0.012273842468857765,667.3710174560547,1.9235068975831382e-05,0.19365421682596207,0.0234711323864758,0.024184379959478974,0.00011098912546003703,45.66743782948154
radial,2,1.717960306753715,0.014399999752640724,0.012369314208626747,654.7653198242188,1.78302863105273e-05,0.1947867926210165,0.02272618468850851,0.023602542700245976,0.00010378738534200238,45.16180609675389
radial,2,1.7313483274645276,0.014399999752640724,0.012465707957744598,642.381591796875,1.65188138225858e-05,0.19589887000620365,0.0219951206818223,0.02303204103372991,9.698317626316566e-05,44.53342395841442
radial,2,1.7448658278832834,0.014399999752640724,0.01256303396075964,630.2208557128906,1.5295321759367653e-05,0.19699078798294067,0.02127780090086162,0.022472744109109044,9.055973168869969e-05,43.781286782846834
radial,2,1.7585137134624853,0.014399999752640724,0.012661298736929893,618.2844085693359,1.4154819496070559e-05,0.19806280173361301,0.02057411172427237,0.021924541797488928,8.450109635305125e-05,42.90505598736122
radial,2,1.7722934070560667,0.014399999752640724,0.01276051253080368,606.5741729736328,1.3092644621792715e-05,0.19911509193480015,0.019883987260982394,0.021387361572124064,7.879220265749609e-05,41.90559647487492
radial,2,1.786206460868319,0.014399999752640724,0.012860686518251896,595.0915069580078,1.2104355732844851e-05,0.20014786534011364,0.01920733624137938,0.02086111204698682,7.341834225371713e-05,40.78489002868449
radial,2,1.8002537803517449,0.014399999752640724,0.012961827218532562,583.8364334106445,1.1185654102519038e-05,0.20116143859922886,0.01854398800060153,0.020345641183666885,6.836477859906154e-05,39.5460226911351
radial,2,1.8144367883602779,0.014399999752640724,0.013063944876194,572.8081130981445,1.0332422675674025e-05,0.20215617679059505,0.01789372810162604,0.019840763183310628,6.361704799928702e-05,38.19295026062664
radial,2,1.8287566490471363,0.014399999752640724,0.013167047873139381,562.0061264038086,9.540798828311381e-06,0.2031323630362749,0.017256385646760464,0.01934632728807628,5.9161365243198816e-05,36.73058049151825
radial,2,1.8432149146166112,0.014399999752640724,0.013271147385239601,551.4311027526855,8.807164419977198e-06,0.20409017242491245,0.016631852369755507,0.018862230703234673,5.4984675443847664e-05,35.16477296126479
radial,2,1.8578131372729938,0.014399999752640724,0.013376254588365555,541.0832443237305,8.128067975121667e-06,0.20502976886928082,0.016020014649257064,0.018388368072919548,5.1074233851977624e-05,33.5023239602096
radial,2,1.8725520931184292,0.014399999752640724,0.01348237507045269,530.9622650146484,7.500192850784515e-06,0.20595137774944305,0.015420730458572507,0.01792461099103093,4.7417477162525756e-05,31.751092221629428
radial,2,1.8874333343572087,0.014399999752640724,0.013589520007371902,521.0683212280273,6.920409134636429e-06,0.20685508847236633,0.014833891298621893,0.01747085782699287,4.400234456625185e-05,29.920517421406963
radial,2,1.9024585425439808,0.014399999752640724,0.013697701506316662,511.4006805419922,6.385706171840866e-06,0.20774112083017826,0.014259345945902169,0.017026972374878824,4.0816920318320626e-05,28.021125536284853
radial,2,1.9176286231312487,0.014399999752640724,0.01380692608654499,501.9544334411621,5.893007028134889e-06,0.20861001312732697,0.01369669137056917,0.016592625877819955,3.784837758757931e-05,26.064002609367773
radial,2,1.932945516374376,0.014399999752640724,0.013917207717895508,492.7220802307129,5.438386267542228e-06,0.20946232043206692,0.013145418022759259,0.016167428577318788,3.508241525196354e-05,24.061793214338667
radial,3,2.310004137042496,0.02160000056028366,0.01663202978670597,398.1902885437012,1.3867932171507391e-06,0.217476861551404,0.007341591932345182,0.011698822258040309,7.669903425266966e-06,11.404604826900266
radial,3,2.329111254463593,0.02160000056028366,0.01676960103213787,391.8919219970703,1.3548239250482652e-06,0.2181057445704937,0.006941048719454557,0.011391891981475055,7.422361655073928e-06,10.800584890284098
radial,3,2.3484025667938924,0.02160000056028366,0.016908498480916023,385.7750816345215,1.3259334501469766e-06,0.21872085705399513,0.0065493478323332965,0.011091880849562585,7.198271767094866e-06,10.618034616313837
radial,3,2.3678804023398294,0.02160000056028366,0.01704873889684677,379.8489418029785,1.299812531385669e-06,0.21932122856378555,0.0061670548166148365,0.010799198993481696,6.995776352880512e-06,10.853313329406369
radial,3,2.387546313305696,0.02160000056028366,0.01719033345580101,374.11953353881836,1.2761690739715448e-06,0.2199061308056116,0.005794554308522493,0.010514123714528978,6.813082130463499e-06,11.456049165372344
radial,3,2.407402369297213,0.02160000056028366,0.017333297058939934,368.5926208496094,1.2547652539218745e-06,0.22047503292560577,0.0054322240757755935,0.010236931731924415,6.648597754121965e-06,12.34914852338537
radial,3,2.427450122518672,0.02160000056028366,0.017477640882134438,363.2759017944336,1.2353845488810578e-06,0.2210270557552576,0.0050806046347133815,0.009968025959096849,6.5008778307174e-06,13.449814231491303
radial,3,2.4476913838750787,0.02160000056028366,0.017623377963900566,358.17819595336914,1.2178373487437e-06,0.22156115993857384,0.0047403523058164865,0.009707904187962413,6.368596288552908e-06,14.685150391191376
radial,3,2.4681282229721546,0.02160000056028366,0.017770523205399513,353.30935287475586,1.2019574082700046e-06,0.22207610867917538,0.004412233596667647,0.009457144420593977,6.2504949909225616e-06,15.996419421714627
radial,3,2.4887627094156213,0.02160000056028366,0.017919091507792473,348.6805992126465,1.1875965975072234e-06,0.22257043607532978,0.004097160417586565,0.009216436417773366,6.145415362368567e-06,17.337795965746693
radial,3,2.5095963954097695,0.02160000056028366,0.01806909404695034,344.3040962219238,1.1745879935354253e-06,0.22304250299930573,0.0037961687485221773,0.008986563771031797,6.0522670182194815e-06,18.67361302623925
radial,3,2.5306310918596058,0.02160000056028366,0.01822054386138916,340.1922416687012,1.1627765330590734e-06,0.2234905194491148,0.003510375041514635,0.008768370258621871,5.970009624434169e-06,19.97569956968583
radial,3,2.551869127071566,0.02160000056028366,0.018373457714915276,336.3566780090332,1.1520297995559758e-06,0.22391269728541374,0.0032409127452410758,0.008562713279388845,5.897627133322203e-06,21.22159540779087
radial,3,2.5733123119506573,0.02160000056028366,0.01852784864604473,332.8077049255371,1.1422205088429394e-06,0.22430725768208504,0.002988890541018918,0.008370428229682148,5.8341156794483595e-06,22.393135623346197
radial,3,2.5949627161026,0.02160000056028366,0.01868373155593872,329.5527534484863,1.1332279818976332e-06,0.22467268630862236,0.00275527813937515,0.008192247245460749,5.778473472162204e-06,23.476111638327172
radial,3,2.616822150432401,0.02160000056028366,0.01884111948311329,326.5944137573242,1.1249364648691085e-06,0.2250079195946455,0.0025407341308891773,0.008028661832213402,5.729687352129531e-06,24.46055126882202
radial,3,2.638892684545782,0.02160000056028366,0.01900002732872963,323.92992401123047,1.1175737926194529e-06,0.2253125123679638,0.0023455610789824277,0.007879893062636256,5.68673065615144e-06,25.340582180581805
radial,3,2.6611766467491784,0.02160000056028366,0.019160471856594086,321.55184173583984,1.1111191234869366e-06,0.22558655589818954,0.0021697218908229843,0.007745903043542057,5.64857057838708e-06,26.113909739800864
radial,3,2.6836755892468824,0.02160000056028366,0.019322464242577553,319.44809341430664,1.105125763678494e-06,0.22583068907260895,0.0020128170144744217,0.007626375532709062,5.614197231551543e-06,26.781531385774734
radial,3,2.706392099046045,0.02160000056028366,0.019486023113131523,317.60247802734375,1.099416937849762e-06,0.22604608908295631,0.0018740998493740335,0.007520730723626912,5.582672166326574e-06,27.34735750849669
radial,3,2.7293277283509574,0.02160000056028366,0.019651159644126892,315.9961357116699,1.094016886526994e-06,0.22623436152935028,0.0017525573930470273,0.007428187818732113,5.553180649542355e-06,27.817874843777318
radial,3,2.7524850641687713,0.02160000056028366,0.019817892462015152,314.60881423950195,1.0888535602604499e-06,0.22639737091958523,0.0016469934998895042,0.007347824634052813,5.52507196971419e-06,28.201321257577867
radial,3,2.775866176105208,0.02160000056028366,0.019986236467957497,313.4192810058594,1.0837602201219099e-06,0.22653719410300255,0.0015560592801193707,0.0072786055388860404,5.497882828109368e-06,28.507241652646684
radial,3,2.799473133765989,0.02160000056028366,0.02015620656311512,312.40535736083984,1.0786946795932062e-06,0.22665616869926453,0.0014782440484850667,0.007219372317194939,5.471331753881259e-06,28.746033260369348
radial,3,2.8233080067568355,0.02160000056028366,0.020327817648649216,311.5438575744629,1.0736364761954054e-06,0.22675687447190285,0.0014118865437922068,0.007168853015173227,5.445287404981514e-06,28.9285580430288
radial,3,2.8473731233841844,0.02160000056028366,0.020501086488366127,310.81114959716797,1.068578866877945e-06,0.22684199176728725,0.0013552293021348305,0.00712570094037801,5.41971818535103e-06,29.065642721837424
radial,3,2.871670811954472,0.02160000056028366,0.020676029846072197,310.18413162231445,1.0635217727872348e-06,0.22691420279443264,0.0013065204038866796,0.007088577025569975,5.394623340038152e-06,29.167410582929975
radial,3,2.8962031420734196,0.02160000056028366,0.02085266262292862,309.64172744750977,1.0584670222940629e-06,0.2269759401679039,0.0012641520734177902,0.007056250935420394,5.36999596079113e-06,29.242513976247317
radial,3,2.9209724420474634,0.02160000056028366,0.021031001582741737,309.1662406921387,1.0534140226226008e-06,0.2270291931927204,0.0012267745260032825,0.007027691637631506,5.345803279155348e-06,29.29778892783525
radial,3,2.9459807814823256,0.02160000056028366,0.021211061626672745,308.7437400817871,1.048359542427102e-06,0.22707544639706612,0.0011933376954402775,0.007002095924690366,5.321990393269971e-06,29.33814764383811
radial,3,2.9712310060858727,0.02160000056028366,0.021392863243818283,308.3635711669922,1.0432982535391044e-06,0.22711580246686935,0.0011630490407696925,0.00697885942645371,5.2985017688911284e-06,29.366961949628056
radial,3,2.9967249267631106,0.02160000056028366,0.021576419472694397,308.0174674987793,1.0382204989889399e-06,0.2271510511636734,0.001135305705247447,0.006957522011362016,5.275262521919899e-06,29.386553316089834
radial,3,3.0224651305211916,0.02160000056028366,0.02176174893975258,307.6990165710449,1.033116904525233e-06,0.22718177549540997,0.0011096496709797066,0.0069377366453409195,5.252203706618275e-06,29.3985207701366
radial,3,3.0484542043672667,0.02160000056028366,0.02194887027144432,307.4034652709961,1.0279782330091525e-06,0.22720840945839882,0.0010857483721338212,0.006919253326486796,5.229268538187171e-06,29.403957124086517
radial,3,3.0746942179070578,0.02160000056028366,0.022137798368930817,307.12735748291016,1.0227944675644807e-06,0.22723131999373436,0.001063374635123182,0.006901904533151537,5.206383081102217e-06,29.40359792000467
radial,3,3.1011874994470014,0.02160000056028366,0.02232854999601841,306.8680191040039,1.0175598473272096e-06,0.22725090011954308,0.0010423544408695307,0.006885563605464995,5.183465024316547e-06,29.397996549592417
radial,3,3.1279368946949644,0.02160000056028366,0.02252114564180374,306.6224899291992,1.0123419815211143e-06,0.22726772725582123,0.0010224750985798892,0.006870076933410019,5.1603876300987395e-06,29.387974037434507
radial,3,3.1549444732566676,0.02160000056028366,0.022715600207448006,306.38672256469727,1.0072678839900817e-06,0.22728267684578896,0.001003416175080929,0.006855209241621196,5.136967629937317e-06,29.37490005980043
radial,3,3.1822130808399782,0.02160000056028366,0.022911934182047844,306.1557159423828,1.0023674364978419e-06,0.22729679010808468,0.0009847537367022596,0.006840644287876785,5.112970402620931e-06,29.36059852061587
radial,3,3.2097450457513332,0.02160000056028366,0.0231101643294096,305.9243049621582,9.975088577363067e-07,0.227311123162508,0.000966033199802041,0.006826041208114475,5.088127487340444e-06,29.347051489148157
radial,3,3.237542954997884,0.02160000056028366,0.023310309275984764,305.68850326538086,9.925641322183765e-07,0.22732654213905334,0.0009469026190345176,0.006811118102632463,5.062245492126749e-06,29.335847218143915
radial,3,3.265609395586782,0.02160000056028366,0.02351238764822483,305.4470100402832,9.874924067343471e-07,0.22734344936907291,0.0009271946619264781,0.006795752327889204,5.035224099003699e-06,29.327643471306317
radial,3,3.2939472132258945,0.02160000056028366,0.02371641993522644,305.2015609741211,9.82284423356461e-07,0.22736183740198612,0.0009069819116120925,0.006780016410630196,5.007091971265254e-06,29.321884658760176
radial,3,3.3225582188202276,0.02160000056028366,0.023922419175505638,304.95548248291016,9.76957697185199e-07,0.22738144919276237,0.0008865113850333728,0.006764095916878432,4.9780230568785555e-06,29.317470881240293
radial,3,3.3514457754790783,0.02160000056028366,0.024130409583449364,304.7117614746094,9.715280904210033e-07,0.22740205936133862,0.0008660105922899675,0.00674816156970337,4.948189651798884e-06,29.31330998080342
radial,3,3.3806124702095985,0.02160000056028366,0.02434040978550911,304.4721221923828,9.660087944007856e-07,0.2274235486984253,0.0008456095656583784,0.006732310925144702,4.917699817141852e-06,29.30879741234592
radial,3,3.41006089001894,0.02160000056028366,0.024552438408136368,304.2373580932617,9.604083643921513e-07,0.22744588181376457,0.0008253585147031117,0.006716579955536872,4.88662134401352e-06,29.303613667618535
radial,3,3.4397938806149697,0.02160000056028366,0.02476651594042778,304.0078926086426,9.547373074902943e-07,0.22746899165213108,0.000805273734840739,0.0067009792546741664,4.8550189717389e-06,29.29756971887763
radial,3,3.469814029004839,0.02160000056028366,0.02498266100883484,303.7840805053711,9.490171383186308e-07,0.22749268263578415,0.0007853673532736138,0.006685516447760165,4.822968504569758e-06,29.29046681056572
radial,3,3.5001239221956997,0.02160000056028366,0.025200892239809036,303.5664863586426,9.432856578339699e-07,0.22751654870808125,0.0007656631278223358,0.006670207716524601,4.790600545589996e-06,29.282055470863597
radial,3,3.5307269232968492,0.02160000056028366,0.025421233847737312,303.3559455871582,9.37603253814423e-07,0.22754001431167126,0.0007462036819561035,0.006655081524513662,4.7581015625297596e-06,29.271947649316115
radial,3,3.5616253606147237,0.02160000056028366,0.02564370259642601,303.153263092041,9.320006802149283e-07,0.22756268829107285,0.0007270245359904948,0.0066401633084751666,4.72561240005831e-06,29.259817256197593
radial,3,3.5928220798571906,0.02160000056028366,0.02586831897497177,302.95888900756836,9.264202541076072e-07,0.22758494690060616,0.0007081136145643541,0.006625454290769994,4.6930485373408715e-06,29.245416038102693
radial,3,3.624320444133547,0.02160000056028366,0.026095107197761536,302.7731590270996,9.207906182390202e-07,0.22760775312781334,0.0006894396256029722,0.006610949523746967,4.660146726287451e-06,29.228554507859783
radial,3,3.656122781750229,0.02160000056028366,0.026324084028601646,302.5981750488281,9.150944202812594e-07,0.2276315540075302,0.0006711708037983044,0.0065967870759777725,4.626849928968113e-06,29.208351277374508
radial,3,3.688232455816534,0.02160000056028366,0.026555273681879044,302.44053649902344,9.093759499034793e-07,0.22765525057911873,0.0006541883258250891,0.0065836451831273735,4.5938769803743895e-06,29.182123737399372
radial,3,3.720652570741044,0.02160000056028366,0.026788698509335518,302.30923080444336,9.037182435306379e-07,0.22767631709575653,0.000640066199366629,0.006572759186383337,4.56268980064678e-06,29.146303112479554
radial,3,3.7533854548301964,0.02160000056028366,0.027024375274777412,302.20586013793945,8.98205006233388e-07,0.22769350931048393,0.0006295420638480209,0.006564738054294139,4.533974090337178e-06,29.100084699533063
radial,3,3.7864347298940024,0.02160000056028366,0.027262330055236816,302.12267684936523,8.928159345410192e-07,0.2277076318860054,0.0006217205585130614,0.006558897206559777,4.506960673056337e-06,29.046286370223665
radial,3,3.8198029829396143,0.02160000056028366,0.027502581477165222,302.0522117614746,8.875796445239822e-07,0.22771820425987244,0.0006154697258011765,0.006554257124662399,4.481210878520131e-06,28.987342690159796
radial,3,3.8534938357770443,0.02160000056028366,0.02774515561759472,301.99160385131836,8.825949156808554e-07,0.2277232687920332,0.0006102478225704644,0.006550309655722231,4.45719375617796e-06,28.92407432588375
radial,3,3.8875101341141596,0.02160000056028366,0.027990072965621948,301.9397850036621,8.778282304380749e-07,0.2277229242026806,0.0006058266874389151,0.006546883552800864,4.435216654623259e-06,28.857965731350795
radial,3,3.921854723658827,0.02160000056028366,0.02823735401034355,301.89573669433594,8.73313851409937e-07,0.2277190089225769,0.0006021406355204428,0.006543935101944953,4.415118266976091e-06,28.790947292821414
radial,3,3.956530967520343,0.02160000056028366,0.02848702296614647,301.8580207824707,8.689765882395255e-07,0.22771300747990608,0.0005991506191533601,0.006541448936332017,4.39644804222742e-06,28.72294339373394
radial,3,3.991542746209436,0.02160000056028366,0.02873910777270794,301.8245086669922,8.645852445022562e-07,0.22770568542182446,0.000596735502057488,0.006539347756188363,4.378511455257908e-06,28.65256984807735
radial,3,4.026892388032542,0.02160000056028366,0.028993625193834305,301.79295349121094,8.599975769192551e-07,0.22769762575626373,0.0005947199831644224,0.006537493783980608,4.360101447645686e-06,28.578472936871385
radial,3,4.062583256098959,0.02160000056028366,0.029250599443912506,301.7620162963867,8.551879805187203e-07,0.22768918797373772,0.0005929574808394879,0.006535771710332483,4.340592390746365e-06,28.500935847320275
radial,3,4.09861948962013,0.02160000056028366,0.02951006032526493,301.73204803466797,8.503554567511426e-07,0.22768032737076283,0.0005913204701223576,0.006534144398756325,4.320872614338788e-06,28.423320331783824
radial,3,4.13500341690249,0.02160000056028366,0.029772024601697922,301.7037544250488,8.457107040414767e-07,0.22767083905637264,0.000589755435120887,0.0065326085314154625,4.3018835201056095e-06,28.348808631053693
radial,3,4.171738918456766,0.02160000056028366,0.030036520212888718,301.67638778686523,8.41162995301981e-07,0.22766101360321045,0.0005882331517255171,0.0065311233047395945,4.2832387713390724e-06,28.27612639121701
radial,3,4.208829357392259,0.02160000056028366,0.03030357137322426,301.64830017089844,8.364353892953838e-07,0.22765133902430534,0.0005866731639154315,0.006529620091896504,4.26373109137132e-06,28.20129430542801
radial,3,4.246277838117547,0.02160000056028366,0.030573200434446335,301.6183662414551,8.313241462859822e-07,0.22764215432107449,0.0005850163911951554,0.006528052152134478,4.242479756350507e-06,28.12148502954403
radial,3,4.284087982442644,0.02160000056028366,0.030845433473587036,301.5872459411621,8.259393042891087e-07,0.22763332724571228,0.0005832936376282726,0.0065264395088888705,4.219985425854211e-06,28.038490775197424
radial,3,4.322263412177563,0.02160000056028366,0.03112029656767845,301.55703353881836,8.206707481504193e-07,0.2276241071522236,0.0005816174161316223,0.006524857541080564,4.1979877089496546e-06,27.957910142152024
radial,3,4.360807749132316,0.02160000056028366,0.03139781579375267,301.5281982421875,8.156363031042473e-07,0.22761440463364124,0.0005800207829158858,0.006523330870550126,4.177016085390896e-06,27.880984535232813
radial,3,4.399724097715484,0.02160000056028366,0.03167801350355148,301.4986686706543,8.104954667190382e-07,0.22760522365570068,0.0005783992682178458,0.0065217960509471595,4.15557075640946e-06,27.802268206384774
radial,3,4.439016597138511,0.02160000056028366,0.03196091949939728,301.4662170410156,8.048500039886295e-07,0.22759741730988026,0.0005766324402200627,0.00652017310494557,4.131904601640552e-06,27.715843923729267
radial,3,4.478688869211409,0.02160000056028366,0.032246559858322144,301.42996978759766,7.985111293682036e-07,0.22759148105978966,0.000574660959662358,0.006518424837850034,4.105200428638306e-06,27.61938890996653
radial,3,4.51874401834276,0.02160000056028366,0.03253495693206787,301.3922309875488,7.91817918420544e-07,0.2275863904505968,0.0005725929761988614,0.006516617373563349,4.076985732440319e-06,27.518987649432844
radial,3,4.559186183744007,0.02160000056028366,0.03282614052295685,301.35683822631836,7.854102351487569e-07,0.2275797501206398,0.0005706406183524305,0.006514869863167405,4.050136175389428e-06,27.42482803318568
radial,3,4.600018987225162,0.02160000056028366,0.033120136708021164,301.3242530822754,7.79396582110228e-07,0.22757097333669662,0.0005688490893024407,0.006513205356895924,4.025140820180389e-06,27.338096687242466
radial,3,4.641246050596237,0.02160000056028366,0.03341697156429291,301.29346084594727,7.735806981176721e-07,0.2275606393814087,0.0005671679665332774,0.006511594518087804,4.001021795978361e-06,27.256120463173872
radial,3,4.682871513068676,0.02160000056028366,0.03371667489409447,301.2650604248047,7.680120361066238e-07,0.2275492548942566,0.0005656179647076575,0.006510061561129987,3.977798851089676e-06,27.180449321918797
radial,3,4.724898996452491,0.02160000056028366,0.03401927277445793,301.2387237548828,7.627050963278155e-07,0.22753809206187725,0.0005641905197485702,0.006508625519927591,3.9554234333680825e-06,27.11024989065969
radial,3,4.767332639959124,0.02160000056028366,0.03432479500770569,301.213809967041,7.576004888667703e-07,0.2275269702076912,0.0005628587331494582,0.006507262645754963,3.9337373652083346e-06,27.04379198344581
radial,3,4.810176065398587,0.02160000056028366,0.03463326767086983,301.19071197509766,7.527018097010228e-07,0.22751421108841896,0.0005616295933964425,0.006505944591481239,3.912944654910466e-06,26.982103606150073
radial,3,4.853433411982325,0.02160000056028366,0.034944720566272736,301.16943359375,7.479750858309914e-07,0.22749987617135048,0.0005604873376918627,0.006504662160295993,3.892946622616866e-06,26.92521793325605
radial,3,4.897108301520348,0.02160000056028366,0.0352591797709465,301.1491928100586,7.433517781491385e-07,0.22748621739447117,0.000559384540746971,0.006503428157884628,3.873295540722305e-06,26.87097366200252
radial,3,4.94120539062553,0.02160000056028366,0.035576678812503815,301.12886810302734,7.387542761100717e-07,0.22747540101408958,0.0005582719102508544,0.006502253003418446,3.853492176668056e-06,26.8163573814302
radial,3,4.9857283011078835,0.02160000056028366,0.03589724376797676,301.1081428527832,7.341551991590697e-07,0.22746744193136692,0.0005571415480803584,0.006501133553683758,3.833452398825006e-06,26.760335285789083
radial,3,5.030681172178851,0.02160000056028366,0.03622090443968773,301.0874214172363,7.295615108368229e-07,0.22746092453598976,0.0005560099380164993,0.0065000601462088525,3.8133819557981253e-06,26.70355041099551
radial,3,5.076068660451306,0.02160000056028366,0.036547694355249405,301.0674514770508,7.251087252475245e-07,0.22745386511087418,0.0005549355396386046,0.006499028124380857,3.7939239840892828e-06,26.646827560334707
radial,3,5.121893870333831,0.02160000056028366,0.03687763586640358,301.05001068115234,7.210689596043524e-07,0.22744323126971722,0.0005540670598569769,0.006498065835330635,3.7763500230274617e-06,26.590938062756106
radial,3,5.168162493242158,0.02160000056028366,0.037210769951343536,301.03936767578125,7.179471814255683e-07,0.22742311097681522,0.0005537112700911838,0.006497302383650094,3.7637191206450757e-06,26.53488353566715
radial,3,5.21487763358487,0.02160000056028366,0.037547118961811066,301.0485420227051,7.173751424691537e-07,0.22737611271440983,0.00055481267281129,0.006497160356957465,3.765923495214628e-06,26.47311658404985
radial,3,5.262043947974841,0.02160000056028366,0.037886716425418854,301.1183624267578,7.243267301094792e-07,0.22724747098982334,0.0005603028665340804,0.006498870789073408,3.812876774955705e-06,26.39064516757146
radial,3,5.309666093024942,0.02160000056028366,0.03822959586977959,301.3525733947754,7.504674635349192e-07,0.22690565511584282,0.0005771158803228692,0.006505290337372571,3.975208662442761e-06,26.261272386679295
radial,3,5.357748207946618,0.02160000056028366,0.03857578709721565,301.87822341918945,8.071208523668933e-07,0.2262200489640236,0.0006120635961341201,0.006519207032397389,4.322580587478813e-06,26.098888733231483
radial,3,5.406294431951311,0.02160000056028366,0.03892531991004944,302.60760498046875,8.801083670412046e-07,0.22534643299877644,0.0006567887728170644,0.006537113280501217,4.769970653835657e-06,26.023425827923635
radial,3,5.455309939053324,0.02160000056028366,0.03927823156118393,303.32391357421875,9.461590024943577e-07,0.22454644367098808,0.000697303872403982,0.006553103739861399,5.174256162673093e-06,26.08920007138922
radial,3,5.504798868464099,0.02160000056028366,0.03963455185294151,303.9079132080078,9.987850518851636e-07,0.2238966953009367,0.0007292318313386213,0.006565087416674942,5.489220802011289e-06,26.216910430971794
radial,3,5.554765876796511,0.02160000056028366,0.039994314312934875,304.2938804626465,1.0386918202921064e-06,0.22339445538818836,0.0007519022100456952,0.006572107784450054,5.704741216954134e-06,26.26461075195899
radial,3,5.605215103262001,0.02160000056028366,0.040357548743486404,304.6647605895996,1.0877815900133335e-06,0.22279194183647633,0.0007766708646327666,0.006577552296221256,5.931866549328827e-06,26.191197839003216
radial,3,5.656152239276303,0.02160000056028366,0.04072429612278938,305.30906677246094,1.173757099585199e-06,0.22177374735474586,0.000818364587567035,0.006586103583686054,6.3170775805537415e-06,26.056813786318685
radial,3,5.707580906649431,0.02160000056028366,0.0410945825278759,306.27684783935547,1.2955338768930321e-06,0.220354825258255,0.0008765684350952752,0.0065977314952760935,6.85756923797566e-06,25.961757923123354
radial,3,5.759506796797117,0.02160000056028366,0.04146844893693924,307.38695526123047,1.4257806777719791e-06,0.2188460659235716,0.0009383640038171703,0.0066098811803385615,7.433724838839142e-06,26.07795360946699
radial,3,5.811934048930804,0.02160000056028366,0.04184592515230179,308.3756637573242,1.5347990496835424e-06,0.2175818718969822,0.0009898230981785537,0.00661977578420192,7.914638940724111e-06,26.393103576425958
radial,3,5.864867837064796,0.02160000056028366,0.04222704842686653,309.04870223999023,1.6060662485196515e-06,0.2167450338602066,0.0010233090011554625,0.006625810288824141,8.226358149950786e-06,26.718603678768677
radial,3,5.918312817811966,0.02160000056028366,0.042611852288246155,309.3838768005371,1.6414584562061207e-06,0.2163103073835373,0.0010397870324852477,0.006628276198171079,8.37851516241057e-06,26.907690037530514
radial,3,5.972273647785187,0.02160000056028366,0.043000370264053345,309.55655670166016,1.6618971826908836e-06,0.21604472398757935,0.0010486446343241562,0.006629042036365718,8.463337304428504e-06,27.003180626797903
radial,3,6.026756535801622,0.02160000056028366,0.04339264705777168,309.73389053344727,1.6853530457814944e-06,0.21575314737856388,0.0010577026674821737,0.006629572540987283,8.55863892289769e-06,27.109371513872848
radial,3,6.081765103671286,0.02160000056028366,0.04378870874643326,309.9551124572754,1.7141273180234141e-06,0.21540986746549606,0.0010682455268146121,0.0066301863407716155,8.675099342452681e-06,27.25932148888034
radial,3,6.137305042809911,0.02160000056028366,0.044188596308231354,310.1864929199219,1.7422984703838855e-06,0.21507224440574646,0.0010784820837895959,0.006630719231907278,8.789051739904426e-06,27.42975775321065
radial,3,6.193381527231799,0.02160000056028366,0.044592346996068954,310.3992233276367,1.7665329838667e-06,0.21477153338491917,0.0010874012823754073,0.006631074124015868,8.887207300593917e-06,27.594127549951338
radial,3,6.250000248352687,0.02160000056028366,0.04500000178813934,310.54805755615234,1.7823893165873749e-06,0.21455244347453117,0.0010935234293184093,0.006631092517636716,8.951385599915699e-06,27.70770952028988
radial,3,6.2828117774592505,0.02160000056028366,0.045236244797706604,310.58923721313477,1.786183759557185e-06,0.2144776936620474,0.0010952538875792907,0.006630886637140065,8.966558192268639e-06,27.73342972222629
radial,3,6.318450905382633,0.02160000056028366,0.04549284651875496,310.6145439147949,1.7881776524384386e-06,0.2144145630300045,0.0010964037834062335,0.006630564690567553,8.97429677228096e-06,27.743478809502136
radial,3,6.357160810795095,0.02160000056028366,0.045771557837724686,310.63643646240234,1.7899321269026274e-06,0.21434704400599003,0.001097491133580178,0.006630177260376513,8.980913659054465e-06,27.749266919732822
radial,3,6.3992064032289715,0.02160000056028366,0.046074286103248596,310.6616325378418,1.7923403304402472e-06,0.21426569484174252,0.0010987988290430933,0.006629747687838972,8.990001073496872e-06,27.757427733770403
radial,3,6.444874840478103,0.02160000056028366,0.04640309885144234,310.6957817077637,1.796072775823939e-06,0.21416236646473408,0.0011005441392154171,0.006629292794968933,9.004284486943177e-06,27.773605825043624
radial,3,6.494478633006414,0.02160000056028366,0.04676024615764618,310.73940658569336,1.8009493206672961e-06,0.2140373643487692,0.0011026833310775839,0.006628807284869254,9.023107671430531e-06,27.79834610569904
radial,3,6.54835667875078,0.02160000056028366,0.047148168087005615,310.7937774658203,1.8070132712821816e-06,0.21388951502740383,0.001105231510916818,0.0066282907500863075,9.046618445418506e-06,27.83272917893435
radial,3,6.606877367529604,0.02160000056028366,0.04756951704621315,310.8515968322754,1.8131532149682304e-06,0.2137337364256382,0.0011078666654915463,0.006627717288210988,9.07015118962101e-06,27.869148159781478
radial,3,6.670440650648541,0.02160000056028366,0.048027172684669495,310.89154052734375,1.8162853449835332e-06,0.2136065736413002,0.0011097052678312011,0.006627013324759901,9.081158431019372e-06,27.88557987129157
radial,3,6.739481145309077,0.02160000056028366,0.04852426424622536,310.91471099853516,1.8168541683518322e-06,0.2135012000799179,0.0011108946030510436,0.0066261698375456035,9.081018908510293e-06,27.883356003154034
radial,3,6.814469686812825,0.02160000056028366,0.04906418174505234,310.9381675720215,1.8174581657619982e-06,0.21338294446468353,0.001112193466282442,0.0066252287942916155,9.080030086802273e-06,27.881275709238956
radial,3,6.895921606984404,0.02160000056028366,0.049650635570287704,310.9653015136719,1.8184779549999579e-06,0.21324529498815536,0.001113699304373696,0.006624185247346759,9.080072471366278e-06,27.883655750348897
radial,3,6.98439104275571,0.02160000056028366,0.05028761550784111,310.9892883300781,1.818729461545042e-06,0.21310753747820854,0.0011150645714350365,0.006622982677072287,9.077222338914738e-06,27.881710477237874
radial,3,7.080483871201674,0.02160000056028366,0.050979483872652054,311.0086135864258,1.8178400343998135e-06,0.21297242306172848,0.0011162446972249156,0.006621599895879626,9.07075846233885e-06,27.87239164750442
radial,3,7.184856674737401,0.02160000056028366,0.05173096805810928,311.03177642822266,1.817114884584069e-06,0.21281328238546848,0.0011176259117991914,0.006620155822020024,9.06580216162609e-06,27.867009741604434
radial,3,7.2982234673367605,0.02160000056028366,0.052547208964824677,311.05284881591797,1.8159287979152848e-06,0.21264883689582348,0.0011188269266702335,0.006618762854486704,9.059148764117806e-06,27.862724902862666
radial,3,7.421358281539546,0.02160000056028366,0.05343377962708473,311.0589790344238,1.8125491275499563e-06,0.21252458542585373,0.0011192252219874765,0.0066173518425785005,9.043031113874924e-06,27.844516345474613
radial,3,7.5551039642757845,0.02160000056028366,0.054396748542785645,311.0576171875,1.807792015126532e-06,0.21242115274071693,0.001119242085993791,0.0066158565459772944,9.021029559547407e-06,27.817608764167517
radial,3,7.700374246471458,0.02160000056028366,0.0554426945745945,311.06300354003906,1.803496522494336e-06,0.21229006722569466,0.0011195921495875507,0.0066143288859166205,9.001220588641114e-06,27.797637588669815
radial,3,7.8581620214713945,0.02160000056028366,0.05657876655459404,311.0787353515625,1.8002823143949303e-06,0.21211565658450127,0.0011205395064421055,0.00661274412414059,8.9854774556872e-06,27.78579167986198
radial,3,8.029546071257856,0.02160000056028366,0.057812731713056564,311.1170654296875,1.800082981410376e-06,0.21186037734150887,0.0011234882181675983,0.006610426295083016,8.973845824003282e-06,27.754294249310203
radial,3,8.215697792669138,0.02160000056028366,0.05915302410721779,311.3371467590332,1.8214746476018183e-06,0.21109419874846935,0.0011397520903060738,0.006603316403925419,8.99471581665211e-06,27.57290543807715
radial,3,8.417889993223879,0.02160000056028366,0.06060880795121193,311.8887596130371,1.8748116000946424e-06,0.2095679547637701,0.0011753422803626843,0.006589331140276045,9.066707786726991e-06,27.19499326694759
radial,3,8.637504652142525,0.02160000056028366,0.06219003349542618,312.36437225341797,1.9146714249704043e-06,0.20832794532179832,0.0012033935051618456,0.006577211664989591,9.113013423384843e-06,26.919223138674244
radial,3,8.876043268375927,0.02160000056028366,0.06390751153230667,312.5508232116699,1.9235650450161815e-06,0.2077471688389778,0.0012139189653823203,0.006569433258846402,9.104683378982386e-06,26.793537728094144
radial,3,9.135136173831093,0.02160000056028366,0.06577298045158386,312.72564697265625,1.9294241938682982e-06,0.20713236555457115,0.0012236198523352382,0.006559363624546677,9.091702182556849e-06,26.683152278298927
radial,3,9.416554951005512,0.02160000056028366,0.06779919564723969,312.8350296020508,1.9286031960129217e-06,0.2066807523369789,0.0012294972598283457,0.006550975085701793,9.065287282988258e-06,26.595792609826393
radial,3,9.722222263614336,0.02160000056028366,0.07000000029802322,312.8630485534668,1.920850971520308e-06,0.20640718564391136,0.0012307966071746564,0.006544657226186246,9.02321729916558e-06,26.527101714646573
radial,3,9.902213803595966,0.02160000056028366,0.07129593938589096,312.8726692199707,1.9160910181458807e-06,0.20625796169042587,0.0012312020984721567,0.006541086593642831,8.998593138831351e-06,26.490694396094145
radial,3,10.089199576112959,0.02160000056028366,0.0726422369480133,312.86781311035156,1.9100383117831964e-06,0.20616547018289566,0.0012309110833080429,0.006538606539834291,8.971326798471232e-06,26.456775657593564
radial,3,10.283450699514812,0.02160000056028366,0.07404084503650665,312.8603324890137,1.9035672014333266e-06,0.2060735896229744,0.001230494934150313,0.006536101631354541,8.942479363247008e-06,26.421721987754005
radial,3,10.485249674982494,0.02160000056028366,0.07549379765987396,312.8528861999512,1.896987092361196e-06,0.20597831532359123,0.0012301015404901144,0.006533589330501854,8.913047121545487e-06,26.386072251096156
radial,3,10.694890386528439,0.02160000056028366,0.07700321078300476,312.8427200317383,1.8900166841808539e-06,0.20589443109929562,0.001229587021678042,0.006531292456202209,8.882665288521976e-06,26.350486286508758
radial,3,10.912676031390827,0.02160000056028366,0.07857126742601395,312.8300590515137,1.8826707116380893e-06,0.205825200304389,0.0012289516677986122,0.006529284990392625,8.851486416679437e-06,26.31528684718981
radial,3,11.138925328850746,0.02160000056028366,0.08020026236772537,312.81639099121094,1.8751029320233426e-06,0.20576290786266327,0.0012282653031705415,0.006527453428134322,8.819934190091364e-06,26.280683325759977
radial,3,11.373966311415037,0.02160000056028366,0.08189255744218826,312.80263900756836,1.8673639420169508e-06,0.20569797791540623,0.0012275699859333224,0.006525577686261386,8.787923528377998e-06,26.246308132507284
radial,3,11.618139429224863,0.02160000056028366,0.083650603890419,312.7929916381836,1.8597448500233282e-06,0.20562033541500568,0.0012270826645339535,0.006523715506773442,8.757188221080975e-06,26.21474751540104
radial,3,11.871800654464298,0.02160000056028366,0.08547696471214294,312.7915153503418,1.8525315667692313e-06,0.20551728829741478,0.0012270053982423325,0.006521823816001415,8.729283355890527e-06,26.188052539607806
radial,3,12.135318376951748,0.02160000056028366,0.08737429231405258,312.78901290893555,1.8451301540408349e-06,0.20542069524526596,0.001226877201971854,0.006520005234051496,8.700931905857959e-06,26.161317937850626
radial,3,12.409076508548525,0.02160000056028366,0.08934535086154938,312.7794418334961,1.8372264097922862e-06,0.2053528968244791,0.0012263975431890891,0.006518370588310063,8.670196279131562e-06,26.131417516764134
radial,3,12.69347034394741,0.02160000056028366,0.09139298647642136,312.7657775878906,1.8290156025844072e-06,0.205301895737648,0.0012257148806749142,0.006516845489386469,8.638069307713808e-06,26.099859313264812
radial,3,12.988915873898401,0.02160000056028366,0.09352019429206848,312.74974822998047,1.8205857925792927e-06,0.20526100881397724,0.0012249151380401653,0.006515395711176097,8.605074969261112e-06,26.06756210917402
radial,3,13.295840471982956,0.02160000056028366,0.09573005139827728,312.73329162597656,1.8120933571320994e-06,0.20522300153970718,0.0012240931831876056,0.006513969448860735,8.57187892425803e-06,26.03528249488029
radial,3,13.614693242642614,0.02160000056028366,0.09802579134702682,312.7164192199707,1.8035316958838298e-06,0.20518776588141918,0.0012232504038658804,0.006512572872452438,8.538512209078495e-06,26.00315669644954
radial,3,13.945934673150381,0.02160000056028366,0.10041072964668274,312.69921112060547,1.7949191988513646e-06,0.2051548045128584,0.0012223903050695981,0.0065111988806165755,8.505024551145716e-06,25.971209246504955
radial,3,14.290046981639332,0.02160000056028366,0.10288833826780319,312.6819076538086,1.7863018632545663e-06,0.20512318052351475,0.0012215246327311772,0.006509837752673775,8.471547041127829e-06,25.93945326238891
radial,3,14.647531012694042,0.02160000056028366,0.1054622232913971,312.66454315185547,1.7776970539813929e-06,0.2050929218530655,0.0012206545369208236,0.006508491875138134,8.438139531418501e-06,25.907938100076105
radial,3,15.01890520254771,0.02160000056028366,0.1081361174583435,312.647216796875,1.7691313023816595e-06,0.20506366901099682,0.0012197865056718321,0.006507159618195146,8.40489645740253e-06,25.876744194823615
radial,3,15.404710753096476,0.02160000056028366,0.11091391742229462,312.62997817993164,1.7606236588050792e-06,0.20503557287156582,0.0012189219788209305,0.00650584721006453,8.371893783581507e-06,25.845974403094857
radial,3,15.805506457885107,0.02160000056028366,0.11379964649677277,312.6128692626953,1.752176264945317e-06,0.20500847324728966,0.0012180628838812844,0.006504552962724119,8.339141862450934e-06,25.81565359143235
radial,3,16.221876980529892,0.02160000056028366,0.11679751425981522,312.59588623046875,1.7437851669906405e-06,0.2049821075052023,0.0012172098026217329,0.006503272452391684,8.306631831616872e-06,25.785725418859784
radial,3,16.654425611098606,0.02160000056028366,0.11991186439990997,312.57902908325195,1.7354649149269744e-06,0.20495663210749626,0.0012163630353056287,0.006502009928226471,8.274405815478438e-06,25.75625952308401
radial,3,17.103782544533413,0.02160000056028366,0.12314723432064056,312.5623321533203,1.7272352026685391e-06,0.20493213646113873,0.0012155246500155194,0.006500769581180066,8.242527283581052e-06,25.72734514804735
radial,3,17.570598671833675,0.02160000056028366,0.12650831043720245,312.5456962585449,1.7190079963035366e-06,0.20490842685103416,0.0012146888549816528,0.006499542156234384,8.210662558490164e-06,25.698779965746294
radial,3,18.055554893281727,0.02160000056028366,0.12999999523162842,312.52959060668945,1.7110151276677675e-06,0.20488615334033966,0.0012138837963333283,0.006498364498838782,8.179602346509765e-06,25.67130594308826
radial,3,18.3384513689412,0.02160000056028366,0.13203684985637665,312.5208435058594,1.7067465769042785e-06,0.2048746421933174,0.001213448522425548,0.006497735797893256,8.162920249492922e-06,25.6565605102059
radial,3,18.62622383568022,0.02160000056028366,0.13410881161689758,312.51182556152344,1.7024926504486797e-06,0.2048636768013239,0.0012129985430454644,0.006497103837318718,8.146266775930658e-06,25.64165560335052
radial,3,18.918953008121914,0.02160000056028366,0.13621646165847778,312.5024299621582,1.6981918268885646e-06,0.2048530261963606,0.0012125296060723782,0.006496459827758372,8.12938693781892e-06,25.62633074919538
radial,3,19.21672580970658,0.02160000056028366,0.1383604258298874,312.4929542541504,1.6939891216149417e-06,0.2048429325222969,0.0012120587181183814,0.006495823559816927,8.112792931310651e-06,25.611058852824122
radial,3,19.519631233480244,0.02160000056028366,0.14054134488105774,312.48337173461914,1.6898567634211377e-06,0.20483344048261642,0.0012115834895586861,0.006495194335002452,8.096406768723466e-06,25.59583411762861
radial,3,19.82775413327747,0.02160000056028366,0.14275982975959778,312.4736442565918,1.6857593210315293e-06,0.20482449792325497,0.0012111010544493999,0.006494569475762546,8.080131300375131e-06,25.580655320087605
radial,3,20.141185571750004,0.02160000056028366,0.14501653611660004,312.4637565612793,1.6817181562104095e-06,0.20481612160801888,0.0012106126184969238,0.006493950786534697,8.064025005434473e-06,25.565560765270536
radial,3,20.46001868115531,0.02160000056028366,0.14731213450431824,312.4537696838379,1.6777726442912029e-06,0.20480846799910069,0.0012101202941303658,0.0064933435642160475,8.048192114184764e-06,25.55060825307668
radial,3,20.784344524145126,0.02160000056028366,0.1496472805738449,312.44371032714844,1.6739323716533292e-06,0.2048016209155321,0.0012096255484807187,0.006492751475889236,8.032667705276994e-06,25.535868414363815
radial,3,21.114258302582634,0.02160000056028366,0.15202265977859497,312.4334945678711,1.670161881707938e-06,0.20479555428028107,0.0012091247603299817,0.006492170854471624,8.01735799621728e-06,25.52129518747651
radial,3,21.44985935754246,0.02160000056028366,0.15443898737430573,312.423095703125,1.666443705982899e-06,0.20479028671979904,0.001208615202787877,0.006491599779110402,8.002215333914256e-06,25.506868753565836
radial,3,21.79124082128207,0.02160000056028366,0.1568969339132309,312.41255950927734,1.6627995574046382e-06,0.20478576980531216,0.0012081001222204242,0.006491040461696684,7.987310385032065e-06,25.49263740173337
radial,3,22.138504104481804,0.02160000056028366,0.15939722955226898,312.40198135375977,1.659240512902975e-06,0.2047818209975958,0.001207583891325893,0.0064904927858151495,7.972693552699996e-06,25.478681594163668
radial,3,22.491750617822014,0.02160000056028366,0.16194060444831848,312.39138412475586,1.6557505758382071e-06,0.20477824471890926,0.0012070658414962791,0.006489952036645263,7.958318720121815e-06,25.46505458335257
radial,3,22.851083841588764,0.02160000056028366,0.1645278036594391,312.38064193725586,1.6523279851703176e-06,0.20477518253028393,0.0012065423070357804,0.006489418621640652,7.944170007197323e-06,25.451717884091735
radial,3,23.216609325673847,0.02160000056028366,0.16715958714485168,312.36976623535156,1.6489930814012535e-06,0.20477301441133022,0.0012060127966350182,0.006488900224212557,7.93031902352558e-06,25.43864834614442
radial,3,23.58843261996905,0.02160000056028366,0.16983671486377716,312.35883712768555,1.6457625788327985e-06,0.20477186515927315,0.0012054809758190702,0.00648840272333473,7.916846093723102e-06,25.4259203655185
radial,3,23.96666134397189,0.02160000056028366,0.1725599616765976,312.3479194641113,1.6426486622288317e-06,0.20477151684463024,0.00120495152630621,0.0064879259443841875,7.90381190282982e-06,25.413569232650683
radial,3,24.351409325997036,0.02160000056028366,0.17533014714717865,312.3371047973633,1.6396456228611208e-06,0.20477149821817875,0.0012044266375823742,0.00648746220394969,7.891196957716463e-06,25.401721109751065
radial,3,24.742784185542,0.02160000056028366,0.1781480461359024,312.32640075683594,1.6367354487106621e-06,0.20477104745805264,0.0012039077240270125,0.006486995727755129,7.87893804999127e-06,25.3904066506268
radial,3,25.140903890132904,0.02160000056028366,0.1810145080089569,312.31576919555664,1.6339363470647501e-06,0.20477107912302017,0.0012033920360418962,0.006486544327344745,7.867109235408172e-06,25.379660355075973
radial,3,25.545884337690143,0.02160000056028366,0.18393036723136902,312.3051223754883,1.631284729467297e-06,0.2047731652855873,0.0012028768172148965,0.0064861386781558394,7.855863520310878e-06,25.369513582433157
radial,3,25.95784142613411,0.02160000056028366,0.1868964582681656,312.2948303222656,1.62879345770388e-06,0.20477615110576153,0.0012023798123187335,0.006485769234132022,7.845316460375078e-06,25.360255837810683
radial,3,26.37689726220237,0.02160000056028366,0.18991366028785706,312.2850112915039,1.626435246560101e-06,0.20477819070219994,0.0012019044180618904,0.0064853986841626465,7.83535722661316e-06,25.351884830767254
radial,3,26.80317188302676,0.02160000056028366,0.19298283755779266,312.2755546569824,1.6241864033051923e-06,0.20477821677923203,0.0012014451742414767,0.006485000427346677,7.825873402697175e-06,25.34412586345025
radial,3,27.236793604162006,0.02160000056028366,0.19610491394996643,312.2675361633301,1.622148900230913e-06,0.20477445609867573,0.0012010539990688776,0.006484579294919968,7.817436378671716e-06,25.337469795616695
radial,3,27.677884532345665,0.02160000056028366,0.1992807686328888,312.2606544494629,1.6203877632851227e-06,0.2047698199748993,0.0012007199021305645,0.006484187440946698,7.810248604732583e-06,25.33175880395013
radial,3,28.12657712234391,0.02160000056028366,0.20251135528087616,312.25303649902344,1.618807861666554e-06,0.2047671563923359,0.001200346999098269,0.006483795994427055,7.803625487455497e-06,25.325965364210983
radial,3,28.582999689711464,0.02160000056028366,0.20579759776592255,312.2443962097168,1.617322788308884e-06,0.20476043969392776,0.0011999109279079976,0.006483239296358079,7.797280818402308e-06,25.31946738496652
radial,3,29.047286758820217,0.02160000056028366,0.20914046466350555,312.2370910644531,1.6160581263982796e-06,0.2047401163727045,0.0011995151683403562,0.0064823845168575644,7.79220745303333e-06,25.313302959891946
radial,3,29.519574923647774,0.02160000056028366,0.21254093945026398,312.23474884033203,1.6153068740857737e-06,0.20470917038619518,0.0011993579323523156,0.006481492600869387,7.79008124932428e-06,25.30934776723799
radial,3,29.999998708566032,0.02160000056028366,0.21599999070167542,309.6521301269531,1.5233923658423775e-06,0.18033803068101406,0.0009391019338289067,0.005657221481669694,7.003130260526897e-06,24.466172991495284
radial,3,0.0,0.02160000056028366,0.0,325.42124938964844,0.15478206239640713,0.19213796965777874,0.002443397999741137,0.0026673430402297527,0.0005209701703279279,0.34539802775067807
radial,3,0.012820513196250735,0.02160000056028366,9.230769501300529e-05,325.5204963684082,0.15477818995714188,0.1921265460550785,0.0024497712729498744,0.0026743020862340927,0.0005223299885983579,0.3460009454962156
radial,3,0.02564102639250147,0.02160000056028366,0.00018461539002601057,325.8197135925293,0.1547665148973465,0.19209209643304348,0.002468978869728744,0.0026952756161335856,0.0005264282444841228,0.34821637307781916
radial,3,0.038461536557103194,0.02160000056028366,0.000276923063211143,326.3224220275879,0.15474693104624748,0.19203424639999866,0.0025012316182255745,0.0027304936957079917,0.0005333099761628546,0.35269381649216636
radial,3,0.05128205278500294,0.02160000056028366,0.00036923078005202115,327.033935546875,0.1547192521393299,0.19195244647562504,0.002546834875829518,0.0027802896220237017,0.0005430403252830729,0.35953441225159066
radial,3,0.064102564970704,0.02160000056028366,0.0004615384677890688,327.9604606628418,0.15468328446149826,0.1918460614979267,0.002606139547424391,0.0028450468089431524,0.0005556941760005429,0.3684039918096048
radial,3,0.07692307311420639,0.02160000056028366,0.000553846126422286,329.1103096008301,0.1546387653797865,0.19171425327658653,0.0026796143501996994,0.0029252768435981125,0.0005713714053854346,0.3792778342380205
radial,3,0.0897435933843048,0.02160000056028366,0.0006461538723669946,330.4949073791504,0.1545853242278099,0.191555829718709,0.0027679135382641107,0.0030216941668186337,0.0005902115590288304,0.3921168599605881
radial,3,0.10256410557000588,0.02160000056028366,0.0007384615601040423,332.12786865234375,0.15452252514660358,0.19136939570307732,0.002871814154786989,0.003135147358989343,0.0006123803614173084,0.40672700586981925
radial,3,0.11538461775570694,0.02160000056028366,0.00083076924784109,334.0253372192383,0.1544498410075903,0.19115329906344414,0.0029922370449639857,0.003266641579102725,0.0006380740305758081,0.42315826893057396
radial,3,0.128205129941408,0.02160000056028366,0.0009230769355781376,336.2061424255371,0.15436668135225773,0.19090558215975761,0.0031302582065109164,0.003417351865209639,0.0006675219628959894,0.4418747466588734
radial,3,0.14102563404271173,0.02160000056028366,0.0010153845651075244,338.6922264099121,0.154272323474288,0.19062399305403233,0.003287133265985176,0.003588648745790124,0.0007009915861999616,0.4634630893630752
radial,3,0.15384614622841278,0.02160000056028366,0.001107692252844572,341.5092239379883,0.1541659478098154,0.19030589424073696,0.003464329696726054,0.0037821349396836013,0.0007387956793536432,0.4879611307662822
radial,3,0.16666667458290854,0.02160000056028366,0.0012000000569969416,344.6866798400879,0.15404660813510418,0.18994819931685925,0.003663549345219508,0.003999667416792363,0.0007812965413904749,0.5149979556877127
radial,3,0.1794871867686096,0.02160000056028366,0.0012923077447339892,348.2582473754883,0.1539131924510002,0.18954742327332497,0.0038867318944539875,0.004243364033754915,0.0008289072648040019,0.5445419192530271
radial,3,0.19230769895431069,0.02160000056028366,0.001384615432471037,352.26192474365234,0.1537645012140274,0.18909959867596626,0.004136071831453592,0.004515619657468051,0.0008820946968626231,0.5776458744647971
radial,3,0.20512821114001176,0.02160000056028366,0.0014769231202080846,356.74074935913086,0.1535991132259369,0.18860022351145744,0.004414068127516657,0.004819161724299192,0.0009413905063411221,0.6156381405050144
radial,3,0.21794872332571283,0.02160000056028366,0.0015692308079451323,361.74399185180664,0.15341542102396488,0.1880441103130579,0.004723596852272749,0.005157128733117133,0.0010074060992337763,0.6587994841434786
radial,3,0.23076923551141387,0.02160000056028366,0.00166153849568218,367.3278007507324,0.1532115899026394,0.1874253060668707,0.0050679584965109825,0.005533121002372354,0.0010808427905431017,0.706117243214491
radial,3,0.24358974769711494,0.02160000056028366,0.0017538461834192276,373.55519104003906,0.15298552252352238,0.1867370866239071,0.005450883356388658,0.005951208353508264,0.001162492553703487,0.7570437555170894
radial,3,0.256410259882816,0.02160000056028366,0.0018461538711562753,380.4961395263672,0.15273489616811275,0.185971911996603,0.005876550625544041,0.0064159484463743865,0.0012532417895272374,0.8130549068472075
radial,3,0.2692307720685171,0.02160000056028366,0.001938461558893323,388.22873306274414,0.15245709381997585,0.18512128479778767,0.0063496719230897725,0.006932478805538267,0.0013540889194700867,0.8766274951377094
radial,3,0.28205126808542347,0.02160000056028366,0.002030769130215049,396.8408889770508,0.15214910171926022,0.18417551927268505,0.00687562208622694,0.007506658439524472,0.0014661713794339448,0.9484070420419382
radial,3,0.29487179643991923,0.02160000056028366,0.0021230769343674183,406.4312973022461,0.1518075093626976,0.18312355130910873,0.007460527587682009,0.008145163068547845,0.0015907841589068994,1.0263261101455592
radial,3,0.30769229245682556,0.02160000056028366,0.002215384505689144,417.10893630981445,0.1514284871518612,0.18195299059152603,0.008111270260997117,0.00885548919904977,0.00172937881143298,1.1085579305684468
radial,3,0.3205128208113213,0.02160000056028366,0.0023076923098415136,428.99210357666016,0.15100776962935925,0.18065008148550987,0.008835482527501881,0.009645945625379682,0.0018835616938304156,1.1967628382358582
radial,3,0.3333333491658171,0.02160000056028366,0.002400000113993883,442.20912170410156,0.15054065734148026,0.17919953912496567,0.009641647920943797,0.010525761172175407,0.0020551128836814314,1.2949706133312435
radial,3,0.34615384518272346,0.02160000056028366,0.002492307685315609,456.89986419677734,0.15002181939780712,0.1775842383503914,0.010539273847825825,0.011505272355861962,0.0022460210020653903,1.4050707101518543
radial,3,0.3589743735372192,0.02160000056028366,0.0025846154894679785,473.21611404418945,0.14944530837237835,0.17578504607081413,0.011539003462530673,0.012596036423929036,0.0024585028004366904,1.524684105580351
radial,3,0.371794901891715,0.02160000056028366,0.002676923293620348,491.3190155029297,0.1488045658916235,0.17378085851669312,0.012652563746087253,0.013810774544253945,0.002694987109862268,1.6509120688059447
radial,3,0.38461539790862137,0.02160000056028366,0.002769230864942074,511.3754196166992,0.14809245243668556,0.17154890857636929,0.013892646180465817,0.015163226169534028,0.002958082826808095,1.7858235005561884
radial,3,0.39743589392552775,0.02160000056028366,0.0028615384362637997,533.5557022094727,0.14730127714574337,0.16906475089490414,0.01527288812212646,0.016668124590069056,0.0032505652343388647,1.9361109224330688
radial,3,0.4102564222800235,0.02160000056028366,0.002953846240416169,558.0327529907227,0.1464227382093668,0.16630223765969276,0.016807925421744585,0.01834122953005135,0.003575373673811555,2.1077499633497876
radial,3,0.4230769182969299,0.02160000056028366,0.003046153811737895,584.9795150756836,0.14544793963432312,0.16323363967239857,0.01851332513615489,0.02019923715852201,0.003935579763492569,2.303062614139114
radial,3,0.43589744665142566,0.02160000056028366,0.0031384616158902645,614.563232421875,0.1443675309419632,0.1598302274942398,0.020405298098921776,0.022259430959820747,0.004334299417678267,2.5226196074120857
radial,3,0.448717942668332,0.02160000056028366,0.0032307691872119904,646.9389190673828,0.1431719083338976,0.15606305561959743,0.022500291699543595,0.02453919337131083,0.004774571803864092,2.7703144368964625
radial,3,0.46153847102282775,0.02160000056028366,0.00332307699136436,682.2360992431641,0.14185169525444508,0.151904771104455,0.024814069969579577,0.02705494174733758,0.005259114666841924,3.0540947419416877
radial,3,0.4743589670397341,0.02160000056028366,0.0034153845626860857,720.5487899780273,0.14039813913404942,0.147331103682518,0.027360921259969473,0.029821175150573254,0.005790090537630022,3.380768669072115
radial,3,0.4871794953942299,0.02160000056028366,0.003507692366838455,761.9489364624023,0.13880259916186333,0.14231962896883488,0.030154476640745997,0.032851241528987885,0.006369176786392927,3.7487732555793496
radial,3,0.49999999141113627,0.02160000056028366,0.003599999938160181,806.4677429199219,0.13705777004361153,0.13685396686196327,0.033205488696694374,0.03615474747493863,0.006996967538725585,4.1521803911458965
radial,3,0.5115740673823489,0.02160000056028366,0.003683333285152912,849.4822158813477,0.13534337282180786,0.13150256499648094,0.03619800880551338,0.03938796045258641,0.0076071632211096585,4.527898315288579
radial,3,0.5231481433535615,0.02160000056028366,0.0037666666321456432,895.0836334228516,0.13349446468055248,0.12575691379606724,0.03941815160214901,0.04285789933055639,0.008256442379206419,4.864753797681629
radial,3,0.5347222193247743,0.02160000056028366,0.0038499999791383743,943.2091217041016,0.1315076593309641,0.11961820814758539,0.04286874271929264,0.046563361305743456,0.008942021755501628,5.13566877026026
radial,3,0.5415076803829935,0.02160000056028366,0.003898855298757553,973.4907836914062,0.13023997657001019,0.11572279501706362,0.045064718928188086,0.04891365813091397,0.009372085332870483,5.274533001173684
radial,3,0.5483620205066271,0.02160000056028366,0.003948206547647715,1005.8834915161133,0.12886924296617508,0.11153106857091188,0.04743407107889652,0.051441758405417204,0.009829975315369666,5.417154099228097
radial,3,0.5552860804729992,0.02160000056028366,0.003998059779405594,1039.586654663086,0.1274261213839054,0.10714294295758009,0.049922510515898466,0.05408712849020958,0.010303145623765886,5.571435360216336
radial,3,0.5622805717090765,0.02160000056028366,0.004048420116305351,1074.608657836914,0.12590822391211987,0.10255778953433037,0.052532917354255915,0.05684983218088746,0.01078978821169585,5.73987288225477
radial,3,0.5693460762914684,0.02160000056028366,0.0040992917492985725,1111.0111846923828,0.124310202896595,0.09776732418686152,0.05527322506532073,0.059734450187534094,0.011288390145637095,5.921827590979548
radial,3,0.576483434997499,0.02160000056028366,0.004150680731981993,1148.7713470458984,0.12263006623834372,0.0927751837298274,0.05814550397917628,0.06273825326934457,0.011795474332757294,6.113325940123421
radial,3,0.5836932945789562,0.02160000056028366,0.004202591720968485,1187.8345794677734,0.12086690403521061,0.08759020827710629,0.06115002743899822,0.06585520226508379,0.012306144344620407,6.308595566243687
radial,3,0.5909764958131645,0.02160000056028366,0.004255030769854784,1228.1285552978516,0.11902018450200558,0.08222471736371517,0.06428656354546547,0.06907694227993488,0.012814005254767835,6.499557189300176
radial,3,0.5983336854519116,0.02160000056028366,0.004308002535253763,1269.5523223876953,0.1170901944860816,0.07669627759605646,0.06755383685231209,0.07239166367799044,0.013310644892044365,6.678428622722209
radial,3,0.6057657042725219,0.02160000056028366,0.0043615130707621574,1311.9694519042969,0.11507829744368792,0.07102890592068434,0.07094939053058624,0.07578326109796762,0.013785055954940617,6.839600007729329
radial,3,0.6132731990267833,0.02160000056028366,0.00441556703299284,1355.2025756835938,0.11298710387200117,0.06525421980768442,0.07446971442550421,0.07923050504177809,0.014222930534742773,6.979814465401065
radial,3,0.620857075167199,0.02160000056028366,0.004470170941203833,1398.9822998046875,0.11082307156175375,0.05941909085959196,0.0781064685434103,0.0827022884041071,0.014605346717871726,7.109192942813925
radial,3,0.6285179794455568,0.02160000056028366,0.004525329452008009,1442.7948455810547,0.10860500112175941,0.0536077031865716,0.08183319587260485,0.08614434767514467,0.014906950294971466,7.237415110056849
radial,3,0.6362567526391811,0.02160000056028366,0.004581048619002104,1485.8603973388672,0.10636599455028772,0.047943863086402416,0.08560295682400465,0.08947791066020727,0.01509638992138207,7.351103162486811
radial,3,0.6440741708502173,0.02160000056028366,0.004637334030121565,1527.3287506103516,0.10414345189929008,0.04256164841353893,0.08936613146215677,0.09261710196733475,0.01513854693621397,7.439727949742586
radial,3,0.6519710748559899,0.02160000056028366,0.004694191738963127,1566.4688415527344,0.10196943487972021,0.0375766740180552,0.09307907894253731,0.09548655338585377,0.015002495725639164,7.498265999463594
radial,3,0.6599482407586442,0.02160000056028366,0.004751627333462238,1602.999496459961,0.09985410701483488,0.033034819178283215,0.09670398849993944,0.09806076064705849,0.014692518510855734,7.520945146438633
radial,3,0.6680065093355047,0.02160000056028366,0.004809646867215633,1637.018081665039,0.09778921399265528,0.0289229869376868,0.1002107784152031,0.10035761073231697,0.014241903438232839,7.511275451550631
radial,3,0.6761466566887167,0.02160000056028366,0.00486825592815876,1668.655746459961,0.09576562978327274,0.025221760850399733,0.10357616189867258,0.10239810775965452,0.013681903132237494,7.474767854064964
radial,3,0.6843695235956047,0.02160000056028366,0.004927460569888353,1698.056411743164,0.09377471171319485,0.021908711176365614,0.10678177606314421,0.10420402139425278,0.013041198719292879,7.416060220112989
radial,3,0.6926760155086716,0.02160000056028366,0.0049872673116624355,1725.3704223632812,0.09180866740643978,0.018959425622597337,0.1098138177767396,0.10579720325767994,0.012345615308731794,7.338019137390547
radial,3,0.7010669085300631,0.02160000056028366,0.005047681741416454,1750.7565002441406,0.08986028749495745,0.01634764624759555,0.11266333516687155,0.1071994649246335,0.011617814423516393,7.244120103552953
radial,3,0.7095431081122823,0.02160000056028366,0.005108710378408432,1774.3772735595703,0.08792308811098337,0.014046160271391273,0.11532571911811829,0.10843206103891134,0.010877240216359496,7.139470135858369
radial,3,0.7181054550326533,0.02160000056028366,0.005170359276235104,1796.3945007324219,0.08599140960723162,0.012027693446725607,0.1177999647334218,0.10951523389667273,0.010140230297110975,7.027727767230811
radial,3,0.7267547900685006,0.02160000056028366,0.005232634488493204,1816.966537475586,0.08406037278473377,0.010265492950566113,0.12008810229599476,0.11046797968447208,0.009420185349881649,6.911091120605475
radial,3,0.735492083347506,0.02160000056028366,0.005295543000102043,1836.2453308105469,0.08212584909051657,0.008733890135772526,0.12219451181590557,0.11130781378597021,0.008727848413400352,6.79120226112071
radial,3,0.7443181756469939,0.02160000056028366,0.005359090864658356,1854.3737487792969,0.0801844522356987,0.007408747216686606,0.1241252338513732,0.11205065157264471,0.00807163945864886,6.670445392541544
radial,3,0.7532339724194672,0.02160000056028366,0.005423284601420164,1871.4839172363281,0.07823347579687834,0.006267751276027411,0.12588738463819027,0.11271075159311295,0.00745799858123064,6.552121271240338
radial,3,0.762240443792608,0.02160000056028366,0.005488131195306778,1887.6965026855469,0.07627078518271446,0.00529057061066851,0.1274886690080166,0.11330074910074472,0.006891713885124773,6.439031863628574
radial,3,0.7713383658685619,0.02160000056028366,0.005553636234253645,1903.120132446289,0.07429471146315336,0.004458957177121192,0.12893696874380112,0.11383172310888767,0.0063762429053895175,6.332463159555855
radial,3,0.780528838125368,0.02160000056028366,0.005619807634502649,1917.8505249023438,0.07230403926223516,0.003756804479053244,0.1302399132400751,0.11431324109435081,0.005914021923672408,6.2337774340508005
radial,3,0.7898127660155296,0.02160000056028366,0.005686651915311813,1931.9699096679688,0.07029797323048115,0.0031701328116469085,0.1314045935869217,0.11475345026701689,0.0055067320936359465,6.145353769965914
radial,3,0.7991909256411923,0.02160000056028366,0.005754174664616585,1945.564453125,0.06827601697295904,0.002685494371689856,0.13244093768298626,0.11515920516103506,0.0051532298675738275,6.069315680288205
radial,3,0.8086644164803956,0.02160000056028366,0.005822383798658848,1958.736099243164,0.06623781938105822,0.002288882853463292,0.13336493074893951,0.11553618963807821,0.004847596865147352,6.0076712728270705
radial,3,0.818234273336,0.02160000056028366,0.005891286768019199,1971.5825958251953,0.06418309267610312,0.001967578908079304,0.1341936532407999,0.11588907334953547,0.004582428664434701,5.962610668921685
radial,3,0.8279014016605086,0.02160000056028366,0.005960890091955662,1984.1830749511719,0.06211162358522415,0.0017113587528001517,0.13494082540273666,0.11622162815183401,0.004351795476395637,5.936652172802515
radial,3,0.8376667069064246,0.02160000056028366,0.006031200289726257,1996.599838256836,0.060023377649486065,0.0015121902688406408,0.1356171816587448,0.11653683427721262,0.004151063272729516,5.933873692777068
radial,3,0.8475313532269664,0.02160000056028366,0.0061022257432341576,2008.8795776367188,0.0579184633679688,0.001363973889965564,0.13623079285025597,0.11683696415275335,0.003976743144448847,5.9595927206444586
radial,3,0.857496181399458,0.02160000056028366,0.0061739725060760975,2021.0555419921875,0.05579707492142916,0.001262342993868515,0.13678739219903946,0.11712366435676813,0.0038263674068730325,6.019520960705558
radial,3,0.8675623555771179,0.02160000056028366,0.006246448960155249,2033.1480865478516,0.05365946143865585,0.0012045294424751773,0.13729053363204002,0.11739801615476608,0.0036984120670240372,6.11911429812539
radial,3,0.8777309105628067,0.02160000056028366,0.006319662556052208,2045.1645965576172,0.05150598054751754,0.001189290705951862,0.1377416830509901,0.11766053549945354,0.003592253051465377,6.264433289023755
radial,3,0.8880026871338487,0.02160000056028366,0.00639361934736371,2057.0987548828125,0.04933719942346215,0.0012168879620730877,0.1381402388215065,0.11791118886321783,0.0035081561363767833,6.462581454202731
radial,3,0.8983789787938198,0.02160000056028366,0.006468328647315502,2068.9298400878906,0.04715389059856534,0.001289118081331253,0.13848345167934895,0.11814935132861137,0.0034472947590984404,6.721081915579162
radial,3,0.9088606263200443,0.02160000056028366,0.006543796509504318,2080.621063232422,0.04495703475549817,0.0014094076468609273,0.1387663334608078,0.11837381217628717,0.0034118012408725917,7.046451312095459
radial,3,0.9194488585409191,0.02160000056028366,0.0066200317814946175,2092.118377685547,0.0427478295750916,0.0015829742915229872,0.13898145407438278,0.11858268361538649,0.003404859104193747,7.443795221118409
radial,3,0.9301447102593051,0.02160000056028366,0.006697041913866997,2103.3468017578125,0.04052781919017434,0.0018170539260609075,0.13911855034530163,0.11877330858260393,0.00343083796906285,7.916673051785521
radial,3,0.9409493456284206,0.02160000056028366,0.006774835288524628,2114.208526611328,0.038299039006233215,0.002120994817232713,0.13916468992829323,0.11894214525818825,0.0034951138659380376,8.468751914771504
radial,3,0.9518637347759472,0.02160000056028366,0.00685341889038682,2124.602752685547,0.036064086481928825,0.002504617703380063,0.1391095146536827,0.11908459383994341,0.003600620897486806,9.108577750995028
radial,3,0.9628890418551035,0.02160000056028366,0.006932801101356745,2134.4317932128906,0.03382610436528921,0.0029777921154163778,0.13894692435860634,0.11919485032558441,0.003746637055883184,9.841751831291898
radial,3,0.9740264310191076,0.02160000056028366,0.007012990303337574,2143.581085205078,0.03158884448930621,0.003552230220520869,0.13867069967091084,0.11926571279764175,0.0039314447494689375,10.666898369518428
radial,3,0.9852770664211776,0.02160000056028366,0.007093994878232479,2151.9104614257812,0.029356862884014845,0.004242217924911529,0.13827336207032204,0.1192883625626564,0.004152871028054506,11.580731548797035
radial,3,0.9966419828641746,0.02160000056028366,0.007175822276622057,2159.2501220703125,0.027135754004120827,0.005064926343038678,0.13774625025689602,0.11925210058689117,0.004408056556712836,12.578976660973785
radial,3,1.008122473851674,0.02160000056028366,0.007258481811732054,2165.396697998047,0.024932316271588206,0.00604080012999475,0.13707953691482544,0.1191440150141716,0.004693170543760061,13.655172750966216
radial,3,1.0197196388617158,0.02160000056028366,0.007341981399804354,2170.1083984375,0.02275470271706581,0.007194032950792462,0.13626234605908394,0.11894860863685608,0.005003060097806156,14.800813534948839
radial,3,1.0314346420475178,0.02160000056028366,0.007426329422742128,2173.099822998047,0.020612679421901703,0.008553097140975296,0.13528291881084442,0.11864736303687096,0.0053308006608858705,16.004798282569052
radial,3,1.043268776912656,0.02160000056028366,0.007511535193771124,2174.0358276367188,0.018518017372116446,0.010151273687370121,0.1341288983821869,0.11821819934993982,0.0056671215570531785,17.253695475569298
radial,3,1.0552231429351702,0.02160000056028366,0.0075976066291332245,2172.524688720703,0.016484945081174374,0.012027171207591891,0.1327877789735794,0.11763494554907084,0.0059996924246661365,18.530423091414786
radial,3,1.0672990336186357,0.02160000056028366,0.007684553042054176,2168.1127014160156,0.014530584565363824,0.014225214952602983,0.13124756887555122,0.11686674226075411,0.006312262499704957,19.814983511956832
radial,3,1.0794976777914498,0.02160000056028366,0.007772383280098438,2160.2789611816406,0.012675328995101154,0.016796124167740345,0.12949763610959053,0.11587742902338505,0.006583655427675694,21.084610379591872
radial,3,1.0918203689571884,0.02160000056028366,0.007861106656491756,2148.4336853027344,0.01094312418717891,0.019797323504462838,0.12752982135862112,0.11462493147701025,0.006786616868339479,22.315225267114606
radial,3,1.10426827126907,0.02160000056028366,0.007950731553137302,2131.9237060546875,0.009361738106235862,0.023292788304388523,0.1253399644047022,0.11306090280413628,0.00688654271652922,23.485214799280293
radial,3,1.1168426782306697,0.02160000056028366,0.008041267283260822,2110.100875854492,0.007961067138239741,0.027345929061993957,0.12293037958443165,0.11113477870821953,0.006843100127298385,24.594711144660984
radial,3,1.1295448833455641,0.02160000056028366,0.008132723160088062,2082.9228515625,0.006748833286110312,0.03194609237834811,0.12031207792460918,0.10885005351155996,0.006652517360635102,25.77292224013992
radial,3,1.1423761801173289,0.02160000056028366,0.008225108496844769,2051.0173950195312,0.005707185948267579,0.037001701071858406,0.11750382464379072,0.1062693502753973,0.006351997901219875,27.13771434184618
radial,3,1.1553378620495398,0.02160000056028366,0.008318432606756687,2015.0885467529297,0.004815803375095129,0.04241538420319557,0.11452900245785713,0.10345740523189306,0.005977396096568555,28.68335368145048
radial,3,1.1684313519961305,0.02160000056028366,0.008412705734372139,1975.8062896728516,0.004055741417687386,0.04809857998043299,0.11141339410096407,0.10047199577093124,0.00555756117682904,30.40405756683118
radial,3,1.1816579434606764,0.02160000056028366,0.00850793719291687,1933.7972869873047,0.003409704484511167,0.053971951361745596,0.1081839157268405,0.09736392926424742,0.0051151521620340645,32.29356005305616
radial,3,1.1950189299467537,0.02160000056028366,0.008604136295616627,1889.6392364501953,0.002862138528143987,0.05996544286608696,0.10486751981079578,0.09417726751416922,0.004667511966545135,34.344461425803985
radial,3,1.2085157343082957,0.02160000056028366,0.00870131328701973,1843.859878540039,0.0023992315109353513,0.06601777393370867,0.10149051900953054,0.09094987902790308,0.004227543715387583,36.54850635512484
radial,3,1.222149779399236,0.02160000056028366,0.0087994784116745,1796.940170288086,0.0020088561868760735,0.07207541354000568,0.09807825274765491,0.08771422225981951,0.003804539592238143,38.89689078014226
radial,3,1.2359223587231505,0.02160000056028366,0.008898640982806683,1749.293960571289,0.0016802837635623291,0.07809484656900167,0.09465306531637907,0.08449638821184635,0.003404691640753299,41.381818446442615
radial,3,1.2498348951339722,0.02160000056028366,0.0089988112449646,1701.2529296875,0.0014040016540093347,0.08404401782900095,0.09123276360332966,0.08131550345569849,0.0030315954354591668,43.9949674968938
radial,3,1.2638889408359926,0.02160000056028366,0.009100000374019146,1653.1526336669922,0.0011721403861884028,0.08988902810961008,0.08783774729818106,0.07819105964154005,0.002687556901946664,46.719855984899375
radial,3,1.2800925307803683,0.02160000056028366,0.009216666221618652,1598.7630004882812,0.0009535736608086154,0.09637574758380651,0.08402961026877165,0.07472558133304119,0.0023326090595219284,49.93947137423297
radial,3,1.2962962500751019,0.02160000056028366,0.009333333000540733,1546.0563659667969,0.0007782782195135951,0.10254523064941168,0.0803680494427681,0.07143232226371765,0.0020217200508341193,53.20301589068002
radial,3,1.3124999693698354,0.02160000056028366,0.009449999779462814,1495.1622924804688,0.0006373178912326694,0.10840220842510462,0.07685597240924835,0.06830879766494036,0.0017508973105577752,56.50828532112492
radial,3,1.3219715199536748,0.02160000056028366,0.009518194943666458,1466.0367736816406,0.0005675640131812543,0.1117108091711998,0.07485649269074202,0.06654573557898402,0.0016084237868199125,58.45897951536626
radial,3,1.3315346505906847,0.02160000056028366,0.00958704948425293,1437.0861358642578,0.000505038711708039,0.11496769543737173,0.07287772931158543,0.06481132749468088,0.0014753613650100306,60.42310149259441
radial,3,1.3411898786822956,0.02160000056028366,0.009656567126512527,1408.5525665283203,0.000449405939434655,0.11814865190535784,0.07093504630029202,0.06311837583780289,0.0013521971850423142,62.39585903638804
radial,3,1.3509387564327981,0.02160000056028366,0.009726759046316147,1380.4847717285156,0.0003999701075372286,0.1212499151006341,0.06903154356405139,0.06146882474422455,0.0012385121954139322,64.37518407918452
radial,3,1.360781542542908,0.02160000056028366,0.009797627106308937,1352.8961791992188,0.0003560383847798221,0.12427195068448782,0.06716774730011821,0.05986237060278654,0.0011337204632582143,66.3572833909589
radial,3,1.3707195305162005,0.02160000056028366,0.009869180619716644,1325.8132934570312,0.00031701905936643016,0.12721361964941025,0.06534517137333751,0.058299567084759474,0.001037306952639483,68.33472078093769
radial,3,1.380753367104464,0.02160000056028366,0.009941424243152142,1299.2566375732422,0.0002823768591042608,0.1300744228065014,0.06356491381302476,0.05678063165396452,0.0009487481074756943,70.30024599595876
radial,3,1.3908842164609168,0.02160000056028366,0.0100143663585186,1273.2401428222656,0.000251627316174563,0.13285459764301777,0.061827592086046934,0.055305386893451214,0.0008675164281157777,72.24676401631652
radial,3,1.4011129840380616,0.02160000056028366,0.010088013485074043,1247.7738647460938,0.00022433632329921238,0.13555473275482655,0.06013358058407903,0.05387347564101219,0.0007930967258289456,74.16679628023275
radial,3,1.4114403165876865,0.02160000056028366,0.010162370279431343,1222.8658447265625,0.00020011667038488667,0.1381756030023098,0.05848310375586152,0.05248444387689233,0.000724993871699553,76.05224099279998
radial,3,1.4218677663140826,0.02160000056028366,0.010237447917461395,1198.5213928222656,0.00017862279582914198,0.14071818813681602,0.05687621561810374,0.05113772954791784,0.0006627334041695576,77.89481349126419
radial,3,1.4323958506186805,0.02160000056028366,0.010313250124454498,1174.7422180175781,0.0001595457742951112,0.14318385161459446,0.05531271267682314,0.049832583870738745,0.0006058606595615856,79.68624973825716
radial,3,1.4430254749539826,0.02160000056028366,0.010389783419668674,1151.5259857177734,0.00014260970965551678,0.14557427912950516,0.05379213439300656,0.048568082973361015,0.0005539424237213098,81.41854809265062
radial,3,1.4537578034732077,0.02160000056028366,0.010467056185007095,1128.8678665161133,0.00012756927753798664,0.14789136871695518,0.052313852589577436,0.047343202866613865,0.0005065705190645531,83.08446900745902
radial,3,1.4645938709792163,0.02160000056028366,0.010545075871050358,1106.7617645263672,0.00011420716327847913,0.1501370407640934,0.050877189729362726,0.04615690931677818,0.00046336447121575475,84.67683333939253
radial,3,1.4755344535741541,0.02160000056028366,0.01062384806573391,1085.2007064819336,0.00010233090415567858,0.15231327153742313,0.04948139749467373,0.045008146204054356,0.000423970544943586,86.18825737224329
radial,3,1.486580844761597,0.02160000056028366,0.010703382082283497,1064.1756134033203,9.176969979307614e-05,0.15442218631505966,0.048125592060387135,0.04389578173868358,0.0003880590738845058,87.6111948553269
radial,3,1.4977340793444052,0.02160000056028366,0.010783685371279716,1043.6754837036133,8.23720047264942e-05,0.15646610222756863,0.04680873407050967,0.042818594025447965,0.0003553236892912537,88.93801141633737
radial,3,1.508994804074367,0.02160000056028366,0.010864762589335442,1023.6884460449219,7.400380354738445e-05,0.15844738483428955,0.045529720839113,0.041775331599637866,0.0003254818329878617,90.16072825886204
radial,3,1.5203644418054156,0.02160000056028366,0.010946623980998993,1004.2023468017578,6.654694607277634e-05,0.16036832332611084,0.04428746225312352,0.040764790726825595,0.0002982748865179019,91.27122618837828
radial,3,1.531843768639697,0.02160000056028366,0.011029275134205818,985.2053756713867,5.989726150801289e-05,0.16223115101456642,0.043080874951556325,0.039785799104720354,0.0002734663721639663,92.26179053569973
radial,3,1.5434340780807867,0.02160000056028366,0.011112725362181664,966.6844635009766,5.3962665788276354e-05,0.1640381310135126,0.041908823885023594,0.03883716790005565,0.0002508395191398449,93.12531608097343
radial,3,1.5551364049315453,0.02160000056028366,0.011196982115507126,948.6249389648438,4.866169592787628e-05,0.1657916009426117,0.04077008995227516,0.03791766706854105,0.00023019553918857127,93.85516632849958
radial,3,1.5669516546444762,0.02160000056028366,0.011282051913440228,931.0113372802734,4.392246637507924e-05,0.16749389097094536,0.039663442643359303,0.03702607611194253,0.00021135329552635085,94.44496814575602
radial,3,1.5788811207231548,0.02160000056028366,0.011367944069206715,913.8288345336914,3.9681728139839834e-05,0.16914718970656395,0.03858771291561425,0.036161250434815884,0.00019414863254496595,94.88891237213308
radial,3,1.5909257086200848,0.02160000056028366,0.01145466510206461,897.0633544921875,3.5883788541468675e-05,0.17075354605913162,0.03754178527742624,0.03532210551202297,0.00017843296791397734,95.1822747498896
radial,3,1.6030867118388414,0.02160000056028366,0.011542224325239658,880.7009201049805,3.2479461538059695e-05,0.17231499962508678,0.03652453678660095,0.03450756799429655,0.00016407118982897373,95.32158524502978
radial,3,1.6153651651822858,0.02160000056028366,0.011630629189312458,864.7271499633789,2.9425225420709467e-05,0.1738336030393839,0.03553480911068618,0.03371655382215977,0.00015094027730810922,95.30450269229445
radial,3,1.627762232803636,0.02160000056028366,0.01171988807618618,849.1278839111328,2.668263766736345e-05,0.1753113456070423,0.034571463940665126,0.03294800454750657,0.00013892866445530672,95.1297680750505
radial,3,1.6402790788561106,0.02160000056028366,0.011810009367763996,833.8899688720703,2.4217799364123493e-05,0.17675006575882435,0.03363343235105276,0.03220094065181911,0.00012793562564183958,94.79704304412279
radial,3,1.65291673814257,0.02160000056028366,0.011901000514626503,819.0011367797852,2.200078483838297e-05,0.17815149202942848,0.03271971095819026,0.03147443733178079,0.00011787013954744907,94.30718012689279
radial,3,1.6656766335169475,0.02160000056028366,0.011992871761322021,804.4490203857422,2.0005088913421787e-05,0.17951729148626328,0.03182930429466069,0.030767593067139387,0.00010864963769563474,93.66225642993162
radial,3,1.6785596704317465,0.02160000056028366,0.012085629627108574,790.2210693359375,1.8207184723451064e-05,0.18084914423525333,0.030961197218857706,0.030079498887062073,0.00010019901492341887,92.86519164768005
radial,3,1.6915671423905425,0.02160000056028366,0.012179283425211906,776.3047714233398,1.6586199365065113e-05,0.1821486670523882,0.030114403110928833,0.02940927562303841,9.245014371117577e-05,91.91978757304675
radial,3,1.7047003428969119,0.02160000056028366,0.012273842468857765,762.6886215209961,1.5123640196179622e-05,0.18341734260320663,0.029288002057000995,0.028756108600646257,8.534144717486924e-05,90.83067530536259
radial,3,1.717960306753715,0.02160000056028366,0.012369314208626747,749.3619537353516,1.3803112381083338e-05,0.18465653620660305,0.028481141896918416,0.028119246708229184,7.881725650804583e-05,89.60325447858025
radial,3,1.7313483274645276,0.02160000056028366,0.012465707957744598,736.3142471313477,1.2610039163973852e-05,0.18586754612624645,0.027692998526617885,0.02749796025454998,7.28270579202217e-05,88.24361917191085
radial,3,1.7448658278832834,0.02160000056028366,0.01256303396075964,723.5349731445312,1.1531420909705048e-05,0.1870516687631607,0.02692273526918143,0.026891524088568985,6.732486417604377e-05,86.75831618584148
radial,3,1.7585137134624853,0.02160000056028366,0.012661298736929893,711.0135612487793,1.0555667245171207e-05,0.18821018002927303,0.02616953884717077,0.026299236807972193,6.226884079296724e-05,85.15421241037099
radial,3,1.7722935364064243,0.02160000056028366,0.012760513462126255,698.7405395507812,9.672449550635065e-06,0.18934422731399536,0.025432663736864924,0.025720454985275865,5.762107412010664e-05,83.43859226618243
radial,3,1.786206460868319,0.02160000056028366,0.012860686518251896,686.7073783874512,8.872569878803915e-06,0.1904548481106758,0.024711431353352964,0.02515459677670151,5.3347219136412605e-05,81.61906805255926
radial,3,1.8002537803517449,0.02160000056028366,0.012961827218532562,674.9058990478516,8.14781941471665e-06,0.19154303707182407,0.024005195358768106,0.024601108394563198,4.941609449815587e-05,79.70331815265887
radial,3,1.8144367883602779,0.02160000056028366,0.013063944876194,663.3279800415039,7.490848048519183e-06,0.19260979816317558,0.023313309415243566,0.024059442803263664,4.579926599035389e-05,77.6989058047036
radial,3,1.8287569077478516,0.02160000056028366,0.01316704973578453,651.9655990600586,6.8950614320328896e-06,0.1936560794711113,0.022635145694948733,0.023529068799689412,4.2470776179470704e-05,75.61341706258186
radial,3,1.843215043966969,0.02160000056028366,0.013271148316562176,640.8116645812988,6.3545388400143565e-06,0.19468277134001255,0.021970135043375194,0.023009505355730653,3.940698036331014e-05,73.45448587133485
radial,3,1.8578131372729938,0.02160000056028366,0.013376254588365555,629.8599319458008,5.863978515208146e-06,0.19569061137735844,0.0213177785044536,0.02250032708980143,3.6586404576155473e-05,71.22963681349978
radial,3,1.8725520931184292,0.02160000056028366,0.01348237507045269,619.1048812866211,5.418630905751343e-06,0.19668031111359596,0.02067761425860226,0.022001144592650235,3.3989517760346644e-05,68.94623610720069
radial,3,1.8874334637075663,0.02160000056028366,0.013589520938694477,608.5408515930176,5.014231135191949e-06,0.1976525541394949,0.020049184444360435,0.02151156635954976,3.159846403377742e-05,66.61127950020501
radial,3,1.9024586718943384,0.02160000056028366,0.013697702437639236,598.1624221801758,4.6469339594068515e-06,0.19860802963376045,0.01943203737027943,0.02103121404070407,2.939684418379329e-05,64.23162602879782
radial,3,1.9176287524816062,0.02160000056028366,0.013806927017867565,587.9648818969727,4.31327424621486e-06,0.19954732432961464,0.018825776875019073,0.020559750497341156,2.736963108418422e-05,61.814029797927304
radial,3,1.932945516374376,0.02160000056028366,0.013917207717895508,577.9446792602539,4.01014429485258e-06,0.20047094114124775,0.018230074900202453,0.020096894237212837,2.5503114216007816e-05,59.365107112657576
radial,3,1.9484102570762238,0.02160000056028366,0.01402855385094881,568.0986938476562,3.7347548840216405e-06,0.20137929916381836,0.017644639883656055,0.019642394385300577,2.3784783309110935e-05,56.89101972944933
radial,3,1.9640243974410825,0.02160000056028366,0.014140975661575794,558.423713684082,3.4845898184698854e-06,0.20227284729480743,0.01706917234696448,0.01919599308166653,2.2203159005584894e-05,54.39762893858384
radial,3,1.979789360322886,0.02160000056028366,0.01425448339432478,548.916389465332,3.2573666572943694e-06,0.20315204560756683,0.016503366990946233,0.018757428973913193,2.074765649240362e-05,51.89058256535622
radial,3,1.9957065685755677,0.02160000056028366,0.014369087293744087,539.5737037658691,3.0510084414459016e-06,0.20401731319725513,0.01594693638617173,0.01832645758986473,1.940851461768034e-05,49.375318891773574
radial,3,2.011777445053061,0.02160000056028366,0.014484797604382038,530.3931121826172,2.8636356503852767e-06,0.20486902818083763,0.015399624593555927,0.017902859835885465,1.8176782930368063e-05,46.857319457010306
radial,3,2.028003800660372,0.02160000056028366,0.014601627364754677,521.3720512390137,2.693553007304672e-06,0.20570756681263447,0.014861180097796023,0.017486419179476798,1.704426921378399e-05,44.34204841864941
radial,3,2.0443866702003612,0.02160000056028366,0.0147195840254426,512.5080146789551,2.539228461273524e-06,0.20653332024812698,0.014331335783936083,0.017076911870390177,1.600347161456739e-05,41.83564243975867
radial,3,2.0609278645780353,0.02160000056028366,0.014838680624961853,503.79837799072266,2.3992666662309148e-06,0.207346698269248,0.013809819240123034,0.016674109385348856,1.5047470412810071e-05,39.344777572623904
radial,3,2.0776288066473274,0.02160000056028366,0.014958927407860756,495.24048233032227,2.2723818240422133e-06,0.20814809016883373,0.013296359684318304,0.01627778762485832,1.4169805410801928e-05,36.876324079048594
radial,3,2.0944910486125283,0.02160000056028366,0.015080335550010204,486.8324317932129,2.1573897441840018e-06,0.20893781632184982,0.012790741748176515,0.015887766960076988,1.3364471669774503e-05,34.43724122667753
radial,3,2.1115162720282874,0.02160000056028366,0.015202917158603668,478.57364654541016,2.0532018893959503e-06,0.20971602573990822,0.012292838713619858,0.015503932605497539,1.2625911949726287e-05,32.03481495102929
radial,3,2.1287058997485375,0.02160000056028366,0.015326682478189468,470.4648666381836,1.958812248403774e-06,0.21048275381326675,0.011802612105384469,0.015126242069527507,1.1948952248985734e-05,29.67676664419612
radial,3,2.1460614839775696,0.02160000056028366,0.0154516426846385,462.50815200805664,1.8732938684706824e-06,0.2112378552556038,0.011320112098474056,0.014754717354662716,1.1328776366781312e-05,27.370818407146555
radial,3,2.16358483562039,0.02160000056028366,0.015577810816466808,454.70651626586914,1.7957970044335525e-06,0.21198111213743687,0.01084545545745641,0.014389434712938964,1.076091413665381e-05,25.124697143223514
radial,3,2.18127750688129,0.02160000056028366,0.015705198049545288,447.06320571899414,1.7255489908052368e-06,0.2127122450619936,0.010378777224104851,0.014030483085662127,1.0241231393592898e-05,22.946972527164636
radial,3,2.1991407912638454,0.02160000056028366,0.015833813697099686,439.58118057250977,1.6618535312318272e-06,0.21343102492392063,0.00992018828401342,0.01367793430108577,9.765913006276605e-06,20.84890914167956
radial,3,2.217176887724135,0.02160000056028366,0.01596367359161377,432.2626419067383,1.6040913912718224e-06,0.21413731202483177,0.009469752490986139,0.01333182561211288,9.331467822448758e-06,18.846389243133398
radial,3,2.235387089765734,0.02160000056028366,0.016094787046313286,425.1093559265137,1.5517139146936643e-06,0.21483099646866322,0.009027505642734468,0.012992171687074006,8.934730857390605e-06,16.962095775501567
radial,3,2.25377320829365,0.02160000056028366,0.01622716709971428,418.1232719421387,1.50422554856533e-06,0.21551194973289967,0.008593493606895208,0.01265899883583188,8.572802670414603e-06,15.227211095351786
radial,3,2.2723370542128882,0.02160000056028366,0.016360826790332794,411.3070182800293,1.4611720455803834e-06,0.216179970651865,0.008167815976776183,0.012332372483797371,8.242988855045041e-06,13.68392817688899
radial,3,2.29108017972774,0.02160000056028366,0.016495777294039726,404.66260147094727,1.422140301521324e-06,0.21683488972485065,0.0077505348599515855,0.012012331862933934,7.942771361513223e-06,12.387509424779733
radial,3,2.310004137042496,0.02160000056028366,0.01663202978670597,398.1902885437012,1.3867932171507391e-06,0.217476861551404,0.007341591932345182,0.011698822258040309,7.669903425266966e-06,11.404604826900266
radial,15,0.0,0.10799999535083771,0.0,1562.1227264404297,0.10849199444055557,0.02171366009861231,0.09971315879374743,0.10403726994991302,0.017416542395949364,7.882454513566899
radial,15,0.012820512185701067,0.10799999535083771,9.230768773704767e-05,1562.2714233398438,0.10848651267588139,0.02169561991468072,0.09973141085356474,0.1040460504591465,0.017411725129932165,7.881265352562798
radial,15,0.025641024371402133,0.10799999535083771,0.00018461537547409534,1562.7156677246094,0.10847011674195528,0.021641721948981285,0.09978599194437265,0.10407226718962193,0.017397291958332062,7.877652149967257
radial,15,0.038461536557103194,0.10799999535083771,0.000276923063211143,1563.4534301757812,0.1084428271278739,0.021552285877987742,0.09987672418355942,0.10411574970930815,0.01737320446409285,7.87290271081951
radial,15,0.051282048742804266,0.10799999535083771,0.0003692307509481907,1564.4835510253906,0.10840458981692791,0.021427557105198503,0.10000362247228622,0.10417632851749659,0.01733931922353804,7.868054845437085
radial,15,0.06410256092850533,0.10799999535083771,0.00046153843868523836,1565.8004913330078,0.10835548583418131,0.02126836939714849,0.10016619227826595,0.10425352957099676,0.017295576399192214,7.862605080746089
radial,15,0.07692307311420639,0.10799999535083771,0.000553846126422286,1567.396728515625,0.1082956250756979,0.021075890632346272,0.10036369413137436,0.1043466990813613,0.017241935478523374,7.856677523607742
radial,15,0.08974358529990746,0.10799999535083771,0.0006461538141593337,1569.2657165527344,0.10822505317628384,0.02085119648836553,0.10059556365013123,0.10445522237569094,0.017178270034492016,7.850269553911359
radial,15,0.10256409748560853,0.10799999535083771,0.0007384615018963814,1571.3994598388672,0.10814380273222923,0.0205955698620528,0.10086109954863787,0.1045783618465066,0.017104454105719924,7.843531749911301
radial,15,0.11538460967130959,0.10799999535083771,0.000830769189633429,1573.7891082763672,0.1080519100651145,0.020310471300035715,0.1011594757437706,0.1047153016552329,0.017020363826304674,7.836545991884735
radial,15,0.12820512185701066,0.10799999535083771,0.0009230768773704767,1576.4248046875,0.10794938448816538,0.01999750453978777,0.10148977767676115,0.10486513283103704,0.016925881151109934,7.8297336749529185
radial,15,0.14102563404271173,0.10799999535083771,0.0010153845651075244,1579.2962341308594,0.10783619899302721,0.019658372038975358,0.10185102466493845,0.1050269240513444,0.01682088919915259,7.823330803294151
radial,15,0.15384614622841278,0.10799999535083771,0.001107692252844572,1582.3929290771484,0.10771228093653917,0.019294850062578917,0.10224218852818012,0.10519968345761299,0.016705278307199478,7.817188700717785
radial,15,0.16666667458290854,0.10799999535083771,0.0012000000569969416,1585.7039642333984,0.1075774971395731,0.018908785190433264,0.10266218800097704,0.10538242291659117,0.016578948125243187,7.811069799270563
radial,15,0.17948717059981492,0.10799999535083771,0.0012923076283186674,1589.2181701660156,0.10743165295571089,0.018502076854929328,0.10310989059507847,0.1055741123855114,0.016441823448985815,7.805275330432202
radial,15,0.19230769895431069,0.10799999535083771,0.001384615432471037,1592.9246063232422,0.1072744894772768,0.01807666476815939,0.10358412470668554,0.1057737385854125,0.016293848864734173,7.800413545667567
radial,15,0.20512819497121706,0.10799999535083771,0.0014769230037927628,1596.8124694824219,0.10710564255714417,0.017634460469707847,0.10408373456448317,0.10598030313849449,0.01613497966900468,7.79696475350727
radial,15,0.21794872332571283,0.10799999535083771,0.0015692308079451323,1600.872055053711,0.10692462511360645,0.017177298199385405,0.10460763052105904,0.10619287565350533,0.01596517045982182,7.794901552567506
radial,15,0.23076921934261918,0.10799999535083771,0.001661538379266858,1605.0947265625,0.10673081688582897,0.016706896014511585,0.10515483748167753,0.10641058534383774,0.015784364892169833,7.794208218664702
radial,15,0.24358974769711494,0.10799999535083771,0.0017538461834192276,1609.4733276367188,0.10652341973036528,0.016224832506850362,0.1057245023548603,0.1066326592117548,0.015592486597597599,7.794736073085337
radial,15,0.2564102437140213,0.10799999535083771,0.0018461537547409534,1614.0022430419922,0.10630146693438292,0.015732542145997286,0.10631592012941837,0.10685841087251902,0.01538943569175899,7.797199104673163
radial,15,0.2692307720685171,0.10799999535083771,0.001938461558893323,1618.677734375,0.10606379248201847,0.015231298748403788,0.10692854411900043,0.10708724986761808,0.01517508237157017,7.8031474112760595
radial,15,0.28205126808542347,0.10799999535083771,0.002030769130215049,1623.4983367919922,0.10580897517502308,0.01472215901594609,0.1075620548799634,0.10731871798634529,0.014949239208362997,7.814429975764127
radial,15,0.29487179643991923,0.10799999535083771,0.0021230769343674183,1628.4664916992188,0.10553527250885963,0.014205838553607464,0.10821652691811323,0.10755252651870251,0.014711602358147502,7.8317102409273796
radial,15,0.30769229245682556,0.10799999535083771,0.002215384505689144,1633.5883026123047,0.10524058062583208,0.013682733289897442,0.10889241192489862,0.1077885739505291,0.014461751095950603,7.851935079838965
radial,15,0.3205128208113213,0.10799999535083771,0.0023076923098415136,1638.8699188232422,0.10492266807705164,0.01315337757114321,0.1095899660140276,0.1080267271026969,0.01419936481397599,7.8696616852969905
radial,15,0.3333333491658171,0.10799999535083771,0.002400000113993883,1644.3127136230469,0.10457947291433811,0.012618919950909913,0.11030857544392347,0.10826661251485348,0.01392447529360652,7.8802860199753635
radial,15,0.34615384518272346,0.10799999535083771,0.002492307685315609,1649.9163208007812,0.10420892387628555,0.01208076428156346,0.11104721762239933,0.10850777383893728,0.013637314666993916,7.880527080918665
radial,15,0.35897434119962984,0.10799999535083771,0.002584615256637335,1655.683837890625,0.10380861535668373,0.011540013016201556,0.11180517729371786,0.1087499400600791,0.013338052085600793,7.866235622175474
radial,15,0.3717948372165362,0.10799999535083771,0.0026769228279590607,1661.6200408935547,0.10337591450661421,0.010997677803970873,0.11258174013346434,0.10899292211979628,0.013026904198341072,7.8352015592641875
radial,15,0.38461539790862137,0.10799999535083771,0.002769230864942074,1667.7270202636719,0.10290830675512552,0.01045511243864894,0.11337562650442123,0.10923642478883266,0.012704376829788089,7.792545979667428
radial,15,0.39743589392552775,0.10799999535083771,0.0028615384362637997,1674.003158569336,0.10240348987281322,0.009914046619087458,0.1141848536208272,0.10948003269731998,0.012371322489343584,7.751156887740467
radial,15,0.41025638994243413,0.10799999535083771,0.0029538460075855255,1680.4455108642578,0.1018592631444335,0.009376337751746178,0.11500705406069756,0.10972331743687391,0.012028823955915868,7.724333061778343
radial,15,0.42307688595934045,0.10799999535083771,0.0030461535789072514,1687.0531158447266,0.1012733057141304,0.00884368980769068,0.11583987530320883,0.10996596980839968,0.011678042355924845,7.716013498942191
radial,15,0.43589744665142566,0.10799999535083771,0.0031384616158902645,1693.8270874023438,0.10064319334924221,0.008317657629959285,0.11668095272034407,0.11020779702812433,0.011320217163302004,7.718924653388155
radial,15,0.448717942668332,0.10799999535083771,0.0032307691872119904,1700.7659301757812,0.09996683802455664,0.007800013292580843,0.11752736382186413,0.11044854577630758,0.01095691928640008,7.724032740525017
radial,15,0.46153843868523836,0.10799999535083771,0.003323076758533716,1707.8604125976562,0.09924299642443657,0.00729303591651842,0.11837509926408529,0.11068777646869421,0.010590272257104516,7.731179197491404
radial,15,0.47435893470214474,0.10799999535083771,0.003415384329855442,1715.0969848632812,0.0984710082411766,0.006799154914915562,0.1192195676267147,0.1109249908477068,0.010222733952105045,7.745939951056106
radial,15,0.4871794953942299,0.10799999535083771,0.003507692366838455,1722.4642639160156,0.09765023831278086,0.006320477987173945,0.1200563982129097,0.11115986295044422,0.009856766904704273,7.769112751371461
radial,15,0.49999999141113627,0.10799999535083771,0.003599999938160181,1729.9476165771484,0.09678068663924932,0.005859144032001495,0.12088080774992704,0.11139203887432814,0.009495088248513639,7.795040406051977
radial,15,0.5115740673823489,0.10799999535083771,0.003683333285152912,1736.7870025634766,0.09595463331788778,0.005459461826831102,0.12160997837781906,0.11159894149750471,0.009174756123684347,7.816278322774718
radial,15,0.5231481433535615,0.10799999535083771,0.0037666666321456432,1743.6912689208984,0.09509060252457857,0.0050771915121003985,0.12232113257050514,0.11180301383137703,0.00886242464184761,7.836002100338195
radial,15,0.5347222193247743,0.10799999535083771,0.0038499999791383743,1750.666000366211,0.09418703336268663,0.004712244321126491,0.1230136277154088,0.1120046116411686,0.008558730245567858,7.861838500814142
radial,15,0.5415076157078147,0.10799999535083771,0.003898854833096266,1754.7839813232422,0.09363978728652,0.004506716562900692,0.12340997066348791,0.11212149728089571,0.008385209599509835,7.883956156551369
radial,15,0.5483620205066271,0.10799999535083771,0.003948206547647715,1758.9345397949219,0.09307859186083078,0.004307042632717639,0.1237998092547059,0.1122376462444663,0.008214792469516397,7.914722206779292
radial,15,0.5552860804729992,0.10799999535083771,0.003998059779405594,1763.1062469482422,0.09250474907457829,0.004113738512387499,0.12418210040777922,0.11235275585204363,0.0080479298485443,7.958355459847966
radial,15,0.5622805717090765,0.10799999535083771,0.004048420116305351,1767.306869506836,0.09191715158522129,0.003926413832232356,0.12455758079886436,0.11246705241501331,0.00788430351531133,8.019453518764733
radial,15,0.5693460762914684,0.10799999535083771,0.0040992917492985725,1771.5367889404297,0.09131580125540495,0.0037450583186000586,0.12492624204605818,0.11258053593337536,0.007723914575763047,8.102255186703115
radial,15,0.5764833703223202,0.10799999535083771,0.004150680266320705,1775.7946166992188,0.09070100914686918,0.0035697319835890085,0.12528793513774872,0.11269315704703331,0.007566832529846579,8.209283326827503
radial,15,0.5836932945789562,0.10799999535083771,0.004202591720968485,1780.077880859375,0.0900732260197401,0.0034005084016826004,0.12564244028180838,0.1128048449754715,0.0074131443398073316,8.341900531899139
radial,15,0.5909764958131645,0.10799999535083771,0.004255030769854784,1784.3845977783203,0.08943292777985334,0.0032374333241023123,0.12598960474133492,0.11291554011404514,0.00726292043691501,8.500872732847983
radial,15,0.5983336207767328,0.10799999535083771,0.004308002069592476,1788.712875366211,0.08878057543188334,0.003080521506490186,0.12632929999381304,0.1130251819267869,0.007116208493243903,8.686687374966953
radial,15,0.6057657042725219,0.10799999535083771,0.0043615130707621574,1793.0610046386719,0.08811664022505283,0.0029297632863745093,0.12666143476963043,0.11313373502343893,0.006973040348384529,8.899895026767524
radial,15,0.6132731990267833,0.10799999535083771,0.00441556703299284,1797.4272003173828,0.0874415822327137,0.002785124903311953,0.1269859652966261,0.11324115004390478,0.00683343067066744,9.140528899881255
radial,15,0.620857075167199,0.10799999535083771,0.004470170941203833,1801.8103332519531,0.08675584197044373,0.002646548906341195,0.127302885055542,0.11334740556776524,0.006697377015370876,9.408377229781436
radial,15,0.6285179794455568,0.10799999535083771,0.004525329452008009,1806.209243774414,0.08605985809117556,0.002513961197109893,0.12761219032108784,0.11345246993005276,0.006564863724634051,9.702873477700702
radial,15,0.6362567526391811,0.10799999535083771,0.004581048619002104,1810.6227264404297,0.08535408042371273,0.00238727469695732,0.12791392859071493,0.113556326366961,0.0064358682138845325,10.023756304971823
radial,15,0.6440741061750386,0.10799999535083771,0.0046373335644602776,1815.0496978759766,0.08463895507156849,0.0022663917916361243,0.12820814456790686,0.11365895438939333,0.006310358934570104,10.370694302094869
radial,15,0.6519710748559899,0.10799999535083771,0.004694191738963127,1819.4890747070312,0.08391492161899805,0.0021512021776288748,0.12849491275846958,0.11376034561544657,0.006188295665197074,10.743274220204484
radial,15,0.6599482407586442,0.10799999535083771,0.004751627333462238,1823.940200805664,0.0831823954358697,0.0020415843173395842,0.1287743104621768,0.11386048421263695,0.006069627415854484,11.14101844447259
radial,15,0.6680065093355047,0.10799999535083771,0.004809646867215633,1828.4022674560547,0.0824417695403099,0.0019374086987227201,0.12904646061360836,0.11395937111228704,0.005954296851996332,11.563305880186366
radial,15,0.6761466566887167,0.10799999535083771,0.00486825592815876,1832.8746948242188,0.08169344067573547,0.0018385415460215881,0.12931146379560232,0.11405700352042913,0.005842242680955678,12.009677636473604
radial,15,0.6843694589204259,0.10799999535083771,0.004927460104227066,1837.3569946289062,0.08093779440969229,0.0017448457074351609,0.12956945598125458,0.11415338143706322,0.005733400117605925,12.479764635524216
radial,15,0.6926760155086716,0.10799999535083771,0.0049872673116624355,1841.8484802246094,0.08017518557608128,0.0016561808588448912,0.1298205591738224,0.11424850672483444,0.005627699836622924,12.973085009940759
radial,15,0.7010669085300631,0.10799999535083771,0.005047681741416454,1846.3489227294922,0.07940595969557762,0.0015724039258202538,0.13006492517888546,0.11434238776564598,0.005525068729184568,13.489208164307026
radial,15,0.7095431081122823,0.10799999535083771,0.005108710378408432,1850.8580627441406,0.0786304222419858,0.0014933719648979604,0.13030269276350737,0.11443502642214298,0.005425431707408279,14.027642588504875
radial,15,0.7181054550326533,0.10799999535083771,0.005170359276235104,1855.3756866455078,0.07784888334572315,0.001418943822500296,0.13053401000797749,0.11452643666416407,0.005328712926711887,14.587963461829744
radial,15,0.7267547253933218,0.10799999535083771,0.005232634022831917,1859.901611328125,0.07706162612885237,0.0013489815464708954,0.13075902312994003,0.1146166231483221,0.005234837823081762,15.16995364262317
radial,15,0.735492083347506,0.10799999535083771,0.005295543000102043,1864.435791015625,0.07626892160624266,0.0012833501677960157,0.13097787275910378,0.1147055933251977,0.005143731250427663,15.773205013956645
radial,15,0.7443181756469939,0.10799999535083771,0.005359090864658356,1868.9780883789062,0.07547100726515055,0.0012219185737194493,0.13119071256369352,0.11479336116462946,0.005055318644735962,16.39752765128731
radial,15,0.7532339077442884,0.10799999535083771,0.005423284135758877,1873.528579711914,0.0746681122109294,0.0011645605991361663,0.1313976738601923,0.11487993504852057,0.004969526780769229,17.042493390761585
radial,15,0.762240443792608,0.10799999535083771,0.005488131195306778,1878.0873565673828,0.07386044040322304,0.001111156670958735,0.13159889820963144,0.11496531963348389,0.004886285401880741,17.707940681646413
radial,15,0.7713383658685619,0.10799999535083771,0.005553636234253645,1882.6544036865234,0.07304819207638502,0.0010615938663249835,0.1317945122718811,0.11504952237010002,0.004805527278222144,18.393656666463862
radial,15,0.7805287734501892,0.10799999535083771,0.005619807168841362,1887.2298126220703,0.07223155163228512,0.0010157664655707777,0.13198462687432766,0.11513255070894957,0.004727187973912805,19.09969917405934
radial,15,0.7898126366651721,0.10799999535083771,0.005686650983989239,1891.8135375976562,0.07141067739576101,0.0009735763014759868,0.13216936774551868,0.11521440837532282,0.004651206778362393,19.825801394761598
radial,15,0.7991907962908348,0.10799999535083771,0.00575417373329401,1896.4059753417969,0.07058571372181177,0.0009349333558930084,0.1323488336056471,0.11529509630054235,0.004577526124194264,20.571937802591172
radial,15,0.8086644164803956,0.10799999535083771,0.005822383798658848,1901.0069732666016,0.06975679844617844,0.0008997564727906138,0.13252311944961548,0.11537461634725332,0.004506093566305935,21.338051196302715
radial,15,0.818234273336,0.10799999535083771,0.005891286768019199,1905.6166229248047,0.0689240600913763,0.0008679738020873629,0.13269230350852013,0.11545296665281057,0.0044368611997924745,22.124254964076087
radial,15,0.827901272310151,0.10799999535083771,0.005960889160633087,1910.2350158691406,0.06808761041611433,0.0008395230543101206,0.132856460288167,0.11553013976663351,0.004369786649476737,22.930607773328454
radial,15,0.8376667069064246,0.10799999535083771,0.006031200289726257,1914.8621673583984,0.06724755745381117,0.0008143518280121498,0.13301564566791058,0.11560613196343184,0.004304831731133163,23.757196754553274
radial,15,0.8475313532269664,0.10799999535083771,0.0061022257432341576,1919.4980010986328,0.06640398502349854,0.0007924180099507794,0.13316990993916988,0.11568093206733465,0.004241964430548251,24.60422799804059
radial,15,0.8574961167242792,0.10799999535083771,0.00617397204041481,1924.1425170898438,0.06555697787553072,0.000773690284404438,0.13331928383558989,0.11575452703982592,0.00418115861248225,25.471855797627022
radial,15,0.8675622909019391,0.10799999535083771,0.006246448494493961,1928.7955627441406,0.06470661610364914,0.0007581486279377714,0.13346378039568663,0.11582689639180899,0.004122394020669162,26.360286324125337
radial,15,0.8777307812124491,0.10799999535083771,0.006319661624729633,1933.4569549560547,0.06385296769440174,0.0007457848041667603,0.1336034145206213,0.11589802242815495,0.004065657500177622,27.269913442852864
radial,15,0.8880026224586699,0.10799999535083771,0.006393618881702423,1938.126449584961,0.06299609038978815,0.0007366026256931946,0.13373815454542637,0.11596788093447685,0.004010941833257675,28.20103516565931
radial,15,0.8983788494434621,0.10799999535083771,0.0064683277159929276,1942.803695678711,0.06213604286313057,0.0007306186453206465,0.13386798463761806,0.1160364393144846,0.003958248358685523,29.153997285969297
radial,15,0.9088606263200443,0.10799999535083771,0.006543796509504318,1947.488265991211,0.06127287168055773,0.0007278626726474613,0.13399284705519676,0.11610367242246866,0.00390758435241878,30.129273382479933
radial,15,0.9194488585409191,0.10799999535083771,0.0066200317814946175,1952.1797790527344,0.06040661595761776,0.0007283785089384764,0.13411268778145313,0.11616953369230032,0.003858966054394841,31.127347155382232
radial,15,0.9301447102593051,0.10799999535083771,0.006697041913866997,1956.8775024414062,0.05953732645139098,0.0007322246674448252,0.13422740809619427,0.11623398307710886,0.0038124183483887464,32.14874698506172
radial,15,0.9409492162780629,0.10799999535083771,0.006774834357202053,1961.5806884765625,0.058665032498538494,0.0007394751810352318,0.13433690089732409,0.11629697121679783,0.0037679748493246734,33.194055014119584
radial,15,0.9518636701007684,0.10799999535083771,0.0068534184247255325,1966.2885284423828,0.05778976529836655,0.0007502203370677307,0.1344410516321659,0.11635844316333532,0.0037256782816257328,34.26392657576314
radial,15,0.9628889771799247,0.10799999535083771,0.0069328006356954575,1971.0000457763672,0.05691155372187495,0.0007645678779226728,0.1345396926626563,0.11641834210604429,0.0036855822545476258,35.35916347931021
radial,15,0.9740264310191076,0.10799999535083771,0.007012990303337574,1975.7140197753906,0.0560304238460958,0.0007826438886695541,0.1346326507627964,0.11647659912705421,0.003647750476375222,36.480322356294884
radial,15,0.9852770664211776,0.10799999535083771,0.007093994878232479,1980.4291687011719,0.05514640361070633,0.0008045942158787511,0.13471971452236176,0.11653313878923655,0.003612259024521336,37.62846235791149
radial,15,0.9966419828641746,0.10799999535083771,0.007175822276622057,1985.1438751220703,0.05425951723009348,0.0008305857845698483,0.13480066880583763,0.116587876342237,0.003579196141799912,38.8044252132813
radial,15,1.0081224091764953,0.10799999535083771,0.0072584813460707664,1989.8565521240234,0.05336978565901518,0.000860807929711882,0.13487522769719362,0.11664072517305613,0.0035486631968524307,40.00923037192782
radial,15,1.019719574186537,0.10799999535083771,0.007341980934143066,1994.5650939941406,0.05247723124921322,0.000895474266144447,0.13494309969246387,0.11669158469885588,0.003520776575896889,41.24386422976304
radial,15,1.031434577372339,0.10799999535083771,0.007426328957080841,1999.2674560546875,0.05158187774941325,0.0009348244348075241,0.13500395696610212,0.11674034222960472,0.0034956674790009856,42.50967814543627
radial,15,1.0432687122374773,0.10799999535083771,0.007511534728109837,2003.9610443115234,0.05068375123664737,0.0009791261763894,0.13505741860717535,0.11678688507527113,0.003473484772257507,43.807771960089376
radial,15,1.0552231429351702,0.10799999535083771,0.0075976066291332245,2008.643081665039,0.049782879650592804,0.0010286775068379939,0.13510308042168617,0.11683107353746891,0.0034543911169748753,45.139626642537934
radial,15,1.0672990336186357,0.10799999535083771,0.007684553042054176,2013.3104705810547,0.048879291862249374,0.0010838094749487936,0.13514053262770176,0.11687277257442474,0.0034385420731268823,46.50660103288024
radial,15,1.0794976777914498,0.10799999535083771,0.007772383280098438,2017.9598693847656,0.047973016276955605,0.0011448830045992509,0.13516935799270868,0.11691181734204292,0.0034260843240190297,47.91030556183723
radial,15,1.0918203689571884,0.10799999535083771,0.007861106656491756,2022.5875091552734,0.04706409480422735,0.0012122806438128464,0.13518911227583885,0.11694804672151804,0.0034171752631664276,49.351888934657985
radial,15,1.1042681419187121,0.10799999535083771,0.007950730621814728,2027.1896667480469,0.046152565628290176,0.0012864107266068459,0.13519928231835365,0.116981266066432,0.003411988524021581,50.832330047595406
radial,15,1.1168426782306697,0.10799999535083771,0.008041267283260822,2031.761947631836,0.04523848416283727,0.0013677195238415152,0.13519934192299843,0.11701127234846354,0.003410716919461265,52.35265167975206
radial,15,1.1295448833455641,0.10799999535083771,0.008132723160088062,2036.299560546875,0.04432189650833607,0.0014566972677130252,0.1351886736229062,0.11703784391283989,0.0034135746536776423,53.91368905927438
radial,15,1.1423761801173289,0.10799999535083771,0.008225108496844769,2040.7975158691406,0.043402861803770065,0.0015538828884018585,0.13516661897301674,0.11706073489040136,0.0034207997377961874,55.51660283089236
radial,15,1.1553378620495398,0.10799999535083771,0.008318432606756687,2045.249740600586,0.042481450363993645,0.0016598686634097248,0.1351324412971735,0.11707968171685934,0.0034326557943131775,57.16231320985213
radial,15,1.1684313519961305,0.10799999535083771,0.008412705734372139,2049.6498107910156,0.04155773622915149,0.0017753055435605347,0.1350853331387043,0.11709439102560282,0.0034494351129978895,58.851773017302385
radial,15,1.1816579434606764,0.10799999535083771,0.00850793719291687,2053.9908142089844,0.04063180508092046,0.0019009091047337279,0.1350244116038084,0.11710454989224672,0.0034714610956143588,60.586261137607366
radial,15,1.1950188005963962,0.10799999535083771,0.008604135364294052,2058.2645416259766,0.03970375144854188,0.0020374658779473975,0.13494870625436306,0.117109808139503,0.003499088285025209,62.36672318095404
radial,15,1.2085157343082957,0.10799999535083771,0.00870131328701973,2062.462356567383,0.03877369360998273,0.002185836769058369,0.13485718239098787,0.11710978858172894,0.0035326761717442423,64.19435049149365
radial,15,1.222149779399236,0.10799999535083771,0.0087994784116745,2066.5748443603516,0.03784176614135504,0.002346948196645826,0.13474879879504442,0.11710407491773367,0.003572571062250063,66.07021216794575
radial,15,1.2359222293727927,0.10799999535083771,0.008898640051484108,2070.592987060547,0.03690794366411865,0.002521769332815893,0.13462256267666817,0.11709221266210079,0.003619056078605354,67.99612267485725
radial,15,1.2498348951339722,0.10799999535083771,0.0089988112449646,2074.5093383789062,0.03597202803939581,0.0027112927054986358,0.13447762094438076,0.11707369796931744,0.0036722670192830265,69.97512350836627
radial,15,1.2638889408359926,0.10799999535083771,0.009100000374019146,2078.3143005371094,0.03503438737243414,0.00291640154318884,0.13431333750486374,0.11704798694700003,0.0037321960262488574,72.00928923726893
radial,15,1.2800925307803683,0.10799999535083771,0.009216666221618652,2082.5020294189453,0.03396383789367974,0.0031704653229098767,0.13410158082842827,0.11700909305363894,0.0038086466083768755,74.3979982029683
radial,15,1.2962962500751019,0.10799999535083771,0.009333333000540733,2086.459747314453,0.03290681820362806,0.0034435829729773104,0.1338662849739194,0.11695982981473207,0.0038924172113183886,76.82956204103574
radial,15,1.3124999693698354,0.10799999535083771,0.009449999779462814,2090.189453125,0.031860213028267026,0.0037375789834186435,0.13360656052827835,0.11689938604831696,0.003983359667472541,79.31359840099638
radial,15,1.3219715199536748,0.10799999535083771,0.009518194943666458,2092.276397705078,0.031248994637280703,0.0039207513618748635,0.13344226125627756,0.11685837805271149,0.004040080413687974,80.80212406587034
radial,15,1.3315346505906847,0.10799999535083771,0.00958704948425293,2094.306442260742,0.030633765505626798,0.004114116221899167,0.13326730206608772,0.11681260820478201,0.004099785612197593,82.33078252783046
radial,15,1.3411898786822956,0.10799999535083771,0.009656567126512527,2096.2616119384766,0.030018185963854194,0.004317087965318933,0.13308231439441442,0.1167620113119483,0.004162121913395822,83.89161862131638
radial,15,1.3509387564327981,0.10799999535083771,0.009726759046316147,2098.1400451660156,0.029401466017588973,0.004530449514277279,0.13288672268390656,0.11670622508972883,0.004227144934702665,85.4877871085271
radial,15,1.360781542542908,0.10799999535083771,0.009797627106308937,2099.9385986328125,0.028783006826415658,0.004754979774588719,0.13267997093498707,0.11664485651999712,0.004294893005862832,87.12244039419741
radial,15,1.3707195305162005,0.10799999535083771,0.009869180619716644,2101.6516876220703,0.02816287730820477,0.004991285008145496,0.13246165495365858,0.11657754983752966,0.004365332861198112,88.79706414139261
radial,15,1.3807532377541065,0.10799999535083771,0.009941423311829567,2103.2732696533203,0.027541242074221373,0.005239977210294455,0.1322314189746976,0.11650393344461918,0.004438414121977985,90.51303275786607
radial,15,1.3908842164609168,0.10799999535083771,0.0100143663585186,2104.796585083008,0.02691823267377913,0.005501723324414343,0.13198883831501007,0.11642360035330057,0.0045140821021050215,92.27183212150992
radial,15,1.4011129840380616,0.10799999535083771,0.010088013485074043,2106.2151794433594,0.02629398205317557,0.005777236772701144,0.1317335106432438,0.11633612588047981,0.004592273733578622,94.07538361438118
radial,15,1.411440445938044,0.10799999535083771,0.010162371210753918,2107.5213165283203,0.025668639224022627,0.006067274603992701,0.13146496564149857,0.11624104622751474,0.004672914277762175,95.9250494283059
radial,15,1.4218677663140826,0.10799999535083771,0.010237447917461395,2108.707534790039,0.025042369263246655,0.0063726414809934795,0.13118276372551918,0.11613787617534399,0.00475591653957963,97.82299973909275
radial,15,1.4323955919179652,0.10799999535083771,0.010313248261809349,2109.7652130126953,0.024415353313088417,0.006694193580187857,0.1308864075690508,0.11602609232068062,0.0048411787720397115,99.77090265304737
radial,15,1.443025345603625,0.10799999535083771,0.0103897824883461,2110.685516357422,0.023787785321474075,0.007032840978354216,0.13057541102170944,0.11590513307601213,0.004928585083689541,101.77100562006497
radial,15,1.4537578034732077,0.10799999535083771,0.010467056185007095,2111.458984375,0.02315988251939416,0.0073895505629479885,0.13024924974888563,0.11577440518885851,0.005018000490963459,103.82523606222941
radial,15,1.4645937416288588,0.10799999535083771,0.010545074939727783,2112.0753173828125,0.022531880997121334,0.0077653503976762295,0.1299073901027441,0.11563327442854643,0.005109271383844316,105.93590769044057
radial,15,1.4755344535741541,0.10799999535083771,0.01062384806573391,2112.523727416992,0.0219040394295007,0.008161333564203233,0.12954927328974009,0.1154810581356287,0.0052022215677425265,108.10522521983025
radial,15,1.4865807154112392,0.10799999535083771,0.010703381150960922,2112.792694091797,0.02127663418650627,0.008578663924708962,0.12917432840913534,0.11531703360378742,0.00529665156500414,110.33580807609165
radial,15,1.4977338206436899,0.10799999535083771,0.010783683508634567,2112.8697357177734,0.020649966085329652,0.009018580371048301,0.12878195382654667,0.11514042410999537,0.005392335413489491,112.629894184775
radial,15,1.508994804074367,0.10799999535083771,0.010864762589335442,2112.741729736328,0.020024365512654185,0.009482399211265147,0.12837154604494572,0.1149503905326128,0.005489016533829272,114.99039165053172
radial,15,1.5203644418054156,0.10799999535083771,0.010946623980998993,2112.394561767578,0.019400191493332386,0.009971518884412944,0.12794246710836887,0.11474605463445187,0.005586405459325761,117.41982179119702
radial,15,1.531843768639697,0.10799999535083771,0.011029275134205818,2111.8133544921875,0.018777831690385938,0.010487429215572774,0.1274940650910139,0.11452646646648645,0.005684176168870181,119.92123120684953
radial,15,1.5434340780807867,0.10799999535083771,0.011112725362181664,2110.9818572998047,0.01815770543180406,0.01103171578142792,0.12702566292136908,0.11429060436785221,0.005781961954198778,122.49746363975045
radial,15,1.5551364049315453,0.10799999535083771,0.011196982115507126,2109.8832244873047,0.017540266504511237,0.011606066604144871,0.12653658911585808,0.11403738521039486,0.0058793515781871974,125.15175650719294
radial,15,1.5669516546444762,0.10799999535083771,0.011282051913440228,2108.499053955078,0.01692600967362523,0.01221227296628058,0.12602613121271133,0.11376564484089613,0.0059758833958767354,127.88726325475044
radial,15,1.5788811207231548,0.10799999535083771,0.011367944069206715,2106.8099060058594,0.016315473592840135,0.012852240935899317,0.12549358792603016,0.11347413621842861,0.006071040173992515,130.7074155207421
radial,15,1.5909257086200848,0.10799999535083771,0.01145466510206461,2104.795120239258,0.015709240455180407,0.013527993811294436,0.12493823003023863,0.11316152941435575,0.0061642436776310205,133.61551136717353
radial,15,1.6030867118388414,0.10799999535083771,0.011542224325239658,2102.4325408935547,0.015107941231690347,0.01424168620724231,0.12435932643711567,0.11282640509307384,0.006254848733078688,136.6152674376363
radial,15,1.6153650358319283,0.10799999535083771,0.011630628257989883,2099.6986541748047,0.014512256137095392,0.014995605451986194,0.12375613953918219,0.11246723309159279,0.0063421353697776794,139.71021334135816
radial,15,1.627762232803636,0.10799999535083771,0.01171988807618618,2096.5684356689453,0.013922930811531842,0.015792176011018455,0.12312792986631393,0.11208242364227772,0.006425328960176557,142.9042538194003
radial,15,1.6402790788561106,0.10799999535083771,0.011810009367763996,2093.015121459961,0.013340772246010602,0.01663385855499655,0.12247397657483816,0.11167046520859003,0.006503707263618708,146.20116498424187
radial,15,1.65291673814257,0.10799999535083771,0.011901000514626503,2089.0119018554688,0.012766604078933597,0.01752299873623997,0.12179356534034014,0.1112299133092165,0.006576596992090344,149.60175649725838
radial,15,1.6656766335169475,0.10799999535083771,0.011992871761322021,2084.5323181152344,0.012201240053400397,0.018461876781657338,0.12108599860221148,0.1107592573389411,0.006643267930485308,153.10258938639635
radial,15,1.6785596704317465,0.10799999535083771,0.012085629627108574,2079.5494079589844,0.011645521561149508,0.019452840322628617,0.12035059183835983,0.11025691498070955,0.006702908896841109,156.69659807703914
radial,15,1.6915671423905425,0.10799999535083771,0.012179283425211906,2074.035369873047,0.011100350180640817,0.02049833443015814,0.11958672665059566,0.10972119867801666,0.006754607311449945,160.3743315586451
radial,15,1.7047003428969119,0.10799999535083771,0.012273842468857765,2067.9615478515625,0.01056670187972486,0.021600920474156737,0.11879381723701954,0.10915031004697084,0.006797331618145108,164.1251950333522
radial,15,1.717960306753715,0.10799999535083771,0.012369314208626747,2061.297592163086,0.010045633127447218,0.02276329672895372,0.11797132901847363,0.10854232404381037,0.0068299208069220185,167.93704481510878
radial,15,1.7313483274645276,0.10799999535083771,0.012465707957744598,2054.0115356445312,0.009538286365568638,0.023988313740119338,0.11711882427334785,0.1078951945528388,0.006851069745607674,171.79661443554173
radial,15,1.7448658278832834,0.10799999535083771,0.01256303396075964,2046.0698699951172,0.009045896644238383,0.025278967805206776,0.11623589601367712,0.10720672365278006,0.006859316723421216,175.68960342961785
radial,15,1.7585137134624853,0.10799999535083771,0.012661298736929893,2037.4370880126953,0.008569799130782485,0.026638402603566647,0.11532229091972113,0.10647457838058472,0.006853029248304665,179.6005523860462
radial,15,1.7722935364064243,0.10799999535083771,0.012760513462126255,2028.077865600586,0.008111402799841017,0.028069862397387624,0.11437782738357782,0.10569646395742893,0.006830522615928203,183.51343117808216
radial,15,1.7862063315179613,0.10799999535083771,0.012860685586929321,2017.9648132324219,0.00767182616982609,0.029575676657259464,0.11340246070176363,0.10487091168761253,0.006790693092625588,187.4122366593523
radial,15,1.8002537803517449,0.10799999535083771,0.012961827218532562,2007.0940246582031,0.007251296425238252,0.031155413249507546,0.11239623930305243,0.10399829968810081,0.0067338073858991265,191.28658333105017
radial,15,1.8144367883602779,0.10799999535083771,0.013063944876194,1995.4788818359375,0.006849374447483569,0.032806506380438805,0.11135930847376585,0.10308039654046297,0.006661141407676041,195.13326869510476
radial,15,1.8287566490471363,0.10799999535083771,0.013167047873139381,1983.1363830566406,0.006465529906563461,0.034526057075709105,0.11029190104454756,0.10211924370378256,0.006574128870852292,198.9503828522986
radial,15,1.843215043966969,0.10799999535083771,0.013271148316562176,1970.0835876464844,0.006099228048697114,0.03631114633753896,0.10919435415416956,0.10111688449978828,0.006474146561231464,202.73559368954062
radial,15,1.8578131372729938,0.10799999535083771,0.013376254588365555,1956.338394165039,0.005749927193392068,0.03815885726362467,0.10806706454604864,0.10007533524185419,0.006362513289786875,206.48705885094475
radial,15,1.8725520931184292,0.10799999535083771,0.01348237507045269,1941.918960571289,0.005417080858023837,0.0400662855245173,0.10691048018634319,0.09899659641087055,0.00624048727331683,210.20285357632392
radial,15,1.8874333343572087,0.10799999535083771,0.013589520007371902,1926.8437194824219,0.0051001416286453605,0.042030544485896826,0.10572513192892075,0.09788263775408268,0.006109267589636147,213.8811385356588
radial,15,1.9024584131936233,0.10799999535083771,0.013697700574994087,1911.1318817138672,0.004798567213583738,0.044048736337572336,0.1045116214081645,0.09673541551455855,0.005969993653707206,217.52006257824493
radial,15,1.9176287524816062,0.10799999535083771,0.013806927017867565,1894.802963256836,0.004511820006882772,0.046117973513901234,0.1032706149853766,0.09555687801912427,0.005823746265377849,221.11739747209634
radial,15,1.932945516374376,0.10799999535083771,0.013917207717895508,1877.8766021728516,0.00423936516745016,0.048235401045531034,0.10200283909216523,0.0943489233031869,0.005671546095982194,224.67114392706586
radial,15,1.948410127725866,0.10799999535083771,0.014028552919626236,1860.37255859375,0.0039806698623578995,0.05039822589606047,0.10070904344320297,0.09311340842396021,0.005514352873433381,228.17924409861064
radial,15,1.964024268090725,0.10799999535083771,0.01414097473025322,1842.3106536865234,0.003735208185389638,0.05260368762537837,0.09939003270119429,0.09185214480385184,0.005353067419491708,231.6396593562759
radial,15,1.9797892309725285,0.10799999535083771,0.014254482463002205,1823.711166381836,0.0035024655808229,0.05484903324395418,0.09804667253047228,0.09056693688035011,0.005188536364585161,235.04997131586362
radial,15,1.9957065685755677,0.10799999535083771,0.014369087293744087,1804.5949096679688,0.003281939367298037,0.057131519075483084,0.09667988959699869,0.0892595574259758,0.005021552671678364,238.40740876391078
radial,15,2.0117773157027035,0.10799999535083771,0.014484796673059464,1784.982681274414,0.003073135536396876,0.05944845685735345,0.09529064875096083,0.08793175127357244,0.004852854355704039,241.70928298994815
radial,15,2.0280035419596567,0.10799999535083771,0.014601625502109528,1764.8949737548828,0.002875566016882658,0.06179723562672734,0.09387991856783628,0.08658518362790346,0.00468312349403277,244.95287381749515
radial,15,2.0443865408500037,0.10799999535083771,0.014719583094120026,1744.3521728515625,0.0026887530111707747,0.06417530914768577,0.09244869230315089,0.08522147964686155,0.004512990533839911,248.13510799913553
radial,15,2.0609278645780353,0.10799999535083771,0.014838680624961853,1723.3750915527344,0.002512231978471391,0.06658015586435795,0.09099800884723663,0.08384224027395248,0.00434303778456524,251.25225925341468
radial,15,2.0776288066473274,0.10799999535083771,0.014958927407860756,1701.984634399414,0.0023455524060409516,0.06900927983224392,0.08952895691618323,0.08244903851300478,0.00417380197905004,254.30016059412307
radial,15,2.094490919262171,0.10799999535083771,0.01508033461868763,1680.2018280029297,0.002188274636864662,0.0714602442458272,0.08804263267666101,0.08104340638965368,0.00400577302207239,257.2743470185373
radial,15,2.1115162720282874,0.10799999535083771,0.015202917158603668,1658.0472869873047,0.0020399705972522497,0.07393068354576826,0.08654013508930802,0.07962681446224451,0.0038393960567191243,260.1700770105813
radial,15,2.1287057703981795,0.10799999535083771,0.015326681546866894,1635.5418853759766,0.001900225382996723,0.0764182722195983,0.085022599902004,0.07820070162415504,0.003675075015053153,262.9825092407905
radial,15,2.146061354627212,0.10799999535083771,0.015451641753315926,1612.7070617675781,0.001768640082445927,0.07892067171633244,0.08349121268838644,0.07676651189103723,0.0035131780023220927,265.7057867150835
radial,15,2.16358483562039,0.10799999535083771,0.015577810816466808,1589.5647735595703,0.0016448300739284605,0.08143555372953415,0.0819472000002861,0.07532567624002695,0.00335403744247742,268.3333053073887
radial,15,2.18127750688129,0.10799999535083771,0.015705198049545288,1566.1370544433594,0.0015284234250430018,0.08396061882376671,0.08039182052016258,0.07387959165498614,0.003197950543835759,270.85805125103354
radial,15,2.1991407912638454,0.10799999535083771,0.015833813697099686,1542.4461822509766,0.001419060761691071,0.08649360667914152,0.07882633758708835,0.07242963230237365,0.0030451806378550828,273.27272878971195
radial,15,2.217176887724135,0.10799999535083771,0.01596367359161377,1518.5144653320312,0.0013163955882191658,0.08903227280825377,0.07725204527378082,0.07097714208066463,0.002895959943998605,275.57006541452813
radial,15,2.235387089765734,0.10799999535083771,0.016094787046313286,1494.364486694336,0.0012200950150145218,0.09157436992973089,0.07567028142511845,0.06952347606420517,0.002750492509221658,277.7421010645061
radial,15,2.25377320829365,0.10799999535083771,0.01622716709971428,1470.0195541381836,0.0011298393656034023,0.09411764703691006,0.07408243278041482,0.06806998187676072,0.0026089558377861977,279.7802288472311
radial,15,2.2723370542128882,0.10799999535083771,0.016360826790332794,1445.5033569335938,0.001045320532284677,0.0966598792001605,0.07248989446088672,0.0666179833933711,0.0024715004255995154,281.67450487551804
radial,15,2.2910799210270247,0.10799999535083771,0.016495775431394577,1420.8394927978516,0.0009662407828727737,0.09919890202581882,0.07089405041188002,0.06516875931993127,0.002338249556487426,283.4147152894127
radial,15,2.310004137042496,0.10799999535083771,0.01663202978670597,1396.052230834961,0.0008923139102989808,0.10173258278518915,0.06929629016667604,0.06372356973588467,0.002209303231211379,284.98953316827425
radial,15,2.329111254463593,0.10799999535083771,0.01676960103213787,1371.1664123535156,0.0008232662439695559,0.1042587636038661,0.06769805145449936,0.06228366959840059,0.0020847409614361823,286.3863061115005
radial,15,2.348402308093177,0.10799999535083771,0.016908496618270874,1346.2081451416016,0.0007588359803776257,0.10677529405802488,0.06610080134123564,0.060850330628454685,0.001964623515959829,287.5914589483249
radial,15,2.3678804023398294,0.10799999535083771,0.01704873889684677,1321.2033004760742,0.0006987713459238876,0.10928006749600172,0.06450600130483508,0.059424778213724494,0.0018489914509700611,288.59064886498857
radial,15,2.387546313305696,0.10799999535083771,0.01719033345580101,1296.1772918701172,0.0006428296001104172,0.11177106387913227,0.06291505065746605,0.0580081706866622,0.0017378641350660473,289.3702260334477
radial,15,2.407402369297213,0.10799999535083771,0.017333297058939934,1271.1553039550781,0.0005907775921514258,0.11424635350704193,0.061329328920692205,0.056601615622639656,0.001631242674193345,289.9164220560479
radial,15,2.427449863817957,0.10799999535083771,0.01747763901948929,1246.1625366210938,0.0005423929542303085,0.1167039955034852,0.05975021910853684,0.055206213146448135,0.0015291143208742142,290.21549183247316
radial,15,2.4476911251743636,0.10799999535083771,0.017623376101255417,1221.2251815795898,0.0004974656330887228,0.11914199497550726,0.058179165702313185,0.05382309574633837,0.001431457363651134,290.25521197855886
radial,15,2.4681282229721546,0.10799999535083771,0.017770523205399513,1196.3689727783203,0.0004557956417556852,0.12155831512063742,0.05661762738600373,0.05245339008979499,0.0013382383476709947,290.02554983845954
radial,15,2.4887627094156213,0.10799999535083771,0.017919091507792473,1171.617790222168,0.0004171891196165234,0.12395114544779062,0.05506692733615637,0.05109808663837612,0.001249405468115583,289.5179914209844
radial,15,2.5095963954097695,0.10799999535083771,0.01806909404695034,1146.9932708740234,0.00038145836879266426,0.12631889712065458,0.0535282373894006,0.049758038483560085,0.0011648892614175566,288.72429012657176
radial,15,2.5306310918596058,0.10799999535083771,0.01822054386138916,1122.5167617797852,0.000348424022377003,0.12866011541336775,0.05200266861356795,0.04843403212726116,0.0010846089280676097,287.6356629356619
radial,15,2.551868868370851,0.10799999535083771,0.018373455852270126,1098.2095336914062,0.0003179157338308869,0.13097339309751987,0.050491291331127286,0.04712680168449879,0.0010084756067954004,286.243127452976
radial,15,2.5733123119506573,0.10799999535083771,0.01852784864604473,1074.0923461914062,0.00028977149122511037,0.13325744308531284,0.048995113000273705,0.045837021665647626,0.0009363920908072032,284.5381452083115
radial,15,2.5949627161026,0.10799999535083771,0.01868373155593872,1050.1852340698242,0.0002638370879139984,0.13551108539104462,0.047515051206573844,0.044565286953002214,0.0008682536645210348,282.5129047436864
radial,15,2.616821891731686,0.10799999535083771,0.01884111762046814,1026.5072402954102,0.00023996603886189405,0.13773323968052864,0.046051953453570604,0.04331211280077696,0.000803948896646034,280.1607888133796
radial,15,2.638892684545782,0.10799999535083771,0.01900002732872963,1003.0751495361328,0.00021801838011015207,0.139923008158803,0.04460650053806603,0.04207787592895329,0.000743358235922642,277.47754223727605
radial,15,2.6611766467491784,0.10799999535083771,0.019160471856594086,979.9085235595703,0.0001978647596843075,0.14207933470606804,0.04317951877601445,0.04086305620148778,0.0006863664675620385,274.4552162745177
radial,15,2.6836755892468824,0.10799999535083771,0.019322464242577553,957.0342407226562,0.00017938819837581832,0.14420085959136486,0.04177220072597265,0.03966843942180276,0.0006328690142254345,271.0743242780537
radial,15,2.706392099046045,0.10799999535083771,0.019486023113131523,934.4029541015625,0.00016245421829808038,0.14629224874079227,0.04038102459162474,0.03849324584007263,0.0005827096902066842,267.4106768885225
radial,15,2.706392099046045,0.10799999535083771,0.019486023113131523,934.4029541015625,0.00016245421829808038,0.14629224874079227,0.04038102459162474,0.03849324584007263,0.0005827096902066842,267.4106768885225
radial,15,2.7293277283509574,0.10799999535083771,0.019651159644126892,912.0019912719727,0.00014692508557345718,0.14835150167346,0.03900508093647659,0.03733637556433678,0.0005357135050871875,263.4966413158879
radial,15,2.7524850641687713,0.10799999535083771,0.019817892462015152,889.9101486206055,0.00013271636453282554,0.15037264674901962,0.037648998433724046,0.03619907679967582,0.0004917871119687334,259.25072673637675
radial,15,2.775865917404493,0.10799999535083771,0.019986234605312347,868.173583984375,0.000119765547424322,0.15235595405101776,0.03631497314199805,0.03508313000202179,0.0004508719066507183,254.6340564180626
radial,15,2.7994728750652738,0.10799999535083771,0.02015620470046997,846.8143844604492,0.00010798859602800803,0.15430022962391376,0.03500391950365156,0.03398909978568554,0.0004128629916522186,249.6336825314347
radial,15,2.8233080067568355,0.10799999535083771,0.020327817648649216,825.8361358642578,9.729546036396641e-05,0.15620551817119122,0.0337158003821969,0.03291674656793475,0.0003776212106458843,244.25856205522297
radial,15,2.8473731233841844,0.10799999535083771,0.020501086488366127,805.2396621704102,8.760155560594285e-05,0.15807203575968742,0.03245048923417926,0.03186576417647302,0.00034500768742873333,238.52142303208575
radial,15,2.871670811954472,0.10799999535083771,0.020676029846072197,785.0226211547852,7.882743375375867e-05,0.15990013256669044,0.03120774996932596,0.030835768207907677,0.0003148842297377996,232.43898650910336
radial,15,2.8962031420734196,0.10799999535083771,0.02085266262292862,765.1797256469727,7.089843165886123e-05,0.16169029101729393,0.029987254296429455,0.029826307436451316,0.0002871135056921048,226.03179567289254
radial,15,2.9209721833467484,0.10799999535083771,0.021030999720096588,745.7044982910156,6.374486883942154e-05,0.16344307363033295,0.028788652969524264,0.028836919227615,0.0002615608864289243,219.32369963277932
radial,15,2.9459807814823256,0.10799999535083771,0.021211061626672745,726.5909881591797,5.730204884457635e-05,0.16515899263322353,0.02761161600938067,0.027867173310369253,0.00023809567574062385,212.34182489676067
radial,15,2.9712310060858727,0.10799999535083771,0.021392863243818283,707.8339233398438,5.150966853761929e-05,0.16683856584131718,0.026455841958522797,0.02691665757447481,0.00021659045160049573,205.1169954979209
radial,15,2.9967249267631106,0.10799999535083771,0.021576419472694397,689.4284820556641,4.631124147636001e-05,0.16848231852054596,0.025321038614492863,0.02598498680163175,0.00019692036039486993,197.6843062656824
radial,15,3.0224651305211916,0.10799999535083771,0.02176174893975258,671.3711357116699,4.165403652223176e-05,0.1700907200574875,0.024206981528550386,0.025071829790249467,0.0001789639427443035,190.08220927494773
radial,15,3.0484542043672667,0.10799999535083771,0.02194887027144432,653.6607131958008,3.7489235182874836e-05,0.171664135530591,0.023113564995583147,0.02417696686461568,0.00016260456595773576,182.35074571526724
radial,15,3.0746942179070578,0.10799999535083771,0.022137798368930817,636.2993927001953,3.37718856826541e-05,0.17320275120437145,0.022040866664610803,0.023300326894968748,0.00014773117982258555,174.53057718656294
radial,15,3.1011874994470014,0.10799999535083771,0.02232854999601841,619.2930908203125,3.0460767902695807e-05,0.17470655590295792,0.020989172160625458,0.022442020825110376,0.00013423884138319409,166.66163942513504
radial,15,3.1279368946949644,0.10799999535083771,0.02252114564180374,602.6516189575195,2.751789156718587e-05,0.17617535591125488,0.019958982709795237,0.02160234155599028,0.00012202789184811991,158.78270396683354
radial,15,3.1549444732566676,0.10799999535083771,0.022715600207448006,586.3875961303711,2.4907649162742018e-05,0.17760884016752243,0.01895098650129512,0.020781744155101478,0.00011100189476564992,150.93140919829764
radial,15,3.1822130808399782,0.10799999535083771,0.022911934182047844,570.5180206298828,2.2596882331527013e-05,0.1790065187960863,0.01796614221530035,0.019980905926786363,0.00010106860736414092,143.1418792000602
radial,15,3.209744787050618,0.10799999535083771,0.02311016246676445,555.0652885437012,2.0555272840283578e-05,0.1803676225244999,0.017005743749905378,0.0192007893929258,9.214186957251513e-05,135.4402657526047
radial,15,3.2375426962971687,0.10799999535083771,0.023310307413339615,540.0547790527344,1.8755083374344395e-05,0.18169130198657513,0.016071248770458624,0.018442496191710234,8.414108651777497e-05,127.8430147732995
radial,15,3.265609395586782,0.10799999535083771,0.02351238764822483,525.5124702453613,1.7170940111554955e-05,0.18297668173909187,0.01516413630452007,0.01770715171005577,7.699068510191864e-05,120.35700654627387
radial,15,3.2939466958244643,0.10799999535083771,0.023716416209936142,511.46395111083984,1.5779817431393894e-05,0.18422294408082962,0.014285821554949507,0.016995834128465503,7.062017039061175e-05,112.98071559943492
radial,15,3.3225579601195125,0.10799999535083771,0.02392241731286049,497.93085861206055,1.4560827310106106e-05,0.18542944267392159,0.013437430490739644,0.01630938844755292,6.496333094219153e-05,105.70817885628405
radial,15,3.3514457754790783,0.10799999535083771,0.024130409583449364,484.92710876464844,1.3494845120476384e-05,0.18659589067101479,0.012619558518053964,0.01564822852378711,5.995687456561427e-05,98.53693860888804
radial,15,3.3806124702095985,0.10799999535083771,0.02434040978550911,472.45727920532227,1.2564196026687569e-05,0.1877223551273346,0.011832182644866407,0.015012263669632375,5.55394658476871e-05,91.47609185838687
radial,15,3.41006089001894,0.10799999535083771,0.024552438408136368,460.51738357543945,1.1752517764307413e-05,0.18880914896726608,0.011074747366365045,0.014400967978872359,5.165162951925595e-05,84.55226615277662
radial,15,3.4397938806149697,0.10799999535083771,0.02476651594042778,449.0983695983887,1.1044854602459964e-05,0.18985663168132305,0.010346406430471689,0.013813578349072486,4.8236636530418764e-05,77.8120772521679
radial,15,3.469814029004839,0.10799999535083771,0.02498266100883484,438.1910820007324,1.0427869739260132e-05,0.1908649317920208,0.009646371298003942,0.013249383482616395,4.5241948782859254e-05,71.32056078841057
radial,15,3.5001239221956997,0.10799999535083771,0.025200892239809036,427.7911682128906,9.889775526517042e-06,0.19183373637497425,0.008974273136118427,0.012708021211437881,4.261973697339272e-05,65.15720544924517
radial,15,3.5307266645961337,0.10799999535083771,0.025421231985092163,417.9028434753418,9.420036263918519e-06,0.19276229292154312,0.008330457611009479,0.012189727975055575,4.0326600981188676e-05,59.4106496203409
radial,15,3.5616253606147237,0.10799999535083771,0.02564370259642601,408.5416488647461,9.009431835238502e-06,0.1936494205147028,0.007716218155110255,0.011695535387843847,3.832406775927666e-05,54.171683072376645
radial,15,3.5928220798571906,0.10799999535083771,0.02586831897497177,399.7341842651367,8.650305744595244e-06,0.19449354521930218,0.007133771476219408,0.011227248818613589,3.657930380995822e-05,49.52787540287077
radial,15,3.624320444133547,0.10799999535083771,0.026095107197761536,391.51158905029297,8.336434873967846e-06,0.19529253616929054,0.0065857176668941975,0.010786975675728172,3.5064071937540575e-05,45.56476352698348
radial,15,3.656122523049514,0.10799999535083771,0.026324082165956497,383.90001678466797,8.062071749748156e-06,0.19604327157139778,0.006074264310882427,0.010376448393799365,3.3751838543594204e-05,42.368659114299525
radial,15,3.688232455816534,0.10799999535083771,0.026555273681879044,376.91588973999023,7.821325020529457e-06,0.19674148224294186,0.005600936652626842,0.009996775013860315,3.2615350789910735e-05,40.01062949570622
radial,15,3.720652312040329,0.10799999535083771,0.02678869664669037,370.56762313842773,7.608416840554355e-06,0.19738289155066013,0.0051668366068042815,0.009648701350670308,3.162736447848147e-05,38.50523159977927
radial,15,3.7533851961294813,0.10799999535083771,0.027024373412132263,364.8576545715332,7.418105838041811e-06,0.19796464778482914,0.004772815416799858,0.009332813322544098,3.076245869237937e-05,37.77819387717158
radial,15,3.7864347298940024,0.10799999535083771,0.027262330055236816,359.7814178466797,7.2461339115648116e-06,0.1984858363866806,0.0044193570502102375,0.009049455111380666,2.999827708549674e-05,37.67447557652662
radial,15,3.8198029829396143,0.10799999535083771,0.027502581477165222,355.3245658874512,7.089026832218792e-06,0.19894705899059772,0.004106362102902494,0.00879853602964431,2.9316393380440786e-05,37.99797896366176
radial,15,3.8534935770763292,0.10799999535083771,0.02774515375494957,351.46042251586914,6.943946669224488e-06,0.19934990629553795,0.0038329116359818727,0.008579308399930596,2.8701932365038374e-05,38.55711643758412
radial,15,3.8875101341141596,0.10799999535083771,0.027990072965621948,348.14778900146484,6.808788199919036e-06,0.19969673454761505,0.0035970127064501867,0.008390149101614952,2.8142825556187745e-05,39.1978707686566
radial,15,3.921854723658827,0.10799999535083771,0.02823735401034355,345.33167266845703,6.681911680850305e-06,0.19999125972390175,0.003395535852178,0.008228518534451723,2.762904034625535e-05,39.81666787098899
radial,15,3.956530967520343,0.10799999535083771,0.02848702296614647,342.94776153564453,6.5619708693454015e-06,0.20023903623223305,0.0032244864851236343,0.008091203519143164,2.715224036364816e-05,40.35677276613122
radial,15,3.991542746209436,0.10799999535083771,0.02873910777270794,340.92945861816406,6.447901979900195e-06,0.20044685155153275,0.0030794879858149216,0.007974704669322819,2.670577338292901e-05,40.79596782706961
radial,15,4.026892388032542,0.10799999535083771,0.028993625193834305,339.2137565612793,6.33890471868348e-06,0.20062150247395039,0.002956253563752398,0.007875599374528974,2.6284521418062923e-05,41.13331254577195
radial,15,4.062583256098959,0.10799999535083771,0.029250599443912506,337.7451057434082,6.2343777753604e-06,0.20076899603009224,0.0028509118274087086,0.007790793664753437,2.588457432040059e-05,41.37859518647035
radial,15,4.0986192309194145,0.10799999535083771,0.02951005846261978,336.4769058227539,6.133856964352091e-06,0.20089436508715153,0.0027601606998359784,0.007717646891251206,2.550292372482943e-05,41.5453274057254
radial,15,4.13500341690249,0.10799999535083771,0.029772024601697922,335.3713035583496,6.036970788048102e-06,0.20100162737071514,0.002681287929590326,0.0076539882575161755,2.5137243634176798e-05,41.64713380683433
radial,15,4.171738918456766,0.10799999535083771,0.030036520212888718,334.3981056213379,5.943417980325272e-06,0.201094014570117,0.00261211532051675,0.007598075666464865,2.4785702127161358e-05,41.69613679931938
radial,15,4.208828839990828,0.10799999535083771,0.03030356764793396,333.5335273742676,5.852960538010876e-06,0.20117405615746975,0.002550911987782456,0.0075485234265215695,2.444684732338942e-05,41.70247969601486
radial,15,4.246277579416831,0.10799999535083771,0.030573198571801186,332.7587203979492,5.765416151506941e-06,0.20124375261366367,0.00249630580219673,0.007504234265070409,2.4119484136164715e-05,41.67442167325313
radial,15,4.284087982442644,0.10799999535083771,0.030845433473587036,332.0588264465332,5.680613559846254e-06,0.2013047207146883,0.002447206759825349,0.007464338559657335,2.380263311430042e-05,41.61860713815569
radial,15,4.322263412177563,0.10799999535083771,0.03112029656767845,331.4219512939453,5.59835964003292e-06,0.20135830156505108,0.0024027448453125544,0.007428142300341278,2.3495474080093004e-05,41.54037574808225
radial,15,4.360807749132316,0.10799999535083771,0.03139781579375267,330.83862686157227,5.518472163980152e-06,0.2014055848121643,0.0023622203661943786,0.007395089487545192,2.3197317052137123e-05,41.44400440746128
radial,15,4.399724097715484,0.10799999535083771,0.03167801350355148,330.3011245727539,5.440810891086485e-06,0.20144746452569962,0.0023250659760378767,0.007364729593973607,2.2907572899022455e-05,41.33294827179175
radial,15,4.439016597138511,0.10799999535083771,0.03196091949939728,329.8031349182129,5.365268423531788e-06,0.20148459635674953,0.0022908177925273776,0.007336693408433348,2.2625733145709148e-05,41.21004685910249
radial,15,4.478688869211409,0.10799999535083771,0.032246559858322144,329.3395347595215,5.291750355895623e-06,0.201517466455698,0.0022590940570808016,0.00731067534070462,2.235136169659313e-05,41.07755230846354
radial,15,4.51874401834276,0.10799999535083771,0.03253495693206787,328.9060592651367,5.220173787385423e-06,0.20154651999473572,0.002229580612038262,0.007286425039637834,2.2084084923434943e-05,40.93734811348675
radial,15,4.559186183744007,0.10799999535083771,0.03282614052295685,328.4992485046387,5.150466553701153e-06,0.20157230272889137,0.002202018840762321,0.007263737614266574,2.182359216718055e-05,40.79094181287833
radial,15,4.600018469823731,0.10799999535083771,0.033120132982730865,328.1161880493164,5.0825626547626825e-06,0.20159544795751572,0.0021761949137726333,0.007242445833981037,2.1569607095983656e-05,40.63954957147629
radial,15,4.641246050596237,0.10799999535083771,0.03341697156429291,327.75452423095703,5.0164004278499975e-06,0.20161660201847553,0.0021519284819078166,0.0072224106406793,2.132188623971132e-05,40.484181221275406
radial,15,4.682870995667246,0.10799999535083771,0.03371667116880417,327.4121513366699,4.951921378236362e-06,0.201636279001832,0.0021290654913173057,0.007203511893749237,2.1080199662293353e-05,40.32567966927017
radial,15,4.724898479051061,0.10799999535083771,0.03401926904916763,327.08729553222656,4.889069014633086e-06,0.2016548365354538,0.00210747130040545,0.00718564324779436,2.084432755911081e-05,40.164766927519864
radial,15,4.767332639959124,0.10799999535083771,0.03432479500770569,326.77831649780273,4.827786932269158e-06,0.20167246274650097,0.002087027252855478,0.0071687098243273795,2.0614050830314312e-05,40.002085159071136
radial,15,4.810175547997157,0.10799999535083771,0.03463326394557953,326.4838447570801,4.768018682187903e-06,0.2016892060637474,0.0020676282128988532,0.007152625068556517,2.0389153722710773e-05,39.83819916872293
radial,15,4.853433411982325,0.10799999535083771,0.034944720566272736,326.2025909423828,4.709709612417504e-06,0.20170504972338676,0.002049180959147634,0.0071373117389157414,2.016943119720338e-05,39.67355004129146
radial,15,4.897108301520348,0.10799999535083771,0.0352591797709465,325.93345642089844,4.6528101973962625e-06,0.20171993598341942,0.0020316033296694513,0.007122701441403478,1.9954687119572156e-05,39.5085400856845
radial,15,4.94120539062553,0.10799999535083771,0.035576678812503815,325.6754570007324,4.597272136528722e-06,0.20173382572829723,0.0020148230651102494,0.007108733989298344,1.9744742679073113e-05,39.343526457745774
radial,15,4.985727783706453,0.10799999535083771,0.03589724004268646,325.42771911621094,4.543046808263937e-06,0.20174670964479446,0.001998776129767066,0.007095356821082532,1.9539429066739444e-05,39.17877551439277
radial,15,5.030680654777421,0.10799999535083771,0.03622090071439743,325.18947982788086,4.490091126683056e-06,0.20175858587026596,0.001983405676583061,0.00708252377808094,1.9338586263017987e-05,39.014555277924785
radial,15,5.076068660451306,0.10799999535083771,0.036547694355249405,324.96004486083984,4.438367314218779e-06,0.20176942087709904,0.001968661275896011,0.007070192776154727,1.9142061028709634e-05,38.851085268824214
radial,15,5.121893870333831,0.10799999535083771,0.03687763586640358,324.73880767822266,4.3878349602056786e-06,0.20177918300032616,0.0019544976748875342,0.0070583264459855855,1.8949714124083528e-05,38.68853972474517
radial,15,5.168162493242158,0.10799999535083771,0.037210769951343536,324.52523040771484,4.338455276449588e-06,0.20178787410259247,0.0019408750595175661,0.007046891492791474,1.8761413861589915e-05,38.52704681554462
radial,15,5.21487763358487,0.10799999535083771,0.037547118961811066,324.31883239746094,4.2901924409156415e-06,0.2017955668270588,0.0019277584015071625,0.00703586038434878,1.8577032985245268e-05,38.366753918538684
radial,15,5.262043947974841,0.10799999535083771,0.037886716425418854,324.1192092895508,4.243005246561737e-06,0.2018024604767561,0.0019151162305206526,0.007025210012216121,1.8396434505518755e-05,38.20772283686297
radial,15,5.309666093024942,0.10799999535083771,0.03822959586977959,323.9259376525879,4.196852767932615e-06,0.20180879533290863,0.001902920088468818,0.0070149212260730565,1.8219470738323196e-05,38.05004214104244
radial,15,5.357748207946618,0.10799999535083771,0.03857578709721565,323.7386817932129,4.151694823370536e-06,0.20181480050086975,0.0018911439019575482,0.007004976156167686,1.8046006535543668e-05,37.89376029537688
radial,15,5.406294431951311,0.10799999535083771,0.03892531991004944,323.5570869445801,4.107495961233501e-06,0.20182061567902565,0.0018797635966620874,0.006995358213316649,1.78759226048264e-05,37.73892302223016
radial,15,5.455309939053324,0.10799999535083771,0.03927823156118393,323.38086700439453,4.064219175157048e-06,0.20182631723582745,0.0018687563551793573,0.006986049236729741,1.770909263432152e-05,37.58554539178408
radial,15,5.504798351062669,0.10799999535083771,0.039634548127651215,323.2096862792969,4.021824477423319e-06,0.2018319107592106,0.0018580996056698496,0.006977030774578452,1.7545378919514576e-05,37.43370952457246
radial,15,5.554765876796511,0.10799999535083771,0.039994314312934875,323.0432548522949,3.980269991999511e-06,0.20183736458420753,0.0018477724988770206,0.006968284957110882,1.738463779821231e-05,37.28341317750551
radial,15,5.605214585860571,0.10799999535083771,0.040357545018196106,322.8813018798828,3.939521082035062e-06,0.2018426302820444,0.0018377559972577728,0.006959794904105365,1.7226751455101663e-05,37.134669703989346
radial,15,5.656151721874873,0.10799999535083771,0.040724292397499084,322.72358322143555,3.899555839878564e-06,0.20184766501188278,0.0018280336844327394,0.006951546762138605,1.707164329567412e-05,36.987508409643915
radial,15,5.707580389248,0.10799999535083771,0.0410945788025856,322.5699768066406,3.8603647185560395e-06,0.20185246132314205,0.0018185923327109776,0.006943528831470758,1.69192750743008e-05,36.84194332014233
radial,15,5.759506796797117,0.10799999535083771,0.04146844893693924,322.42028045654297,3.8219423196935375e-06,0.20185701176524162,0.001809419818528113,0.006935731566045433,1.6769630224455767e-05,36.69802060559022
radial,15,5.811934048930804,0.10799999535083771,0.04184592515230179,322.2743492126465,3.784276474861637e-06,0.20186131447553635,0.0018005043784796726,0.006928144779521972,1.6622659834819586e-05,36.55573850965076
radial,15,5.864867319663366,0.10799999535083771,0.04222704470157623,322.1320457458496,3.747350887679396e-06,0.20186534710228443,0.0017918344201461878,0.0069207592168822885,1.647831229045771e-05,36.41508778864011
radial,15,5.918312817811966,0.10799999535083771,0.042611852288246155,321.9932174682617,3.711159463384533e-06,0.2018690723925829,0.001783400213753339,0.0069135656813159585,1.6336563896324208e-05,36.276108707929026
radial,15,5.972273647785187,0.10799999535083771,0.043000370264053345,321.85778427124023,3.675707374236363e-06,0.2018724512308836,0.001775193753928761,0.0069065571879036725,1.619742740954777e-05,36.138769577738074
radial,15,6.026756018400192,0.10799999535083771,0.043392643332481384,321.72570419311523,3.641011844434499e-06,0.20187550969421864,0.001767210140315001,0.006899730418808758,1.606096058015538e-05,36.003099067504095
radial,15,6.081765103671286,0.10799999535083771,0.04378870874643326,321.5970039367676,3.6071140214481885e-06,0.2018783576786518,0.0017594492483112845,0.0068930870038457215,1.5927312493335677e-05,35.86924084614123
radial,15,6.137305042809911,0.10799999535083771,0.044188596308231354,321.471492767334,3.5739670450051777e-06,0.20188108272850513,0.001751898063957924,0.006886617687996477,1.5796308988846874e-05,35.73701986273322
radial,15,6.193381009830369,0.10799999535083771,0.044592343270778656,321.34885025024414,3.5414704293621914e-06,0.2018837984651327,0.0017445376888645114,0.0068803090252913535,1.566757286175502e-05,35.60608075006671
radial,15,6.250000248352687,0.10799999535083771,0.04500000178813934,321.2292022705078,3.5096942881939223e-06,0.2018867153674364,0.001737373724608915,0.0068741695722565055,1.5541377679895163e-05,35.47686326081917
radial,15,6.2828117774592505,0.10799999535083771,0.045236244797706604,321.161922454834,3.4918039963717194e-06,0.2018884588032961,0.0017333511905235355,0.006870722223538905,1.5470178065246643e-05,35.40366563977476
radial,15,6.318450387981203,0.10799999535083771,0.04549284279346466,321.0902442932129,3.4727099419411605e-06,0.20189024321734905,0.0017290729401793214,0.00686705281259492,1.5394066871010637e-05,35.32520138037668
radial,15,6.357160293393665,0.10799999535083771,0.04577155411243439,321.01375579833984,3.4522700652011526e-06,0.20189207419753075,0.0017245153285330161,0.006863140384666622,1.5312477551487902e-05,35.24079140743146
radial,15,6.3992064032289715,0.10799999535083771,0.046074286103248596,320.93244552612305,3.4304879024632694e-06,0.20189406350255013,0.0017196795233758166,0.006858987908344716,1.5225409373265109e-05,35.15043752622971
radial,15,6.444874840478103,0.10799999535083771,0.04640309885144234,320.8462104797363,3.4073287838645846e-06,0.20189622230827808,0.001714560898108175,0.006854591250885278,1.5132710419196727e-05,35.05397188427847
radial,15,6.494478633006414,0.10799999535083771,0.04676024615764618,320.75483322143555,3.382710143468465e-06,0.20189854130148888,0.0017091473273467273,0.0068499397020787,1.5034041164874168e-05,34.950979442298305
radial,15,6.54835667875078,0.10799999535083771,0.047148168087005615,320.658145904541,3.356570409682023e-06,0.201901039108634,0.001703431511486997,0.006845026684459299,1.4929153498322023e-05,34.84115669542164
radial,15,6.606876850128174,0.10799999535083771,0.04756951332092285,320.5559883117676,3.32885365953804e-06,0.2019037138670683,0.0016974080926956958,0.006839847133960575,1.4817825524371386e-05,34.724244020207095
radial,15,6.670440650648541,0.10799999535083771,0.048027172684669495,320.44828033447266,3.2995049637956085e-06,0.2019065897911787,0.0016910726462810999,0.006834397907368839,1.4699843365661991e-05,34.59995193866272
radial,15,6.739480627907647,0.10799999535083771,0.04852426052093506,320.33491134643555,3.2684725365366365e-06,0.20190967991948128,0.001684422442849609,0.006828676094301045,1.457501354429347e-05,34.46799505802263
radial,15,6.814469686812825,0.10799999535083771,0.04906418174505234,320.2157974243164,3.2357118988800477e-06,0.20191297866404057,0.001677456437391811,0.006822680414188653,1.4443173799838505e-05,34.32816492039365
radial,15,6.895921606984404,0.10799999535083771,0.049650635570287704,320.09092712402344,3.201185765017833e-06,0.20191647112369537,0.0016701758922863519,0.006816411740146577,1.4304194609682241e-05,34.1802781510817
radial,15,6.9843905253542795,0.10799999535083771,0.05028761178255081,319.96030044555664,3.1648673953940626e-06,0.20192013680934906,0.0016625844000373036,0.0068098726333118975,1.415799191906153e-05,34.02415341568977
radial,15,7.080483353800244,0.10799999535083771,0.050979480147361755,319.82396697998047,3.1267470745637105e-06,0.2019239477813244,0.0016546895367355319,0.006803067866712809,1.4004553503754735e-05,33.85971208711553
radial,15,7.184856674737401,0.10799999535083771,0.05173096805810928,319.6820983886719,3.0868321334406717e-06,0.20192792266607285,0.0016465030057588592,0.006796008034143597,1.3843935981805444e-05,33.68689917944959
radial,15,7.2982234673367605,0.10799999535083771,0.052547208964824677,319.5348434448242,3.045136970543411e-06,0.20193209312856197,0.0016380392262362875,0.006788705242797732,1.3676248752370057e-05,33.50570660022946
radial,15,7.421357764138116,0.10799999535083771,0.053433775901794434,319.3824462890625,3.00168972725235e-06,0.20193644613027573,0.0016293150574711035,0.006781174044590443,1.3501647953439999e-05,33.31616011220636
radial,15,7.5551039642757845,0.10799999535083771,0.054396748542785645,319.22514724731445,2.9565081205441045e-06,0.2019410114735365,0.0016203503882934456,0.006773432542104274,1.3320356611501438e-05,33.118362912348076
radial,15,7.700373729070028,0.10799999535083771,0.0554426908493042,319.0633010864258,2.909598136405538e-06,0.2019458170980215,0.0016111689728859346,0.006765501806512475,1.3132675813931627e-05,32.91246939288038
radial,15,7.858161504069964,0.10799999535083771,0.05657876282930374,318.8973274230957,2.861016948560858e-06,0.2019508332014084,0.0016017989873944316,0.006757406052201986,1.2939015549218169e-05,32.69871812371561
radial,15,8.029545553856426,0.10799999535083771,0.057812727987766266,318.7277030944824,2.810884994925236e-06,0.2019559908658266,0.001592273805727018,0.006749172694981098,1.2739908115566578e-05,32.477562820446906
radial,15,8.215697275267708,0.10799999535083771,0.05915302038192749,318.5550651550293,2.7593749323921054e-06,0.20196117274463177,0.0015826312273929943,0.006740831071510911,1.2535980828731752e-05,32.249475995044826
radial,15,8.417889475822449,0.10799999535083771,0.06060880422592163,318.38013076782227,2.7067352063046785e-06,0.20196622051298618,0.0015729170054328279,0.006732417328748852,1.2328055523980197e-05,32.015224675912464
radial,15,8.637504134741095,0.10799999535083771,0.06219002977013588,318.2035675048828,2.6532001630981196e-06,0.20197097584605217,0.0015631735514034517,0.006723963306285441,1.2116843829845791e-05,31.775375556279833
radial,15,8.876043268375927,0.10799999535083771,0.06390751153230667,318.02662658691406,2.5992035588156296e-06,0.20197529159486294,0.0015534724534518318,0.006715527211781591,1.190382586502281e-05,31.531481057504056
radial,15,9.135136173831093,0.10799999535083771,0.06577298045158386,317.8499870300293,2.5449631258204888e-06,0.20197904109954834,0.0015438565342265065,0.006707142805680633,1.1689691843397298e-05,31.28406735342431
radial,15,9.416554951005512,0.10799999535083771,0.06779919564723969,317.67237854003906,2.4900156079833755e-06,0.20198211446404457,0.001534272329081432,0.006698757293634117,1.1472475320684072e-05,31.0301065557736
radial,15,9.722222263614336,0.10799999535083771,0.07000000029802322,317.4965171813965,2.435311706423493e-06,0.20198439061641693,0.0015248662016347225,0.006690498848911375,1.1255645159469196e-05,30.773340442377872
radial,15,9.902212768793106,0.10799999535083771,0.07129593193531036,317.4030418395996,2.4062061536257656e-06,0.20198526419699192,0.001519898268270481,0.006686124950647354,1.1139850576324939e-05,30.635059575945327
radial,15,10.089199576112959,0.10799999535083771,0.0726422369480133,317.311767578125,2.3776772381606283e-06,0.20198585651814938,0.0015150743342928763,0.006681865954305977,1.102609138259325e-05,30.49851790670043
radial,15,10.283450699514812,0.10799999535083771,0.07404084503650665,317.220401763916,2.3488976655146186e-06,0.20198622345924377,0.0015102806419236003,0.006677620229311287,1.0911231904664476e-05,30.359827841544114
radial,15,10.485249674982494,0.10799999535083771,0.07549379765987396,317.13037490844727,2.3203677875552373e-06,0.20198632776737213,0.0015055898074933793,0.006673453142866492,1.079719421970271e-05,30.221298124550565
radial,15,10.694890386528439,0.10799999535083771,0.07700321078300476,317.0424995422363,2.292379880593778e-06,0.2019861489534378,0.0015010434817668283,0.006669401656836271,1.0685082950545599e-05,30.08420145216583
radial,15,10.912676031390827,0.10799999535083771,0.07857126742601395,316.95658111572266,2.2648598938368014e-06,0.20198568515479565,0.0014966325061323005,0.00666545785497874,1.0574616095992972e-05,29.94812007259608
radial,15,11.138924294047886,0.10799999535083771,0.08020025491714478,316.8727226257324,2.2378357602763404e-06,0.2019849345088005,0.0014923628659744281,0.006661627092398703,1.0465924274671856e-05,29.813210534746347
radial,15,11.373966311415037,0.10799999535083771,0.08189255744218826,316.79100036621094,2.211319263894456e-06,0.2019838634878397,0.0014882380919516436,0.006657911988440901,1.035906584212487e-05,29.679533884422096
radial,15,11.618139429224863,0.10799999535083771,0.083650603890419,316.7114791870117,2.1853234318096128e-06,0.20198247022926807,0.0014842617620161036,0.006654315860942006,1.0254106978413446e-05,29.547120052329557
radial,15,11.871800654464298,0.10799999535083771,0.08547696471214294,316.63420486450195,2.1598618878528383e-06,0.20198075287044048,0.001480437185819028,0.006650841853115708,1.0151112493028691e-05,29.416071037147024
radial,15,12.135317342148888,0.10799999535083771,0.08737428486347198,316.5592460632324,2.134946149092324e-06,0.20197869092226028,0.001476767360145459,0.00664749217685312,1.0050140387907192e-05,29.286413715872396
radial,15,12.409074438942804,0.10799999535083771,0.08934533596038818,316.4866638183594,2.1105864353446816e-06,0.20197627693414688,0.0014732557538081892,0.006644270324613899,9.951247636807992e-06,29.15824692354526
radial,15,12.69346930914455,0.10799999535083771,0.09139297902584076,316.4165344238281,2.086792486699752e-06,0.20197349414229393,0.0014699053926960914,0.006641178159043193,9.854488680433038e-06,29.031595864601787
radial,15,12.988915873898401,0.10799999535083771,0.09352019429206848,316.34889221191406,2.0635728060214954e-06,0.20197032392024994,0.001466719158088381,0.00663821876514703,9.759916672846813e-06,28.906520970514666
radial,15,13.295840471982956,0.10799999535083771,0.09573005139827728,316.28380584716797,2.0409345036706863e-06,0.20196674950420856,0.0014636993737440207,0.006635393714532256,9.667574495220155e-06,28.783072640691767
radial,15,13.614692207839754,0.10799999535083771,0.09802578389644623,316.22132110595703,2.0188966843234888e-06,0.20196275413036346,0.0014608487417717697,0.006632705102674663,9.57751256686068e-06,28.66133496899027
radial,15,13.945934673150381,0.10799999535083771,0.10041072964668274,316.1614685058594,1.997470237199986e-06,0.2019583135843277,0.0014581689065380488,0.0066301547340117395,9.489770215864723e-06,28.541310746538276
radial,15,14.290045946836472,0.10799999535083771,0.1028883308172226,316.1043167114258,1.976647290229119e-06,0.20195341669023037,0.001455661691579735,0.006627743598073721,9.404391070166884e-06,28.42308008389201
radial,15,14.647531012694042,0.10799999535083771,0.1054622232913971,316.0498847961426,1.9564186136689105e-06,0.2019480373710394,0.0014533274106725003,0.006625472393352538,9.321390972760746e-06,28.306651901687964
radial,15,15.01890520254771,0.10799999535083771,0.1081361174583435,315.99819564819336,1.9367998756320017e-06,0.20194216072559357,0.001451168255698576,0.006623342575039715,9.240850437824966e-06,28.192150636128407
radial,15,15.404710753096476,0.10799999535083771,0.11091391742229462,315.9492950439453,1.917792181263014e-06,0.20193575136363506,0.0014491834936052328,0.006621353852096945,9.162784806115987e-06,28.07958917873848
radial,15,15.805506457885107,0.10799999535083771,0.11379964649677277,315.90324783325195,1.8994258990188283e-06,0.2019287906587124,0.0014473762621491915,0.00661950878566131,9.087323552758875e-06,27.969166092750815
radial,15,16.22187594572703,0.10799999535083771,0.11679750680923462,315.86003494262695,1.881695254424363e-06,0.20192126743495464,0.0014457432389463065,0.0066178045817650855,9.014440950319558e-06,27.860840202081675
radial,15,16.654425611098606,0.10799999535083771,0.11991186439990997,315.8195991516113,1.8646063247331184e-06,0.2019131314009428,0.0014442807514569722,0.006616237864363939,8.944126772908456e-06,27.754564433028783
radial,15,17.103782544533413,0.10799999535083771,0.12314723432064056,315.7818946838379,1.8481433547329915e-06,0.20190427638590336,0.0014429817447307869,0.006614800891838968,8.876317108857945e-06,27.650398126209794
radial,15,17.570598671833675,0.10799999535083771,0.12650831043720245,315.7461700439453,1.8319814605120607e-06,0.20189454779028893,0.0014418164410017198,0.006613462290260941,8.809723105060452e-06,27.546412267840445
radial,15,18.055554893281727,0.10799999535083771,0.12999999523162842,315.7130546569824,1.8164296941638437e-06,0.20188401453197002,0.0014408093193196692,0.0066122483112849295,8.74547870954867e-06,27.444044902750086
radial,15,18.3384513689412,0.10799999535083771,0.13203684985637665,315.696231842041,1.8082906906431945e-06,0.2018778957426548,0.0014403341965589789,0.006611644406802952,8.711666257696371e-06,27.389225524956395
radial,15,18.62622383568022,0.10799999535083771,0.13410881161689758,315.6804733276367,1.800480997698424e-06,0.20187174901366234,0.0014399138835869962,0.006611088174395263,8.679136703548807e-06,27.33602671118902
radial,15,18.918953008121914,0.10799999535083771,0.13621646165847778,315.6653022766113,1.7927256909378048e-06,0.20186549425125122,0.0014395364669326227,0.006610564712900668,8.64687644833162e-06,27.282904804886652
radial,15,19.21672374010086,0.10799999535083771,0.1383604109287262,315.65113830566406,1.785217497728853e-06,0.20185915008187294,0.0014392147086255136,0.0066100877011194825,8.615646801171661e-06,27.231056302428044
radial,15,19.519631233480244,0.10799999535083771,0.14054134488105774,315.63790130615234,1.777983034602945e-06,0.2018527165055275,0.0014389412299351534,0.006609651201870292,8.58550557529536e-06,27.180529529452322
radial,15,19.82775413327747,0.10799999535083771,0.14275982975959778,315.6254768371582,1.7709813312435997e-06,0.2018462009727955,0.0014387101491593057,0.006609249976463616,8.556279060656369e-06,27.131040267816967
radial,15,20.141185571750004,0.10799999535083771,0.14501653611660004,315.61389923095703,1.764234542346545e-06,0.20183958485722542,0.001438523057004204,0.006608885480090976,8.528071380811686e-06,27.082807292416813
radial,15,20.46001868115531,0.10799999535083771,0.14731213450431824,315.60314178466797,1.7577346529656085e-06,0.20183287747204304,0.0014383770758286119,0.006608554918784648,8.500852888462807e-06,27.035773416355145
radial,15,20.784342454539406,0.10799999535083771,0.14964726567268372,315.5931739807129,1.751482501506229e-06,0.2018260546028614,0.0014382700555870542,0.00660825619706884,8.474629913490794e-06,26.99000735070374
radial,15,21.114260372188358,0.10799999535083771,0.15202267467975616,315.58397674560547,1.7454757715574937e-06,0.20181911438703537,0.0014381996952579357,0.00660798727767542,8.44939650954113e-06,26.94554625309021
radial,15,21.44985728793674,0.10799999535083771,0.15443897247314453,315.57553482055664,1.7397150741778844e-06,0.20181205123662949,0.0014381636792677455,0.00660774577409029,8.42515556134793e-06,26.902410240804997
radial,15,21.79123875167635,0.10799999535083771,0.1568969190120697,315.56779861450195,1.7341997414192217e-06,0.2018048409372568,0.001438159493773128,0.00660752912517637,8.40190734259505e-06,26.86064089743787
radial,15,22.138504104481804,0.10799999535083771,0.15939722955226898,315.5607566833496,1.7289299296072389e-06,0.20179747603833675,0.0014381844575837022,0.006607334420550615,8.379653502726958e-06,26.82028275219788
radial,15,22.491750617822014,0.10799999535083771,0.16194060444831848,315.5543518066406,1.7239044876520648e-06,0.20178992860019207,0.0014382357803697232,0.006607158808037639,8.358396106411536e-06,26.78138068891133
radial,15,22.851083841588764,0.10799999535083771,0.1645278036594391,315.54859161376953,1.7191226054996274e-06,0.20178218185901642,0.0014383104225998977,0.006606999202631414,8.338135202373698e-06,26.743982428976402
radial,15,23.216609325673847,0.10799999535083771,0.16715958714485168,315.54340744018555,1.7145831320647212e-06,0.201774213463068,0.001438405171938939,0.006606852286495268,8.318871757187485e-06,26.708108746577782
radial,15,23.58843261996905,0.10799999535083771,0.16983671486377716,315.53876876831055,1.7102862662826736e-06,0.20176599361002445,0.0014385170634341193,0.006606714567169547,8.30061348770783e-06,26.673840798540695
radial,15,23.96666134397189,0.10799999535083771,0.1725599616765976,315.53466415405273,1.706232292378993e-06,0.2017574980854988,0.0014386429065780248,0.0066065824357792735,8.283366894623612e-06,26.64121284991431
radial,15,24.351409325997036,0.10799999535083771,0.17533014714717865,315.5310287475586,1.7024214519502323e-06,0.20174869894981384,0.0014387791088665836,0.006606452399864793,8.267137577080974e-06,26.61028730025835
radial,15,24.74278211593628,0.10799999535083771,0.1781480312347412,315.52783966064453,1.6988544697601556e-06,0.20173953846096992,0.0014389222269528545,0.006606319744605571,8.251936963792061e-06,26.58113241179826
radial,15,25.140903890132904,0.10799999535083771,0.1810145080089569,315.5250663757324,1.6955336337667838e-06,0.20172995515167713,0.0014390687829290982,0.006606179813388735,8.237777701640414e-06,26.553814449116516
radial,15,25.545884337690143,0.10799999535083771,0.18393036723136902,315.522647857666,1.692460521384266e-06,0.20171988010406494,0.0014392149678315036,0.006606027425732464,8.224673148322925e-06,26.52839581448117
radial,15,25.95783935652839,0.10799999535083771,0.1868964433670044,315.5205497741699,1.6896367810817105e-06,0.2017092276364565,0.001439356474293163,0.006605856586247683,8.212634886400894e-06,26.50493419345453
radial,15,26.37689726220237,0.10799999535083771,0.18991366028785706,315.5187225341797,1.6870644592328051e-06,0.20169790461659431,0.0014394889076356776,0.006605661183129996,8.201675454330704e-06,26.483516982910178
radial,15,26.80317188302676,0.10799999535083771,0.19298283755779266,315.5171012878418,1.6847469238224677e-06,0.20168576017022133,0.0014396078368008602,0.00660543330013752,8.191813678573578e-06,26.464238654257954
radial,15,27.236793604162006,0.10799999535083771,0.19610491394996643,315.5156593322754,1.6826885091777015e-06,0.2016726490110159,0.001439709141777712,0.006605166010558605,8.183074465326415e-06,26.447148894617992
radial,15,27.677884532345665,0.10799999535083771,0.1992807686328888,315.5143814086914,1.6808988360622612e-06,0.20165851712226868,0.0014397911781998118,0.0066048564040102065,8.175502523629502e-06,26.432355728787602
radial,15,28.12657505273819,0.10799999535083771,0.20251134037971497,315.5132141113281,1.6793791408394093e-06,0.20164287276566029,0.001439848438167246,0.0066044863779097795,8.169111522415146e-06,26.41994238966201
radial,15,28.582997620105743,0.10799999535083771,0.20579758286476135,315.51177978515625,1.678081660841806e-06,0.2016229536384344,0.001439852494513616,0.006603960006032139,8.163725433073254e-06,26.409929193425498
radial,15,29.047284689214496,0.10799999535083771,0.20914044976234436,315.50939178466797,1.6769291743006096e-06,0.20159451104700565,0.0014397544327948708,0.006603124726098031,8.159067362031522e-06,26.402296962560026
radial,15,29.519572854042053,0.10799999535083771,0.21254092454910278,315.5069389343262,1.6759987182756575e-06,0.20156261511147022,0.0014396201131603448,0.006602167326491326,8.155427478366215e-06,26.39691934453412
radial,15,29.999998708566032,0.10799999535083771,0.21599999070167542,310.6414031982422,1.182586745451585e-06,0.15545129217207432,0.0009822752836043946,0.005016745824832469,5.603591440535294e-06,25.617572246165246
radial,30,0.0,0.2160000056028366,0.0,2069.2418518066406,0.022580897086299956,0.004522911229287274,0.1295562069863081,0.11295480187982321,0.0032515185594093055,126.31476713801797
radial,30,0.012820513196250735,0.2160000056028366,9.230769501300529e-05,2069.2442626953125,0.022580001037567854,0.004523461160715669,0.12955572083592415,0.11295457929372787,0.003251640620874241,126.3211212136592
radial,30,0.02564102639250147,0.2160000056028366,0.00018461539002601057,2069.251419067383,0.022577327967155725,0.004525103111518547,0.12955425214022398,0.11295391991734505,0.0032520047680009156,126.3401856391104
radial,30,0.038461536557103194,0.2160000056028366,0.000276923063211143,2069.263381958008,0.022572874964680523,0.0045278367470018566,0.1295518185943365,0.11295281816273928,0.0032526119030080736,126.37186459978864
radial,30,0.05128205278500294,0.2160000056028366,0.00036923078005202115,2069.2802734375,0.02256660847342573,0.004531676051556133,0.12954838760197163,0.11295127123594284,0.003253467526519671,126.41634409107782
radial,30,0.06410256092850533,0.2160000056028366,0.00046153843868523836,2069.3021850585938,0.02255852794041857,0.004536623353487812,0.1295439675450325,0.11294928193092346,0.003254572831792757,126.47376853749374
radial,30,0.07692307311420639,0.2160000056028366,0.000553846126422286,2069.328826904297,0.02254864643327892,0.004542676062555984,0.12953855469822884,0.11294685024768114,0.003255926276324317,126.54384590314986
radial,30,0.0897435933843048,0.2160000056028366,0.0006461538723669946,2069.3604125976562,0.022536953270900995,0.0045498414256144315,0.12953214347362518,0.11294396966695786,0.0032575308869127184,126.62671958631205
radial,30,0.10256410557000588,0.2160000056028366,0.0007384615601040423,2069.396774291992,0.02252344088628888,0.004558127751806751,0.1295247282832861,0.11294064298272133,0.0032593892246950418,126.72254743912588
radial,30,0.11538460967130959,0.2160000056028366,0.000830769189633429,2069.438018798828,0.02250809973338619,0.004567541618598625,0.12951629422605038,0.11293686088174582,0.0032615039963275194,126.83120811924177
radial,30,0.12820512185701066,0.2160000056028366,0.0009230768773704767,2069.484146118164,0.022490922710858285,0.004578093154123053,0.12950684409588575,0.11293262429535389,0.003263878228608519,126.95287372611837
radial,30,0.14102563404271173,0.2160000056028366,0.0010153845651075244,2069.5350341796875,0.02247189826448448,0.004589792079059407,0.1294963527470827,0.11292792484164238,0.0032665155013091862,127.08754478316898
radial,30,0.15384614622841278,0.2160000056028366,0.001107692252844572,2069.5906982421875,0.02245101486914791,0.004602649263688363,0.12948481272906065,0.11292276158928871,0.0032694193650968373,127.23530238557376
radial,30,0.16666667458290854,0.2160000056028366,0.0012000000569969416,2069.6512908935547,0.022428261931054294,0.004616677848389372,0.12947221286594868,0.11291713174432516,0.0032725943019613624,127.39618911125777
radial,30,0.1794871867686096,0.2160000056028366,0.0012923077447339892,2069.7166748046875,0.02240362507291138,0.0046318908425746486,0.12945854477584362,0.11291102226823568,0.003276044735684991,127.57033589448328
radial,30,0.19230769895431069,0.2160000056028366,0.001384615432471037,2069.7867584228516,0.022377089801011607,0.004648302521673031,0.12944377958774567,0.1129044322296977,0.0032797754975035787,127.7577977557708
radial,30,0.20512821114001176,0.2160000056028366,0.0014769231202080846,2069.861587524414,0.022348641126882285,0.004665928543545306,0.12942791264504194,0.11289735790342093,0.003283791884314269,127.95866252029894
radial,30,0.21794872332571283,0.2160000056028366,0.0015692308079451323,2069.941177368164,0.022318265051580966,0.004684785439167172,0.12941092252731323,0.11288978345692158,0.0032880994549486786,128.1729564711287
radial,30,0.23076921934261918,0.2160000056028366,0.001661538379266858,2070.0254821777344,0.022285943559836596,0.004704891471192241,0.12939278967678547,0.11288171354681253,0.003292704321211204,128.4009145271422
radial,30,0.24358974769711494,0.2160000056028366,0.0017538461834192276,2070.1144409179688,0.0222516588983126,0.004726264058263041,0.12937349267303944,0.1128731332719326,0.0032976125075947493,128.64240260442722
radial,30,0.2564102437140213,0.2160000056028366,0.0018461537547409534,2070.208038330078,0.022215394012164325,0.004748924577143043,0.1293530110269785,0.11286403425037861,0.0033028308243956417,128.89778798357986
radial,30,0.2692307720685171,0.2160000056028366,0.001938461558893323,2070.306198120117,0.02217712823767215,0.004772892760229297,0.12933133076876402,0.11285441368818283,0.0033083663729485124,129.16705075103596
radial,30,0.28205126808542347,0.2160000056028366,0.002030769130215049,2070.408950805664,0.022136843559565023,0.004798191890586168,0.12930841743946075,0.11284425109624863,0.003314226138172671,129.45035623765378
radial,30,0.29487179643991923,0.2160000056028366,0.0021230769343674183,2070.5162811279297,0.022094518615631387,0.004824844771064818,0.12928424961864948,0.11283354554325342,0.003320417570648715,129.74783696072004
radial,30,0.30769229245682556,0.2160000056028366,0.002215384505689144,2070.627975463867,0.02205013154889457,0.004852876008953899,0.129258805885911,0.1128222867846489,0.0033269481791649014,130.0595573024677
radial,30,0.32051278847373194,0.2160000056028366,0.00230769207701087,2070.744094848633,0.022003661724738777,0.004882311375695281,0.12923205830156803,0.112810461781919,0.0033338254725094885,130.38570066907775
radial,30,0.3333333491658171,0.2160000056028366,0.002400000113993883,2070.8644409179688,0.02195508440490812,0.004913177384878509,0.12920397892594337,0.11279805563390255,0.0033410571923013777,130.72626530605174
radial,30,0.34615384518272346,0.2160000056028366,0.002492307685315609,2070.9891967773438,0.021904379304032773,0.004945502179907635,0.1291745388880372,0.11278506368398666,0.0033486511965747923,131.0816914362629
radial,30,0.3589743735372192,0.2160000056028366,0.0025846154894679785,2071.1181030273438,0.021851520577911288,0.004979315257514827,0.12914370466023684,0.11277146078646183,0.003356615750817582,131.45180841142482
radial,30,0.3717948372165362,0.2160000056028366,0.0026769228279590607,2071.2510986328125,0.021796484565129504,0.005014646827476099,0.12911145482212305,0.11275724973529577,0.0033649590332061052,131.83701388274287
radial,30,0.38461539790862137,0.2160000056028366,0.002769230864942074,2071.3880767822266,0.02173924579983577,0.0050515283073764294,0.12907775584608316,0.1127424007281661,0.0033736894256435335,132.2373505359697
radial,30,0.39743589392552775,0.2160000056028366,0.0028615384362637997,2071.5289611816406,0.02167978254146874,0.005089992817374878,0.12904257606714964,0.11272691003978252,0.0033828156301751733,132.65298391523388
radial,30,0.4102564222800235,0.2160000056028366,0.002953846240416169,2071.6737060546875,0.021618066442897543,0.005130074132466689,0.1290058745071292,0.11271075811237097,0.0033923460578080267,133.08413240223553
radial,30,0.4230769182969299,0.2160000056028366,0.003046153811737895,2071.8222045898438,0.02155407244572416,0.005171807715669274,0.12896762508898973,0.11269392818212509,0.0034022894105874,133.5309536187344
radial,30,0.43589744665142566,0.2160000056028366,0.0031384616158902645,2071.974136352539,0.02148777391994372,0.005215230587054975,0.1289277970790863,0.11267640814185143,0.003412654943531379,133.9935307922014
radial,30,0.448717942668332,0.2160000056028366,0.0032307691872119904,2072.129653930664,0.021419147378765047,0.0052603792573791,0.1288863392546773,0.11265817284584045,0.0034234512131661177,134.47219239467879
radial,30,0.46153843868523836,0.2160000056028366,0.003323076758533716,2072.2883911132812,0.021348182228393853,0.005307285930030048,0.1288432376459241,0.11263921204954386,0.0034346840693615377,134.9669386042633
radial,30,0.47435893470214474,0.2160000056028366,0.003415384329855442,2072.4502563476562,0.021274833823554218,0.0053560006053885445,0.12879843171685934,0.112619505263865,0.0034463658230379224,135.4780843238562
radial,30,0.4871794953942299,0.2160000056028366,0.003507692366838455,2072.615219116211,0.021199027745751664,0.005406590484199114,0.12875187024474144,0.1125990180298686,0.00345851419842802,136.00597132965504
radial,30,0.4999999590735469,0.2160000056028366,0.0035999997053295374,2072.782745361328,0.021120863530086353,0.005459036357933655,0.12870356254279613,0.1125777568668127,0.003471116622677073,136.55033445801823
radial,30,0.5115740673823489,0.2160000056028366,0.003683333285152912,2072.9358520507812,0.021048266848083586,0.005508011789061129,0.12865843158215284,0.11255787312984467,0.0034828885982278734,137.05611615063427
radial,30,0.5231481433535615,0.2160000056028366,0.0037666666321456432,2073.0916290283203,0.020973448583390564,0.005558710254263133,0.12861167639493942,0.11253727413713932,0.003495090059004724,137.57671840067457
radial,30,0.5347222193247743,0.2160000056028366,0.0038499999791383743,2073.2491455078125,0.0208965846686624,0.005611074448097497,0.12856336869299412,0.11251597199589014,0.0035076942876912653,138.11162134967506
radial,30,0.5415076157078147,0.2160000056028366,0.003898854833096266,2073.3414306640625,0.02085073961643502,0.005642474308842793,0.12853439152240753,0.11250317748636007,0.0035152423079125583,138.43121569025865
radial,30,0.5483619558314482,0.2160000056028366,0.003948206081986427,2073.4351501464844,0.020803676190553233,0.005674822110449895,0.12850452959537506,0.1124899797141552,0.003523015941027552,138.7594297537315
radial,30,0.5552860804729992,0.2160000056028366,0.003998059779405594,2073.5306854248047,0.02075524308020249,0.005708217940991744,0.12847369071096182,0.1124763423576951,0.0035310426319483668,139.09699148546878
radial,30,0.5622805717090765,0.2160000056028366,0.004048420116305351,2073.6275024414062,0.020705549861304462,0.005742618697695434,0.12844191677868366,0.11246227193623781,0.0035393044527154416,139.4436438783262
radial,30,0.5693460762914684,0.2160000056028366,0.0040992917492985725,2073.7252807617188,0.020654612832004204,0.0057780317147262394,0.12840920593589544,0.11244777031242847,0.003547800093656406,139.7993610011037
radial,30,0.5764833703223202,0.2160000056028366,0.004150680266320705,2073.824264526367,0.02060235184035264,0.0058145188668277115,0.12837549671530724,0.11243280861526728,0.0035565447178669274,140.16463441539565
radial,30,0.5836932945789562,0.2160000056028366,0.004202591720968485,2073.9242401123047,0.0205487307976,0.005852120375493541,0.1283407574519515,0.112417365424335,0.0035655461833812296,140.53972878469858
radial,30,0.5909764311379857,0.2160000056028366,0.004255030304193497,2074.0252990722656,0.02049372292822227,0.005890868051210418,0.12830495741218328,0.11240142770111561,0.0035748106893152,140.92491644393712
radial,30,0.5983336854519116,0.2160000056028366,0.004308002535253763,2074.1273345947266,0.020437294559087604,0.005930801358772442,0.1282680630683899,0.11238497868180275,0.0035843453661073,141.32052809011498
radial,30,0.6057657042725219,0.2160000056028366,0.0043615130707621574,2074.230194091797,0.020379409776069224,0.005971961742034182,0.12823003716766834,0.11236800160259008,0.0035941582755185664,141.72681707889757
radial,30,0.6132731990267833,0.2160000056028366,0.00441556703299284,2074.3338012695312,0.02032003505155444,0.006014390266500413,0.12819084525108337,0.1123504713177681,0.003604257508413866,142.14409705832986
radial,30,0.6208570104920202,0.2160000056028366,0.004470170475542545,2074.4381256103516,0.02025913289980963,0.006058137078071013,0.1281504426151514,0.11233237013220787,0.0036146504571661353,142.57273916629734
radial,30,0.628517914770378,0.2160000056028366,0.004525328986346722,2074.5430297851562,0.020196665049297735,0.006103260413510725,0.1281087826937437,0.11231365986168385,0.0036253446887712926,143.01331459427612
radial,30,0.6362567526391811,0.2160000056028366,0.004581048619002104,2074.6481018066406,0.020132596604526043,0.006149805645691231,0.12806581519544125,0.11229432933032513,0.003636348876170814,143.4660049681963
radial,30,0.6440741708502173,0.2160000056028366,0.004637334030121565,2074.7535247802734,0.02006688783876598,0.006197818991495296,0.12802151683717966,0.11227435525506735,0.0036476716632023454,143.93125887675748
radial,30,0.6519710748559899,0.2160000056028366,0.004694191738963127,2074.859115600586,0.019999502110294998,0.006247358920518309,0.12797582522034645,0.11225371155887842,0.0036593214608728886,144.4094457636524
radial,30,0.6599482407586442,0.2160000056028366,0.004751627333462238,2074.964630126953,0.01993039803346619,0.006298473832430318,0.12792870588600636,0.11223236657679081,0.003671307727927342,144.9009676281876
radial,30,0.6680065093355047,0.2160000056028366,0.004809646867215633,2075.069808959961,0.019859538646414876,0.006351217773044482,0.12788010854274035,0.11221030354499817,0.003683639719383791,145.4061135767589
radial,30,0.6761466566887167,0.2160000056028366,0.00486825592815876,2075.1746215820312,0.019786882970947772,0.006405659019947052,0.12782997731119394,0.11218748614192009,0.003696325933560729,145.92558941864385
radial,30,0.6843695235956047,0.2160000056028366,0.004927460569888353,2075.278549194336,0.019712388777406886,0.006461862358264625,0.12777825444936752,0.11216388083994389,0.003709375741891563,146.45990861546716
radial,30,0.6926760155086716,0.2160000056028366,0.0049872673116624355,2075.3816528320312,0.019636017503216863,0.006519878748804331,0.12772489618510008,0.11213946994394064,0.0037227998254820704,147.00945148145067
radial,30,0.7010669085300631,0.2160000056028366,0.005047681741416454,2075.4833221435547,0.01955772441579029,0.006579803331987932,0.12766983453184366,0.11211419757455587,0.0037366057513281703,147.5750073235242
radial,30,0.7095431081122823,0.2160000056028366,0.005108710378408432,2075.582733154297,0.019477465277304873,0.0066417662892490625,0.12761296890676022,0.11208799853920937,0.0037507995730265975,148.15844075119844
radial,30,0.7181054550326533,0.2160000056028366,0.005170359276235104,2075.6795349121094,0.019395197625271976,0.006705835490720347,0.12755424343049526,0.11206084303557873,0.0037653915933333337,148.76012500766043
radial,30,0.7267547253933218,0.2160000056028366,0.005232634022831917,2075.7737884521484,0.019310882897116244,0.006772046064725146,0.12749361991882324,0.11203270591795444,0.0037803946470376104,149.37990604320325
radial,30,0.735492083347506,0.2160000056028366,0.005295543000102043,2075.865036010742,0.01922447665128857,0.0068404921621549875,0.12743102572858334,0.11200355738401413,0.003795817930949852,150.01868835776534
radial,30,0.7443181756469939,0.2160000056028366,0.005359090864658356,2075.9524993896484,0.0191359348827973,0.006911297707119957,0.12736636586487293,0.11197331547737122,0.0038116690993774682,150.67790999787232
radial,30,0.7532339724194672,0.2160000056028366,0.005423284601420164,2076.035858154297,0.019045214663492516,0.006984532374190167,0.12729958444833755,0.11194195598363876,0.0038279593572951853,151.35794100773913
radial,30,0.762240443792608,0.2160000056028366,0.005488131195306778,2076.1151123046875,0.0189522763248533,0.007060248201014474,0.127230622805655,0.11190945561975241,0.0038447014521807432,152.0587076569921
radial,30,0.7713383658685619,0.2160000056028366,0.005553636234253645,2076.189727783203,0.018857078277505934,0.007138519053114578,0.12715943157672882,0.11187577992677689,0.003861906996462494,152.78044910758578
radial,30,0.7805287734501892,0.2160000056028366,0.005619807168841362,2076.259719848633,0.018759577651508152,0.007219427294330671,0.12708592880517244,0.1118408814072609,0.003879586874973029,153.52376748646358
radial,30,0.7898126366651721,0.2160000056028366,0.005686650983989239,2076.3243408203125,0.018659733061213046,0.007303061400307342,0.12701005209237337,0.11180472560226917,0.003897752641933039,154.28896576970465
radial,30,0.7991907962908348,0.2160000056028366,0.00575417373329401,2076.3831787109375,0.018557502946350724,0.0073895136010833085,0.12693172227591276,0.11176726222038269,0.003916414920240641,155.07673795124214
radial,30,0.8086644164803956,0.2160000056028366,0.005822383798658848,2076.435806274414,0.01845284621231258,0.007478879182599485,0.1268508629873395,0.1117284381762147,0.00393558491487056,155.8875244859336
radial,30,0.818234273336,0.2160000056028366,0.005891286768019199,2076.481658935547,0.018345723336096853,0.007571257330710068,0.12676739785820246,0.1116882124915719,0.003955273423343897,156.72193987507808
radial,30,0.827901272310151,0.2160000056028366,0.005960889160633087,2076.520217895508,0.018236093688756227,0.007666749588679522,0.12668123561888933,0.11164652649313211,0.003975491417804733,157.58053334908223
radial,30,0.8376667069064246,0.2160000056028366,0.006031200289726257,2076.55078125,0.018123917921911925,0.007765462913084775,0.12659230269491673,0.11160333268344402,0.003996249695774168,158.46376519331346
radial,30,0.8475313532269664,0.2160000056028366,0.0061022257432341576,2076.572723388672,0.01800915735657327,0.007867509179050103,0.1265005087479949,0.11155857238918543,0.004017558501800522,159.37229715909135
radial,30,0.8574961167242792,0.2160000056028366,0.00617397204041481,2076.5853576660156,0.017891775642056018,0.007973002502694726,0.12640575971454382,0.11151218228042126,0.004039428546093404,160.30673843118942
radial,30,0.8675622909019391,0.2160000056028366,0.006246448494493961,2076.5879669189453,0.017771735787391663,0.008082060609012842,0.12630796805024147,0.1114641074091196,0.004061869578436017,161.26761245568866
radial,30,0.8777308458876278,0.2160000056028366,0.006319662090390921,2076.579803466797,0.017649003450060263,0.00819480570498854,0.1262070406228304,0.11141427885740995,0.00408489178516902,162.2555571993437
radial,30,0.8880026871338487,0.2160000056028366,0.00639361934736371,2076.5598754882812,0.017523543967399746,0.008311364712426439,0.1261028777807951,0.11136263236403465,0.004108504566829652,163.2711450146586
radial,30,0.8983788494434621,0.2160000056028366,0.0064683277159929276,2076.5274505615234,0.017395325034158304,0.00843187008285895,0.12599537521600723,0.11130910459905863,0.0041327169456053525,164.3148338288594
radial,30,0.9088605616448654,0.2160000056028366,0.006543796043843031,2076.4816284179688,0.017264316586079076,0.008556457702070475,0.1258844407275319,0.11125362012535334,0.00415753762354143,165.3875225519341
radial,30,0.9194488585409191,0.2160000056028366,0.0066200317814946175,2076.4213256835938,0.017130489432020113,0.008685266599059105,0.1257699653506279,0.11119610164314508,0.004182974749710411,166.48954831444914
radial,30,0.9301447102593051,0.2160000056028366,0.006697041913866997,2076.3455657958984,0.016993815574096516,0.00881844450486824,0.12565184105187654,0.11113647185266018,0.004209035862004384,167.6215391964492
radial,30,0.9409492809532417,0.2160000056028366,0.00677483482286334,2076.253173828125,0.016854271962074563,0.008956139208748937,0.12552994955331087,0.1110746581107378,0.004235727887134999,168.78418678216138
radial,30,0.9518637347759472,0.2160000056028366,0.00685341889038682,2076.14306640625,0.0167118328390643,0.009098508977331221,0.12540419027209282,0.11101056821644306,0.0042630573734641075,169.97795143625987
radial,30,0.9628889771799247,0.2160000056028366,0.0069328006356954575,2076.013961791992,0.016566479607718065,0.009245715395081788,0.12527444027364254,0.11094412114471197,0.004291029123123735,171.20346751661367
radial,30,0.9740264310191076,0.2160000056028366,0.007012990303337574,2075.8646392822266,0.016418192448327318,0.009397924586664885,0.12514058407396078,0.11087521724402905,0.004319647909142077,172.4612667306697
radial,30,0.9852770017459989,0.2160000056028366,0.007093994412571192,2075.6936798095703,0.01626695680897683,0.009555308672133833,0.12500249408185482,0.11080377362668514,0.004348917456809431,173.75197448555105
radial,30,0.9966419181889958,0.2160000056028366,0.00717582181096077,2075.4996948242188,0.01611275941831991,0.009718047454953194,0.12486004550009966,0.11072968225926161,0.004378839745186269,175.07601811328803
radial,30,1.0081224091764953,0.2160000056028366,0.0072584813460707664,2075.2811279296875,0.015955589653458446,0.009886326792184263,0.12471311911940575,0.11065284814685583,0.004409416520502418,176.43410376028632
radial,30,1.019719574186537,0.2160000056028366,0.007341980934143066,2075.036392211914,0.01579544087871909,0.010060338885523379,0.12456157151609659,0.11057316139340401,0.004440647142473608,177.82646068558927
radial,30,1.031434577372339,0.2160000056028366,0.007426328957080841,2074.7638549804688,0.0156323088449426,0.010240284260362387,0.12440527603030205,0.11049050744622946,0.004472530505154282,179.2537548181903
radial,30,1.0432687122374773,0.2160000056028366,0.007511534728109837,2074.461669921875,0.015466193261090666,0.01042636641068384,0.12424409575760365,0.1104047792032361,0.004505063174292445,180.7164349245248
radial,30,1.0552231429351702,0.2160000056028366,0.0075976066291332245,2074.1281127929688,0.015297097415896133,0.010618800763040781,0.12407788634300232,0.11031584721058607,0.004538240609690547,182.21493144499058
radial,30,1.0672990336186357,0.2160000056028366,0.007684553042054176,2073.7610626220703,0.015125026984605938,0.010817810369189829,0.12390649877488613,0.11022358946502209,0.004572055826429278,183.74961752542498
radial,30,1.079497613116271,0.2160000056028366,0.007772382814437151,2073.3587036132812,0.014949991891626269,0.011023626197129488,0.12372979335486889,0.11012787371873856,0.004606499976944178,185.32093600264372
radial,30,1.0918203689571884,0.2160000056028366,0.007861106656491756,2072.918746948242,0.014772009337320924,0.011236486781854182,0.12354761734604836,0.11002856213599443,0.004641562176402658,186.92928942889293
radial,30,1.1042681419187121,0.2160000056028366,0.007950730621814728,2072.4389038085938,0.014591095765354112,0.011456639738753438,0.12335981242358685,0.10992551408708096,0.004677228746004403,188.57486440470004
radial,30,1.1168425488803122,0.2160000056028366,0.008041266351938248,2071.9168395996094,0.01440727457520552,0.011684343393426389,0.12316622491925955,0.10981857683509588,0.00471348367864266,190.2580329767288
radial,30,1.1295448833455641,0.2160000056028366,0.008132723160088062,2071.3500061035156,0.014220574055798352,0.011919866607058793,0.12296668998897076,0.10970759391784668,0.004750307940412313,191.97908234358823
radial,30,1.1423761801173289,0.2160000056028366,0.008225108496844769,2070.7359619140625,0.014031025406438857,0.012163489882368594,0.12276104278862476,0.10959240701049566,0.004787679412402213,193.73829228717864
radial,30,1.1553377326991823,0.2160000056028366,0.008318431675434113,2070.071762084961,0.01383866713149473,0.01241550111444667,0.12254911195486784,0.10947283543646336,0.004825572133995593,195.53568729523496
radial,30,1.1684313519961305,0.2160000056028366,0.008412705734372139,2069.3546142578125,0.013643541722558439,0.01267620362341404,0.12233072053641081,0.10934870969504118,0.004863957175984979,197.37155015814034
radial,30,1.1816579434606764,0.2160000056028366,0.00850793719291687,2068.5814666748047,0.013445696356939152,0.012945909518748522,0.12210570275783539,0.10921983513981104,0.0049028011853806674,199.24587134784377
radial,30,1.1950189299467537,0.2160000056028366,0.008604136295616627,2067.7490844726562,0.013245185429695994,0.013224948197603226,0.12187386676669121,0.10908602178096771,0.004942066560033709,201.1588145959618
radial,30,1.2085157343082957,0.2160000056028366,0.00870131328701973,2066.854232788086,0.01304206829809118,0.013513660756871104,0.12163503095507622,0.10894706007093191,0.004981710633728653,203.11019162221825
radial,30,1.222149779399236,0.2160000056028366,0.0087994784116745,2065.8934020996094,0.01283641075133346,0.01381240360205993,0.12138900440186262,0.10880273673683405,0.005021686607506126,205.1001095613323
radial,30,1.2359223587231505,0.2160000056028366,0.008898640982806683,2064.862823486328,0.012628282245714217,0.014121541404165328,0.12113559991121292,0.10865282826125622,0.005061942036263645,207.12823881652136
radial,30,1.2498348951339722,0.2160000056028366,0.0089988112449646,2063.7589416503906,0.012417764504789375,0.014441442908719182,0.12087463028728962,0.10849710647016764,0.005102418537717313,209.1940519230277
radial,30,1.263888811485635,0.2160000056028366,0.009099999442696571,2062.577621459961,0.012204958606162108,0.014772499911487103,0.12060589622706175,0.10833532735705376,0.0051430477178655565,211.29738680544088
radial,30,1.2800925307803683,0.2160000056028366,0.009216666221618652,2061.130096435547,0.011959601513808593,0.015164232929237187,0.1202896861359477,0.1081430846825242,0.0051894704811275005,213.74189366867455
radial,30,1.2962962500751019,0.2160000056028366,0.009333333000540733,2059.5890350341797,0.011714548629242927,0.015566717134788632,0.11996682174503803,0.10794470272958279,0.005235313787125051,216.20540500792956
radial,30,1.3124999693698354,0.2160000056028366,0.009449999779462814,2057.9507904052734,0.011469775199657306,0.015980442287400365,0.1196370292454958,0.10773986577987671,0.005280508572468534,218.6861802762775
radial,30,1.3219715199536748,0.2160000056028366,0.009518194943666458,2056.9444885253906,0.011326526815537363,0.016228140564635396,0.11944054253399372,0.10761677101254463,0.0053066545515321195,220.14547954925953
radial,30,1.3315346505906847,0.2160000056028366,0.00958704948425293,2055.8904724121094,0.011181880196090788,0.01648268708959222,0.11923939362168312,0.10748991463333368,0.005332796834409237,221.62738170314702
radial,30,1.341190008032653,0.2160000056028366,0.009656568057835102,2054.7880249023438,0.011036154872272164,0.016743878717534244,0.11903383489698172,0.10735938604921103,0.005358841852284968,223.13127817607963
radial,30,1.3509387564327981,0.2160000056028366,0.009726759046316147,2053.6350708007812,0.010889304685406387,0.01701201719697565,0.11882368754595518,0.10722500272095203,0.005384771415265277,224.65679174597975
radial,30,1.360781542542908,0.2160000056028366,0.009797627106308937,2052.4293670654297,0.010741333026089706,0.017287353286519647,0.11860879976302385,0.10708660446107388,0.00541055467328988,226.20365562294828
radial,30,1.3707195305162005,0.2160000056028366,0.009869180619716644,2051.1688079833984,0.01059228298254311,0.01757010247092694,0.11838906165212393,0.10694406647235155,0.005436148698208854,227.77169491245255
radial,30,1.380753367104464,0.2160000056028366,0.009941424243152142,2049.85107421875,0.010442197963129729,0.01786048838403076,0.11816439870744944,0.1067972406744957,0.005461508670123294,229.36095932855685
radial,30,1.3908842164609168,0.2160000056028366,0.0100143663585186,2048.4741821289062,0.010291119921021163,0.0181587478145957,0.11793468799442053,0.10664598178118467,0.005486587237101048,230.97142368743022
radial,30,1.4011129840380616,0.2160000056028366,0.010088013485074043,2047.035385131836,0.010139100268133916,0.018465116969309747,0.11769983265548944,0.10649014078080654,0.005511332303285599,232.60271537967097
radial,30,1.411440445938044,0.2160000056028366,0.010162371210753918,2045.5325622558594,0.009986195465899073,0.01877983717713505,0.11745973024517298,0.10632956773042679,0.0055356877273879945,234.25479702640095
radial,30,1.4218677663140826,0.2160000056028366,0.010237447917461395,2043.9627990722656,0.0098324572754791,0.019103169906884432,0.11721427459269762,0.10616409592330456,0.005559594836086035,235.92722055873338
radial,30,1.4323957212683227,0.2160000056028366,0.010313249193131924,2042.3237762451172,0.009677942216512747,0.019435386057011783,0.1169633474200964,0.10599355027079582,0.005582990997936577,237.61997746294404
radial,30,1.4430254749539826,0.2160000056028366,0.010389783419668674,2040.6124877929688,0.009522713080514222,0.01977676246315241,0.11670683976262808,0.10581775568425655,0.005605807789834216,239.332727820924
radial,30,1.4537578034732077,0.2160000056028366,0.010467056185007095,2038.8261260986328,0.009366837548441254,0.020127580384723842,0.1164446510374546,0.10563653474673629,0.005627972423098981,241.06506949596437
radial,30,1.4645938709792163,0.2160000056028366,0.010545075871050358,2036.9617919921875,0.009210384654579684,0.020488137495703995,0.11617665272206068,0.10544968862086535,0.005649407510645688,242.81667338691483
radial,30,1.4755344535741541,0.2160000056028366,0.01062384806573391,2035.0162811279297,0.009053428118932061,0.020858743926510215,0.11590274050831795,0.10525702452287078,0.005670030135661364,244.58722287041536
radial,30,1.486580844761597,0.2160000056028366,0.010703382082283497,2032.9862365722656,0.008896045997971669,0.021239719237200916,0.11562279611825943,0.10505832964554429,0.005689751444151625,246.37608209003199
radial,30,1.4977339499940476,0.2160000056028366,0.010783684439957142,2030.86865234375,0.008738322314457037,0.021631392068229616,0.11533670034259558,0.10485338792204857,0.005708475946448743,248.18303457002605
radial,30,1.508994804074367,0.2160000056028366,0.010864762589335442,2028.6597137451172,0.008580344816436991,0.02203410619404167,0.11504434980452061,0.10464197723194957,0.005726102972403169,250.00736688036991
radial,30,1.5203644418054156,0.2160000056028366,0.010946623980998993,2026.3560180664062,0.008422206970863044,0.022448214469477534,0.1147456094622612,0.10442386800423265,0.005742524634115398,251.8486842326889
radial,30,1.531843768639697,0.2160000056028366,0.011029275134205818,2023.953628540039,0.008264008240075782,0.022874084301292896,0.11444037407636642,0.1041988218203187,0.005757633509347215,253.70628749841677
radial,30,1.5434340780807867,0.2160000056028366,0.011112725362181664,2021.4486389160156,0.008105851651635021,0.023312097182497382,0.11412852350622416,0.10396661888808012,0.0057713272399269044,255.5795400001595
radial,30,1.5551364049315453,0.2160000056028366,0.011196982115507126,2018.8371887207031,0.00794784797471948,0.023762638098560274,0.11380993900820613,0.10372703615576029,0.005783510685432702,257.4677800402188
radial,30,1.5669515252941184,0.2160000056028366,0.011282050982117653,2016.1148681640625,0.007790112373186275,0.024226077483035624,0.1134845013730228,0.1034798608161509,0.005794090451672673,259.3702995089452
radial,30,1.5788811207231548,0.2160000056028366,0.011367944069206715,2013.2775268554688,0.007632764085428789,0.02470277319662273,0.11315210442990065,0.10322488844394684,0.005802973930258304,261.2861329084744
radial,30,1.5909255792697272,0.2160000056028366,0.011454664170742035,2010.321044921875,0.007475919803255238,0.025193072855472565,0.11281263176351786,0.10296190716326237,0.005810067290440202,263.21438681603564
radial,30,1.6030867118388414,0.2160000056028366,0.011542224325239658,2007.2412109375,0.007319694021134637,0.025697311852127314,0.11246596742421389,0.10269069951027632,0.005815274431370199,265.1537939308017
radial,30,1.6153651651822858,0.2160000056028366,0.011630629189312458,2004.0339050292969,0.007164201975683682,0.026215832214802504,0.11211200291290879,0.10241104941815138,0.005818495701532811,267.1029538629409
radial,30,1.627762232803636,0.2160000056028366,0.01171988807618618,2000.6952362060547,0.007009558918070979,0.026748962001875043,0.11175063718110323,0.10212273988872766,0.005819627724122256,269.06031726163314
radial,30,1.6402790788561106,0.2160000056028366,0.011810009367763996,1997.2213134765625,0.006855883199023083,0.027297037886455655,0.11138175427913666,0.10182555299252272,0.0058185606030747294,271.02401712544673
radial,30,1.65291673814257,0.2160000056028366,0.011901000514626503,1993.6076965332031,0.006703297287458554,0.027860402828082442,0.11100525921210647,0.10151925403624773,0.00581518400576897,272.99200999189435
radial,30,1.6656766335169475,0.2160000056028366,0.011992871761322021,1989.8504638671875,0.006551923259394243,0.028439398156479,0.11062105093151331,0.10120364185422659,0.005809396388940513,274.9622647562671
radial,30,1.6785596704317465,0.2160000056028366,0.012085629627108574,1985.945556640625,0.0064018794655567035,0.029034340288490057,0.11022902745753527,0.10087850643321872,0.005801106133731082,276.9327931083751
radial,30,1.6915671423905425,0.2160000056028366,0.012179283425211906,1981.8893127441406,0.0062532732263207436,0.02964551653712988,0.10982908774167299,0.10054366989061236,0.005790226539829746,278.90129903707754
radial,30,1.7047003428969119,0.2160000056028366,0.012273842468857765,1977.6783752441406,0.006106204731622711,0.030273187905550003,0.10942113492637873,0.10019894782453775,0.00577667893958278,280.8659704960613
radial,30,1.717960306753715,0.2160000056028366,0.012369314208626747,1973.3092041015625,0.005960768990917131,0.030917598865926266,0.1090050833299756,0.09984417539089918,0.005760393163654953,282.82469455759633
radial,30,1.73134819811417,0.2160000056028366,0.012465707026422024,1968.778564453125,0.005817055731313303,0.03157898038625717,0.10858082119375467,0.09947919938713312,0.005741306667914614,284.7756211515128
radial,30,1.7448658278832834,0.2160000056028366,0.01256303396075964,1964.0835571289062,0.005675145337590948,0.0322575424797833,0.10814826842397451,0.09910387685522437,0.005719371663872153,286.71699434477625
radial,30,1.7585137134624853,0.2160000056028366,0.012661298736929893,1959.2217407226562,0.005535094402148388,0.032953414833173156,0.10770732816308737,0.09871813096106052,0.005694578139809892,288.64745318764056
radial,30,1.7722935364064243,0.2160000056028366,0.012760513462126255,1954.191421508789,0.00539693511382211,0.033666651928797364,0.1072579100728035,0.0983219314366579,0.005666959565132856,290.56605155905766
radial,30,1.7862063315179613,0.2160000056028366,0.012860685586929321,1948.9913024902344,0.0052606852987082675,0.034397262148559093,0.10679993545636535,0.09791528666391969,0.005636576475808397,292.4721787723603
radial,30,1.8002537803517449,0.2160000056028366,0.012961827218532562,1943.6199645996094,0.0051263596178614534,0.035145245026797056,0.1063333097845316,0.09749821620061994,0.005603495810646564,294.36518453920723
radial,30,1.8144367883602779,0.2160000056028366,0.013063944876194,1938.0763397216797,0.004993971473595593,0.035910588689148426,0.10585796553641558,0.09707074891775846,0.005567785701714456,296.2443995821674
radial,30,1.8287567783974938,0.2160000056028366,0.013167048804461956,1932.3592834472656,0.004863533657044172,0.03669326822273433,0.10537381656467915,0.09663291182368994,0.005529517133254558,298.1092116517986
radial,30,1.8432149146166112,0.2160000056028366,0.013271147385239601,1926.4675750732422,0.0047350584354717284,0.037493252428248525,0.10488080326467752,0.09618474682793021,0.005488761176820844,299.958919759641
radial,30,1.8578131372729938,0.2160000056028366,0.013376254588365555,1920.400619506836,0.004608556075254455,0.038310502422973514,0.10437885485589504,0.09572629630565643,0.00544559137779288,301.79291914744203
radial,30,1.8725520931184292,0.2160000056028366,0.01348237507045269,1914.1570434570312,0.0044840366099379025,0.0391449686139822,0.1038679052144289,0.09525759937241673,0.005400081776315346,303.61043677257976
radial,30,1.8874333343572087,0.2160000056028366,0.013589520007371902,1907.736328125,0.004361508181318641,0.03999659908004105,0.1033479031175375,0.09477871377021074,0.0053523078095167875,305.41079816312885
radial,30,1.9024584131936233,0.2160000056028366,0.013697700574994087,1901.1376495361328,0.004240979425958358,0.040865318616852164,0.10281880293041468,0.09428970236331224,0.0053023464570287615,307.19329562004924
radial,30,1.9176286231312487,0.2160000056028366,0.01380692608654499,1894.3603057861328,0.004122457175981253,0.0417510480619967,0.10228054784238338,0.09379062615334988,0.00525027557159774,308.95715576265695
radial,30,1.932945516374376,0.2160000056028366,0.013917207717895508,1887.4037780761719,0.0040059473540168256,0.042653698939830065,0.10173310339450836,0.09328155172988772,0.005196174664888531,310.70172435845944
radial,30,1.948410127725866,0.2160000056028366,0.014028552919626236,1880.267562866211,0.00389145445660688,0.04357317881658673,0.10117643885314465,0.09276256524026394,0.005140122608281672,312.42616316069876
radial,30,1.964024268090725,0.2160000056028366,0.01414097473025322,1872.9511413574219,0.0037789820780744776,0.044509383384138346,0.10061052348464727,0.09223374258726835,0.005082200397737324,314.12980069736653
radial,30,1.979789360322886,0.2160000056028366,0.01425448339432478,1865.4543762207031,0.0036685330342152156,0.04546219063922763,0.10003532748669386,0.09169516619294882,0.0050224892038386315,315.81189091608405
radial,30,1.9957065685755677,0.2160000056028366,0.014369087293744087,1857.7769012451172,0.0035601094205048867,0.046431472059339285,0.09945084108039737,0.09114693570882082,0.004961071244906634,317.47145731440696
radial,30,2.011777445053061,0.2160000056028366,0.014484797604382038,1849.9186706542969,0.003453711608017329,0.04741709725931287,0.09885705448687077,0.09058915125206113,0.004898028739262372,319.10795308438907
radial,30,2.0280035419596567,0.2160000056028366,0.014601625502109528,1841.8795623779297,0.0033493389491923153,0.04841891676187515,0.0982539625838399,0.09002191014587879,0.004833444982068613,320.72039031877114
radial,30,2.0443865408500037,0.2160000056028366,0.014719583094120026,1833.6596069335938,0.003246989712351933,0.04943678621202707,0.09764155792072415,0.08944532182067633,0.0047674027300672606,322.30823013608875
radial,30,2.060927735227678,0.2160000056028366,0.014838679693639278,1825.2590637207031,0.003146661227219738,0.05047053610906005,0.0970198530703783,0.08885950408875942,0.004699985220213421,323.8705650686366
radial,30,2.0776288066473274,0.2160000056028366,0.014958927407860756,1816.6780395507812,0.0030483498267130926,0.05151999508962035,0.09638886339962482,0.08826457289978862,0.004631276708096266,325.40649411154106
radial,30,2.094490919262171,0.2160000056028366,0.01508033461868763,1807.9168090820312,0.0029520510506699793,0.05258498340845108,0.09574861079454422,0.08766065072268248,0.004561360372463241,326.9153615460115
radial,30,2.1115162720282874,0.2160000056028366,0.015202917158603668,1798.9759368896484,0.0028577585326274857,0.05366531200706959,0.09509910922497511,0.08704787073656917,0.004490319508477114,328.3965463692836
radial,30,2.1287057703981795,0.2160000056028366,0.015326681546866894,1789.8557739257812,0.002765464858384803,0.054760794155299664,0.09444039734080434,0.08642635587602854,0.004418236901983619,329.84908783379694
radial,30,2.146061354627212,0.2160000056028366,0.015451641753315926,1780.5569152832031,0.0026751622644951567,0.05587121658027172,0.09377251006662846,0.08579624816775322,0.004345195789937861,331.27238604149386
radial,30,2.1635847062700324,0.2160000056028366,0.015577809885144234,1771.080078125,0.002586841947049834,0.05699636833742261,0.09309549396857619,0.0851576910354197,0.004271278856322169,332.6655556297342
radial,30,2.18127750688129,0.2160000056028366,0.015705198049545288,1761.426040649414,0.0025004936469485983,0.05813603010028601,0.09240939514711499,0.08451082743704319,0.004196567955659702,334.02796827090344
radial,30,2.1991407912638454,0.2160000056028366,0.015833813697099686,1751.5955810546875,0.002416106035525445,0.05928998067975044,0.09171427367255092,0.08385580964386463,0.004121144214877859,335.3589672233019
radial,30,2.217176887724135,0.2160000056028366,0.01596367359161377,1741.5899047851562,0.0023336680060310755,0.060457958839833736,0.09101019753143191,0.08319279598072171,0.004045089182909578,336.65731131407296
radial,30,2.235387089765734,0.2160000056028366,0.016094787046313286,1731.41162109375,0.002253171718621161,0.06163958925753832,0.09029734134674072,0.08252203883603215,0.0039684907387709245,337.92036521065535
radial,30,2.25377320829365,0.2160000056028366,0.01622716709971428,1721.063980102539,0.002174609515350312,0.06283443886786699,0.08957588905468583,0.081843804102391,0.0038914376054890454,339.1444457260583
radial,30,2.2723370542128882,0.2160000056028366,0.016360826790332794,1710.5369110107422,0.0020979284308850765,0.06404325738549232,0.08884526090696454,0.08115763776004314,0.0038139518874231726,340.3442572581127
radial,30,2.29108017972774,0.2160000056028366,0.016495777294039726,1699.7655181884766,0.0020230110894772224,0.06527174776419997,0.08810068666934967,0.08046081336215138,0.003735881909960881,341.59300423367586
radial,30,2.29108017972774,0.2160000056028366,0.016495777294039726,1699.7655639648438,0.0020230110931152012,0.06527175009250641,0.08810068899765611,0.08046081755310297,0.003735882055480033,341.59303286057894
radial,30,2.310004137042496,0.2160000056028366,0.01663202978670597,1688.6798400878906,0.0019497947941999882,0.06652723252773285,0.08733709063380957,0.0797502277418971,0.0036570889060385525,342.9637311075437
radial,30,2.329111254463593,0.2160000056028366,0.01676960103213787,1677.3136444091797,0.0018783270934363827,0.06780682876706123,0.08655722765251994,0.07902730535715818,0.003577766561647877,344.42159944734897
radial,30,2.3484025667938924,0.2160000056028366,0.016908498480916023,1665.7486572265625,0.0018086788986693136,0.06910171825438738,0.08576699299737811,0.07829607836902142,0.003498258301988244,345.88157298475664
radial,30,2.3678804023398294,0.2160000056028366,0.01704873889684677,1654.0209655761719,0.0017408768471796066,0.07040806813165545,0.0849687778390944,0.0775584694929421,0.0034187577111879364,347.3024749138165
radial,30,2.387546313305696,0.2160000056028366,0.01719033345580101,1642.1353759765625,0.0016749041351431515,0.07172532426193357,0.08416287461295724,0.07681480934843421,0.0033393453486496583,348.678326040106
radial,30,2.407402369297213,0.2160000056028366,0.017333297058939934,1630.0934295654297,0.0016107367555378005,0.07305322168394923,0.08334940019994974,0.07606527162715793,0.003260087571106851,350.0089061338872
radial,30,2.427450122518672,0.2160000056028366,0.017477640882134438,1617.8974838256836,0.0015483528295590077,0.07439140696078539,0.0825285124592483,0.07531006820499897,0.0031810525979381055,351.2932237367816
radial,30,2.4476913838750787,0.2160000056028366,0.017623377963900566,1605.5432586669922,0.001487713074311614,0.07574010919779539,0.08169998833909631,0.07454906357452273,0.0031022782204672694,352.5393332063314
radial,30,2.4681282229721546,0.2160000056028366,0.017770523205399513,1592.9979248046875,0.0014287770754890516,0.07710288744419813,0.0808612983673811,0.0737810148857534,0.0030237472092267126,353.7794940296289
radial,30,2.4887627094156213,0.2160000056028366,0.017919091507792473,1580.2588195800781,0.0013715125096496195,0.07847983110696077,0.08001232566311955,0.07300588395446539,0.0029455029289238155,355.019587961617
radial,30,2.5095961367090545,0.2160000056028366,0.01806909218430519,1567.3332061767578,0.0013158925976313185,0.07987002935260534,0.07915377616882324,0.07222399907186627,0.0028676184156211093,356.25522704866233
radial,30,2.5306310918596058,0.2160000056028366,0.01822054386138916,1554.2288360595703,0.0012619065200851765,0.08127263560891151,0.07828614208847284,0.07143587153404951,0.002790177983115427,357.47840242244035
radial,30,2.551868868370851,0.2160000056028366,0.018373455852270126,1540.9822235107422,0.0012095538586436305,0.08268360514193773,0.07741196779534221,0.07064323197118938,0.002713319940085057,358.6533569457328
radial,30,2.5733123119506573,0.2160000056028366,0.01852784864604473,1527.6057510375977,0.0011588246052269824,0.08410178311169147,0.07653197506442666,0.06984677212312818,0.0026371328567620367,359.76516758981444
radial,30,2.5949627161026,0.2160000056028366,0.01868373155593872,1514.1027526855469,0.0011096902926510666,0.08552680257707834,0.07564636156894267,0.06904671154916286,0.0025616677303332835,360.81152656537785
radial,30,2.616822150432401,0.2160000056028366,0.01884111948311329,1500.4764556884766,0.0010621223082125653,0.08695828728377819,0.07475532428361475,0.06824327073991299,0.0024869732951628976,361.7909773135465
radial,30,2.638892684545782,0.2160000056028366,0.01900002732872963,1486.7310180664062,0.0010160929832636612,0.08839580696076155,0.07385911652818322,0.06743671465665102,0.0024130990350386128,362.70070384301613
radial,30,2.6611766467491784,0.2160000056028366,0.019160471856594086,1472.8709716796875,0.0009715747000882402,0.08983889501541853,0.07295799581333995,0.06662731152027845,0.0023400926220347174,363.5377703275783
radial,30,2.6836755892468824,0.2160000056028366,0.019322464242577553,1458.900749206543,0.0009285390769946389,0.0912870978936553,0.07205223478376865,0.0658153286203742,0.0022679994581267238,364.2991361122655
radial,30,2.706392099046045,0.2160000056028366,0.019486023113131523,1444.8249816894531,0.000886957575858105,0.09273996017873287,0.0711420951411128,0.06500103720463812,0.002196862013079226,364.98190851170875
radial,30,2.7293277283509574,0.2160000056028366,0.019651159644126892,1430.6484909057617,0.0008468014748359565,0.09419701807200909,0.07022786140441895,0.06418470805510879,0.002126721345121041,365.58284212555986
radial,30,2.7524850641687713,0.2160000056028366,0.019817892462015152,1416.3765029907227,0.0008080422267084941,0.09565777517855167,0.06930983136408031,0.06336663267575204,0.002057616788079031,366.0983988345275
radial,30,2.775866176105208,0.2160000056028366,0.019986236467957497,1402.0140762329102,0.0007706508331466466,0.0971217518672347,0.0683883021119982,0.06254708766937256,0.001989584881812334,366.5253274670209
radial,30,2.799473133765989,0.2160000056028366,0.02015620656311512,1387.5663452148438,0.0007345978847297374,0.09858848806470633,0.06746355444192886,0.06172634335234761,0.0019226590520702302,366.8604631026561
radial,30,2.8233080067568355,0.2160000056028366,0.020327817648649216,1373.038314819336,0.0006998536755418172,0.10005752090364695,0.0665358838159591,0.06090467004105449,0.0018568705709185451,367.10083205966055
radial,30,2.8473728646834693,0.2160000056028366,0.020501084625720978,1358.4353256225586,0.0006663887270406121,0.10152836795896292,0.06560558406636119,0.06008234457112849,0.001792248549463693,367.24325229261626
radial,30,2.8716705532537565,0.2160000056028366,0.020676027983427048,1343.762924194336,0.0006341737098409794,0.10300053935497999,0.06467297719791532,0.05925964703783393,0.0017288206945522688,367.2844736288944
radial,30,2.8962031420734196,0.2160000056028366,0.02085266262292862,1329.026382446289,0.0006031791344867088,0.10447355918586254,0.0637383705470711,0.05843685776926577,0.001666611853579525,367.22140947217287
radial,30,2.9209724420474634,0.2160000056028366,0.021031001582741737,1314.231101989746,0.0005733752041123807,0.10594695433974266,0.06280206376686692,0.05761424358934164,0.0016056440435932018,367.05139204219137
radial,30,2.9459807814823256,0.2160000056028366,0.021211061626672745,1299.3821868896484,0.0005447320818348089,0.10742027685046196,0.061864360235631466,0.05679206666536629,0.0015459369315067306,366.7718199330187
radial,30,2.9712310060858727,0.2160000056028366,0.021392863243818283,1284.4851684570312,0.0005172203018446453,0.10889305267482996,0.06092557148076594,0.05597059312276542,0.0014875084307277575,366.37990391685196
radial,30,2.9967249267631106,0.2160000056028366,0.021576419472694397,1269.545883178711,0.0004908105902359239,0.11036479659378529,0.05998601554892957,0.05515010003000498,0.0014303747157100588,365.8726991124857
radial,30,3.0224651305211916,0.2160000056028366,0.02176174893975258,1254.5699920654297,0.000465473705844488,0.11183504108339548,0.05904601560905576,0.05433085886761546,0.0013745496107731014,365.24743073181696
radial,30,3.0484542043672667,0.2160000056028366,0.02194887027144432,1239.5629653930664,0.00044118036385043524,0.11330333072692156,0.05810587573796511,0.05351312202401459,0.0013200442190282047,364.5016053888561
radial,30,3.0746942179070578,0.2160000056028366,0.022137798368930817,1224.5303421020508,0.0004179014140390791,0.11476921755820513,0.05716590629890561,0.05269714444875717,0.0012668675335589796,363.6331391496231
radial,30,3.1011874994470014,0.2160000056028366,0.02232854999601841,1209.4777297973633,0.0003956081491196528,0.11623224895447493,0.05622641835361719,0.051883183885365725,0.0012150270340498537,362.63955018622596
radial,30,3.1279368946949644,0.2160000056028366,0.02252114564180374,1194.4110641479492,0.00037427219103847165,0.11769195459783077,0.05528773949481547,0.05107150785624981,0.0011645285558188334,361.5182724330803
radial,30,3.1549444732566676,0.2160000056028366,0.022715600207448006,1179.3361587524414,0.000353865310898982,0.11914787627756596,0.05435018893331289,0.05026236758567393,0.0011153757877764292,360.2670461175937
radial,30,3.182212822139263,0.2160000056028366,0.022911932319402695,1164.258689880371,0.00033435939621995203,0.1205995911732316,0.053414068068377674,0.049456005450338125,0.0010675699450075626,358.8839253052785
radial,30,3.2097450457513332,0.2160000056028366,0.0231101643294096,1149.1842193603516,0.0003157265919071506,0.12204666901379824,0.05247968272306025,0.04865265707485378,0.0010211103217443451,357.3670816988351
radial,30,3.2375426962971687,0.2160000056028366,0.023310307413339615,1134.1186904907227,0.0002979394921567291,0.12348868325352669,0.05154733965173364,0.047852567164227366,0.0009759948261489626,355.7145058910282
radial,30,3.265609136886067,0.2160000056028366,0.02351238578557968,1119.068099975586,0.0002809711568261264,0.12492519617080688,0.050617351196706295,0.047055974369868636,0.0009322199548478238,353.9242145143265
radial,30,3.2939466958244643,0.2160000056028366,0.023716416209936142,1104.038459777832,0.00026479490861675004,0.1263557868078351,0.04969002353027463,0.04626311140600592,0.000889780272700591,351.99439389191474
radial,30,3.3225579601195125,0.2160000056028366,0.02392241731286049,1089.0353622436523,0.0002493843085176195,0.12778005469590425,0.048765652696602046,0.04547420470044017,0.0008486683509545401,349.9235688564476
radial,30,3.351445516778363,0.2160000056028366,0.024130407720804214,1074.0644989013672,0.00023471326949220384,0.12919761426746845,0.04784452263265848,0.04468946310225874,0.0008088749527814798,347.7104995499339
radial,30,3.3806122115088835,0.2160000056028366,0.02434040792286396,1059.1316528320312,0.00022075620654504746,0.13060807902365923,0.04692692356184125,0.04390910151414573,0.0007703897426836193,345.3539621247831
radial,30,3.41006089001894,0.2160000056028366,0.024552438408136368,1044.2426223754883,0.00020748802580783376,0.1320110559463501,0.046013140585273504,0.04313333472236991,0.0007332010463869665,342.85257139046143
radial,30,3.4397938806149697,0.2160000056028366,0.02476651594042778,1029.4029693603516,0.00019488396628730698,0.13340618088841438,0.045103456592187285,0.04236236191354692,0.0006972955816308968,340.2054303532884
radial,30,3.469814029004839,0.2160000056028366,0.02498266100883484,1014.6180114746094,0.00018291956894245232,0.13479310274124146,0.04419812862761319,0.0415963726118207,0.0006626582235185197,337.41192637068684
radial,30,3.5001239221956997,0.2160000056028366,0.025200892239809036,999.8928451538086,0.00017157085267172079,0.13617150112986565,0.04329741606488824,0.04083554306998849,0.0006292726538958959,334.471797084057
radial,30,3.5307269232968492,0.2160000056028366,0.025421233847737312,985.232551574707,0.0001608143566045328,0.13754103891551495,0.04240156337618828,0.04008005280047655,0.000597121466853423,331.384755565924
radial,30,3.5616253606147237,0.2160000056028366,0.02564370259642601,970.6420211791992,0.00015062714419400436,0.13890140317380428,0.041510829934850335,0.039330076426267624,0.0005661862905981252,328.1507242745606
radial,30,3.5928220798571906,0.2160000056028366,0.02586831897497177,956.1258544921875,0.00014098668407314108,0.14025228470563889,0.040625452529639006,0.038585776230320334,0.0005364474454836454,324.76986883146276
radial,30,3.624320444133547,0.2160000056028366,0.026095107197761536,941.6884765625,0.00013187085187382763,0.14159340783953667,0.03974564804229885,0.037847300176508725,0.0005078839803900337,321.243026724434
radial,30,3.656122523049514,0.2160000056028366,0.026324082165956497,927.3340911865234,0.0001232580066243827,0.14292450435459614,0.038871633587405086,0.03711478936020285,0.0004804738055099733,317.5710600839052
radial,30,3.688232455816534,0.2160000056028366,0.026555273681879044,913.0668106079102,0.00011512708306327113,0.1442453283816576,0.038003617664799094,0.03638838138431311,0.0004541942744253902,313.7551080576476
radial,30,3.720652312040329,0.2160000056028366,0.02678869664669037,898.8907089233398,0.00010745753706942196,0.14555560611188412,0.03714180469978601,0.035668207914568484,0.00042902194036287256,309.79638166052854
radial,30,3.7533854548301964,0.2160000056028366,0.027024375274777412,884.8096618652344,0.0001002292983685038,0.14685513265430927,0.03628638538066298,0.034954392816871405,0.00040493248889106326,305.69648708852117
radial,30,3.7864347298940024,0.2160000056028366,0.027262330055236816,870.8272476196289,9.342275689050439e-05,0.14814368262887,0.035437539452686906,0.03424704493954778,0.00038190070699783973,301.45748711424415
radial,30,3.8198029829396143,0.2160000056028366,0.027502581477165222,856.9467811584473,8.701880051376065e-05,0.1494210697710514,0.03459543234203011,0.033546263352036476,0.00035990067590319086,297.08157737865554
radial,30,3.8534935770763292,0.2160000056028366,0.02774515375494957,843.1716117858887,8.099889600998722e-05,0.1506871059536934,0.033760227961465716,0.03285215003415942,0.00033890612758114,292.5711944903046
radial,30,3.8875101341141596,0.2160000056028366,0.027990072965621948,829.5051879882812,7.534513270002208e-05,0.151941591873765,0.032932095346041024,0.03216480475384742,0.0003188906794093782,287.929038383686
radial,30,3.9218544649581117,0.2160000056028366,0.028237352147698402,815.9514007568359,7.004033523116959e-05,0.15318428725004196,0.03211123845539987,0.031484355800785124,0.00029982829437358305,283.15875811151636
radial,30,3.956530967520343,0.2160000056028366,0.02848702296614647,802.514533996582,6.506796034955187e-05,0.15441490337252617,0.031297871260903776,0.030810951022431254,0.000281693051874754,278.2649662680453
radial,30,3.991542487508721,0.2160000056028366,0.02873910591006279,789.1982421875,6.0411770164137124e-05,0.15563321858644485,0.030492186197079718,0.030144706834107637,0.0002644579999468988,273.252085517661
radial,30,4.026892388032542,0.2160000056028366,0.028993625193834305,776.0054626464844,5.6055820095934905e-05,0.15683906711637974,0.02969432610552758,0.02948570845182985,0.0002480951716279378,268.12385793480337
radial,30,4.062583256098959,0.2160000056028366,0.029250599443912506,762.9389801025391,5.1984616675326834e-05,0.15803230926394463,0.028904422419145703,0.028834025259129703,0.00023257621069205925,262.8842045962601
radial,30,4.0986192309194145,0.2160000056028366,0.02951005846261978,750.0009651184082,4.818318734578497e-05,0.15921283513307571,0.02812259434722364,0.028189724078401923,0.00021787266996398102,257.5367568600382
radial,30,4.13500341690249,0.2160000056028366,0.029772024601697922,737.1933937072754,4.4637065457209246e-05,0.1603805162012577,0.027348958770744503,0.02755286218598485,0.0002039560076809721,252.08528526469323
radial,30,4.171738659756051,0.2160000056028366,0.03003651835024357,724.5176963806152,4.1332326418341836e-05,0.16153523325920105,0.02658363012596965,0.026923500234261155,0.0001907978567032842,246.53328861677477
radial,30,4.208829098691543,0.2160000056028366,0.03030356951057911,711.9754066467285,3.825560656878224e-05,0.16267686150968075,0.025826726981904358,0.026301705627702177,0.00017837013729149476,240.8843241973066
radial,30,4.246277838117547,0.2160000056028366,0.030573200434446335,699.5682792663574,3.539408157848811e-05,0.1638052761554718,0.025078376638703048,0.02568754937965423,0.00016664507893437985,235.1422189907517
radial,30,4.284087982442644,0.2160000056028366,0.030845433473587036,687.2981986999512,3.2735428931118804e-05,0.16492032818496227,0.024338705523405224,0.025081100524403155,0.00015559515759377973,229.31116821154558
radial,30,4.322263412177563,0.2160000056028366,0.03112029656767845,675.1673126220703,3.026782155757246e-05,0.16602188162505627,0.0236078446614556,0.0244824371766299,0.0001451931329938816,223.39575836540226
radial,30,4.360807749132316,0.2160000056028366,0.03139781579375267,663.1779022216797,2.7979932838206878e-05,0.16710977628827095,0.022885925485752523,0.023891638382337987,0.00013541213320422685,217.4009043956684
radial,30,4.399724097715484,0.2160000056028366,0.03167801350355148,651.332633972168,2.586094524303917e-05,0.16818385384976864,0.022173094854224473,0.023308790870942175,0.00012622581198229454,211.33180700528763
radial,30,4.439016597138511,0.2160000056028366,0.03196091949939728,639.6344985961914,2.390052804912557e-05,0.1692439280450344,0.021469504514243454,0.022733994643203914,0.00011760829511331394,205.1939107132752
radial,30,4.478688869211409,0.2160000056028366,0.032246559858322144,628.0866508483887,2.208881346632552e-05,0.1702897995710373,0.02077531471149996,0.022167348535731435,0.00010953419223369565,198.99303315444075
radial,30,4.51874401834276,0.2160000056028366,0.03253495693206787,616.692554473877,2.0416380266397027e-05,0.17132126353681087,0.020090693375095725,0.021608966402709484,0.00010197858318861108,192.7353931090382
radial,30,4.559186183744007,0.2160000056028366,0.03282614052295685,605.4559020996094,1.8874253782996675e-05,0.17233809642493725,0.019415817339904606,0.021058963728137314,9.491708442510571e-05,186.4276704948683
radial,30,4.600018987225162,0.2160000056028366,0.033120136708021164,594.3807907104492,1.7453910231779446e-05,0.1733400523662567,0.018750874907709658,0.02051746880169958,8.832594357954804e-05,180.07685470749345
radial,30,4.641246050596237,0.2160000056028366,0.03341697156429291,583.4716873168945,1.6147256019394263e-05,0.17432685568928719,0.01809606997994706,0.019984623650088906,8.218205312005011e-05,173.69038960448606
radial,30,4.682870995667246,0.2160000056028366,0.03371667116880417,572.733341217041,1.4946607052479521e-05,0.17529821768403053,0.017451622639782727,0.01946058333851397,7.646288577234372e-05,167.27613147914195
radial,30,4.724898996452491,0.2160000056028366,0.03401927277445793,562.1708183288574,1.3844671684637433e-05,0.1762538142502308,0.016817760886624455,0.018945511314086616,7.114652817108436e-05,160.84270170089482
radial,30,4.767332639959124,0.2160000056028366,0.03432479500770569,551.7895660400391,1.2834547305828892e-05,0.17719329707324505,0.0161947340820916,0.018439586041495204,6.621170086873462e-05,154.39923058145425
radial,30,4.810176065398587,0.2160000056028366,0.03463326767086983,541.5954093933105,1.19097140895974e-05,0.17811629176139832,0.015582810039632022,0.017943003098480403,6.163780653878348e-05,147.9555289494529
radial,30,4.853433411982325,0.2160000056028366,0.034944720566272736,531.594669342041,1.1064018679007859e-05,0.17902237363159657,0.014982280146796256,0.01745597878471017,5.740493406847236e-05,141.52215243947282
radial,30,4.897108301520348,0.2160000056028366,0.0352591797709465,521.7940368652344,1.0291657076777483e-05,0.17991107143461704,0.01439346169354394,0.016978747793473303,5.349382308850181e-05,135.110442932031
radial,30,4.94120539062553,0.2160000056028366,0.035576678812503815,512.2006874084473,9.587155545887072e-06,0.180781876668334,0.013816695660352707,0.01651156961452216,4.988585988030536e-05,128.7326980693571
radial,30,4.9857283011078835,0.2160000056028366,0.03589724376797676,502.8222999572754,8.94537333806511e-06,0.1816342305392027,0.013252358068712056,0.016054725390858948,4.656308374251239e-05,122.40222509887602
radial,30,5.030680654777421,0.2160000056028366,0.03622090071439743,493.66704177856445,8.361480354324158e-06,0.18246752582490444,0.012700854073045775,0.015608525020070374,4.350818858256389e-05,116.133397695719
radial,30,5.076068143049876,0.2160000056028366,0.036547690629959106,484.743595123291,7.830922982066113e-06,0.18328106962144375,0.012162628467194736,0.015173307328950614,4.07045224619651e-05,109.94157940074092
radial,30,5.121893870333831,0.2160000056028366,0.03687763586640358,476.06114959716797,7.349429154146492e-06,0.18407412990927696,0.011638159601716325,0.014749441179446876,3.813604757851863e-05,103.84344953381864
radial,30,5.168162493242158,0.2160000056028366,0.037210769951343536,467.6293754577637,6.912999538144504e-06,0.18484590575098991,0.011127967038191855,0.014337325061205775,3.578732707865129e-05,97.85683460453069
radial,30,5.21487763358487,0.2160000056028366,0.037547118961811066,459.4583396911621,6.51789028438543e-06,0.1855955496430397,0.010632604185957462,0.013937387033365667,3.3643519827819546e-05,92.00082024750294
radial,30,5.262043947974841,0.2160000056028366,0.037886716425418854,451.5584259033203,6.160597877169494e-06,0.18632212653756142,0.010152658447623253,0.013550080067943782,3.1690376772530726e-05,86.2955555278674
radial,30,5.309665575623512,0.2160000056028366,0.03822959214448929,443.9402503967285,5.837849101908432e-06,0.18702469393610954,0.00968874478712678,0.01317588082747534,2.9914221158833243e-05,80.76224179477536
radial,30,5.357747690545188,0.2160000056028366,0.038575783371925354,436.6143455505371,5.5465872890181345e-06,0.18770225904881954,0.009241496154572815,0.012815278896596283,2.8301945349085145e-05,75.42281367689668
radial,30,5.406294431951311,0.2160000056028366,0.03892531991004944,429.59107208251953,5.283963815827519e-06,0.18835381977260113,0.008811549720121548,0.012468768400140107,2.684100752503582e-05,70.29963854147104
radial,30,5.455309939053324,0.2160000056028366,0.03927823156118393,422.88016510009766,5.047330574825537e-06,0.18897839821875095,0.008399529935559258,0.012136830249801278,2.5519426912978815e-05,65.41512573721816
radial,30,5.504798351062669,0.2160000056028366,0.039634548127651215,416.49046325683594,4.834227397054747e-06,0.1895750742405653,0.008006026298971847,0.011819919745903462,2.4325780600520375e-05,60.79111225418087
radial,30,5.554765876796511,0.2160000056028366,0.039994314312934875,410.4293556213379,4.642370427632159e-06,0.190143009647727,0.007631562155438587,0.011518438230268657,2.3249177559137024e-05,56.448181947795234
radial,30,5.605214585860571,0.2160000056028366,0.040357545018196106,404.7023277282715,4.469643940296919e-06,0.19068153575062752,0.007276565011125058,0.011232711840420961,2.2279259894730785e-05,52.40476372592735
radial,30,5.656152239276303,0.2160000056028366,0.04072429612278938,399.3126564025879,4.3140960883647494e-06,0.19119014032185078,0.006941342813661322,0.01096296962350607,2.1406227801890054e-05,48.67625016788172
radial,30,5.707580906649431,0.2160000056028366,0.0410945825278759,394.2608947753906,4.173936744678031e-06,0.1916685625910759,0.0066260515013709664,0.010709321592003107,2.062085076204312e-05,45.274015500326726
radial,30,5.759506796797117,0.2160000056028366,0.04146844893693924,389.54466247558594,4.047524292616345e-06,0.19211679138243198,0.006330674616037868,0.010471739748027176,1.9914460835934733e-05,42.20451734631177
radial,30,5.811934048930804,0.2160000056028366,0.04184592515230179,385.15840911865234,3.933354271623557e-06,0.19253510795533657,0.0060550069028977305,0.010250045568682253,1.927893640640832e-05,39.46848787433014
radial,30,5.864867837064796,0.2160000056028366,0.04222704842686653,381.0935287475586,3.8300558244941385e-06,0.19292408414185047,0.005798655518447049,0.010043914197012782,1.870674390147542e-05,37.06031766632363
radial,30,5.918312817811966,0.2160000056028366,0.042611852288246155,377.3387641906738,3.7364017870800126e-06,0.1932845525443554,0.005561055717407726,0.009852881776168942,1.819098548594411e-05,34.967865885048894
radial,30,5.972273647785187,0.2160000056028366,0.043000370264053345,373.88045501708984,3.6513086740797007e-06,0.19361760839819908,0.005341487980331294,0.009676363901235163,1.772546301026523e-05,33.17278883066118
radial,30,6.026756535801622,0.2160000056028366,0.04339264705777168,370.7030029296875,3.5738255164119437e-06,0.19392454624176025,0.005139098706422374,0.009513669414445758,1.7304658740613377e-05,31.651672626869864
radial,30,6.081765103671286,0.2160000056028366,0.04378870874643326,367.7892036437988,3.503115362235576e-06,0.1942068338394165,0.004952919829520397,0.009364015830215067,1.6923786802180985e-05,30.377520381104794
radial,30,6.137305042809911,0.2160000056028366,0.044188596308231354,365.12064361572266,3.438452175430484e-06,0.19446609169244766,0.0047818892053328454,0.009226547204889357,1.6578704077119255e-05,29.321145109239954
radial,30,6.193381527231799,0.2160000056028366,0.044592346996068954,362.6839027404785,3.379370998146669e-06,0.1947034765034914,0.004625254106940702,0.009100656665395945,1.6266262036879198e-05,28.45350882465705
radial,30,6.250000248352687,0.2160000056028366,0.04500000178813934,360.4526252746582,3.3252066700129035e-06,0.1949214618653059,0.004481412921450101,0.008985055610537529,1.5982064041963895e-05,27.74449294221361
radial,30,6.2828117774592505,0.2160000056028366,0.045236244797706604,359.25428771972656,3.296040098632602e-06,0.19503875821828842,0.0044039929925929755,0.008922836976125836,1.582992479143286e-05,27.39931623712253
radial,30,6.318450387981203,0.2160000056028366,0.04549284279346466,358.0289535522461,3.2660267290651745e-06,0.1951588485389948,0.00432470761006698,0.008859120076522231,1.567412896008591e-05,27.073073889134356
radial,30,6.357160293393665,0.2160000056028366,0.04577155411243439,356.7805290222168,3.235204353302379e-06,0.1952813845127821,0.004243793606292456,0.008794095076154917,1.5514994260001913e-05,26.768536239578566
radial,30,6.3992064032289715,0.2160000056028366,0.046074286103248596,355.5149230957031,3.2037207819968216e-06,0.19540584087371826,0.004161622899118811,0.00872806110419333,1.53533533477912e-05,26.488021963595024
radial,30,6.444874840478103,0.2160000056028366,0.04640309885144234,354.23764419555664,3.171627025011503e-06,0.19553168676793575,0.004078547906829044,0.00866130116628483,1.5189558354222754e-05,26.234279158699835
radial,30,6.494478633006414,0.2160000056028366,0.04676024615764618,352.9538345336914,3.1388608086047043e-06,0.19565840438008308,0.0039949061028892174,0.008594085229560733,1.5023431188865288e-05,26.010286900890478
radial,30,6.54835667875078,0.2160000056028366,0.047148168087005615,351.66832733154297,3.1053023317184625e-06,0.19578544609248638,0.003911016960046254,0.008526667777914554,1.4854504655659184e-05,25.818495052935607
radial,30,6.606877367529604,0.2160000056028366,0.04756951704621315,350.3857765197754,3.0708205613905193e-06,0.19591227732598782,0.0038271885277936235,0.008459292817860842,1.4682243545394158e-05,25.66018380384254
radial,30,6.670440650648541,0.2160000056028366,0.048027172684669495,349.1109085083008,3.0353297315599548e-06,0.1960383579134941,0.003743737848708406,0.008392213028855622,1.4506324177432361e-05,25.53489210144007
radial,30,6.739480627907647,0.2160000056028366,0.04852426052093506,347.84881591796875,2.9988267877811836e-06,0.1961631402373314,0.0036610004608519375,0.008325696224346757,1.4326794286034783e-05,25.440623402782354
radial,30,6.814470204214255,0.2160000056028366,0.049064185470342636,346.6045379638672,2.9613609342504787e-06,0.19628610275685787,0.0035793100541923195,0.00826000957749784,1.4143933555033072e-05,25.37434710470553
radial,30,6.895921606984404,0.2160000056028366,0.049650635570287704,345.3825912475586,2.922969629892691e-06,0.1964067555963993,0.0034989687701454386,0.008195394766516984,1.3957940581121875e-05,25.332454280327287
radial,30,6.9843905253542795,0.2160000056028366,0.05028761178255081,344.1867980957031,2.8836651342345476e-06,0.1965247057378292,0.003420237873797305,0.008132060465868562,1.3768874111974583e-05,25.31104242942993
radial,30,7.080483353800244,0.2160000056028366,0.050979480147361755,343.02058029174805,2.843473090763382e-06,0.19663957506418228,0.0033433494390919805,0.00807019165949896,1.3576838107098865e-05,25.305905826897366
radial,30,7.184856674737401,0.2160000056028366,0.05173096805810928,341.8869400024414,2.802453794359394e-06,0.1967510376125574,0.003268511325586587,0.00800995493773371,1.3382086777369295e-05,25.312705991796612
radial,30,7.2982234673367605,0.2160000056028366,0.052547208964824677,340.7884635925293,2.76068651050565e-06,0.19685880839824677,0.00319590131402947,0.00795149221085012,1.3184951917821763e-05,25.32716176503962
radial,30,7.421357764138116,0.2160000056028366,0.053433775901794434,339.7271728515625,2.71824701769674e-06,0.19696267321705818,0.0031256592919817194,0.007894915819633752,1.2985724438863144e-05,25.345333120176583
radial,30,7.5551039642757845,0.2160000056028366,0.054396748542785645,338.704402923584,2.6751889423692887e-06,0.19706248492002487,0.0030578843143302947,0.007840303878765553,1.2784572632540403e-05,25.363647664687512
radial,30,7.700373729070028,0.2160000056028366,0.0554426908493042,337.7210350036621,2.6315554899625226e-06,0.19715809263288975,0.0029926436254754663,0.007787709997501224,1.2581609311723696e-05,25.378889506182972
radial,30,7.858161504069964,0.2160000056028366,0.05657876282930374,336.7777328491211,2.5874189315544527e-06,0.19724940694868565,0.002929989597760141,0.007737174688372761,1.237707737189453e-05,25.388201946896757
radial,30,8.029545553856426,0.2160000056028366,0.057812727987766266,335.8751449584961,2.5428953027706314e-06,0.19733634404838085,0.0028699665563181043,0.007688733108807355,1.2171418269701917e-05,25.389117954162796
radial,30,8.215697275267708,0.2160000056028366,0.05915302038192749,335.013729095459,2.4981257702449966e-06,0.19741884246468544,0.0028126066317781806,0.007642412092536688,1.1965173520422923e-05,25.37961271845961
radial,30,8.417889475822449,0.2160000056028366,0.06060880422592163,334.19367599487305,2.4532514544262085e-06,0.19749688357114792,0.002757922819000669,0.007598221709486097,1.1758861955257771e-05,25.358070169529725
radial,30,8.637504652142525,0.2160000056028366,0.06219003349542618,333.41492462158203,2.408392736796827e-06,0.19757043942809105,0.002705912760575302,0.007556159165687859,1.1552900044620174e-05,25.32323102002108
radial,30,8.876043268375927,0.2160000056028366,0.06390751153230667,332.6776657104492,2.3636864967535587e-06,0.19763944298028946,0.002656586715602316,0.007516231969930232,1.1347802274741525e-05,25.274336843304976
radial,30,9.135136173831093,0.2160000056028366,0.06577298045158386,331.9810676574707,2.319189785104925e-06,0.197703892365098,0.002609889197628945,0.007478392333723605,1.1143723028794739e-05,25.210718185496187
radial,30,9.416554951005512,0.2160000056028366,0.06779919564723969,331.32394790649414,2.2749014969569714e-06,0.19776385091245174,0.002565743590821512,0.007442576810717583,1.0940582582108505e-05,25.13135678018832
radial,30,9.722221228811476,0.2160000056028366,0.06999999284744263,330.7069435119629,2.231135729502398e-06,0.19781933166086674,0.0025241687253583223,0.007408805540762842,1.0739782709379142e-05,25.03649837547721
radial,30,9.902213803595966,0.2160000056028366,0.07129593938589096,330.3861961364746,2.2074961998352904e-06,0.1978478729724884,0.0025024861679412425,0.00739117618650198,1.063126191169772e-05,24.97789284850759
radial,30,10.089199576112959,0.2160000056028366,0.0726422369480133,330.0816650390625,2.184384272574391e-06,0.19787468388676643,0.002481854797224514,0.007374385721050203,1.0525061988175821e-05,24.915033100464854
radial,30,10.283450699514812,0.2160000056028366,0.07404084503650665,329.7905502319336,2.1615958267773294e-06,0.19789996929466724,0.0024620903423056006,0.007358283386565745,1.0420221453699696e-05,24.847590513784798
radial,30,10.485249674982494,0.2160000056028366,0.07549379765987396,329.5134963989258,2.139247114341103e-06,0.19792372919619083,0.002443229081109166,0.007342901139054447,1.0317290126238277e-05,24.7760265154497
radial,30,10.694890386528439,0.2160000056028366,0.07700321078300476,329.2508354187012,2.1174201718654473e-06,0.19794599898159504,0.002425288868835196,0.007328256033360958,1.0216649386052268e-05,24.70062757494412
radial,30,10.912676031390827,0.2160000056028366,0.07857126742601395,329.00194549560547,2.0960899040911585e-06,0.197966780513525,0.0024082309391815215,0.007314315298572183,1.0118166095196557e-05,24.621435418138084
radial,30,11.138925328850746,0.2160000056028366,0.08020026236772537,328.76647567749023,2.0752430289761037e-06,0.19798609800636768,0.0023920298845041543,0.00730105786351487,1.0021771506885102e-05,24.5385508143008
radial,30,11.373966311415037,0.2160000056028366,0.08189255744218826,328.544189453125,2.054879482349392e-06,0.19800397381186485,0.002376670847297646,0.007288472086656839,9.927475106863426e-06,24.452057368588896
radial,30,11.618139429224863,0.2160000056028366,0.083650603890419,328.3348579406738,2.0349952256637494e-06,0.19802041724324226,0.0023621388827450573,0.007276545569766313,9.835273438341119e-06,24.362053522042174
radial,30,11.871800654464298,0.2160000056028366,0.08547696471214294,328.1382713317871,2.0155847066938293e-06,0.19803543761372566,0.002348419075133279,0.007265266554895788,9.74515623397565e-06,24.268622399617655
radial,30,12.135318376951748,0.2160000056028366,0.08737429231405258,327.95420837402344,1.996633179457419e-06,0.19804903119802475,0.00233549767290242,0.007254622993059456,9.657098726911784e-06,24.171862670417763
radial,30,12.409075473745665,0.2160000056028366,0.08934534341096878,327.7824478149414,1.9781189504186614e-06,0.19806120172142982,0.00232336028420832,0.007244603184517473,9.571071073466442e-06,24.071886375085832
radial,30,12.69346930914455,0.2160000056028366,0.09139297902584076,327.6228141784668,1.9600209661962964e-06,0.19807194359600544,0.002311993361217901,0.007235197001136839,9.487060786739221e-06,23.96881994832333
radial,30,12.988915873898401,0.2160000056028366,0.09352019429206848,327.4751167297363,1.9423097770143727e-06,0.19808130152523518,0.0023013844765955582,0.007226395013276488,9.405063929435187e-06,23.862772085895724
radial,30,13.295841506785816,0.2160000056028366,0.09573005884885788,327.3391342163086,1.9249455234238155e-06,0.19808926060795784,0.0022915200097486377,0.007218186859972775,9.325058228704108e-06,23.753883056277367
radial,30,13.614692207839754,0.2160000056028366,0.09802578389644623,327.2146644592285,1.907881917229126e-06,0.19809584319591522,0.0022823842882644385,0.0072105604922398925,9.246997714207339e-06,23.642250426798494
radial,30,13.945934673150381,0.2160000056028366,0.10041072964668274,327.10144424438477,1.8910779333580763e-06,0.19810104742646217,0.00227396069385577,0.0072035035118460655,9.170842768746468e-06,23.5280509610416
radial,30,14.290045946836472,0.2160000056028366,0.1028883308172226,326.99921798706055,1.8745184446888885e-06,0.19810490310192108,0.002266232928377576,0.007197002239990979,9.096586733647882e-06,23.411441213831306
radial,30,14.647531012694042,0.2160000056028366,0.1054622232913971,326.90774154663086,1.8582211346318545e-06,0.1981074195355177,0.002259183893329464,0.007191043172497302,9.02426307369808e-06,23.292632002545993
radial,30,15.01890520254771,0.2160000056028366,0.1081361174583435,326.8267288208008,1.842233611770716e-06,0.198108633980155,0.0022527954424731433,0.007185611117165536,8.953925112464844e-06,23.17189908736664
radial,30,15.404709718293613,0.2160000056028366,0.11091390997171402,326.7558784484863,1.826617882505488e-06,0.19810856506228447,0.002247047421406023,0.007180688437074423,8.885634358080097e-06,23.049498530308366
radial,30,15.805506457885107,0.2160000056028366,0.11379964649677277,326.694881439209,1.8114392450474526e-06,0.19810722582042217,0.0022419209708459675,0.007176258077379316,8.81947135944472e-06,22.92578192892542
radial,30,16.22187594572703,0.2160000056028366,0.11679750680923462,326.64344787597656,1.7967505112070903e-06,0.19810462929308414,0.0022373956308001652,0.007172302284743637,8.755499319779148e-06,22.800987797784423
radial,30,16.654425611098606,0.2160000056028366,0.11991186439990997,326.601261138916,1.78261437133731e-06,0.19810080528259277,0.0022334548557410017,0.007168807438574731,8.69386310320408e-06,22.675648991653514
radial,30,17.103781509730553,0.2160000056028366,0.12314722687005997,326.5680274963379,1.769071422574875e-06,0.19809575751423836,0.0022300742712104693,0.007165751943830401,8.634617991276627e-06,22.550016495627922
radial,30,17.570598671833675,0.2160000056028366,0.12650831043720245,326.5434341430664,1.756111169815e-06,0.19808951951563358,0.0022272250789683312,0.007163112284615636,8.577593458181099e-06,22.423468513369375
radial,30,18.055554893281727,0.2160000056028366,0.12999999523162842,326.52724838256836,1.7438537920910768e-06,0.1980821155011654,0.002224907322670333,0.007160888810176402,8.52324039612995e-06,22.297542490988405
radial,30,18.3384513689412,0.2160000056028366,0.13203684985637665,326.5216178894043,1.737333010953801e-06,0.19807734340429306,0.002223830044385977,0.007159811037126929,8.494007128767578e-06,22.227957564472163
radial,30,18.62622383568022,0.2160000056028366,0.13410881161689758,326.5182914733887,1.731132943771918e-06,0.1980721391737461,0.002222904600785114,0.007158848166000098,8.465807123325675e-06,22.159226368596812
radial,30,18.918953008121914,0.2160000056028366,0.13621646165847778,326.51737213134766,1.725194153756604e-06,0.19806654565036297,0.00222212313383352,0.007157995365560055,8.438402907096076e-06,22.09037405407876
radial,30,19.21672580970658,0.2160000056028366,0.1383604258298874,326.51872634887695,1.7195341212583592e-06,0.19806057214736938,0.002221487069618888,0.007157254323828965,8.411962048704424e-06,22.022216279391397
radial,30,19.519631233480244,0.2160000056028366,0.14054134488105774,326.522159576416,1.7141405818099642e-06,0.19805421493947506,0.0022209869930520654,0.007156617066357285,8.386509560143196e-06,21.955132715662597
radial,30,19.82775413327747,0.2160000056028366,0.14275982975959778,326.52752685546875,1.7089796254809997e-06,0.19804746098816395,0.002220613809186034,0.00715607637539506,8.361966597814074e-06,21.889046266272008
radial,30,20.141185571750004,0.2160000056028366,0.14501653611660004,326.53466033935547,1.7040257319633767e-06,0.1980403047055006,0.0022203589469427243,0.007155624916777015,8.338293418397313e-06,21.824037061285594
radial,30,20.46001868115531,0.2160000056028366,0.14731213450431824,326.5434265136719,1.6992557590744806e-06,0.19803273491561413,0.0022202137479325756,0.0071552558219991624,8.315455961582785e-06,21.760166322616826
radial,30,20.784344524145126,0.2160000056028366,0.1496472805738449,326.5536766052246,1.6946480630442018e-06,0.19802473857998848,0.0022201697138370946,0.007154961989726871,8.293422578242726e-06,21.69750377680334
radial,30,21.114260372188358,0.2160000056028366,0.15202267467975616,326.5652313232422,1.6901826639104112e-06,0.19801628030836582,0.0022202181426109746,0.007154735736548901,8.272163975586722e-06,21.636116328600938
radial,30,21.44985935754246,0.2160000056028366,0.15443898737430573,326.57795333862305,1.6858421690302272e-06,0.19800733774900436,0.002220350012066774,0.007154569844715297,8.251652288571165e-06,21.57609248296132
radial,30,21.79124082128207,0.2160000056028366,0.1568969339132309,326.59168243408203,1.681614501924944e-06,0.19799786806106567,0.0022205568093340844,0.0071544566890224814,8.23186953313737e-06,21.517518644274425
radial,30,22.138502034876083,0.2160000056028366,0.1593972146511078,326.60628509521484,1.6774922375895063e-06,0.19798786006867886,0.002220829774159938,0.007154388818889856,8.212806543728135e-06,21.460478786787363
radial,30,22.491750617822014,0.2160000056028366,0.16194060444831848,326.6215515136719,1.673476760721826e-06,0.19797730073332787,0.0022211603354662657,0.007154358783736825,8.194464386823697e-06,21.40507849083135
radial,30,22.851083841588764,0.2160000056028366,0.1645278036594391,326.6373825073242,1.669577522622756e-06,0.19796622917056084,0.0022215404314920306,0.00715436035534367,8.17685832199544e-06,21.35142026941889
radial,30,23.216609325673847,0.2160000056028366,0.16715958714485168,326.65359115600586,1.6658056543189526e-06,0.1979546658694744,0.0022219618695089594,0.007154386548791081,8.160006738755499e-06,21.299624026536343
radial,30,23.58843055036333,0.2160000056028366,0.16983669996261597,326.67005157470703,1.662174861999377e-06,0.19794265553355217,0.0022224167187232524,0.007154431426897645,8.143934056459301e-06,21.249821376431914
radial,30,23.96666134397189,0.2160000056028366,0.1725599616765976,326.6866035461426,1.658698624909527e-06,0.19793022610247135,0.0022228971356526017,0.007154488528613001,8.1286665927216e-06,21.20211771429331
radial,30,24.351409325997036,0.2160000056028366,0.17533014714717865,326.7030792236328,1.6553891498682916e-06,0.1979173980653286,0.0022233952477108687,0.0071545508108101785,8.114229729461186e-06,21.15666236624242
radial,30,24.74278211593628,0.2160000056028366,0.1781480312347412,326.71934509277344,1.6522569422916522e-06,0.1979041900485754,0.0022239030367927626,0.007154611579608172,8.100647184816623e-06,21.1135919433044
radial,30,25.140903890132904,0.2160000056028366,0.1810145080089569,326.73523330688477,1.6493116339610925e-06,0.19789058901369572,0.0022244124265853316,0.007154664024710655,8.087941196111004e-06,21.073029860258533
radial,30,25.545884337690143,0.2160000056028366,0.18393036723136902,326.7506103515625,1.6465615968325187e-06,0.19787658005952835,0.0022249153844313696,0.007154699706006795,8.076133187984169e-06,21.035135863701807
radial,30,25.95784142613411,0.2160000056028366,0.1868964582681656,326.76529693603516,1.644013915821918e-06,0.19786211661994457,0.0022254037903621793,0.007154710707254708,8.065239903487509e-06,21.000057497796597
radial,30,26.37689726220237,0.2160000056028366,0.18991366028785706,326.7791290283203,1.6416752021547465e-06,0.1978471428155899,0.0022258691024035215,0.007154688355512917,8.055279248297964e-06,20.96793730770327
radial,30,26.80316981342104,0.2160000056028366,0.19298282265663147,326.7919235229492,1.6395512509315147e-06,0.1978315431624651,0.0022263022256083786,0.007154621300287545,8.046261547933753e-06,20.938950999548894
radial,30,27.236793604162006,0.2160000056028366,0.19610491394996643,326.8035011291504,1.6376474410578767e-06,0.19781515561044216,0.002226693046395667,0.007154497317969799,8.038192773285324e-06,20.913259119432066
radial,30,27.677884532345665,0.2160000056028366,0.1992807686328888,326.8136177062988,1.635975321198635e-06,0.1977977193892002,0.002227030592621304,0.007154300168622285,8.031094556271157e-06,20.89104676981061
radial,30,28.12657505273819,0.2160000056028366,0.20251134037971497,326.82212829589844,1.634554967301638e-06,0.19777897372841835,0.0022273053764365613,0.0071540160570293665,8.02501884267226e-06,20.872480871518917
radial,30,28.582997620105743,0.2160000056028366,0.20579758286476135,326.8285598754883,1.633364381199709e-06,0.19775837287306786,0.0022274942020885646,0.007153612037654966,8.019846796880614e-06,20.85771259672323
radial,30,29.047286758820217,0.2160000056028366,0.20914046466350555,326.83099365234375,1.6321558511805945e-06,0.1977269910275936,0.0022274804796325043,0.00715274503454566,8.014349122453801e-06,20.84643916112466
radial,30,29.519572854042053,0.2160000056028366,0.21254092454910278,326.82260513305664,1.6300790071713256e-06,0.19760962203145027,0.0022267275489866734,0.007149000070057809,8.005431662128082e-06,20.84063758274092
radial,30,29.999998708566032,0.2160000056028366,0.21599999070167542,316.9171447753906,3.78113340603059e-07,0.1340028177946806,0.0014843226526863873,0.004811403050553054,2.156725003921167e-06,21.91161662710564
radial,45,0.0,0.3240000009536743,0.0,1511.007480621338,8.063743902653187e-05,0.08956697676330805,0.07368267117999494,0.0641373285325244,0.00046247502859841916,494.10154323585465
radial,45,0.012820514206800403,0.3240000009536743,9.23077022889629e-05,1511.0025177001953,8.06363128731391e-05,0.0895674480125308,0.07368235616013408,0.06413706776220351,0.00046246951512785017,494.1000200498972
radial,45,0.025641028413600806,0.3240000009536743,0.0001846154045779258,1510.9875679016113,8.063294063731519e-05,0.08956886921077967,0.07368140388280153,0.06413628510199487,0.00046245296994129603,494.09540759945565
radial,45,0.038461536557103194,0.3240000009536743,0.000276923063211143,1510.9626159667969,8.062730293545428e-05,0.08957124967128038,0.07367981458082795,0.06413498322945088,0.00046242534756402165,494.0878391874742
radial,45,0.05128205682720161,0.3240000009536743,0.0003692308091558516,1510.9275169372559,8.061939232106852e-05,0.08957458473742008,0.07367758121108636,0.06413315888494253,0.00046238667846409953,494.07722603222993
radial,45,0.064102564970704,0.3240000009536743,0.0004615384677890688,1510.8824615478516,8.060922107233637e-05,0.08957888372242451,0.07367470930330455,0.06413081136997789,0.00046233691125507903,494.0637301789523
radial,45,0.07692307311420639,0.3240000009536743,0.000553846126422286,1510.8272247314453,8.059677782057406e-05,0.08958414476364851,0.07367119035916403,0.06412794219795614,0.00046227604957493895,494.0471643306444
radial,45,0.08974358529990746,0.3240000009536743,0.0006461538141593337,1510.7620162963867,8.058206344685459e-05,0.08959036599844694,0.07366703159641474,0.0641245492734015,0.0004622041078619077,494.0277130352564
radial,45,0.10256411365440322,0.3240000009536743,0.0007384616183117032,1510.6867218017578,8.056508158915676e-05,0.0895975511521101,0.07366223086137325,0.06412063259631395,0.0004621210860022984,494.0052469116424
radial,45,0.11538461775570694,0.3240000009536743,0.00083076924784109,1510.6013259887695,8.054583409489169e-05,0.08960570115596056,0.07365678460337222,0.06411619135178626,0.0004620269660335907,493.97984271272156
radial,45,0.128205129941408,0.3240000009536743,0.0009230769355781376,1510.505771636963,8.05243150239221e-05,0.08961481228470802,0.073650696023833,0.06411122740246356,0.0004619217935442066,493.9513821189805
radial,45,0.14102563404271173,0.3240000009536743,0.0010153845651075244,1510.4002418518066,8.050052758790116e-05,0.08962489105761051,0.07364396384218708,0.06410573876928538,0.00046180549179553054,493.92004679366494
radial,45,0.15384614622841278,0.3240000009536743,0.001107692252844572,1510.2845001220703,8.047447448689127e-05,0.08963593002408743,0.07363658503163606,0.06409972510300577,0.00046167813184183615,493.88568404107724
radial,45,0.16666667458290854,0.3240000009536743,0.0012000000569969416,1510.1586685180664,8.044615256608267e-05,0.0896479394286871,0.07362855883548036,0.06409318593796343,0.00046153966854944883,493.8483407982039
radial,45,0.17948717059981492,0.3240000009536743,0.0012923076283186674,1510.0227165222168,8.041556091598068e-05,0.08966091275215149,0.07361988752381876,0.06408612127415836,0.00046139009600665304,493.8079999466468
radial,45,0.19230769895431069,0.3240000009536743,0.001384615432471037,1509.8766059875488,8.038270635779554e-05,0.08967485837638378,0.07361057016532868,0.06407852796837687,0.00046122944013404776,493.76469001422106
radial,45,0.20512822730880645,0.3240000009536743,0.0014769232366234064,1509.7203254699707,8.034758485564453e-05,0.0896897679194808,0.07360060728387907,0.06407040997873992,0.00046105767148674204,493.7183993750971
radial,45,0.21794872332571283,0.3240000009536743,0.0015692308079451323,1509.5539283752441,8.031019677900986e-05,0.08970564883202314,0.07358999317511916,0.06406176334712654,0.00046087483042356325,493.6690945708458
radial,45,0.23076923551141387,0.3240000009536743,0.00166153849568218,1509.377311706543,8.02705390015035e-05,0.08972250390797853,0.07357873348519206,0.06405258784070611,0.0004606808656717476,493.61681154097596
radial,45,0.24358974769711494,0.3240000009536743,0.0017538461834192276,1509.19047164917,8.022861788958835e-05,0.0897403284907341,0.07356682262616232,0.06404288415797055,0.000460475792010584,493.5614870847894
radial,45,0.256410259882816,0.3240000009536743,0.0018461538711562753,1508.9934539794922,8.018443617174853e-05,0.08975912816822529,0.07355425867717713,0.06403264997061342,0.000460259629335269,493.5032190097494
radial,45,0.2692307720685171,0.3240000009536743,0.001938461558893323,1508.7861785888672,8.013798478145873e-05,0.08977890200912952,0.07354104449041188,0.06402188586071134,0.0004600323634349479,493.44192103149857
radial,45,0.28205126808542347,0.3240000009536743,0.002030769130215049,1508.5686874389648,8.008927187574955e-05,0.08979965467005968,0.07352717913454399,0.06401058891788125,0.00045979395395079337,493.3776140578309
radial,45,0.29487179643991923,0.3240000009536743,0.0021230769343674183,1508.3409118652344,8.003829702829535e-05,0.08982138056308031,0.07351265696343035,0.06399876018986106,0.0004595444573851637,493.31025319470154
radial,45,0.30769229245682556,0.3240000009536743,0.002215384505689144,1508.1028671264648,7.998505884643237e-05,0.08984408993273973,0.07349748309934512,0.06398639944382012,0.000459283833720292,493.2399367021697
radial,45,0.3205128208113213,0.3240000009536743,0.0023076923098415136,1507.8544731140137,7.992956193447753e-05,0.0898677771911025,0.07348165294388309,0.06397350295446813,0.00045901210501142486,493.16654628782334
radial,45,0.3333333491658171,0.3240000009536743,0.002400000113993883,1507.5958137512207,7.987180217128298e-05,0.08989244885742664,0.07346516550751403,0.0639600723516196,0.00045872926352785726,493.09019484521514
radial,45,0.34615384518272346,0.3240000009536743,0.002492307685315609,1507.3267860412598,7.981178458749127e-05,0.08991810213774443,0.07344802259467542,0.06394610682036728,0.00045843529164812935,493.01073754613697
radial,45,0.35897434119962984,0.3240000009536743,0.002584615256637335,1507.0474395751953,7.974950869993336e-05,0.08994474448263645,0.07343021692940965,0.0639316028682515,0.0004581302164297085,492.9283080783419
radial,45,0.3717948695541256,0.3240000009536743,0.0026769230607897043,1506.7577056884766,7.96849777202624e-05,0.08997237123548985,0.07341175351757556,0.06391656491905451,0.00045781401217936946,492.8428133990864
radial,45,0.38461539790862137,0.3240000009536743,0.002769230864942074,1506.4575119018555,7.961819255797309e-05,0.0900009861215949,0.07339262618916109,0.06390098517294973,0.0004574866775328701,492.75422461675157
radial,45,0.39743589392552775,0.3240000009536743,0.0028615384362637997,1506.14697265625,7.954915182040168e-05,0.09003059193491936,0.0733728397754021,0.06388486782088876,0.00045714826319454005,492.6626511046909
radial,45,0.4102564546176129,0.3240000009536743,0.002953846473246813,1505.8259544372559,7.94778601402868e-05,0.09006119333207607,0.0733523890376091,0.06386820902116597,0.0004567987109567184,492.5679967002045
radial,45,0.4230769182969299,0.3240000009536743,0.003046153811737895,1505.494483947754,7.940431748920673e-05,0.09009278751909733,0.07333127124002203,0.06385100516490638,0.0004564380482179331,492.4702551056356
radial,45,0.43589744665142566,0.3240000009536743,0.0031384616158902645,1505.1525421142578,7.932852793146594e-05,0.09012537356466055,0.07330949051538482,0.0638332647504285,0.00045606627304550784,492.36947681967683
radial,45,0.448717942668332,0.3240000009536743,0.0032307691872119904,1504.800106048584,7.925049331447553e-05,0.09015896078199148,0.07328704174142331,0.0638149791629985,0.0004556833928290871,492.2656188440837
radial,45,0.46153847102282775,0.3240000009536743,0.00332307699136436,1504.437110900879,7.917021321190987e-05,0.09019354451447725,0.07326392218237743,0.06379614642355591,0.00045528940597705514,492.1586798606595
radial,45,0.4743589670397341,0.3240000009536743,0.0034153845626860857,1504.0636100769043,7.908769123332604e-05,0.09022913035005331,0.07324013783363625,0.06377677386626601,0.00045488433022455865,492.0486553808976
radial,45,0.4871794953942299,0.3240000009536743,0.003507692366838455,1503.679515838623,7.900293013562987e-05,0.0902657201513648,0.07321567891631275,0.06375685147941113,0.00045446812589489127,491.9355278908435
radial,45,0.49999999141113627,0.3240000009536743,0.003599999938160181,1503.2847938537598,7.89159312830634e-05,0.09030331391841173,0.07319054822437465,0.06373637914657593,0.0004540408366437987,491.81929420390304
radial,45,0.5115740673823489,0.3240000009536743,0.003683333285152912,1502.9193572998047,7.883547164055926e-05,0.09033811930567026,0.07316728244768456,0.06371742906048894,0.0004536455859351918,491.71172243421404
radial,45,0.5231481433535615,0.3240000009536743,0.0037666666321456432,1502.5452499389648,7.875318996752867e-05,0.09037374891340733,0.07314346177736297,0.06369802774861455,0.00045324124698709056,491.6016452376839
radial,45,0.5347222193247743,0.3240000009536743,0.0038499999791383743,1502.1623878479004,7.866908765663538e-05,0.09041020087897778,0.07311909401323646,0.06367818114813417,0.00045282787289124826,491.4890308444862
radial,45,0.5415076803829935,0.3240000009536743,0.003898855298757553,1501.933895111084,7.861893374183637e-05,0.09043195843696594,0.07310454710386693,0.06366633286233991,0.0004525813423015279,491.4218986888764
radial,45,0.5483620205066271,0.3240000009536743,0.003948206547647715,1501.6999588012695,7.856763642166698e-05,0.09045422822237015,0.07308965921401978,0.06365420890506357,0.00045232913271320285,491.3532186505113
radial,45,0.5552860804729992,0.3240000009536743,0.003998059779405594,1501.460563659668,7.851517392509777e-05,0.09047701954841614,0.07307442254386842,0.06364180392120034,0.00045207117557310994,491.28299672559206
radial,45,0.5622805717090765,0.3240000009536743,0.004048420116305351,1501.2155456542969,7.846152124102446e-05,0.09050034452229738,0.07305882673244923,0.06362910626921803,0.00045180731081018166,491.2111771807446
radial,45,0.5693460762914684,0.3240000009536743,0.0040992917492985725,1500.9647598266602,7.840665517733214e-05,0.09052421525120735,0.07304287271108478,0.06361611152533442,0.00045153744508752425,491.1377265641773
radial,45,0.576483434997499,0.3240000009536743,0.004150680731981993,1500.708137512207,7.835054938709618e-05,0.09054864104837179,0.07302653999067843,0.06360281584784389,0.00045126142788376455,491.0626249033535
radial,45,0.5836932945789562,0.3240000009536743,0.004202591720968485,1500.4454498291016,7.829317519281176e-05,0.09057363495230675,0.07300982985179871,0.06358920759521425,0.0004509791458531254,490.9857991095265
radial,45,0.5909764958131645,0.3240000009536743,0.004255030769854784,1500.1766777038574,7.823451210242638e-05,0.09059921093285084,0.07299272686941549,0.0635752840898931,0.0004506904247136845,490.9072447467997
radial,45,0.5983336854519116,0.3240000009536743,0.004308002535253763,1499.9015884399414,7.817452785729984e-05,0.09062538668513298,0.07297522883163765,0.0635610360186547,0.0004503951801098083,490.82688764858784
radial,45,0.6057657042725219,0.3240000009536743,0.0043615130707621574,1499.6200942993164,7.811319426309637e-05,0.09065216407179832,0.0729573224671185,0.06354645569808781,0.00045009324867351097,490.7447259248704
radial,45,0.6132731990267833,0.3240000009536743,0.00441556703299284,1499.3320274353027,7.805049216358384e-05,0.09067956823855639,0.07293900079093874,0.06353153940290213,0.00044978448090660095,490.6607016795637
radial,45,0.620857075167199,0.3240000009536743,0.004470170941203833,1499.037254333496,7.798637977884937e-05,0.09070760477334261,0.07292025361675769,0.0635162761900574,0.0004494687658507246,490.57473439669974
radial,45,0.6285179794455568,0.3240000009536743,0.004525329452008009,1498.7355880737305,7.792084159063961e-05,0.09073628857731819,0.07290107337757945,0.06350065884180367,0.00044914592672284925,490.48681861520186
radial,45,0.6362567526391811,0.3240000009536743,0.004581048619002104,1498.4269332885742,7.785384124758821e-05,0.0907656392082572,0.07288144651101902,0.06348468002397567,0.00044881583096412214,490.3969313718836
radial,45,0.6440741708502173,0.3240000009536743,0.004637334030121565,1498.1111450195312,7.77853469458023e-05,0.09079566411674023,0.07286136690527201,0.0634683333337307,0.0004484783054294894,490.30499696815633
radial,45,0.6519710748559899,0.3240000009536743,0.004694191738963127,1497.7880096435547,7.771533495315452e-05,0.09082638472318649,0.07284082478145137,0.06345160480123013,0.0004481332354089318,490.2109790746058
radial,45,0.6599482407586442,0.3240000009536743,0.004751627333462238,1497.4573860168457,7.764376715613253e-05,0.09085781313478947,0.07281980663537979,0.06343449384439737,0.0004477804243379069,490.11481925745227
radial,45,0.6680065093355047,0.3240000009536743,0.004809646867215633,1497.1191024780273,7.757061800361953e-05,0.09088996425271034,0.07279830478364602,0.06341699045151472,0.00044741975943907164,490.0164776586868
radial,45,0.6761466566887167,0.3240000009536743,0.00486825592815876,1496.7729949951172,7.749585162741823e-05,0.09092285297811031,0.07277630636235699,0.06339908274821937,0.0004470510075407219,489.91589414586304
radial,45,0.6843695235956047,0.3240000009536743,0.004927460569888353,1496.4188842773438,7.741943434780296e-05,0.0909565044566989,0.07275380415376276,0.06338076060637832,0.0004466740415409731,489.8130368482038
radial,45,0.6926760155086716,0.3240000009536743,0.0049872673116624355,1496.056655883789,7.734133842518531e-05,0.09099092334508896,0.07273078290745616,0.0633620205335319,0.0004462886972760316,489.70786133280524
radial,45,0.7010669085300631,0.3240000009536743,0.005047681741416454,1495.68599319458,7.7261522022809e-05,0.09102613478899002,0.07270723313558847,0.06334284727927297,0.0004458948001229146,489.6002777234525
radial,45,0.7095431081122823,0.3240000009536743,0.005108710378408432,1495.3068618774414,7.717996146539008e-05,0.09106214810162783,0.07268314459361136,0.06332323653623462,0.0004454921515844035,489.490279539785
radial,45,0.7181054550326533,0.3240000009536743,0.005170359276235104,1494.9189910888672,7.709661178978422e-05,0.09109899122267962,0.07265850272960961,0.0633031758479774,0.00044508060796033533,489.3777505605768
radial,45,0.7267547900685006,0.3240000009536743,0.005232634488493204,1494.5221786499023,7.701143837834934e-05,0.0911366743966937,0.07263329601846635,0.06328265368938446,0.00044465995824793936,489.2626700580896
radial,45,0.735492083347506,0.3240000009536743,0.005295543000102043,1494.1161918640137,7.692441170092934e-05,0.09117521811276674,0.07260751153808087,0.06326166191138327,0.00044423003453175625,489.1449586487618
radial,45,0.7443181756469939,0.3240000009536743,0.005359090864658356,1493.701026916504,7.683548898285153e-05,0.09121464379131794,0.0725811398588121,0.06324019306339324,0.0004437906352450227,489.0246167573152
radial,45,0.7532339077442884,0.3240000009536743,0.005423284135758877,1493.2762260437012,7.674463569173895e-05,0.09125496447086334,0.07255416468251497,0.06321823224425316,0.0004433415764424353,488.9015170875092
radial,45,0.762240443792608,0.3240000009536743,0.005488131195306778,1492.8417129516602,7.665181269089771e-05,0.09129620902240276,0.07252657267963514,0.06319577235262841,0.0004428826375715289,488.77561594021336
radial,45,0.7713384305437406,0.3240000009536743,0.005553636699914932,1492.3972549438477,7.65569795078136e-05,0.09133838769048452,0.07249835395487025,0.06317279941868037,0.00044241367152153543,488.64685574291997
radial,45,0.780528838125368,0.3240000009536743,0.005619807634502649,1491.942611694336,7.646009930795117e-05,0.09138153214007616,0.07246949314139783,0.06314930389635265,0.0004419344214738885,488.51515021277515
radial,45,0.7898127013403509,0.3240000009536743,0.005686651449650526,1491.4776077270508,7.636112621867142e-05,0.091425652615726,0.0724399738246575,0.06312527158297598,0.00044144470552964776,488.3804996313181
radial,45,0.7991907962908348,0.3240000009536743,0.00575417373329401,1491.001953125,7.626003196037345e-05,0.09147077612578869,0.07240978378104046,0.06310069444589317,0.000440944319962,488.2427358331677
radial,45,0.8086644164803956,0.3240000009536743,0.005822383798658848,1490.5154876708984,7.615676335603894e-05,0.09151692129671574,0.0723789072362706,0.06307556084357202,0.00044043303489615937,488.1018912616338
radial,45,0.818234273336,0.3240000009536743,0.005891286768019199,1490.0179061889648,7.605128269005945e-05,0.0915641114115715,0.07234733289806172,0.06304985261522233,0.0004399106543360176,487.95780695118924
radial,45,0.8279013369853299,0.3240000009536743,0.0059608896262943745,1489.5089874267578,7.594354855200436e-05,0.0916123716160655,0.07231504213996232,0.06302356580272317,0.0004393769306716422,487.81044927751094
radial,45,0.8376667069064246,0.3240000009536743,0.006031200289726257,1488.9884872436523,7.583351955986473e-05,0.0916617214679718,0.07228202221449465,0.06299668049905449,0.0004388316741597009,487.65976659479924
radial,45,0.8475313532269664,0.3240000009536743,0.0061022257432341576,1488.4561958312988,7.57211452366846e-05,0.09171218704432249,0.0722482506535016,0.06296918902080506,0.0004382746122928438,487.50564074337814
radial,45,0.8574962460746368,0.3240000009536743,0.006173972971737385,1487.911750793457,7.560638650261353e-05,0.09176379255950451,0.07221371738705784,0.06294107669964433,0.0004377055447548628,487.34797441584317
radial,45,0.8675623555771179,0.3240000009536743,0.006246448960155249,1487.3549613952637,7.54891951260106e-05,0.09181656036525965,0.07217840215889737,0.0629123275866732,0.00043712423109809606,487.18672811643836
radial,45,0.8777308458876278,0.3240000009536743,0.006319662090390921,1486.7855529785156,7.536952929854124e-05,0.09187051746994257,0.07214229280361906,0.06288292980752885,0.00043653042393998476,487.0218417841818
radial,45,0.8880026871338487,0.3240000009536743,0.00639361934736371,1486.2032623291016,7.524733851482779e-05,0.09192569088190794,0.07210536842467263,0.06285286787897348,0.0004359239121640712,486.85318081321077
radial,45,0.898378914118641,0.3240000009536743,0.006468328181654215,1485.607780456543,7.512257823805157e-05,0.09198210015892982,0.07206761476118118,0.0628221333026886,0.0004353043846094806,486.68068544890974
radial,45,0.9088606263200443,0.3240000009536743,0.006543796509504318,1484.9988441467285,7.499520071974075e-05,0.09203978069126606,0.07202901237178594,0.06279070465825498,0.0004346716646068671,486.5042820216374
radial,45,0.9194488585409191,0.3240000009536743,0.0066200317814946175,1484.3761291503906,7.486515409027561e-05,0.09209875110536814,0.071989536867477,0.06275857076980174,0.0004340254374710639,486.3238387038716
radial,45,0.9301447102593051,0.3240000009536743,0.006697041913866997,1483.7393493652344,7.473239838873269e-05,0.09215904399752617,0.0719491794006899,0.06272571336012334,0.0004333654735546588,486.13928370264887
radial,45,0.9409492809532417,0.3240000009536743,0.00677483482286334,1483.0882453918457,7.459687219579791e-05,0.09222069103270769,0.07190791890025139,0.06269212230108678,0.00043269152945413225,485.9505441569753
radial,45,0.9518637347759472,0.3240000009536743,0.00685341889038682,1482.4224395751953,7.445853503895705e-05,0.09228371549397707,0.07186573022045195,0.06265777489170432,0.0004320032953728514,485.75747721596355
radial,45,0.9628891065302823,0.3240000009536743,0.006932801567018032,1481.7417030334473,7.431733058638201e-05,0.09234814438968897,0.07182259921682999,0.06262266007252038,0.00043130054586981714,485.56006160187695
radial,45,0.9740264310191076,0.3240000009536743,0.007012990303337574,1481.0455932617188,7.417321052116677e-05,0.09241401497274637,0.0717785035376437,0.06258675956632942,0.00043058297524112277,485.35805904262804
radial,45,0.9852770664211776,0.3240000009536743,0.007093994878232479,1480.333896636963,7.4026117260928e-05,0.09248135145753622,0.07173342071473598,0.06255005614366382,0.0004298503396285014,485.1515040096496
radial,45,0.9966419828641746,0.3240000009536743,0.007175822276622057,1479.606201171875,7.38760079173062e-05,0.09255019202828407,0.07168733578873798,0.06251253769733012,0.00042910231127279985,484.94024179172874
radial,45,1.008122473851674,0.3240000009536743,0.007258481811732054,1478.8621826171875,7.372282257733787e-05,0.09262056276202202,0.07164022349752486,0.06247418210841715,0.00042833866109504015,484.7241319011779
radial,45,1.0197196388617158,0.3240000009536743,0.007341981399804354,1478.1015167236328,7.356650729661851e-05,0.0926924915984273,0.07159206387586892,0.06243497121613473,0.00042755906133606913,484.503108059167
radial,45,1.031434577372339,0.3240000009536743,0.007426328957080841,1477.3238716125488,7.34070125645303e-05,0.09276601951569319,0.07154283014824614,0.06239488907158375,0.00042676323550949746,484.27706596070743
radial,45,1.043268776912656,0.3240000009536743,0.007511535193771124,1476.5287704467773,7.324427832600122e-05,0.09284117724746466,0.07149250782094896,0.06235391495283693,0.000425950899966665,484.045814849554
radial,45,1.0552231429351702,0.3240000009536743,0.0075976066291332245,1475.7160339355469,7.307825438829241e-05,0.09291800018399954,0.07144106482155621,0.06231203651987016,0.00042512173956765764,483.80933315592233
radial,45,1.0672990336186357,0.3240000009536743,0.007684553042054176,1474.885108947754,7.290888135003115e-05,0.09299652092158794,0.07138848688919097,0.06226922618225217,0.0004242754594088183,483.56740768863216
radial,45,1.0794976777914498,0.3240000009536743,0.007772383280098438,1474.035717010498,7.273610606262082e-05,0.09307677298784256,0.07133474253350869,0.0622254692716524,0.00042341176686022663,483.3200107672782
radial,45,1.0918203689571884,0.3240000009536743,0.007861106656491756,1473.1674461364746,7.255986878362819e-05,0.09315879549831152,0.07127981283701956,0.062180748325772583,0.000422530332457427,483.0669689754529
radial,45,1.10426827126907,0.3240000009536743,0.007950731553137302,1472.2798461914062,7.23801150854797e-05,0.09324262477457523,0.07122367265401408,0.06213503994513303,0.0004216308814193326,482.8080823738111
radial,45,1.1168426782306697,0.3240000009536743,0.008041267283260822,1471.3725852966309,7.219678684577957e-05,0.09332829900085926,0.07116629579104483,0.0620883199153468,0.00042071303710145,482.5433328494563
radial,45,1.1295448833455641,0.3240000009536743,0.008132723160088062,1470.4452362060547,7.200982790322996e-05,0.09341584984213114,0.07110765657853335,0.06204057822469622,0.0004197765501885442,482.2725273782613
radial,45,1.1423761801173289,0.3240000009536743,0.008225108496844769,1469.497329711914,7.181917962384432e-05,0.09350532479584217,0.07104772853199393,0.061991782393306494,0.000418821076777931,481.9955234297581
radial,45,1.1553378620495398,0.3240000009536743,0.008318432606756687,1468.5285339355469,7.162478172517694e-05,0.09359675832092762,0.0709864852251485,0.06194191868416965,0.0004178462675099581,481.7121934286748
radial,45,1.1684313519961305,0.3240000009536743,0.008412705734372139,1467.5383186340332,7.142657901226812e-05,0.09369018767029047,0.07092390343314037,0.06189096346497536,0.0004168518477172256,481.4223846765154
radial,45,1.1816579434606764,0.3240000009536743,0.00850793719291687,1466.5263595581055,7.122450762153676e-05,0.0937856575474143,0.07085995376110077,0.06183889391832054,0.00041583746087781037,481.12597685317695
radial,45,1.1950189299467537,0.3240000009536743,0.008604136295616627,1465.4920845031738,7.101851593915853e-05,0.0938832089304924,0.07079460623208433,0.06178568524774164,0.0004148027700239254,480.8227884314543
radial,45,1.2085157343082957,0.3240000009536743,0.00870131328701973,1464.43510055542,7.080854192054176e-05,0.09398288372904062,0.07072783564217389,0.061731318943202496,0.00041374746069777757,480.51265411343803
radial,45,1.222149779399236,0.3240000009536743,0.0087994784116745,1463.3549842834473,7.059452033786329e-05,0.09408471826463938,0.07065961317857727,0.06167576811276376,0.0004126711887693091,480.1954263628413
radial,45,1.2359223587231505,0.3240000009536743,0.008898640982806683,1462.2511405944824,7.037640142470991e-05,0.09418876376003027,0.07058990921359509,0.06161901052109897,0.00041157362875310355,479.87097623559976
radial,45,1.2498348951339722,0.3240000009536743,0.0089988112449646,1461.1232414245605,7.015412651867337e-05,0.09429505467414856,0.07051869441056624,0.061561023350805044,0.00041045448620025127,479.53907208281015
radial,45,1.2638889408359926,0.3240000009536743,0.009100000374019146,1459.9707946777344,6.992763974267291e-05,0.09440363850444555,0.07044594408944249,0.061501784017309546,0.0004093133824198958,479.19964990691585
radial,45,1.2800925307803683,0.3240000009536743,0.009216666221618652,1458.625717163086,6.966409759456837e-05,0.09453034121543169,0.07036104786675423,0.061432653572410345,0.00040798466739033756,478.8029517034311
radial,45,1.2962962500751019,0.3240000009536743,0.009333333000540733,1457.263038635254,6.939797273730619e-05,0.0946586700156331,0.07027505908627063,0.06136263255029917,0.0004066419387527276,478.4004588333033
radial,45,1.3124999693698354,0.3240000009536743,0.009449999779462814,1455.8827438354492,6.912930390967631e-05,0.09478862583637238,0.07018797722412273,0.06129171885550022,0.00040528535532757815,477.9923469998648
radial,45,1.3219715199536748,0.3240000009536743,0.009518194943666458,1455.0676727294922,6.897108710290922e-05,0.09486533980816603,0.07013656670460477,0.061249855789355934,0.0004044859915666166,477.75128406180716
radial,45,1.3315346505906847,0.3240000009536743,0.00958704948425293,1454.2386779785156,6.881049728235666e-05,0.09494336601346731,0.07008428417611867,0.061207281542010605,0.00040367431313370616,477.50617174893114
radial,45,1.341190008032653,0.3240000009536743,0.009656568057835102,1453.3954849243164,6.864751472335229e-05,0.09502270258963108,0.07003111526137218,0.061163993552327156,0.00040285014051733015,477.2569011217812
radial,45,1.3509387564327981,0.3240000009536743,0.009726759046316147,1452.5377769470215,6.848208784049348e-05,0.09510338492691517,0.0699770402861759,0.061119963182136416,0.0004020132253117481,477.00341978472045
radial,45,1.360781542542908,0.3240000009536743,0.009797627106308937,1451.6653442382812,6.831418792785371e-05,0.09518544003367424,0.06992204824928194,0.061075187171809375,0.00040116338095685933,476.74578301529806
radial,45,1.3707195305162005,0.3240000009536743,0.009869180619716644,1450.7777671813965,6.814378266994936e-05,0.09526888933032751,0.0698661167989485,0.06102964573074132,0.00040030040827332414,476.48377928054174
radial,45,1.380753367104464,0.3240000009536743,0.009941424243152142,1449.8749694824219,6.79708358006792e-05,0.09535375516861677,0.06980923272203654,0.06098332838155329,0.00039942416810845316,476.2174497003952
radial,45,1.3908842164609168,0.3240000009536743,0.0100143663585186,1448.9565773010254,6.779532006362388e-05,0.09544006641954184,0.06975137966219336,0.06093622662592679,0.00039853445264270704,475.9466594964851
radial,45,1.4011129840380616,0.3240000009536743,0.010088013485074043,1448.0223236083984,6.761719913583875e-05,0.09552783891558647,0.06969254417344928,0.060888318228535354,0.000397631077476035,475.6712955619727
radial,45,1.411440445938044,0.3240000009536743,0.010162371210753918,1447.0719718933105,6.743644388507164e-05,0.09561710618436337,0.06963270233245566,0.06083959888201207,0.0003967138587768204,475.39133489946687
radial,45,1.4218677663140826,0.3240000009536743,0.010237447917461395,1446.1052055358887,6.725301969368047e-05,0.09570788871496916,0.0695718415081501,0.060790043557062745,0.000395782620216778,475.10663842626985
radial,45,1.4323957212683227,0.3240000009536743,0.010313249193131924,1445.121810913086,6.706689694624401e-05,0.09580021165311337,0.06950994313228875,0.060739648644812405,0.00039483715045207646,474.81716317240176
radial,45,1.4430254749539826,0.3240000009536743,0.010389783419668674,1444.1214752197266,6.687804119565044e-05,0.09589410200715065,0.06944699358427897,0.060688397381454706,0.00039387729634654534,474.5228122181182
radial,45,1.4537578034732077,0.3240000009536743,0.010467056185007095,1443.1038398742676,6.668642112117595e-05,0.09598959051072598,0.06938297214219347,0.06063627474941313,0.0003929028378024668,474.2234247556043
radial,45,1.4645938709792163,0.3240000009536743,0.010545075871050358,1442.068717956543,6.649199855246479e-05,0.09608669672161341,0.06931786332279444,0.0605832627043128,0.00039191360588120006,473.91898549652393
radial,45,1.4755344535741541,0.3240000009536743,0.01062384806573391,1441.0157585144043,6.629475092267967e-05,0.09618544671684504,0.06925164512358606,0.06052935018669814,0.000390909384123006,473.6093673893607
radial,45,1.486580844761597,0.3240000009536743,0.010703382082283497,1439.9446868896484,6.609463846984909e-05,0.09628587123006582,0.06918430450605229,0.060474524390883744,0.0003898900242802483,473.29444684803065
radial,45,1.4977339499940476,0.3240000009536743,0.010783684439957142,1438.8551864624023,6.589163086800909e-05,0.096387998200953,0.06911581760505214,0.06041876843664795,0.000388855289543244,472.97410554166163
radial,45,1.508994804074367,0.3240000009536743,0.010864762589335442,1437.7469596862793,6.568569727960494e-05,0.09649184998124838,0.06904617144027725,0.06036206358112395,0.0003878050315506698,472.6482923522273
radial,45,1.5203644418054156,0.3240000009536743,0.010946623980998993,1436.6197509765625,6.547680146695711e-05,0.09659746196120977,0.06897534319432452,0.06030439806636423,0.0003867390186087505,472.31680861309474
radial,45,1.531843768639697,0.3240000009536743,0.011029275134205818,1435.47310256958,6.526491739577978e-05,0.09670485649257898,0.06890331488102674,0.06024575640913099,0.0003856570983771235,471.97954654547345
radial,45,1.5434340780807867,0.3240000009536743,0.011112725362181664,1434.3068771362305,6.505000948209272e-05,0.09681406430900097,0.06883006577845663,0.060186123359017074,0.0003845590455284764,471.6364366422159
radial,45,1.5551364049315453,0.3240000009536743,0.011196982115507126,1433.1206283569336,6.483204461460446e-05,0.0969251161441207,0.06875557824969292,0.060125483316369355,0.0003834446752080112,471.2873089096925
radial,45,1.5669516546444762,0.3240000009536743,0.011282051913440228,1431.914077758789,6.461099567900419e-05,0.09703803807497025,0.06867983314441517,0.060063814744353294,0.00038231381688547117,470.9320625697677
radial,45,1.5788811207231548,0.3240000009536743,0.011367944069206715,1430.686912536621,6.438682726184197e-05,0.09715286362916231,0.06860280752880499,0.0600011027418077,0.0003811662526231885,470.5706078062427
radial,45,1.5909257086200848,0.3240000009536743,0.01145466510206461,1429.438808441162,6.415951250460239e-05,0.09726962074637413,0.06852448562858626,0.05993733694776893,0.0003800017993853544,470.2027658036365
radial,45,1.6030867118388414,0.3240000009536743,0.011542224325239658,1428.1692733764648,6.392901531171447e-05,0.09738833829760551,0.06844484055181965,0.059872497571632266,0.0003788202797068152,469.8283753470819
radial,45,1.6153651651822858,0.3240000009536743,0.011630629189312458,1426.877643585205,6.369527946503695e-05,0.09750908892601728,0.06836383196059614,0.05980654468294233,0.00037762128283702623,469.4478834852914
radial,45,1.627762232803636,0.3240000009536743,0.01171988807618618,1425.5626411437988,6.345821799413898e-05,0.09763195086270571,0.06828139279969037,0.05973943253047764,0.000376404321514201,469.06210493596507
radial,45,1.6402790788561106,0.3240000009536743,0.011810009367763996,1424.223487854004,6.321778235474085e-05,0.09775698464363813,0.06819748983252794,0.0596711317775771,0.00037516907605095184,468.671240304189
radial,45,1.65291673814257,0.3240000009536743,0.011901000514626503,1422.8596267700195,6.29739253668049e-05,0.09788423962891102,0.06811208790168166,0.059601613553240895,0.0003739152680282132,468.27535387344875
radial,45,1.6656766335169475,0.3240000009536743,0.011992871761322021,1421.4700012207031,6.272656969485979e-05,0.09801379404962063,0.06802512728609145,0.059530834783799946,0.0003726424160959141,467.875084990896
radial,45,1.6785596704317465,0.3240000009536743,0.012085629627108574,1420.053855895996,6.247566247452596e-05,0.09814571309834719,0.06793655909132212,0.059458757168613374,0.0003713501735091995,467.4707482801667
radial,45,1.6915671423905425,0.3240000009536743,0.012179283425211906,1418.6109466552734,6.222119000653947e-05,0.09828000981360674,0.06784638040699065,0.05938537383917719,0.00037003844886385195,467.0618873947229
radial,45,1.7047003428969119,0.3240000009536743,0.012273842468857765,1417.1415939331055,6.19631660754294e-05,0.09841668419539928,0.06775459449272603,0.059310685377568007,0.00036870730139071384,466.647817144937
radial,45,1.717960306753715,0.3240000009536743,0.012369314208626747,1415.645736694336,6.17015953707778e-05,0.0985557334497571,0.06766119948588312,0.05923469178378582,0.0003673567133546385,466.2279364825099
radial,45,1.7313483274645276,0.3240000009536743,0.012465707957744598,1414.1231155395508,6.14364505793219e-05,0.09869719576090574,0.06756617210339755,0.05915737070608884,0.00036598651195163256,465.8021376334364
radial,45,1.7448656985329258,0.3240000009536743,0.012563033029437065,1412.5729217529297,6.11676933885974e-05,0.09884112607687712,0.06746947224019095,0.059078692458570004,0.0003645964156930859,465.3705187424121
radial,45,1.7585137134624853,0.3240000009536743,0.012661298736929893,1410.9945831298828,6.0895281905004595e-05,0.0989875653758645,0.0673710709088482,0.05899863305967301,0.0003631861903841127,464.9332386101357
radial,45,1.7722935364064243,0.3240000009536743,0.012760513462126255,1409.3879508972168,6.0619213144263995e-05,0.09913655184209347,0.06727094354573637,0.058917173999361694,0.00036175569709939737,464.48997367117556
radial,45,1.786206460868319,0.3240000009536743,0.012860686518251896,1407.7527809143066,6.0339478409332514e-05,0.09928809385746717,0.06716908735688776,0.05883430584799498,0.0003603049151479354,464.0402823143991
radial,45,1.8002537803517449,0.3240000009536743,0.012961827218532562,1406.0888442993164,6.0056066701008604e-05,0.09944221656769514,0.06706548563670367,0.05875001894310117,0.0003588337358451099,463.58377037842956
radial,45,1.8144367883602779,0.3240000009536743,0.013063944876194,1404.3957786560059,5.976896733272952e-05,0.09959894884377718,0.06696011178428307,0.058664292097091675,0.00035734200764636626,463.1203628363476
radial,45,1.8287567783974938,0.3240000009536743,0.013167048804461956,1402.6730575561523,5.947814861428924e-05,0.09975833911448717,0.06685293873306364,0.05857710156124085,0.00035582955979407416,462.64987247629006
radial,45,1.843215043966969,0.3240000009536743,0.013271148316562176,1400.9202041625977,5.9183597358014595e-05,0.09992042556405067,0.06674393877619877,0.05848842498380691,0.0003542962183473719,462.1723031343923
radial,45,1.8578131372729938,0.3240000009536743,0.013376254588365555,1399.1366081237793,5.8885274626163664e-05,0.10008526407182217,0.06663307582493871,0.05839823349379003,0.00035274172159915906,461.6876226986735
radial,45,1.8725520931184292,0.3240000009536743,0.01348237507045269,1397.320671081543,5.858291646632097e-05,0.10025297570973635,0.06652025488438085,0.05830644990783185,0.0003511647548748442,461.1956809701514
radial,45,1.8874334637075663,0.3240000009536743,0.013589520938694477,1395.4699020385742,5.827618383591471e-05,0.10042376723140478,0.0664053296786733,0.05821295781061053,0.00034956351998971513,460.69662358186724
radial,45,1.9024585425439808,0.3240000009536743,0.013697701506316662,1393.5786743164062,5.7964383302078204e-05,0.10059809125959873,0.0662879848969169,0.0581174953840673,0.0003479340613239401,460.1922116435306
radial,45,1.9176287524816062,0.3240000009536743,0.013806927017867565,1391.6356506347656,5.764569471011782e-05,0.10077687073498964,0.06616755458526313,0.058019528863951564,0.00034626673243565165,459.6834846979005
radial,45,1.932945516374376,0.3240000009536743,0.013917207717895508,1389.6344146728516,5.731887392812496e-05,0.10096064954996109,0.06604364281520247,0.05791872332338244,0.000344555176184258,459.16908670147745
radial,45,1.9484102570762238,0.3240000009536743,0.01402855385094881,1387.5769386291504,5.698454023672639e-05,0.10114924143999815,0.06591637438395992,0.057815190055407584,0.0003428023545666292,458.6493356377698
radial,45,1.9640243974410825,0.3240000009536743,0.014140975661575794,1385.4685287475586,5.664397366444973e-05,0.10134219843894243,0.06578609283315018,0.05770920042414218,0.0003410145172892953,458.1250872045123
radial,45,1.9797894896732438,0.3240000009536743,0.014254484325647354,1383.3213272094727,5.629908008586426e-05,0.10153854731470346,0.06565348006552085,0.05760130891576409,0.00033920168959866714,457.59289875217564
radial,45,1.9957065685755677,0.3240000009536743,0.014369087293744087,1381.1403579711914,5.5950222389355986e-05,0.10173792857676744,0.06551880150800571,0.05749172135256231,0.0003373661877503764,457.04702644472206
radial,45,2.0117773157027035,0.3240000009536743,0.014484796673059464,1378.9162292480469,5.559550331213359e-05,0.10194115154445171,0.0653814704855904,0.0573799618287012,0.0003354982729888434,456.4850543260722
radial,45,2.0280036713100142,0.3240000009536743,0.014601626433432102,1376.64888381958,5.5235302568235056e-05,0.10214820690453053,0.06524151179473847,0.057266046409495175,0.000333599472583046,455.909850662875
radial,45,2.0443866702003612,0.3240000009536743,0.0147195840254426,1374.3492431640625,5.4872366973768294e-05,0.10235812980681658,0.0650996282347478,0.057150562992319465,0.0003316834410043157,455.32650139825955
radial,45,2.0609278645780353,0.3240000009536743,0.014838680624961853,1372.01416015625,5.4506579516555576e-05,0.10257120430469513,0.06495564611395821,0.057033369317650795,0.00032974922783068905,454.73721618570954
radial,45,2.0776288066473274,0.3240000009536743,0.014958927407860756,1369.6196403503418,5.413366486095583e-05,0.10278944112360477,0.06480811780784279,0.05691329401452094,0.0003277748338632591,454.14008583506694
radial,45,2.0944910486125283,0.3240000009536743,0.015080335550010204,1367.1211853027344,5.374776122835101e-05,0.10301759000867605,0.06465400534216315,0.05678860761690885,0.0003257318528540054,453.55306615107946
radial,45,2.1115162720282874,0.3240000009536743,0.015202917158603668,1364.4949989318848,5.334752427188505e-05,0.10325836203992367,0.06449168594554067,0.05665838625282049,0.00032361185458285036,452.986659788739
radial,45,2.1287058997485375,0.3240000009536743,0.015326682478189468,1361.721866607666,5.293136294426404e-05,0.10351409204304218,0.06431977479951456,0.056521961581893265,0.0003214078859627989,452.4521235014955
radial,45,2.1287058997485375,0.3240000009536743,0.015326682478189468,1361.721866607666,5.293136294426404e-05,0.10351409204304218,0.06431977479951456,0.056521961581893265,0.0003214078859627989,452.4521235014955
radial,45,2.1460614839775696,0.3240000009536743,0.0154516426846385,1358.7893104553223,5.249856627642657e-05,0.1037864563986659,0.0641373450635001,0.05637884128373116,0.00031911562007280736,451.95197758431715
radial,45,2.16358483562039,0.3240000009536743,0.015577810816466808,1355.740966796875,5.205397755503327e-05,0.10407032910734415,0.06394754315260798,0.05623040325008333,0.00031675598688707396,451.44522637804766
radial,45,2.18127750688129,0.3240000009536743,0.015705198049545288,1352.6123428344727,5.1600269102891616e-05,0.1043617120012641,0.0637527522048913,0.05607794248498976,0.00031434424556664453,450.9081201576865
radial,45,2.1991407912638454,0.3240000009536743,0.015833813697099686,1349.408836364746,5.1138291325969476e-05,0.10466006398200989,0.06355330377118662,0.055921711144037545,0.0003118847695304794,450.3409986764049
radial,45,2.217176887724135,0.3240000009536743,0.01596367359161377,1346.1334381103516,5.066873234227387e-05,0.1049650413915515,0.06334941234672442,0.055761883850209415,0.00030938099132526986,449.74704956966406
radial,45,2.235387089765734,0.3240000009536743,0.016094787046313286,1342.7862739562988,5.0191920621500685e-05,0.10527659207582474,0.06314111035317183,0.055598489474505186,0.0003068343963832376,449.1272231066824
radial,45,2.25377320829365,0.3240000009536743,0.01622716709971428,1339.3633117675781,4.9707641380791756e-05,0.10559507552534342,0.06292816449422389,0.055431331507861614,0.0003042434377675818,448.4789482141615
radial,45,2.2723370542128882,0.3240000009536743,0.016360826790332794,1335.8618927001953,4.921582737438257e-05,0.10592073947191238,0.06271041074069217,0.05526028305757791,0.00030160738606355153,447.8005394297503
radial,45,2.29108017972774,0.3240000009536743,0.016495777294039726,1332.284351348877,4.87169598386572e-05,0.1062533538788557,0.06248799210879952,0.055085455416701734,0.0002989286796264423,447.0932792350749
radial,45,2.310004137042496,0.3240000009536743,0.01663202978670597,1328.6336288452148,4.821156505840918e-05,0.10659261886030436,0.06226110411807895,0.054907002253457904,0.00029620996679113887,446.35871552851194
radial,45,2.329111254463593,0.3240000009536743,0.01676960103213787,1324.9093894958496,4.769985486063888e-05,0.10693854000419378,0.062029743392486125,0.054724923335015774,0.0002934521698989556,445.5980325536799
radial,45,2.3484025667938924,0.3240000009536743,0.016908498480916023,1321.08101272583,4.717962228539818e-05,0.1072949580848217,0.061791713640559465,0.054538277559913695,0.0002906451055650905,444.83776892267076
radial,45,2.3678804023398294,0.3240000009536743,0.01704873889684677,1317.1456413269043,4.665086038357913e-05,0.10766213573515415,0.06154686160152778,0.05434695165604353,0.0002877883844121243,444.0789205838118
radial,45,2.387546313305696,0.3240000009536743,0.01719033345580101,1313.1106185913086,4.611486075134508e-05,0.10803923849016428,0.06129573762882501,0.054151154472492635,0.00028488791213021614,443.31480997864105
radial,45,2.407402369297213,0.3240000009536743,0.017333297058939934,1308.979507446289,4.557219796197387e-05,0.1084259282797575,0.061038560001179576,0.05395106691867113,0.0002819467154040467,442.54595892290865
radial,45,2.427450122518672,0.3240000009536743,0.017477640882134438,1304.7770080566406,4.502456987154346e-05,0.10881896875798702,0.06077708653174341,0.05374749668408185,0.00027897287486666755,441.7517200463223
radial,45,2.4476913838750787,0.3240000009536743,0.017623377963900566,1300.5037460327148,4.447215923164549e-05,0.10921830590814352,0.060511349875014275,0.05354046018328518,0.00027596725055900606,440.9298772925379
radial,45,2.4681282229721546,0.3240000009536743,0.017770523205399513,1296.1589660644531,4.391509372680957e-05,0.10962400771677494,0.06024129886645824,0.05332992062903941,0.00027293033656405896,440.07992106375195
radial,45,2.4887627094156213,0.3240000009536743,0.017919091507792473,1291.7424507141113,4.3353575065907535e-05,0.11003609653562307,0.05996692570624873,0.053115871152840555,0.0002698630121358292,439.20139431818524
radial,45,2.5095963954097695,0.3240000009536743,0.01806909404695034,1287.25439453125,4.278785792166673e-05,0.11045452114194632,0.05968825856689364,0.05289832968264818,0.0002667665289664001,438.29403695182646
radial,45,2.5306310918596058,0.3240000009536743,0.01822054386138916,1282.6952590942383,4.221820096006468e-05,0.11087924335151911,0.05940532375825569,0.052677321480587125,0.0002636420862245359,437.3576510438439
radial,45,2.551869127071566,0.3240000009536743,0.018373457714915276,1278.065086364746,4.164483088686666e-05,0.11131024267524481,0.059118137578479946,0.05245285865385085,0.00026049078553569416,436.39182884015577
radial,45,2.5733123119506573,0.3240000009536743,0.01852784864604473,1273.3638877868652,4.106796308178673e-05,0.11174751538783312,0.05882669775746763,0.05222493223845959,0.0002573136031287504,435.3960690686884
radial,45,2.5949627161026,0.3240000009536743,0.01868373155593872,1268.5914726257324,4.048781565302306e-05,0.11219106893986464,0.05853100586682558,0.05199354840442538,0.0002541115612757494,434.36972327308484
radial,45,2.616822150432401,0.3240000009536743,0.01884111948311329,1263.7479286193848,3.990462283809393e-05,0.11264087911695242,0.058231074013747275,0.05175870959647,0.0002508857796783559,433.312279709994
radial,45,2.638892684545782,0.3240000009536743,0.01900002732872963,1258.8334884643555,3.931863304273975e-05,0.11309692915529013,0.05792691360693425,0.051520432345569134,0.00024763743999756116,432.22341508116125
radial,45,2.6611766467491784,0.3240000009536743,0.019160471856594086,1253.8482818603516,3.873009481480949e-05,0.11355919297784567,0.05761854158481583,0.05127872386947274,0.0002443677749397466,431.1026867689133
radial,45,2.6836755892468824,0.3240000009536743,0.019322464242577553,1248.7924118041992,3.8139257483749134e-05,0.11402764078229666,0.057305978261865675,0.05103360349312425,0.00024107797025862965,429.9496711019552
radial,45,2.706392099046045,0.3240000009536743,0.019486023113131523,1243.666088104248,3.754636948372081e-05,0.11450226325541735,0.056989233125932515,0.05078507412690669,0.0002377692359232242,428.7639427302838
radial,45,2.7293277283509574,0.3240000009536743,0.019651159644126892,1238.4693145751953,3.695167274031519e-05,0.11498303059488535,0.05666832532733679,0.05053315369877964,0.00023444278144779673,427.5449902890216
radial,45,2.7524850641687713,0.3240000009536743,0.019817892462015152,1233.2022171020508,3.635541645508056e-05,0.11546993162482977,0.05634325905703008,0.05027784698177129,0.00023109981236757449,426.2922845503398
radial,45,2.775866176105208,0.3240000009536743,0.019986236467957497,1227.8652038574219,3.575786169562889e-05,0.11596292722970247,0.05601406400091946,0.05001917330082506,0.00022774166302497179,425.0055545497191
radial,45,2.799473133765989,0.3240000009536743,0.02015620656311512,1222.4583892822266,3.51592791503208e-05,0.11646198760718107,0.055680761812254786,0.049757155939005315,0.0002243696591222033,423.6843669215652
radial,45,2.8233080067568355,0.3240000009536743,0.020327817648649216,1216.9821395874023,3.4559942747591776e-05,0.11696706339716911,0.05534338508732617,0.049491811310872436,0.00022098522617852723,422.328407398369
radial,45,2.8473728646834693,0.3240000009536743,0.020501084625720978,1211.4369316101074,3.3960125250587225e-05,0.11747811362147331,0.055001961591187865,0.04922317015007138,0.0002175897244569569,420.93731540111645
radial,45,2.871670811954472,0.3240000009536743,0.020676029846072197,1205.822998046875,3.336009623922109e-05,0.11799509823322296,0.05465652025304735,0.04895125317852944,0.00021418456094579597,419.5107692847489
radial,45,2.8962031420734196,0.3240000009536743,0.02085266262292862,1200.1407928466797,3.276012976982656e-05,0.11851796694099903,0.054307087673805654,0.048676083446480334,0.000210771145475519,418.04842655610145
radial,45,2.9209724420474634,0.3240000009536743,0.021031001582741737,1194.3905792236328,3.216049331911108e-05,0.11904668807983398,0.053953695634845644,0.04839768377132714,0.00020735087593948265,416.54983135154384
radial,45,2.9459807814823256,0.3240000009536743,0.021211061626672745,1188.5727272033691,3.1561454150619284e-05,0.11958120577037334,0.053596372716128826,0.0481160789495334,0.00020392513465594675,415.01467602692776
radial,45,2.9712310060858727,0.3240000009536743,0.021392863243818283,1182.6876907348633,3.096328180163255e-05,0.1201214948669076,0.05323514965130016,0.04783129249699414,0.00020049534839472472,413.4425337410234
radial,45,2.9967249267631106,0.3240000009536743,0.021576419472694397,1176.73579788208,3.036624723051773e-05,0.12066748645156622,0.052870061714202166,0.047543353168293834,0.00019706295756805048,411.8329870559026
radial,45,3.0224651305211916,0.3240000009536743,0.02176174893975258,1170.7177391052246,2.9770632224312976e-05,0.12121913302689791,0.05250114615773782,0.04725229402538389,0.00019362945431566914,410.1858252266297
radial,45,3.0484542043672667,0.3240000009536743,0.02194887027144432,1164.633903503418,2.9176713766787543e-05,0.12177636567503214,0.052128447336144745,0.046958148130215704,0.00019019636181383248,408.50071960662376
radial,45,3.0746942179070578,0.3240000009536743,0.022137798368930817,1158.4849281311035,2.8584769296458035e-05,0.12233912479132414,0.051752008323092014,0.046660951571539044,0.00018676517572657758,406.7774156054539
radial,45,3.1011874994470014,0.3240000009536743,0.02232854999601841,1152.2714729309082,2.79950730686096e-05,0.12290734425187111,0.05137187289074063,0.046360740438103676,0.0001833373823956208,405.01555781501725
radial,45,3.1279368946949644,0.3240000009536743,0.02252114564180374,1145.9940948486328,2.740789010147182e-05,0.1234809635207057,0.05098808417096734,0.04605754557996988,0.00017991447543863615,403.2148559067544
radial,45,3.1549444732566676,0.3240000009536743,0.022715600207448006,1139.6532707214355,2.6823489179150783e-05,0.12405991274863482,0.05060068320017308,0.04575140564702451,0.0001764979265317379,401.37494135758203
radial,45,3.1822130808399782,0.3240000009536743,0.022911934182047844,1133.2497901916504,2.6242133529308376e-05,0.12464413605630398,0.050209719920530915,0.04544235474895686,0.0001730892261093686,399.49558207704786
radial,45,3.2097450457513332,0.3240000009536743,0.0231101643294096,1126.7841987609863,2.5664084716936486e-05,0.12523355707526207,0.04981523531023413,0.045130433049052954,0.00016968982799880905,397.57643438857025
radial,45,3.237542954997884,0.3240000009536743,0.023310309275984764,1120.257152557373,2.508959492786289e-05,0.12582810316234827,0.04941727942787111,0.044815676170401275,0.00016630120387617353,395.6171286120031
radial,45,3.265609395586782,0.3240000009536743,0.02351238764822483,1113.669303894043,2.451891910482118e-05,0.12642771936953068,0.04901589819928631,0.04449812415987253,0.00016292480449919822,393.61728088221247
radial,45,3.2939469545251794,0.3240000009536743,0.02371641807258129,1107.0214233398438,2.3952306918317845e-05,0.12703231908380985,0.04861114057712257,0.044177815318107605,0.0001595620725538538,391.57671375723476
radial,45,3.3225579601195125,0.3240000009536743,0.02392241731286049,1100.3141250610352,2.339000687356929e-05,0.12764183524996042,0.04820305836619809,0.04385479190386832,0.00015621446539171302,389.49505938844254
radial,45,3.3514457754790783,0.3240000009536743,0.024130409583449364,1093.5481262207031,2.283225745713935e-05,0.1282561793923378,0.04779170162510127,0.043529094313271344,0.00015288339614016877,387.37201622531376
radial,45,3.3806124702095985,0.3240000009536743,0.02434040978550911,1086.7242279052734,2.2279296914007318e-05,0.12887530401349068,0.047377127048093826,0.0432007642230019,0.00014957029691231583,385.20732954835216
radial,45,3.41006089001894,0.3240000009536743,0.024552438408136368,1079.843105316162,2.1731353768927875e-05,0.12949909549206495,0.04695938224904239,0.04286984569625929,0.00014627655286858499,383.00064600389373
radial,45,3.4397938806149697,0.3240000009536743,0.02476651594042778,1072.9055366516113,2.118865542399817e-05,0.130127496086061,0.04653852403862402,0.042536381632089615,0.00014300353097951302,380.75167355500395
radial,45,3.469814029004839,0.3240000009536743,0.02498266100883484,1065.9123725891113,2.0651423142226122e-05,0.13076041638851166,0.04611460480373353,0.04220041702501476,0.0001397526202708832,378.4602019983169
radial,45,3.5001239221956997,0.3240000009536743,0.025200892239809036,1058.8642654418945,2.011987265859716e-05,0.13139778189361095,0.04568768513854593,0.04186199640389532,0.00013652513700890268,376.1258580815918
radial,45,3.5307269232968492,0.3240000009536743,0.025421233847737312,1051.7621459960938,1.959420998787209e-05,0.13203949201852083,0.0452578169060871,0.041521164239384234,0.0001333224228119434,373.7484498092496
radial,45,3.5616253606147237,0.3240000009536743,0.02564370259642601,1044.6067962646484,1.907463864370129e-05,0.13268548157066107,0.044825059827417135,0.04117796546779573,0.00013014575495162717,371.327633578737
radial,45,3.5928220798571906,0.3240000009536743,0.02586831897497177,1037.399082183838,1.856135412481308e-05,0.1333356499671936,0.04438947152812034,0.04083245061337948,0.0001269964167249782,368.8631685700991
radial,45,3.624320444133547,0.3240000009536743,0.026095107197761536,1030.1398315429688,1.8054547496149098e-05,0.13398991990834475,0.043951110215857625,0.04048466478707269,0.00012387566357574542,366.35490253804494
radial,45,3.656122781750229,0.3240000009536743,0.026324084028601646,1022.8298988342285,1.7554400542962867e-05,0.13464819453656673,0.04351003729971126,0.04013465519528836,0.00012078472036591847,363.8024922675852
radial,45,3.688232455816534,0.3240000009536743,0.026555273681879044,1015.4702568054199,1.7061089053527212e-05,0.13531039003282785,0.043066315120086074,0.03978247276972979,0.00011772476375426777,361.20574540673647
radial,45,3.720652570741044,0.3240000009536743,0.026788698509335518,1008.0617294311523,1.6574780687506063e-05,0.13597640674561262,0.04261999990558252,0.03942816372727975,0.00011469697358279518,358.56443344916863
radial,45,3.7533854548301964,0.3240000009536743,0.027024375274777412,1000.6053085327148,1.6095637022317533e-05,0.13664616271853447,0.04217115789651871,0.03907177969813347,0.00011170248149028339,355.8783432581634
radial,45,3.7864347298940024,0.3240000009536743,0.027262330055236816,993.1019058227539,1.5623813197862546e-05,0.13731955364346504,0.041719852946698666,0.038713372603524476,0.00010874240433622617,353.1473208341618
radial,45,3.8198029829396143,0.3240000009536743,0.027502581477165222,985.5525360107422,1.5159454903823644e-05,0.1379964929074049,0.04126614879351109,0.038352992036379874,0.00010581781100427179,350.3711971517567
radial,45,3.8534935770763292,0.3240000009536743,0.02774515375494957,977.9581756591797,1.4702700568136606e-05,0.13867687061429024,0.04081010929076001,0.03799069079104811,0.00010292974241110642,347.549773637627
radial,45,3.8875101341141596,0.3240000009536743,0.027990072965621948,970.3198204040527,1.4253680149067804e-05,0.1393606010824442,0.04035180155187845,0.037626520497724414,0.00010007919615873107,344.68290582725024
radial,45,3.921854723658827,0.3240000009536743,0.02823735401034355,962.6385231018066,1.3812516328925994e-05,0.1400475837290287,0.03989129257388413,0.03726053441641852,9.726715950364451e-05,341.77047212632357
radial,45,3.9565312262210584,0.3240000009536743,0.02848702482879162,954.9153289794922,1.337932467038172e-05,0.14073771052062511,0.039428650052286685,0.036892788601107895,9.449456001675571e-05,338.81242776269056
radial,45,3.991542487508721,0.3240000009536743,0.02873910591006279,947.151252746582,1.2954212763816031e-05,0.14143088459968567,0.0389639453496784,0.03652333689387888,9.176230639695859e-05,335.80859967339615
radial,45,4.026892388032542,0.3240000009536743,0.028993625193834305,939.3475227355957,1.2537277228830135e-05,0.14212699234485626,0.03849724505562335,0.036152234592009336,8.907125288715179e-05,332.75899147364913
radial,45,4.062583514799674,0.3240000009536743,0.029250601306557655,931.5051193237305,1.2128608133821217e-05,0.14282594062387943,0.03802862134762108,0.035779538739006966,8.642222144317202e-05,329.66347553545495
radial,45,4.09861948962013,0.3240000009536743,0.02951006032526493,923.6252899169922,1.1728287745427224e-05,0.14352760650217533,0.037558147800154984,0.0354053073679097,8.381600196116779e-05,326.5220912299492
radial,45,4.13500341690249,0.3240000009536743,0.029772024601697922,915.7091827392578,1.1336390201677204e-05,0.14423188380897045,0.03708589845336974,0.03502959746401757,8.125333954467351e-05,323.3348795818275
radial,45,4.171738918456766,0.3240000009536743,0.030036520212888718,907.757999420166,1.095298006248413e-05,0.14493867568671703,0.03661194653250277,0.034652470087166876,7.873493746046734e-05,320.1018770351192
radial,45,4.208829098691543,0.3240000009536743,0.03030356951057911,899.7729873657227,1.0578113062820194e-05,0.14564785175025463,0.036136368464212865,0.03427398402709514,7.626145338690549e-05,316.82312468451795
radial,45,4.246277838117547,0.3240000009536743,0.030573200434446335,891.7553672790527,1.0211836908524674e-05,0.14635930582880974,0.03565924189751968,0.03389420104213059,7.383350418876944e-05,313.4987001503234
radial,45,4.284087982442644,0.3240000009536743,0.030845433473587036,883.7063980102539,9.85419180210556e-06,0.1470729149878025,0.03518064308445901,0.033513180736918,7.14516676225685e-05,310.12876746064995
radial,45,4.322263412177563,0.3240000009536743,0.03112029656767845,875.6275215148926,9.505209305871176e-06,0.14778856560587883,0.03470065479632467,0.03313098882790655,6.911648370078183e-05,306.7135835443341
radial,45,4.360807749132316,0.3240000009536743,0.03139781579375267,867.5199661254883,9.164913194581459e-06,0.14850613102316856,0.034219358465634286,0.032747691380791366,6.682844855276926e-05,303.2532947688015
radial,45,4.399724097715484,0.3240000009536743,0.03167801350355148,859.3851776123047,8.833317082235226e-06,0.1492254827171564,0.033736837503965944,0.032363352831453085,6.458800112341123e-05,299.7481749921927
radial,45,4.439016597138511,0.3240000009536743,0.03196091949939728,851.224552154541,8.51042706528915e-06,0.14994650520384312,0.03325317474082112,0.03197804046794772,6.239554204512388e-05,296.1984678399352
radial,45,4.478688869211409,0.3240000009536743,0.032246559858322144,843.0394821166992,8.19624094106075e-06,0.1506690625101328,0.03276845737127587,0.03159182163653895,6.025142965881969e-05,292.60456303372166
radial,45,4.51874401834276,0.3240000009536743,0.03253495693206787,834.831413269043,7.890748520367197e-06,0.15139302797615528,0.03228277247399092,0.0312047665938735,5.815597603486822e-05,288.9668514428978
radial,45,4.559186183744007,0.3240000009536743,0.03282614052295685,826.6018486022949,7.593931769633855e-06,0.1521182656288147,0.031796211551409215,0.030816946120467037,5.610944640466187e-05,285.28579714222116
radial,45,4.600018987225162,0.3240000009536743,0.033120136708021164,818.3523101806641,7.3057635177065094e-06,0.1528446339070797,0.03130886587314308,0.0304284326848574,5.411205665950547e-05,281.56182382421434
radial,45,4.641246050596237,0.3240000009536743,0.03341697156429291,810.084342956543,7.026209175364784e-06,0.15357199870049953,0.030820828105788678,0.0300392999779433,5.21639778980898e-05,277.7954769296779
radial,45,4.682871513068676,0.3240000009536743,0.03371667489409447,801.7996253967285,6.755226934274106e-06,0.15430021658539772,0.030332194466609508,0.029649626347236335,5.026534370244917e-05,273.9873864602168
radial,45,4.724898996452491,0.3240000009536743,0.03401927277445793,793.499828338623,6.492767454346904e-06,0.15502913855016232,0.029843063617590815,0.02925948752090335,4.8416234335491026e-05,270.13823710628736
radial,45,4.767332639959124,0.3240000009536743,0.03432479500770569,785.186595916748,6.238773124778163e-06,0.15575861744582653,0.029353535326663405,0.028868961904663593,4.661668162952992e-05,266.2486923752414
radial,45,4.810176065398587,0.3240000009536743,0.03463326767086983,776.861644744873,5.993178945118416e-06,0.15648850053548813,0.02886371308704838,0.028478133084718138,4.4866673306387383e-05,262.31947102310215
radial,45,4.853433411982325,0.3240000009536743,0.034944720566272736,768.526725769043,5.755912525273743e-06,0.15721863694489002,0.028373700683005154,0.02808708167867735,4.3166151385776175e-05,258.3512962916792
radial,45,4.897108301520348,0.3240000009536743,0.0352591797709465,760.1835060119629,5.5268959329168865e-06,0.15794884972274303,0.027883607253897935,0.027695896511431783,4.151501320848183e-05,254.34490418726523
radial,45,4.94120539062553,0.3240000009536743,0.035576678812503815,751.8336486816406,5.30604413029323e-06,0.15867898799479008,0.027393544442020357,0.027304665243718773,3.9913117689138744e-05,250.30103389536785
radial,45,4.9857283011078835,0.3240000009536743,0.03589724376797676,743.4789657592773,5.09326702058388e-06,0.15940886735916138,0.02690363395959139,0.026913480134680867,3.8360283497240744e-05,246.22045288072832
radial,45,5.030681172178851,0.3240000009536743,0.03622090443968773,735.1213760375977,4.8884677994465164e-06,0.16013830341398716,0.026413997169584036,0.026522443688008934,3.6856287920272734e-05,242.10413961209616
radial,45,5.076068660451306,0.3240000009536743,0.036547694355249405,726.7629852294922,4.691544347679155e-06,0.16086711175739765,0.025924763118382543,0.02613165241200477,3.5400862088863505e-05,237.95320332409798
radial,45,5.121893870333831,0.3240000009536743,0.03687763586640358,718.4059791564941,4.502388605942542e-06,0.16159508749842644,0.025436065392568707,0.025741216668393463,3.399370393708523e-05,233.7687961094243
radial,45,5.168162493242158,0.3240000009536743,0.037210769951343536,710.0526351928711,4.320887569519982e-06,0.1623220257461071,0.02494804182788357,0.025351243501063436,3.263445887569105e-05,229.55228623441752
radial,45,5.21487763358487,0.3240000009536743,0.037547118961811066,701.7054634094238,4.1469214693279355e-06,0.16304771602153778,0.024460834567435086,0.02496184757910669,3.1322734685090836e-05,225.30508059004117
radial,45,5.262043947974841,0.3240000009536743,0.037886716425418854,693.3669891357422,3.98036465298901e-06,0.1637719441205263,0.023974590352736413,0.024573144619353116,3.0058085485507036e-05,221.02870665428455
radial,45,5.309666093024942,0.3240000009536743,0.03822959586977959,685.0398712158203,3.821086437483245e-06,0.16449448838829994,0.023489460756536573,0.02418525144457817,2.8840022537224286e-05,216.72478241493795
radial,45,5.357748207946618,0.3240000009536743,0.03857578709721565,676.7269744873047,3.6689520754862315e-06,0.16521511040627956,0.02300560084404424,0.023798295529559255,2.766801924281026e-05,212.39515716651167
radial,45,5.406294431951311,0.3240000009536743,0.03892531991004944,668.4312362670898,3.5238218458744086e-06,0.16593357361853123,0.022523172898218036,0.023412402835674584,2.6541507395450026e-05,208.0417042684153
radial,45,5.455309939053324,0.3240000009536743,0.03927823156118393,660.1558227539062,3.3855518495329306e-06,0.16664963401854038,0.0220423461869359,0.023027710325550288,2.545987786106707e-05,203.66649721370356
radial,45,5.504798868464099,0.3240000009536743,0.03963455185294151,651.903980255127,3.253993725138571e-06,0.16736302711069584,0.021563295915257186,0.02264435385586694,2.4422480350949627e-05,199.27173797215787
radial,45,5.554765876796511,0.3240000009536743,0.039994314312934875,643.6792144775391,3.1289959281366464e-06,0.16807348281145096,0.021086202061269432,0.022262480459176004,2.3428625127053238e-05,194.85978321770835
radial,45,5.605215103262001,0.3240000009536743,0.040357548743486404,635.4851417541504,3.0104077950454666e-06,0.1687807347625494,0.02061125624459237,0.021882237982936203,2.2477587890534778e-05,190.43317385483493
radial,45,5.656152239276303,0.3240000009536743,0.04072429612278938,627.3256721496582,2.898075962320945e-06,0.16948447562754154,0.020138654101174325,0.021503785508684814,2.1568606371147325e-05,185.99469632517872
radial,45,5.707580906649431,0.3240000009536743,0.0410945825278759,619.2047958374023,2.7918341913846234e-06,0.17018439806997776,0.019668605469632894,0.021127288171555847,2.07008831694111e-05,181.5472317876517
radial,45,5.759506796797117,0.3240000009536743,0.04146844893693924,611.1267623901367,2.6915128898963303e-06,0.17088020406663418,0.01920132152736187,0.020752915646880865,1.987357995858474e-05,177.0938752157758
radial,45,5.811934048930804,0.3240000009536743,0.04184592515230179,603.0959701538086,2.5969449097829056e-06,0.1715715490281582,0.018737026082817465,0.02038084389641881,1.9085824419562414e-05,172.63792824832822
radial,45,5.864867837064796,0.3240000009536743,0.04222704842686653,595.1171035766602,2.5079611845058025e-06,0.17225809395313263,0.018275952199473977,0.020011260698083788,1.833671524309466e-05,168.18295966759672
radial,45,5.918312817811966,0.3240000009536743,0.042611852288246155,587.1950798034668,2.424391766453482e-06,0.17293946631252766,0.01781834871508181,0.01964436424896121,1.762532372140413e-05,163.73271668756811
radial,45,5.972273647785187,0.3240000009536743,0.043000370264053345,579.3351440429688,2.346064860603292e-06,0.17361528985202312,0.017364478640956804,0.0192803637473844,1.695069454399345e-05,159.29130371775952
radial,45,6.026756535801622,0.3240000009536743,0.04339264705777168,571.5420989990234,2.27280095543847e-06,0.17428520135581493,0.01691457605920732,0.01891944685485214,1.6311788044731657e-05,154.86267583785525
radial,45,6.081765103671286,0.3240000009536743,0.04378870874643326,563.8188285827637,2.2044023211265085e-06,0.17494902200996876,0.01646876728045754,0.018561714270617813,1.5707380157437e-05,150.44990602457028
radial,45,6.137305042809911,0.3240000009536743,0.044188596308231354,556.1689949035645,2.1406761732123414e-06,0.1756065059453249,0.01602721560630016,0.01820729550672695,1.5136275010263489e-05,146.05654130731224
radial,45,6.193381527231799,0.3240000009536743,0.044592346996068954,548.620433807373,2.0816126351519415e-06,0.17625531926751137,0.015591487812343985,0.017857446684502065,1.4598949064748012e-05,141.6995767397206
radial,45,6.250000248352687,0.3240000009536743,0.04500000178813934,541.1763000488281,2.0270143323841694e-06,0.17689535580575466,0.015161664225161076,0.017512242193333805,1.4094036600909021e-05,137.38438322020724
radial,45,6.2828117774592505,0.3240000009536743,0.045236244797706604,536.9210662841797,1.997405121301199e-06,0.1772613190114498,0.014915928099071607,0.017314835218712687,1.381637719077844e-05,134.910250356576
radial,45,6.318450905382633,0.3240000009536743,0.04549284651875496,532.3517913818359,1.966861944424636e-06,0.17765433713793755,0.014652049459982663,0.01710280735278502,1.3526827160603716e-05,132.24703755517473
radial,45,6.357160810795095,0.3240000009536743,0.045771557837724686,527.4709701538086,1.9356503031531247e-06,0.17807426862418652,0.01437010255176574,0.016876213834621012,1.322721686847217e-05,129.39535869405867
radial,45,6.3992064032289715,0.3240000009536743,0.046074286103248596,522.262279510498,1.9039285490407565e-06,0.17852258868515491,0.014069109864067286,0.016634258267004043,1.2918323250232788e-05,126.34468767312174
radial,45,6.444874840478103,0.3240000009536743,0.04640309885144234,516.7124671936035,1.8719007712775237e-06,0.1790004875510931,0.013748259952990338,0.016376276325900108,1.2601271066614572e-05,123.0865593200634
radial,45,6.494478633006414,0.3240000009536743,0.04676024615764618,510.8133010864258,1.8398239305383868e-06,0.1795087493956089,0.01340701780281961,0.0161018228973262,1.2277617088329862e-05,119.6155747263726
radial,45,6.54835667875078,0.3240000009536743,0.047148168087005615,504.55993270874023,1.80799170834689e-06,0.18004790134727955,0.013045026891632006,0.015810595825314522,1.1949196505156578e-05,115.9287028634992
radial,45,6.606877367529604,0.3240000009536743,0.04756951704621315,497.9515609741211,1.7767330717788354e-06,0.18061813339591026,0.012662148801609874,0.015502465306781232,1.1618109283517697e-05,112.0260913777839
radial,45,6.670440650648541,0.3240000009536743,0.048027172684669495,490.99311447143555,1.7464098363006997e-06,0.18121915869414806,0.012258549104444683,0.015177545370534062,1.1286714027392009e-05,107.9122203708416
radial,45,6.739481145309077,0.3240000009536743,0.04852426424622536,483.69662857055664,1.7174122604046715e-06,0.1818501241505146,0.011834777367766947,0.014836258837021887,1.0957600011352042e-05,103.59733112472263
radial,45,6.814470204214255,0.3240000009536743,0.049064185470342636,476.0829658508301,1.6901493751220187e-06,0.18250942416489124,0.011391869455110282,0.014479419449344277,1.0633535680426576e-05,99.09885816471075
radial,45,6.895921606984404,0.3240000009536743,0.049650635570287704,468.18370819091797,1.6650377325788668e-06,0.18319457955658436,0.010931448778137565,0.014108318369835615,1.0317402256987407e-05,94.44310191903395
radial,45,6.98439104275571,0.3240000009536743,0.05028761550784111,460.0431900024414,1.642482022390368e-06,0.18390199728310108,0.010455854702740908,0.01372482511214912,1.001210654294482e-05,89.66687443487659
radial,45,7.080483871201674,0.3240000009536743,0.050979483872652054,451.7207489013672,1.6228483730174048e-06,0.18462682142853737,0.009968268277589232,0.013331495400052518,9.720486247033477e-06,84.81854142218148
radial,45,7.184856674737401,0.3240000009536743,0.05173096805810928,443.2924003601074,1.6064245080826822e-06,0.18536271899938583,0.009472837147768587,0.012931676232255995,9.445213180470091e-06,79.9576774711863
radial,45,7.2982234673367605,0.3240000009536743,0.052547208964824677,434.8523483276367,1.5933689816449714e-06,0.18610177375376225,0.008974772383226082,0.012529587314929813,9.18871495514395e-06,75.15270953016793
radial,45,7.421358281539546,0.3240000009536743,0.05343377962708473,426.512752532959,1.5836469913210749e-06,0.1868344210088253,0.008480370306642726,0.012130341492593288,8.953125103516868e-06,70.47484298207547
radial,45,7.5551039642757845,0.3240000009536743,0.054396748542785645,418.40127182006836,1.576966196736862e-06,0.18754968978464603,0.007996910659130663,0.011739868437871337,8.74025207053819e-06,65.98818469801628
radial,45,7.700374246471458,0.3240000009536743,0.0554426945745945,410.6546936035156,1.5727435123125133e-06,0.18823568895459175,0.007532321411417797,0.011364633217453957,8.551519258048756e-06,61.737265811790124
radial,45,7.8581620214713945,0.3240000009536743,0.05657876655459404,403.4064483642578,1.5701564741732454e-06,0.18888071738183498,0.007094481319654733,0.01101106737041846,8.38773604527887e-06,57.738661145694046
radial,45,8.029546588659286,0.3240000009536743,0.05781273543834686,396.77003479003906,1.5682949943141011e-06,0.18947469629347324,0.006690279667964205,0.010684802080504596,8.248727880300066e-06,53.9824679909402
radial,45,8.215697792669138,0.3240000009536743,0.05915302410721779,390.82361602783203,1.5663556736100759e-06,0.19001047685742378,0.006324734218651429,0.010389952105470002,8.133050457104218e-06,50.44368786361546
radial,45,8.417890510625309,0.3240000009536743,0.06060881167650223,385.5980758666992,1.5638259052153103e-06,0.1904848963022232,0.006000285517075099,0.010128520661965013,8.03808593730082e-06,47.10255351554037
radial,45,8.637504652142525,0.3240000009536743,0.06219003349542618,381.07039642333984,1.5606222936170866e-06,0.19089928269386292,0.005716291678254493,0.009899947501253337,7.960723891642374e-06,43.96755454752487
radial,45,8.876043268375927,0.3240000009536743,0.06390751153230667,377.17261123657227,1.5570550599974808e-06,0.19125880300998688,0.005469301293487661,0.00970132666407153,7.897599580530823e-06,41.083428116151524
radial,45,9.135136173831093,0.3240000009536743,0.06577298045158386,373.81224822998047,1.5535544624079023e-06,0.19157080724835396,0.005254081101156771,0.009528309223242104,7.845200748590742e-06,38.50067391082719
radial,45,9.416554951005512,0.3240000009536743,0.06779919564723969,370.9076614379883,1.5504122492515648e-06,0.19184189848601818,0.0050658247782848775,0.009376947476994246,7.800922634970675e-06,36.24705787822658
radial,45,9.722222263614336,0.3240000009536743,0.07000000029802322,368.3901672363281,1.5476954859927616e-06,0.1920778527855873,0.004900389074464329,0.009243882552254945,7.762999757687794e-06,34.311325522796295
radial,45,9.902213803595966,0.3240000009536743,0.07129593938589096,367.15859603881836,1.5463674638560576e-06,0.19219360873103142,0.004818436500499956,0.009177937812637538,7.744478413229672e-06,33.3760799359411
radial,45,10.089199576112959,0.3240000009536743,0.0726422369480133,366.0387763977051,1.5451594759241516e-06,0.19229896739125252,0.004743203011457808,0.009117376757785678,7.727543028579476e-06,32.535015731799945
radial,45,10.283450699514812,0.3240000009536743,0.07404084503650665,365.01129150390625,1.5440534999466848e-06,0.19239569827914238,0.004673457398894243,0.00906120945001021,7.711846915725573e-06,31.772798539122117
radial,45,10.485249674982494,0.3240000009536743,0.07549379765987396,364.0719299316406,1.5430311781639006e-06,0.19248418882489204,0.004608975301380269,0.009009257308207452,7.697281112939436e-06,31.084142343348628
radial,45,10.694890386528439,0.3240000009536743,0.07700321078300476,363.2150115966797,1.5420768100238291e-06,0.19256494008004665,0.004549435310764238,0.008961262356024235,7.683722262896708e-06,30.463142417852122
radial,45,10.912676031390827,0.3240000009536743,0.07857126742601395,362.43330001831055,1.5411781588703377e-06,0.19263858906924725,0.004494404114666395,0.00891687732655555,7.671028559030901e-06,29.902953048368495
radial,45,11.138925328850746,0.3240000009536743,0.08020026236772537,361.72071075439453,1.5403240491984604e-06,0.1927056908607483,0.0044435208110371605,0.008875812287442386,7.65908727196063e-06,29.397820103936724
radial,45,11.373966311415037,0.3240000009536743,0.08189255744218826,361.0718688964844,1.5395051768951618e-06,0.19276673160493374,0.004396466349135153,0.00883781083393842,7.647797980681048e-06,28.94261592337813
radial,45,11.618139429224863,0.3240000009536743,0.083650603890419,360.4818534851074,1.5387141292233508e-06,0.19282212294638157,0.004352947726147249,0.008802637574262917,7.637075155386697e-06,28.532746474160216
radial,45,11.871800654464298,0.3240000009536743,0.08547696471214294,359.9461555480957,1.5379456241859657e-06,0.1928722895681858,0.004312700679292902,0.008770080690737814,7.6268465232232074e-06,28.164154010915933
radial,45,12.135318376951748,0.3240000009536743,0.08737429231405258,359.4607810974121,1.5371941064490358e-06,0.19291755370795727,0.0042754887690534815,0.008739950426388532,7.617047684149725e-06,27.83318346848156
radial,45,12.409075473745665,0.3240000009536743,0.08934534341096878,359.0221405029297,1.536452587158621e-06,0.19295825064182281,0.0042410995229147375,0.00871207588352263,7.607615662763578e-06,27.53648795883212
radial,45,12.69347034394741,0.3240000009536743,0.09139298647642136,358.62691497802734,1.5357131313287198e-06,0.19299464859068394,0.004209340448142029,0.008686302579008043,7.598489688120935e-06,27.27106760979904
radial,45,12.988915873898401,0.3240000009536743,0.09352019429206848,358.27209854125977,1.534967234095852e-06,0.19302701205015182,0.004180035000899807,0.008662489184644073,7.589610667935176e-06,27.03418381816826
radial,45,13.295841506785816,0.3240000009536743,0.09573005884885788,357.9549026489258,1.5342060517564704e-06,0.1930555645376444,0.004153022076934576,0.008640506013762206,7.580922952499236e-06,26.82342138308822
radial,45,13.614693242642614,0.3240000009536743,0.09802579134702682,357.6727180480957,1.5334211601603087e-06,0.19308051466941833,0.00412815369782038,0.008620234613772482,7.572372952679984e-06,26.63653207005434
radial,45,13.945934673150381,0.3240000009536743,0.10041072964668274,357.42316818237305,1.5326032544171753e-06,0.1931020636111498,0.004105291547602974,0.00860156340058893,7.563908978269751e-06,26.47153177806045
radial,45,14.290048016442194,0.3240000009536743,0.10288834571838379,357.20391845703125,1.5317449534313354e-06,0.19312038458883762,0.004084307540324517,0.008584390336181968,7.555486924104571e-06,26.326614720453577
radial,45,14.647531012694042,0.3240000009536743,0.1054622232913971,357.01287841796875,1.5308421787985083e-06,0.19313566759228706,0.004065081782755442,0.008568618563003838,7.547076084968296e-06,26.200103871421696
radial,45,15.01890520254771,0.3240000009536743,0.1081361174583435,356.8480339050293,1.5298954699760614e-06,0.19314810261130333,0.004047502166940831,0.008554157626349479,7.538661335182439e-06,26.090502475199497
radial,45,15.404710753096476,0.3240000009536743,0.11091391742229462,356.70746994018555,1.5289092760717438e-06,0.19315785728394985,0.004031463642604649,0.008540923590771854,7.530242906561568e-06,25.99641692544069
radial,45,15.805506457885107,0.3240000009536743,0.11379964649677277,356.5893745422363,1.5278898614079495e-06,0.19316511787474155,0.004016868755570613,0.008528837410267442,7.521831750345598e-06,25.916545046446334
radial,45,16.221876980529892,0.3240000009536743,0.11679751425981522,356.4919967651367,1.526844455090881e-06,0.19317003898322582,0.004003621157607995,0.008517822192516178,7.513441029338708e-06,25.849732409686087
radial,45,16.654425611098606,0.3240000009536743,0.11991186439990997,356.41369247436523,1.5257816954328263e-06,0.19317279011011124,0.0039916434907354414,0.008507815888151526,7.505095626747504e-06,25.7948721414829
radial,45,17.103782544533413,0.3240000009536743,0.12314723432064056,356.3526725769043,1.5247106222027185e-06,0.19317352585494518,0.003980826251790859,0.008498730778228492,7.4968147103504634e-06,25.75081269807067
radial,45,17.570598671833675,0.3240000009536743,0.12650831043720245,356.30724334716797,1.5236364001580682e-06,0.1931723989546299,0.003971030018874444,0.008490452368278056,7.488597354221582e-06,25.716512211250365
radial,45,18.055554893281727,0.3240000009536743,0.12999999523162842,356.2760696411133,1.5225689428133293e-06,0.1931695006787777,0.003962256392696872,0.008482984500005841,7.480496940104331e-06,25.691247407352666
radial,45,18.3384513689412,0.3240000009536743,0.13203684985637665,356.2642936706543,1.5219729744275767e-06,0.1931670792400837,0.003957787659601308,0.008479153621010482,7.47600149741956e-06,25.68075221048055
radial,45,18.62622383568022,0.3240000009536743,0.13410881161689758,356.25645446777344,1.5213839080763236e-06,0.19316410832107067,0.003953637613449246,0.008475574490148574,7.471586489504745e-06,25.672718460496224
radial,45,18.918953008121914,0.3240000009536743,0.13621646165847778,356.2523078918457,1.5207991393428877e-06,0.19316059164702892,0.003949733130866662,0.008472187095321715,7.467230616953202e-06,25.666819119742314
radial,45,19.21672580970658,0.3240000009536743,0.1383604258298874,356.25146484375,1.5202189098673102e-06,0.19315657392144203,0.003946093071135692,0.008469008025713265,7.462940085023462e-06,25.662939169355642
radial,45,19.519631233480244,0.3240000009536743,0.14054134488105774,356.2535820007324,1.5196419716478893e-06,0.1931520588696003,0.0039427181909559295,0.008466038620099425,7.4587149150318055e-06,25.660942713055427
radial,45,19.82775413327747,0.3240000009536743,0.14275982975959778,356.25835037231445,1.5190665113296031e-06,0.1931470800191164,0.003939586196793243,0.008463260368444026,7.454543385687629e-06,25.66064628914945
radial,45,20.141185571750004,0.3240000009536743,0.14501653611660004,356.2654914855957,1.5184908576937328e-06,0.19314164482057095,0.0039366826676996425,0.008460662444122136,7.4504184039980714e-06,25.661921169166487
radial,45,20.46001868115531,0.3240000009536743,0.14731213450431824,356.2747268676758,1.517913714887964e-06,0.19313576817512512,0.003933993502869271,0.008458232739940286,7.446334760352613e-06,25.66461122317468
radial,45,20.784344524145126,0.3240000009536743,0.1496472805738449,356.2857971191406,1.5173340384144751e-06,0.19312945939600468,0.003931505198124796,0.008455961418803781,7.4422884801528255e-06,25.66856206663968
radial,45,21.114260372188358,0.3240000009536743,0.15202267467975616,356.2984275817871,1.5167509691826897e-06,0.1931227445602417,0.003929205020540394,0.008453837770503014,7.438276899751628e-06,25.673626908001502
radial,45,21.44985935754246,0.3240000009536743,0.15443898737430573,356.31237411499023,1.5161633673266284e-06,0.1931156124919653,0.003927080586436205,0.008451851375866681,7.434298562092323e-06,25.679704370441062
radial,45,21.79124082128207,0.3240000009536743,0.1568969339132309,356.32740020751953,1.5155693839641327e-06,0.1931080911308527,0.003925120196072385,0.008449994027614594,7.430352106929661e-06,25.686630188699564
radial,45,22.138504104481804,0.3240000009536743,0.15939722955226898,356.34326553344727,1.5149672647485346e-06,0.19310016371309757,0.003923311916878447,0.008448255597613752,7.4264373570720466e-06,25.694291708814887
radial,45,22.491750617822014,0.3240000009536743,0.16194060444831848,356.3597183227539,1.5143561271080408e-06,0.1930918600410223,0.0039216451841639355,0.00844662741292268,7.422556008052084e-06,25.70252451687449
radial,45,22.851083841588764,0.3240000009536743,0.1645278036594391,356.37656021118164,1.513736011149458e-06,0.19308319315314293,0.003920109535101801,0.008445101673714817,7.418714520923686e-06,25.711240837094067
radial,45,23.216609325673847,0.3240000009536743,0.16715958714485168,356.3935775756836,1.513108601705615e-06,0.19307417422533035,0.003918695336324163,0.008443670347332954,7.414919867443359e-06,25.720272572709018
radial,45,23.58843261996905,0.3240000009536743,0.16983671486377716,356.4105644226074,1.5124765114227223e-06,0.19306482002139091,0.003917392954463139,0.008442325692158192,7.411180573679843e-06,25.72952042374304
radial,45,23.96666134397189,0.3240000009536743,0.1725599616765976,356.427303314209,1.5118426398424978e-06,0.1930551677942276,0.003916194022167474,0.008441061130724847,7.407506161571931e-06,25.73884061429652
radial,45,24.351409325997036,0.3240000009536743,0.17533014714717865,356.4435920715332,1.5112095889668886e-06,0.19304521940648556,0.003915090142982081,0.00843986973632127,7.40390316278372e-06,25.748109760802716
radial,45,24.742784185542,0.3240000009536743,0.1781480461359024,356.4592590332031,1.5105804305332038e-06,0.19303501211106777,0.003914073487976566,0.008438745280727744,7.400380132027706e-06,25.7572260149349
radial,45,25.140903890132904,0.3240000009536743,0.1810145080089569,356.47410583496094,1.5099587167000106e-06,0.19302457198500633,0.003913136504706927,0.008437681419309229,7.396944961435281e-06,25.766057344659234
radial,45,25.545884337690143,0.3240000009536743,0.18393036723136902,356.48794174194336,1.509347256484217e-06,0.19301391392946243,0.00391227203363087,0.00843667343724519,7.393606869410263e-06,25.77446306580671
radial,45,25.95784142613411,0.3240000009536743,0.1868964582681656,356.50058364868164,1.50874888237007e-06,0.1930030658841133,0.003911473322659731,0.008435715280938894,7.390374601845551e-06,25.782342265123475
radial,45,26.37689726220237,0.3240000009536743,0.18991366028785706,356.51184844970703,1.5081665768745811e-06,0.1929920706897974,0.0039107338670874014,0.008434801420662552,7.3872577879274814e-06,25.78955413864557
radial,45,26.80317188302676,0.3240000009536743,0.19298283755779266,356.5214958190918,1.5076030204508317e-06,0.19298094511032104,0.003910046492819674,0.008433927723672241,7.384266074828005e-06,25.795970771857718
radial,45,27.236793604162006,0.3240000009536743,0.19610491394996643,356.5293655395508,1.5070606430300781e-06,0.19296973384916782,0.003909405029844493,0.008433088893070817,7.381407463924461e-06,25.801463942821943
radial,45,27.677884532345665,0.3240000009536743,0.1992807686328888,356.5352439880371,1.5065426651056368e-06,0.19295849464833736,0.003908803133526817,0.00843228114536032,7.3786951368948195e-06,25.805874238892606
radial,45,28.12657712234391,0.3240000009536743,0.20251135528087616,356.5390205383301,1.5060552369244862e-06,0.19294740445911884,0.003908240687451325,0.008431508613284677,7.376162251215845e-06,25.80906950650622
radial,45,28.582999689711464,0.3240000009536743,0.20579759776592255,356.5402069091797,1.505582322126886e-06,0.19293632358312607,0.003907698453986086,0.008430750283878297,7.373743818872569e-06,25.810777906720013
radial,45,29.047288828425938,0.3240000009536743,0.20914047956466675,356.53784561157227,1.5050002377670069e-06,0.19292250648140907,0.0039071301580406725,0.00842989218654111,7.370862710187609e-06,25.811591894956987
radial,45,29.519574923647774,0.3240000009536743,0.21254093945026398,356.5305633544922,1.5041793891140687e-06,0.19290202297270298,0.003906469661160372,0.0084287712816149,7.366852168733118e-06,25.812398176962606
radial,45,30.000000778171753,0.3240000009536743,0.2160000056028366,341.3380317687988,5.031837066737932e-07,0.15760372951626778,0.002958812052384019,0.006661872495897114,1.9270275470884e-06,37.46375956283512
radial,60,0.0,0.4320000112056732,0.0,1050.8516807556152,9.183830016468164e-07,0.13605574611574411,0.04195412894478068,0.0381589075550437,8.841421731631272e-06,342.094715703242
radial,60,0.012820513196250735,0.4320000112056732,9.230769501300529e-05,1050.8500900268555,9.183799747347621e-07,0.1360558783635497,0.041954042739234865,0.03815883956849575,8.841381315960462e-06,342.09395790508466
radial,60,0.02564102639250147,0.4320000112056732,0.00018461539002601057,1050.8453483581543,9.183707305737698e-07,0.13605627045035362,0.041953782201744616,0.03815863304771483,8.841260353165126e-06,342.0917323108701
radial,60,0.038461536557103194,0.4320000112056732,0.000276923063211143,1050.8374214172363,9.183551874514251e-07,0.13605691771954298,0.04195334645919502,0.0381582883419469,8.841058331654494e-06,342.08802519939195
radial,60,0.05128205278500294,0.4320000112056732,0.00036923078005202115,1050.8263397216797,9.183331499684755e-07,0.13605783600360155,0.04195273434743285,0.038157804927323014,8.84077513774173e-06,342.0828807496781
radial,60,0.06410256092850533,0.4320000112056732,0.00046153843868523836,1050.8119773864746,9.183046358884894e-07,0.13605901785194874,0.04195194615749642,0.03815718297846615,8.8404103735229e-06,342.07621272900093
radial,60,0.07692307311420639,0.4320000112056732,0.000553846126422286,1050.7945098876953,9.182696487641806e-07,0.13606045581400394,0.041950980899855494,0.03815642208792269,8.839964436901937e-06,342.06812814984664
radial,60,0.08974358529990746,0.4320000112056732,0.0006461538141593337,1050.7738075256348,9.182281743846943e-07,0.1360621666535735,0.04194984247442335,0.03815552283776924,8.839437157348584e-06,342.0585765106166
radial,60,0.10256410557000588,0.4320000112056732,0.0007384615601040423,1050.7499313354492,9.181802056446031e-07,0.13606413453817368,0.04194852599175647,0.03815448400564492,8.83882813695891e-06,342.04753040126576
radial,60,0.11538460967130959,0.4320000112056732,0.000830769189633429,1050.7228622436523,9.181257745183302e-07,0.13606636971235275,0.04194703476969153,0.038153306290041655,8.83813851260129e-06,342.0350695988814
radial,60,0.12820512185701066,0.4320000112056732,0.0009230768773704767,1050.6925659179688,9.180648490314525e-07,0.13606887124478817,0.041945365141145885,0.038151990971527994,8.837367317937606e-06,342.0210970637942
radial,60,0.14102563404271173,0.4320000112056732,0.0010153845651075244,1050.659080505371,9.179975002382434e-07,0.1360716363415122,0.041943521006032825,0.038150535663589835,8.836514894028369e-06,342.0056847670359
radial,60,0.15384614622841278,0.4320000112056732,0.001107692252844572,1050.6223831176758,9.179237103751348e-07,0.13607465662062168,0.041941499745007604,0.03814894228707999,8.835581127186742e-06,341.98879543838996
radial,60,0.16666667458290854,0.4320000112056732,0.0012000000569969416,1050.5824966430664,9.178434048351392e-07,0.1360779469832778,0.04193930252222344,0.03814720979426056,8.834566756377171e-06,341.9704497430566
radial,60,0.17948717059981492,0.4320000112056732,0.0012923076283186674,1050.5394134521484,9.177567044105217e-07,0.1360815018415451,0.041936928406357765,0.038145336671732366,8.833470758418116e-06,341.9506261678438
radial,60,0.19230769895431069,0.4320000112056732,0.001384615432471037,1050.4931144714355,9.176635415997225e-07,0.13608532026410103,0.041934380133170635,0.0381433266447857,8.832293701743765e-06,341.9293306119152
radial,60,0.20512821114001176,0.4320000112056732,0.0014769231202080846,1050.4436111450195,9.175639519298784e-07,0.136089401319623,0.041931652231141925,0.03814117575529963,8.831035700040957e-06,341.90660006990987
radial,60,0.2179487071569181,0.4320000112056732,0.0015692306915298104,1050.390956878662,9.174580171134039e-07,0.13609375432133675,0.04192874825093895,0.03813888831064105,8.829696525936015e-06,341.88239937638116
radial,60,0.23076921934261918,0.4320000112056732,0.001661538379266858,1050.3350448608398,9.173456021471793e-07,0.13609836250543594,0.04192566964775324,0.03813645907212049,8.828276577332872e-06,341.8567330300405
radial,60,0.24358974769711494,0.4320000112056732,0.0017538461834192276,1050.2758979797363,9.172268420343244e-07,0.13610323704779148,0.041922413278371096,0.038133891648612916,8.826775570014433e-06,341.8295547744188
radial,60,0.2564102437140213,0.4320000112056732,0.0018461537547409534,1050.2135887145996,9.171016621678518e-07,0.13610837701708078,0.04191897937562317,0.03813118452671915,8.825193731354375e-06,341.80095777276324
radial,60,0.2692307720685171,0.4320000112056732,0.001938461558893323,1050.1480827331543,9.1697014781289e-07,0.13611377961933613,0.04191536997677758,0.03812833811389282,8.823531061352696e-06,341.7709064014867
radial,60,0.28205126808542347,0.4320000112056732,0.002030769130215049,1050.0793571472168,9.168322883112978e-07,0.1361194560304284,0.04191158257890493,0.038125352934002876,8.821787673696235e-06,341.7393652539124
radial,60,0.29487179643991923,0.4320000112056732,0.0021230769343674183,1050.0073699951172,9.166880516886522e-07,0.13612539134919643,0.04190761910285801,0.03812222549458966,8.819963341011317e-06,341.7063445184868
radial,60,0.30769229245682556,0.4320000112056732,0.002215384505689144,1049.9321975708008,9.165375445263635e-07,0.13613159116357565,0.0419034780934453,0.03811896045226604,8.818058859105804e-06,341.6718811909284
radial,60,0.3205128208113213,0.4320000112056732,0.0023076923098415136,1049.8537712097168,9.163806886647308e-07,0.13613805174827576,0.04189915757160634,0.03811555652646348,8.81607314795474e-06,341.63592374874145
radial,60,0.3333333491658171,0.4320000112056732,0.002400000113993883,1049.7721710205078,9.162175373944592e-07,0.13614479079842567,0.04189466149546206,0.038112011505290866,8.814007117052824e-06,341.59852525264296
radial,60,0.34615384518272346,0.4320000112056732,0.002492307685315609,1049.6873016357422,9.160480871628351e-07,0.13615178782492876,0.04188998864265159,0.03810832696035504,8.81186070955664e-06,341.55964569899726
radial,60,0.35897434119962984,0.4320000112056732,0.002584615256637335,1049.5992393493652,9.158723912605637e-07,0.13615904934704304,0.041885137907229364,0.0381045020185411,8.809634039153025e-06,341.51930816769504
radial,60,0.3717948372165362,0.4320000112056732,0.0026769228279590607,1049.5079231262207,9.156904212659356e-07,0.13616658095270395,0.041880108416080475,0.03810053877532482,8.807326821624883e-06,341.47748266831013
radial,60,0.38461539790862137,0.4320000112056732,0.002769230864942074,1049.4133911132812,9.155022411277969e-07,0.13617438171058893,0.041874901740811765,0.03809643379645422,8.80493939803273e-06,341.4341925371417
radial,60,0.39743589392552775,0.4320000112056732,0.0028615384362637997,1049.3156471252441,9.153078259771519e-07,0.13618244230747223,0.041869516600854695,0.03809218981768936,8.802471711533144e-06,341.3894478790935
radial,60,0.4102564222800235,0.4320000112056732,0.002953846240416169,1049.2146682739258,9.151072397628468e-07,0.13619076739996672,0.041863954975269735,0.038087803521193564,8.79992410318664e-06,341.343246514959
radial,60,0.4230769182969299,0.4320000112056732,0.003046153811737895,1049.1103897094727,9.149004078778944e-07,0.13619936536997557,0.04185821389546618,0.0380832789815031,8.797296288776124e-06,341.2955262976069
radial,60,0.4358974143138362,0.4320000112056732,0.003138461383059621,1049.0029296875,9.146874049292819e-07,0.13620822597295046,0.0418522956315428,0.03807861381210387,8.794588723048946e-06,341.24635799756646
radial,60,0.448717942668332,0.4320000112056732,0.0032307691872119904,1048.8922309875488,9.14468312629424e-07,0.13621735572814941,0.041846197738777846,0.03807380667421967,8.791801349161688e-06,341.19574710956215
radial,60,0.46153843868523836,0.4320000112056732,0.003323076758533716,1048.7782516479492,9.142430883457564e-07,0.13622675091028214,0.041839922429062426,0.03806885902304202,8.788933996584092e-06,341.14360822628976
radial,60,0.47435893470214474,0.4320000112056732,0.003415384329855442,1048.6610145568848,9.140117711581297e-07,0.13623641524463892,0.04183346650097519,0.03806377126602456,8.785987233750348e-06,341.0900294384396
radial,60,0.4871794953942299,0.4320000112056732,0.003507692366838455,1048.5405883789062,9.137743255394071e-07,0.1362463477998972,0.04182683437829837,0.03805854311212897,8.78296032169601e-06,341.0349668563235
radial,60,0.49999999141113627,0.4320000112056732,0.003599999938160181,1048.416862487793,9.135307763585843e-07,0.13625654578208923,0.04182002239394933,0.03805317264050245,8.779854567819712e-06,340.97846328032665
radial,60,0.5115740673823489,0.4320000112056732,0.003683333285152912,1048.3023796081543,9.133057616850238e-07,0.13626598753035069,0.04181371885351837,0.03804820514051244,8.77698249723835e-06,340.9261416521641
radial,60,0.5231481433535615,0.4320000112056732,0.0037666666321456432,1048.1852264404297,9.130757234743214e-07,0.13627563789486885,0.04180726775666699,0.03804312029387802,8.77404551147265e-06,340.8726637039332
radial,60,0.5347222193247743,0.4320000112056732,0.0038499999791383743,1048.0654220581055,9.128408073877381e-07,0.13628551736474037,0.041800671722739935,0.03803792066173628,8.77104366736603e-06,340.81794871448983
radial,60,0.5415076157078147,0.4320000112056732,0.003898854833096266,1047.9939422607422,9.127007736253745e-07,0.1362914089113474,0.0417967377579771,0.03803481941577047,8.76925429338371e-06,340.78532866706666
radial,60,0.5483619558314482,0.4320000112056732,0.003948206081986427,1047.9208030700684,9.125575495261273e-07,0.13629743549972773,0.041792711650487036,0.03803164605051279,8.767424333200324e-06,340.7519714186875
radial,60,0.5552860804729992,0.4320000112056732,0.003998059779405594,1047.8459587097168,9.124111102210009e-07,0.1363036036491394,0.04178859235253185,0.03802840004209429,8.765552706790913e-06,340.7178316960887
radial,60,0.5622805717090765,0.4320000112056732,0.004048420116305351,1047.7693977355957,9.122614912371318e-07,0.13630990870296955,0.04178437718655914,0.038025078538339585,8.763638732034451e-06,340.6829324734625
radial,60,0.5693460762914684,0.4320000112056732,0.0040992917492985725,1047.6911392211914,9.121085824403963e-07,0.13631636556237936,0.04178006644360721,0.03802167985122651,8.761681556279655e-06,340.6472389252192
radial,60,0.5764833703223202,0.4320000112056732,0.004150680266320705,1047.6110382080078,9.119523163292342e-07,0.13632296491414309,0.041775657155085355,0.03801820625085384,8.759680952152848e-06,340.6107480833295
radial,60,0.5836932945789562,0.4320000112056732,0.004202591720968485,1047.5290870666504,9.117925969803764e-07,0.13632971979677677,0.0417711460031569,0.03801465034484863,8.75763504382121e-06,340.573399449776
radial,60,0.5909764958131645,0.4320000112056732,0.004255030769854784,1047.4452667236328,9.116294563682459e-07,0.1363366274163127,0.04176653054310009,0.038011013180948794,8.755543547067646e-06,340.53521547022876
radial,60,0.5983336854519116,0.4320000112056732,0.004308002535253763,1047.3595123291016,9.114627204098724e-07,0.136343689635396,0.041761810483876616,0.03800729429349303,8.753405381867196e-06,340.4961524434467
radial,60,0.6057657042725219,0.4320000112056732,0.0043615130707621574,1047.2718315124512,9.112923713416876e-07,0.13635091949254274,0.04175698501057923,0.03800348978256807,8.751218786073878e-06,340.4562345845908
radial,60,0.6132731990267833,0.4320000112056732,0.00441556703299284,1047.1821098327637,9.111183132404221e-07,0.13635830860584974,0.04175204748753458,0.037999597436282784,8.748983987061365e-06,340.4153724662707
radial,60,0.620857075167199,0.4320000112056732,0.004470170941203833,1047.0903625488281,9.10940457288234e-07,0.13636586908251047,0.041746995702851564,0.03799561888445169,8.746699563744187e-06,340.3735914162005
radial,60,0.628517914770378,0.4320000112056732,0.004525328986346722,1046.99654006958,9.107587786161275e-07,0.13637360371649265,0.04174183192662895,0.03799154894659296,8.74436415188029e-06,340.3309123606401
radial,60,0.6362566879640023,0.4320000112056732,0.0045810481533408165,1046.9005317687988,9.105732026171154e-07,0.13638151343911886,0.04173654841724783,0.03798738488694653,8.741976955661812e-06,340.2872079288199
radial,60,0.6440741061750386,0.4320000112056732,0.0046373335644602776,1046.802375793457,9.10383636920642e-07,0.13638959359377623,0.041731146280653775,0.037983127986080945,8.739536838220374e-06,340.24258350234385
radial,60,0.6519710748559899,0.4320000112056732,0.004694191738963127,1046.7019805908203,9.101899642871558e-07,0.13639786466956139,0.0417256205691956,0.03797877492615953,8.7370426626876e-06,340.196916507755
radial,60,0.6599482407586442,0.4320000112056732,0.004751627333462238,1046.5993003845215,9.099921598476612e-07,0.1364063210785389,0.04171997174853459,0.03797432087594643,8.734493292195111e-06,340.150209547048
radial,60,0.6680065093355047,0.4320000112056732,0.004809646867215633,1046.494297027588,9.097901241261752e-07,0.13641497306525707,0.04171419329941273,0.037969768047332764,8.73188764671795e-06,340.1024715496492
radial,60,0.6761466566887167,0.4320000112056732,0.00486825592815876,1046.3869247436523,9.095837505412874e-07,0.13642381690442562,0.04170828341739252,0.037965111376252025,8.72922458938774e-06,340.05365772136383
radial,60,0.6843694589204259,0.4320000112056732,0.004927460104227066,1046.277156829834,9.093730461984251e-07,0.13643285911530256,0.04170224140398204,0.037960349349305034,8.726503324396617e-06,340.0037663757622
radial,60,0.6926760155086716,0.4320000112056732,0.0049872673116624355,1046.1648597717285,9.091578228037633e-07,0.13644210621714592,0.04169606266077608,0.03795548097696155,8.723722203285433e-06,339.95275050542773
radial,60,0.7010669085300631,0.4320000112056732,0.005047681741416454,1046.0500221252441,9.089381087790116e-07,0.13645156379789114,0.04168974357889965,0.03795050177723169,8.720880032342393e-06,339.9005635346974
radial,60,0.7095431081122823,0.4320000112056732,0.005108710378408432,1045.9325790405273,9.08713758462909e-07,0.13646123558282852,0.04168328293599188,0.03794541017850861,8.717975845229375e-06,339.84721536917607
radial,60,0.7181054550326533,0.4320000112056732,0.005170359276235104,1045.8125,9.084847469864599e-07,0.13647111877799034,0.04167667659930885,0.03794020548230037,8.715008448234585e-06,339.7927009171923
radial,60,0.7267547900685006,0.4320000112056732,0.005232634488493204,1045.6897239685059,9.082509393465443e-07,0.13648123107850552,0.041669921949505806,0.0379348803544417,8.711976590802806e-06,339.73696084182615
radial,60,0.735492083347506,0.4320000112056732,0.005295543000102043,1045.564193725586,9.080122467253204e-07,0.1364915668964386,0.04166301485383883,0.037929438636638224,8.708878112884122e-06,339.6799852570731
radial,60,0.7443181756469939,0.4320000112056732,0.005359090864658356,1045.4358520507812,9.077686016212283e-07,0.13650213461369276,0.04165595292579383,0.03792387468274683,8.705712332357507e-06,339.6217249931172
radial,60,0.7532339724194672,0.4320000112056732,0.005423284601420164,1045.304557800293,9.07519826398584e-07,0.1365129379555583,0.041648732440080494,0.0379181849421002,8.70247828288484e-06,339.56216634280753
radial,60,0.762240443792608,0.4320000112056732,0.005488131195306778,1045.1703720092773,9.072659139519601e-07,0.1365239815786481,0.041641349729616195,0.037912367726676166,8.699173747572786e-06,339.50128487352765
radial,60,0.771338301193383,0.4320000112056732,0.005553635768592358,1045.0331649780273,9.070067363836642e-07,0.13653527852147818,0.04163380223326385,0.03790642024250701,8.695797873770061e-06,339.4390534361521
radial,60,0.780528838125368,0.4320000112056732,0.005619807634502649,1044.8928833007812,9.06742187112286e-07,0.13654682133346796,0.04162608564365655,0.0379003394045867,8.692348615113588e-06,339.37545475923133
radial,60,0.7898126366651721,0.4320000112056732,0.005686650983989239,1044.7494354248047,9.064721666618425e-07,0.1365586295723915,0.04161819722503424,0.03789412323385477,8.688825460012595e-06,339.31040809020124
radial,60,0.7991907962908348,0.4320000112056732,0.00575417373329401,1044.6028137207031,9.06196593319919e-07,0.13657069206237793,0.04161013168049976,0.03788776771398261,8.685225623139559e-06,339.2439356426687
radial,60,0.8086644164803956,0.4320000112056732,0.005822383798658848,1044.4529037475586,9.059153711632462e-07,0.136583031155169,0.041601885692216456,0.037881271447986364,8.681548820277385e-06,339.175984207756
radial,60,0.8182342086608212,0.4320000112056732,0.005891286302357912,1044.299617767334,9.05628379399559e-07,0.13659564312547445,0.04159345501102507,0.03787462995387614,8.677793289280089e-06,339.1065443339302
radial,60,0.8279013369853299,0.4320000112056732,0.0059608896262943745,1044.1429328918457,9.053356322397121e-07,0.13660853635519743,0.0415848377160728,0.037867838982492685,8.673956756410917e-06,339.0355331866481
radial,60,0.8376667069064246,0.4320000112056732,0.006031200289726257,1043.9827117919922,9.050369165208849e-07,0.13662171363830566,0.04157602816121653,0.03786089667119086,8.67003859639226e-06,338.96295730137973
radial,60,0.8475313532269664,0.4320000112056732,0.0061022257432341576,1043.8189849853516,9.0473215763609e-07,0.13663518708199263,0.04156702250475064,0.03785380092449486,8.666036194426852e-06,338.88882976334435
radial,60,0.8574961167242792,0.4320000112056732,0.00617397204041481,1043.651523590088,9.044211992659257e-07,0.13664895854890347,0.04155781655572355,0.03784654778428376,8.661948754706827e-06,338.813000085846
radial,60,0.8675623555771179,0.4320000112056732,0.006246448960155249,1043.4804000854492,9.04104005883255e-07,0.1366630345582962,0.04154840495903045,0.03783913084771484,8.657774060338852e-06,338.7355188756337
radial,60,0.8777307812124491,0.4320000112056732,0.006319661624729633,1043.305435180664,9.037804211686762e-07,0.13667742814868689,0.04153878567740321,0.037831552675925195,8.653510292333522e-06,338.6563375124909
radial,60,0.8880026871338487,0.4320000112056732,0.00639361934736371,1043.126594543457,9.034503065663557e-07,0.13669213745743036,0.04152895126026124,0.03782380395568907,8.649156200135621e-06,338.5753906401507
radial,60,0.898378914118641,0.4320000112056732,0.006468328181654215,1042.9437789916992,9.031136229964432e-07,0.13670716900378466,0.04151889943750575,0.03781588381389156,8.644709453164978e-06,338.49267116352814
radial,60,0.9088606263200443,0.4320000112056732,0.006543796509504318,1042.75687789917,9.027701715069725e-07,0.13672253489494324,0.04150862526148558,0.03780778800137341,8.640168914553215e-06,338.40810894730026
radial,60,0.9194488585409191,0.4320000112056732,0.0066200317814946175,1042.5658493041992,9.024198774909564e-07,0.136738246306777,0.04149812168907374,0.03779951354954392,8.635531855816225e-06,338.3217143469566
radial,60,0.9301446455841264,0.4320000112056732,0.0066970414482057095,1042.370548248291,9.020626166034162e-07,0.13675430230796337,0.04148738691583276,0.03779105585999787,8.630796912711958e-06,338.23337075555526
radial,60,0.9409492809532417,0.4320000112056732,0.00677483482286334,1042.1709251403809,9.016982929210826e-07,0.13677071034908295,0.041476414480712265,0.03778241039253771,8.625961925190495e-06,338.14306479559605
radial,60,0.9518636701007684,0.4320000112056732,0.0068534184247255325,1041.9669151306152,9.013267892044041e-07,0.13678748346865177,0.04146520036738366,0.03777357377111912,8.621025415322947e-06,338.050838707516
radial,60,0.9628890418551035,0.4320000112056732,0.006932801101356745,1041.7583541870117,9.009479491339789e-07,0.13680463004857302,0.04145373485516757,0.037764540989883244,8.615985279902816e-06,337.9565496940549
radial,60,0.9740264310191076,0.4320000112056732,0.007012990303337574,1041.545166015625,9.005617407353839e-07,0.1368221491575241,0.0414420185261406,0.03775530937127769,8.610839131506509e-06,337.8601832201251
radial,60,0.9852770664211776,0.4320000112056732,0.007093994878232479,1041.327293395996,9.001680041365034e-07,0.13684005662798882,0.041430044802837074,0.03774587472435087,8.605585549048556e-06,337.7617199084354
radial,60,0.9966419181889958,0.4320000112056732,0.00717582181096077,1041.1045989990234,8.997666007815042e-07,0.1368583608418703,0.04141780425561592,0.0377362318104133,8.600222088261944e-06,337.6610924010028
radial,60,1.0081224091764953,0.4320000112056732,0.0072584813460707664,1040.8769493103027,8.99357409878121e-07,0.13687706738710403,0.041405294789001346,0.03772637527436018,8.594746645940177e-06,337.55823552575976
radial,60,1.0197196388617158,0.4320000112056732,0.007341981399804354,1040.6443252563477,8.989402715542383e-07,0.13689617905765772,0.04139251040760428,0.03771630226401612,8.589157289407012e-06,337.45313858134585
radial,60,1.0314346420475178,0.4320000112056732,0.007426329422742128,1040.4065551757812,8.985150898865868e-07,0.136915716342628,0.04137944325339049,0.037706007657106966,8.583451347021764e-06,337.3457326397283
radial,60,1.0432687122374773,0.4320000112056732,0.007511534728109837,1040.1635055541992,8.980817085557646e-07,0.13693568017333746,0.0413660888443701,0.03769548563286662,8.577627340855543e-06,337.2359621875989
radial,60,1.0552231429351702,0.4320000112056732,0.0075976066291332245,1039.9150924682617,8.976400636129256e-07,0.13695609010756016,0.04135244101053104,0.03768473444506526,8.571682485580823e-06,337.12377529834833
radial,60,1.0672989689434569,0.4320000112056732,0.007684552576392889,1039.661231994629,8.971899809750994e-07,0.13697693683207035,0.04133849329082295,0.03767374448943883,8.565614564304269e-06,337.0091391384368
radial,60,1.0794976777914498,0.4320000112056732,0.007772383280098438,1039.4017791748047,8.967313540608757e-07,0.1369982473552227,0.041324238874949515,0.037662513088434935,8.559421303289128e-06,336.89197156236554
radial,60,1.0918202396068308,0.4320000112056732,0.007861105725169182,1039.136619567871,8.96263955496579e-07,0.13702002447098494,0.04130967060336843,0.03765103657497093,8.553100371955225e-06,336.7722768545127
radial,60,1.10426827126907,0.4320000112056732,0.007950731553137302,1038.8656120300293,8.957877177806495e-07,0.13704228401184082,0.04129478463437408,0.03763930674176663,8.546649723939481e-06,336.6499310671658
radial,60,1.1168426782306697,0.4320000112056732,0.008041267283260822,1038.5886344909668,8.953025911750956e-07,0.13706502690911293,0.041279569966718554,0.037627319572493434,8.540066403384117e-06,336.524900492334
radial,60,1.1295448833455641,0.4320000112056732,0.008132723160088062,1038.3055953979492,8.948083731752376e-07,0.13708826433867216,0.0412640223512426,0.0376150714000687,8.533348022865539e-06,336.39714275293886
radial,60,1.1423760507669714,0.4320000112056732,0.008225107565522194,1038.0163116455078,8.943049927268021e-07,0.13711201492697,0.041248134744819254,0.03760255267843604,8.526492933924601e-06,336.2665779939363
radial,60,1.1553377326991823,0.4320000112056732,0.008318431675434113,1037.7207374572754,8.937922757468186e-07,0.13713628146797419,0.04123189888196066,0.037589760788250715,8.519497896486428e-06,336.1332028356314
radial,60,1.1684313519961305,0.4320000112056732,0.008412705734372139,1037.4186096191406,8.932701049957359e-07,0.13716108165681362,0.04121530568227172,0.037576689501293004,8.512360295753751e-06,335.9968401749172
radial,60,1.1816579434606764,0.4320000112056732,0.00850793719291687,1037.1098861694336,8.927382779688742e-07,0.13718641735613346,0.04119835060555488,0.03756333072669804,8.505077687459561e-06,335.85753587959385
radial,60,1.1950188005963962,0.4320000112056732,0.008604135364294052,1036.79439163208,8.921967520336693e-07,0.13721230905503035,0.04118102678330615,0.037549682485405356,8.497647627336846e-06,335.71519924104257
radial,60,1.2085157343082957,0.4320000112056732,0.00870131328701973,1036.4719886779785,8.916453637652921e-07,0.13723876606673002,0.04116332362173125,0.037535733776167035,8.490067273214663e-06,335.56970766329266
radial,60,1.222149779399236,0.4320000112056732,0.0087994784116745,1036.1425437927246,8.91083942633486e-07,0.13726579677313566,0.04114523279713467,0.037521482328884304,8.48233372607865e-06,335.42108053495434
radial,60,1.2359223587231505,0.4320000112056732,0.008898640982806683,1035.8058547973633,8.905123820568406e-07,0.1372934216633439,0.04112674848875031,0.037506918888539076,8.474444484818378e-06,335.2691785595491
radial,60,1.2498348951339722,0.4320000112056732,0.0089988112449646,1035.46187210083,8.899305967702276e-07,0.1373216500505805,0.04110785998636857,0.03749203874031082,8.46639733254051e-06,335.1139700264391
radial,60,1.2638889408359926,0.4320000112056732,0.009100000374019146,1035.1103820800781,8.893384233488177e-07,0.13735047727823257,0.04108856269158423,0.03747683408437297,8.458189199700428e-06,334.955393191019
radial,60,1.2800925307803683,0.4320000112056732,0.009216666221618652,1034.7000350952148,8.88650131258828e-07,0.13738413620740175,0.04106603923719376,0.037459087499883026,8.44862665871915e-06,334.7702629113149
radial,60,1.2962962500751019,0.4320000112056732,0.009333333000540733,1034.2842559814453,8.879558492935757e-07,0.13741823751479387,0.04104321694467217,0.03744110721163452,8.438956740519643e-06,334.58261752197313
radial,60,1.3124999693698354,0.4320000112056732,0.009449999779462814,1033.8631896972656,8.872559504879973e-07,0.13745277002453804,0.04102010134374723,0.037422895547933877,8.429183026237297e-06,334.3926183869048
radial,60,1.3219715199536748,0.4320000112056732,0.009518194943666458,1033.6145401000977,8.868443615028809e-07,0.1374731520190835,0.04100645467406139,0.037412144301924855,8.423423423664644e-06,334.28046026682324
radial,60,1.3315346505906847,0.4320000112056732,0.00958704948425293,1033.3616485595703,8.864268572494893e-07,0.1374938925728202,0.040992575988639146,0.037401209701783955,8.417572701091558e-06,334.1663981670362
radial,60,1.341190008032653,0.4320000112056732,0.009656568057835102,1033.1044006347656,8.860034732549593e-07,0.13751497771590948,0.04097845731303096,0.037390085752122104,8.411629153215472e-06,334.0503842782367
radial,60,1.3509387564327981,0.4320000112056732,0.009726759046316147,1032.8427543640137,8.855742663627097e-07,0.1375364325940609,0.040964096726384014,0.037378773209638894,8.405592495819292e-06,333.93240538610985
radial,60,1.360781542542908,0.4320000112056732,0.009797627106308937,1032.5765991210938,8.851392152564586e-07,0.1375582478940487,0.04094949318096042,0.037367267766967416,8.399461194130708e-06,333.8124076617516
radial,60,1.3707195305162005,0.4320000112056732,0.009869180619716644,1032.305908203125,8.846981636168039e-07,0.13758043199777603,0.040934638876933604,0.03735556633910164,8.393233770220832e-06,333.69036411688677
radial,60,1.380753367104464,0.4320000112056732,0.009941424243152142,1032.030574798584,8.842510688111815e-07,0.13760299794375896,0.040919530438259244,0.037343662639614195,8.386909144064703e-06,333.56627320394665
radial,60,1.3908842164609168,0.4320000112056732,0.0100143663585186,1031.7505111694336,8.837978562326043e-07,0.13762594759464264,0.040904163324739784,0.03733155783265829,8.380485098768986e-06,333.44003722636927
radial,60,1.4011129840380616,0.4320000112056732,0.010088013485074043,1031.4656257629395,8.83338472590367e-07,0.13764929212629795,0.04088853357825428,0.03731924336170778,8.37396027009163e-06,333.31164786201475
radial,60,1.411440445938044,0.4320000112056732,0.010162371210753918,1031.175868988037,8.828728645937645e-07,0.13767303712666035,0.04087263473775238,0.03730671852827072,8.367333691694512e-06,333.1810842872994
radial,60,1.4218677663140826,0.4320000112056732,0.010237447917461395,1030.8810653686523,8.824010144792283e-07,0.13769718818366528,0.040856463252566755,0.03729397902498022,8.360603146684298e-06,333.04826530918535
radial,60,1.4323957212683227,0.4320000112056732,0.010313249193131924,1030.581211090088,8.81922805007207e-07,0.1377217499539256,0.040840012836270034,0.037281020369846374,8.35376749819261e-06,332.91316031495995
radial,60,1.4430254749539826,0.4320000112056732,0.010389783419668674,1030.2761688232422,8.814381828869955e-07,0.13774673640727997,0.040823281568009406,0.03726783813908696,8.346825097760302e-06,332.77573101731366
radial,60,1.4537578034732077,0.4320000112056732,0.010467056185007095,1029.9658737182617,8.809470912751749e-07,0.1377721494063735,0.04080626065842807,0.03725442895665765,8.339774183241389e-06,332.6359781861306
radial,60,1.4645937416288588,0.4320000112056732,0.010545074939727783,1029.6502113342285,8.804494449066169e-07,0.13779800105839968,0.040788947546388954,0.03724079002859071,8.33261327670698e-06,332.4937671121489
radial,60,1.4755344535741541,0.4320000112056732,0.01062384806573391,1029.3290977478027,8.799451691743343e-07,0.13782429601997137,0.04077133454848081,0.03722691460279748,8.325340672854509e-06,332.34916806540883
radial,60,1.486580844761597,0.4320000112056732,0.010703382082283497,1029.0024223327637,8.794342107876219e-07,0.1378510445356369,0.04075341741554439,0.03721280035097152,8.317954552694573e-06,332.2020271024214
radial,60,1.4977339499940476,0.4320000112056732,0.010783684439957142,1028.6701011657715,8.789165164557744e-07,0.13787825591862202,0.0407351910835132,0.037198442849330604,8.310453210924607e-06,332.052365108974
radial,60,1.5089946747240093,0.4320000112056732,0.010864761658012867,1028.3320007324219,8.78392008019091e-07,0.13790593389421701,0.04071664944058284,0.03718383586965501,8.302834885398624e-06,331.90010911020823
radial,60,1.520364312455058,0.4320000112056732,0.010946623049676418,1027.988037109375,8.77860593107016e-07,0.13793409056961536,0.04069778718985617,0.037168976676184684,8.295098155031155e-06,331.7452242183622
radial,60,1.531843768639697,0.4320000112056732,0.011029275134205818,1027.6380805969238,8.773222930358315e-07,0.13796272687613964,0.04067859862698242,0.03715386032126844,8.287241257676214e-06,331.58760115400116
radial,60,1.5434340780807867,0.4320000112056732,0.011112725362181664,1027.282039642334,8.76776969249704e-07,0.1379918698221445,0.04065907828044146,0.037138480867724866,8.279262090127304e-06,331.4272758481562
radial,60,1.5551364049315453,0.4320000112056732,0.011196982115507126,1026.9198532104492,8.762245897742105e-07,0.13802150636911392,0.04063921724446118,0.03712283622007817,8.271158947081858e-06,331.2641895647294
radial,60,1.5669516546444762,0.4320000112056732,0.011282051913440228,1026.55131149292,8.75665119082214e-07,0.1380516653880477,0.04061901295790449,0.03710691974265501,8.262930521141243e-06,331.09822619042615
radial,60,1.5788811207231548,0.4320000112056732,0.011367944069206715,1026.1763763427734,8.750985429628599e-07,0.1380823403596878,0.0405984572134912,0.03709072689525783,8.25457470909896e-06,330.9293913063084
radial,60,1.5909255792697272,0.4320000112056732,0.011454664170742035,1025.794921875,8.745247512820242e-07,0.1381135480478406,0.04057754558743909,0.03707425273023546,8.246089180374838e-06,330.75760188089146
radial,60,1.603086582488484,0.4320000112056732,0.011542223393917084,1025.4067611694336,8.739437973304121e-07,0.1381452977657318,0.04055626783519983,0.037057491252198815,8.237473139161011e-06,330.5827974092261
radial,60,1.6153651651822858,0.4320000112056732,0.011630629189312458,1025.011863708496,8.733555318940489e-07,0.13817759975790977,0.04053462157025933,0.03704043891048059,8.228724198033888e-06,330.40495145832966
radial,60,1.6277621034532785,0.4320000112056732,0.011719887144863605,1024.6100540161133,8.727599976054989e-07,0.13821045961230993,0.04051259707193822,0.03702308877836913,8.219840594847483e-06,330.22399584022725
radial,60,1.640278949505753,0.4320000112056732,0.011810008436441422,1024.2012023925781,8.721570736724971e-07,0.13824389688670635,0.04049019067315385,0.037005436315666884,8.210820226395299e-06,330.0398471360827
radial,60,1.6529166087922122,0.4320000112056732,0.011900999583303928,1023.7852096557617,8.715467174624791e-07,0.13827790413051844,0.04046739125624299,0.03698747610906139,8.20166138737477e-06,329.85248238685415
radial,60,1.66567650416659,0.4320000112056732,0.011992870829999447,1023.3619918823242,8.709288898955947e-07,0.1383125139400363,0.04044419451383874,0.03696920402580872,8.192362201953074e-06,329.6618552757455
radial,60,1.678559541081389,0.4320000112056732,0.012085628695786,1022.9312973022461,8.703035732082753e-07,0.1383477197960019,0.04042059386847541,0.03695061040343717,8.18292073745397e-06,329.46783080916236
radial,60,1.6915671423905425,0.4320000112056732,0.012179283425211906,1022.4930992126465,8.696707425315253e-07,0.13838353659957647,0.04039657983230427,0.03693169372854754,8.173334379080188e-06,329.2704143533302
radial,60,1.7047003428969119,0.4320000112056732,0.012273842468857765,1022.0471992492676,8.690304404979088e-07,0.13841998018324375,0.04037214757408947,0.036912445444613695,8.163602444710705e-06,329.06951228179906
radial,60,1.717960306753715,0.4320000112056732,0.012369314208626747,1021.5934448242188,8.683825569733017e-07,0.13845706079155207,0.04034728737315163,0.036892861186061054,8.153722149017995e-06,328.86505002931614
radial,60,1.7313483274645276,0.4320000112056732,0.012465707957744598,1021.1317939758301,8.677271594592639e-07,0.13849478587508202,0.040321992069948465,0.036872934899292886,8.143692127760005e-06,328.6569965271011
radial,60,1.7448656985329258,0.4320000112056732,0.012563033029437065,1020.6619682312012,8.670641769015219e-07,0.13853316940367222,0.04029625409748405,0.036852658493444324,8.13350970929605e-06,328.4452587785087
radial,60,1.7585137134624853,0.4320000112056732,0.012661298736929893,1020.1839370727539,8.663935560093705e-07,0.1385722178965807,0.04027006519027054,0.03683202766114846,8.123173756757751e-06,328.22978058055554
radial,60,1.7722935364064243,0.4320000112056732,0.012760513462126255,1019.6975250244141,8.657153109936644e-07,0.1386119555681944,0.04024341865442693,0.03681103541748598,8.112681427974167e-06,328.01050359409015
radial,60,1.786206460868319,0.4320000112056732,0.012860686518251896,1019.2025260925293,8.650294063272668e-07,0.13865238055586815,0.04021630482748151,0.036789676698390394,8.102030960799311e-06,327.7873167442977
radial,60,1.8002536510013871,0.4320000112056732,0.012961826287209988,1018.698844909668,8.643358988535965e-07,0.13869351986795664,0.04018871719017625,0.036767941841389984,8.0912205930872e-06,327.56019477809
radial,60,1.8144366590099203,0.4320000112056732,0.013063943944871426,1018.1863021850586,8.636347104129527e-07,0.1387353679165244,0.04016064334427938,0.03674582706298679,8.080248392161593e-06,327.32900534478927
radial,60,1.8287567783974938,0.4320000112056732,0.013167048804461956,1017.6647567749023,8.629259262704636e-07,0.1387779489159584,0.040132079331669956,0.036723323981277645,8.06911180006864e-06,327.09374125745705
radial,60,1.8432149146166112,0.4320000112056732,0.013271147385239601,1017.1339683532715,8.622097240618132e-07,0.1388212786987424,0.04010301339440048,0.03670042485464364,8.057810077843897e-06,326.85427604777675
radial,60,1.8578130079226363,0.4320000112056732,0.01337625365704298,1016.593822479248,8.614870736778357e-07,0.1388653703033924,0.040073433599900454,0.036677123978734016,8.04634584028463e-06,326.61074794782553
radial,60,1.8725519637680716,0.4320000112056732,0.013482374139130116,1016.043830871582,8.607595809451141e-07,0.1389102516695857,0.04004332481417805,0.03665340808220208,8.034724487515632e-06,326.36314816711626
radial,60,1.8874334637075663,0.4320000112056732,0.013589520938694477,1015.4839248657227,8.600280381187986e-07,0.13895593862980604,0.040012673183809966,0.03662926924880594,8.022947611152631e-06,326.1115801466089
radial,60,1.9024585425439808,0.4320000112056732,0.013697701506316662,1014.9138565063477,8.592919904515384e-07,0.13900244422256947,0.03998147533275187,0.03660470055183396,8.011010663722118e-06,325.85582204115207
radial,60,1.9176287524816062,0.4320000112056732,0.013806927017867565,1014.3335647583008,8.585508552982901e-07,0.13904976565390825,0.039949722471646965,0.03657969739288092,7.998908984063746e-06,325.5957173272778
radial,60,1.932945516374376,0.4320000112056732,0.013917207717895508,1013.7429656982422,8.578044905505067e-07,0.1390979392454028,0.039917404763400555,0.036554253252688795,7.986639502632897e-06,325.33122179119914
radial,60,1.948410127725866,0.4320000112056732,0.014028552919626236,1013.1417541503906,8.570528891027607e-07,0.13914695102721453,0.03988451714394614,0.03652836004039273,7.974199490945466e-06,325.06213312138743
radial,60,1.964024268090725,0.4320000112056732,0.01414097473025322,1012.5298690795898,8.562960331914837e-07,0.1391968373209238,0.039851045759860426,0.03650200931588188,7.961587186855468e-06,324.78843138528254
radial,60,1.9797892309725285,0.4320000112056732,0.014254482463002205,1011.907112121582,8.555340258453725e-07,0.13924759440124035,0.03981698380084708,0.036475194443482906,7.948800828216918e-06,324.51000119774505
radial,60,1.9957065685755677,0.4320000112056732,0.014369087293744087,1011.2733116149902,8.547670233838289e-07,0.13929924555122852,0.03978231915971264,0.0364479060517624,7.93583768654571e-06,324.2267879647531
radial,60,2.0117773157027035,0.4320000112056732,0.014484796673059464,1010.6282424926758,8.539950684394171e-07,0.13935180846601725,0.03974704386200756,0.036420138902030885,7.922696852347144e-06,323.93864974534506
radial,60,2.0280036713100142,0.4320000112056732,0.014601626433432102,1009.9717330932617,8.532183279896799e-07,0.1394052943214774,0.0397111467900686,0.03639188135275617,7.909375938197627e-06,323.6454681027365
radial,60,2.0443865408500037,0.4320000112056732,0.014719583094120026,1009.3035697937012,8.524371253315621e-07,0.13945971615612507,0.03967461746651679,0.036363128456287086,7.895874148289295e-06,323.3472176775054
radial,60,2.0609278645780353,0.4320000112056732,0.014838680624961853,1008.6235084533691,8.516524658830349e-07,0.13951509725302458,0.039637442387174815,0.03633386769797653,7.882193642672064e-06,323.04387180307407
radial,60,2.07762867729697,0.4320000112056732,0.014958926476538181,1007.9312171936035,8.508657280970056e-07,0.13957145903259516,0.039599604671821,0.036304089648183435,7.868337888794485e-06,322.7354717515667
radial,60,2.0944910486125283,0.4320000112056732,0.015080335550010204,1007.2265281677246,8.500778498898853e-07,0.13962882477790117,0.03956109343562275,0.03627378650708124,7.854308421428868e-06,322.4220287269466
radial,60,2.11151614267793,0.4320000112056732,0.015202916227281094,1006.5091781616211,8.492891687694737e-07,0.1396872103214264,0.03952189686242491,0.03624294570181519,7.840104444767348e-06,322.1033789245428
radial,60,2.1287058997485375,0.4320000112056732,0.015326682478189468,1005.7790336608887,8.484994964419457e-07,0.1397466203197837,0.039482008665800095,0.036211561877280474,7.825722661891632e-06,321.77940908551335
radial,60,2.146061354627212,0.4320000112056732,0.015451641753315926,1005.0358963012695,8.477088400127286e-07,0.13980707339942455,0.03944141516694799,0.036179629038088024,7.811160173787357e-06,321.4499784754288
radial,60,2.1635847062700324,0.4320000112056732,0.015577809885144234,1004.2796173095703,8.469174588299211e-07,0.13986858166754246,0.03940010874066502,0.03614713589195162,7.796415786742728e-06,321.11496410954413
radial,60,2.18127750688129,0.4320000112056732,0.015705198049545288,1003.509952545166,8.461256335579037e-07,0.1399311674758792,0.03935807792004198,0.036114074231591076,7.781488420732785e-06,320.774278256367
radial,60,2.1991407912638454,0.4320000112056732,0.015833813697099686,1002.7267227172852,8.453337834168906e-07,0.13999484293162823,0.039315312227699906,0.03608043602434918,7.766376825202315e-06,320.4278137404615
radial,60,2.217176887724135,0.4320000112056732,0.01596367359161377,1001.929744720459,8.445423702596599e-07,0.14005962014198303,0.03927179827587679,0.03604621166596189,7.751080602247384e-06,320.07549262251973
radial,60,2.235387089765734,0.4320000112056732,0.016094787046313286,1001.1187362670898,8.437517102777292e-07,0.14012552332133055,0.0392275276244618,0.03601139347301796,7.735599012903549e-06,319.7171574867214
radial,60,2.25377320829365,0.4320000112056732,0.01622716709971428,1000.2934341430664,8.429615512284272e-07,0.1401925776153803,0.03918247518595308,0.035975965205579996,7.71992648651576e-06,319.35263249781
radial,60,2.2723370542128882,0.4320000112056732,0.016360826790332794,999.4539222717285,8.421750585796417e-07,0.14026076346635818,0.03913666005246341,0.03593993408139795,7.70407638128745e-06,318.9820996829193
radial,60,2.29108017972774,0.4320000112056732,0.016495777294039726,998.5556564331055,8.411562788523952e-07,0.14033393189311028,0.03908728819806129,0.03590196155710146,7.68713698562351e-06,318.6450622716284
radial,60,2.29108017972774,0.4320000112056732,0.016495777294039726,998.5556640625,8.41156314379532e-07,0.14033394027501345,0.03908728779060766,0.03590196161530912,7.687137212997186e-06,318.64505269142717
radial,60,2.310004137042496,0.4320000112056732,0.01663202978670597,997.5668296813965,8.397531416903803e-07,0.14041485451161861,0.03903240797808394,0.03586113714845851,7.668533669402677e-06,318.36969548183913
radial,60,2.329111254463593,0.4320000112056732,0.01676960103213787,996.531681060791,8.382060805445235e-07,0.1404996793717146,0.0389747946173884,0.03581879835110158,7.649223050520959e-06,318.11750512126264
radial,60,2.3484025667938924,0.4320000112056732,0.016908498480916023,995.4615516662598,8.365716510638777e-07,0.14058743510395288,0.03891514433780685,0.03577525622677058,7.629394701780257e-06,317.8772931180526
radial,60,2.3678804023398294,0.4320000112056732,0.01704873889684677,994.3556671142578,8.348484392683986e-07,0.1406781952828169,0.03885341458953917,0.03573048167163506,7.609031285937817e-06,317.64928983095103
radial,60,2.387546313305696,0.4320000112056732,0.01719033345580101,993.210880279541,8.329971059595209e-07,0.14077226724475622,0.038789400656241924,0.03568432689644396,7.588050493723131e-06,317.43451290758065
radial,60,2.407402369297213,0.4320000112056732,0.017333297058939934,992.0241584777832,8.31004872026142e-07,0.1408698633313179,0.038722935307305306,0.035636667627841234,7.566345459508739e-06,317.23314570822436
radial,60,2.427450122518672,0.4320000112056732,0.017477640882134438,990.8152236938477,8.289960184981737e-07,0.14096919726580381,0.03865525888977572,0.03558809484820813,7.544282880189712e-06,317.02719411446884
radial,60,2.4476913838750787,0.4320000112056732,0.017623377963900566,989.5843887329102,8.269732276744435e-07,0.1410702308639884,0.03858638822566718,0.035538612806703895,7.521864574755455e-06,316.81595554032685
radial,60,2.4681282229721546,0.4320000112056732,0.017770523205399513,988.3317642211914,8.249404608307032e-07,0.14117296785116196,0.038516331114806235,0.03548822982702404,7.499113877429409e-06,316.59924580952196
radial,60,2.488762450714906,0.4320000112056732,0.017919089645147324,987.0563583374023,8.228964496481694e-07,0.14127746410667896,0.03844502923311666,0.035436899052001536,7.476013223595146e-06,316.37662764494763
radial,60,2.5095963954097695,0.4320000112056732,0.01806909404695034,985.7569236755371,8.208370836371159e-07,0.1413838006556034,0.03837240766733885,0.03538454644149169,7.452523789197585e-06,316.1472325659342
radial,60,2.5306310918596058,0.4320000112056732,0.01822054386138916,984.4334335327148,8.187643132373523e-07,0.1414919886738062,0.03829846845474094,0.03533118043560535,7.428655635521864e-06,315.9112438369579
radial,60,2.551868868370851,0.4320000112056732,0.018373455852270126,983.0865936279297,8.166845120172184e-07,0.14160200953483582,0.038223252282477915,0.035276846028864384,7.404451821457769e-06,315.66961616103646
radial,60,2.573312053249942,0.4320000112056732,0.018527846783399582,981.7151184082031,8.145969516704099e-07,0.14171393774449825,0.03814669908024371,0.03522149898344651,7.3798996425011865e-06,315.4218894157257
radial,60,2.5949627161026,0.4320000112056732,0.01868373155593872,980.3168716430664,8.124951591526042e-07,0.14182791765779257,0.03806867828825489,0.035165024164598435,7.354937594072908e-06,315.1672787696443
radial,60,2.616821891731686,0.4320000112056732,0.01884111762046814,978.8903427124023,8.103772799472608e-07,0.1419440656900406,0.037989108357578516,0.03510736837051809,7.32953787974111e-06,314.90614802573594
radial,60,2.638892684545782,0.4320000112056732,0.01900002732872963,977.4358596801758,8.082470941417341e-07,0.1420623892918229,0.03790801245486364,0.03504855919163674,7.303726818008727e-06,314.6395035370265
radial,60,2.6611766467491784,0.4320000112056732,0.019160471856594086,975.9544830322266,8.061074936449586e-07,0.14218280650675297,0.03782545600552112,0.034988643834367394,7.27753916862639e-06,314.3672000927267
radial,60,2.6836755892468824,0.4320000112056732,0.019322464242577553,974.4469337463379,8.039588550445842e-07,0.142305264249444,0.03774147800868377,0.03492763399844989,7.250990194052065e-06,314.088363306707
radial,60,2.7063918403453298,0.4320000112056732,0.019486021250486374,972.9133491516113,8.018028623268947e-07,0.14242973923683167,0.03765608498360962,0.034865527297370136,7.224092854585251e-06,313.8022027670311
radial,60,2.7293277283509574,0.4320000112056732,0.019651159644126892,971.3538208007812,7.996429296497354e-07,0.14255622401833534,0.037569292180705816,0.03480233054142445,7.196870143388878e-06,313.5083100353285
radial,60,2.7524850641687713,0.4320000112056732,0.019817892462015152,969.7684478759766,7.974817393119338e-07,0.14268471486866474,0.037481096573174,0.03473804675741121,7.169337038703816e-06,313.2064952705313
radial,60,2.775866176105208,0.4320000112056732,0.019986236467957497,968.1569671630859,7.953203500221662e-07,0.14281523413956165,0.03739148948807269,0.03467266552615911,7.141498940654856e-06,312.89654292028405
radial,60,2.7994728750652738,0.4320000112056732,0.02015620470046997,966.5190277099609,7.931594900867367e-07,0.14294779859483242,0.03730045387055725,0.03460616967640817,7.113358492460975e-06,312.57820172823307
radial,60,2.8233080067568355,0.4320000112056732,0.020327817648649216,964.854320526123,7.909999659716505e-07,0.14308244362473488,0.03720797208370641,0.03453854890540242,7.084918962618758e-06,312.2513095631009
radial,60,2.8473731233841844,0.4320000112056732,0.020501086488366127,963.1624755859375,7.888426694080408e-07,0.14321919158101082,0.037114028295036405,0.03446978464489803,7.056184813336586e-06,311.91562154906967
radial,60,2.8716705532537565,0.4320000112056732,0.020676027983427048,961.4432830810547,7.86688527654178e-07,0.14335805736482143,0.037018605158664286,0.03439986502053216,7.027161473160959e-06,311.5709375704562
radial,60,2.8962031420734196,0.4320000112056732,0.02085266262292862,959.696361541748,7.845385887605971e-07,0.14349907636642456,0.036921686376444995,0.03432877303566784,6.997854200108122e-06,311.21701521254454
radial,60,2.9209721833467484,0.4320000112056732,0.021030999720096588,957.9213485717773,7.823938545925557e-07,0.14364226255565882,0.03682325698900968,0.03425649687414989,6.9682693606409885e-06,310.85359084990165
radial,60,2.9459807814823256,0.4320000112056732,0.021211061626672745,956.1180114746094,7.802554264912942e-07,0.14378764294087887,0.0367233008146286,0.03418302058707923,6.9384123833060585e-06,310.4804631566241
radial,60,2.9712310060858727,0.4320000112056732,0.021392863243818283,954.2859840393066,7.781242779003605e-07,0.14393523894250393,0.03662180120591074,0.03410832956433296,6.908289833518211e-06,310.0973615524166
radial,60,2.9967249267631106,0.4320000112056732,0.021576419472694397,952.4249687194824,7.760015918734098e-07,0.14408508129417896,0.03651873907074332,0.03403241035994142,6.877908276692324e-06,309.7040770083222
radial,60,3.0224651305211916,0.4320000112056732,0.02176174893975258,950.5345993041992,7.738885123842465e-07,0.1442371904850006,0.03641410020645708,0.033955246675759554,6.8472751024728495e-06,309.3003094911423
radial,60,3.0484539456665516,0.4320000112056732,0.02194886840879917,948.614631652832,7.717862544609488e-07,0.14439158327877522,0.03630786843132228,0.03387682500761002,6.816397331022017e-06,308.885832161794
radial,60,3.0746942179070578,0.4320000112056732,0.022137798368930817,946.6647262573242,7.696959691827487e-07,0.14454829413443804,0.03620002971729264,0.033797130396123976,6.785282891996758e-06,308.4603802909836
radial,60,3.1011874994470014,0.4320000112056732,0.02232854999601841,944.6845092773438,7.676189142102885e-07,0.1447073370218277,0.03609056491404772,0.03371614951174706,6.7539393739934894e-06,308.0236586162058
radial,60,3.127936635994249,0.4320000112056732,0.022521143779158592,942.6738052368164,7.655563933894882e-07,0.14486873522400856,0.035979457781650126,0.03363386489218101,6.722375019307947e-06,307.57551591361
radial,60,3.1549444732566676,0.4320000112056732,0.022715600207448006,940.6321868896484,7.635096324065671e-07,0.1450325194746256,0.03586669295327738,0.033550264430232346,6.690598866043729e-06,307.11553065649366
radial,60,3.1822130808399782,0.4320000112056732,0.022911934182047844,938.5594139099121,7.614800274780009e-07,0.1451987149193883,0.035752256168052554,0.033465334912762046,6.658619611243921e-06,306.6434970233115
radial,60,3.209744787050618,0.4320000112056732,0.02311016246676445,936.4551239013672,7.594689854784065e-07,0.14536732621490955,0.035636132350191474,0.033379059575963765,6.626446975133149e-06,306.1591071600356
radial,60,3.237542954997884,0.4320000112056732,0.023310309275984764,934.319091796875,7.574777960428491e-07,0.1455383813008666,0.03551830258220434,0.033291424333583564,6.59409005265843e-06,305.66213344444685
radial,60,3.265609136886067,0.4320000112056732,0.02351238578557968,932.1509552001953,7.555079477583604e-07,0.14571191743016243,0.03539875493152067,0.03320241754408926,6.561558706152937e-06,305.1522567618902
radial,60,3.2939466958244643,0.4320000112056732,0.023716416209936142,929.9504280090332,7.535609150011169e-07,0.1458879355341196,0.03527747152838856,0.03311202267650515,6.528863536914287e-06,304.6291487907974
radial,60,3.3225579601195125,0.4320000112056732,0.02392241731286049,927.7172775268555,7.516381828054364e-07,0.14606647565960884,0.035154440673068166,0.0330202272743918,6.4960156294091576e-06,304.0925534067456
radial,60,3.351445516778363,0.4320000112056732,0.024130407720804214,925.4512176513672,7.497411900203588e-07,0.14624754339456558,0.03502964798826724,0.03292702016187832,6.463026096525937e-06,303.54215440766245
radial,60,3.3806124702095985,0.4320000112056732,0.02434040978550911,923.1518287658691,7.478714358910565e-07,0.14643117412924767,0.03490307193715125,0.0328323807916604,6.429904232163608e-06,302.9775970294367
radial,60,3.41006089001894,0.4320000112056732,0.024552438408136368,920.8185997009277,7.460301141293257e-07,0.14661740139126778,0.03477468795608729,0.032736285764258355,6.396657852292265e-06,302.3983077033644
radial,60,3.4397938806149697,0.4320000112056732,0.02476651594042778,918.451057434082,7.442185427919412e-07,0.14680627174675465,0.03464447089936584,0.03263871604576707,6.363296137124053e-06,301.8038317662692
radial,60,3.469813770304124,0.4320000112056732,0.02498265914618969,916.0488510131836,7.424380612519599e-07,0.14699781499803066,0.03451239276910201,0.03253964614123106,6.3298282952928275e-06,301.1937217503962
radial,60,3.5001239221956997,0.4320000112056732,0.025200892239809036,913.6107215881348,7.4068913136216e-07,0.14719211868941784,0.034378398675471544,0.032439028727822006,6.29625378678611e-06,300.56685213188797
radial,60,3.5307266645961337,0.4320000112056732,0.025421231985092163,911.135326385498,7.389718668093792e-07,0.14738930575549603,0.03424240933964029,0.03233679960248992,6.262568092552101e-06,299.92193773451237
radial,60,3.5616253606147237,0.4320000112056732,0.02564370259642601,908.6221199035645,7.372876869027323e-07,0.1475894171744585,0.034104398218914866,0.0322329347836785,6.228780137007561e-06,299.2584109485257
radial,60,3.5928220798571906,0.4320000112056732,0.02586831897497177,906.0706558227539,7.356382205614409e-07,0.1477924920618534,0.033964337198995054,0.032127408718224615,6.194903619416436e-06,298.5757678901519
radial,60,3.6243201854328317,0.4320000112056732,0.026095105335116386,903.4797630310059,7.340242440534439e-07,0.1479986123740673,0.03382216877071187,0.03202017687726766,6.160941296684541e-06,297.8728431223172
radial,60,3.656122523049514,0.4320000112056732,0.026324082165956497,900.8486557006836,7.324468018765629e-07,0.1482078619301319,0.03367784555302933,0.03191119362600148,6.126898995262309e-06,297.14885323233983
radial,60,3.688232197115819,0.4320000112056732,0.026555271819233894,898.1769714355469,7.30907583346152e-07,0.14842026308178902,0.033531343506183475,0.03180044237524271,6.092789988088043e-06,296.40332112784114
radial,60,3.720652570741044,0.4320000112056732,0.026788698509335518,895.4645233154297,7.294087005504934e-07,0.14863583259284496,0.03338265686761588,0.031687914044596255,6.058632919803131e-06,295.6359259073665
radial,60,3.7533851961294813,0.4320000112056732,0.027024373412132263,892.7115211486816,7.279526208492371e-07,0.1488545536994934,0.03323179774452001,0.0315736155025661,6.024450641461954e-06,294.8467331235159
radial,60,3.7864347298940024,0.4320000112056732,0.027262330055236816,889.9180870056152,7.265417032442656e-07,0.14907640404999256,0.033078770502470434,0.0314575502416119,5.990264725141969e-06,294.03561359739354
radial,60,3.8198029829396143,0.4320000112056732,0.027502581477165222,887.0841751098633,7.251778875172477e-07,0.14930140227079391,0.032923571474384516,0.03133971121860668,5.956093247050376e-06,293.20236695262935
radial,60,3.8534938357770443,0.4320000112056732,0.02774515561759472,884.209587097168,7.238633052963905e-07,0.14952954836189747,0.03276619187090546,0.031220092088915408,5.921954169707533e-06,292.34668739608634
radial,60,3.8875098754134445,0.4320000112056732,0.0279900711029768,881.294376373291,7.226000615645489e-07,0.14976084977388382,0.032606637745629996,0.031098693667445332,5.887868297804744e-06,291.4684214323508
radial,60,3.921854723658827,0.4320000112056732,0.02823735401034355,878.3386688232422,7.213903927549836e-07,0.14999527297914028,0.03244491253281012,0.030975516070611775,5.8538558675991226e-06,290.567462497011
radial,60,3.956530967520343,0.4320000112056732,0.02848702296614647,875.34228515625,7.202362173330812e-07,0.15023285895586014,0.03228100773412734,0.030850551964249462,5.819935694262313e-06,289.6434840734862
radial,60,3.991542487508721,0.4320000112056732,0.02873910591006279,872.3052253723145,7.191396420580531e-07,0.150473577901721,0.0321149259689264,0.030723799543920904,5.78612741719553e-06,288.69627597117966
radial,60,4.026892129331827,0.4320000112056732,0.028993623331189156,869.2276000976562,7.18102707963908e-07,0.15071744471788406,0.03194666816852987,0.03059526113793254,5.7524511305473425e-06,287.7257169548976
radial,60,4.062583514799674,0.4320000112056732,0.029250601306557655,866.1090927124023,7.171271008132862e-07,0.15096447244286537,0.03177622257499024,0.03046492167050019,5.7189230062704155e-06,286.7313816401963
radial,60,4.0986192309194145,0.4320000112056732,0.02951005846261978,862.9492950439453,7.162142789951531e-07,0.15121468156576157,0.03160356834996492,0.03033276373753324,5.685556942580661e-06,285.7126841336031
radial,60,4.13500341690249,0.4320000112056732,0.029772024601697922,859.7482490539551,7.153663421632928e-07,0.15146808326244354,0.03142870438750833,0.030198784137610346,5.652373516795706e-06,284.66939809862504
radial,60,4.171738659756051,0.4320000112056732,0.03003651835024357,856.5062866210938,7.145856280033058e-07,0.15172464586794376,0.03125165245728567,0.03006299934349954,5.619398478984294e-06,283.6016624925414
radial,60,4.208828839990828,0.4320000112056732,0.03030356764793396,853.2236518859863,7.138743285395321e-07,0.15198433585464954,0.03107242612168193,0.02992541919229552,5.5866547938876465e-06,282.50943774147765
radial,60,4.246277838117547,0.4320000112056732,0.030573200434446335,849.900218963623,7.132339518989284e-07,0.15224716998636723,0.03089101705700159,0.029786032042466104,5.554158775566975e-06,281.3923945166961
radial,60,4.284087982442644,0.4320000112056732,0.030845433473587036,846.5348739624023,7.126650700683967e-07,0.15251323953270912,0.030707364960107952,0.02964479138609022,5.521915340978012e-06,280.249339287644
radial,60,4.322263412177563,0.4320000112056732,0.03112029656767845,843.1263198852539,7.121679637123179e-07,0.15278265438973904,0.030521401145961136,0.029501636745408177,5.489927957569307e-06,279.07893023520023
radial,60,4.360807749132316,0.4320000112056732,0.03139781579375267,839.6747016906738,7.117446774174141e-07,0.15305539593100548,0.030333134636748582,0.02935657778289169,5.458218936382764e-06,277.88103972590307
radial,60,4.399724097715484,0.4320000112056732,0.03167801350355148,836.1812629699707,7.113981439488271e-07,0.15333134680986404,0.030142631847411394,0.029209662054199725,5.426823406651238e-06,276.6564739100561
radial,60,4.439016597138511,0.4320000112056732,0.03196091949939728,832.6466751098633,7.111305571072535e-07,0.15361047722399235,0.029949927353300154,0.029060919594485313,5.395768397420397e-06,275.4056179915679
radial,60,4.478688869211409,0.4320000112056732,0.032246559858322144,829.0703735351562,7.109427553331216e-07,0.15389282628893852,0.02975499094463885,0.028910320426803082,5.365065163687177e-06,274.12776095899835
radial,60,4.51874401834276,0.4320000112056732,0.03253495693206787,825.4516067504883,7.108354207474576e-07,0.15417844615876675,0.029557778616435826,0.028757829684764147,5.3347225161815e-06,272.8219557392077
radial,60,4.559186183744007,0.4320000112056732,0.03282614052295685,821.7899322509766,7.108094983721003e-07,0.15446738339960575,0.029358267376665026,0.028603430022485554,5.30475580262646e-06,271.48760073416327
radial,60,4.600018469823731,0.4320000112056732,0.033120132982730865,818.085319519043,7.108662352095507e-07,0.15475963428616524,0.029156455071642995,0.028447113989386708,5.275181791830619e-06,270.12438336743844
radial,60,4.641246050596237,0.4320000112056732,0.03341697156429291,814.3386497497559,7.110076314376101e-07,0.1550551224499941,0.02895239123608917,0.02828892134130001,5.246028479177767e-06,268.73283588308425
radial,60,4.682870995667246,0.4320000112056732,0.03371667116880417,810.5508232116699,7.112353763716328e-07,0.15535378642380238,0.028746119409333915,0.028128886769991368,5.2173214726281e-06,267.31350863359535
radial,60,4.724898996452491,0.4320000112056732,0.03401927277445793,806.7215042114258,7.115501379217903e-07,0.15565564297139645,0.028537625330500305,0.02796699618920684,5.189073391420607e-06,265.8658974851115
radial,60,4.767332639959124,0.4320000112056732,0.03432479500770569,802.8507423400879,7.119526994614489e-07,0.1559606920927763,0.028326904634013772,0.027803245349787176,5.1613002653994045e-06,264.38973059620963
radial,60,4.810176065398587,0.4320000112056732,0.03463326767086983,798.9387969970703,7.124440806194343e-07,0.1562689170241356,0.0281139716389589,0.027637646009679884,5.134021392905197e-06,262.8850040014648
radial,60,4.853433411982325,0.4320000112056732,0.034944720566272736,794.9862403869629,7.130253418807797e-07,0.15658026933670044,0.027898854517843574,0.027470217552036047,5.107258175485185e-06,261.3519578112996
radial,60,4.897108301520348,0.4320000112056732,0.0352591797709465,790.9942932128906,7.136981743371962e-07,0.15689465776085854,0.027681619918439537,0.027301012189127505,5.081038779053415e-06,259.79141357624894
radial,60,4.94120539062553,0.4320000112056732,0.035576678812503815,786.9644775390625,7.144641447354161e-07,0.1572119388729334,0.027462350379209965,0.027130098082125187,5.0553921226992315e-06,258.20453199723147
radial,60,4.985727783706453,0.4320000112056732,0.03589724004268646,782.8976058959961,7.153240044743825e-07,0.15753206983208656,0.02724108670372516,0.02695750503335148,5.030337746347868e-06,256.5917568952127
radial,60,5.030680654777421,0.4320000112056732,0.03622090071439743,778.7939109802246,7.162777073688176e-07,0.15785501152276993,0.02701784099917859,0.026783240027725697,5.005888482401133e-06,254.95307559477354
radial,60,5.076068660451306,0.4320000112056732,0.036547694355249405,774.6523513793945,7.173243012914554e-07,0.1581808626651764,0.026792552846018225,0.026607257314026356,4.9820452829862916e-06,253.28726238157563
radial,60,5.121893870333831,0.4320000112056732,0.03687763586640358,770.4713668823242,7.184623385114719e-07,0.1585097424685955,0.02656514145201072,0.026429489080328494,4.958804908028469e-06,251.5926591532705
radial,60,5.168162493242158,0.4320000112056732,0.037210769951343536,766.2517547607422,7.196923164087821e-07,0.15884158946573734,0.02633564657298848,0.026249965012539178,4.9361866132358045e-06,249.86965400481768
radial,60,5.21487763358487,0.4320000112056732,0.037547118961811066,761.9953422546387,7.210154429060367e-07,0.15917625091969967,0.026104168209712952,0.026068767765536904,4.914220582463713e-06,248.11970186491672
radial,60,5.262043947974841,0.4320000112056732,0.037886716425418854,757.7040328979492,7.224323592680548e-07,0.1595135722309351,0.025870806246530265,0.02588597545400262,4.8929326226243575e-06,246.34419339632564
radial,60,5.309666093024942,0.4320000112056732,0.03822959586977959,753.3797264099121,7.239437938011406e-07,0.1598533969372511,0.025635666796006262,0.025701672246214002,4.872349023798961e-06,244.54466913268837
radial,60,5.357748207946618,0.4320000112056732,0.03857578709721565,749.0240859985352,7.255501159875166e-07,0.1601955946534872,0.025398837809916586,0.025515929446555674,4.852492367035666e-06,242.72235720269686
radial,60,5.406294431951311,0.4320000112056732,0.03892531991004944,744.6384201049805,7.272514395140206e-07,0.16054005548357964,0.025160388613585383,0.0253288010135293,4.8333814390844054e-06,240.87829131316553
radial,60,5.455309939053324,0.4320000112056732,0.03927823156118393,740.2235946655273,7.29048173830904e-07,0.160886712372303,0.02492036286275834,0.025140322104562074,4.81502920024468e-06,239.01293676227826
radial,60,5.504798868464099,0.4320000112056732,0.03963455185294151,735.7796440124512,7.309391598653292e-07,0.16123555973172188,0.02467876102309674,0.024950494000222534,4.7974411927498295e-06,237.12608556751712
radial,60,5.554765876796511,0.4320000112056732,0.039994314312934875,731.3062438964844,7.32921860091551e-07,0.16158664040267467,0.02443556027719751,0.02475929621141404,4.780620599831309e-06,235.21717925259384
radial,60,5.605214585860571,0.4320000112056732,0.040357545018196106,726.804141998291,7.349954973534523e-07,0.16193988360464573,0.024190797586925328,0.02456675755092874,4.764579401239644e-06,233.28662712008213
radial,60,5.656151721874873,0.4320000112056732,0.040724292397499084,722.2742309570312,7.371595822647237e-07,0.1622952353209257,0.023944518412463367,0.024372917658183724,4.749333086806473e-06,231.33496472642014
radial,60,5.707580906649431,0.4320000112056732,0.0410945825278759,717.7166633605957,7.394129539761707e-07,0.16265266574919224,0.023696731019299477,0.024177779618185014,4.7348887477483e-06,229.36208070644227
radial,60,5.759506796797117,0.4320000112056732,0.04146844893693924,713.1328392028809,7.417551177724135e-07,0.163012083619833,0.02344750805059448,0.023981404665391892,4.721262456541808e-06,227.36901001783482
radial,60,5.811934048930804,0.4320000112056732,0.04184592515230179,708.5253829956055,7.441860967460912e-07,0.16337325982749462,0.023196987167466432,0.023783900658600032,4.708479039550184e-06,225.35784944722803
radial,60,5.864867319663366,0.4320000112056732,0.04222704470157623,703.8964538574219,7.467061697852273e-07,0.1637360416352749,0.02294528530910611,0.023585363815072924,4.696559543049261e-06,223.33043693122661
radial,60,5.918312817811966,0.4320000112056732,0.042611852288246155,699.2477912902832,7.49315059778155e-07,0.1641002781689167,0.022692490310873836,0.023385864275041968,4.685522398517605e-06,221.28813087478227
radial,60,5.972273647785187,0.4320000112056732,0.043000370264053345,694.5811004638672,7.52012351057374e-07,0.16446584090590477,0.02243869355879724,0.02318547631148249,4.675384204233524e-06,219.23218139224207
radial,60,6.026756018400192,0.4320000112056732,0.043392643332481384,689.8988189697266,7.547988554179597e-07,0.16483253799378872,0.02218402351718396,0.022984301147516817,4.666170497102939e-06,217.16477107172653
radial,60,6.081765103671286,0.4320000112056732,0.04378870874643326,685.2020721435547,7.576768688011271e-07,0.16520028561353683,0.021928537636995316,0.022782390762586147,4.657906018223912e-06,215.08759451489573
radial,60,6.137305042809911,0.4320000112056732,0.044188596308231354,680.4850730895996,7.606433607421081e-07,0.16556956246495247,0.02167190663749352,0.022579479962587357,4.650560910590684e-06,212.99613002752682
radial,60,6.193381009830369,0.4320000112056732,0.044592343270778656,675.7528305053711,7.636828698309728e-07,0.16594001837074757,0.021414384595118463,0.022375763161107898,4.64410209133348e-06,210.88831128658828
radial,60,6.249999730951257,0.4320000112056732,0.044999998062849045,671.0230827331543,7.668219108580843e-07,0.16631022095680237,0.021156935370527208,0.02217202406609431,4.638726892380873e-06,208.78102317842132
radial,60,6.2828117774592505,0.4320000112056732,0.045236244797706604,668.300666809082,7.686874026191504e-07,0.16652320511639118,0.02100876864278689,0.02205474383663386,4.636195171769941e-06,207.5733107989429
radial,60,6.318450387981203,0.4320000112056732,0.04549284279346466,665.348705291748,7.707355189623399e-07,0.16675410233438015,0.020848119806032628,0.021927553752902895,4.633817255239592e-06,206.26176612820535
radial,60,6.357160810795095,0.4320000112056732,0.045771557837724686,662.1486701965332,7.729761373198585e-07,0.16700446233153343,0.020673919178079814,0.021789586346130818,4.631611588479245e-06,204.83195827728449
radial,60,6.3992064032289715,0.4320000112056732,0.046074286103248596,658.6885070800781,7.754389459435629e-07,0.16727520152926445,0.02048550668405369,0.02164031978463754,4.62973666515154e-06,203.28244039370378
radial,60,6.444874840478103,0.4320000112056732,0.04640309885144234,654.9566383361816,7.781530877437604e-07,0.16756716929376125,0.020282258454244584,0.02147925243480131,4.628366426118191e-06,201.6116020301776
radial,60,6.494478115604983,0.4320000112056732,0.04676024243235588,650.9345855712891,7.8114335444468e-07,0.16788181848824024,0.020063148898771033,0.021305562171619385,4.627641004617544e-06,199.81097800967103
radial,60,6.54835667875078,0.4320000112056732,0.047148168087005615,646.6019401550293,7.844367955200937e-07,0.1682207528501749,0.019827039126539603,0.021118330187164247,4.627725459727117e-06,197.87071895478027
radial,60,6.606876850128174,0.4320000112056732,0.04756951332092285,641.9389801025391,7.880652619363104e-07,0.1685855183750391,0.019572835590224713,0.02091667178319767,4.628828747854641e-06,195.78195219467642
radial,60,6.67044013324711,0.4320000112056732,0.048027168959379196,636.9271507263184,7.920656672766313e-07,0.16897756233811378,0.01929949235636741,0.020699743647128344,4.631213606387519e-06,193.5371505027247
radial,60,6.739480627907647,0.4320000112056732,0.04852426052093506,631.54833984375,7.964804717985885e-07,0.16939831525087357,0.019005985028343275,0.020466712245251983,4.635198699531884e-06,191.12936289678578
radial,60,6.814469686812825,0.4320000112056732,0.04906418174505234,625.784839630127,8.013590733213505e-07,0.16984915547072887,0.018691300501814112,0.020216753357090056,4.641168786179151e-06,188.5521158259362
radial,60,6.895921606984404,0.4320000112056732,0.049650635570287704,619.6198692321777,8.067607302209012e-07,0.1703314185142517,0.01835446309996769,0.01994906913023442,4.6495944943103495e-06,185.79977334242125
radial,60,6.98439104275571,0.4320000112056732,0.05028761550784111,613.0383529663086,8.12757752211013e-07,0.17084631696343422,0.017994576308410615,0.01966292504221201,4.661054106236406e-06,182.86798992552895
radial,60,7.080483353800244,0.4320000112056732,0.050979480147361755,606.0279388427734,8.194392733251732e-07,0.17139485105872154,0.017610871931537986,0.019357684068381786,4.676261553981931e-06,179.75455371806822
radial,60,7.184856674737401,0.4320000112056732,0.05173096805810928,598.5798072814941,8.269169780028562e-07,0.17197775654494762,0.017202754970639944,0.019032846903428435,4.6960968802522984e-06,176.4596841141669
radial,60,7.2982234673367605,0.4320000112056732,0.052547208964824677,590.6898803710938,8.35332849558057e-07,0.1725954469293356,0.016769861831562594,0.018688097246922553,4.721653482420152e-06,172.98682493879525
radial,60,7.421358281539546,0.4320000112056732,0.05343377962708473,582.3601951599121,8.448706205754775e-07,0.17324784956872463,0.016312134510371834,0.018323363561648875,4.754296323739027e-06,169.34331264077832
radial,60,7.555103446874353,0.4320000112056732,0.054396744817495346,573.6011352539062,8.557702693146041e-07,0.17393429577350616,0.015829938696697354,0.01793890935368836,4.7957330551184896e-06,165.5417537601078
radial,60,7.700373729070028,0.4320000112056732,0.0554426908493042,564.4340705871582,8.683456682589963e-07,0.17465325817465782,0.015324206877266988,0.017535454127937555,4.848091986531244e-06,161.60138044580086
radial,60,7.8581620214713945,0.4320000112056732,0.05657876655459404,554.8918151855469,8.830039228691078e-07,0.17540237680077553,0.01479646674124524,0.01711419620551169,4.9139886328930515e-06,157.54700124744917
radial,60,8.029546071257856,0.4320000112056732,0.057812731713056564,545.0194396972656,9.002626231158217e-07,0.17617838643491268,0.014248866849811748,0.01667682535480708,4.996548657487665e-06,153.40702843406729
radial,60,8.215697275267708,0.4320000112056732,0.05915302038192749,534.878303527832,9.207520905718525e-07,0.17697676829993725,0.013684412348084152,0.016225719067733735,5.099317093026912e-06,149.2144058885789
radial,60,8.417889475822449,0.4320000112056732,0.06060880422592163,524.5514183044434,9.451654907621787e-07,0.17779137380421162,0.013107283681165427,0.01576418714830652,5.225802162556192e-06,145.00615687526587
radial,60,8.637504652142525,0.4320000112056732,0.06219003349542618,514.1491622924805,9.741305813104617e-07,0.17861385829746723,0.01252319139894098,0.015296756464522332,5.378549129630983e-06,140.82515609571658
radial,60,8.876043268375927,0.4320000112056732,0.06390751153230667,503.7990303039551,1.0079646153293709e-06,0.1794345024973154,0.011938873387407511,0.014828751503955573,5.557509819453799e-06,136.70558855509
radial,60,9.135136173831093,0.4320000112056732,0.06577298045158386,493.6430015563965,1.046206164700969e-06,0.18024233356118202,0.01136197498999536,0.014366195246111602,5.757237115489033e-06,132.65069784720393
radial,60,9.416554951005512,0.4320000112056732,0.06779919564723969,483.90570068359375,1.0868965354404736e-06,0.18101938627660275,0.010805152880493551,0.013919108896516263,5.9631961448758375e-06,128.64861947072617
radial,60,9.722221228811476,0.4320000112056732,0.06999999284744263,474.75365447998047,1.1278146624382757e-06,0.18175198510289192,0.010278164962073788,0.013495279650669545,6.159117928561386e-06,124.65793686822799
radial,60,9.902213803595966,0.4320000112056732,0.07129593938589096,469.9702568054199,1.1497091574330653e-06,0.1821355801075697,0.01000138046219945,0.013272335811052471,6.256943012594718e-06,122.42677993784763
radial,60,10.089199576112959,0.4320000112056732,0.0726422369480133,465.43547439575195,1.1703607182833586e-06,0.18249954096972942,0.009738219465361908,0.013060121738817543,6.342761694533294e-06,120.1761819208242
radial,60,10.283450699514812,0.4320000112056732,0.07404084503650665,461.17870330810547,1.1896520222265394e-06,0.18284139223396778,0.009490458760410547,0.012860146118327975,6.41635285170139e-06,117.90734329340616
radial,60,10.485249674982494,0.4320000112056732,0.07549379765987396,457.2138252258301,1.2074268889161743e-06,0.1831596102565527,0.00925922772148624,0.012673378747422248,6.477625261958053e-06,115.62121177735003
radial,60,10.694890386528439,0.4320000112056732,0.07700321078300476,453.5332374572754,1.2237099391576578e-06,0.18345444090664387,0.009044387959875166,0.012499772943556309,6.527769702557862e-06,113.32234939071519
radial,60,10.912674996587965,0.4320000112056732,0.07857125997543335,450.12092208862305,1.2385515544000025e-06,0.1837268713861704,0.008845259435474873,0.012338830099906772,6.568340828572161e-06,111.02046671453374
radial,60,11.138924294047886,0.4320000112056732,0.08020025491714478,446.95683670043945,1.2520098283952397e-06,0.18397834338247776,0.008660849154694006,0.01218978565884754,6.6009909884812146e-06,108.73075075133303
radial,60,11.373965276612177,0.4320000112056732,0.08189254999160767,444.0172538757324,1.2641575735106159e-06,0.184210654348135,0.008489876840030774,0.012051628436893225,6.627329127262271e-06,106.4691213736055
radial,60,11.618139429224863,0.4320000112056732,0.083650603890419,441.2795639038086,1.2750808069117436e-06,0.1844256203621626,0.008331062243087217,0.011923332698643208,6.6487800349790405e-06,104.25191826871198
radial,60,11.871800654464298,0.4320000112056732,0.08547696471214294,438.71102142333984,1.2848726622938234e-06,0.18462585285305977,0.008182532197679393,0.011803386441897601,6.666485339756889e-06,102.0794356371697
radial,60,12.135318376951748,0.4320000112056732,0.08737429231405258,436.2656784057617,1.2936298607046925e-06,0.18481502309441566,0.008041688110097311,0.011689688602928072,6.6812993839704404e-06,99.93132577513617
radial,60,12.409074438942804,0.4320000112056732,0.08934533596038818,433.9190483093262,1.3014513609577172e-06,0.1849951557815075,0.007907112056273036,0.011581085971556604,6.693862188544841e-06,97.80536491575786
radial,60,12.69346930914455,0.4320000112056732,0.09139297902584076,431.6741142272949,1.3084394516194031e-06,0.18516617640852928,0.007778881903504953,0.011477630003355443,6.704668478185738e-06,95.72440777412446
radial,60,12.988915873898401,0.4320000112056732,0.09352019429206848,429.53493881225586,1.314695191059756e-06,0.18532789684832096,0.007657145441044122,0.011379429255612195,6.714097578353062e-06,93.70801417955374
radial,60,13.295840471982956,0.4320000112056732,0.09573005139827728,427.50156021118164,1.320312501856824e-06,0.18548046611249447,0.007541825863881968,0.011286412191111594,6.722434223505047e-06,91.7676528743502
radial,60,13.614693242642614,0.4320000112056732,0.09802579134702682,425.5728340148926,1.3253741891761095e-06,0.18562407046556473,0.0074327896581962705,0.011198463500477374,6.72989338945662e-06,89.91051055549403
radial,60,13.945934673150381,0.4320000112056732,0.10041072964668274,423.7472038269043,1.329949444933698e-06,0.185758950188756,0.007329884727369063,0.011115456116385758,6.736630225656626e-06,88.14098987663787
radial,60,14.290046981639332,0.4320000112056732,0.10288833826780319,422.02259063720703,1.3340941779488302e-06,0.18588532879948616,0.007232939373352565,0.011037246498744935,6.74275700829341e-06,86.46134171146623
radial,60,14.647531012694042,0.4320000112056732,0.1054622232913971,420.3963813781738,1.337856166280793e-06,0.18600348010659218,0.007141756359487772,0.010963672073557973,6.748354817620594e-06,84.87199048509166
radial,60,15.01890520254771,0.4320000112056732,0.1081361174583435,418.8653335571289,1.3412773064505612e-06,0.18611370958387852,0.0070561100146733224,0.010894549021031708,6.753482497234842e-06,83.37193497191892
radial,60,15.404709718293613,0.4320000112056732,0.11091390997171402,417.42565536499023,1.3443934995527318e-06,0.186216339468956,0.006975750642595813,0.010829673614352942,6.758178205279464e-06,81.95908337135971
radial,60,15.805506457885107,0.4320000112056732,0.11379964649677277,416.07314682006836,1.3472370287495594e-06,0.1863117329776287,0.006900413049152121,0.010768829903099686,6.762468914178754e-06,80.63051492513581
radial,60,16.22187594572703,0.4320000112056732,0.11679750680923462,414.8034133911133,1.3498359233941881e-06,0.18640024960041046,0.006829823367297649,0.010711797571275383,6.766381345668648e-06,79.38289505399995
radial,60,16.654425611098606,0.4320000112056732,0.11991186439990997,413.612117767334,1.3522077679777728e-06,0.18648223392665386,0.006763716213754378,0.010658360028173774,6.7699234511664486e-06,78.21255158104204
radial,60,17.103782544533413,0.4320000112056732,0.12314723432064056,412.49503326416016,1.3543749560352564e-06,0.18655802309513092,0.006701834514387883,0.010608308017253876,6.773116979497118e-06,77.11596143592664
radial,60,17.570596602227955,0.4320000112056732,0.12650829553604126,411.44805908203125,1.3563747401947046e-06,0.1866279449313879,0.0066439286165405065,0.010561441071331501,6.776010468056981e-06,76.08975654784372
radial,60,18.055554893281727,0.4320000112056732,0.12999999523162842,410.46538162231445,1.3582012407648524e-06,0.18669243156909943,0.006589662589249201,0.01051748642930761,6.778567565035587e-06,75.12802898871514
radial,60,18.3384513689412,0.4320000112056732,0.13203684985637665,409.9371223449707,1.3591359793773197e-06,0.1867265235632658,0.006560537367477082,0.010493879206478596,6.779816473567735e-06,74.61133733373985
radial,60,18.62622383568022,0.4320000112056732,0.13410881161689758,409.43151092529297,1.360003411390474e-06,0.1867587100714445,0.00653269118629396,0.010471296031028032,6.780934013406181e-06,74.11716371079692
radial,60,18.918953008121914,0.4320000112056732,0.13621646165847778,408.9468803405762,1.3608224852311543e-06,0.18678910844027996,0.0065060209890361875,0.010449655528645962,6.781963383994949e-06,73.64417516937087
radial,60,19.21672580970658,0.4320000112056732,0.1383604258298874,408.482666015625,1.3615831977964953e-06,0.18681776709854603,0.006480494266725145,0.010428930225316435,6.782889667045211e-06,73.19165990238788
radial,60,19.519631233480244,0.4320000112056732,0.14054134488105774,408.03822326660156,1.3622804805968423e-06,0.18684472888708115,0.006456074959714897,0.010409092414192855,6.783707373392289e-06,72.75892375628999
radial,60,19.82775413327747,0.4320000112056732,0.14275982975959778,407.612850189209,1.3629177436443903e-06,0.1868700347840786,0.006432722322642803,0.010390108509454876,6.784424271044642e-06,72.34529359763378
radial,60,20.141185571750004,0.4320000112056732,0.14501653611660004,407.2059326171875,1.3634952889581048e-06,0.18689374066889286,0.006410399786545895,0.010371950105763972,6.785042979018385e-06,71.95014232129533
radial,60,20.46001868115531,0.4320000112056732,0.14731213450431824,406.81690979003906,1.3640140939554516e-06,0.18691586889326572,0.006389075322658755,0.010354590020142496,6.7855651815218465e-06,71.57291291157323
radial,60,20.784344524145126,0.4320000112056732,0.1496472805738449,406.44524002075195,1.3644757423896624e-06,0.18693646043539047,0.006368718080921099,0.010338005144149065,6.785990017466048e-06,71.21307121554192
radial,60,21.114260372188358,0.4320000112056732,0.15202267467975616,406.09046936035156,1.364881631427062e-06,0.1869555450975895,0.00634930090745911,0.010322171670850366,6.786317850671075e-06,70.87012849746299
radial,60,21.44985728793674,0.4320000112056732,0.15443897247314453,405.752140045166,1.3652326195832249e-06,0.18697315081954002,0.006330798220005818,0.01030706922756508,6.7865486299556466e-06,70.54367639001484
radial,60,21.79124082128207,0.4320000112056732,0.1568969339132309,405.4298973083496,1.3655288982929661e-06,0.1869892943650484,0.006313187099294737,0.010292678663972765,6.786686655546603e-06,70.23329068964614
radial,60,22.138502034876083,0.4320000112056732,0.1593972146511078,405.123348236084,1.3657709830486193e-06,0.18700399808585644,0.0062964473909232765,0.010278983507305384,6.78673381160344e-06,69.93861162659024
radial,60,22.491750617822014,0.4320000112056732,0.16194060444831848,404.83220291137695,1.3659594293843567e-06,0.18701727129518986,0.006280560832237825,0.010265968274325132,6.786690168958387e-06,69.65934134948638
radial,60,22.851083841588764,0.4320000112056732,0.1645278036594391,404.556209564209,1.366095280878088e-06,0.18702912330627441,0.006265511561650783,0.010253620683215559,6.786554534343736e-06,69.39521053898545
radial,60,23.216609325673847,0.4320000112056732,0.16715958714485168,404.29511642456055,1.3661791652249108e-06,0.187039565294981,0.006251286846236326,0.010241928801406175,6.7863293540249e-06,69.14598879378649
radial,60,23.58843261996905,0.4320000112056732,0.16983671486377716,404.04875564575195,1.3662107582049574e-06,0.18704859353601933,0.006237875306396745,0.010230883082840592,6.786013189707951e-06,68.91149406564948
radial,60,23.96665927436617,0.4320000112056732,0.1725599467754364,403.81698989868164,1.3661899446584047e-06,0.18705619685351849,0.006225268240086734,0.010220477648545057,6.785606772696795e-06,68.69160324530972
radial,60,24.351409325997036,0.4320000112056732,0.17533014714717865,403.5996971130371,1.3661175922261311e-06,0.18706238828599453,0.0062134592881193385,0.010210705222561955,6.7851080682856946e-06,68.48617278707158
radial,60,24.742784185542,0.4320000112056732,0.1781480461359024,403.3968696594238,1.3659946152843076e-06,0.18706713616847992,0.0062024444923736155,0.010201562603469938,6.784515356184073e-06,68.29517985405703
radial,60,25.140903890132904,0.4320000112056732,0.1810145080089569,403.20842361450195,1.3658215283805248e-06,0.18707044422626495,0.006192221291712485,0.010193047055508941,6.783826000833493e-06,68.11861000045216
radial,60,25.545884337690143,0.4320000112056732,0.18393036723136902,403.03440856933594,1.365599021344317e-06,0.18707226030528545,0.006182789889862761,0.010185158404055983,6.7830359888887415e-06,67.95645445193485
radial,60,25.95784142613411,0.4320000112056732,0.1868964582681656,402.8749008178711,1.3653284166652495e-06,0.18707256950438023,0.006174152571475133,0.010177897464018315,6.782141091954408e-06,67.80883883111888
radial,60,26.37689726220237,0.4320000112056732,0.18991366028785706,402.72997665405273,1.3650114051332214e-06,0.18707131035625935,0.006166313760331832,0.010171267203986645,6.781136067335325e-06,67.67585923656812
radial,60,26.80316981342104,0.4320000112056732,0.19298282265663147,402.5997848510742,1.3646492313419146e-06,0.18706843815743923,0.006159280412248336,0.010165271873120219,6.7800142109497585e-06,67.55770789339748
radial,60,27.236793604162006,0.4320000112056732,0.19610491394996643,402.4845314025879,1.364244922443516e-06,0.187063904479146,0.006153062175144441,0.010159918339923024,6.7787644356664956e-06,67.4546012262449
radial,60,27.677884532345665,0.4320000112056732,0.1992807686328888,402.384464263916,1.36380223492379e-06,0.18705765344202518,0.0061476713890442625,0.010155215859413147,6.77737292165137e-06,67.36682374841793
radial,60,28.12657505273819,0.4320000112056732,0.20251134037971497,402.29993438720703,1.3633305088799565e-06,0.18704977445304394,0.006143126607639715,0.01015118247596547,6.775846077555769e-06,67.29461861947915
radial,60,28.582999689711464,0.4320000112056732,0.20579759776592255,402.23128509521484,1.3628385998392524e-06,0.18704015761613846,0.006139443925349042,0.010147829831112176,6.7741687330702405e-06,67.23845049672697
radial,60,29.047284689214496,0.4320000112056732,0.20914044976234436,402.17676544189453,1.3621645341068563e-06,0.18702386692166328,0.0061365345609374344,0.01014494732953608,6.771488452961272e-06,67.20038543236909
radial,60,29.519574923647774,0.4320000112056732,0.21254093945026398,402.1325454711914,1.3609345036666453e-06,0.1869909856468439,0.00613420175795909,0.0101420963765122,6.7660997461471695e-06,67.18388297750043
radial,60,29.999998708566032,0.4320000112056732,0.21599999070167542,387.3797607421875,4.5063874562798876e-07,0.15284576080739498,0.005204981251154095,0.00842925172764808,1.8457876722610678e-06,82.44570614301293
radial,75,0.0,0.5400000214576721,0.0,675.5191497802734,2.6018415699713415e-07,0.16655735112726688,0.019635293574538082,0.020293152949307114,1.4894463555847892e-06,179.93779951453413
radial,75,0.012820513196250735,0.5400000214576721,9.230769501300529e-05,675.518798828125,2.6018500376423503e-07,0.16655737906694412,0.01963527634507045,0.020293140260037035,1.4894499091866464e-06,179.9374952247885
radial,75,0.02564102639250147,0.5400000214576721,0.00018461539002601057,675.5177040100098,2.601875004337728e-07,0.16655744891613722,0.01963522657752037,0.02029310178477317,1.489460897730055e-06,179.93659608590985
radial,75,0.038461536557103194,0.5400000214576721,0.000276923063211143,675.5159225463867,2.601916293532014e-07,0.1665575671941042,0.019635141943581402,0.020293036475777626,1.4894789943653564e-06,179.93506992320198
radial,75,0.05128205278500294,0.5400000214576721,0.00036923078005202115,675.5134086608887,2.601973552174286e-07,0.16655774042010307,0.019635024189483374,0.020292945264372975,1.4895044211371555e-06,179.93296548580068
radial,75,0.064102564970704,0.5400000214576721,0.0004615384677890688,675.5101890563965,2.602046541566594e-07,0.16655795741826296,0.019634872616734356,0.02029282844159752,1.4895371203138552e-06,179.93026310068518
radial,75,0.07692307311420639,0.5400000214576721,0.000553846126422286,675.5062103271484,2.6021355781225e-07,0.16655822563916445,0.01963468559551984,0.020292685134336352,1.489577012847576e-06,179.92695841007662
radial,75,0.08974360146870217,0.5400000214576721,0.0006461539305746555,675.5015296936035,2.6022405241743485e-07,0.16655854135751724,0.01963446580339223,0.020292515924666077,1.4896241848916247e-06,179.92301670467262
radial,75,0.10256410557000588,0.5400000214576721,0.0007384615601040423,675.4961318969727,2.602361454107083e-07,0.1665589027106762,0.01963421219261363,0.02029232040513307,1.4896785192064499e-06,179.918495106764
radial,75,0.11538461775570694,0.5400000214576721,0.00083076924784109,675.489990234375,2.602498070380932e-07,0.16655931435525417,0.01963392284233123,0.020292098459322006,1.4897402236258017e-06,179.91335768140016
radial,75,0.128205129941408,0.5400000214576721,0.0009230769355781376,675.4831352233887,2.6026509281074084e-07,0.16655977442860603,0.0196336010703817,0.02029185014544055,1.4898091924564483e-06,179.9076303431691
radial,75,0.14102563404271173,0.5400000214576721,0.0010153845651075244,675.4755554199219,2.6028195121430286e-07,0.1665602857246995,0.019633244024589658,0.020291576569434255,1.4898853599731865e-06,179.9012906704446
radial,75,0.15384614622841278,0.5400000214576721,0.001107692252844572,675.4672698974609,2.603004242152096e-07,0.1665608435869217,0.01963285350939259,0.02029127604328096,1.489968886048132e-06,179.8943281839849
radial,75,0.16666667458290854,0.5400000214576721,0.0012000000569969416,675.4582023620605,2.6032048372481853e-07,0.16656145174056292,0.019632428884506226,0.020290949963964522,1.4900597253841852e-06,179.8867804362485
radial,75,0.17948720293740433,0.5400000214576721,0.001292307861149311,675.4484939575195,2.603421600522182e-07,0.16656210832297802,0.019631970149930567,0.020290597574785352,1.4901578166970353e-06,179.87864974737968
radial,75,0.19230769895431069,0.5400000214576721,0.001384615432471037,675.4380035400391,2.603654408739331e-07,0.16656281799077988,0.01963147724745795,0.02029021905036643,1.490263163539396e-06,179.86989469545492
radial,75,0.20512821114001176,0.5400000214576721,0.0014769231202080846,675.426815032959,2.603903269671193e-07,0.16656357236206532,0.01963095023529604,0.020289814099669456,1.4903759133488848e-06,179.8605312126876
radial,75,0.21794872332571283,0.5400000214576721,0.0015692308079451323,675.4148864746094,2.604168337638768e-07,0.16656437329947948,0.01963038952089846,0.02028938295552507,1.490496009282083e-06,179.85053606280468
radial,75,0.23076923551141387,0.5400000214576721,0.00166153849568218,675.4022254943848,2.604449342857862e-07,0.16656522639095783,0.019629793125204742,0.020288925035856664,1.4906233580802564e-06,179.8399715817847
radial,75,0.24358974769711494,0.5400000214576721,0.0017538461834192276,675.3888511657715,2.604746780487943e-07,0.16656612697988749,0.019629164424259216,0.02028844185406342,1.490758116062807e-06,179.82880141821988
radial,75,0.256410259882816,0.5400000214576721,0.0018461538711562753,675.3747596740723,2.6050604540195366e-07,0.16656707134097815,0.019628501031547785,0.020287931489292532,1.4909002592489173e-06,179.81701003995428
radial,75,0.2692307882373118,0.5400000214576721,0.0019384616753086448,675.3599243164062,2.6053901014400083e-07,0.16656807996332645,0.019627803354524076,0.020287395629566163,1.4910496535236462e-06,179.80462411367213
radial,75,0.28205126808542347,0.5400000214576721,0.002030769130215049,675.3443984985352,2.6057363711196047e-07,0.1665691239759326,0.019627071218565106,0.020286833925638348,1.4912065315897394e-06,179.7916159435907
radial,75,0.29487179643991923,0.5400000214576721,0.0021230769343674183,675.3280906677246,2.606098918889188e-07,0.16657021827995777,0.01962630555499345,0.020286245446186513,1.4913707842012514e-06,179.7780112221934
radial,75,0.30769229245682556,0.5400000214576721,0.002215384505689144,675.3111000061035,2.6064777913781256e-07,0.16657136473804712,0.019625504733994603,0.020285629958380014,1.4915425090578083e-06,179.76378751879537
radial,75,0.3205128208113213,0.5400000214576721,0.0023076923098415136,675.2933731079102,2.606873117372288e-07,0.16657255683094263,0.019624670560006052,0.02028498862637207,1.4917215622745061e-06,179.7489714377944
radial,75,0.3333333491658171,0.5400000214576721,0.002400000113993883,675.2749176025391,2.607284703692869e-07,0.16657379921525717,0.01962380192708224,0.02028432145016268,1.4919081463560246e-06,179.73353590724673
radial,75,0.34615384518272346,0.5400000214576721,0.002492307685315609,675.255729675293,2.6077129255952514e-07,0.16657508816570044,0.019622899068053812,0.020283628487959504,1.4921021609382024e-06,179.71752202187292
radial,75,0.35897440587480867,0.5400000214576721,0.002584615722298622,675.2358207702637,2.6081580084547085e-07,0.16657643392682076,0.019621961866505444,0.020282908983062953,1.4923035305258736e-06,179.70085558195146
radial,75,0.3717948695541256,0.5400000214576721,0.0026769230607897043,675.2151718139648,2.6086195437091675e-07,0.16657782439142466,0.019620990147814155,0.02028216194594279,1.4925125881859458e-06,179.6835884971148
radial,75,0.38461539790862137,0.5400000214576721,0.002769230864942074,675.193790435791,2.6090980820292486e-07,0.16657926701009274,0.019619985425379127,0.020281389355659485,1.492729190033515e-06,179.66572191418368
radial,75,0.39743589392552775,0.5400000214576721,0.0028615384362637997,675.1717147827148,2.6095931537906125e-07,0.1665807543322444,0.019618944730609655,0.020280590746551752,1.4929532126117806e-06,179.6472595248385
radial,75,0.4102564222800235,0.5400000214576721,0.002953846240416169,675.148868560791,2.610105160893994e-07,0.16658229008316994,0.01961787074105814,0.020279765594750643,1.4931849232624472e-06,179.62816792546033
radial,75,0.4230769182969299,0.5400000214576721,0.003046153811737895,675.1253280639648,2.610634274313739e-07,0.1665838761255145,0.01961676264181733,0.020278914540540427,1.4934241070463372e-06,179.608466354186
radial,75,0.43589744665142566,0.5400000214576721,0.0031384616158902645,675.1010360717773,2.611180122125134e-07,0.1665855087339878,0.019615619909018278,0.020278036186937243,1.4936709371582424e-06,179.58816566244374
radial,75,0.448717942668332,0.5400000214576721,0.0032307691872119904,675.0760231018066,2.611743052938209e-07,0.166587196290493,0.019614442600868642,0.020277132105547935,1.4939253603074576e-06,179.56724113548518
radial,75,0.46153847102282775,0.5400000214576721,0.00332307699136436,675.0502700805664,2.6123229124319636e-07,0.16658892668783665,0.019613230891991407,0.0202762020053342,1.4941874422191859e-06,179.54568879745818
radial,75,0.4743589993773235,0.5400000214576721,0.0034153847955167294,675.0238075256348,2.6129200625391036e-07,0.16659071203321218,0.019611984957009554,0.02027524437289685,1.4944571748998214e-06,179.52355101680416
radial,75,0.4871794953942299,0.5400000214576721,0.003507692366838455,674.9966049194336,2.613534544337881e-07,0.1665925420820713,0.01961070572724566,0.020274261536542326,1.4947344784133065e-06,179.50081000537637
radial,75,0.49999999141113627,0.5400000214576721,0.003599999938160181,674.9686698913574,2.6141660658396404e-07,0.1665944205597043,0.019609391107223928,0.02027325169183314,1.495019574804246e-06,179.47744338480547
radial,75,0.5115740673823489,0.5400000214576721,0.003683333285152912,674.9428215026855,2.6147508602747394e-07,0.16659616213291883,0.019608174625318497,0.02027231815736741,1.4952835396542241e-06,179.45581221429578
radial,75,0.5231481433535615,0.5400000214576721,0.0037666666321456432,674.9163818359375,2.615349967705072e-07,0.16659794561564922,0.01960693037835881,0.02027136116521433,1.4955537608329905e-06,179.4336815141101
radial,75,0.5347222193247743,0.5400000214576721,0.0038499999791383743,674.8893356323242,2.6159630717170756e-07,0.16659976541996002,0.0196056577260606,0.020270383916795254,1.4958302649858979e-06,179.41105711902395
radial,75,0.5415076480454041,0.5400000214576721,0.0038988550659269094,674.873233795166,2.616329172200338e-07,0.1666008522734046,0.01960489887278527,0.020269800967071205,1.4959954093285432e-06,179.39757066681085
radial,75,0.5483620205066271,0.5400000214576721,0.003948206547647715,674.8566932678223,2.616704046776164e-07,0.16660195961594582,0.019604121800512075,0.020269204978831112,1.4961644341227043e-06,179.38373897946153
radial,75,0.5552860804729992,0.5400000214576721,0.003998059779405594,674.8398323059082,2.6170876532560783e-07,0.166603097692132,0.01960332749877125,0.02026859443867579,1.4963375329912765e-06,179.36961586560622
radial,75,0.5622805717090765,0.5400000214576721,0.004048420116305351,674.8225555419922,2.617480732158839e-07,0.16660426184535027,0.01960251381387934,0.02026796934660524,1.4965146624135173e-06,179.35516833659506
radial,75,0.5693460762914684,0.5400000214576721,0.0040992917492985725,674.8048706054688,2.617883426703216e-07,0.16660545114427805,0.019601682608481497,0.02026733150705695,1.4966960888429526e-06,179.34038813301427
radial,75,0.576483434997499,0.5400000214576721,0.004150680731981993,674.7867813110352,2.618295560363748e-07,0.1666066637262702,0.01960083213634789,0.020266677776817232,1.4968817492189146e-06,179.32525877168285
radial,75,0.5836932945789562,0.5400000214576721,0.004202591720968485,674.7683219909668,2.618717764857337e-07,0.16660791356116533,0.01959996239747852,0.020266009669285268,1.497071884237755e-06,179.30979077041007
radial,75,0.5909764958131645,0.5400000214576721,0.004255030769854784,674.749397277832,2.6191502489059104e-07,0.16660919040441513,0.019599071121774614,0.020265326485969126,1.4972664139634162e-06,179.2939746752628
radial,75,0.5983336854519116,0.5400000214576721,0.004308002535253763,674.7300300598145,2.619592909258728e-07,0.16661048587411642,0.01959816156886518,0.02026462700450793,1.497465537347864e-06,179.27777396651743
radial,75,0.6057657042725219,0.5400000214576721,0.0043615130707621574,674.7102584838867,2.62004646200964e-07,0.166611822322011,0.019597231002990156,0.020263911806978285,1.4976694950874503e-06,179.2612195547315
radial,75,0.6132731990267833,0.5400000214576721,0.00441556703299284,674.6900215148926,2.620510746176308e-07,0.16661317832767963,0.019596277619712055,0.02026317926356569,1.4978780624730348e-06,179.2442911217223
radial,75,0.6208571398423778,0.5400000214576721,0.00447017140686512,674.669319152832,2.6209860659598405e-07,0.1666145771741867,0.019595304038375616,0.020262431644368917,1.4980916729356863e-06,179.22695841132878
radial,75,0.6285179794455568,0.5400000214576721,0.004525329452008009,674.6481475830078,2.621473009778441e-07,0.16661599837243557,0.01959430705755949,0.02026166650466621,1.4983103513444007e-06,179.20924235137122
radial,75,0.6362567526391811,0.5400000214576721,0.004581048619002104,674.6264991760254,2.621971412208879e-07,0.16661745496094227,0.019593288481701165,0.020260883669834584,1.4985340630602195e-06,179.19110002113104
radial,75,0.6440741708502173,0.5400000214576721,0.004637334030121565,674.6043548583984,2.622481878322702e-07,0.16661894507706165,0.01959224627353251,0.020260084071196616,1.4987631162810544e-06,179.17258288915443
radial,75,0.6519710748559899,0.5400000214576721,0.004694191738963127,674.5816955566406,2.6230045169217675e-07,0.16662046685814857,0.019591181073337793,0.020259265205822885,1.4989973360357567e-06,179.1536134770542
radial,75,0.6599482407586442,0.5400000214576721,0.004751627333462238,674.5585441589355,2.62353978874863e-07,0.16662203054875135,0.01959009061101824,0.020258428703527898,1.4992372623368055e-06,179.1342413088818
radial,75,0.6680065093355047,0.5400000214576721,0.004809646867215633,674.534854888916,2.6240877815109087e-07,0.16662362217903137,0.019588977040257305,0.020257572119589895,1.4994827202130523e-06,179.11440486574324
radial,75,0.6761466566887167,0.5400000214576721,0.00486825592815876,674.510612487793,2.6246488959991154e-07,0.16662525199353695,0.019587836461141706,0.020256697083823383,1.4997339095046414e-06,179.09413799309613
radial,75,0.6843695235956047,0.5400000214576721,0.004927460569888353,674.4858627319336,2.625223257668452e-07,0.16662691812962294,0.019586670910939574,0.020255801908206195,1.4999909678792278e-06,179.07339527240367
radial,75,0.6926760155086716,0.5400000214576721,0.0049872673116624355,674.4605407714844,2.625811295065006e-07,0.16662862244993448,0.01958548021502793,0.02025488647632301,1.5002540880715287e-06,179.05220425413907
radial,75,0.7010669085300631,0.5400000214576721,0.005047681741416454,674.4346504211426,2.626413275752526e-07,0.16663036309182644,0.019584261463023722,0.02025395043892786,1.5005232540943325e-06,179.03051114501898
radial,75,0.7095431081122823,0.5400000214576721,0.005108710378408432,674.4081687927246,2.627029983548468e-07,0.16663214471191168,0.01958301552804187,0.02025299286469817,1.5007987226312025e-06,179.00833994991993
radial,75,0.7181054550326533,0.5400000214576721,0.005170359276235104,674.3810997009277,2.6276611664322047e-07,0.16663396544754505,0.019581741886213422,0.020252015092410147,1.5010806304616153e-06,178.98568340486193
radial,75,0.7267547900685006,0.5400000214576721,0.005232634488493204,674.3534049987793,2.6283072684929465e-07,0.16663582995533943,0.01958043925696984,0.020251014968380332,1.5013691010423713e-06,178.96249138717064
radial,75,0.735492083347506,0.5400000214576721,0.005295543000102043,674.3251037597656,2.628969054674357e-07,0.16663773078471422,0.019579106476157904,0.02024999150307849,1.5016642533893787e-06,178.93878521103363
radial,75,0.7443181756469939,0.5400000214576721,0.005359090864658356,674.2961502075195,2.6296462485309036e-07,0.16663967538625002,0.019577745464630425,0.02024894586065784,1.5019662251702925e-06,178.9145293773691
radial,75,0.7532339724194672,0.5400000214576721,0.005423284601420164,674.2665672302246,2.6303396905014154e-07,0.16664166748523712,0.019576353195589036,0.020247876876965165,1.5022753689919455e-06,178.88973117604988
radial,75,0.762240443792608,0.5400000214576721,0.005488131195306778,674.2363128662109,2.6310498346671096e-07,0.16664369963109493,0.01957492990186438,0.02024678245652467,1.5025915667266077e-06,178.86438182456874
radial,75,0.7713383658685619,0.5400000214576721,0.005553636234253645,674.205379486084,2.6317768608841163e-07,0.16664578206837177,0.019573474652133882,0.02024566533509642,1.5029151425594023e-06,178.83847811039163
radial,75,0.780528838125368,0.5400000214576721,0.005619807634502649,674.1737594604492,2.6325212265643216e-07,0.1666479054838419,0.019571986980736256,0.020244523009750992,1.5032463016595443e-06,178.81199003237342
radial,75,0.7898127013403509,0.5400000214576721,0.005686651449650526,674.1414337158203,2.6332831115638555e-07,0.1666500847786665,0.01957046566531062,0.020243354490958154,1.5035850786659921e-06,178.78488491751102
radial,75,0.7991908609660135,0.5400000214576721,0.0057541741989552975,674.1083908081055,2.6340630809862375e-07,0.1666523003950715,0.01956891070585698,0.020242160244379193,1.503931751578591e-06,178.75719039017125
radial,75,0.8086644164803956,0.5400000214576721,0.005822383798658848,674.074592590332,2.6348617665483687e-07,0.16665457841008902,0.019567321985960007,0.020240938349161297,1.504286470499494e-06,178.72888827612158
radial,75,0.818234273336,0.5400000214576721,0.005891286768019199,674.0400733947754,2.6356794635695735e-07,0.16665689926594496,0.019565696362406015,0.020239690493326634,1.5046494938886212e-06,178.69992552711304
radial,75,0.8279014016605086,0.5400000214576721,0.005960890091955662,674.0047569274902,2.6365166538866447e-07,0.1666592713445425,0.01956403534859419,0.020238414988853037,1.5050207524680559e-06,178.67031418216533
radial,75,0.8376667069064246,0.5400000214576721,0.006031200289726257,673.9686622619629,2.637373500702367e-07,0.16666170116513968,0.01956233795499429,0.020237111253663898,1.5054007045378626e-06,178.64006489602892
radial,75,0.8475313532269664,0.5400000214576721,0.0061022257432341576,673.931770324707,2.638251027642369e-07,0.16666417475789785,0.019560602493584156,0.020235777599737048,1.505789569478111e-06,178.6091434909969
radial,75,0.8574962460746368,0.5400000214576721,0.006173972971737385,673.8940544128418,2.6391492835564634e-07,0.16666671447455883,0.019558828382287174,0.020234413619618863,1.5061874325539293e-06,178.57750045228195
radial,75,0.8675623555771179,0.5400000214576721,0.006246448960155249,673.8554992675781,2.640069000081624e-07,0.16666930820792913,0.019557014340534806,0.020233021641615778,1.5065943888004085e-06,178.5451730639768
radial,75,0.8777308458876278,0.5400000214576721,0.006319662090390921,673.8160858154297,2.641010633519514e-07,0.1666719550266862,0.01955516019370407,0.02023159700911492,1.5070109036230406e-06,178.51211835994098
radial,75,0.8880027518090274,0.5400000214576721,0.006393619813024998,673.7758102416992,2.641974592432206e-07,0.16667466424405575,0.019553265708964318,0.020230141351930797,1.5074369903445017e-06,178.47831957024144
radial,75,0.898378914118641,0.5400000214576721,0.006468328181654215,673.7346496582031,2.642961598464666e-07,0.16667743120342493,0.019551329838577658,0.020228653505910188,1.5078729989070894e-06,178.44377934200233
radial,75,0.9088606263200443,0.5400000214576721,0.006543796509504318,673.6925582885742,2.643972261129335e-07,0.1666802614927292,0.019549349730368704,0.020227133121807128,1.5083190811893132e-06,178.4084798398442
radial,75,0.9194488585409191,0.5400000214576721,0.0066200317814946175,673.649543762207,2.6450068535410765e-07,0.16668315324932337,0.019547325966414064,0.020225578919053078,1.5087756315423917e-06,178.37234727138068
radial,75,0.9301447102593051,0.5400000214576721,0.006697041913866997,673.6055870056152,2.64606619393426e-07,0.16668610833585262,0.01954525918699801,0.020223990257363766,1.5092426108864743e-06,178.33547362726478
radial,75,0.9409492809532417,0.5400000214576721,0.00677483482286334,673.5606307983398,2.647150887380434e-07,0.16668912582099438,0.019543145317584276,0.020222366554662585,1.5097204961733723e-06,178.2977328832214
radial,75,0.9518637347759472,0.5400000214576721,0.00685341889038682,673.514720916748,2.648261552273823e-07,0.16669221222400665,0.01954098528949544,0.020220706413965672,1.510209497013193e-06,178.25918943333232
radial,75,0.9628890418551035,0.5400000214576721,0.006932801101356745,673.4678001403809,2.6493985749720395e-07,0.16669536754488945,0.019538777240086347,0.02021901070838794,1.5107098851885326e-06,178.21978069560896
radial,75,0.9740264310191076,0.5400000214576721,0.007012990303337574,673.4197959899902,2.6505629446837986e-07,0.16669858898967505,0.019536521867848933,0.02021727745886892,1.511221848993216e-06,178.17948291347324
radial,75,0.9852770664211776,0.5400000214576721,0.007093994878232479,673.370777130127,2.651755283133994e-07,0.16670188680291176,0.019534215913154185,0.020215505734086037,1.5117457135005452e-06,178.13831066217114
radial,75,0.9966419828641746,0.5400000214576721,0.007175822276622057,673.3206748962402,2.6529759744597925e-07,0.1667052498087287,0.019531858910340816,0.020213695359416306,1.5122817220714069e-06,178.09621595223098
radial,75,1.008122473851674,0.5400000214576721,0.007258481811732054,673.2694854736328,2.654226167742024e-07,0.1667086947709322,0.019529451499693096,0.020211844821460545,1.5128302335298827e-06,178.05320080610284
radial,75,1.0197197035368946,0.5400000214576721,0.007341981865465641,673.2171401977539,2.6555063159516834e-07,0.16671221237629652,0.01952699030516669,0.020209954294841737,1.513391536533959e-06,178.00923619384267
radial,75,1.0314346420475178,0.5400000214576721,0.007426329422742128,673.1636734008789,2.656817271740053e-07,0.16671580728143454,0.01952447509393096,0.020208021684084088,1.5139659028662322e-06,177.9642992510489
radial,75,1.043268776912656,0.5400000214576721,0.007511535193771124,673.109016418457,2.658159720114739e-07,0.16671947669237852,0.019521904876455665,0.02020604710560292,1.5145535448013447e-06,177.91836492571164
radial,75,1.0552231429351702,0.5400000214576721,0.0075976066291332245,673.0531616210938,2.6595341506840953e-07,0.1667232308536768,0.019519279128871858,0.020204028522130102,1.5151548788949754e-06,177.87139657862804
radial,75,1.0672990336186357,0.5400000214576721,0.007684553042054176,672.9961013793945,2.660941788024118e-07,0.1667270716279745,0.019516595173627138,0.020201966748572886,1.5157702115686789e-06,177.82343194069998
radial,75,1.0794976777914498,0.5400000214576721,0.007772383280098438,672.9377937316895,2.6623835747141555e-07,0.16673098225146532,0.01951385324355215,0.02019985910737887,1.5163999007583584e-06,177.77437528255822
radial,75,1.0918203689571884,0.5400000214576721,0.007861106656491756,672.8781929016113,2.663859713925021e-07,0.1667349962517619,0.01951105095213279,0.020197705540340394,1.5170442884127056e-06,177.72425575045156
radial,75,1.10426827126907,0.5400000214576721,0.007950731553137302,672.8172874450684,2.665371698906682e-07,0.16673908475786448,0.019508187659084797,0.02019550558179617,1.5177037075986277e-06,177.67302809179367
radial,75,1.1168426782306697,0.5400000214576721,0.008041267283260822,672.7550659179688,2.6669202424223215e-07,0.1667432663962245,0.019505262083839625,0.020193257136270404,1.5183784753958207e-06,177.6206539663858
radial,75,1.1295448833455641,0.5400000214576721,0.008132723160088062,672.6914710998535,2.6685058351905155e-07,0.16674753744155169,0.019502272247336805,0.02019095973810181,1.5190689870436813e-06,177.56716961420926
radial,75,1.1423761801173289,0.5400000214576721,0.008225108496844769,672.6264991760254,2.6701300714915277e-07,0.16675190441310406,0.019499217334669083,0.02018861216492951,1.51977562445893e-06,177.51248200863785
radial,75,1.1553378620495398,0.5400000214576721,0.008318432606756687,672.5601081848145,2.671793665198763e-07,0.16675636544823647,0.01949609676375985,0.020186214009299874,1.5204987766637146e-06,177.4565949658053
radial,75,1.1684313519961305,0.5400000214576721,0.008412705734372139,672.4922790527344,2.67349743454659e-07,0.16676092706620693,0.01949290739139542,0.02018376241903752,1.5212387838303698e-06,177.3994826348788
radial,75,1.1816579434606764,0.5400000214576721,0.00850793719291687,672.4229736328125,2.6752425053011564e-07,0.16676558181643486,0.019489649508614093,0.02018125879112631,1.5219961513324165e-06,177.341124133466
radial,75,1.1950189299467537,0.5400000214576721,0.008604136295616627,672.3521728515625,2.677030067621544e-07,0.16677034460008144,0.0194863211363554,0.0201787002151832,1.5227712140131189e-06,177.2814736020031
radial,75,1.2085157343082957,0.5400000214576721,0.00870131328701973,672.2798385620117,2.678860914206993e-07,0.16677520517259836,0.019482919480651617,0.020176086225546896,1.5235643520128406e-06,177.22053077167797
radial,75,1.222149779399236,0.5400000214576721,0.0087994784116745,672.2059020996094,2.680736405080708e-07,0.1667801719158888,0.019479445298202336,0.020173415541648865,1.5243762216954337e-06,177.15824005119893
radial,75,1.2359223587231505,0.5400000214576721,0.008898640982806683,672.1304016113281,2.6826578169991677e-07,0.16678524762392044,0.0194758950965479,0.020170685835182667,1.5252070069138313e-06,177.0946030388593
radial,75,1.2498348951339722,0.5400000214576721,0.0089988112449646,672.0532379150391,2.684626007054547e-07,0.16679043136537075,0.019472268235404044,0.020167898735962808,1.5260573151820722e-06,177.02956205479015
radial,75,1.2638889408359926,0.5400000214576721,0.009100000374019146,671.9744110107422,2.686642249782878e-07,0.16679572500288486,0.019468562852125615,0.020165051391813904,1.5269275435159102e-06,176.96309640148576
radial,75,1.2800925307803683,0.5400000214576721,0.009216666221618652,671.8824310302734,2.6890024229508924e-07,0.16680191177874804,0.019464240525849164,0.02016172744333744,1.5279450353844481e-06,176.88552744684765
radial,75,1.2962962500751019,0.5400000214576721,0.009333333000540733,671.7892608642578,2.6914004058742336e-07,0.1668081721290946,0.01945986074861139,0.020158360828645527,1.5289778474425475e-06,176.8069343500343
radial,75,1.3124999693698354,0.5400000214576721,0.009449999779462814,671.6949119567871,2.6938367836404353e-07,0.1668145153671503,0.019455425557680428,0.020154951373115182,1.5300259059713994e-06,176.72732499250944
radial,75,1.3219715199536748,0.5400000214576721,0.009518194943666458,671.6392097473145,2.695278672470991e-07,0.16681825555860996,0.019452808483038098,0.020152938610408455,1.5306457852304334e-06,176.6803142135007
radial,75,1.3315346505906847,0.5400000214576721,0.00958704948425293,671.5825538635254,2.696748040431629e-07,0.16682206094264984,0.019450146472081542,0.020150892960373312,1.5312769710007501e-06,176.63251445915753
radial,75,1.3411901373830106,0.5400000214576721,0.009656568989157677,671.524974822998,2.6982457834723306e-07,0.16682593990117311,0.019447438651695848,0.02014881034847349,1.5319199606622647e-06,176.58388860325974
radial,75,1.3509387564327981,0.5400000214576721,0.009726759046316147,671.4663467407227,2.6997724944521906e-07,0.16682987101376057,0.01944468473084271,0.02014669287018478,1.5325748305983211e-06,176.53442071325253
radial,75,1.360781542542908,0.5400000214576721,0.009797627106308937,671.4067535400391,2.70132870960893e-07,0.1668338794261217,0.019441883894614875,0.0201445403508842,1.5332417921953834e-06,176.48410625658346
radial,75,1.3707195305162005,0.5400000214576721,0.009869180619716644,671.3461418151855,2.702915196106659e-07,0.1668379520997405,0.0194390345714055,0.02014235098613426,1.533921225593815e-06,176.43293726795332
radial,75,1.380753367104464,0.5400000214576721,0.009941424243152142,671.2845039367676,2.7045327866126456e-07,0.1668420946225524,0.01943613833282143,0.020140123437158763,1.534613420339781e-06,176.38088900431808
radial,75,1.3908842164609168,0.5400000214576721,0.0100143663585186,671.2218055725098,2.706181637668337e-07,0.16684630699455738,0.019433191453572363,0.020137857762165368,1.53531848390287e-06,176.32793425152573
radial,75,1.4011129840380616,0.5400000214576721,0.010088013485074043,671.1580429077148,2.7078629705190593e-07,0.16685059014707804,0.019430195272434503,0.02013555367011577,1.5360367102701389e-06,176.27405823383998
radial,75,1.4114405752884018,0.5400000214576721,0.010162372142076492,671.093189239502,2.7095771026885984e-07,0.16685495153069496,0.019427146937232465,0.020133210229687393,1.5367684040867857e-06,176.21928147296254
radial,75,1.4218677663140826,0.5400000214576721,0.010237447917461395,671.0271949768066,2.711325016724331e-07,0.16685938462615013,0.01942404732108116,0.02013082691701129,1.537513797167378e-06,176.1635512634143
radial,75,1.4323957212683227,0.5400000214576721,0.010313249193131924,670.9601058959961,2.713107231100409e-07,0.16686389688402414,0.019420894153881818,0.020128401869442314,1.538273179946259e-06,176.10685533182294
radial,75,1.4430254749539826,0.5400000214576721,0.010389783419668674,670.891845703125,2.7149244119506477e-07,0.16686848178505898,0.01941768708638847,0.020125935727264732,1.5390468464104856e-06,176.04918479725922
radial,75,1.4537578034732077,0.5400000214576721,0.010467056185007095,670.8224258422852,2.716777727229669e-07,0.16687314584851265,0.019414424430578947,0.02012342744274065,1.5398351393969278e-06,175.9904869036198
radial,75,1.4645938709792163,0.5400000214576721,0.010545075871050358,670.7518119812012,2.718667519996387e-07,0.16687789000570774,0.019411106943152845,0.02012087608454749,1.5406382409821617e-06,175.9308075187753
radial,75,1.4755344535741541,0.5400000214576721,0.01062384806573391,670.6799659729004,2.72059479500264e-07,0.16688271798193455,0.01940773124806583,0.020118281070608646,1.5414566068017166e-06,175.8700621977896
radial,75,1.486580844761597,0.5400000214576721,0.010703382082283497,670.6069221496582,2.722560359380566e-07,0.16688762605190277,0.019404298858717084,0.020115640538278967,1.542290358536036e-06,175.8082950439116
radial,75,1.4977339499940476,0.5400000214576721,0.010783684439957142,670.5325889587402,2.724565075773455e-07,0.166892621666193,0.019400807505007833,0.020112955302465707,1.5431400477439183e-06,175.7454257001157
radial,75,1.508994804074367,0.5400000214576721,0.010864762589335442,670.4569931030273,2.7266099222877926e-07,0.1668976992368698,0.01939725474221632,0.020110224082600325,1.5440058414029068e-06,175.6814717165846
radial,75,1.5203644418054156,0.5400000214576721,0.010946623980998993,670.3800888061523,2.72869556394717e-07,0.16690286621451378,0.01939364115241915,0.020107444608584046,1.5448880308355228e-06,175.61643487829605
radial,75,1.531843768639697,0.5400000214576721,0.011029275134205818,670.3018455505371,2.730823160934648e-07,0.1669081225991249,0.019389966444578022,0.020104618335608393,1.5457871223034658e-06,175.5502350476192
radial,75,1.5434340780807867,0.5400000214576721,0.011112725362181664,670.2222671508789,2.7329933616204727e-07,0.1669134758412838,0.01938622782472521,0.020101743459235877,1.5467033502858385e-06,175.48288775765914
radial,75,1.5551364049315453,0.5400000214576721,0.011196982115507126,670.1413192749023,2.7352071563235825e-07,0.16691891103982925,0.019382424710784107,0.020098817185498774,1.5476371393319255e-06,175.41436956297505
radial,75,1.5669516546444762,0.5400000214576721,0.011282051913440228,670.0589866638184,2.7374657352030596e-07,0.16692444868385792,0.019378556462470442,0.020095842599403113,1.5485887878696758e-06,175.34466901010177
radial,75,1.5788811207231548,0.5400000214576721,0.011367944069206715,669.9752006530762,2.7397701474196623e-07,0.16693007294088602,0.019374621391762048,0.020092815160751343,1.5495587639691166e-06,175.27371499041354
radial,75,1.5909257086200848,0.5400000214576721,0.01145466510206461,669.8899955749512,2.7421210646583205e-07,0.16693579778075218,0.01937061914941296,0.020089735626243055,1.5505473305310602e-06,175.20157044047642
radial,75,1.6030867118388414,0.5400000214576721,0.011542224325239658,669.8033142089844,2.74452001236547e-07,0.16694162786006927,0.01936654606834054,0.020086603180970997,1.5515550275679857e-06,175.12813515404633
radial,75,1.6153651651822858,0.5400000214576721,0.011630629189312458,669.7151107788086,2.7469676944225085e-07,0.16694755386561155,0.019362402614206076,0.02008341660257429,1.5525821117634564e-06,175.05342288936697
radial,75,1.627762232803636,0.5400000214576721,0.01171988807618618,669.6253890991211,2.7494655863158357e-07,0.16695358883589506,0.019358189369086176,0.020080174261238426,1.5536291613216235e-06,174.9773798380622
radial,75,1.6402790788561106,0.5400000214576721,0.011810009367763996,669.5341377258301,2.7520144596504537e-07,0.16695971507579088,0.01935390173457563,0.020076875924132764,1.5546965217438924e-06,174.9000552282666
radial,75,1.65291673814257,0.5400000214576721,0.011901000514626503,669.4412689208984,2.754616105216101e-07,0.16696596145629883,0.019349541049450636,0.02007352124201134,1.5557845713942697e-06,174.8213565090523
radial,75,1.6656766335169475,0.5400000214576721,0.011992871761322021,669.3468246459961,2.7572712202328375e-07,0.16697230283170938,0.01934510370483622,0.02007010712986812,1.5568938822596579e-06,174.741262616018
radial,75,1.678559799782104,0.5400000214576721,0.012085630558431149,669.2507362365723,2.759981395650257e-07,0.16697876527905464,0.019340590573847294,0.020066633995156735,1.5580248158286736e-06,174.65978332727605
radial,75,1.6915671423905425,0.5400000214576721,0.012179283425211906,669.1529731750488,2.7627476273384133e-07,0.16698533110320568,0.01933599926996976,0.020063101779669523,1.559177962739966e-06,174.57686086200223
radial,75,1.7047003428969119,0.5400000214576721,0.012273842468857765,669.0535163879395,2.7655713930041514e-07,0.16699202172458172,0.019331327406689525,0.020059506874531507,1.5603536427377662e-06,174.49250965257193
radial,75,1.717960306753715,0.5400000214576721,0.012369314208626747,668.952335357666,2.7684540815364755e-07,0.16699882224202156,0.019326575740706176,0.02005585003644228,1.5615523896173045e-06,174.40660094928185
radial,75,1.7313483274645276,0.5400000214576721,0.012465707957744598,668.8493957519531,2.7713968608900075e-07,0.1670057363808155,0.01932174211833626,0.020052130217663944,1.562774769148234e-06,174.31927020231598
radial,75,1.7448658278832834,0.5400000214576721,0.01256303396075964,668.7446899414062,2.7744011799057944e-07,0.16701277624815702,0.01931682339636609,0.020048345788381994,1.5640211987744124e-06,174.23036484096713
radial,75,1.7585137134624853,0.5400000214576721,0.012661298736929893,668.6381568908691,2.777468884884726e-07,0.16701994091272354,0.019311820273287594,0.020044494653120637,1.5652921723230406e-06,174.13991213013233
radial,75,1.772293665756782,0.5400000214576721,0.01276051439344883,668.5297775268555,2.7806008651154457e-07,0.16702722571790218,0.01930673123570159,0.02004057797603309,1.5665882990845148e-06,174.04785450709
radial,75,1.786206460868319,0.5400000214576721,0.012860686518251896,668.419506072998,2.7837991267709583e-07,0.16703464090824127,0.019301552791148424,0.020036591973621398,1.567910220323654e-06,173.9541944824011
radial,75,1.8002537803517449,0.5400000214576721,0.012961827218532562,668.3073463439941,2.787064921072613e-07,0.16704218182712793,0.019296285463497043,0.020032537751831114,1.569258365918813e-06,173.8588929915922
radial,75,1.8144367883602779,0.5400000214576721,0.013063944876194,668.1932411193848,2.7904002508627457e-07,0.16704985685646534,0.01929092698264867,0.020028412342071533,1.5706332590070815e-06,173.7618970357465
radial,75,1.8287569077478516,0.5400000214576721,0.01316704973578453,668.0771484375,2.793806522793929e-07,0.16705766320228577,0.019285475253127515,0.0200242159771733,1.5720356394410828e-06,173.66318784042195
radial,75,1.843215043966969,0.5400000214576721,0.013271148316562176,667.9590454101562,2.797285405531369e-07,0.16706561017781496,0.019279928994365036,0.020019945921376348,1.573466032134263e-06,173.56276359535298
radial,75,1.8578131372729938,0.5400000214576721,0.013376254588365555,667.8388710021973,2.8008389807432366e-07,0.16707369312644005,0.019274286925792694,0.020015602465718985,1.5749250437124829e-06,173.46054893797572
radial,75,1.8725520931184292,0.5400000214576721,0.01348237507045269,667.7166633605957,2.8044688482609104e-07,0.16708191204816103,0.01926854718476534,0.020011183456517756,1.5764133483031628e-06,173.35654628744695
radial,75,1.8874334637075663,0.5400000214576721,0.013589520938694477,667.5923118591309,2.808176738922086e-07,0.16709027905017138,0.019262708781752735,0.02000668697291985,1.57793153210406e-06,173.25071532028332
radial,75,1.9024585425439808,0.5400000214576721,0.013697701506316662,667.4658050537109,2.811964925353294e-07,0.16709878854453564,0.0192567688645795,0.020002112782094628,1.5794803234214783e-06,173.14302298418662
radial,75,1.9176287524816062,0.5400000214576721,0.013806927017867565,667.337100982666,2.815835244973641e-07,0.1671074451878667,0.019250725978054106,0.019997459719888866,1.5810604239163695e-06,173.03342941154187
radial,75,1.932945516374376,0.5400000214576721,0.013917207717895508,667.2061996459961,2.81978986826914e-07,0.16711625922471285,0.019244578783400357,0.019992725690826774,1.5826723398504328e-06,172.92191389405124
radial,75,1.9484102570762238,0.5400000214576721,0.01402855385094881,667.0730094909668,2.823830775877667e-07,0.16712522134184837,0.019238326465710998,0.01998790929792449,1.584317152136805e-06,172.80843827246107
radial,75,1.9640243974410825,0.5400000214576721,0.014140975661575794,666.9375305175781,2.8279603048186885e-07,0.16713433992117643,0.019231965008657426,0.01998300978448242,1.5859953865771104e-06,172.69294526821017
radial,75,1.979789360322886,0.5400000214576721,0.01425448339432478,666.7997055053711,2.832180499012793e-07,0.16714362241327763,0.01922549429582432,0.019978025171440095,1.587707713746056e-06,172.57545729924541
radial,75,1.9957065685755677,0.5400000214576721,0.014369087293744087,666.6594848632812,2.836493908642268e-07,0.16715305484831333,0.01921891194069758,0.019972953654360026,1.5894549560968585e-06,172.4558822862082
radial,75,2.011777445053061,0.5400000214576721,0.014484797604382038,666.5168838500977,2.8409032437615167e-07,0.16716266050934792,0.01921221672091633,0.019967796048149467,1.591238106612991e-06,172.33421110627722
radial,75,2.0280036713100142,0.5400000214576721,0.014601626433432102,666.371826171875,2.8454106992814587e-07,0.16717242635786533,0.019205405609682202,0.019962547812610865,1.5930578500800152e-06,172.21039582021598
radial,75,2.044386799550719,0.5400000214576721,0.014719584956765175,666.2242622375488,2.850018804290144e-07,0.16718236356973648,0.019198478024918586,0.01995720958802849,1.594914982305795e-06,172.08439713741956
radial,75,2.0609278645780353,0.5400000214576721,0.014838680624961853,666.0741691589355,2.854730529744387e-07,0.1671924702823162,0.019191431521903723,0.0199517784640193,1.5968104696284513e-06,171.95621566323433
radial,75,2.0776288066473274,0.5400000214576721,0.014958927407860756,665.9215087890625,2.8595485024318634e-07,0.16720275860279799,0.019184263772331178,0.019946254964452237,1.5987452783861045e-06,171.82576597698062
radial,75,2.0944910486125283,0.5400000214576721,0.015080335550010204,665.7662010192871,2.864475816544143e-07,0.16721322387456894,0.019176973088178784,0.01994063553865999,1.6007200249745779e-06,171.69304037995397
radial,75,2.1115162720282874,0.5400000214576721,0.015202917158603668,665.6082458496094,2.869514874603851e-07,0.16722386982291937,0.019169558654539287,0.019934919546358287,1.6027359555081944e-06,171.55798530218289
radial,75,2.1287058997485375,0.5400000214576721,0.015326682478189468,665.4476051330566,2.8746694480386026e-07,0.1672346917912364,0.019162016629707068,0.019929105532355607,1.6047938613539259e-06,171.4205715429743
radial,75,2.146061613327927,0.5400000214576721,0.015451643615961075,665.2842254638672,2.879942545552794e-07,0.16724570281803608,0.019154345733113587,0.01992319111013785,1.606894903360967e-06,171.28074842621993
radial,75,2.1635849649707475,0.5400000214576721,0.015577811747789383,665.118034362793,2.885337501146168e-07,0.16725690942257643,0.01914654520805925,0.019917176163289696,1.609039880001717e-06,171.13848669276106
radial,75,2.18127750688129,0.5400000214576721,0.015705198049545288,664.9490432739258,2.8908559668305855e-07,0.16726830787956715,0.019138611503876746,0.0199110577814281,1.6112298677484205e-06,170.99372997327225
radial,75,2.1991407912638454,0.5400000214576721,0.015833813697099686,664.7771911621094,2.896507708127771e-07,0.16727989353239536,0.019130543689243495,0.0199048348586075,1.6134666687150911e-06,170.84648241696434
radial,75,2.217176887724135,0.5400000214576721,0.01596367359161377,664.5714797973633,2.901443192371289e-07,0.16729351226240396,0.019120554032269865,0.01989760040305555,1.615645083496986e-06,170.7025505228285
radial,75,2.217176887724135,0.5400000214576721,0.01596367359161377,664.5714569091797,2.901443192371289e-07,0.16729350946843624,0.019120553974062204,0.01989760040305555,1.6156450826088076e-06,170.70254784965155
radial,75,2.235387089765734,0.5400000214576721,0.016094787046313286,664.3109130859375,2.904386067204001e-07,0.16731068212538958,0.01910723384935409,0.019888609705958515,1.6176052026750654e-06,170.56257113222338
radial,75,2.25377320829365,0.5400000214576721,0.01622716709971428,664.0251808166504,2.906136580271834e-07,0.1673296894878149,0.019092289614491165,0.019878726976457983,1.6194667518121264e-06,170.4209697574958
radial,75,2.2723370542128882,0.5400000214576721,0.016360826790332794,663.7348480224609,2.907965745979624e-07,0.16734900884330273,0.019077107892371714,0.019868685340043157,1.621389554173902e-06,170.27718570079173
radial,75,2.29108017972774,0.5400000214576721,0.016495777294039726,663.4410362243652,2.90991915341543e-07,0.16736855916678905,0.019061759929172695,0.01985851750941947,1.6233615003358182e-06,170.13092519484343
radial,75,2.310004137042496,0.5400000214576721,0.01663202978670597,663.1436576843262,2.9119997413395993e-07,0.16738834790885448,0.019046241941396147,0.01984822261147201,1.625384383530104e-06,169.98215609729075
radial,75,2.329111254463593,0.5400000214576721,0.01676960103213787,662.8427047729492,2.914213178550895e-07,0.16740837879478931,0.01903055323055014,0.019837798492517322,1.6274662000270723e-06,169.83088085816692
radial,75,2.3484025667938924,0.5400000214576721,0.016908498480916023,662.5243072509766,2.9160105574632667e-07,0.16742958407849073,0.019013826095033437,0.019826805277261883,1.6295557827561424e-06,169.67915663784973
radial,75,2.3678804023398294,0.5400000214576721,0.01704873889684677,662.1882362365723,2.917395544033141e-07,0.16745198890566826,0.01899604994105175,0.01981523440917954,1.6316691855422505e-06,169.52712509730878
radial,75,2.387546313305696,0.5400000214576721,0.01719033345580101,661.8340759277344,2.918225004977515e-07,0.16747562028467655,0.018977242521941662,0.01980308658676222,1.6338103341340116e-06,169.37438233374164
radial,75,2.407402369297213,0.5400000214576721,0.017333297058939934,661.4615135192871,2.91848421096752e-07,0.16750049591064453,0.01895739237079397,0.01979035191470757,1.6359633328022483e-06,169.22089536526406
radial,75,2.427450122518672,0.5400000214576721,0.017477640882134438,661.0849952697754,2.918878694302407e-07,0.16752563044428825,0.018937351007480174,0.019777474633883685,1.6381721739122668e-06,169.06489256548204
radial,75,2.4476913838750787,0.5400000214576721,0.017623377963900566,660.7043914794922,2.919404833434669e-07,0.1675510248169303,0.01891711656935513,0.019764450553338975,1.640424629911763e-06,168.90625100252626
radial,75,2.4681284816728697,0.5400000214576721,0.017770525068044662,660.3197021484375,2.920064745559614e-07,0.16757669113576412,0.01889668550575152,0.019751276820898056,1.642722715189393e-06,168.74496076227197
radial,75,2.4887627094156213,0.5400000214576721,0.017919091507792473,659.9307823181152,2.9208601015628943e-07,0.1676026303321123,0.018876053509302437,0.019737952447030693,1.6450677282620063e-06,168.58098568047706
radial,75,2.5095963954097695,0.5400000214576721,0.01806909404695034,659.5375823974609,2.921792928711753e-07,0.16762884426862001,0.018855217145755887,0.01972447382286191,1.6474599666693734e-06,168.41422705634037
radial,75,2.5306310918596058,0.5400000214576721,0.01822054386138916,659.1400489807129,2.922864370535905e-07,0.16765534039586782,0.018834173621144146,0.019710837688762695,1.6498997297276219e-06,168.24464053172915
radial,75,2.551869127071566,0.5400000214576721,0.018373457714915276,658.7381057739258,2.9240765575533345e-07,0.16768212616443634,0.018812919268384576,0.019697042182087898,1.652387870976213e-06,168.0722159838979
radial,75,2.5733123119506573,0.5400000214576721,0.01852784864604473,658.331672668457,2.925431101807874e-07,0.16770920436829329,0.018791451351717114,0.0196830847999081,1.654924558280868e-06,167.89688441192837
radial,75,2.5949627161026,0.5400000214576721,0.01868373155593872,657.9204864501953,2.9269361601080846e-07,0.16773659456521273,0.01876975648337975,0.019668960012495518,1.6575135450835887e-06,167.71870914128243
radial,75,2.616822150432401,0.5400000214576721,0.01884111948311329,657.50390625,2.928618310082953e-07,0.16776436287909746,0.018747803231235594,0.019654658215586096,1.6601673626936986e-06,167.53814758991027
radial,75,2.638892684545782,0.5400000214576721,0.01900002732872963,657.0813102722168,2.9305050519568e-07,0.16779256984591484,0.018725558184087276,0.019640169688500464,1.6628993195766384e-06,167.3557016246105
radial,75,2.6611766467491784,0.5400000214576721,0.019160471856594086,656.6526069641113,2.9325967099147476e-07,0.167821210809052,0.018703019188251346,0.019625491404440254,1.6657092114513716e-06,167.1712227740282
radial,75,2.6836755892468824,0.5400000214576721,0.019322464242577553,656.2181015014648,2.93488249369922e-07,0.16785026621073484,0.01868020137771964,0.019610624120105058,1.668591505854522e-06,166.98443615040614
radial,75,2.706392099046045,0.5400000214576721,0.019486023113131523,655.777889251709,2.937358020149716e-07,0.16787971276789904,0.018657110107596964,0.019595567253418267,1.671544183068363e-06,166.7950943944584
radial,75,2.7293277283509574,0.5400000214576721,0.019651159644126892,655.3319091796875,2.9400254386580116e-07,0.1679095597937703,0.018633742700330913,0.019580319814849645,1.6745682245300486e-06,166.60317218525844
radial,75,2.7524850641687713,0.5400000214576721,0.019817892462015152,654.8797798156738,2.9428964498645627e-07,0.16793983802199364,0.018610078957863152,0.01956487272400409,1.677668796773446e-06,166.40882842599422
radial,75,2.775866176105208,0.5400000214576721,0.019986236467957497,654.4205360412598,2.9459813410959157e-07,0.167970628477633,0.018586068879812956,0.019549202697817236,1.6808520992839249e-06,166.2123418257815
radial,75,2.799473133765989,0.5400000214576721,0.02015620656311512,653.9532241821289,2.9492812075870845e-07,0.1680019935593009,0.018561664619483054,0.019533278478775173,1.6841200336514817e-06,166.01357673041514
radial,75,2.8233080067568355,0.5400000214576721,0.020327817648649216,653.4779739379883,2.9527972406073744e-07,0.16803392674773932,0.018536871706601232,0.01951710064895451,1.687474190603666e-06,165.8123441505815
radial,75,2.8473731233841844,0.5400000214576721,0.020501086488366127,652.9943008422852,2.956533961540053e-07,0.1680664299055934,0.018511665693949908,0.0195006393478252,1.6909154698652173e-06,165.60707644626376
radial,75,2.871670811954472,0.5400000214576721,0.020676029846072197,652.4996566772461,2.96049546266719e-07,0.16809959709644318,0.01848590577719733,0.019483775075059384,1.6944417868813844e-06,165.39337469894463
radial,75,2.8962031420734196,0.5400000214576721,0.02085266262292862,651.9914855957031,2.964680779760087e-07,0.1681335661560297,0.018459451384842396,0.01946639537345618,1.6980508759090185e-06,165.16813318062566
radial,75,2.9209724420474634,0.5400000214576721,0.021031001582741737,651.4695091247559,2.9690784458802355e-07,0.16816837713122368,0.018432292039506137,0.019448498729616404,1.701740130144458e-06,164.93281777665106
radial,75,2.9459807814823256,0.5400000214576721,0.021211061626672745,650.9349250793457,2.973681097473424e-07,0.16820400208234787,0.01840449433075264,0.01943013654090464,1.7055107237595735e-06,164.69015502930108
radial,75,2.9712310060858727,0.5400000214576721,0.021392863243818283,650.3891525268555,2.978502750550227e-07,0.16824036091566086,0.018376137362793088,0.01941136975074187,1.709370715197167e-06,164.44130870321123
radial,75,2.9967249267631106,0.5400000214576721,0.021576419472694397,649.8334159851074,2.9835634535180233e-07,0.1682773707434535,0.01834728696849197,0.019392244110349566,1.7133287695259014e-06,164.1867050663023
radial,75,3.0224651305211916,0.5400000214576721,0.02176174893975258,649.2680740356445,2.98887395666636e-07,0.16831500362604856,0.018317963753361255,0.019372775626834482,1.7173894200084305e-06,163.92645073604336
radial,75,3.0484542043672667,0.5400000214576721,0.02194887027144432,648.6929931640625,2.9944395557590653e-07,0.1683532726019621,0.01828816399211064,0.019352959818206728,1.721555111799944e-06,163.6604543385023
radial,75,3.0746942179070578,0.5400000214576721,0.022137798368930817,648.1081199645996,3.000265276775771e-07,0.16839217394590378,0.018257883144542575,0.01933279260993004,1.725828091103665e-06,163.38871929315917
radial,75,3.1011874994470014,0.5400000214576721,0.02232854999601841,647.5133590698242,3.00635644323588e-07,0.1684317197650671,0.018227119813673198,0.01931227173190564,1.7302111166017653e-06,163.111197599702
radial,75,3.1279368946949644,0.5400000214576721,0.02252114564180374,646.9086875915527,3.012719027584154e-07,0.1684719081968069,0.01819587155478075,0.01929139730054885,1.7347071636919509e-06,162.82791853959952
radial,75,3.1549447319573827,0.5400000214576721,0.022715602070093155,646.294002532959,3.019359127165444e-07,0.16851275973021984,0.01816413673805073,0.019270164018962532,1.739319542615192e-06,162.5388331082116
radial,75,3.1822133395406937,0.5400000214576721,0.022911936044692993,645.6692504882812,3.0262829936456015e-07,0.1685542594641447,0.018131911638192832,0.019248570897616446,1.7440513087052523e-06,162.24386388547484
radial,75,3.2097450457513332,0.5400000214576721,0.0231101643294096,645.0343627929688,3.0334971845569214e-07,0.16859642416238785,0.018099193403031677,0.019226614153012633,1.7489053156793943e-06,161.94307017656155
radial,75,3.237542954997884,0.5400000214576721,0.023310309275984764,644.3892631530762,3.041007946569252e-07,0.16863925196230412,0.018065978365484625,0.019204289361368865,1.753884562027963e-06,161.6363547828326
radial,75,3.265609395586782,0.5400000214576721,0.02351238764822483,643.7338180541992,3.048821975992766e-07,0.1686827540397644,0.018032263265922666,0.019181596115231514,1.7589925889183178e-06,161.32368187175618
radial,75,3.2939469545251794,0.5400000214576721,0.02371641807258129,643.0679893493652,3.056946027979457e-07,0.16872693225741386,0.017998044670093805,0.01915852853562683,1.76423251474489e-06,161.00503483593747
radial,75,3.3225582188202276,0.5400000214576721,0.023922419175505638,642.3916358947754,3.0653867866270446e-07,0.16877179965376854,0.017963317164685577,0.01913508353754878,1.7696084455565142e-06,160.68035757400014
radial,75,3.3514457754790783,0.5400000214576721,0.024130409583449364,641.704647064209,3.074151353477106e-07,0.16881735436618328,0.017928076384123415,0.019111257628537714,1.7751232981311205e-06,160.3495991030039
radial,75,3.3806124702095985,0.5400000214576721,0.02434040978550911,641.0069694519043,3.0832465403030085e-07,0.16886361688375473,0.01789231935981661,0.019087045220658183,1.7807808259107105e-06,160.01270164641105
radial,75,3.41006089001894,0.5400000214576721,0.024552438408136368,640.2984504699707,3.092679298766221e-07,0.16891057416796684,0.017856039048638195,0.019062442996073514,1.78658420679767e-06,159.66962463616107
radial,75,3.4397938806149697,0.5400000214576721,0.02476651594042778,639.5789794921875,3.1024567259674285e-07,0.1689582522958517,0.017819233355112374,0.019037447753362358,1.7925368496207739e-06,159.32033690141427
radial,75,3.469814029004839,0.5400000214576721,0.02498266100883484,638.848503112793,3.112586056674971e-07,0.16900664754211903,0.01778189727338031,0.019012054021004587,1.7986424296623227e-06,158.9647933972512
radial,75,3.5001241808964147,0.5400000214576721,0.025200894102454185,638.1069030761719,3.123074156508032e-07,0.16905576549470425,0.017744025913998485,0.01898625842295587,1.8049045467094516e-06,158.6029440715236
radial,75,3.5307269232968492,0.5400000214576721,0.025421233847737312,637.3540573120117,3.13392850892491e-07,0.1691056191921234,0.01770561619196087,0.01896005676826462,1.811326818312864e-06,158.2347569958029
radial,75,3.5616253606147237,0.5400000214576721,0.02564370259642601,636.5898971557617,3.1451570797758066e-07,0.16915620490908623,0.01766666187904775,0.01893344521522522,1.8179128877804374e-06,157.8601714580424
radial,75,3.5928220798571906,0.5400000214576721,0.02586831897497177,635.8143043518066,3.156767148237982e-07,0.16920754313468933,0.017627160297706723,0.01890641840873286,1.8246663371357386e-06,157.47921224966674
radial,75,3.624320444133547,0.5400000214576721,0.026095107197761536,635.0272064208984,3.168766002925594e-07,0.16925962083041668,0.01758710714057088,0.018878974253311753,1.8315911116673078e-06,157.09180196727274
radial,75,3.656122781750229,0.5400000214576721,0.026324084028601646,634.2284812927246,3.181161613019512e-07,0.16931245848536491,0.01754649868234992,0.01885110733564943,1.8386906610601272e-06,156.69790034380006
radial,75,3.688232455816534,0.5400000214576721,0.026555273681879044,633.4180603027344,3.193961490843833e-07,0.16936605982482433,0.01750533137237653,0.01882281486177817,1.8459689083982767e-06,156.29749760353477
radial,75,3.720652570741044,0.5400000214576721,0.026788698509335518,632.5958251953125,3.20717428559103e-07,0.16942042857408524,0.017463599855545908,0.01879409357206896,1.8534297270278444e-06,155.89057606453414
radial,75,3.7533857135309114,0.5400000214576721,0.02702437713742256,631.7617416381836,3.220807307524609e-07,0.16947556845843792,0.01742130221100524,0.018764937471132725,1.861077308262793e-06,155.47717073479555
radial,75,3.7864347298940024,0.5400000214576721,0.027262330055236816,630.9157028198242,3.234868936052848e-07,0.16953148134052753,0.017378434946294874,0.01873534539481625,1.8689151186634945e-06,155.0571844883507
radial,75,3.8198029829396143,0.5400000214576721,0.027502581477165222,630.0576515197754,3.249367405699921e-07,0.16958818025887012,0.017334994801785797,0.01870531274471432,1.876947272272389e-06,154.63067246660975
radial,75,3.8534938357770443,0.5400000214576721,0.02774515561759472,629.1874694824219,3.2643106723240223e-07,0.16964567080140114,0.017290978459641337,0.018674836959689856,1.8851775784867186e-06,154.19758929764293
radial,75,3.8875101341141596,0.5400000214576721,0.027990072965621948,628.3051414489746,3.279707204151272e-07,0.16970393806695938,0.01724638359155506,0.01864391303388402,1.8936097152533193e-06,153.75796973929195
radial,75,3.921854723658827,0.5400000214576721,0.02823735401034355,627.4105491638184,3.2955650358656996e-07,0.1697630137205124,0.017201206646859646,0.018612539919558913,1.9022477557584239e-06,153.3117951084876
radial,75,3.9565312262210584,0.5400000214576721,0.02848702482879162,626.5036888122559,3.3118921494157405e-07,0.16982289031147957,0.017155446053948253,0.018580713833216578,1.9110958380252896e-06,152.85912107629622
radial,75,3.9915430049101515,0.5400000214576721,0.02873910963535309,625.5844421386719,3.328697389948232e-07,0.16988356225192547,0.01710909977555275,0.018548431515228003,1.9201573246974135e-06,152.3999270782393
radial,75,4.026892388032542,0.5400000214576721,0.028993625193834305,624.6528015136719,3.3459887915920916e-07,0.1699450369924307,0.017062165192328393,0.018515690637286752,1.9294364221877913e-06,151.93425940431035
radial,75,4.062583514799674,0.5400000214576721,0.029250601306557655,623.7087097167969,3.363775264997315e-07,0.17000732384622097,0.01701464067446068,0.01848248828900978,1.9389365064625963e-06,151.46214401223887
radial,75,4.09861948962013,0.5400000214576721,0.02951006032526493,622.7521057128906,3.3820648109861295e-07,0.17007042653858662,0.016966524999588728,0.018448822083882987,1.9486618758612906e-06,150.98361507237928
radial,75,4.13500341690249,0.5400000214576721,0.029772024601697922,621.7830009460449,3.400866373515221e-07,0.17013433203101158,0.01691781700355932,0.018414690508507192,1.9586161097429056e-06,150.49873090720698
radial,75,4.171739177157481,0.5400000214576721,0.030036522075533867,620.801326751709,3.4201878024164856e-07,0.1701990608125925,0.016868515056557953,0.018380091933067888,1.968803061025426e-06,150.00755174813108
radial,75,4.208829357392259,0.5400000214576721,0.03030357137322426,619.8070449829102,3.4400381371257893e-07,0.17026460729539394,0.016818619274999946,0.01834502210840583,1.9792262682116757e-06,149.51010301955253
radial,75,4.246277838117547,0.5400000214576721,0.030573200434446335,618.8001403808594,3.460426412638107e-07,0.17033096589148045,0.016768128203693777,0.01830948155838996,1.9898898724335368e-06,149.00650324413022
radial,75,4.284087982442644,0.5400000214576721,0.030845433473587036,617.7806129455566,3.481360782431331e-07,0.17039815336465836,0.016717041609808803,0.01827346795471385,2.000797016066258e-06,148.49680471131043
radial,75,4.322263412177563,0.5400000214576721,0.03112029656767845,616.7484588623047,3.5028491468525047e-07,0.17046615295112133,0.016665360424667597,0.018236979260109365,2.0119515018457435e-06,147.98107275629783
radial,75,4.360807749132316,0.5400000214576721,0.03139781579375267,615.703670501709,3.52490043709075e-07,0.17053497768938541,0.01661308336770162,0.018200016173068434,2.0233569406613583e-06,147.45942056705726
radial,75,4.399724097715484,0.5400000214576721,0.03167801350355148,614.6462249755859,3.547523173552669e-07,0.17060461826622486,0.016560212417971343,0.018162575783208013,2.0350166867189046e-06,146.931955581398
radial,75,4.439016597138511,0.5400000214576721,0.03196091949939728,613.5761528015137,3.570725974344491e-07,0.17067508213222027,0.01650674786651507,0.018124658323358744,2.046933985866417e-06,146.39878504735051
radial,75,4.478688869211409,0.5400000214576721,0.032246559858322144,612.4934310913086,3.5945167409234813e-07,0.1707463562488556,0.01645269012078643,0.01808626379352063,2.0591122766866476e-06,145.86001027429367
radial,75,4.51874401834276,0.5400000214576721,0.03253495693206787,611.3981285095215,3.61890373556939e-07,0.17081845737993717,0.016398041625507176,0.01804738980717957,2.0715550812511196e-06,145.3157704546711
radial,75,4.559186183744007,0.5400000214576721,0.03282614052295685,610.2902565002441,3.643895305494027e-07,0.17089137248694897,0.016342802962753922,0.018008038285188377,2.084265338542224e-06,144.7662017517799
radial,75,4.600018987225162,0.5400000214576721,0.033120136708021164,609.1698303222656,3.6694993049701807e-07,0.17096509225666523,0.01628697628621012,0.017968207655940205,2.0972456757917257e-06,144.2114380020299
radial,75,4.641246050596237,0.5400000214576721,0.03341697156429291,608.0369148254395,3.6957233745527063e-07,0.1710396409034729,0.016230563691351563,0.01792789960745722,2.1104992926623822e-06,143.6516604322163
radial,75,4.682871513068676,0.5400000214576721,0.03371667489409447,606.8915100097656,3.722575563358532e-07,0.1711149848997593,0.016173568728845567,0.01788711332483217,2.1240288425872222e-06,143.08701278291912
radial,75,4.724898996452491,0.5400000214576721,0.03401927277445793,605.733715057373,3.7500631733244916e-07,0.17119113728404045,0.016115992330014706,0.01784585096174851,2.1378371015678965e-06,142.51769497708534
radial,75,4.767332639959124,0.5400000214576721,0.03432479500770569,604.5635528564453,3.7781941264469765e-07,0.17126809246838093,0.01605783903505653,0.017804112751036882,2.1519265658298536e-06,141.94385112250956
radial,75,4.810176065398587,0.5400000214576721,0.03463326767086983,603.3811111450195,3.806974639974925e-07,0.17134584300220013,0.015999111637938768,0.017761898459866643,2.166299310157882e-06,141.36572617853454
radial,75,4.853433411982325,0.5400000214576721,0.034944720566272736,602.1864433288574,3.836411747171198e-07,0.1714243832975626,0.015939813514705747,0.0177192123956047,2.180957449304799e-06,140.78348558651896
radial,75,4.897108301520348,0.5400000214576721,0.0352591797709465,600.9796295166016,3.866512132133515e-07,0.17150372453033924,0.015879948623478413,0.017676052928436548,2.1959030744866936e-06,140.1973598387523
radial,75,4.94120539062553,0.5400000214576721,0.035576678812503815,599.7607498168945,3.8972820004534725e-07,0.1715838387608528,0.01581952121341601,0.01763242424931377,2.211137724472678e-06,139.60756712085583
radial,75,4.9857283011078835,0.5400000214576721,0.03589724376797676,598.5299224853516,3.928727164703716e-07,0.17166473530232906,0.01575853512622416,0.01758832688210532,2.22666312055253e-06,139.01438442167782
radial,75,5.030681172178851,0.5400000214576721,0.03622090443968773,597.2871971130371,3.9608526153367407e-07,0.1717464067041874,0.01569699589163065,0.017543764202855527,2.2424801522369364e-06,138.41799953426022
radial,75,5.076068660451306,0.5400000214576721,0.036547694355249405,596.0326995849609,3.993662900936279e-07,0.17182883992791176,0.015634908573701978,0.017498737783171237,2.2585897188065474e-06,137.8186905630893
radial,75,5.121893870333831,0.5400000214576721,0.03687763586640358,594.7665634155273,4.0271634454969174e-07,0.17191203497350216,0.015572277829051018,0.01745325088268146,2.2749926875675897e-06,137.21675200149627
radial,75,5.168162493242158,0.5400000214576721,0.037210769951343536,593.4888648986816,4.0613578466963673e-07,0.17199598252773285,0.015509109769482166,0.017407306761015207,2.2916895958680072e-06,136.61244004358625
radial,75,5.21487763358487,0.5400000214576721,0.037547118961811066,592.1997528076172,4.0962492908747095e-07,0.17208067327737808,0.015445409342646599,0.01736090797930956,2.308680650653372e-06,136.00604199947912
radial,75,5.262043947974841,0.5400000214576721,0.037886716425418854,590.8993339538574,4.131840258270181e-07,0.17216610722243786,0.015381184057332575,0.0173140573897399,2.3259651387164126e-06,135.39786802527613
radial,75,5.309666093024942,0.5400000214576721,0.03822959586977959,589.5877380371094,4.1681329843168413e-07,0.1722522620111704,0.015316438570152968,0.017266760056372732,2.3435426239615254e-06,134.78819759228523
radial,75,5.357748207946618,0.5400000214576721,0.03857578709721565,588.2651710510254,4.205128566470151e-07,0.17233914509415627,0.015251180797349662,0.017219018249306828,2.3614123141335597e-06,134.17741414794278
radial,75,5.406294431951311,0.5400000214576721,0.03892531991004944,586.9316787719727,4.2428283025808256e-07,0.172426737844944,0.015185417083557695,0.0171708365669474,2.3795729244824315e-06,133.56577767505235
radial,75,5.455310456454754,0.5400000214576721,0.03927823528647423,585.5875205993652,4.281231777425454e-07,0.17251503095030785,0.015119154821150005,0.01712222071364522,2.3980228460729336e-06,132.9536912828179
radial,75,5.50479938586553,0.5400000214576721,0.03963455557823181,584.2327728271484,4.320336903229638e-07,0.1726040244102478,0.01505240157712251,0.01707317278487608,2.4167596550661585e-06,132.34146726339247
radial,75,5.554765876796511,0.5400000214576721,0.039994314312934875,582.8676681518555,4.360142633608177e-07,0.17269369401037693,0.014985164685640484,0.01702369941631332,2.4357806664987436e-06,131.7294671766972
radial,75,5.605215103262001,0.5400000214576721,0.040357548743486404,581.4923362731934,4.4006445321098653e-07,0.17278403788805008,0.014917452353984118,0.01697380474070087,2.4550831136949114e-06,131.11809131099565
radial,75,5.656152239276303,0.5400000214576721,0.04072429612278938,580.1069793701172,4.4418404643309373e-07,0.1728750392794609,0.014849272673018277,0.016923494404181838,2.474663570506408e-06,130.5076796385602
radial,75,5.707580906649431,0.5400000214576721,0.0410945825278759,578.7118072509766,4.483723797799044e-07,0.17296671122312546,0.014780634606722742,0.016872772248461843,2.4945183847435715e-06,129.89869001186483
radial,75,5.759506796797117,0.5400000214576721,0.04146844893693924,577.306957244873,4.5262885156605037e-07,0.173059007152915,0.014711545314639807,0.01682164630619809,2.514642378326215e-06,129.29147974607875
radial,75,5.811934048930804,0.5400000214576721,0.04184592515230179,575.8926620483398,4.5695278994006827e-07,0.17315194383263588,0.014642015448771417,0.01677012094296515,2.5350307613081213e-06,128.68646200966688
radial,75,5.864867837064796,0.5400000214576721,0.04222704842686653,574.4690971374512,4.613431900390985e-07,0.1732454877346754,0.014572052110452205,0.016718200815375894,2.5556786282798782e-06,128.084049095889
radial,75,5.918312817811966,0.5400000214576721,0.042611852288246155,573.0364952087402,4.657993082357592e-07,0.17333963699638844,0.014501666417345405,0.01666589453816414,2.5765799245291987e-06,127.48469460873999
radial,75,5.972273647785187,0.5400000214576721,0.043000370264053345,571.5950965881348,4.7031977923328583e-07,0.17343438230454922,0.01443086750805378,0.0166132083395496,2.597728010034217e-06,126.88884884525737
radial,75,6.026756535801622,0.5400000214576721,0.04339264705777168,570.1450729370117,4.74903614766653e-07,0.1735297106206417,0.014359664113726467,0.01656014716718346,2.6191164628208696e-06,126.29693626987823
radial,75,6.081765103671286,0.5400000214576721,0.04378870874643326,568.6862373352051,4.795515230471281e-07,0.17362563125789165,0.01428804494207725,0.01650670333765447,2.6407479731815897e-06,125.70934695594703
radial,75,6.137305560211341,0.5400000214576721,0.04418860003352165,567.2180252075195,4.842648744785016e-07,0.1737221907824278,0.014215980423614383,0.016452853567898273,2.662626123584033e-06,125.1263194764397
radial,75,6.193381527231799,0.5400000214576721,0.044592346996068954,565.7432441711426,4.890295056125815e-07,0.17381920106709003,0.014143610140308738,0.016398699837736785,2.6846859872975415e-06,124.54888947467852
radial,75,6.250000248352687,0.5400000214576721,0.04500000178813934,564.2621612548828,4.938515650310116e-07,0.17391666024923325,0.014070942241232842,0.01634425262454897,2.706958134091053e-06,123.97787901219493
radial,75,6.2828117774592505,0.5400000214576721,0.045236244797706604,563.4046669006348,4.966627322744444e-07,0.17397310584783554,0.01402887114090845,0.01631270133657381,2.7199216652284974e-06,123.65197426477826
radial,75,6.318450905382633,0.5400000214576721,0.04549284651875496,562.4746627807617,4.997224726244198e-07,0.1740343365818262,0.013983251817990094,0.016278462833724916,2.734016524730265e-06,123.30221014275443
radial,75,6.357160810795095,0.5400000214576721,0.045771557837724686,561.4687690734863,5.030454636179016e-07,0.17410057596862316,0.013933914713561535,0.016241402714513242,2.749301729831899e-06,122.92804013328093
radial,75,6.3992064032289715,0.5400000214576721,0.046074286103248596,560.3802261352539,5.066590512692315e-07,0.1741722710430622,0.013880528160370886,0.01620126492343843,2.765895901202242e-06,122.52824430358653
radial,75,6.444874840478103,0.5400000214576721,0.04640309885144234,559.2024307250977,5.105884619549528e-07,0.17424986511468887,0.013822767359670252,0.016157797421328723,2.7839077931801626e-06,122.10179943285796
radial,75,6.494478633006414,0.5400000214576721,0.04676024615764618,557.9286994934082,5.148578983704688e-07,0.17433380708098412,0.01376030663959682,0.016110743512399495,2.8034399819354405e-06,121.64779277476178
radial,75,6.54835667875078,0.5400000214576721,0.047148168087005615,556.5519485473633,5.194929325602615e-07,0.17442456260323524,0.013692797569092363,0.01605982764158398,2.824598667849898e-06,121.16555132972658
radial,75,6.606877367529604,0.5400000214576721,0.04756951704621315,555.0647277832031,5.245202541193095e-07,0.17452264204621315,0.013619874080177397,0.016004760342184454,2.8474951059287434e-06,120.65462619107458
radial,75,6.670440650648541,0.5400000214576721,0.048027172684669495,553.4592247009277,5.299673578318398e-07,0.17462855391204357,0.013541152467951179,0.015945233462844044,2.8722410148063204e-06,120.1149359672162
radial,75,6.739481145309077,0.5400000214576721,0.04852426424622536,551.7272567749023,5.358615953188206e-07,0.17474285885691643,0.013456231448799372,0.015880924183875322,2.898947093932236e-06,119.5467623341434
radial,75,6.814470204214255,0.5400000214576721,0.049064185470342636,549.8604278564453,5.422297849611013e-07,0.17486613243818283,0.013364692800678313,0.015811495250090957,2.9277208892786177e-06,118.95102415350793
radial,75,6.895921606984404,0.5400000214576721,0.049650635570287704,547.8500289916992,5.490976477950937e-07,0.17499894835054874,0.013266106718219817,0.01573659322457388,2.9586636633993635e-06,118.32926100693972
radial,75,6.98439104275571,0.5400000214576721,0.05028761550784111,545.6871871948242,5.564892093246065e-07,0.17514193430542946,0.013160031812731177,0.015655856288503855,2.9918684760765757e-06,117.68387470761273
radial,75,7.080484388603105,0.5400000214576721,0.05097948759794235,543.3629837036133,5.644249463088169e-07,0.17529569379985332,0.013046021515037864,0.015568910515867174,3.027412304401622e-06,117.01825351862821
radial,75,7.184856674737401,0.5400000214576721,0.05173096805810928,540.8685417175293,5.72919878621958e-07,0.17546085454523563,0.012923626840347424,0.015475379477720708,3.06535180261136e-06,116.33705721847998
radial,75,7.2982234673367605,0.5400000214576721,0.052547208964824677,538.1952133178711,5.819816847885129e-07,0.17563803680241108,0.012792405526852235,0.015374883834738284,3.105712147455364e-06,115.64627250029156
radial,75,7.421358281539546,0.5400000214576721,0.05343377962708473,535.3346862792969,5.916086493196193e-07,0.17582783102989197,0.012651927187107503,0.01526705059222877,3.1484871914067014e-06,114.95352212371404
radial,75,7.5551039642757845,0.5400000214576721,0.054396748542785645,532.2793159484863,6.01788068432807e-07,0.1760308239609003,0.012501783960033208,0.015151519270148128,3.1936315161296136e-06,114.26832897947311
radial,75,7.700374246471458,0.5400000214576721,0.0554426945745945,529.0223236083984,6.124930388984318e-07,0.17624754831194878,0.012341602239757776,0.015027950459625572,3.2410541623839606e-06,113.60222913776991
radial,75,7.8581620214713945,0.5400000214576721,0.05657876655459404,525.558177947998,6.236799292014261e-07,0.17647846043109894,0.012171056645456702,0.014896038628648967,3.29061585446766e-06,112.96889375788622
radial,75,8.029546071257856,0.5400000214576721,0.057812731713056564,521.8829917907715,6.352865874748037e-07,0.17672396451234818,0.0119898869888857,0.014755525393411517,3.3421299829861084e-06,112.38416862735124
radial,75,8.215697792669138,0.5400000214576721,0.05915302410721779,517.9950370788574,6.472331513518448e-07,0.17698431946337223,0.011797920160461217,0.014606215932872146,3.3953772073935795e-06,111.86597689811859
radial,75,8.417889993223879,0.5400000214576721,0.06060880795121193,513.8954048156738,6.594247624613914e-07,0.17725965566933155,0.011595100600970909,0.014448008907493204,3.450137346927562e-06,111.43396934610121
radial,75,8.637504652142525,0.5400000214576721,0.06219003349542618,509.5881805419922,6.717618812046577e-07,0.17754992470145226,0.011381492629880086,0.014280895527917892,3.5062473018321327e-06,111.1089504790019
radial,75,8.876043268375927,0.5400000214576721,0.06390751153230667,505.0802574157715,6.841554358039126e-07,0.17785492353141308,0.011157269647810608,0.01410496304742992,3.5636950839190717e-06,110.91247178976107
radial,75,9.135136173831093,0.5400000214576721,0.06577298045158386,500.38590240478516,6.965254503443763e-07,0.17817400768399239,0.010922945075435564,0.013920563040301204,3.622636159050785e-06,110.86359466559033
radial,75,9.416554951005512,0.5400000214576721,0.06779919564723969,495.54923248291016,7.087501582847544e-07,0.1785044763237238,0.010680561361368746,0.01372925826581195,3.683146060584619e-06,110.96375390950354
radial,75,9.722222263614336,0.5400000214576721,0.07000000029802322,490.6167678833008,7.209399527086102e-07,0.17884353548288345,0.010432241251692176,0.013532727491110563,3.7464044457813372e-06,111.20069379753662
radial,75,9.902213803595966,0.5400000214576721,0.07129593938589096,487.85070037841797,7.277341539102533e-07,0.17903476022183895,0.01029240689240396,0.013421816693153232,3.7832900918743917e-06,111.39309026683617
radial,75,10.089199576112959,0.5400000214576721,0.0726422369480133,485.0801239013672,7.345615678500117e-07,0.17922717332839966,0.010151902853976935,0.01331019663484767,3.821773593593036e-06,111.62823673988876
radial,75,10.283450699514812,0.5400000214576721,0.07404084503650665,482.3293342590332,7.414992375942564e-07,0.17941907048225403,0.010011952690547332,0.013198862667195499,3.862245037122847e-06,111.89048169766959
radial,75,10.485249674982494,0.5400000214576721,0.07549379765987396,479.61480712890625,7.486064679956828e-07,0.17960927449166775,0.009873419534415007,0.013088507752399892,3.905063250986274e-06,112.16625759010326
radial,75,10.694890386528439,0.5400000214576721,0.07700321078300476,476.9511528015137,7.559602348689021e-07,0.1797967068850994,0.00973708089441061,0.012979761464521289,3.950639506644649e-06,112.44096750344129
radial,75,10.912676031390827,0.5400000214576721,0.07857126742601395,474.35423278808594,7.636346916334302e-07,0.1799801830202341,0.009603810467524454,0.012873334751930088,3.999304466040243e-06,112.69747721073522
radial,75,11.138925328850746,0.5400000214576721,0.08020026236772537,471.83984375,7.716912198835191e-07,0.18015844374895096,0.009474502585362643,0.012769954628311098,4.051251732750671e-06,112.91728004017367
radial,75,11.373967346217897,0.5400000214576721,0.08189256489276886,469.42241287231445,7.801684543257137e-07,0.1803303360939026,0.00935000303434208,0.012670313008129597,4.106478709520189e-06,113.08201275509244
radial,75,11.618139429224863,0.5400000214576721,0.083650603890419,467.11377334594727,7.890716555575272e-07,0.18049481883645058,0.009231040545273572,0.012575008033309132,4.164736722600537e-06,113.17503353000463
radial,75,11.871801689267159,0.5400000214576721,0.08547697216272354,464.92206954956055,7.983665204769341e-07,0.1806511338800192,0.009118155983742326,0.012484486971516162,4.225520477962874e-06,113.18309212802731
radial,75,12.135318376951748,0.5400000214576721,0.08737429231405258,462.8510208129883,8.079817686440505e-07,0.18079880811274052,0.009011656482471153,0.012399012281093746,4.288108288896808e-06,113.09763927426192
radial,75,12.409076508548525,0.5400000214576721,0.08934535086154938,460.89989471435547,8.178192300034581e-07,0.1809377297759056,0.008911599521525204,0.012318642868194729,4.351645141786875e-06,112.91556643184687
radial,75,12.69347034394741,0.5400000214576721,0.09139298647642136,459.0641632080078,8.27766674385555e-07,0.1810680702328682,0.008817820023978129,0.0122432608040981,4.415238942012678e-06,112.638774908922
radial,75,12.988915873898401,0.5400000214576721,0.09352019429206848,457.3365020751953,8.377093445727235e-07,0.18119025975465775,0.008729981520446017,0.01217260753037408,4.478047470168889e-06,112.27333492532412
radial,75,13.295842541588678,0.5400000214576721,0.09573006629943848,455.7080497741699,8.475414618458466e-07,0.1813048403710127,0.00864763863501139,0.012106336886063218,4.539340678233472e-06,111.82812289443585
radial,75,13.614693242642614,0.5400000214576721,0.09802579134702682,454.16942977905273,8.571710128565946e-07,0.18141244538128376,0.008570299949496984,0.012044061499182135,4.5985317151941985e-06,111.31365064483767
radial,75,13.945934673150381,0.5400000214576721,0.10041072964668274,452.71156311035156,8.66523633111238e-07,0.181513711810112,0.008497472532326356,0.011985392193309963,4.6551851540233e-06,110.74093972445898
radial,75,14.290046981639332,0.5400000214576721,0.10288833826780319,451.3262710571289,8.755445757360758e-07,0.18160922080278397,0.008428696339251474,0.011929964763112366,4.70901068450047e-06,110.12082836977781
radial,75,14.647531012694042,0.5400000214576721,0.1054622232913971,450.0063896179199,8.841945840151744e-07,0.1816994994878769,0.00836356048239395,0.011877451615873724,4.75983408643188e-06,109.46349047887112
radial,75,15.01890520254771,0.5400000214576721,0.1081361174583435,448.7458801269531,8.924455093956007e-07,0.1817849688231945,0.008301710215164348,0.011827570910099894,4.807562934860954e-06,108.77808043067913
radial,75,15.404710753096476,0.5400000214576721,0.11091391742229462,447.5398597717285,9.002772969127215e-07,0.18186601251363754,0.008242849842645228,0.011780083645135164,4.852162188817566e-06,108.07280065872736
radial,75,15.805506457885107,0.5400000214576721,0.11379964649677277,446.3843574523926,9.076784402567428e-07,0.18194289691746235,0.008186732564354315,0.011734793370123953,4.893647701398329e-06,107.35490548057568
radial,75,16.221876980529892,0.5400000214576721,0.11679751425981522,445.2763214111328,9.14644208815929e-07,0.18201585486531258,0.00813316240964923,0.011691541003528982,4.932070040153391e-06,106.63075605654801
radial,75,16.654425611098606,0.5400000214576721,0.11991186439990997,444.2135200500488,9.211704475216298e-07,0.18208502233028412,0.00808199038146995,0.011650207568891346,4.967482739370865e-06,105.90601727001976
radial,75,17.103782544533413,0.5400000214576721,0.12314723432064056,443.1939392089844,9.27260486064535e-07,0.18215054646134377,0.008033079720917158,0.011610681074671447,4.999984007048042e-06,105.18560273457454
radial,75,17.570598671833675,0.5400000214576721,0.12650831043720245,442.21606826782227,9.329211672522153e-07,0.18221250362694263,0.007986323325894773,0.011572874966077507,5.0296975421249e-06,104.47382986128665
radial,75,18.055554893281727,0.5400000214576721,0.12999999523162842,441.2764663696289,9.381569567763759e-07,0.18227112852036953,0.007941525997011922,0.011536628764588386,5.056722801377589e-06,103.77198284460403
radial,75,18.3384513689412,0.5400000214576721,0.13203684985637665,440.76083755493164,9.409160357451429e-07,0.18230284936726093,0.007917005932540633,0.011516777041833848,5.070767337800319e-06,103.37888541837549
radial,75,18.62622383568022,0.5400000214576721,0.13410881161689758,440.26118087768555,9.435084493067403e-07,0.18233325146138668,0.00789329083636403,0.011497565952595323,5.08383071862184e-06,102.99303907528244
radial,75,18.918953008121914,0.5400000214576721,0.13621646165847778,439.77771759033203,9.459536012348946e-07,0.18236231245100498,0.007870375629863702,0.011478992062620819,5.096028977913392e-06,102.61610537135893
radial,75,19.21672580970658,0.5400000214576721,0.1383604258298874,439.3086585998535,9.482557620683896e-07,0.18239014223217964,0.007848172419471666,0.011460985173471272,5.1073888277519686e-06,102.246680015122
radial,75,19.519631233480244,0.5400000214576721,0.14054134488105774,438.853214263916,9.504164785491265e-07,0.18241679295897484,0.007826643355656415,0.011443512921687216,5.117923185804507e-06,101.88441048539559
radial,75,19.82775413327747,0.5400000214576721,0.14275982975959778,438.41175079345703,9.524413819520655e-07,0.1824422273784876,0.007805800705682486,0.011426586715970188,5.127668238680272e-06,101.53020144701668
radial,75,20.141185571750004,0.5400000214576721,0.14501653611660004,437.9844207763672,9.543354462168696e-07,0.1824664194136858,0.0077856488060206175,0.011410208884626627,5.136653622450638e-06,101.18468248195246
radial,75,20.46001868115531,0.5400000214576721,0.14731213450431824,437.5712890625,9.561032450321888e-07,0.18248936533927917,0.007766185604850762,0.011394377914257348,5.1449060309849415e-06,100.8482648298432
radial,75,20.784344524145126,0.5400000214576721,0.1496472805738449,437.1723098754883,9.577491052251141e-07,0.18251105584204197,0.0077474082936532795,0.011379091127309948,5.152452306922406e-06,100.52131290775822
radial,75,21.114260372188358,0.5400000214576721,0.15202267467975616,436.7874412536621,9.592768841840127e-07,0.18253148160874844,0.007729312012088485,0.011364344623871148,5.159316071479125e-06,100.20403102494875
radial,75,21.44985935754246,0.5400000214576721,0.15443898737430573,436.4167060852051,9.606900879749816e-07,0.18255062028765678,0.0077118965273257345,0.011350137821864337,5.165521067329593e-06,99.89675945779248
radial,75,21.79124289088779,0.5400000214576721,0.1568969488143921,436.0601997375488,9.619919664194398e-07,0.18256846070289612,0.007695162144955248,0.011336470139212906,5.1710892779999185e-06,99.59985838767163
radial,75,22.138504104481804,0.5400000214576721,0.15939722955226898,435.717960357666,9.631857368040675e-07,0.18258498795330524,0.007679112808546051,0.011323344660922885,5.17604187244558e-06,99.31359721616337
radial,75,22.491750617822014,0.5400000214576721,0.16194060444831848,435.39017486572266,9.642746949122157e-07,0.18260016106069088,0.007663751937798224,0.011310764064546674,5.1803982510367774e-06,99.03840896275105
radial,75,22.851083841588764,0.5400000214576721,0.1645278036594391,435.07690811157227,9.652618406384879e-07,0.18261396698653698,0.007649082675925456,0.011298730329144746,5.18417861461451e-06,98.77453046273364
radial,75,23.216609325673847,0.5400000214576721,0.16715958714485168,434.7783660888672,9.661488429449448e-07,0.18262636847794056,0.00763511196419131,0.011287248635198921,5.18740116306482e-06,98.5223767362303
radial,75,23.58843261996905,0.5400000214576721,0.16983671486377716,434.4946823120117,9.669371042689973e-07,0.18263733759522438,0.007621847005793825,0.011276323988568038,5.190084911066428e-06,98.28224635041418
radial,75,23.96666341357761,0.5400000214576721,0.1725599765777588,434.22605895996094,9.676284690722948e-07,0.18264681845903397,0.0076092942035757005,0.011265961395110935,5.192247151786233e-06,98.0545153569594
radial,75,24.351411395602756,0.5400000214576721,0.17533016204833984,433.97271728515625,9.68224551442607e-07,0.18265478871762753,0.007597463758429512,0.011256168188992888,5.193906188694086e-06,97.83957461471311
radial,75,24.742784185542,0.5400000214576721,0.1781480461359024,433.73493576049805,9.687263075237353e-07,0.18266119621694088,0.007586365754832514,0.011246952461078763,5.1950784220045065e-06,97.6378094626005
radial,75,25.140903890132904,0.5400000214576721,0.1810145080089569,433.51297760009766,9.691340837889636e-07,0.18266598135232925,0.007576013085781597,0.011238322535064071,5.1957827110760135e-06,97.44964884319963
radial,75,25.545884337690143,0.5400000214576721,0.18393036723136902,433.30717849731445,9.694479662469661e-07,0.18266909569501877,0.00756641844054684,0.011230289412196726,5.196034531196325e-06,97.27553165153729
radial,75,25.95784142613411,0.5400000214576721,0.1868964582681656,433.1178283691406,9.69668082591768e-07,0.182670459151268,0.007557595614343882,0.011222862522117794,5.195849925643259e-06,97.11590143539571
radial,75,26.37689726220237,0.5400000214576721,0.18991366028785706,432.9452934265137,9.697934089454466e-07,0.18267000652849674,0.007549559843027964,0.011216053098905832,5.195244638489527e-06,96.97125697963136
radial,75,26.80317188302676,0.5400000214576721,0.19298283755779266,432.7899627685547,9.69821899627916e-07,0.18266764841973782,0.007542327206465416,0.011209872784093022,5.194232198912907e-06,96.84210824141009
radial,75,27.236793604162006,0.5400000214576721,0.19610491394996643,432.6521873474121,9.697497031018148e-07,0.18266328983008862,0.007535914512118325,0.011204333743080497,5.192822003730058e-06,96.72896632186337
radial,75,27.677884532345665,0.5400000214576721,0.1992807686328888,432.5324478149414,9.695723096595941e-07,0.18265685439109802,0.007530340357334353,0.011199450469575822,5.191020124972745e-06,96.63235741548348
radial,75,28.12657712234391,0.5400000214576721,0.20251135528087616,432.43135833740234,9.692860186473755e-07,0.1826483216136694,0.007525633249315433,0.01119524601381272,5.188836464609103e-06,96.55296239555267
radial,75,28.582999689711464,0.5400000214576721,0.20579759776592255,432.3494873046875,9.68888409922351e-07,0.18263760767877102,0.007521817024098709,0.011191739293280989,5.18628939683019e-06,96.49149032617866
radial,75,29.047286758820217,0.5400000214576721,0.20914046466350555,432.2857551574707,9.682782129823912e-07,0.18262118939310312,0.007518832135247067,0.011188786651473492,5.1828985673241235e-06,96.44993196598577
radial,75,29.519574923647774,0.5400000214576721,0.21254093945026398,432.2310333251953,9.665723591437809e-07,0.18257498554885387,0.007516207188018598,0.01118533086264506,5.174318715939208e-06,96.4373563979821
radial,75,30.000000778171753,0.5400000214576721,0.2160000056028366,417.36587142944336,1.4747371873181404e-07,0.14931906573474407,0.006593662881641649,0.009509212453849614,7.985760944739795e-07,110.4994166153069
centerline,0.0,0.0,0.0,0.0,293.99999237060547,0.15636999905109406,0.19650000892579556,6.99645099795869e-11,7.246941395088087e-11,2.949141495248164e-11,1.3214498959113138e-05
centerline,0.024224805707086086,0.0,0.0001744186010910198,0.0,293.99996185302734,0.15636999905109406,0.19650002755224705,3.15021620651517e-10,3.2491128714998025e-10,1.3330154081253598e-10,6.950709212603988e-05
centerline,0.04844961141417217,0.0,0.0003488372021820396,0.0,293.9999237060547,0.15636999905109406,0.19650005362927914,6.441827323878989e-10,6.424165385449412e-10,2.629115484348299e-10,0.00013901418425207976
centerline,0.07267441510015892,0.0,0.0005232557887211442,0.0,293.99987411499023,0.1563699971884489,0.19650008156895638,1.241584913405766e-09,1.2021228510038565e-09,4.781400553266479e-10,0.00025643733136380476
centerline,0.09689922282834434,0.0,0.0006976744043640792,0.0,293.9997901916504,0.1563699971884489,0.19650010764598846,2.2741058375939775e-09,2.190297118863161e-09,8.245427327024935e-10,0.0004052745577785221
centerline,0.12112403055652976,0.0,0.0008720930200070143,0.0,293.9997024536133,0.15636999532580376,0.196500139310956,3.946777866290917e-09,3.854193227696764e-09,1.3725767744610096e-09,0.0005710845157226362
centerline,0.14534883020031783,0.0,0.0010465115774422884,0.0,293.9996109008789,0.1563699822872877,0.1965001691132784,6.50560396971546e-09,6.6210812003022415e-09,2.2222216150558083e-09,0.0007603027558358873
centerline,0.16957364601290062,0.0,0.0012209302512928843,0.0,293.99951934814453,0.15636998042464256,0.19650018028914928,1.0444124992121549e-08,1.1130002012292382e-08,3.510338686396608e-09,0.0009561734831963458
centerline,0.1937984456566887,0.0,0.0013953488087281585,0.0,293.99943923950195,0.15636996366083622,0.19650018028914928,1.6380008073329198e-08,1.807395240497968e-08,5.42458372665422e-09,0.0011626694135218052
centerline,0.21802326146927145,0.0,0.0015697674825787544,0.0,293.99937438964844,0.15636994689702988,0.1965001616626978,2.4917244341134733e-08,2.8458198089720277e-08,8.222018399450803e-09,0.0013655550611468737
centerline,0.24224806111305952,0.0,0.0017441860400140285,0.0,293.9993324279785,0.15636992268264294,0.1965001355856657,3.707231103046785e-08,4.3711485875341793e-08,1.22624469467425e-08,0.0015748694801816492
centerline,0.2664728607568476,0.0,0.0019186045974493027,0.0,293.9993362426758,0.15636988915503025,0.19650008156895638,5.5504343866689954e-08,6.61713152050325e-08,1.8011819147289998e-08,0.0017884544094988687
centerline,0.29069766040063566,0.0,0.002093023154884577,0.0,293.9993782043457,0.15636984445154667,0.19650001637637615,8.461865372809407e-08,1.0049082210805693e-07,2.605761184604205e-08,0.002001574963231931
centerline,0.31492249238201314,0.0,0.0022674419451504946,0.0,293.99948501586914,0.1563697848469019,0.1964999120682478,1.2735446436318298e-07,1.5101603345613057e-07,3.715123231273765e-08,0.0022338594893583463
centerline,0.33914729202580124,0.0,0.0024418605025857687,0.0,293.99969482421875,0.15636971034109592,0.19649977423250675,1.8783352073725723e-07,2.2226441043216028e-07,5.222187793307853e-08,0.002475594514910945
centerline,0.3633720916695893,0.0,0.002616279060021043,0.0,294.0000114440918,0.15636959299445152,0.19649959355592728,2.7635785126989276e-07,3.222246558465258e-07,7.238632182549054e-08,0.002725731330685354
centerline,0.3875968913133774,0.0,0.002790697617456317,0.0,294.00049209594727,0.15636945143342018,0.19649935886263847,3.99811550977347e-07,4.583263617519151e-07,9.897914665657481e-08,0.0030004164211461493
centerline,0.4118216909571654,0.0,0.002965116174891591,0.0,294.0011863708496,0.15636926889419556,0.19649905897676945,5.622853329612099e-07,6.390137734513246e-07,1.3357153605397798e-07,0.003272945785776757
centerline,0.4360465229385429,0.0,0.003139534965157509,0.0,294.0021514892578,0.1563690323382616,0.1964986715465784,7.723138146786823e-07,8.740378163452078e-07,1.779676690460974e-07,0.003568501981694993
centerline,0.460271322582331,0.0,0.003313953522592783,0.0,294.0034637451172,0.15636873804032803,0.196498179808259,1.0397268184192399e-06,1.1731115350244181e-06,2.3421290862302158e-07,0.0038788850232453023
centerline,0.48449612222611904,0.0,0.003488372080028057,0.0,294.00519943237305,0.15636837668716908,0.19649758003652096,1.3788065729158916e-06,1.548307068333088e-06,3.0460369160323353e-07,0.004201682540661037
centerline,0.5087209218699071,0.0,0.0036627906374633312,0.0,294.0074653625488,0.15636792965233326,0.19649682566523552,1.8031435331522516e-06,2.0129639324295567e-06,3.9169864507471175e-07,0.004522575796135418
centerline,0.5329457215136952,0.0,0.0038372091948986053,0.0,294.01037216186523,0.15636738762259483,0.19649591483175755,2.32378722841986e-06,2.58162199884282e-06,4.982908805573061e-07,0.004853241006519562
centerline,0.5571705211574832,0.0,0.0040116277523338795,0.0,294.01402282714844,0.1563667394220829,0.19649481773376465,2.954681832534334e-06,3.26998957689284e-06,6.273885659879852e-07,0.00519204822328228
centerline,0.5813953208012713,0.0,0.004186046309769154,0.0,294.0185737609863,0.15636596642434597,0.19649350456893444,3.713133196470153e-06,4.094853579772462e-06,7.822162899628893e-07,0.005529683630055504
centerline,0.6056201851202382,0.0,0.004360465332865715,0.0,294.0241584777832,0.1563650630414486,0.19649194553494453,4.61878431678997e-06,5.073928434740083e-06,9.661860644882836e-07,0.005877287376837142
centerline,0.6298449847640263,0.0,0.004534883890300989,0.0,294.0309257507324,0.15636401064693928,0.19649011455476284,5.6875746281548345e-06,6.2257694821710174e-06,1.1828856258944143e-06,0.006224518806027841
centerline,0.6540697844078144,0.0,0.004709302447736263,0.0,294.0390625,0.15636278875172138,0.19648797996342182,6.9347044586720585e-06,7.5696428325500165e-06,1.4360637408117327e-06,0.006577193012950257
centerline,0.6782945840516025,0.0,0.004883721005171537,0.0,294.0487403869629,0.1563613899052143,0.19648551009595394,8.378330448977067e-06,9.1254088374626e-06,1.729597883581846e-06,0.006934165889009159
centerline,0.7025193836953905,0.0,0.0050581395626068115,0.0,294.06014251708984,0.15635979734361172,0.1964826714247465,1.003698525892105e-05,1.0913378105215088e-05,2.067463668709024e-06,0.007288364229507842
centerline,0.7267441833391786,0.0,0.005232558120042086,0.0,294.0734672546387,0.15635798685252666,0.19647943042218685,1.1929521065212612e-05,1.2954167118550686e-05,2.453701313243073e-06,0.007658771224756651
centerline,0.7509689829829667,0.0,0.00540697667747736,0.0,294.0889472961426,0.15635596215724945,0.19647575356066227,1.407490026394953e-05,1.526857363387535e-05,2.8923853108153708e-06,0.008029153019851252
centerline,0.7751937826267548,0.0,0.005581395234912634,0.0,294.1067695617676,0.15635369531810284,0.19647160731256008,1.649203250053688e-05,1.7877340724226087e-05,3.387600600035512e-06,0.008409903947699608
centerline,0.7994185822705429,0.0,0.005755813792347908,0.0,294.1271667480469,0.15635117888450623,0.1964669581502676,1.919965393426537e-05,2.080101990031835e-05,3.943412991702644e-06,0.008794134054324262
centerline,0.8236433819143308,0.0,0.005930232349783182,0.0,294.15036392211914,0.15634839795529842,0.1964617744088173,2.2216200932234642e-05,2.4059865609160624e-05,4.563839468119113e-06,0.009179242071291862
centerline,0.8478682462332977,0.0,0.006104651372879744,0.0,294.1765785217285,0.15634533762931824,0.19645602628588676,2.5559713094480685e-05,2.767370665424096e-05,5.252821836165822e-06,0.009594386794842293
centerline,0.8720930458770858,0.0,0.006279069930315018,0.0,294.20605087280273,0.15634199231863022,0.1964496746659279,2.9247707288959646e-05,3.16618043143535e-05,6.014201858306478e-06,0.010020975924096443
centerline,0.8963178455208739,0.0,0.006453488487750292,0.0,294.23900604248047,0.15633834712207317,0.19644269533455372,3.329706987642567e-05,3.6042746614839416e-05,6.851697378351673e-06,0.010461864106155063
centerline,0.920542645164662,0.0,0.006627907045185566,0.0,294.27567291259766,0.1563343945890665,0.19643505476415157,3.772398304136004e-05,4.0834366700437386e-05,7.768882483105699e-06,0.010925588657064642
centerline,0.94476744480845,0.0,0.00680232560262084,0.0,294.31628036499023,0.15633012540638447,0.1964267250150442,4.2543850213405676e-05,4.60536634818709e-05,8.769171699896106e-06,0.011420471611340369
centerline,0.9689922444522381,0.0,0.006976744160056114,0.0,294.3610420227051,0.15632553212344646,0.19641768001019955,4.777124786414788e-05,5.171670090931002e-05,9.85580606993608e-06,0.01192797155251411
centerline,0.9932170440960262,0.0,0.007151162717491388,0.0,294.4101905822754,0.15632060915231705,0.19640789739787579,5.3419913001562236e-05,5.7838619795802515e-05,1.1031845701836573e-05,0.01247087898873466
centerline,1.0174418437398143,0.0,0.0073255812749266624,0.0,294.4639358520508,0.15631535090506077,0.19639734737575054,5.950276181465597e-05,6.44336641926202e-05,1.2300164144107839e-05,0.013031450304228896
centerline,1.0416666433836024,0.0,0.007499999832361937,0.0,294.52247619628906,0.15630975365638733,0.19638601504266262,6.60318837617524e-05,7.151517093006987e-05,1.3663453614753962e-05,0.013618424359415942
centerline,1.0658914430273905,0.0,0.007674418389797211,0.0,294.5860252380371,0.15630380809307098,0.19637387804687023,7.301854384422768e-05,7.909561190899694e-05,1.5124237847885524e-05,0.014222488323718278
centerline,1.0901163073463573,0.0,0.007848837412893772,0.0,294.6547660827637,0.15629750862717628,0.19636091031134129,8.047325627558166e-05,8.718665958440397e-05,1.6684881529727136e-05,0.014847616720228506
centerline,1.1143410423149664,0.0,0.008023255504667759,0.0,294.7289123535156,0.15629086457192898,0.19634710252285004,8.840591453918023e-05,9.579928519087844e-05,1.8347608147450956e-05,0.015480663800316265
centerline,1.1385659066339333,0.0,0.00819767452776432,0.0,294.80862045288086,0.15628386475145817,0.19633243046700954,9.682582458481193e-05,0.00010494380148884375,2.0114511926294654e-05,0.016126731384985975
centerline,1.1627906416025426,0.0,0.008372092619538307,0.0,294.8940963745117,0.1562765073031187,0.19631688110530376,0.00010574175212241244,0.00011462993825261947,2.1987564423398e-05,0.016768852064963605
centerline,1.1870155059215095,0.0,0.008546511642634869,0.0,294.98551177978516,0.15626879408955574,0.1963004358112812,0.00011516195900185267,0.00012486686500778887,2.3968623963810387e-05,0.017408477863958688
centerline,1.2112403702404764,0.0,0.00872093066573143,0.0,295.0830421447754,0.15626072697341442,0.19628308527171612,0.00012509422231232747,0.0001356632110400824,2.6059435867864522e-05,0.018044906385372577
centerline,1.2354651052090857,0.0,0.008895348757505417,0.0,295.18682861328125,0.1562522929161787,0.19626480899751186,0.00013554581710195635,0.00014702705448144116,2.8261640181881376e-05,0.018674912704381198
centerline,1.2596899695280526,0.0,0.009069767780601978,0.0,295.297061920166,0.15624350681900978,0.1962455976754427,0.00014652351455879398,0.00015896596596576273,3.057677008655446e-05,0.019306429333970566
centerline,1.283914704496662,0.0,0.009244185872375965,0.0,295.41387939453125,0.15623435750603676,0.19622543640434742,0.0001580336465849541,0.00017148698862001766,3.300625576230232e-05,0.019928048617135985
centerline,1.3081395688156288,0.0,0.009418604895472527,0.0,295.5374221801758,0.15622485615313053,0.19620431400835514,0.00017008212853397708,0.00018459669263393153,3.555142666300526e-05,0.02056006603515789
centerline,1.332364303784238,0.0,0.009593022987246513,0.0,295.6678466796875,0.15621498972177505,0.1961822211742401,0.00018267447740072384,0.00019830121891573071,3.8213514926610515e-05,0.021179232198815956
centerline,1.356589168103205,0.0,0.009767442010343075,0.0,295.80530166625977,0.15620477125048637,0.1961591485887766,0.00019581580636440776,0.00021260621360852383,4.0993660149979405e-05,0.02180871434682726
centerline,1.380813903071814,0.0,0.009941860102117062,0.0,295.9499206542969,0.1561941932886839,0.19613508321344852,0.00020951082478859462,0.00022751690630684607,4.389290779727162e-05,0.022451222433370947
centerline,1.405038767390781,0.0,0.010116279125213623,0.0,296.10181045532227,0.15618326514959335,0.19611001759767532,0.00022376381275535095,0.0002430380609439453,4.6912216930650175e-05,0.02311444377826375
centerline,1.4292635023593903,0.0,0.01029069721698761,0.0,296.26111221313477,0.15617198310792446,0.19608395174145699,0.00023857865562604275,0.0002591740121715702,5.005245793654467e-05,0.023790886370873267
centerline,1.4534883666783571,0.0,0.010465116240084171,0.0,296.4279441833496,0.15616034343838692,0.19605686515569687,0.0002539589040679857,0.0002759287235676311,5.331442935130326e-05,0.024508586230766603
centerline,1.477713230997324,0.0,0.010639535263180733,0.0,296.60242080688477,0.15614835731685162,0.19602876156568527,0.00026990779588231817,0.0002933058094640728,5.669885058523505e-05,0.025263764841946753
centerline,1.5019379659659333,0.0,0.01081395335495472,0.0,296.78464126586914,0.1561360266059637,0.195999626070261,0.00028642821416724473,0.000311308482196182,6.0206361922610085e-05,0.026072468491273752
centerline,1.5261628302849002,0.0,0.010988372378051281,0.0,296.97471618652344,0.1561233513057232,0.19596946239471436,0.0003035227746295277,0.0003299396666989196,6.383754043781664e-05,0.026942316424324556
centerline,1.5503875652535095,0.0,0.011162790469825268,0.0,297.17273330688477,0.15611032582819462,0.1959382575005293,0.0003211939074390102,0.0003492020223347936,6.759290135960327e-05,0.027903880009858596
centerline,1.5746124295724764,0.0,0.01133720949292183,0.0,297.3788032531738,0.15609696693718433,0.1959060113877058,0.0003394436898815911,0.00036909787377226166,7.147290125431027e-05,0.02894520670719286
centerline,1.5988371645410857,0.0,0.011511627584695816,0.0,297.5929985046387,0.1560832615941763,0.19587271474301815,0.0003582739482226316,0.00038962922917562537,7.54779312046594e-05,0.030104871326555267
centerline,1.6230620288600526,0.0,0.011686046607792377,0.0,297.8154106140137,0.1560692209750414,0.19583837501704693,0.00037768635229440406,0.0004107979293621611,7.960833409015322e-05,0.03138295937415165
centerline,1.6472867638286617,0.0,0.011860464699566364,0.0,298.0461196899414,0.15605485066771507,0.1958029754459858,0.00039768228452885523,0.00043260554230073467,8.386440367758041e-05,0.03281439306696297
centerline,1.6715116281476285,0.0,0.012034883722662926,0.0,298.28520584106445,0.1560401450842619,0.1957665216177702,0.0004182630145805888,0.00045505341768148355,8.824639371596277e-05,0.03439568978468605
centerline,1.6957364924665954,0.0,0.012209302745759487,0.0,298.5327377319336,0.1560251098126173,0.19572900608181953,0.0004394296229293104,0.0004781427633133717,9.27545197555446e-05,0.03614688209519564
centerline,1.7199612274352047,0.0,0.012383720837533474,0.0,298.7887878417969,0.1560097485780716,0.19569042697548866,0.0004611830154317431,0.0005018746014684439,9.738896096678218e-05,0.03810665288617246
centerline,1.7441860917541716,0.0,0.012558139860630035,0.0,299.0534210205078,0.15599406696856022,0.19565078616142273,0.00048352395606343634,0.0005262498088995926,0.00010214987105428008,0.040260788432408
centerline,1.768410826722781,0.0,0.012732557952404022,0.0,299.3267059326172,0.15597805939614773,0.19561007991433144,0.0005064531287644058,0.0005512691277544945,0.00010703737189032836,0.04264933630961738
centerline,1.7926356910417478,0.0,0.012906976975500584,0.0,299.6086845397949,0.15596172399818897,0.19556830823421478,0.0005299712283886038,0.0005769333583884872,0.00011205158261873294,0.045272541559525224
centerline,1.8168604260103571,0.0,0.01308139506727457,0.0,299.89942932128906,0.15594507940113544,0.19552547112107277,0.0005540787678910419,0.0006032430828781798,0.00011719258236553287,0.0481402873089618
centerline,1.841085290329324,0.0,0.013255814090371132,0.0,300.19898223876953,0.1559281162917614,0.19548156671226025,0.0005787762565887533,0.0006301988105406053,0.0001224604393428308,0.05125904373351762
centerline,1.865310025297933,0.0,0.013430232182145119,0.0,300.5074234008789,0.15591084025800228,0.1954365987330675,0.0006040641092113219,0.0006578010288649239,0.000127855195387383,0.054636027921569415
centerline,1.8895348896169,0.0,0.01360465120524168,0.0,300.8247718811035,0.1558932550251484,0.19539055973291397,0.0006299425949691795,0.0006860499852336943,0.0001333768777840305,0.05826959438285232
centerline,1.9137597539358668,0.0,0.013779070228338242,0.0,301.1510887145996,0.15587535873055458,0.19534344784915447,0.0006564120049006306,0.0007149458906496875,0.00013902549471822567,0.06216356773761313
centerline,1.9379844889044762,0.0,0.013953488320112228,0.0,301.4864158630371,0.1558571606874466,0.19529527239501476,0.0006834724481450394,0.0007444888251484372,0.00014480103345704265,0.0663180404176753
centerline,1.962209353223443,0.0,0.01412790734320879,0.0,301.8307991027832,0.15583864599466324,0.19524602219462395,0.0007111239465302788,0.0007746787523501553,0.0001507034667156404,0.07073284036058167
centerline,1.9864340881920524,0.0,0.014302325434982777,0.0,302.1842803955078,0.1558198370039463,0.19519569911062717,0.0007393664418486878,0.00080551555583952,0.000156732754476252,0.07540801081289175
centerline,2.0106589525110192,0.0,0.014476744458079338,0.0,302.5469055175781,0.15580072812736034,0.1951443012803793,0.0007681998104089871,0.0008369990973733366,0.00016288884398818482,0.08033011783609167
centerline,2.0348836874796286,0.0,0.014651162549853325,0.0,302.9187126159668,0.15578131191432476,0.1950918361544609,0.0007976238630362786,0.0008691291295690462,0.00016917166431085207,0.08548796992703353
centerline,2.0591085517985954,0.0,0.014825581572949886,0.0,303.29972076416016,0.15576160326600075,0.19503829441964626,0.0008276383159682155,0.000901905310456641,0.00017558113540872,0.09087777851287572
centerline,2.0833332867672048,0.0,0.014999999664723873,0.0,303.6899757385254,0.1557416021823883,0.19498368352651596,0.0008582428345107473,0.0009353272762382403,0.00018211715905636083,0.09649533993936807
centerline,2.1075581510861716,0.0,0.015174418687820435,0.0,304.08950424194336,0.1557212993502617,0.1949279960244894,0.0008894370621419512,0.0009693945394246839,0.00018877963339036796,0.10233586072259532
centerline,2.131782886054781,0.0,0.015348836779594421,0.0,304.4983367919922,0.15570071525871754,0.1948712356388569,0.0009212204677169211,0.0010041065397672355,0.00019556843471946195,0.10838147623517971
centerline,2.156007750373748,0.0,0.015523255802690983,0.0,304.91649627685547,0.1556798294186592,0.19481340609490871,0.0009535924909869209,0.0010394626733614132,0.00020248343753337394,0.11462292528489708
centerline,2.1802326146927147,0.0,0.015697674825787544,0.0,305.34400939941406,0.15565866604447365,0.19475450552999973,0.0009865524843917228,0.0010754622489912435,0.0002095245054078987,0.12106388631326276
centerline,2.204457349661324,0.0,0.01587209291756153,0.0,305.7808952331543,0.15563721396028996,0.1946945358067751,0.0010200998949585482,0.0011121045681647956,0.00021669148736691568,0.12766367790432215
centerline,2.228682084629933,0.0,0.016046511009335518,0.0,306.2271842956543,0.15561547316610813,0.1946334931999445,0.001054234104231,0.0011493889905977994,0.00022398423243430443,0.13444465265414357
centerline,2.2529070782992577,0.0,0.016220930963754654,0.0,306.6828842163086,0.15559344924986362,0.1945713832974434,0.0010889542900258675,0.001187314701383002,0.00023140259327192325,0.14138559096172842
centerline,2.2771318132678666,0.0,0.01639534905552864,0.0,307.1480255126953,0.15557114966213703,0.19450820796191692,0.0011242598557146266,0.0012258809874765575,0.00023894640435173642,0.14845387468870422
centerline,2.301356548236476,0.0,0.016569767147302628,0.0,307.6226043701172,0.15554856322705746,0.19444396905601025,0.0011601500154938549,0.0012650870630750433,0.00024661551287863404,0.15564736739820273
centerline,2.3255812832050853,0.0,0.016744185239076614,0.0,308.1066665649414,0.15552570298314095,0.19437866657972336,0.0011966240126639605,0.0013049320841673762,0.000254409751505591,0.16295773908972908
centerline,2.3498062768744097,0.0,0.01691860519349575,0.0,308.60021209716797,0.1555025614798069,0.1943122986704111,0.0012336810759734362,0.0013454152940539643,0.0002623289510665927,0.170363489328902
centerline,2.374031011843019,0.0,0.017093023285269737,0.0,309.10325622558594,0.15547915175557137,0.1942448690533638,0.0012713205796899274,0.0013865358923794702,0.00027037297695642337,0.17783459062426138
centerline,2.3982557468116283,0.0,0.017267441377043724,0.0,309.61581802368164,0.15545545890927315,0.19417637772858143,0.0013095419853925705,0.0014282933116191998,0.0002785416982078459,0.18537824989153528
centerline,2.4224807404809527,0.0,0.01744186133146286,0.0,310.13791275024414,0.15543149784207344,0.19410682655870914,0.0013483446673490107,0.0014706868823850527,0.00028683498385362327,0.19294319823284548
centerline,2.446705475449562,0.0,0.017616279423236847,0.0,310.66955184936523,0.1554072629660368,0.19403621554374695,0.0013877279125154018,0.0015137158043216914,0.00029525267018470913,0.20052112225680338
centerline,2.4709302104181714,0.0,0.017790697515010834,0.0,311.2107391357422,0.15538275800645351,0.19396454468369484,0.001427690964192152,0.0015573792479699478,0.000303794597130036,0.2081014238964223
centerline,2.4951549453867807,0.0,0.01796511560678482,0.0,311.7614974975586,0.1553579792380333,0.19389181770384312,0.0014682330220239237,0.0016016762529034168,0.0003124605864286423,0.21565825526704646
centerline,2.519379939056105,0.0,0.018139535561203957,0.0,312.3218193054199,0.15533293597400188,0.19381803646683693,0.0015093532856553793,0.0016466060478705913,0.00032125046709552407,0.2231777263182371
centerline,2.5436046740247145,0.0,0.018313953652977943,0.0,312.8917236328125,0.15530762262642384,0.19374319724738598,0.001551051129354164,0.0016921678034123033,0.00033016411543940194,0.23064253607297314
centerline,2.567829408993324,0.0,0.01848837174475193,0.0,313.4712142944336,0.15528204292058945,0.1936673056334257,0.0015933260292513296,0.0017383610393153504,0.0003392014004930388,0.2380201718833462
centerline,2.592054143961933,0.0,0.018662789836525917,0.0,314.0603141784668,0.15525619871914387,0.19359035976231098,0.0016361773887183517,0.0017851849843282253,0.00034836219128919765,0.24528534407173383
centerline,2.6162791376312575,0.0,0.018837209790945053,0.0,314.6590003967285,0.1552300900220871,0.1935123596340418,0.001679604480159469,0.0018326388817513362,0.00035764634594670497,0.25242917210020605
centerline,2.640503872599867,0.0,0.01901162788271904,0.0,315.2673034667969,0.155203714966774,0.19343330897390842,0.0017236065468750894,0.0018807218439178541,0.0003670536789286416,0.2594283659990627
centerline,2.664728607568476,0.0,0.019186045974493027,0.0,315.8852119445801,0.15517708472907543,0.1933532115072012,0.001768182628438808,0.0019294328230898827,0.0003765840083360672,0.26625573384907597
centerline,2.6889536012378006,0.0,0.019360465928912163,0.0,316.5127296447754,0.1551501825451851,0.1932720635086298,0.001813331778976135,0.0019787707715295255,0.00038623712680418976,0.2729123494275991
centerline,2.71317833620641,0.0,0.01953488402068615,0.0,317.1498680114746,0.1551230289041996,0.19318987056612968,0.0018590530380606651,0.0020287346560508013,0.00039601282696821727,0.2793792849940139
centerline,2.7374030711750192,0.0,0.019709302112460136,0.0,317.7966079711914,0.15509560704231262,0.19310663267970085,0.0019053451833315194,0.002079323079669848,0.00040591085416963324,0.2856610634698314
centerline,2.761627806143628,0.0,0.019883720204234123,0.0,318.4529571533203,0.1550679299980402,0.19302235171198845,0.0019522067887010053,0.00213053438346833,0.00041593088826630265,0.2917590438494003
centerline,2.785852799812953,0.0,0.02005814015865326,0.0,319.11888885498047,0.15503999777138233,0.19293702952563763,0.0019996363989776,0.002182366995839402,0.0004260726236680057,0.29768861071184355
centerline,2.810077534781562,0.0,0.020232558250427246,0.0,319.7944107055664,0.15501180849969387,0.19285067357122898,0.002047632646281272,0.0022348193742800504,0.0004363357220427133,0.30345128210385636
centerline,2.834302269750171,0.0,0.020406976342201233,0.0,320.47948837280273,0.15498336218297482,0.1927632801234722,0.002096193842589855,0.0022878895106259733,0.00044671985233435407,0.3090573121070561
centerline,2.8585270047187805,0.0,0.02058139443397522,0.0,321.1741180419922,0.15495466440916061,0.19267485663294792,0.0021453182853292674,0.0023415755422320217,0.0004572246107272804,0.31455281592134116
centerline,2.882751998388105,0.0,0.020755814388394356,0.0,321.87828826904297,0.15492571890354156,0.1925854068249464,0.0021950039954390377,0.0023958755482453853,0.0004678496225096751,0.31994193646113
centerline,2.9069767333567142,0.0,0.020930232480168343,0.0,322.5919647216797,0.15489651449024677,0.19249493069946766,0.0022452494595199823,0.002450787491397932,0.0004785945202456787,0.32524914195761584
centerline,2.9312014683253236,0.0,0.02110465057194233,0.0,323.3151512145996,0.15486706793308258,0.19240343384444714,0.0022960528440307826,0.0025063095381483436,0.0004894589146715589,0.3305079069727144
centerline,2.955426461994648,0.0,0.021279070526361465,0.0,324.04781341552734,0.1548373680561781,0.19231091625988483,0.0023474122572224587,0.0025624397094361484,0.0005004424419894349,0.3357400396142696
centerline,2.9796511969632573,0.0,0.021453488618135452,0.0,324.7899398803711,0.15480742417275906,0.19221738912165165,0.0023993260401766747,0.0026191762881353498,0.0005115447420394048,0.3409775995920651
centerline,3.0038759319318666,0.0,0.02162790670990944,0.0,325.54149627685547,0.15477723628282547,0.19212284870445728,0.002451792446663603,0.002676517382496968,0.0005227654473856091,0.34623965953055086
centerline,3.028100666900476,0.0,0.021802324801683426,0.0,326.30248260498047,0.1547467950731516,0.19202729873359203,0.002504809817764908,0.0027344611298758537,0.000534104197868146,0.35154977508867596
centerline,3.0523256605698004,0.0,0.021976744756102562,0.0,327.07287979125977,0.1547161154448986,0.1919307466596365,0.002558376523666084,0.0027930059877689928,0.0005455606660689227,0.356947381460886
centerline,3.0765503955384097,0.0,0.02215116284787655,0.0,327.85264587402344,0.15468518994748592,0.19183318875730038,0.002612491080071777,0.0028521502390503883,0.00055713457550155,0.3624390503342778
centerline,3.100775130507019,0.0,0.022325580939650536,0.0,328.6417808532715,0.154654024168849,0.19173463061451912,0.0026671521191019565,0.0029118922248017043,0.0005688255550921895,0.36804650762185664
centerline,3.1250001241763434,0.0,0.02250000089406967,0.0,329.4402656555176,0.1546226181089878,0.19163507409393787,0.0027223582728765905,0.002972230431623757,0.0005806333356304094,0.3737992534061175
centerline,3.1492248591449528,0.0,0.02267441898584366,0.0,330.2480888366699,0.15459097176790237,0.19153452292084694,0.0027781084063462913,0.003033163578948006,0.000592557669733651,0.3796901109741734
centerline,3.173449594113562,0.0,0.022848837077617645,0.0,331.0652313232422,0.15455907955765724,0.1914329808205366,0.0028344012680463493,0.0030946902988944203,0.0006045982881914824,0.3857459671704505
centerline,3.1976743290821714,0.0,0.023023255169391632,0.0,331.89167404174805,0.15452695079147816,0.191330436617136,0.002891235810238868,0.0031568093691021204,0.0006167549290694296,0.3919727924283094
centerline,3.221899322751496,0.0,0.023197675123810768,0.0,332.72740173339844,0.15449458733201027,0.19122690707445145,0.002948610665043816,0.003219519421691075,0.0006290273304330185,0.39838514264490027
centerline,3.246124057720105,0.0,0.023372093215584755,0.0,333.5723876953125,0.15446198545396328,0.19112238474190235,0.0030065250757616013,0.003282819234300405,0.000641415266727563,0.40499852691911575
centerline,3.270348792688714,0.0,0.023546511307358742,0.0,334.42663955688477,0.15442914329469204,0.1910168807953596,0.0030649777327198535,0.003346707730088383,0.0006539185196743347,0.41182490148433964
centerline,3.2945735276573234,0.0,0.02372092939913273,0.0,335.2901191711426,0.154396066442132,0.19091038778424263,0.0031239677336998284,0.0034111837157979608,0.0006665368637186475,0.41886268340438704
centerline,3.3187985213266478,0.0,0.023895349353551865,0.0,336.16280364990234,0.1543627455830574,0.1908029168844223,0.003183494001859799,0.0034762462601065636,0.0006792700878577307,0.4261478643571162
centerline,3.343023256295257,0.0,0.02406976744532585,0.0,337.0446891784668,0.15432919934391975,0.19069446250796318,0.0032435557222925127,0.0035418944316916168,0.0006921180174686015,0.4337021194325073
centerline,3.3672479912638664,0.0,0.024244185537099838,0.0,337.93575286865234,0.1542954109609127,0.19058502838015556,0.0033041520800907165,0.0036081271537113935,0.0007050804561004043,0.44150386548258325
centerline,3.391472984933191,0.0,0.024418605491518974,0.0,338.8359718322754,0.1542613934725523,0.1904746126383543,0.003365282202139497,0.0036749434657394886,0.0007181572000263259,0.4495921520031702
centerline,3.4156977199018,0.0,0.02459302358329296,0.0,339.74535369873047,0.1542271375656128,0.19036322273314,0.0034269456227775663,0.0037423426401801407,0.0007313481182791293,0.45795583957509933
centerline,3.4399224548704095,0.0,0.024767441675066948,0.0,340.66385650634766,0.15419264137744904,0.19025085493922234,0.0034891416726168245,0.0038103240949567407,0.0007446530726156197,0.46660386387481817
centerline,3.464147189839019,0.0,0.024941859766840935,0.0,341.591495513916,0.15415791794657707,0.19013751484453678,0.00355186962406151,0.003878886956954375,0.000758071881136857,0.47551730237331513
centerline,3.488372183508343,0.0,0.02511627972126007,0.0,342.5282287597656,0.1541229635477066,0.19002320244908333,0.0036151284584775567,0.003948030556784943,0.0007716044201515615,0.48472771425269445
centerline,3.5125969184769525,0.0,0.025290697813034058,0.0,343.4740562438965,0.15408776886761189,0.18990791216492653,0.003678917622892186,0.004017754166852683,0.0007852505368646234,0.4942334073956212
centerline,3.536821653445562,0.0,0.025465115904808044,0.0,344.42895126342773,0.15405233949422836,0.18979165889322758,0.0037432366516441107,0.004088057030458003,0.0007990101148607209,0.5040374540316491
centerline,3.561046388414171,0.0,0.02563953399658203,0.0,345.39290618896484,0.15401668660342693,0.18967443332076073,0.0038080849626567215,0.004158938711043447,0.0008128829940687865,0.5141466716685366
centerline,3.5852713820834956,0.0,0.025813953951001167,0.0,346.3658905029297,0.15398078970611095,0.18955623358488083,0.003873461944749579,0.004230398510117084,0.0008268690653494559,0.5245741337040402
centerline,3.609496117052105,0.0,0.025988372042775154,0.0,347.34791564941406,0.15394466556608677,0.18943706899881363,0.003939367248676717,0.004302435496356338,0.0008409682268393226,0.5353105578833395
centerline,3.6337208520207143,0.0,0.02616279013454914,0.0,348.3389472961426,0.15390831045806408,0.18931694142520428,0.004005800350569189,0.0043750497861765325,0.0008551803693990223,0.546367742077983
centerline,3.6579458456900387,0.0,0.026337210088968277,0.0,349.33898544311523,0.1538717206567526,0.18919583782553673,0.0040727611049078405,0.004448240797501057,0.0008695054420968518,0.5577225039593241
centerline,3.682170580658648,0.0,0.026511628180742264,0.0,350.34801483154297,0.15383489057421684,0.18907377310097218,0.004140249278862029,0.004522008181083947,0.0008839433430694044,0.5693805633230697
centerline,3.7063953156272573,0.0,0.02668604627251625,0.0,351.3660087585449,0.1537978369742632,0.18895074911415577,0.004208264639601111,0.00459635176230222,0.000898494035936892,0.5813659531356963
centerline,3.730620050595866,0.0,0.026860464364290237,0.0,352.3929557800293,0.15376054868102074,0.18882674723863602,0.004276806837879121,0.004671271366532892,0.0009131574552156962,0.5936640001386452
centerline,3.754845044265191,0.0,0.027034884318709373,0.0,353.4288635253906,0.15372302755713463,0.18870178796350956,0.004345875815488398,0.004746766935568303,0.0009279335645260289,0.6062651862360551
centerline,3.7790697792338,0.0,0.02720930241048336,0.0,354.473690032959,0.15368527173995972,0.1885758601129055,0.004415471164975315,0.004822838003747165,0.0009428223056602292,0.6191556328610515
centerline,3.8032945142024093,0.0,0.027383720502257347,0.0,355.5274467468262,0.15364728309214115,0.1884489730000496,0.0044855932355858386,0.004899484512861818,0.0009578237004461698,0.6323615116436475
centerline,3.8275195078717337,0.0,0.027558140456676483,0.0,356.5901184082031,0.15360905788838863,0.18832112289965153,0.004556242085527629,0.004976706753950566,0.0009729377197800204,0.6458544801182431
centerline,3.851744242840343,0.0,0.02773255854845047,0.0,357.6616859436035,0.15357060357928276,0.188192306086421,0.004627417656593025,0.00505450478522107,0.000988164400041569,0.6596269177295789
centerline,3.8759689778089523,0.0,0.027906976640224457,0.0,358.74213790893555,0.15353192016482353,0.18806253001093864,0.004699120006989688,0.005132878548465669,0.0010035037121269852,0.6736987746411802
centerline,3.9001937127775617,0.0,0.028081394731998444,0.0,359.8314666748047,0.15349299274384975,0.18793178535997868,0.004771349544171244,0.005211828160099685,0.001018955692416057,0.6880662872514457
centerline,3.924418706446886,0.0,0.02825581468641758,0.0,360.9296455383301,0.15345384180545807,0.18780008144676685,0.004844106326345354,0.005291353969369084,0.0010345203336328268,0.7027327830965443
centerline,3.9486434414154954,0.0,0.028430232778191566,0.0,362.03667068481445,0.15341444686055183,0.18766741268336773,0.004917390237096697,0.0053714559762738645,0.0010501976939849555,0.7176608399444705
centerline,3.9728681763841047,0.0,0.028604650869965553,0.0,363.1525344848633,0.1533748246729374,0.1875337827950716,0.004991200985386968,0.005452134239021689,0.0010659877298166975,0.732861047167816
centerline,3.997092911352714,0.0,0.02877906896173954,0.0,364.2771987915039,0.15333496034145355,0.18739918991923332,0.005065537814516574,0.005533387826289982,0.0010818902956089005,0.748341990620198
centerline,4.0213179050220385,0.0,0.028953488916158676,0.0,365.4106636047363,0.15329487062990665,0.1872636377811432,0.005140398920048028,0.0056152152246795595,0.0010979050130117685,0.7640689638430799
centerline,4.045542639990647,0.0,0.029127907007932663,0.0,366.55284118652344,0.15325454622507095,0.18712713941931725,0.005215777549892664,0.005697608750779182,0.001114030455937609,0.7800543634807668
centerline,4.069767374959257,0.0,0.02930232509970665,0.0,367.7034721374512,0.1532140076160431,0.18698973953723907,0.005291648441925645,0.005780541221611202,0.001130261254729703,0.7962693387143716
centerline,4.093992368628581,0.0,0.029476745054125786,0.0,368.86141204833984,0.1531733013689518,0.1868516132235527,0.005367912061046809,0.005863904021680355,0.0011465761199360713,0.8127328294861877
centerline,4.118217103597191,0.0,0.029651163145899773,0.0,370.0216407775879,0.1531326323747635,0.18671346083283424,0.00544418761273846,0.005947280675172806,0.0011628935899352655,0.829598709595337
centerline,4.1424418385658,0.0,0.02982558123767376,0.0,371.1648826599121,0.15309268794953823,0.1865775901824236,0.005519193597137928,0.006029270589351654,0.0011789396376116201,0.8466059789117414
centerline,4.1666665735344095,0.0,0.029999999329447746,0.0,372.21144104003906,0.15305590257048607,0.18645234033465385,0.005588320491369814,0.006104833621066064,0.0011937280360143632,0.8619490630792662
centerline,4.180836905207899,0.0,0.030102025717496872,0.0,372.84598541259766,0.15303358063101768,0.1863762754946947,0.005630296946037561,0.006150718603748828,0.0012027081102132797,0.8710905120652046
centerline,4.195272663815154,0.0,0.03020596317946911,0.0,373.56481170654297,0.1530084628611803,0.18629063479602337,0.005677560111507773,0.006202382908668369,0.0012128189991926774,0.8816425899585445
centerline,4.209978764669763,0.0,0.03031184710562229,0.0,374.30026626586914,0.1529827918857336,0.18620304204523563,0.005725901573896408,0.006255225744098425,0.001223160419613123,0.8925159994649053
centerline,4.224960640486744,0.0,0.030419716611504555,0.0,375.0527801513672,0.15295655094087124,0.18611344695091248,0.00577534845797345,0.006309275748208165,0.0012337381049292162,0.9035965619518819
centerline,4.240223206579685,0.0,0.030529607087373734,0.0,375.8228759765625,0.15292971581220627,0.18602179363369942,0.0058259336510673165,0.006364568951539695,0.0012445590400602669,0.9149213598654783
centerline,4.255771895663606,0.0,0.03064155764877796,0.0,376.6110038757324,0.152902290225029,0.18592802621424198,0.005877686257008463,0.006421137077268213,0.0012556294532259926,0.9264638235151359
centerline,4.271611881752809,0.0,0.030755605548620224,0.0,377.4176483154297,0.15287424810230732,0.18583209440112114,0.005930635845288634,0.006479012896306813,0.001266955747269094,0.9382343689270225
centerline,4.287748856263028,0.0,0.030871791765093803,0.0,378.2432670593262,0.15284557454288006,0.18573393858969212,0.005984811461530626,0.006538228131830692,0.00127854423772078,0.9502675413877848
centerline,4.304187993208568,0.0,0.030990153551101685,0.0,379.0883445739746,0.15281626023352146,0.18563350848853588,0.006040244305040687,0.006598817475605756,0.0012904015893582255,0.9625623281213508
centerline,4.320935242705875,0.0,0.0311107337474823,0.0,379.9534149169922,0.15278628282248974,0.18553074076771736,0.006096967437770218,0.006660817365627736,0.0013025350490352139,0.9750320841604592
centerline,4.3379965548714,0.0,0.03123357519507408,0.0,380.83898544311523,0.15275562554597855,0.18542556837201118,0.0061550147365778685,0.006724264880176634,0.0013149518053978682,0.987673524007194
centerline,4.355377103719446,0.0,0.031358715146780014,0.0,381.7456169128418,0.1527242697775364,0.18531793728470802,0.006214420136529952,0.006789197388570756,0.0013276591344038025,1.0004908818519602
centerline,4.373084132870038,0.0,0.031486205756664276,0.0,382.6738395690918,0.15269220061600208,0.1852077767252922,0.006275218678638339,0.006855653307866305,0.001340664573945105,1.013534183620439
centerline,4.391122298936049,0.0,0.031616080552339554,0.0,383.6242141723633,0.15265940129756927,0.18509502336382866,0.006337446626275778,0.006923672743141651,0.001353975894744508,1.0268305738016652
centerline,4.409498845537503,0.0,0.031748391687870026,0.0,384.5973320007324,0.15262585692107677,0.1849796026945114,0.006401141814421862,0.006993296730797738,0.0013676011585630476,1.040373358139919
centerline,4.428219464090136,0.0,0.031883180141448975,0.0,385.5938034057617,0.15259153582155704,0.18486145325005054,0.006466343009378761,0.007064567995257676,0.001381548645440489,1.0541851400057647
centerline,4.447291398213969,0.0,0.03202049806714058,0.0,386.6142578125,0.15255642868578434,0.18474049679934978,0.006533089559525251,0.007137529843021184,0.0013958269264549017,1.0682963331101578
centerline,4.466720339324739,0.0,0.03216038644313812,0.0,387.65929794311523,0.15252051688730717,0.18461666069924831,0.006601422268431634,0.007212226511910558,0.0014104446017881855,1.082772436443829
centerline,4.48651353104247,0.0,0.03230289742350578,0.0,388.7295837402344,0.1524837724864483,0.18448986485600471,0.0066713831620290875,0.007288704451639205,0.001425410751835443,1.0976780724010713
centerline,4.506677699585755,0.0,0.03244807943701744,0.0,389.82579803466797,0.1524461768567562,0.18436002917587757,0.006743016827385873,0.007367012032773346,0.0014407348062377423,1.1130291824650542
centerline,4.527219571173191,0.0,0.032595980912446976,0.0,390.9486427307129,0.1524077095091343,0.18422707170248032,0.006816368433646858,0.007447198498994112,0.001456426369259134,1.128848444537513
centerline,4.548146389424801,0.0,0.032746654003858566,0.0,392.09882736206055,0.15236834064126015,0.18409090861678123,0.0068914849543944,0.00752931518945843,0.001472495569032617,1.145150103570255
centerline,4.5694659153620405,0.0,0.03290015459060669,0.0,393.27711486816406,0.15232805535197258,0.18395144678652287,0.006968415924347937,0.007613415888044983,0.00148895283928141,1.1619342599890494
centerline,4.5911843578020735,0.0,0.03305652737617493,0.0,394.4842834472656,0.1522868201136589,0.18380859680473804,0.007047212508041412,0.007699556823354214,0.0015058091667015105,1.1791501807052664
centerline,4.613309995167786,0.0,0.033215831965208054,0.0,395.72116470336914,0.15224461443722248,0.1836622655391693,0.0071279280236922204,0.007787796203047037,0.0015230758872348815,1.1967306571000942
centerline,4.635850071079202,0.0,0.03337812051177025,0.0,396.98857498168945,0.15220140852034092,0.18351234681904316,0.007210617419332266,0.00787819380639121,0.0015407648315886036,1.214605378653612
centerline,4.658812863959207,0.0,0.03354345262050629,0.0,398.2873840332031,0.15215717628598213,0.18335874564945698,0.007295335992239416,0.007970810809638351,0.001558887815917842,1.232745346346826
centerline,4.682205617427826,0.0,0.03371188044548035,0.0,399.6184501647949,0.15211188793182373,0.1832013539969921,0.007382140553090721,0.008065708330832422,0.001577456932864152,1.2511507772991588
centerline,4.706037127309376,0.0,0.0338834673166275,0.0,400.98265838623047,0.15206551924347878,0.18304006941616535,0.0074710886110551655,0.008162950281985104,0.0015964845806593075,1.2698575984809652
centerline,4.73031515462531,0.0,0.03405826911330223,0.0,402.3809356689453,0.15201803483068943,0.18287478387355804,0.007562240120023489,0.008262601913884282,0.0016159836377482861,1.2888578822374765
centerline,4.755047977798515,0.0,0.03423634544014931,0.0,403.81421661376953,0.15196940675377846,0.1827053800225258,0.007655657595023513,0.008364731445908546,0.0016359674336854368,1.3081476457984618
centerline,4.780244392653306,0.0,0.034417759627103806,0.0,405.2834930419922,0.15191960707306862,0.18253174051642418,0.0077514053555205464,0.008469409891404212,0.0016564498946536332,1.3277092809829527
centerline,4.805913195014,0.0,0.0346025750041008,0.0,406.7897720336914,0.15186859294772148,0.18235374614596367,0.007849550456739962,0.00857670942787081,0.0016774451360106468,1.347508383733896
centerline,4.832062663303481,0.0,0.034790851175785065,0.0,408.3340873718262,0.1518163438886404,0.1821712702512741,0.007950161234475672,0.008686705608852208,0.0016989679133985192,1.367544695134644
centerline,4.858702110747497,0.0,0.03498265519738197,0.0,409.91750717163086,0.15176281705498695,0.18198418617248535,0.00805330800358206,0.008799474919214845,0.001721033244393766,1.3878055493185997
centerline,4.885841367973222,0.0,0.035178057849407196,0.0,411.54114151000977,0.15170797519385815,0.18179235979914665,0.008159063989296556,0.008915097103454173,0.001743656728649512,1.4082735727400517
centerline,4.9134887134035425,0.0,0.03537711873650551,0.0,413.20610427856445,0.15165179036557674,0.18159565702080727,0.00826750393025577,0.009033654117956758,0.001766854344168678,1.4289306834505835
centerline,4.941654495067067,0.0,0.03557991236448288,0.0,414.91357803344727,0.15159421414136887,0.18139393255114555,0.008378705359064043,0.009155230480246246,0.0017906426946865395,1.4497745286715757
centerline,4.970347508788109,0.0,0.035786502063274384,0.0,416.664737701416,0.15153521671891212,0.18118704669177532,0.008492747554555535,0.009279913385398686,0.0018150387040805072,1.4707883056791893
centerline,4.999578619996707,0.0,0.03599696606397629,0.0,418.4608459472656,0.1514747552573681,0.18097484484314919,0.008609713055193424,0.009407792356796563,0.001840060023823753,1.4919994667831695
centerline,5.029357659320037,0.0,0.03621137514710426,0.0,420.3031311035156,0.15141278132796288,0.1807571742683649,0.008729686494916677,0.009538960177451372,0.0018657246982911602,1.5133986934903816
centerline,5.059694457385275,0.0,0.03642980009317398,0.0,422.19292068481445,0.1513492614030838,0.1805338803678751,0.008852755068801343,0.009673512540757656,0.0018920514412457123,1.5350161216490836
centerline,5.09060039702389,0.0,0.036652322858572006,0.0,424.1315383911133,0.15128415450453758,0.18030479550361633,0.008979008998721838,0.009811547817662358,0.0019190596212865785,1.5568546749990406
centerline,5.122084791461627,0.0,0.03687901049852371,0.0,426.1203842163086,0.15121740475296974,0.18006974644958973,0.009108540369197726,0.009953167638741434,0.0019467690726742148,1.5789376721670396
centerline,5.154159540931384,0.0,0.03710994869470596,0.0,428.16087341308594,0.15114896185696125,0.1798285599797964,0.009241445921361446,0.010098477359861135,0.0019752003718167543,1.6012461704616703
centerline,5.186834993461768,0.0,0.03734521195292473,0.0,430.25446701049805,0.15107879415154457,0.17958106100559235,0.00937782449182123,0.010247585829347372,0.0020043747354066,1.6238244199080725
centerline,5.220123566687107,0.0,0.03758488968014717,0.0,432.4026756286621,0.15100683830678463,0.17932705581188202,0.009517779457382858,0.01040060503873974,0.002034314296906814,1.6466908239512943
centerline,5.254035091234578,0.0,0.03782905265688896,0.0,434.6070327758789,0.15093304589390755,0.17906635254621506,0.009661417687311769,0.010557651752606034,0.002065041655441746,1.669860628866954
centerline,5.288582502139939,0.0,0.03807779401540756,0.0,436.86915588378906,0.1508573666214943,0.17879876121878624,0.009808848146349192,0.010718845995143056,0.0020965803996659815,1.6933212832161624
centerline,5.323777699636088,0.0,0.03833119943737984,0.0,439.19070053100586,0.1507797408849001,0.17852405831217766,0.009960184805095196,0.010884312796406448,0.002128954860381782,1.7171110285397595
centerline,5.359632066554494,0.0,0.03858935087919235,0.0,441.5733642578125,0.15070010721683502,0.17824203707277775,0.010115545010194182,0.01105418021325022,0.0021621902124024928,1.7411929202899308
centerline,5.396158020529482,0.0,0.03885233774781227,0.0,444.01890563964844,0.15061841905117035,0.17795247212052345,0.010275050299242139,0.011228580377064645,0.0021963123290333897,1.7655959347821224
centerline,5.433369013998243,0.0,0.039120256900787354,0.0,446.52911376953125,0.15053460747003555,0.1776551455259323,0.010438826167955995,0.011407650425098836,0.002231348044006154,1.7903060192442224
centerline,5.471276947193676,0.0,0.039393194019794464,0.0,449.10585021972656,0.1504486072808504,0.17734980955719948,0.01060700323432684,0.011591532500460744,0.0022673250641673803,1.8153349767437665
centerline,5.509895789954397,0.0,0.03967124968767166,0.0,451.75102615356445,0.15036035515367985,0.17703623697161674,0.010779714211821556,0.011780372820794582,0.002304272085893899,1.8407013179846134
centerline,5.549237959914738,0.0,0.03995451331138611,0.0,454.4666328430176,0.15026978589594364,0.17671416141092777,0.010957098449580371,0.011974323890171945,0.002342218969715759,1.866374948235904
centerline,5.589317426913315,0.0,0.040243085473775864,0.0,457.2546806335449,0.15017683058977127,0.17638333141803741,0.011139299371279776,0.012173542170785367,0.0023811964492779225,1.8923768724069094
centerline,5.630147643387318,0.0,0.04053706303238869,0.0,460.1172790527344,0.15008140914142132,0.17604346945881844,0.011326465639285743,0.01237819145899266,0.002421236305963248,1.9187207853812465
centerline,5.671743613978228,0.0,0.040836554020643234,0.0,463.0565605163574,0.14998345263302326,0.1756942979991436,0.011518751154653728,0.012588438810780644,0.0024623714562039822,1.9453834878329526
centerline,5.714118791123232,0.0,0.041141655296087265,0.0,466.0747718811035,0.14988288283348083,0.17533551901578903,0.011716315289959311,0.012804458616301417,0.002504635922377929,1.9723601818649121
centerline,5.757288179463811,0.0,0.041452474892139435,0.0,469.1741714477539,0.14977961778640747,0.17496684193611145,0.011919323354959488,0.013026432250626385,0.002548065211158246,1.999663864231752
centerline,5.801266783641444,0.0,0.0417691208422184,0.0,472.35713958740234,0.1496735755354166,0.1745879463851452,0.012127946829423308,0.013254545629024506,0.002592695673229173,2.0272612931496345
centerline,5.846069090896183,0.0,0.042091697454452515,0.0,475.62608337402344,0.14956467226147652,0.17419851012527943,0.012342361034825444,0.013488992466591299,0.0026385651726741344,2.0551741348639756
centerline,5.891711140672366,0.0,0.042420320212841034,0.0,478.98352813720703,0.14945281110703945,0.17379820346832275,0.012562747928313911,0.013729972648434341,0.002685713057871908,2.0833423685381462
centerline,5.938208455012904,0.0,0.04275510087609291,0.0,482.4320411682129,0.14933790639042854,0.17338667809963226,0.012789298314601183,0.013977694092318416,0.0027341798995621502,2.1117690955599784
centerline,5.985577590763569,0.0,0.043096158653497696,0.0,485.9742546081543,0.14921986311674118,0.1729635763913393,0.013022209517657757,0.014232370886020362,0.0027840077236760408,2.140458009276102
centerline,6.03383406996727,0.0,0.04344360530376434,0.0,489.61292266845703,0.14909857884049416,0.17252852767705917,0.013261684100143611,0.01449422538280487,0.0028352398076094687,2.1694120580945637
centerline,6.082994966871209,0.0,0.0437975637614727,0.0,493.3508186340332,0.1489739492535591,0.1720811426639557,0.013507933239452541,0.014763487852178514,0.0028879211749881506,2.198642727211656
centerline,6.1330768383211565,0.0,0.04415815323591232,0.0,497.19082260131836,0.14884587191045284,0.17162104323506355,0.013761176727712154,0.01504039706196636,0.0029420984792523086,2.2281899714425606
centerline,6.184097275965744,0.0,0.044525500386953354,0.0,501.1359176635742,0.14871424064040184,0.17114781215786934,0.014021639130078256,0.01532519783359021,0.002997819916345179,2.258052235960544
centerline,6.236074388855034,0.0,0.04489973559975624,0.0,505.18913650512695,0.1485789306461811,0.17066101543605328,0.014289551181718707,0.015618146979250014,0.0030551354575436562,2.288268145431464
centerline,6.289024733834797,0.0,0.045280978083610535,0.0,509.3536376953125,0.14843983761966228,0.17016022466123104,0.014565153396688402,0.015919508296065032,0.0031140968203544617,2.3188686679656043
centerline,6.342967972159386,0.0,0.04566936939954758,0.0,513.6326599121094,0.14829683117568493,0.16964496485888958,0.014848695718683302,0.01622955547645688,0.0031747576722409576,2.349889823930318
centerline,6.397921695477433,0.0,0.046065036207437515,0.0,518.0295448303223,0.1481497846543789,0.169114762917161,0.015140435309149325,0.016548572340980172,0.0032371737470384687,2.381327383615129
centerline,6.453905565043291,0.0,0.04646812006831169,0.0,522.5477294921875,0.14799856580793858,0.16856912896037102,0.015440644230693579,0.016876852372661233,0.0033014026703312993,2.413212244324461
centerline,6.510938724709882,0.0,0.04687875881791115,0.0,527.1907501220703,0.1478430461138487,0.16800755262374878,0.015749601065181196,0.017214701743796468,0.003367504308698699,2.4456006590533867
centerline,6.56904031833013,0.0,0.04729709029197693,0.0,531.9623107910156,0.14768307842314243,0.16742951795458794,0.016067594289779663,0.017562435939908028,0.003435540886130184,2.478455810524028
centerline,6.6282310419612465,0.0,0.04772326350212097,0.0,536.8661346435547,0.14751851744949818,0.16683446615934372,0.016394924372434616,0.017920386279001832,0.003505576984025538,2.5117761558936786
centerline,6.688530556857586,0.0,0.04815742000937462,0.0,541.9060821533203,0.14734920673072338,0.1662218328565359,0.016731902491301298,0.018288893857970834,0.00357767945388332,2.545706502622954
centerline,6.749960593879223,0.0,0.048599716275930405,0.0,547.0861358642578,0.1471749935299158,0.16559101827442646,0.017078850883990526,0.01866831653751433,0.003651917533716187,2.5802320154973613
centerline,6.81254133168194,0.0,0.04905029758810997,0.0,552.4104309082031,0.14699571393430233,0.16494141705334187,0.017436112742871046,0.019059021724388003,0.0037283634301275015,2.6153242287715806
centerline,6.876295018527243,0.0,0.04950932413339615,0.0,557.8832015991211,0.14681119471788406,0.16427241265773773,0.017804040107876062,0.019461390795186162,0.0038070916198194027,2.650969692582174
centerline,6.941243902676636,0.0,0.049976956099271774,0.0,563.5087738037109,0.14662126079201698,0.1635833252221346,0.018182991771027446,0.019875819562003016,0.003888179606292397,2.6872355008595283
centerline,7.007409197588762,0.0,0.050453346222639084,0.0,569.2916641235352,0.14642573334276676,0.16287347674369812,0.018573341192677617,0.020302715245634317,0.0039717075997032225,2.7240768684646683
centerline,7.074814703729418,0.0,0.05093866586685181,0.0,575.2364959716797,0.14622441120445728,0.1621421705931425,0.01897547417320311,0.0207425057888031,0.004057758662384003,2.7614696891075767
centerline,7.143483704162969,0.0,0.05143308266997337,0.0,581.348030090332,0.14601710811257362,0.16138864681124687,0.019389797234907746,0.021195634035393596,0.0041464195237495005,2.7994326811438426
centerline,7.21343948195378,0.0,0.051936764270067215,0.0,587.6312026977539,0.14580360613763332,0.16061215102672577,0.019816731568425894,0.021662559127435088,0.004237779823597521,2.8379251905505964
centerline,7.284705837567648,0.0,0.05244988203048706,0.0,594.091064453125,0.14558370225131512,0.15981188230216503,0.02025671163573861,0.022143757669255137,0.004331933101639152,2.877013626355934
centerline,7.357308123674658,0.0,0.052972618490457535,0.0,600.732795715332,0.14535716734826565,0.1589870173484087,0.020710191689431667,0.022639726288616657,0.00442897662287578,2.916834013027594
centerline,7.431270658142037,0.0,0.053505148738622665,0.0,607.5617294311523,0.1451237741857767,0.15813669189810753,0.02117764065042138,0.023150976514443755,0.004529010679107159,2.9574387115515055
centerline,7.506619311041303,0.0,0.054047659039497375,0.0,614.5835800170898,0.1448832880705595,0.15726003423333168,0.021659540245309472,0.023678039899095893,0.0046321392874233425,2.998386003675728
centerline,7.583379952443971,0.0,0.05460033565759659,0.0,621.8040618896484,0.14463545754551888,0.15635612607002258,0.022156396880745888,0.024221471277996898,0.004738470597658306,3.0394726374359196
centerline,7.6615789698229895,0.0,0.055163368582725525,0.0,629.2290802001953,0.1443800237029791,0.15542401745915413,0.02266873512417078,0.024781845277175307,0.004848117416258901,3.0807421068893253
centerline,7.741243785454167,0.0,0.055736955255270004,0.0,636.8646087646484,0.1441167239099741,0.15446271188557148,0.02319710305891931,0.0253597607370466,0.004961196333169937,3.1223241350780127
centerline,7.822401304211882,0.0,0.056321289390325546,0.0,644.7168197631836,0.14384528063237667,0.15347118116915226,0.02374206972308457,0.02595584117807448,0.005077829060610384,3.1646616781859658
centerline,7.905079983174801,0.0,0.056916575878858566,0.0,652.7920227050781,0.14356539770960808,0.1524483561515808,0.02430422673933208,0.02657073480077088,0.005198142200242728,3.2079921483973997
centerline,7.9893077620201645,0.0,0.05752301588654518,0.0,661.0968017578125,0.1432767789810896,0.15139311365783215,0.024884190410375595,0.02720511588267982,0.005322266952134669,3.252540211478917
centerline,8.075114132629501,0.0,0.058140821754932404,0.0,669.6379776000977,0.1429791059345007,0.15030429512262344,0.0254825996235013,0.02785968384705484,0.005450340162497014,3.2985398884749415
centerline,8.16252858688434,0.0,0.058770205825567245,0.0,678.4226455688477,0.14267205633223057,0.149180693551898,0.026100118877366185,0.028535165591165423,0.005582503275945783,3.3460262953012965
centerline,8.251581134067642,0.0,0.05941138416528702,0.0,687.4581604003906,0.1423552967607975,0.1480210591107607,0.02673743781633675,0.02923231548629701,0.005718903907109052,3.394939120177209
centerline,8.342302300863796,0.0,0.06006457656621933,0.0,696.7521362304688,0.14202846959233284,0.14682408049702644,0.02739527844823897,0.02995191956870258,0.005859695142135024,3.4452483026314735
centerline,8.434723648760054,0.0,0.06073001027107239,0.0,706.3123016357422,0.14169121161103249,0.14558838866651058,0.028074390720576048,0.03069479577243328,0.0060050367610529065,3.4970879968088457
centerline,8.528876739243666,0.0,0.0614079125225544,0.0,716.1467590332031,0.141343142837286,0.14431255497038364,0.02877555717714131,0.031461795791983604,0.006155094539280981,3.550550250422741
centerline,8.624794686006176,0.0,0.06209852173924446,0.0,726.2638397216797,0.14098387025296688,0.14299511350691319,0.029499585507437587,0.0322538036853075,0.0063100410043261945,3.605733878211301
centerline,8.722509567936262,0.0,0.06280206888914108,0.0,736.6721954345703,0.14061297476291656,0.1416345350444317,0.030247317161411047,0.03307173494249582,0.006470055668614805,3.6626840417423883
centerline,8.822056568331188,0.0,0.06351880729198456,0.0,747.3807983398438,0.14023003354668617,0.14022921957075596,0.03101962641812861,0.03391654836013913,0.006635325204115361,3.7214963422870944
centerline,8.923468283481068,0.0,0.06424897164106369,0.0,758.3989181518555,0.13983460515737534,0.13877751119434834,0.03181742504239082,0.034789235796779394,0.00680604373337701,3.7821745007625025
centerline,9.026780931486025,0.0,0.06499282270669937,0.0,769.7361068725586,0.13942622020840645,0.13727767951786518,0.03264166135340929,0.035690834280103445,0.006982413062360138,3.844813531785994
centerline,9.13202969564332,0.0,0.0657506138086319,0.0,781.4023361206055,0.13900439999997616,0.1357279233634472,0.0334933209232986,0.03662242088466883,0.007164643961004913,3.9094440855893113
centerline,9.239249759250217,0.0,0.06652259826660156,0.0,793.4078140258789,0.13856863416731358,0.1341263633221388,0.034373431000858545,0.03758511785417795,0.007352955057285726,3.9761501065087406
centerline,9.348480444815424,0.0,0.06730905920267105,0.0,805.7631607055664,0.13811840303242207,0.13247105665504932,0.035283058416098356,0.03858009073883295,0.007547574059572071,4.045021062467579
centerline,9.459757970439064,0.0,0.06811025738716125,0.0,818.479377746582,0.1376531645655632,0.13075996562838554,0.036223310977220535,0.03960854932665825,0.0077487375237978995,4.116011298694681
centerline,9.57311958902412,0.0,0.06892646104097366,0.0,831.5677719116211,0.13717235252261162,0.12899100035429,0.03719533747062087,0.04067175090312958,0.007956690096762031,4.189116607828617
centerline,9.688606692685022,0.0,0.06975796818733215,0.0,845.0399169921875,0.13667537830770016,0.12716207653284073,0.038200332783162594,0.041771011892706156,0.008171686553396285,4.264080535003792
centerline,9.806257569127613,0.0,0.07060505449771881,0.0,858.9039001464844,0.13616147451102734,0.1252729557454586,0.03923946898430586,0.042907876428216696,0.008393984171561897,4.352643928287353
centerline,9.806257569127613,0.0,0.07060505449771881,0.0,858.9039001464844,0.13616147451102734,0.1252729557454586,0.03923946898430586,0.042907876428216696,0.008393984171561897,4.352643928287353
centerline,9.926113610466322,0.0,0.07146801799535751,0.0,873.1772155761719,0.1356301475316286,0.1233187634497881,0.04031422082334757,0.04408363113179803,0.008623879868537188,4.445861572256401
centerline,10.048216208815575,0.0,0.07234715670347214,0.0,887.8775024414062,0.135080860927701,0.12129490543156862,0.04142605420202017,0.0452996208332479,0.00886167970020324,4.531840894252738
centerline,10.17260572148694,0.0,0.07324276119470596,0.0,903.014289855957,0.1345127411186695,0.11920108366757631,0.04257627669721842,0.046557589434087276,0.009107679943554103,4.6200032064348555
centerline,10.299326645003426,0.0,0.07415515184402466,0.0,918.6020126342773,0.13392503932118416,0.11703448183834553,0.04376641195267439,0.0478591974824667,0.009362204233184457,4.7109453859881505
centerline,10.42842347588804,0.0,0.07508464902639389,0.0,934.6555938720703,0.13331697694957256,0.1147922184318304,0.04499804554507136,0.04920618049800396,0.009625589824281633,4.804782289421887
centerline,10.559938641058075,0.0,0.07603155821561813,0.0,951.1909942626953,0.13268771767616272,0.11247109808027744,0.046272856649011374,0.050600343849509954,0.009898194577544928,4.900774218519673
centerline,10.693917671839396,0.0,0.07699620723724365,0.0,968.2256164550781,0.13203635439276695,0.11006768234074116,0.04759270092472434,0.05204371456056833,0.01018041092902422,4.999567999468512
centerline,10.830408169163599,0.0,0.0779789388179779,0.0,985.7728500366211,0.13136211782693863,0.10757923312485218,0.04895913554355502,0.05353799229487777,0.010472563211806118,5.10122821962249
centerline,10.96945669915941,0.0,0.07898008823394775,0.0,1003.7797012329102,0.1306672040373087,0.1050140131264925,0.050367670599371195,0.05507826432585716,0.010773682268336415,5.204691966329033
centerline,11.111110862758425,0.0,0.07999999821186066,0.0,1019.919792175293,0.13004115596413612,0.10270299483090639,0.05163676105439663,0.05646602436900139,0.011044950573705137,5.301154138602494
centerline,11.193791611327066,0.0,0.08059529960155487,0.0,1029.4528045654297,0.12966983020305634,0.10133220814168453,0.05238957889378071,0.057289217598736286,0.011205844464711845,5.361775627268625
centerline,11.277201895912489,0.0,0.08119585365056992,0.0,1040.5389404296875,0.12923747301101685,0.09973570704460144,0.05326623469591141,0.058247804176062346,0.01139319862704724,5.431613458759583
centerline,11.361347925331858,0.0,0.08180170506238937,0.0,1051.7959442138672,0.12879737466573715,0.09811024833470583,0.05415866896510124,0.05922362208366394,0.011583916377276182,5.501571092534384
centerline,11.446236943205198,0.0,0.08241290599107742,0.0,1063.2244415283203,0.12834948487579823,0.0964556559920311,0.055066978093236685,0.0602167802862823,0.011778017855249345,5.57269456870334
centerline,11.531874123546812,0.0,0.08302949368953705,0.0,1074.8292083740234,0.12789355963468552,0.09477110393345356,0.0559916440397501,0.061227806843817234,0.01197560178115964,5.644955127282845
centerline,11.618267744779587,0.0,0.08365152776241302,0.0,1086.6141815185547,0.1274294015020132,0.09305590018630028,0.05693306494504213,0.06225713714957237,0.012176750227808952,5.718446352829477
centerline,11.705422980917826,0.0,0.08427904546260834,0.0,1098.5831146240234,0.12695681490004063,0.09130934998393059,0.05789162730798125,0.06330519542098045,0.012381543638184667,5.793482775476246
centerline,11.79334707558155,0.0,0.08491209894418716,0.0,1110.7397766113281,0.12647560983896255,0.08953075669705868,0.05886770784854889,0.0643723951652646,0.012590060709044337,5.870170433334122
centerline,11.882047272390789,0.0,0.08555074036121368,0.0,1123.0877838134766,0.12598560191690922,0.08771942928433418,0.05986168282106519,0.06545914337038994,0.01280237955506891,5.948555898602036
centerline,11.971529780162706,0.0,0.08619501441717148,0.0,1135.6309356689453,0.1254865974187851,0.08587467297911644,0.06087392708286643,0.06656584981828928,0.013018577126786113,6.028620311520917
centerline,12.061801842517323,0.0,0.08684497326612473,0.0,1148.3728637695312,0.12497840821743011,0.08399578463286161,0.061904818285256624,0.06769292429089546,0.013238730374723673,6.110528186771225
centerline,12.152870703074667,0.0,0.0875006690621376,0.0,1161.3172607421875,0.12446084711700678,0.0820820638909936,0.06295473640784621,0.06884077936410904,0.013462915900163352,6.194435878694966
centerline,12.244743605454763,0.0,0.08816215395927429,0.0,1174.4679565429688,0.12393371760845184,0.0801327982917428,0.0640240628272295,0.07000982947647572,0.013691210537217557,6.280323633697169
centerline,12.337425723671913,0.0,0.08882946521043777,0.0,1187.8287811279297,0.12339682597666979,0.07814726326614618,0.06511318776756525,0.07120049837976694,0.013923689839430153,6.3682279704787135
centerline,12.430926370951864,0.0,0.08950266987085342,0.0,1201.4036254882812,0.12284997664391994,0.07612472772598267,0.06622250843793154,0.07241320796310902,0.014160430524498224,6.4581756365209575
centerline,12.525251756111782,0.0,0.09018181264400482,0.0,1215.1963958740234,0.1222929684445262,0.07406445406377316,0.06735241878777742,0.07364838663488626,0.014401507331058383,6.55025225030241
centerline,12.620410157574549,0.0,0.09086695313453674,0.0,1229.2110748291016,0.12172560021281242,0.07196568977087736,0.06850333046168089,0.07490646652877331,0.014646993833594024,6.644557849229069
centerline,12.71640778415733,0.0,0.09155813604593277,0.0,1243.4517974853516,0.12114766798913479,0.06982768140733242,0.06967565417289734,0.07618787791579962,0.014896962558850646,6.74108227670638
centerline,12.81325187948015,0.0,0.09225541353225708,0.0,1257.922607421875,0.12055896688252687,0.0676496708765626,0.07086980808526278,0.07749305386096239,0.015151481726206839,6.839918478498171
centerline,12.910950721965897,0.0,0.09295884519815445,0.0,1272.6276245117188,0.11995929293334484,0.0654309019446373,0.07208621688187122,0.07882242277264595,0.015410614316351712,6.941077790246797
centerline,13.009511555234592,0.0,0.09366848319768906,0.0,1287.5709991455078,0.1193484403192997,0.06317061558365822,0.07332530710846186,0.08017640747129917,0.01567441620863974,7.044513273310725
centerline,13.108941622906261,0.0,0.09438437968492508,0.0,1302.756820678711,0.11872621066868305,0.060868078377097845,0.07458750996738672,0.08155541867017746,0.015942930011078715,7.150114956604987
centerline,13.209250238206652,0.0,0.09510660171508789,0.0,1318.1891326904297,0.11809241119772196,0.058522578328847885,0.07587325945496559,0.08295984007418156,0.016216180520132184,7.257890784520354
centerline,13.310442575150066,0.0,0.09583518654108047,0.0,1333.8716888427734,0.11744686309248209,0.05613345792517066,0.07718298863619566,0.08439002092927694,0.01649415958672762,7.367864573717105
centerline,13.412527946962252,0.0,0.0965702012181282,0.0,1349.8080749511719,0.11678941827267408,0.05370015138760209,0.07851713430136442,0.08584623876959085,0.01677680225111544,7.4798082353270905
centerline,13.515514632066091,0.0,0.09731170535087585,0.0,1366.001235961914,0.11611997615545988,0.051222275011241436,0.07987614814192057,0.08732864260673523,0.017063932493329048,7.593138771574675
centerline,13.619409874081612,0.0,0.0980597510933876,0.0,1382.4525909423828,0.11543857306241989,0.04869987163692713,0.08126053400337696,0.08883707597851753,0.017355105374008417,7.706593957845435
centerline,13.724220916628838,0.0,0.09881439059972763,0.0,1399.1570281982422,0.11474575102329254,0.04613454407081008,0.0826709596440196,0.0903702899813652,0.01764893624931574,7.816657977823274
centerline,13.829958107736376,0.0,0.0995756983757019,0.0,1416.0502014160156,0.11404568701982498,0.04353912454098463,0.08410807140171528,0.09191954601556063,0.01793839712627232,7.90814726025
centerline,13.93662662141853,0.0,0.10034371167421341,0.0,1432.7456665039062,0.1133602224290371,0.040980569552630186,0.08557016961276531,0.09343730099499226,0.01818770752288401,7.941233090315592
centerline,14.044237840506765,0.0,0.10111851245164871,0.0,1448.863784790039,0.11270990781486034,0.03852305468171835,0.08705222979187965,0.09487610217183828,0.018362893257290125,7.931560025005826
centerline,14.152797973818249,0.0,0.1019001454114914,0.0,1464.3608093261719,0.11209614668041468,0.03617343446239829,0.08854818344116211,0.09623042494058609,0.01846328261308372,7.923626765463452
centerline,14.262315299775866,0.0,0.10268867015838623,0.0,1479.2490844726562,0.11151722446084023,0.03392900340259075,0.09005222655832767,0.09750382322818041,0.018495319643989205,7.917349590027887
centerline,14.37279913160536,0.0,0.1034841537475586,0.0,1493.540054321289,0.1109715299680829,0.03178724064491689,0.09155898075550795,0.09869965072721243,0.018465064465999603,7.912249994320215
centerline,14.48425878253248,0.0,0.10428666323423386,0.0,1507.245590209961,0.11045749485492706,0.02974561438895762,0.09306351188570261,0.09982115961611271,0.018378226086497307,7.907724797862949
centerline,14.59670046137439,0.0,0.1050962433218956,0.0,1520.378158569336,0.10997356288135052,0.027801538351923227,0.09456129558384418,0.10087154433131218,0.018240194069221616,7.903260435581406
centerline,14.710135550962555,0.0,0.10591297596693039,0.0,1532.9505310058594,0.10951820109039545,0.02595236781053245,0.09604822099208832,0.10185393877327442,0.018056056927889585,7.898445779971057
centerline,14.82457026011414,0.0,0.10673690587282181,0.0,1544.9763946533203,0.10908987745642662,0.024195399833843112,0.0975205497816205,0.1027714116498828,0.017830610973760486,7.892993913203157
centerline,14.940014936857754,0.0,0.10756810754537582,0.0,1556.4697723388672,0.10868708323687315,0.02252788539044559,0.09897490497678518,0.10362697672098875,0.017568372655659914,7.88644697622726
centerline,15.05647889441914,0.0,0.10840664803981781,0.0,1567.445297241211,0.10830831527709961,0.02094703819602728,0.10040825791656971,0.1044235797598958,0.017273589968681335,7.8789648625575985
centerline,15.173970411221188,0.0,0.10925258696079254,0.0,1577.9177551269531,0.10795208532363176,0.019450047286227345,0.10181789565831423,0.10516409482806921,0.016950251534581184,7.87049656269678
centerline,15.292497765686777,0.0,0.1101059839129448,0.0,1587.9024963378906,0.10761691350489855,0.01803408795967698,0.10320141445845366,0.10585132893174887,0.016602098243311048,7.861108396492187
centerline,15.412071305844519,0.0,0.11096691340208054,0.0,1597.415023803711,0.10730133578181267,0.016696329228579998,0.10455669742077589,0.10648801922798157,0.016232631402090192,7.850894880008081
centerline,15.532699310117298,0.0,0.11183543503284454,0.0,1606.471206665039,0.10700389835983515,0.015433940570801497,0.10588188841938972,0.10707683302462101,0.015845124144107103,7.83983256093504
centerline,15.654393161336582,0.0,0.11271163076162338,0.0,1615.0872497558594,0.10672315489500761,0.014244098332710564,0.10717540699988604,0.10762036219239235,0.015442625852301717,7.828159737117297
centerline,15.777159068319532,0.0,0.11359554529190063,0.0,1623.2792053222656,0.10645766835659742,0.013123991317115724,0.10843590646982193,0.10812112502753735,0.015027975430712104,7.816139318566113
centerline,15.901009448700481,0.0,0.11448726803064346,0.0,1631.0634765625,0.10620601009577513,0.012070825090631843,0.10966228693723679,0.10858157556504011,0.014603805844672024,7.804288991428355
centerline,16.025951546099453,0.0,0.11538685113191605,0.0,1638.4563903808594,0.10596674401313066,0.011081824195571244,0.11085366643965244,0.10900409054011106,0.014172551222145557,7.79314616791298
centerline,16.15199674334791,0.0,0.11629437655210495,0.0,1645.4743957519531,0.10573843959718943,0.010154234245419502,0.11200938280671835,0.10939098056405783,0.013736454420723021,7.7834000474603116
centerline,16.279153318868744,0.0,0.11720990389585495,0.0,1652.134048461914,0.10551964957267046,0.009285317501053214,0.11312896851450205,0.1097444947808981,0.013297574245370924,7.775640052573348
centerline,16.40743162069056,0.0,0.11813350766897202,0.0,1658.4518737792969,0.10530889313668013,0.008472372312098742,0.11421208642423153,0.11006681062281132,0.0128578320145607,7.770404496835871
centerline,16.53684303164482,0.0,0.11906526982784271,0.0,1664.4432220458984,0.10510464105755091,0.007712906633969396,0.11525800544768572,0.11036007758229971,0.01241936266887933,7.767610590489586
centerline,16.66739583015442,0.0,0.12000524997711182,0.0,1670.0990295410156,0.1049052169546485,0.007007198059000075,0.11625835206359625,0.1106265215203166,0.011989227030426264,7.759338493111016
centerline,16.7990993294451,0.0,0.1209535151720047,0.0,1675.3658447265625,0.10470873862504959,0.006360249826684594,0.11719178315252066,0.1108685564249754,0.011582899605855346,7.740447256821949
centerline,16.931965947151184,0.0,0.12191015481948853,0.0,1680.2254638671875,0.10451325122267008,0.00577307102503255,0.11804656311869621,0.11108858976513147,0.011209689895622432,7.72205422239564
centerline,17.066004996498425,0.0,0.12287523597478867,0.0,1684.7181854248047,0.10431680269539356,0.005240365513600409,0.11882830876857042,0.1112888166680932,0.010867643868550658,7.7131380218607895
centerline,17.20122579071257,0.0,0.1238488256931305,0.0,1688.8845825195312,0.1041173841804266,0.004756947106216103,0.11954419407993555,0.11147125624120235,0.010553655680269003,7.714464639933928
centerline,17.33764074742794,0.0,0.12483101338148117,0.0,1692.7623901367188,0.10391291230916977,0.0043180822394788265,0.12020082585513592,0.11163775809109211,0.010264846496284008,7.727139003304271
centerline,17.47525814506743,0.0,0.12582185864448547,0.0,1696.3869934082031,0.10370117239654064,0.003919462149497122,0.12080427259206772,0.111790020018816,0.0099985582055524,7.75249941642524
centerline,17.614091436068218,0.0,0.12682145833969116,0.0,1699.7916259765625,0.10347981285303831,0.0035571756889112294,0.12136009428650141,0.11192959919571877,0.009752344572916627,7.79226599753774
centerline,17.754147864050335,0.0,0.12782986462116241,0.0,1703.007583618164,0.10324630420655012,0.0032276794081553817,0.12187337037175894,0.1120579382404685,0.009523954940959811,7.848443090943948
centerline,17.895441916253834,0.0,0.1288471817970276,0.0,1706.0647277832031,0.1029979269951582,0.00292777011054568,0.12234875094145536,0.11217635590583086,0.009311319910921156,7.922995382463803
centerline,18.03797980149587,0.0,0.12987345457077026,0.0,1708.9916076660156,0.10273174569010735,0.002654558338690549,0.12279048189520836,0.11228607594966888,0.00911253725644201,8.018238398386442
centerline,18.181778076622223,0.0,0.13090880215168,0.0,1711.8156280517578,0.10244457609951496,0.0024054425884969532,0.12320244498550892,0.11238823551684618,0.008925855276174843,8.136457354095514
centerline,18.32684295045005,0.0,0.13195326924324036,0.0,1714.5635070800781,0.10213297605514526,0.002178087393986061,0.12358818296343088,0.11248388327658176,0.008749663014896214,8.280104401754109
centerline,18.473188910219406,0.0,0.1330069601535797,0.0,1717.2612915039062,0.10179322492331266,0.0019704013684531674,0.12395093031227589,0.11257400643080473,0.008582475245930254,8.451360859971798
centerline,18.620826303958893,0.0,0.13406994938850403,0.0,1719.9350891113281,0.10142131522297859,0.001780517617589794,0.12429365795105696,0.11265953071415424,0.008422919549047947,8.652138848332696
centerline,18.76976547969712,0.0,0.13514231145381927,0.0,1722.6107788085938,0.10101293865591288,0.0016067791293608025,0.12461908627301455,0.11274132039397955,0.008269730256870389,8.8836280977583
centerline,18.92002092467414,0.0,0.1362241506576538,0.0,1725.3148040771484,0.10056349541991949,0.0014477199874818325,0.12492971681058407,0.11282020155340433,0.008121736580505967,9.146167408005857
centerline,19.07159884770711,0.0,0.1373155117034912,0.0,1728.0742797851562,0.10006807558238506,0.0013020502956351265,0.12522783689200878,0.11289695836603642,0.007977852423209697,9.438484795966902
centerline,19.22451580564181,0.0,0.13841651380062103,0.0,1730.9173583984375,0.09952147677540779,0.0011686389916576445,0.12551557458937168,0.11297233123332262,0.007837071141693741,9.756686965008212
centerline,19.37878214650684,0.0,0.13952723145484924,0.0,1733.873794555664,0.09891817159950733,0.0010464930819580331,0.12579490430653095,0.1130470298230648,0.0076984484330751,10.092829313236567
centerline,19.534410287936527,0.0,0.140647754073143,0.0,1736.9761810302734,0.09825214557349682,0.0009347355153295211,0.1260677007958293,0.11312173958867788,0.007561071019154042,10.431809472276095
centerline,19.691410577959484,0.0,0.1417781561613083,0.0,1740.261459350586,0.09751668851822615,0.0008325833696289919,0.12633577454835176,0.11319711059331894,0.007424025563523173,10.746562110091276
centerline,19.849795434210037,0.0,0.14291852712631226,0.0,1743.7733459472656,0.09670418500900269,0.000739330003852956,0.12660089042037725,0.1132737472653389,0.0072863755049183965,10.991837315947782
centerline,20.00957934392823,0.0,0.14406897127628326,0.0,1747.5638427734375,0.09580602869391441,0.0006543362906086259,0.1268646940588951,0.11335216462612152,0.007147159136366099,11.100591234514804
centerline,20.170772655142677,0.0,0.14522956311702728,0.0,1751.6835174560547,0.09481464605778456,0.0005770873576693702,0.12712833285331726,0.11343265138566494,0.007005644729360938,11.008746269983048
centerline,20.333387785487705,0.0,0.14640039205551147,0.0,1756.1568603515625,0.09372746013104916,0.0005072576313978061,0.12739191576838493,0.11351510509848595,0.006861753587145358,10.717388769906607
centerline,20.49743715259764,0.0,0.147581547498703,0.0,1760.9705505371094,0.09254865627735853,0.0004446683633432258,0.12765461578965187,0.11359908804297447,0.006716136762406677,10.31993673496533
centerline,20.66293317410681,0.0,0.14877311885356903,0.0,1766.0914154052734,0.09128638915717602,0.00038914301694603637,0.12791534047573805,0.11368407122790813,0.0065697444370016456,9.950143424289692
centerline,20.82989240686099,0.0,0.1499752253293991,0.0,1771.48876953125,0.0899490313604474,0.0003404067138035316,0.1281733149662614,0.11376959085464478,0.006423379585612565,9.719792883121738
centerline,20.998321059677338,0.0,0.15118791162967682,0.0,1777.1448974609375,0.0885434104129672,0.00029809444822603837,0.12842812482267618,0.11385526042431593,0.006277555832639337,9.689170904418972
centerline,21.168237759007347,0.0,0.1524113118648529,0.0,1783.052993774414,0.08707498293370008,0.0002618007147248136,0.12867952417582273,0.1139407018199563,0.006132567534223199,9.872739687184177
centerline,21.33965492248535,0.0,0.15364551544189453,0.0,1789.2033386230469,0.08554966654628515,0.00023112429335014895,0.12892717123031616,0.11402550712227821,0.005988697987049818,10.272484512104407
centerline,21.512582898139954,0.0,0.15489059686660767,0.0,1795.5828857421875,0.083974271081388,0.00020567839237628505,0.12917061895132065,0.11410925257951021,0.005846272746566683,10.881818772033446
centerline,21.687036173211204,0.0,0.15614666044712067,0.0,1802.1790771484375,0.08235614001750946,0.0001850937642302597,0.12940937001258135,0.11419153399765491,0.005705630755983293,11.683190713937266
centerline,21.86302923493915,0.0,0.1574138104915619,0.0,1808.9769287109375,0.0807026531547308,0.00016903289906622376,0.12964292149990797,0.11427195649594069,0.005567089596297592,12.657830397367569
centerline,22.040576570563847,0.0,0.1586921513080597,0.0,1815.9608001708984,0.07902036886662245,0.000157190183927014,0.12987074255943298,0.11435010377317667,0.005430885008536279,13.784951464476562
centerline,22.219688528113895,0.0,0.15998175740242004,0.0,1823.1141967773438,0.07731524482369423,0.00014928450309525942,0.1300923116505146,0.11442556232213974,0.005297203315421939,15.04440115671684
centerline,22.40038166443507,0.0,0.1612827479839325,0.0,1830.4190216064453,0.07559293322265148,0.00014510739856632426,0.13030713517218828,0.11449794191867113,0.005166212795302272,16.4184813278685
centerline,22.582668397161697,0.0,0.1625952124595642,0.0,1837.8560180664062,0.07385881198570132,0.00014448257297772216,0.13051474932581186,0.11456690356135368,0.005038071540184319,17.89240472189254
centerline,22.766563213533825,0.0,0.16391925513744354,0.0,1845.4052429199219,0.07211794098839164,0.00014714220424139057,0.13071470335125923,0.11463214550167322,0.00491293630329892,19.453667162110637
centerline,22.95208267039723,0.0,0.16525499522686005,0.0,1853.0465087890625,0.07037501130253077,0.0001528651359876676,0.13090655207633972,0.11469341814517975,0.004790959588717669,21.09211214753483
centerline,23.139237115780514,0.0,0.1666025072336197,0.0,1860.7602996826172,0.06863424088805914,0.00016156147694346146,0.13108986802399158,0.11475051287561655,0.00467227995977737,22.799369203871642
centerline,23.32804310652945,0.0,0.16796191036701202,0.0,1868.5278625488281,0.06689934991300106,0.00017318355776296812,0.13126424327492714,0.11480326298624277,0.004557021718937904,24.56867747072847
centerline,23.518515129884086,0.0,0.1693333089351654,0.0,1876.3318328857422,0.06517352163791656,0.00018772483826978714,0.13142929784953594,0.11485153436660767,0.00444529575179331,26.39471028385197
centerline,23.710667673084473,0.0,0.1707168072462082,0.0,1884.1561126708984,0.06345942849293351,0.00020521773694781587,0.1315846610814333,0.11489522270858288,0.004337205115007237,28.27308788452575
centerline,23.90451522337066,0.0,0.17211250960826874,0.0,1891.9864196777344,0.06175923813134432,0.00022575185812456766,0.13172997161746025,0.11493424139916897,0.004232849460095167,30.20040210759468
centerline,24.100074337588417,0.0,0.1735205352306366,0.0,1899.8098907470703,0.060074666980654,0.00024955700610007625,0.13186484668403864,0.11496851965785027,0.004132338741328567,32.173884507923255
centerline,24.297357433372074,0.0,0.17494097352027893,0.0,1907.6148986816406,0.05840705847367644,0.0002768040931186988,0.1319888485595584,0.11499799229204655,0.004035815829411149,34.191533072527974
centerline,24.496381067567402,0.0,0.1763739436864853,0.0,1915.3907318115234,0.05675744544714689,0.00030761363359488314,0.13210145849734545,0.11502259783446789,0.003943474875995889,36.25219484969901
centerline,24.697161797020172,0.0,0.17781956493854523,0.0,1923.1274108886719,0.055126532912254333,0.00034226318894070573,0.13220200594514608,0.11504226550459862,0.00385559001006186,38.35581140978716
centerline,24.899714108970432,0.0,0.1792779415845871,0.0,1930.8153991699219,0.053514801897108555,0.00038110795048851287,0.1322896145284176,0.1150569012388587,0.00377256449428387,40.50331274102092
centerline,25.10405249065823,0.0,0.18074917793273926,0.0,1938.4454650878906,0.05192257696762681,0.00042459410724404734,0.13236312195658684,0.1150664072483778,0.003694993327371776,42.6971027632712
centerline,25.310195568535065,0.0,0.18223340809345245,0.0,1946.0078430175781,0.0503500415943563,0.00047328976143035106,0.13242106046527624,0.11507066804915667,0.003623700700700283,44.941009609620245
centerline,25.518155760235256,0.0,0.18373072147369385,0.0,1953.4920501708984,0.048797291703522205,0.0005279364413581789,0.13246279954910278,0.11506954208016396,0.003559017146471888,47.24113673313976
centerline,25.727951692210304,0.0,0.18524125218391418,0.0,1960.8882904052734,0.0472643484827131,0.0005892730150662828,0.13248874340206385,0.11506285984069109,0.003500594961224124,49.60449406805438
centerline,25.939597851700253,0.0,0.18676510453224182,0.0,1968.1907043457031,0.04575118841603398,0.0006577719323104247,0.13249927293509245,0.11505039222538471,0.003448068891884759,52.03709490457504
centerline,26.153110795550877,0.0,0.1883023977279663,0.0,1975.395767211914,0.044257841538637877,0.0007337654024013318,0.13249458465725183,0.11503187287598848,0.0034011621901299804,54.54386191965703
centerline,26.368509150213665,0.0,0.1898532658815384,0.0,1982.5001068115234,0.04278453439474106,0.0008176447263394948,0.13247479870915413,0.11500703915953636,0.0033596574794501066,57.130239629930855
centerline,26.585807402928673,0.0,0.19141781330108643,0.0,1989.4998168945312,0.041331663029268384,0.0009098567243199795,0.13243999425321817,0.11497564893215895,0.0033233666326850653,59.80274871262996
centerline,26.805024180147385,0.0,0.19299617409706116,0.0,1996.387939453125,0.039899418130517006,0.0010110800067195669,0.13238992635160685,0.1149373035877943,0.003292186593171209,62.57142593298923
centerline,27.026173969109855,0.0,0.19458845257759094,0.0,2003.154312133789,0.038487921468913555,0.0011222718967474066,0.1323240026831627,0.11489143967628479,0.003266088751843199,65.45038138120618
centerline,27.249275396267574,0.0,0.19619478285312653,0.0,2009.787826538086,0.03709747502580285,0.0012445611064322293,0.13224155083298683,0.11483742017298937,0.003245065308874473,68.45622734388053
centerline,27.474342948860592,0.0,0.19781526923179626,0.0,2016.2752685546875,0.03572843852452934,0.001379305773298256,0.13214171677827835,0.11477446090430021,0.0032291322422679514,71.60881116096459
centerline,27.701399392551846,0.0,0.1994500756263733,0.0,2022.6009216308594,0.034381219069473445,0.0015281499654520303,0.13202343881130219,0.11470156721770763,0.003218318975996226,74.93208560741253
centerline,27.930457144975662,0.0,0.20109929144382477,0.0,2028.7469177246094,0.03305622411426157,0.0016931239661062136,0.13188537675887346,0.11461746040731668,0.003212667885236442,78.4542158311767
centerline,28.161536902189255,0.0,0.20276306569576263,0.0,2034.6918182373047,0.03175384632777423,0.001876832939160522,0.13172571454197168,0.11452042683959007,0.0032122365082614124,82.20935377398226
centerline,28.394655221038395,0.0,0.20444151759147644,0.0,2040.4092254638672,0.03047445451375097,0.0020826987747568637,0.13154256623238325,0.11440813913941383,0.0032167293247766793,86.24125393236713
centerline,28.629830727974575,0.0,0.20613478124141693,0.0,2045.8662872314453,0.02921840618364513,0.0023152247958933003,0.1313342461362481,0.11427746899425983,0.0032251332595478743,90.60489826657901
centerline,28.867082049449287,0.0,0.20784299075603485,0.0,2051.0228271484375,0.02798608597368002,0.0025803634634939954,0.13109880592674017,0.11412422079592943,0.0032357771997340024,95.37065775369484
centerline,29.10642367270258,0.0,0.20956625044345856,0.0,2055.8318939208984,0.026777957507874817,0.0028856757417088374,0.13083377480506897,0.11394280474632978,0.0032462006201967597,100.62410509813019
centerline,29.34788043300311,0.0,0.21130473911762238,0.0,2060.235076904297,0.02559461782220751,0.0032411360589321703,0.13053597509860992,0.11372565943747759,0.0032527136499993503,106.4763042123985
centerline,29.591464747985206,0.0,0.21305854618549347,0.0,2064.1549224853516,0.02443687483901158,0.003660442351247184,0.13020215556025505,0.11346801556646824,0.003253510541981086,113.07797006002778
centerline,29.837201452917522,0.0,0.21482785046100616,0.0,2067.488082885742,0.023305886978050694,0.004152639070525765,0.12982909101992846,0.11317170038819313,0.0032514790655113757,120.6352247306924
centerline,30.085102965434395,0.0,0.21661274135112762,0.0,2070.1586303710938,0.022201914427569136,0.0047164685965981334,0.12941356468945742,0.11284142639487982,0.0032515393395442516,129.32196723940206
centerline,30.33519412080447,0.0,0.21841339766979218,0.0,2072.159469604492,0.021123581420397386,0.0053465314413188025,0.12895325478166342,0.11248214542865753,0.0032582197163719684,139.19498097863035
centerline,30.587491475873524,0.0,0.22022993862628937,0.0,2073.517547607422,0.020069176011020318,0.006035141515894793,0.12844898458570242,0.11209837719798088,0.003273822134360671,150.25475947655556
centerline,30.842013657093048,0.0,0.22206249833106995,0.0,2074.278045654297,0.019037095000385307,0.0067738337675109506,0.12790401093661785,0.11169403605163097,0.00329875954776071,162.46351764263156
centerline,31.098781360520256,0.0,0.22391122579574585,0.0,2074.489791870117,0.018025886442046613,0.0075548589520622045,0.12732135597616434,0.11127253342419863,0.0033333583851344883,175.7457414805599
centerline,31.357815282212364,0.0,0.22577627003192902,0.0,2074.195327758789,0.017034398231771775,0.008371233358047903,0.12670371867716312,0.11083669774234295,0.0033778268843889236,190.0098129099228
centerline,31.61913611822658,0.0,0.22765778005123138,0.0,2073.43603515625,0.016061672620708123,0.009217077575158328,0.12605368997901678,0.11038891039788723,0.0034322298306506127,205.14517534620728
centerline,31.882760425408684,0.0,0.2295558750629425,0.0,2072.248550415039,0.015106977458344772,0.010087483184179291,0.12537369783967733,0.10993103310465813,0.0034964416117873043,221.03525985794252
centerline,32.1487109694216,0.0,0.2314707189798355,0.0,2070.666030883789,0.014169755449984223,0.010978537029586732,0.12466598860919476,0.10946442186832428,0.0035701700253412127,237.55810173347558
centerline,32.41701051592827,0.0,0.23340247571468353,0.0,2068.717514038086,0.01324960206693504,0.011887479777215049,0.12393246544525027,0.10898984828963876,0.003652965504443273,254.58915420673287
centerline,32.68767355216874,0.0,0.23535124957561493,0.0,2066.4266662597656,0.012346267503744457,0.012812774570193142,0.12317460449412465,0.108507398981601,0.003744203073438257,272.00467584947637
centerline,32.960726983017395,0.0,0.23731723427772522,0.0,2063.811248779297,0.011459621771791717,0.013754268846241757,0.1223933445289731,0.1080163512378931,0.0038430611602962017,289.68108535816157
centerline,33.23618943492571,0.0,0.23930056393146515,0.0,2060.8807983398438,0.010589642966806423,0.014713638578541577,0.12158877216279507,0.10751490900292993,0.003948450685129501,307.4970689213422
centerline,33.51408160395093,0.0,0.24130138754844666,0.0,2057.6370697021484,0.009736562718899222,0.015694525907747447,0.1207603421062231,0.10700010834261775,0.004058866034029052,325.3322699336873
centerline,33.79442625575596,0.0,0.24331986904144287,0.0,2054.071014404297,0.008900890008590068,0.016703130095265806,0.11990656750276685,0.10646746540442109,0.00417216461210046,343.06823464564565
centerline,34.07724408639802,0.0,0.24535615742206573,0.0,2050.150115966797,0.008083137110588723,0.017749743128661066,0.11902413005009294,0.10590969072654843,0.004285246817744337,360.591713749893
centerline,34.362557861540054,0.0,0.24741041660308838,0.0,2045.802505493164,0.007284621420694748,0.01885019469773397,0.11810763878747821,0.10531566059216857,0.004393265749968123,377.79061075133706
centerline,34.65038827723927,0.0,0.24948279559612274,0.0,2040.9163818359375,0.006509131539132795,0.02002470864681527,0.11715185036882758,0.10467353649437428,0.004490539606194943,394.55047250130565
centerline,34.94076016876433,0.0,0.25157347321510315,0.0,2035.328842163086,0.005762642920672079,0.02129554469138384,0.11615149537101388,0.10397378518246114,0.004572916368488222,410.76356203756774
centerline,35.23369216256672,0.0,0.25368258357048035,0.0,2028.8258590698242,0.005053947330452502,0.022681856178678572,0.11510184174403548,0.10320603917352855,0.004635128749214346,426.30267207877733
centerline,35.52920702430937,0.0,0.25581029057502747,0.0,2021.1960220336914,0.004395769318762177,0.02419712790288031,0.11400442151352763,0.10235796868801117,0.004666525041102432,441.00580007508177
centerline,35.82733372847239,0.0,0.2579568028450012,0.0,2012.2308197021484,0.003798135604483832,0.025862635811790824,0.11285954108461738,0.10141133703291416,0.004652526844438398,454.69506553834617
centerline,36.12808883190155,0.0,0.26012223958969116,0.0,2001.6593399047852,0.0032686816603018087,0.02770933380816132,0.11166205676272511,0.10034622764214873,0.004580428369081346,467.1782421565644
centerline,36.4314971698655,0.0,0.2623067796230316,0.0,1989.3009490966797,0.0028121709269726125,0.029748462373390794,0.11040943069383502,0.09915682207792997,0.004446821087185526,478.3279316887819
centerline,36.73757943842146,0.0,0.2645105719566345,0.0,1975.2375869750977,0.002423827207621798,0.031960829510353506,0.1091022479813546,0.09785724175162613,0.0042619202940841205,488.1538011655406
centerline,37.04636461204953,0.0,0.2667338252067566,0.0,1959.7190780639648,0.0020932970544436103,0.034311647759750485,0.10774370818398893,0.09647282445803285,0.004043105911478051,496.739549572971
centerline,37.357877526018356,0.0,0.26897671818733215,0.0,1943.0059661865234,0.0018105527824445744,0.036765968427062035,0.10633863438852131,0.09502669773064554,0.003805167309110402,504.17121730384144
centerline,37.672134737173714,0.0,0.27123937010765076,0.0,1925.3136901855469,0.0015678059819492773,0.03929595788940787,0.10489261453039944,0.09353674971498549,0.0035584248307714006,510.5251390350543
centerline,37.98916521999571,0.0,0.2735219895839691,0.0,1906.8214645385742,0.0013588268311650609,0.04187927162274718,0.10341141372919083,0.09201698563992977,0.0033101580829679733,515.8704072412443
centerline,38.308993809753,0.0,0.27582475543022156,0.0,1887.6862106323242,0.0011785479709942592,0.04449708806350827,0.10190111957490444,0.09047888685017824,0.003065532149776118,520.2700272279508
centerline,38.631645341714226,0.0,0.2781478464603424,0.0,1868.0426940917969,0.00102277842370313,0.04713375633582473,0.10036767611745745,0.0889317684341222,0.0028281643108130083,523.7832943287724
centerline,38.957144651148056,0.0,0.280491441488266,0.0,1848.0117568969727,0.0008880157976136616,0.04977561021223664,0.09881712694186717,0.08738353033550084,0.002600535180135921,526.4700236480918
centerline,39.2855124341117,0.0,0.28285568952560425,0.0,1827.6957168579102,0.0007713076278150766,0.052411369513720274,0.09725502738729119,0.08584052871447057,0.002384264113061363,528.3864903269408
centerline,39.616777665085266,0.0,0.2852407991886139,0.0,1807.193733215332,0.0006701601283793934,0.05503031425178051,0.09568736574146897,0.08430866780690849,0.002180361208957038,529.5900083356545
centerline,39.950969318548836,0.0,0.28764697909355164,0.0,1786.5907135009766,0.0005824514028631711,0.05762338126078248,0.09411969303619117,0.08279286010656506,0.001989362774111214,530.1340470596385
centerline,40.2881039513482,0.0,0.29007434844970703,0.0,1765.9856643676758,0.0005063887755909491,0.06018004333600402,0.09255897486582398,0.08129874663427472,0.001811523186006525,530.076867499553
centerline,40.62821881638633,0.0,0.29252317547798157,0.0,1745.4828720092773,0.00044047183314432914,0.0626892177388072,0.09101286577060819,0.07983220578171313,0.0016469353604406933,529.4723905985902
centerline,40.971330470509,0.0,0.2949935793876648,0.0,1725.2622032165527,0.00038352101176997166,0.06513170665130019,0.08949436829425395,0.07840335159562528,0.0014958296505938051,528.3938611530045
centerline,41.31747202740775,0.0,0.2974857985973358,0.0,1705.52836227417,0.000334507691491126,0.06748842867091298,0.0880167797440663,0.07702177111059427,0.0013582315095845843,526.9132980065582
centerline,41.66666832235124,0.0,0.30000001192092896,0.0,1686.7319602966309,0.00029310849697594676,0.06971582164987922,0.08660863770637661,0.07571091142017394,0.0012356868669485266,525.1500009140079
centerline,41.87004433737861,0.0,0.301464319229126,0.0,1675.750015258789,0.000271276509351992,0.07100507896393538,0.08578921353910118,0.07495109084993601,0.0011682076053602941,523.9011090054881
centerline,42.0764254199134,0.0,0.30295026302337646,0.0,1664.0941276550293,0.00024978520644936,0.0723629673011601,0.0849237774964422,0.07415275415405631,0.00109982110961937,522.4008863187344
centerline,42.285852962070045,0.0,0.3044581413269043,0.0,1652.2779998779297,0.00022965931051999178,0.07373380661010742,0.08404669049195945,0.07334861170966178,0.0010338427032365871,520.7736657265361
centerline,42.49837663438585,0.0,0.3059883117675781,0.0,1640.4106712341309,0.00021100454904399157,0.07510357862338424,0.083166912663728,0.07254656788427383,0.0009708611405585543,519.0373423502282
centerline,42.71403368976381,0.0,0.30754104256629944,0.0,1628.4996337890625,0.00019372302827491694,0.07647122535854578,0.08228523388970643,0.07174703700002283,0.0009108011270200222,517.1935891715095
centerline,42.932877937952675,0.0,0.3091167211532593,0.0,1616.5449295043945,0.00017771694388102333,0.07783648883923888,0.08140185789670795,0.07095002848654985,0.000853571455081692,515.2434501029793
centerline,43.15495491027832,0.0,0.3107156753540039,0.0,1604.5589332580566,0.00016290832306253833,0.07919782912358642,0.08051781042013317,0.0701563258189708,0.0007991268280420627,513.191839261793
centerline,43.38031013806661,0.0,0.3123382329940796,0.0,1592.5459632873535,0.0001492157513212078,0.08055467158555984,0.07963353744708002,0.06936620001215488,0.0007473894550003024,511.04119190151386
centerline,43.60899329185486,0.0,0.313984751701355,0.0,1580.5172386169434,0.0001365686418353107,0.08190568815916777,0.07874994352459908,0.06858031719457358,0.0006983006160226068,508.79630244590976
centerline,43.84105404218038,0.0,0.31565558910369873,0.0,1568.4784660339355,0.00012489539125226656,0.08325026836246252,0.07786751945968717,0.06779897853266448,0.0006517794108731323,506.45979013153755
centerline,44.07654205958049,0.0,0.3173511028289795,0.0,1556.439956665039,0.00011413192353870727,0.08458729088306427,0.0769870737567544,0.06702273548580706,0.0006077553384784551,504.035506405356
centerline,44.31550701459249,0.0,0.3190716505050659,0.0,1544.4080200195312,0.00010421488633483023,0.08591617923229933,0.07610910304356366,0.06625187466852367,0.0005661437928665691,501.5257121757016
centerline,44.55799857775371,0.0,0.32081758975982666,0.0,1532.3915786743164,9.50865118056754e-05,0.08723607007414103,0.07523429120192304,0.06548682961147279,0.0005268658255772607,498.93339105268444
centerline,44.80407469802433,0.0,0.32258933782577515,0.0,1520.3966102600098,8.669071905842429e-05,0.08854655269533396,0.07436305494047701,0.0647278418764472,0.0004898341480839008,496.26057285465055
centerline,45.05378090673023,0.0,0.32438722252845764,0.0,1508.4302291870117,7.89758367147897e-05,0.08984707854688168,0.0734959096298553,0.06397523323539644,0.00045496505799746956,493.51006790946525
centerline,45.30717929204305,0.0,0.32621169090270996,0.0,1496.497169494629,7.18923211877609e-05,0.0911374818533659,0.0726331386831589,0.06322918320074677,0.0004221701824462798,490.6844544076699
centerline,45.564315385288666,0.0,0.32806307077407837,0.0,1484.602481842041,6.539419545958935e-05,0.0924175288528204,0.07177506270818412,0.06248990388121456,0.0003913635486014755,487.7869790448851
centerline,45.82525127463871,0.0,0.3299418091773987,0.0,1472.7487030029297,5.9437791477989776e-05,0.09368736017495394,0.07092179614119232,0.061757491319440305,0.0003624569362727925,484.8215427139752
centerline,46.09003663063049,0.0,0.33184826374053955,0.0,1460.9384765625,5.3982520384465715e-05,0.09494704660028219,0.0700734929414466,0.06103206018451601,0.00033536435205405724,481.7923998638012
centerline,46.35873768064711,0.0,0.3337829113006592,0.0,1449.172679901123,4.89901839699769e-05,0.09619688242673874,0.06923017848748714,0.060313647729344666,0.0003099997272784094,478.7047380450667
centerline,46.63140409522587,0.0,0.3357461094856262,0.0,1437.4525108337402,4.442532126347487e-05,0.09743706323206425,0.06839194957865402,0.059602329041808844,0.00028627953349769086,475.5636941224757
centerline,46.90809382332696,0.0,0.3377382755279541,0.0,1425.778694152832,4.0254764073210936e-05,0.09866780322045088,0.06755888171028346,0.05889814964029938,0.00026412154102217755,472.37468826549576
centerline,47.18887309233348,0.0,0.339759886264801,0.0,1414.152359008789,3.644766741217609e-05,0.09988923743367195,0.0667310836724937,0.05820117087569088,0.00024344589064639877,469.14257315127736
centerline,47.47379985120561,0.0,0.3418113589286804,0.0,1402.5745697021484,3.2975327385997844e-05,0.10110140405595303,0.06590869766660035,0.057511443039402366,0.0002241748208007266,465.8723448015845
centerline,47.76293204890357,0.0,0.3438931107521057,0.0,1391.0460624694824,2.9811012865366138e-05,0.10230441577732563,0.06509179767454043,0.05682898068334907,0.00020623270268060878,462.5692423862756
centerline,48.05633591281043,0.0,0.3460056185722351,0.0,1379.5675773620605,2.6929957442689556e-05,0.10349827911704779,0.06428050348768011,0.056153795099817216,0.00018954656195546704,459.2381588177146
centerline,48.3540693918864,0.0,0.34814929962158203,0.0,1368.1386833190918,2.4309041052106295e-05,0.1046832101419568,0.06347479799296707,0.055485835298895836,0.00017404525476649724,455.8848354039222
centerline,48.65620285272598,0.0,0.3503246605396271,0.0,1356.758960723877,2.1926888891243834e-05,0.10585939232259989,0.0626746816560626,0.05482503608800471,0.00015966053956617543,452.51468773705335
centerline,48.9627942442894,0.0,0.35253211855888367,0.0,1345.4273681640625,1.976361130573423e-05,0.10702707432210445,0.06188010348705575,0.05417130538262427,0.00014632640284162335,449.13340738984147
centerline,49.273913933171166,0.0,0.3547721803188324,0.0,1334.1429595947266,1.7800815214741306e-05,0.10818647313863039,0.06109099934110418,0.053524522052612156,0.00013397951522620133,445.7461368151676
centerline,49.58963228596581,0.0,0.35704535245895386,0.0,1322.9059410095215,1.602148515189583e-05,0.1093376399949193,0.06030738394474611,0.05288458912400529,0.00012255920273673837,442.3564277366203
centerline,49.91000725163354,0.0,0.3593520522117615,0.0,1311.7171478271484,1.4409919231184176e-05,0.1104804202914238,0.05952931923093274,0.0522514107869938,0.00011200747462680738,438.966662644304
centerline,50.23511747519176,0.0,0.3616928458213806,0.0,1300.57914352417,1.2951633621582914e-05,0.11161445267498493,0.0587569703347981,0.0516249350621365,0.00010226906260868418,435.5772681642623
centerline,50.565025044812096,0.0,0.3640681803226471,0.0,1289.495677947998,1.1633321449266987e-05,0.11273904796689749,0.057990634348243475,0.051005154848098755,9.329159183835145e-05,432.1866961050572
centerline,50.899808605511986,0.0,0.3664786219596863,0.0,1278.4717178344727,1.0442711797509219e-05,0.11385342199355364,0.05723068036604673,0.05039211793337017,8.50252225177428e-05,428.7922544415895
centerline,51.2395343846745,0.0,0.36892464756965637,0.0,1267.5136413574219,9.368531067366348e-06,0.11495662294328213,0.056477565376553684,0.04978589148959145,7.742279456124379e-05,425.38932540456835
centerline,51.584272748894165,0.0,0.37140676379203796,0.0,1256.6288299560547,8.400409754472093e-06,0.11604768689721823,0.055731807311531156,0.04918660502880812,7.043955633889709e-05,421.9727089439311
centerline,51.934106482399834,0.0,0.3739255666732788,0.0,1245.8256607055664,7.5287804008894454e-06,0.11712574679404497,0.05499389010947198,0.04859435872640461,6.403292576351305e-05,418.53559488535154
centerline,52.28910595178604,0.0,0.3764815628528595,0.0,1235.1120262145996,6.744861806851077e-06,0.11819010507315397,0.054264266102109104,0.04800927953328937,5.8162563618679997e-05,415.0715239724809
centerline,52.64934566285875,0.0,0.379075288772583,0.0,1224.495964050293,6.040542970708884e-06,0.11924029234796762,0.05354329210240394,0.04743146669352427,5.279007825720328e-05,411.573568766325
centerline,53.01490839984682,0.0,0.3817073404788971,0.0,1213.9832496643066,5.408368679127307e-06,0.12027614191174507,0.0528311773086898,0.04686096275690943,4.787906510728135e-05,408.03636691794355
centerline,53.38586866855621,0.0,0.38437825441360474,0.0,1203.5782661437988,4.841483146833525e-06,0.12129763700067997,0.0521280710818246,0.04629780608229339,4.3395072566454473e-05,404.4554496563137
centerline,53.76230511400435,0.0,0.3870885968208313,0.0,1193.2842864990234,4.333603499162564e-06,0.1223048958927393,0.05143403302645311,0.045741982117760926,3.930558295905939e-05,400.8272337388076
centerline,54.144300520420074,0.0,0.38983896374702454,0.0,1183.10200881958,3.878999834228125e-06,0.1232980852946639,0.050749095797073096,0.04519347025780007,3.5580046869654325e-05,397.1503104216474
centerline,54.53193767203225,0.0,0.3926299512386322,0.0,1173.0321578979492,3.4724545798781037e-06,0.12427737098187208,0.050073270103894174,0.04465220571728423,3.2189847559038753e-05,393.4230125521244
centerline,54.92529935306973,0.0,0.39546215534210205,0.0,1163.072380065918,3.1092366015172956e-06,0.1252431282773614,0.049406459322199225,0.04411806835560128,2.9108215073847532e-05,389.6459189354238
centerline,55.32446834776137,0.0,0.39833617210388184,0.0,1153.219482421875,2.785052529929999e-06,0.12619583774358034,0.04874846717575565,0.043590854154899716,2.6310185717193235e-05,385.81982662230774
centerline,55.7295357187589,0.0,0.4012526571750641,0.0,1143.4678421020508,2.4960023381481733e-06,0.1271363589912653,0.04809888475574553,0.04307023383444175,2.3772437089064624e-05,381.94669800443427
centerline,56.14058011107975,0.0,0.40421217679977417,0.0,1133.809238433838,2.2385451501349962e-06,0.1280659344047308,0.04745702486252412,0.04255571909015998,2.147324556744934e-05,378.0303247332398
centerline,56.55769672658708,0.0,0.407215416431427,0.0,1124.2323608398438,2.009440265737794e-06,0.12898629903793335,0.04682187444996089,0.0420466109062545,1.939230327252517e-05,374.0746150924648
centerline,56.980972488721214,0.0,0.4102630019187927,0.0,1114.7217826843262,1.8057277202387922e-06,0.12989974580705166,0.04619203042238951,0.041541970102116466,1.7510610405224725e-05,370.08455051446475
centerline,57.410502599345314,0.0,0.41335561871528625,0.0,1105.2593994140625,1.6247068543862042e-06,0.1308087594807148,0.04556584608508274,0.041040639334823936,1.581049599508333e-05,366.0623181775595
centerline,57.84636984268825,0.0,0.41649386286735535,0.0,1095.8251304626465,1.463937053358677e-06,0.1317158853635192,0.044941541040316224,0.040541329130064696,1.427565149469956e-05,362.00736510146055
centerline,58.28867769903607,0.0,0.4196784794330597,0.0,1086.3985862731934,1.3212341372081937e-06,0.13262342382222414,0.04431734181707725,0.040042662410996854,1.2891152834981767e-05,357.91454869102756
centerline,58.737517231040535,0.0,0.4229101240634918,0.0,1076.9580764770508,1.1946446463184657e-06,0.1335335662588477,0.043691449507605284,0.039543182705529034,1.1643360949165071e-05,353.77511482541007
centerline,59.19297950135337,0.0,0.42618945240974426,0.0,1067.4799842834473,1.0824298115608144e-06,0.13444850966334343,0.04306197306141257,0.039041317999362946,1.0519811723952444e-05,349.576897787063
centerline,59.6551721294721,0.0,0.4295172393321991,0.0,1057.9376907348633,9.83040383317757e-07,0.13537060003727674,0.04242687352234498,0.038535341853275895,9.509132041785051e-06,345.30450491390934
centerline,60.124190317259895,0.0,0.43289417028427124,0.0,1048.2997360229492,8.950969565546529e-07,0.13630250561982393,0.04178387433057651,0.038023337605409324,8.600949001902336e-06,340.94036602026006
centerline,60.60013340579139,0.0,0.436320960521698,0.0,1038.5289192199707,8.173659864496585e-07,0.13724725972861052,0.04113042296376079,0.03750315838260576,7.785802495163807e-06,336.4641713486737
centerline,61.083104875352646,0.0,0.43979835510253906,0.0,1028.578971862793,7.487446147536048e-07,0.13820840325206518,0.040463572775479406,0.036972347763367,7.055033336200722e-06,331.8529380506469
centerline,61.573208206229744,0.0,0.4433270990848541,0.0,1018.3932304382324,6.882390195528387e-07,0.13919002003967762,0.03977992542786524,0.03642808395670727,6.400689471774967e-06,327.08055859107344
centerline,62.07055101792018,0.0,0.44690796732902527,0.0,1007.9032096862793,6.349567946983825e-07,0.14019666705280542,0.03907569404691458,0.03586721996543929,5.815500173866894e-06,322.11878461454154
centerline,62.57523679071003,0.0,0.4505417048931122,0.0,997.029972076416,5.880929325741135e-07,0.14123315643519163,0.03834680654108524,0.035286371305119246,5.292837983006393e-06,316.9401022211621
centerline,63.0873731440968,0.0,0.45422908663749695,0.0,985.6865310668945,5.469088666387734e-07,0.142304259352386,0.037589166953694075,0.03468212659936398,4.82665944900873e-06,311.52271272858167
centerline,63.60707597600089,0.0,0.4579709470272064,0.0,973.7817649841309,5.107281504379557e-07,0.14341436978429556,0.036798918910790235,0.0340512846596539,4.411450248653637e-06,305.8579810919525
centerline,64.13445290591982,0.0,0.4617680609226227,0.0,961.2267265319824,4.789297198826148e-07,0.14456710126250982,0.035972825484350324,0.03339118871372193,4.042167375928329e-06,299.95763674179113
centerline,64.66961569256253,0.0,0.4656212329864502,0.0,947.9453353881836,4.50954099839862e-07,0.14576452039182186,0.035108873271383345,0.032700218085665256,3.7141994084777252e-06,293.8597759701106
centerline,65.21268023384943,0.0,0.4695312976837158,0.0,933.8871307373047,4.263097133083704e-07,0.147006556391716,0.034206784737762064,0.03197819972410798,3.4233092591762215e-06,287.6253238737145
centerline,65.76376656691234,0.0,0.4734991192817688,0.0,919.0422706604004,4.04567449763249e-07,0.14829049538820982,0.03326851292513311,0.031226770544890314,3.1655854826340146e-06,281.3225018713185
centerline,66.32299058967166,0.0,0.477525532245636,0.0,903.4531021118164,3.853624401806144e-07,0.14961080811917782,0.03229842084692791,0.030449525511357933,2.93747631729957e-06,274.99904800210624
centerline,66.89047233925926,0.0,0.4816114008426666,0.0,887.2097816467285,3.683851816926875e-07,0.15095982234925032,0.03130280890036374,0.02965159306768328,2.7357603897826266e-06,268.6490660406034
centerline,67.46633599201839,0.0,0.48575761914253235,0.0,870.4239311218262,3.533697550128778e-07,0.15232935175299644,0.030288601003121585,0.028838564117904752,2.557522520874045e-06,262.1972708390892
centerline,68.05070158508089,0.0,0.4899650514125824,0.0,853.1991119384766,3.40083573080463e-07,0.15371170733124018,0.02926233079051599,0.02801569423172623,2.400124195389708e-06,255.5269301067423
centerline,68.6436974340015,0.0,0.4942346215248108,0.0,835.6205863952637,3.2831209861861055e-07,0.15509931277483702,0.028230206633452326,0.02718794922111556,2.2611535701599905e-06,248.54211549105165
centerline,69.24545185433495,0.0,0.49856725335121155,0.0,817.7692680358887,3.178580274543208e-07,0.15648361202329397,0.027198858559131622,0.02636064135003835,2.138395370110402e-06,241.225683018928
centerline,69.85608902242448,0.0,0.5029638409614563,0.0,799.7576560974121,3.0853755372817204e-07,0.15785348787903786,0.026176688086707145,0.02554055256769061,2.0298206599989044e-06,233.65971483249842
centerline,70.47574553224776,0.0,0.5074253678321838,0.0,781.757698059082,3.0018561425482204e-07,0.15919464081525803,0.025174480630084872,0.024736428924370557,1.9335943495235597e-06,225.99597768069194
centerline,71.10454969935947,0.0,0.5119527578353882,0.0,764.0002288818359,2.9266049106357883e-07,0.1604905780404806,0.02420470694778487,0.023958366771694273,1.848042152197138e-06,218.3999494378206
centerline,71.74264225694868,0.0,0.5165470242500305,0.0,746.7425727844238,2.8584599687242473e-07,0.1617248672991991,0.02327977860113606,0.02321636799024418,1.7716575175796834e-06,211.0032392653741
centerline,72.39016393820445,0.0,0.521209180355072,0.0,730.215892791748,2.796512736935597e-07,0.1628842195495963,0.02240965870441869,0.022518430545460433,1.7030780314897243e-06,203.88425925418807
centerline,73.04723891947005,0.0,0.5259401202201843,0.0,714.5926361083984,2.740015807578544e-07,0.1639598971232772,0.021600775129627436,0.021869664953555912,1.6410583612014307e-06,197.09040372270564
centerline,73.71401621235742,0.0,0.5307409167289734,0.0,699.9890480041504,2.688415524643162e-07,0.16494696959853172,0.020856571150943637,0.021272767859045416,1.5845054681662418e-06,190.67919219085866
centerline,74.3906448284785,0.0,0.5356126427650452,0.0,686.4836883544922,2.641046247253698e-07,0.16584313474595547,0.020178472390398383,0.020728849980514497,1.5324409723405097e-06,184.73703316298946
centerline,75.07726550102234,0.0,0.5405563116073608,0.0,674.1289024353027,2.596870709581367e-07,0.16664791014045477,0.019566421629860997,0.0202379091642797,1.4839948656586444e-06,179.36343514408398
centerline,75.774018963178,0.0,0.5455729365348816,0.0,662.9554214477539,2.554561594481086e-07,0.16736240591853857,0.0190191482543014,0.01979902171296999,1.4383874917811568e-06,174.63223500709677
centerline,76.48107078340318,0.0,0.5506637096405029,0.0,652.9656944274902,2.5130802872030955e-07,0.16798947844654322,0.018534146423917264,0.01941024826373905,1.3949969241977556e-06,170.55526686043092
centerline,77.19855341646407,0.0,0.5558295845985413,0.0,644.1185073852539,2.4718413904611936e-07,0.16853472869843245,0.018107375013642013,0.019068440597038716,1.3534000578019345e-06,167.0703704135071
centerline,77.92664070924123,0.0,0.5610718131065369,0.0,636.3245315551758,2.430440374512344e-07,0.16900657024234533,0.01773327268892899,0.018769244896247983,1.313276319692136e-06,164.0629690447626
centerline,78.66547339492374,0.0,0.5663914084434509,0.0,629.4630737304688,2.3885374966781114e-07,0.1694147912785411,0.017405516584403813,0.018507698958273977,1.2743696982120412e-06,161.41060405434226
centerline,79.41522532039218,0.0,0.5717896223068237,0.0,623.4082145690918,2.3458999331982255e-07,0.1697693495079875,0.017117611481808126,0.018278707517310977,1.2365253305723911e-06,159.006591096321
centerline,80.17603721883562,0.0,0.5772674679756165,0.0,618.0444793701172,2.3024478512656543e-07,0.1700792983174324,0.016863452503457665,0.018077430431731045,1.1996574302841623e-06,156.77153802626944
centerline,80.94809121555753,0.0,0.5828262567520142,0.0,613.2671012878418,2.258278153366433e-07,0.17035300377756357,0.016637213237117976,0.017899217491503805,1.163739934639807e-06,154.65289609010227
centerline,81.73154460059273,0.0,0.5884671211242676,0.0,608.9993858337402,2.213780101456564e-07,0.17059666849672794,0.016434313729405403,0.017740269424393773,1.1287507080126602e-06,152.63100635671455
centerline,82.52657122082181,0.0,0.594191312789917,0.0,605.1878280639648,2.1701765806625417e-07,0.17081441450864077,0.016251607215963304,0.017597752681467682,1.0948855244663491e-06,150.7192026595157
centerline,83.33333664470248,0.0,0.6000000238418579,0.0,601.8295783996582,2.1307610276188882e-07,0.17100601270794868,0.016088925243820995,0.017470955615863204,1.0630146647372385e-06,148.99567534291117
centerline,83.79830254448785,0.0,0.6033477783203125,0.0,600.0457801818848,2.10837794223373e-07,0.17110972572118044,0.016001209209207445,0.017402894562110305,1.0447642093680543e-06,148.01058052201597
centerline,84.27303698327806,0.0,0.606765866279602,0.0,598.2696685791016,2.0834961955706888e-07,0.17121617123484612,0.0159123744815588,0.017334657488390803,1.0255483857690706e-06,146.92916479891815
centerline,84.75774692164528,0.0,0.610255777835846,0.0,596.5403861999512,2.0577692039225326e-07,0.17132120206952095,0.0158245392376557,0.017267759423702955,1.006417386761882e-06,145.8264695223692
centerline,85.2526393201616,0.0,0.6138190031051636,0.0,594.848762512207,2.0314458648584832e-07,0.1714243832975626,0.015737494977656752,0.017201899201609194,9.873063140375393e-07,144.7076958432186
centerline,85.7579294178221,0.0,0.6174570918083191,0.0,593.1886367797852,2.0045210769037425e-07,0.17152539361268282,0.015651117952074856,0.01713686215225607,9.680452732752087e-07,143.5718906689115
centerline,86.27383245362176,0.0,0.6211715936660767,0.0,591.5541877746582,1.9768599979208545e-07,0.1716240644454956,0.01556524948682636,0.01707244012504816,9.485325800362432e-07,142.41716164925822
centerline,86.8005802234014,0.0,0.62496417760849,0.0,589.9406280517578,1.9483766888761522e-07,0.17172019463032484,0.015479867113754153,0.01700854575028643,9.286905306993276e-07,141.24227934751573
centerline,87.338387966156,0.0,0.6288363933563232,0.0,588.3444595336914,1.9191953104513715e-07,0.1718136528506875,0.015395051974337548,0.016945169598329812,9.084972294459703e-07,140.04496431988875
centerline,87.88749575614929,0.0,0.6327899694442749,0.0,586.7663650512695,1.8896590081585174e-07,0.1719041569158435,0.015311124850995839,0.01688246859703213,8.879932082983544e-07,138.8253447516005
centerline,88.44814366764493,0.0,0.6368266344070435,0.0,585.2091369628906,1.8602266671496892e-07,0.1719914823770523,0.015228478645440191,0.016820650780573487,8.673216473908951e-07,137.58447204818967
centerline,89.0205634964837,0.0,0.6409480571746826,0.0,583.6775131225586,1.8312505489781472e-07,0.17207543831318617,0.015147556609008461,0.016759983729571104,8.466776688642597e-07,136.3251094718716
centerline,89.60502015219795,0.0,0.6451561450958252,0.0,582.1753921508789,1.8029457526935744e-07,0.17215602286159992,0.015068688953761011,0.016700695094186813,8.262647428480818e-07,135.0503643095922
centerline,90.20174543062846,0.0,0.6494525671005249,0.0,580.7059135437012,1.7752938419324238e-07,0.172233359888196,0.014992100186645985,0.016642979288008064,8.062239529316173e-07,133.7627389713875
centerline,90.81100424130759,0.0,0.6538392305374146,0.0,579.2705879211426,1.7481214076298102e-07,0.17230776604264975,0.014917790482286364,0.016586890968028456,7.866254043698007e-07,132.46374851983828
centerline,91.43306977219052,0.0,0.6583181023597717,0.0,577.8702850341797,1.7210638580955617e-07,0.1723795784637332,0.014845557685475796,0.016532339912373573,7.674875108776291e-07,131.15512028590072
centerline,92.06820693280962,0.0,0.6628910899162292,0.0,576.5042152404785,1.6936124702660038e-07,0.17244922742247581,0.014774918498005718,0.01647901948308572,7.487989392984673e-07,129.838337540272
centerline,92.71668063269722,0.0,0.6675601005554199,0.0,575.1704406738281,1.665025553543309e-07,0.17251707520335913,0.014705226698424667,0.01642647775588557,7.305042002414552e-07,128.51523876922408
centerline,93.3787806166543,0.0,0.6723272204399109,0.0,573.8670120239258,1.6345997583266936e-07,0.17258327081799507,0.014635978266596794,0.016374322585761547,7.12557177262596e-07,127.18658815348346
centerline,94.05478835105896,0.0,0.6771944761276245,0.0,572.5927886962891,1.601608302093105e-07,0.17264757119119167,0.014566945552360266,0.01632231113035232,6.95070659251229e-07,125.85332473134963
centerline,94.7450018591351,0.0,0.6821640133857727,0.0,571.3443946838379,1.5651170903741018e-07,0.17270950973033905,0.01449820026755333,0.01627038890728727,6.784483610466907e-07,124.51454236415651
centerline,95.4497108856837,0.0,0.6872379183769226,0.0,570.1193199157715,1.523365109057373e-07,0.17276830971240997,0.014430170354899019,0.016218721924815327,6.632210167722974e-07,123.16985600039592
centerline,96.16922173235152,0.0,0.6924183964729309,0.0,568.9245643615723,1.4732501113501328e-07,0.17282302118837833,0.014363997092004865,0.016167933063115925,6.496846087777897e-07,121.82167781518582
centerline,96.90385725763109,0.0,0.6977077722549438,0.0,567.7939262390137,1.409541553476501e-07,0.17287213914096355,0.014302550989668816,0.01611975347623229,6.377237262711333e-07,120.4858720191037
centerline,97.65392376316919,0.0,0.7031082510948181,0.0,566.7991523742676,1.3250145003418368e-07,0.17291428707540035,0.0142507876153104,0.016077370732091367,6.270463384083769e-07,119.20341528085576
centerline,98.41974410745833,0.0,0.7086221575737,0.0,566.0598449707031,1.220499841192435e-07,0.17294871900230646,0.014216033043339849,0.016045911877881736,6.16971977507319e-07,118.06895819616902
centerline,99.20165770583682,0.0,0.7142519354820251,0.0,565.6667633056641,1.111664680308877e-07,0.17297413479536772,0.01420188759220764,0.01602901896694675,6.079321877017207e-07,117.22618537749199
centerline,100.00000397364299,0.0,0.7200000286102295,0.0,577.3792839050293,1.1295240136266482e-07,0.17223168443888426,0.014845639117993414,0.01655702095013112,6.270537902253182e-07,122.72553708284627
