profile,x_over_d,r_over_d,x_m,y_m,temperature,ch4,o2,co2,h2o,co
radial,0.75,-6.000000155634351,0.005400000140070915,-0.04320000112056732,1099.9932861328125,4.2189732596398244e-08,0.23573967814445496,7.237535015747198e-08,0.006256308406591415,1.3149624500385926e-08
radial,0.75,-5.962838832702902,0.005400000140070915,-0.04293243959546089,1099.9932861328125,4.387236884895174e-08,0.23573966324329376,7.495503240306789e-08,0.0062563116662204266,1.4114483803950861e-08
radial,0.75,-5.915798246860504,0.005400000140070915,-0.04259374737739563,1099.9932861328125,4.585865198691863e-08,0.23573966324329376,7.790909251070843e-08,0.006256314925849438,1.5257137775392948e-08
radial,0.75,-5.86898842205604,0.005400000140070915,-0.04225671663880348,1099.9932861328125,4.7721567142389176e-08,0.23573964834213257,8.050397326542225e-08,0.006256317254155874,1.6333810748392352e-08
radial,0.75,-5.822408840888077,0.005400000140070915,-0.04192134365439415,1099.9932861328125,4.948667964299602e-08,0.23573964834213257,8.275859642026262e-08,0.0062563191168010235,1.7356674320012644e-08
radial,0.75,-5.776057951152325,0.005400000140070915,-0.04158761724829674,1099.9932861328125,5.1174389170682844e-08,0.23573964834213257,8.473300283640128e-08,0.006256320979446173,1.8335470031161094e-08
radial,0.75,-5.729934718045923,0.005400000140070915,-0.04125552996993065,1099.9932861328125,5.280249837369411e-08,0.23573963344097137,8.649461591403451e-08,0.006256321910768747,1.9280673058119646e-08
radial,0.75,-5.684038106766012,0.005400000140070915,-0.040925074368715286,1099.9932861328125,5.438522521217237e-08,0.23573963344097137,8.810000906578352e-08,0.006256322376430035,2.020220790655003e-08
radial,0.75,-5.638367082509729,0.005400000140070915,-0.04059624299407005,1099.9932861328125,5.593436114281758e-08,0.23573963344097137,8.961897890458204e-08,0.006256323307752609,2.110847141523209e-08
radial,0.75,-5.592920093072785,0.005400000140070915,-0.040269024670124054,1099.9932861328125,5.7459093483203105e-08,0.23573963344097137,9.113764321000417e-08,0.0062563237734138966,2.200525450746227e-08
radial,0.75,-5.547696621053749,0.005400000140070915,-0.03994341567158699,1099.9932861328125,5.903892841274683e-08,0.23573963344097137,9.272348933109242e-08,0.006256324239075184,2.289729117421757e-08
radial,0.75,-5.502695114248329,0.005400000140070915,-0.03961940482258797,1099.9932861328125,6.105721439553236e-08,0.23573963344097137,9.442616999422171e-08,0.006256324704736471,2.3785085900840386e-08
radial,0.75,-5.4579150552550955,0.005400000140070915,-0.039296988397836685,1099.9932861328125,6.381355177609294e-08,0.23573963344097137,9.628909936054697e-08,0.0062563251703977585,2.4665975928428452e-08
radial,0.75,-5.413354891869757,0.005400000140070915,-0.03897615522146225,1099.9932861328125,6.698603272070613e-08,0.23573961853981018,9.833093628230927e-08,0.006256326101720333,2.5537039149980956e-08
radial,0.75,-5.369013071888023,0.005400000140070915,-0.038656894117593765,1099.993408203125,7.019941250518968e-08,0.23573961853981018,1.0055234866968021e-07,0.006256327498704195,2.639782614721753e-08
radial,0.75,-5.324889595309894,0.005400000140070915,-0.03833920508623123,1099.993408203125,7.339480134760379e-08,0.23573961853981018,1.0295753583022815e-07,0.006256328895688057,2.7249164702425333e-08
radial,0.75,-5.280982909931077,0.005400000140070915,-0.038023076951503754,1099.993408203125,7.65709344818788e-08,0.23573961853981018,1.0555476137596997e-07,0.006256330292671919,2.8090319403872854e-08
radial,0.75,-5.237291463547283,0.005400000140070915,-0.037708498537540436,1099.993408203125,7.971794957484235e-08,0.23573961853981018,1.083495178022531e-07,0.006256332620978355,2.891961869977422e-08
radial,0.75,-5.193814738757081,0.005400000140070915,-0.03739546611905098,1099.993408203125,8.281916308305881e-08,0.23573961853981018,1.113365826199697e-07,0.006256334949284792,2.9734883000287482e-08
radial,0.75,-5.1505522181590395,0.005400000140070915,-0.03708397597074509,1099.993408203125,8.59839204281343e-08,0.23573961853981018,1.1450382686462035e-07,0.0062563372775912285,3.053367336747215e-08
radial,0.75,-5.107501314746009,0.005400000140070915,-0.036774009466171265,1099.9935302734375,8.95717420235087e-08,0.23573961853981018,1.178325561568272e-07,0.006256340071558952,3.1313472703686784e-08
radial,0.75,-5.064662545919418,0.005400000140070915,-0.03646557033061981,1099.9935302734375,9.374622322866344e-08,0.23573961853981018,1.2130118420827785e-07,0.0062563433311879635,3.207172127872582e-08
radial,0.75,-5.022033842073546,0.005400000140070915,-0.036158643662929535,1099.9935302734375,9.829759051172005e-08,0.23573961853981018,1.2488509071317822e-07,0.006256346590816975,3.280593219301409e-08
radial,0.75,-4.979614685806963,0.005400000140070915,-0.035853225737810135,1099.9935302734375,1.0291426377762036e-07,0.235739603638649,1.2855767295150144e-07,0.006256350316107273,3.351366117954058e-08
radial,0.75,-4.937404042316808,0.005400000140070915,-0.035549309104681015,1099.99365234375,1.0742063238922128e-07,0.235739603638649,1.322902818401417e-07,0.006256353575736284,3.4192581210845674e-08
radial,0.75,-4.8954008768002195,0.005400000140070915,-0.03524688631296158,1099.99365234375,1.1181275283433934e-07,0.235739603638649,1.360616437295903e-07,0.006256357301026583,3.484038302303816e-08
radial,0.75,-4.853603637052907,0.005400000140070915,-0.03494594618678093,1099.99365234375,1.1608725714040702e-07,0.235739603638649,1.3985034286179143e-07,0.006256361026316881,3.545486748635085e-08
radial,0.75,-4.81201180567344,0.005400000140070915,-0.03464648500084877,1099.9937744140625,1.2024102602481435e-07,0.235739603638649,1.436384167163851e-07,0.00625636475160718,3.603378573302507e-08
radial,0.75,-4.770624347858959,0.005400000140070915,-0.0343484953045845,1099.9937744140625,1.2427160811512294e-07,0.235739603638649,1.4740203369001392e-07,0.006256368476897478,3.657492086972525e-08
radial,0.75,-4.7294402288066015,0.005400000140070915,-0.03405196964740753,1099.9937744140625,1.2817733363590378e-07,0.235739603638649,1.511195364400919e-07,0.006256371736526489,3.7076098635679955e-08
radial,0.75,-4.688458413713509,0.005400000140070915,-0.03375690057873726,1099.993896484375,1.3195877102134546e-07,0.235739603638649,1.547946908431186e-07,0.006256375461816788,3.75355746484729e-08
radial,0.75,-4.647677867776818,0.005400000140070915,-0.03346328064799309,1099.993896484375,1.3562149092649634e-07,0.235739603638649,1.5845206746689655e-07,0.006256379187107086,3.795257086380843e-08
radial,0.75,-4.6070980735951,0.005400000140070915,-0.03317110612988472,1099.9940185546875,1.391821200513732e-07,0.2357395887374878,1.621412195618177e-07,0.006256382912397385,3.832828099348262e-08
radial,0.75,-4.5667169615626335,0.005400000140070915,-0.03288036212325096,1099.9940185546875,1.426780897872959e-07,0.2357395887374878,1.6598144725321617e-07,0.006256386637687683,3.866712816602558e-08
radial,0.75,-4.5265345316794185,0.005400000140070915,-0.03259104862809181,1099.994140625,1.461783512013426e-07,0.2357395887374878,1.7033981691838562e-07,0.006256390828639269,3.897911327044312e-08
radial,0.75,-4.486549749142594,0.005400000140070915,-0.032303158193826675,1099.994140625,1.4978375872942706e-07,0.2357395887374878,1.7559790421728394e-07,0.006256395485252142,3.928024483457193e-08
radial,0.75,-4.446761061747869,0.005400000140070915,-0.032016679644584656,1099.9942626953125,1.5358645555352268e-07,0.2357395887374878,1.8179348160174413e-07,0.00625640107318759,3.9584744371268243e-08
radial,0.75,-4.407167952093813,0.005400000140070915,-0.031731609255075455,1099.9942626953125,1.5770282857374696e-07,0.2357395887374878,1.8896884057539864e-07,0.006256407126784325,3.9913295779570035e-08
radial,0.75,-4.367769385377566,0.005400000140070915,-0.031447939574718475,1099.994384765625,1.6224723253799311e-07,0.2357395738363266,1.9730710221210757e-07,0.006256414577364922,4.0288085756401415e-08
radial,0.75,-4.3285640680955515,0.005400000140070915,-0.03116566129028797,1099.9945068359375,1.6727061336041515e-07,0.2357395738363266,2.0690332291906088e-07,0.006256422959268093,4.072111181585569e-08
radial,0.75,-4.289551482846339,0.005400000140070915,-0.030884770676493645,1099.99462890625,1.727800054140971e-07,0.2357395589351654,2.177900313427017e-07,0.006256432738155127,4.121738328421998e-08
radial,0.75,-4.250730594827069,0.005400000140070915,-0.030605260282754898,1099.99462890625,1.793804500493934e-07,0.2357395440340042,2.299341304023983e-07,0.006256443448364735,4.191345581716632e-08
radial,0.75,-4.2121003692348795,0.005400000140070915,-0.030327122658491135,1099.9947509765625,1.8308182347936963e-07,0.2357395440340042,2.3998319420570624e-07,0.006256451364606619,4.205914905242025e-08
radial,0.75,-4.173659771266911,0.005400000140070915,-0.030050350353121758,1099.9949951171875,1.8114724298357032e-07,0.2357395440340042,2.429198389108933e-07,0.006256450433284044,4.1229743175108524e-08
radial,0.75,-4.135408283521731,0.005400000140070915,-0.029774939641356468,1099.9951171875,1.7617207959119696e-07,0.2357395589351654,2.404898111763032e-07,0.00625644251704216,3.992803954133706e-08
radial,0.75,-4.097344612495767,0.005400000140070915,-0.02950088120996952,1099.9952392578125,1.683606285496353e-07,0.2357395738363266,2.3545324268070544e-07,0.006256430875509977,3.8107408784071595e-08
radial,0.75,-4.05946798208687,0.005400000140070915,-0.029228169471025467,1099.995361328125,1.5873132497290499e-07,0.235739603638649,2.2855317638459383e-07,0.006256416905671358,3.597042663727734e-08
radial,0.75,-4.021777098791467,0.005400000140070915,-0.02895679511129856,1099.9954833984375,1.4881351262374665e-07,0.23573961853981018,2.2127670717964065e-07,0.006256402935832739,3.380412749720563e-08
radial,0.75,-3.984271703908841,0.005400000140070915,-0.028686756268143654,1099.99560546875,1.385684242904972e-07,0.23573964834213257,2.1374415837271954e-07,0.006256388500332832,3.1600801975173454e-08
radial,0.75,-3.9469505039354167,0.005400000140070915,-0.028418043628335,1099.9957275390625,1.2804672167021636e-07,0.23573966324329376,2.0609050466191547e-07,0.0062563735991716385,2.9373136811727818e-08
radial,0.75,-3.9098124640683336,0.005400000140070915,-0.028150649741292,1099.995849609375,1.1731809479442745e-07,0.23573969304561615,1.9844681276026677e-07,0.006256359163671732,2.7137733837889755e-08
radial,0.75,-3.872857066906161,0.005400000140070915,-0.027884570881724358,1099.9959716796875,1.064453201138349e-07,0.23573970794677734,1.909367313146504e-07,0.006256345193833113,2.49094771476166e-08
radial,0.75,-3.836083018945323,0.005400000140070915,-0.027619797736406326,1099.99609375,9.594683803015869e-08,0.23573973774909973,1.8370757004504412e-07,0.006256331689655781,2.2705165747538558e-08
radial,0.75,-3.79948980278439,0.005400000140070915,-0.027356326580047607,1099.9962158203125,8.755880287480977e-08,0.23573975265026093,1.7689539788534603e-07,0.006256318185478449,2.053348246988662e-08
radial,0.75,-3.7630761249197855,0.005400000140070915,-0.027094148099422455,1099.996337890625,8.097595838307825e-08,0.23573976755142212,1.7063020152363606e-07,0.0062563056126236916,1.8401332013695537e-08
radial,0.75,-3.7268414679500794,0.005400000140070915,-0.02683325856924057,1099.9964599609375,7.614396224653319e-08,0.2357397973537445,1.6504876043654804e-07,0.006256293039768934,1.6314221085167446e-08
radial,0.75,-3.6907847970724106,0.005400000140070915,-0.026573650538921356,1099.99658203125,7.351179220904669e-08,0.2357398122549057,1.6027100002702355e-07,0.0062562813982367516,1.4274253778978618e-08
radial,0.75,-3.654905336184634,0.005400000140070915,-0.026315318420529366,1099.9967041015625,7.147040292920792e-08,0.2357398271560669,1.5640188166798907e-07,0.0062562706880271435,1.2290587214636162e-08
radial,0.75,-3.619202050483889,0.005400000140070915,-0.026058254763484,1099.996826171875,6.945379027456511e-08,0.2357398420572281,1.5352171089944022e-07,0.00625626090914011,1.0372138703473865e-08
radial,0.75,-3.58367416386803,0.005400000140070915,-0.025802453979849815,1099.9969482421875,6.746331138174355e-08,0.23573985695838928,1.5166884281825332e-07,0.0062562525272369385,8.559760900084257e-09
radial,0.75,-3.548320641534196,0.005400000140070915,-0.02554790861904621,1099.9970703125,6.550074971301001e-08,0.23573987185955048,1.5085505822298728e-07,0.006256244610995054,7.0982846267497735e-09
radial,0.75,-3.513140966080957,0.005400000140070915,-0.02529461495578289,1099.9971923828125,6.356751214298129e-08,0.23573988676071167,1.5107508488654275e-07,0.006256237626075745,6.19283335723253e-09
radial,0.75,-3.4781341027054524,0.005400000140070915,-0.025042565539479256,1099.997314453125,6.166500554627419e-08,0.23573990166187286,1.5230349958983425e-07,0.006256232038140297,5.748959530649245e-09
radial,0.75,-3.4432992753055363,0.005400000140070915,-0.02479175478219986,1099.9974365234375,5.979508443942905e-08,0.23573990166187286,1.544697596500555e-07,0.0062562269158661366,5.491913590560671e-09
radial,0.75,-3.408635449078348,0.005400000140070915,-0.024542175233364105,1099.99755859375,5.7961628385783115e-08,0.23573991656303406,1.5754855553495872e-07,0.006256222724914551,5.241727940585861e-09
radial,0.75,-3.3741418479217424,0.005400000140070915,-0.024293821305036545,1099.9976806640625,5.6169067619293855e-08,0.23573993146419525,1.6162852034540265e-07,0.00625621946528554,4.997872782297463e-09
radial,0.75,-3.339817695733574,0.005400000140070915,-0.02404668740928173,1099.997802734375,5.441878059286864e-08,0.23573993146419525,1.6663058488575189e-07,0.006256217136979103,4.759757477046378e-09
radial,0.75,-3.3056622164116964,0.005400000140070915,-0.023800767958164215,1099.9979248046875,5.270969438697648e-08,0.23573994636535645,1.7227519322204898e-07,0.0062562148086726665,4.526628405443489e-09
radial,0.75,-3.2716746338539653,0.005400000140070915,-0.02355605736374855,1099.998046875,5.1061299188859266e-08,0.23573994636535645,1.7837491839145514e-07,0.006256213411688805,4.297775024753037e-09
radial,0.75,-3.2378539132575197,0.005400000140070915,-0.02331254817545414,1099.9981689453125,4.956713439696614e-08,0.23573994636535645,1.8478188223980396e-07,0.00625621248036623,4.072641335284288e-09
radial,0.75,-3.204199278520213,0.005400000140070915,-0.023070234805345535,1099.998291015625,4.8206100444758704e-08,0.23573996126651764,1.914018952220431e-07,0.006256212014704943,3.850598506716096e-09
radial,0.75,-3.1707099535399013,0.005400000140070915,-0.02282911166548729,1099.998291015625,4.6871644343582375e-08,0.23573996126651764,1.9818195085008483e-07,0.006256212014704943,3.6343725806631255e-09
radial,0.75,-3.1373854209151535,0.005400000140070915,-0.022589175030589104,1099.9984130859375,4.5551434624258036e-08,0.23573996126651764,2.0497030561728025e-07,0.00625621248036623,3.4345231103571905e-09
radial,0.75,-3.1042243871423936,0.005400000140070915,-0.022350415587425232,1099.99853515625,4.4246725394714304e-08,0.23573996126651764,2.116061494916721e-07,0.00625621248036623,3.2462099675001355e-09
radial,0.75,-3.071226076119476,0.005400000140070915,-0.022112827748060226,1099.9986572265625,4.2960429880167794e-08,0.23573996126651764,2.1793263726976875e-07,0.006256212946027517,3.056630948350403e-09
radial,0.75,-3.0383899704449706,0.005400000140070915,-0.02187640778720379,1099.998779296875,4.1692285179806277e-08,0.23573996126651764,2.238338936422224e-07,0.006256212946027517,2.8639122184870303e-09
radial,0.75,-3.005715294016732,0.005400000140070915,-0.02164115011692047,1099.9989013671875,4.043325674274456e-08,0.23573996126651764,2.2912624331183906e-07,0.006256212946027517,2.667300158520902e-09
radial,0.75,-2.9732010120318995,0.005400000140070915,-0.021407047286629677,1099.9990234375,3.9173102095446666e-08,0.23573996126651764,2.3359559975233424e-07,0.006256212014704943,2.467904769432039e-09
radial,0.75,-2.9408466070890427,0.005400000140070915,-0.021174095571041107,1099.9991455078125,3.796691672164343e-08,0.23573996126651764,2.3714507335625967e-07,0.006256211083382368,2.2670691990356318e-09
radial,0.75,-2.9086510443853006,0.005400000140070915,-0.020942287519574165,1099.999267578125,3.68776369441548e-08,0.23573996126651764,2.39620447928246e-07,0.006256209220737219,2.0667461075873916e-09
radial,0.75,-2.876613547818528,0.005400000140070915,-0.020711617544293404,1099.999267578125,3.585381946891175e-08,0.23573996126651764,2.4088117811515986e-07,0.006256206892430782,1.8685581970601106e-09
radial,0.75,-2.844733599987295,0.005400000140070915,-0.020482081919908524,1099.9993896484375,3.4835473172734055e-08,0.23573996126651764,2.408291379651928e-07,0.006256203632801771,1.6721647400075312e-09
radial,0.75,-2.8130101660887403,0.005400000140070915,-0.020253673195838928,1099.99951171875,3.381686397574413e-08,0.23573996126651764,2.393964848579344e-07,0.006256199907511473,1.476413880041605e-09
radial,0.75,-2.781442470020718,0.005400000140070915,-0.02002638578414917,1099.9996337890625,3.279004090472881e-08,0.23573996126651764,2.3660686565563083e-07,0.0062561952508986,1.2791003811685187e-09
radial,0.75,-2.7500299943817987,0.005400000140070915,-0.01980021595954895,1099.999755859375,3.174753260282159e-08,0.23573996126651764,2.3249415903592308e-07,0.006256189662963152,1.0782259529662497e-09
radial,0.75,-2.718771704369121,0.005400000140070915,-0.019575156271457672,1099.999755859375,3.068302589781524e-08,0.23573996126651764,2.2713942371410667e-07,0.006256183609366417,8.813072494007201e-10
radial,0.75,-2.6876670825812554,0.005400000140070915,-0.019351202994585037,1099.9998779296875,2.9589713790301175e-08,0.23573996126651764,2.2064712368319306e-07,0.006256177090108395,7.187039297029685e-10
radial,0.75,-2.656715352916055,0.005400000140070915,-0.019128350540995598,1100.0,2.846162949765585e-08,0.23573996126651764,2.1315999276794173e-07,0.006256169639527798,5.840546379864975e-10
radial,0.75,-2.6259154805706606,0.005400000140070915,-0.018906591460108757,1100.0001220703125,2.7296453097847007e-08,0.23573994636535645,2.0480412388224067e-07,0.006256162188947201,4.465640912609814e-10
radial,0.75,-2.595266948143641,0.005400000140070915,-0.018685922026634216,1100.0001220703125,2.6096980576539863e-08,0.23573994636535645,1.9569597498048097e-07,0.0062561542727053165,3.041364382561085e-10
radial,0.75,-2.564768979532851,0.005400000140070915,-0.018466336652636528,1100.000244140625,2.4867631509550847e-08,0.23573994636535645,1.8601490126002318e-07,0.006256146356463432,1.5726261959336796e-10
radial,0.75,-2.534420798636145,0.005400000140070915,-0.018247829750180244,1100.000244140625,2.3609372235000592e-08,0.23573994636535645,1.758860577183441e-07,0.006256138440221548,4.7120477658646465e-11
radial,0.75,-2.5042216293513775,0.005400000140070915,-0.018030395731329918,1100.0003662109375,2.232385831746342e-08,0.23573994636535645,1.6538677982680383e-07,0.006256130523979664,1.1426365062461308e-11
radial,0.75,-2.474170954277118,0.005400000140070915,-0.01781403087079525,1100.0003662109375,2.1013338624698008e-08,0.23573994636535645,1.5462994440440525e-07,0.006256123073399067,1.1280382010425694e-11
radial,0.75,-2.444267997311221,0.005400000140070915,-0.017598729580640793,1100.00048828125,1.967769591715296e-08,0.23573994636535645,1.4377353352301725e-07,0.00625611562281847,1.1091651902495059e-11
radial,0.75,-2.4145117236508264,0.005400000140070915,-0.01738448441028595,1100.00048828125,1.8322374728541035e-08,0.23573994636535645,1.3305967172527744e-07,0.00625610863789916,1.0867479659226742e-11
radial,0.75,-2.384901615894503,0.005400000140070915,-0.017171291634440422,1100.00048828125,1.6948936476524068e-08,0.23573994636535645,1.2275928895633115e-07,0.006256102584302425,1.0615210967179767e-11
radial,0.75,-2.355437156640821,0.005400000140070915,-0.01695914752781391,1100.0006103515625,1.555295625621511e-08,0.23573994636535645,1.1309394665204309e-07,0.00625609653070569,1.0343037190607696e-11
radial,0.75,-2.3261173110869198,0.005400000140070915,-0.01674804463982582,1100.0006103515625,1.4133215486822337e-08,0.23573994636535645,1.0422798624176721e-07,0.006256091874092817,1.0101855983657426e-11
radial,0.75,-2.2969415618313684,0.005400000140070915,-0.016537979245185852,1100.0006103515625,1.2682834338306748e-08,0.23573994636535645,9.62503321488839e-08,0.006256087217479944,9.933109022808306e-12
radial,0.75,-2.2679091327720218,0.005400000140070915,-0.016328945755958557,1100.0006103515625,1.1195997906554567e-08,0.23573994636535645,8.919708704979712e-08,0.006256083492189646,9.80129952893316e-12
radial,0.75,-2.2390192478067346,0.005400000140070915,-0.01612093858420849,1100.0006103515625,9.66587787587514e-09,0.23573994636535645,8.307820564823487e-08,0.006256080698221922,9.667538471147541e-12
radial,0.75,-2.210271130833361,0.005400000140070915,-0.0159139521420002,1100.000732421875,8.091727288217498e-09,0.23573994636535645,7.787637912315404e-08,0.006256077904254198,9.516018181776609e-12
radial,0.75,-2.181664523151186,0.005400000140070915,-0.015707984566688538,1100.000732421875,6.782943984262602e-09,0.23573994636535645,7.35223153469633e-08,0.006256076041609049,9.343591872434942e-12
radial,0.75,-2.153198260606991,0.005400000140070915,-0.015503027476370335,1100.000732421875,5.999447161286753e-09,0.23573994636535645,6.991474066353476e-08,0.0062560741789639,9.155902598589893e-12
radial,0.75,-2.1248719551497035,0.005400000140070915,-0.015299078077077866,1100.000732421875,5.453122842169478e-09,0.23573994636535645,6.694049403677127e-08,0.006256072781980038,8.959176282796744e-12
radial,0.75,-2.096684701326821,0.005400000140070915,-0.015096129849553108,1100.000732421875,4.900334804602835e-09,0.23573994636535645,6.44954099016104e-08,0.006256071384996176,8.761545308710872e-12
radial,0.75,-2.0686359817369118,0.005400000140070915,-0.014894179068505764,1100.0008544921875,4.346845994263049e-09,0.23573996126651764,6.247466188824546e-08,0.006256069988012314,8.5695972887323e-12
radial,0.75,-2.0407250202778315,0.005400000140070915,-0.014693220146000385,1100.0008544921875,3.800137982068463e-09,0.23573996126651764,6.078236935991299e-08,0.006256069056689739,8.388957931093621e-12
radial,0.75,-2.0129511701977916,0.005400000140070915,-0.014493248425424099,1100.0008544921875,3.267030646014746e-09,0.23573996126651764,5.963611471315744e-08,0.006256067659705877,8.224657933875168e-12
radial,0.75,-1.9853137847450044,0.005400000140070915,-0.014294259250164032,1100.0008544921875,2.7521700474153477e-09,0.23573996126651764,5.893350873975578e-08,0.006256066728383303,8.083515627699267e-12
radial,0.75,-1.9578120878173246,0.005400000140070915,-0.014096247032284737,1100.0009765625,2.259151088424005e-09,0.23573996126651764,5.824859172776087e-08,0.006256065331399441,7.977744333198533e-12
radial,0.75,-1.9304455620133214,0.005400000140070915,-0.013899208046495914,1100.0010986328125,1.7932331175529725e-09,0.23573996126651764,5.7481219783994675e-08,0.006256063934415579,7.92429663554195e-12
radial,0.75,-1.9032134312308497,0.005400000140070915,-0.013703136704862118,1100.001220703125,1.3643298713006402e-09,0.23573996126651764,5.6440761397880124e-08,0.00625606207177043,7.934651199970055e-12
radial,0.75,-1.8761150487181213,0.005400000140070915,-0.013508028350770473,1100.00146484375,1.0592324795055674e-09,0.23573996126651764,5.510116096729689e-08,0.006256059277802706,8.006157369011557e-12
radial,0.75,-1.8491498970737061,0.005400000140070915,-0.013313879258930683,1100.001953125,8.770929538215455e-10,0.23573997616767883,5.391557067468966e-08,0.006256056018173695,8.13746379307867e-12
radial,0.75,-1.8223170708451006,0.005400000140070915,-0.013120682910084724,1100.003173828125,7.421896430770403e-10,0.23573997616767883,5.492066890155911e-08,0.006256053689867258,8.35370921742351e-12
radial,0.75,-1.7956161819812324,0.005400000140070915,-0.012928436510264874,1100.00537109375,6.652144390884018e-10,0.23573996126651764,6.775020722216141e-08,0.006256059743463993,8.727068546987571e-12
radial,0.75,-1.7690463250295985,0.005400000140070915,-0.012737133540213108,1100.0101318359375,6.534329743956846e-10,0.23573985695838928,1.3767318307600362e-07,0.0062561118975281715,9.827713295940121e-12
radial,0.75,-1.7426071119391255,0.005400000140070915,-0.012546771205961704,1100.019775390625,6.940581998016171e-10,0.2357393205165863,4.6289079591588234e-07,0.00625636288896203,1.2615187540421235e-11
radial,0.75,-1.7162977666076686,0.005400000140070915,-0.012357343919575214,1100.0399169921875,7.488419329071405e-10,0.2357369065284729,1.9842891560983844e-06,0.006257517263293266,2.7271454192123734e-11
radial,0.75,-1.6901176422834396,0.005400000140070915,-0.012168847024440765,1100.082763671875,7.561897774621684e-10,0.23572488129138947,9.579730431141797e-06,0.006263263523578644,8.316076993697408e-11
radial,0.75,-1.6640660922146506,0.005400000140070915,-0.011981275863945484,1100.177001953125,6.582117073605787e-10,0.2356601506471634,5.044678982812911e-05,0.006294193211942911,8.594496225811099e-10
radial,0.75,-1.6381424696495137,0.005400000140070915,-0.011794625781476498,1100.37841796875,4.745139281503441e-10,0.2353408932685852,0.000251984951319173,0.006446733605116606,1.2080369593547857e-08
radial,0.75,-1.6123462571865983,0.005400000140070915,-0.011608893051743507,1100.7694091796875,2.917656671819202e-10,0.23416060209274292,0.0009970370447263122,0.007010671775788069,7.31964959754805e-08
radial,0.75,-1.5866768080741167,0.005400000140070915,-0.01142407301813364,1101.42919921875,1.5985529566719947e-10,0.23115092515945435,0.002896805526688695,0.00844871997833252,2.97137489724264e-07
radial,0.75,-1.5611333462099235,0.005400000140070915,-0.011240160092711449,1102.397216796875,7.023685799634194e-11,0.22566145658493042,0.006361570209264755,0.011071675457060337,9.122664437200001e-07
radial,0.75,-1.5357154835429456,0.005400000140070915,-0.011057151481509209,1103.6563720703125,2.0854805729553227e-11,0.21789968013763428,0.011259925551712513,0.014780507422983646,2.265101329612662e-06
radial,0.75,-1.5104224439710379,0.005400000140070915,-0.010875041596591473,1105.1453857421875,5.759254184667384e-12,0.20861200988292694,0.017120111733675003,0.019218718633055687,4.809885467693675e-06
radial,0.75,-1.485253580742412,0.005400000140070915,-0.010693825781345367,1106.791748046875,2.44125943418827e-12,0.19848045706748962,0.023510852828621864,0.02406061813235283,9.14154588826932e-06
radial,0.75,-1.4602083764556382,0.005400000140070915,-0.010513500310480595,1108.537353515625,1.8163830899434186e-12,0.18788786232471466,0.03018944524228573,0.02912350930273533,1.6087496987893246e-05
radial,0.75,-1.4352863137092855,0.005400000140070915,-0.010334061458706856,1110.3414306640625,1.4471518601510969e-12,0.17698407173156738,0.03705984354019165,0.03433613479137421,2.6839399652089924e-05
radial,0.75,-1.4104866164012089,0.005400000140070915,-0.010155503638088703,1112.1715087890625,1.2352002016699504e-12,0.1657995581626892,0.044100672006607056,0.03968440741300583,4.313991667004302e-05
radial,0.75,-1.38580863777962,0.005400000140070915,-0.009977822192013264,1113.996337890625,1.1558814886139523e-12,0.15431508421897888,0.051320966333150864,0.04517822712659836,6.754911737516522e-05
radial,0.75,-1.3612519897934463,0.005400000140070915,-0.009801014326512814,1115.778076171875,1.281149123420755e-12,0.1424977034330368,0.0587368980050087,0.05083436146378517,0.00010385274072177708
radial,0.75,-1.3368160256909,0.005400000140070915,-0.00962507538497448,1117.4632568359375,2.126069285901533e-12,0.1303323358297348,0.06635119765996933,0.05666156858205795,0.00015766013530083
radial,0.75,-1.3124999693698354,0.005400000140070915,-0.009449999779462814,1118.9703369140625,2.017839367818297e-10,0.11786932498216629,0.07412225753068924,0.06263799965381622,0.00023707457876298577
radial,0.75,-1.288194390427735,0.005400000140070915,-0.009274999611079693,1120.18359375,1.3456195047112374e-09,0.1052432730793953,0.08195129781961441,0.06870244443416595,0.0003534853458404541
radial,0.75,-1.2638889408359926,0.005400000140070915,-0.009100000374019146,1120.9420166015625,4.566037770104003e-09,0.09288500249385834,0.0895516574382782,0.07465238869190216,0.0005191033123992383
radial,0.75,-1.2401969999902778,0.005400000140070915,-0.00892941839993,1121.093994140625,1.1632407925787902e-08,0.08181455731391907,0.0962798073887825,0.0800003781914711,0.000733687833417207
radial,0.75,-1.2167224970956643,0.005400000140070915,-0.008760401979088783,1120.6329345703125,2.6115523965586362e-08,0.07265963405370712,0.10175244510173798,0.0844435915350914,0.0009866604814305902
radial,0.75,-1.1934633625464308,0.005400000140070915,-0.008592936210334301,1119.7373046875,5.2805585681880984e-08,0.06592927128076553,0.10568777471780777,0.08772993832826614,0.0012455206597223878
radial,0.75,-1.1704177854375708,0.005400000140070915,-0.008427008055150509,1118.693115234375,9.645034992900037e-08,0.06147652491927147,0.1082213819026947,0.08991996198892593,0.0014748899266123772
radial,0.75,-1.1475835668130054,0.005400000140070915,-0.008262601681053638,1117.72705078125,1.610750643976644e-07,0.058696042746305466,0.109756700694561,0.09129810333251953,0.0016569815343245864
radial,0.75,-1.124959025118086,0.005400000140070915,-0.00809970498085022,1116.9427490234375,2.5100854372794856e-07,0.05695813521742821,0.11068885773420334,0.0921657606959343,0.0017936001531779766
radial,0.75,-1.102541961396734,0.005400000140070915,-0.007938302122056484,1116.3460693359375,3.7230432781143463e-07,0.055829115211963654,0.11127971857786179,0.09273283183574677,0.001894574030302465
radial,0.75,-1.0803306940943003,0.005400000140070915,-0.007778380997478962,1115.91162109375,5.33263630586589e-07,0.05505993217229843,0.1116752177476883,0.09312086552381516,0.0019692080095410347
radial,0.75,-1.0583232829554214,0.005400000140070915,-0.007619927637279034,1115.6131591796875,7.444890570695861e-07,0.054513465613126755,0.1119537204504013,0.09339724481105804,0.002024248940870166
radial,0.75,-1.0365177230495546,0.005400000140070915,-0.007462927605956793,1115.431884765625,1.0189595514020766e-06,0.054111868143081665,0.11215879023075104,0.09360044449567795,0.0020643474999815226
radial,0.75,-1.0149123328220513,0.005400000140070915,-0.0073073687963187695,1115.357177734375,1.3720670040129335e-06,0.053808409720659256,0.11231613159179688,0.09375368803739548,0.0020926573779433966
radial,0.75,-0.9935051720175478,0.005400000140070915,-0.007153237238526344,1115.3863525390625,1.8215827140011243e-06,0.05357327312231064,0.1124420166015625,0.0938718244433403,0.0021113059483468533
radial,0.75,-0.9722944944062167,0.005400000140070915,-0.00700052035972476,1115.5244140625,2.3876693830970908e-06,0.053386151790618896,0.11254759132862091,0.09396499395370483,0.002121696714311838
radial,0.75,-0.9512784244078729,0.005400000140070915,-0.006849204655736685,1115.7843017578125,3.092890892730793e-06,0.05323229730129242,0.11264114081859589,0.09404053539037704,0.00212468346580863
radial,0.75,-0.9304552157926891,0.005400000140070915,-0.006699277553707361,1116.1876220703125,3.9620708776055835e-06,0.05310039594769478,0.11272937059402466,0.09410405158996582,0.0021206766832619905
radial,0.75,-0.9098231223308378,0.005400000140070915,-0.006550726480782032,1116.7657470703125,5.022800451115472e-06,0.0529811792075634,0.11281810700893402,0.09416007995605469,0.0021097236312925816
radial,0.75,-0.8893803331173129,0.005400000140070915,-0.0064035383984446526,1117.563232421875,6.307760486379266e-06,0.05286645516753197,0.11291290819644928,0.0942125916481018,0.0020915449131280184
radial,0.75,-0.8691251019222869,0.005400000140070915,-0.0062577007338404655,1118.642822265625,7.85877818998415e-06,0.05274835601449013,0.11301954835653305,0.09426536411046982,0.0020655274856835604
radial,0.75,-0.8490558118662901,0.005400000140070915,-0.006113201845437288,1120.093994140625,9.734277227835264e-06,0.05261852219700813,0.11314459145069122,0.09432239830493927,0.0020306932274252176
radial,0.75,-0.8291706520443162,0.005400000140070915,-0.005970028694719076,1122.0498046875,1.2024676834698766e-05,0.05246690288186073,0.11329624056816101,0.09438850730657578,0.001985619543120265
radial,0.75,-0.8094679409017166,0.005400000140070915,-0.005828169174492359,1124.7215576171875,1.488472662458662e-05,0.05227965489029884,0.11348593980073929,0.09447038173675537,0.001928273937664926
radial,0.75,-0.7899461262342002,0.005400000140070915,-0.005687612108886242,1128.4691162109375,1.8607555830385536e-05,0.05203485116362572,0.11373139917850494,0.0945788323879242,0.0018557036528363824
radial,0.75,-0.7706033971367611,0.005400000140070915,-0.00554834445938468,1133.9619140625,2.3817105102352798e-05,0.05169253051280975,0.11406369507312775,0.09473390877246857,0.0017635193653404713
radial,0.75,-0.7514381367299292,0.005400000140070915,-0.00541035458445549,1142.587646484375,3.205229586455971e-05,0.051168203353881836,0.11454541981220245,0.09497897326946259,0.0016454485012218356
radial,0.75,-0.7324487928094136,0.005400000140070915,-0.0052736313082277775,1157.561279296875,4.7917128540575504e-05,0.05025229975581169,0.11532095819711685,0.09542433172464371,0.0014958946267142892
radial,0.75,-0.7136336838205656,0.005400000140070915,-0.005138162523508072,1186.611572265625,8.82341992110014e-05,0.04837062582373619,0.11674637347459793,0.09638170897960663,0.0013348179636523128
radial,0.75,-0.6949912575590942,0.005400000140070915,-0.005003937054425478,1245.6343994140625,0.00022224905842449516,0.04410696402192116,0.11957810819149017,0.09864708036184311,0.001294672372750938
radial,0.75,-0.6765198971455296,0.005400000140070915,-0.004870943259447813,1354.8873291015625,0.000724919606000185,0.03527055308222771,0.12474415451288223,0.10348884761333466,0.001747727394104004
radial,0.75,-0.6582180503755808,0.005400000140070915,-0.004739169962704182,1513.634521484375,0.0024514952674508095,0.021839695051312447,0.1318197399377823,0.11089577525854111,0.0029576700180768967
radial,0.75,-0.6400841003697779,0.005400000140070915,-0.004608605522662401,1672.7462158203125,0.007086532656103373,0.010058441199362278,0.1378740668296814,0.1169324591755867,0.003775425720959902
radial,0.75,-0.6221166242741877,0.005400000140070915,-0.004479239694774151,1793.1649169921875,0.014879693277180195,0.00440426217392087,0.14054113626480103,0.11909478157758713,0.0037475088611245155
radial,0.75,-0.60431400520934,0.005400000140070915,-0.004351060837507248,1882.282470703125,0.024344954639673233,0.002840291941538453,0.13992567360401154,0.11903823912143707,0.004044287372380495
radial,0.75,-0.586674690970944,0.005400000140070915,-0.004224057774990797,1949.5076904296875,0.03465941548347473,0.0037458434235304594,0.13645970821380615,0.11784308403730392,0.0052506886422634125
radial,0.75,-0.5691973233802451,0.005400000140070915,-0.004098220728337765,1992.8568115234375,0.045770030468702316,0.0073822662234306335,0.12989874184131622,0.11540018022060394,0.00745746586471796
radial,0.75,-0.5518803502329522,0.005400000140070915,-0.003973538521677256,2002.422119140625,0.05793890357017517,0.015187658369541168,0.11952222883701324,0.11084770411252975,0.010439356788992882
radial,0.75,-0.5347222193247743,0.005400000140070915,-0.0038499999791383743,1961.781982421875,0.07165536284446716,0.029829708859324455,0.10462247580289841,0.10242821276187897,0.013261805288493633
radial,0.75,-0.5173611053679552,0.005400000140070915,-0.0037249999586492777,1845.2269287109375,0.08790607750415802,0.0553281232714653,0.08504627645015717,0.08720987290143967,0.013811020180583
radial,0.75,-0.49999999141113627,0.005400000140070915,-0.003599999938160181,1670.6728515625,0.10515168309211731,0.08863559365272522,0.06361299008131027,0.06682984530925751,0.011581966653466225
radial,0.75,-0.4772727131947047,0.005400000140070915,-0.003436363535001874,1448.04296875,0.12450631707906723,0.1295434534549713,0.03903660178184509,0.04161011055111885,0.007576922420412302
radial,0.75,-0.4545454673158626,0.005400000140070915,-0.0032727273646742105,1289.0802001953125,0.1378263682126999,0.1585722118616104,0.022072235122323036,0.0236503928899765,0.004383279010653496
radial,0.75,-0.43181818909943104,0.005400000140070915,-0.0031090909615159035,1200.01171875,0.14552152156829834,0.17515690624713898,0.012453822419047356,0.013358604162931442,0.0024868794716894627
radial,0.75,-0.40909091088299954,0.005400000140070915,-0.0029454545583575964,1155.2252197265625,0.14966890215873718,0.18383421003818512,0.007422867231070995,0.007956292480230331,0.0014792793663218617
radial,0.75,-0.386363632666568,0.005400000140070915,-0.0027818181551992893,1132.4310302734375,0.15197914838790894,0.18849775195121765,0.004711989313364029,0.005043212790042162,0.0009342182311229408
radial,0.75,-0.3636363544501364,0.005400000140070915,-0.0026181817520409822,1120.0145263671875,0.1533680260181427,0.1912011355161667,0.003134551690891385,0.003349086968228221,0.0006175142480060458
radial,0.75,-0.3409090762337049,0.005400000140070915,-0.002454545348882675,1112.7750244140625,0.15426290035247803,0.19288329780101776,0.00214876770041883,0.0022916924208402634,0.00042043771827593446
radial,0.75,-0.31818183035486275,0.005400000140070915,-0.0022909091785550117,1108.3272705078125,0.15486939251422882,0.1939869076013565,0.0014991480857133865,0.001595997717231512,0.00029132096096873283
radial,0.75,-0.2954545521384312,0.005400000140070915,-0.0021272727753967047,1105.4920654296875,0.15529458224773407,0.1947377771139145,0.001055181142874062,0.0011213944526389241,0.00020366901298984885
radial,0.75,-0.2727272739219997,0.005400000140070915,-0.0019636363722383976,1103.6405029296875,0.15559890866279602,0.19526074826717377,0.0007446289528161287,0.0007900360506027937,0.00014279395691119134
radial,0.75,-0.24999999570556813,0.005400000140070915,-0.0017999999690800905,1102.413330078125,0.15581919252872467,0.1956299990415573,0.0005244450876489282,0.0005555453826673329,9.994722495321184e-05
radial,0.75,-0.2272727336579313,0.005400000140070915,-0.0016363636823371053,1101.59375,0.15597933530807495,0.19589249789714813,0.00036731307045556605,0.0003885146288666874,6.959078746149316e-05
radial,0.75,-0.20454545544149977,0.005400000140070915,-0.0014727272791787982,1101.045166015625,0.15609559416770935,0.19607925415039062,0.0002551051147747785,0.0002694512368179858,4.806502693099901e-05
radial,0.75,-0.1818181772250682,0.005400000140070915,-0.0013090908760204911,1100.67919921875,0.15617944300174713,0.1962115317583084,0.00017536166706122458,0.00018497904238756746,3.2869240385480225e-05
radial,0.75,-0.15909091517743137,0.005400000140070915,-0.0011454545892775059,1100.4371337890625,0.15623922646045685,0.1963043212890625,0.00011924674618057907,0.0001256304676644504,2.224303170805797e-05
radial,0.75,-0.13636363696099985,0.005400000140070915,-0.0009818181861191988,1100.27880859375,0.15628120303153992,0.19636854529380798,8.029582386370748e-05,8.449505548924208e-05,1.490985869168071e-05
radial,0.75,-0.11363636682896565,0.005400000140070915,-0.0008181818411685526,1100.1766357421875,0.15631017088890076,0.19641231000423431,5.368875281419605e-05,5.6433047575410455e-05,9.927081009664107e-06
radial,0.75,-0.0909090886125341,0.005400000140070915,-0.0006545454380102456,1100.11181640625,0.15632975101470947,0.19644156098365784,3.586695675039664e-05,3.7658901419490576e-05,6.605189810215961e-06
radial,0.75,-0.06818181848049992,0.005400000140070915,-0.0004909090930595994,1100.0716552734375,0.15634258091449738,0.1964605450630188,2.427605249977205e-05,2.5461014956817962e-05,4.453320798347704e-06
radial,0.75,-0.04545454430626705,0.005400000140070915,-0.0003272727190051228,1100.0479736328125,0.1563505083322525,0.1964721977710724,1.7152242435258813e-05,1.7970325643545948e-05,3.13490318148979e-06
radial,0.75,-0.022727272153133526,0.005400000140070915,-0.0001636363595025614,1100.0357666015625,0.15635475516319275,0.19647838175296783,1.3364196092879865e-05,1.398973836330697e-05,2.435333044559229e-06
radial,0.75,0.0,0.005400000140070915,0.0,1100.0323486328125,0.15635596215724945,0.1964801400899887,1.2293959116504993e-05,1.2866054930782411e-05,2.2379044821718708e-06
radial,0.75,0.022727272153133526,0.005400000140070915,0.0001636363595025614,1100.0369873046875,0.15635432302951813,0.1964777261018753,1.3763514289166778e-05,1.4411184565688018e-05,2.50909124588361e-06
radial,0.75,0.04545454430626705,0.005400000140070915,0.0003272727190051228,1100.0509033203125,0.15634959936141968,0.19647076725959778,1.8019325580098666e-05,1.8885790268541314e-05,3.295545639048214e-06
radial,0.75,0.06818181848049992,0.005400000140070915,0.0004909090930595994,1100.0767822265625,0.15634101629257202,0.1964581161737442,2.575632242951542e-05,2.702462370507419e-05,4.7287367124226876e-06
radial,0.75,0.0909090886125341,0.005400000140070915,0.0006545454380102456,1100.120361328125,0.1563272923231125,0.19643771648406982,3.819760968326591e-05,4.0122013160726056e-05,7.040920536383055e-06
radial,0.75,0.11363636682896565,0.005400000140070915,0.0008181818411685526,1100.190185546875,0.15630647540092468,0.19640648365020752,5.7218378060497344e-05,6.016550469212234e-05,1.0590315469016787e-05
radial,0.75,0.13636363696099985,0.005400000140070915,0.0009818181861191988,1100.2999267578125,0.15627576410770416,0.19635993242263794,8.55062244227156e-05,9.000871068565175e-05,1.589390194567386e-05
radial,0.75,0.15909091517743137,0.005400000140070915,0.0011454545892775059,1100.4693603515625,0.15623144805431366,0.19629187881946564,0.00012675576726906002,0.00013358279829844832,2.366828266531229e-05
radial,0.75,0.1818181772250682,0.005400000140070915,0.0013090908760204911,1100.727294921875,0.1561686396598816,0.19619402289390564,0.0001858984469436109,0.00019614763732533902,3.487895446596667e-05
radial,0.75,0.20454545544149977,0.005400000140070915,0.0014727272791787982,1101.114990234375,0.15608100593090057,0.19605526328086853,0.0002695034781936556,0.00028472734265960753,5.0824397476390004e-05
radial,0.75,0.2272727336579313,0.005400000140070915,0.0016363636823371053,1101.693603515625,0.15596002340316772,0.19586020708084106,0.000386636471375823,0.00040903608896769583,7.331122469622642e-05
radial,0.75,0.24999999570556813,0.005400000140070915,0.0017999999690800905,1102.5556640625,0.15579378604888916,0.19558672606945038,0.000550277007278055,0.0005830062436871231,0.00010494289017515257
radial,0.75,0.2727272739219997,0.005400000140070915,0.0019636363722383976,1103.8447265625,0.1555653065443039,0.1952022910118103,0.000779409077949822,0.0008270455873571336,0.00014954795187804848
radial,0.75,0.2954545521384312,0.005400000140070915,0.0021272727753967047,1105.7891845703125,0.15524962544441223,0.1946578025817871,0.0011026238789781928,0.0011719254544004798,0.00021291617304086685
radial,0.75,0.31818183035486275,0.005400000140070915,0.0022909091785550117,1108.7679443359375,0.15480822324752808,0.19387532770633698,0.0015651206485927105,0.001666324445977807,0.00030422041891142726
radial,0.75,0.3409090762337049,0.005400000140070915,0.002454545348882675,1113.4482421875,0.15417735278606415,0.19272302091121674,0.0022432387340813875,0.0023924708366394043,0.00043895430280826986
radial,0.75,0.3636363544501364,0.005400000140070915,0.0026181817520409822,1121.088134765625,0.1532433032989502,0.19096067547798157,0.0032758365850895643,0.003499880898743868,0.0006452450179494917
radial,0.75,0.386363632666568,0.005400000140070915,0.0027818181551992893,1134.2508544921875,0.15178599953651428,0.18811385333538055,0.0049368999898433685,0.0052832914516329765,0.000978348427452147
radial,0.75,0.40909091088299954,0.005400000140070915,0.0029454545583575964,1158.555908203125,0.149344801902771,0.1831696480512619,0.0078113568015396595,0.008370696566998959,0.0015552171971648932
radial,0.75,0.43181818909943104,0.005400000140070915,0.0031090909615159035,1206.5064697265625,0.14493493735790253,0.1739189326763153,0.013177350163459778,0.014128279872238636,0.002626571338623762
radial,0.75,0.4545454673158626,0.005400000140070915,0.0032727273646742105,1301.4771728515625,0.13675689697265625,0.15627531707286835,0.023421911522746086,0.025074297562241554,0.004634701646864414
radial,0.75,0.4772727131947047,0.005400000140070915,0.003436363535001874,1467.95068359375,0.12277564406394958,0.1258787214756012,0.041235942393541336,0.043875060975551605,0.007944697514176369
radial,0.75,0.49999999141113627,0.005400000140070915,0.003599999938160181,1693.5635986328125,0.10291670262813568,0.08429617434740067,0.06640402227640152,0.06949331611394882,0.011888841167092323
radial,0.75,0.5173611053679552,0.005400000140070915,0.0037249999586492777,1862.1077880859375,0.08569812774658203,0.05178014934062958,0.08774471282958984,0.08933799713850021,0.013752342201769352
radial,0.75,0.5347222193247743,0.005400000140070915,0.0038499999791383743,1968.7579345703125,0.0697147324681282,0.027668755501508713,0.10679686814546585,0.10367689281702042,0.012855692766606808
radial,0.75,0.5518803502329522,0.005400000140070915,0.003973538521677256,2002.0196533203125,0.0562114454805851,0.014011219143867493,0.1210760846734047,0.11153242737054825,0.01000169850885868
radial,0.75,0.5691973233802451,0.005400000140070915,0.004098220728337765,1987.4844970703125,0.044194627553224564,0.0068185292184352875,0.13090813159942627,0.11577195674180984,0.007119667716324329
radial,0.75,0.586674690970944,0.005400000140070915,0.004224057774990797,1940.706787109375,0.03319394588470459,0.0035679007414728403,0.13703177869319916,0.11804139614105225,0.005051891785115004
radial,0.75,0.60431400520934,0.005400000140070915,0.004351060837507248,1870.6158447265625,0.022980036213994026,0.002955502364784479,0.1401086449623108,0.119099922478199,0.00397949805483222
radial,0.75,0.6221166242741877,0.005400000140070915,0.004479239694774151,1777.96435546875,0.013667425140738487,0.004922893829643726,0.14032186567783356,0.1189507395029068,0.003777289530262351
radial,0.75,0.6400841003697779,0.005400000140070915,0.004608605522662401,1651.303466796875,0.006251933053135872,0.011493207886815071,0.1371433585882187,0.1162271648645401,0.0037046384532004595
radial,0.75,0.6582180503755808,0.005400000140070915,0.004739169962704182,1488.7901611328125,0.002083201427012682,0.023941747844219208,0.13073651492595673,0.10973547399044037,0.0027611402329057455
radial,0.75,0.6765198971455296,0.005400000140070915,0.004870943259447813,1335.216064453125,0.0006107502267695963,0.03694094344973564,0.12380745261907578,0.10256029665470123,0.0016277231043204665
radial,0.75,0.6949912575590942,0.005400000140070915,0.005003937054425478,1234.1248779296875,0.00019205220451112837,0.04499134048819542,0.1190190538764,0.09816788136959076,0.0012765433639287949
radial,0.75,0.7136336838205656,0.005400000140070915,0.005138162523508072,1180.845947265625,7.982574607012793e-05,0.048764463514089584,0.1164630800485611,0.09617648273706436,0.001355123589746654
radial,0.75,0.7324487928094136,0.005400000140070915,0.0052736313082277775,1154.6749267578125,4.49513754574582e-05,0.05043577775359154,0.11517316102981567,0.09533271193504333,0.0015194674488157034
radial,0.75,0.7514381367299292,0.005400000140070915,0.00541035458445549,1140.99658203125,3.064822158194147e-05,0.05126819387078285,0.11445794999599457,0.09493091702461243,0.0016643464332446456
radial,0.75,0.7706033971367611,0.005400000140070915,0.00554834445938468,1132.98974609375,2.298464642080944e-05,0.05175548046827316,0.11400563269853592,0.09470457583665848,0.001778008765541017
radial,0.75,0.7899461262342002,0.005400000140070915,0.005687612108886242,1127.8306884765625,1.8042912415694445e-05,0.052078768610954285,0.11368975043296814,0.09455884248018265,0.00186683249194175
radial,0.75,0.8094679409017166,0.005400000140070915,0.005828169174492359,1124.283203125,1.4472194379777648e-05,0.052312757819890976,0.1134544387459755,0.0944555401802063,0.001936839078553021
radial,0.75,0.8291706520443162,0.005400000140070915,0.005970028694719076,1121.740966796875,1.1711055776686408e-05,0.05249360576272011,0.11327137053012848,0.09437660872936249,0.001992173492908478
radial,0.75,0.8490558118662901,0.005400000140070915,0.006113201845437288,1119.87353515625,9.490744560025632e-06,0.05264156311750412,0.11312408745288849,0.09431210905313492,0.0020356278400868177
radial,0.75,0.8691251019222869,0.005400000140070915,0.0062577007338404655,1118.48486328125,7.66732500778744e-06,0.05276966467499733,0.11300183087587357,0.09425575286149979,0.0020691268146038055
radial,0.75,0.8893803331173129,0.005400000140070915,0.0064035383984446526,1117.4505615234375,6.155243681860156e-06,0.052887555211782455,0.11289673298597336,0.094202920794487,0.0020940129179507494
radial,0.75,0.9098231223308378,0.005400000140070915,0.006550726480782032,1116.6865234375,4.9039658733818214e-06,0.053003400564193726,0.11280245333909988,0.09414972364902496,0.002111201174557209
radial,0.75,0.9304552157926891,0.005400000140070915,0.006699277553707361,1116.133544921875,3.876372375088977e-06,0.053124964237213135,0.11271334439516068,0.09409240633249283,0.002121250843629241
radial,0.75,0.9512784244078729,0.005400000140070915,0.006849204655736685,1115.749755859375,3.0367493764060782e-06,0.053260404616594315,0.1126239076256752,0.09402702003717422,0.002124403603374958
radial,0.75,0.9722944944062167,0.005400000140070915,0.00700052035972476,1115.505126953125,2.3561635771329748e-06,0.05341910570859909,0.11252829432487488,0.09394896775484085,0.002120579592883587
radial,0.75,0.9935051720175478,0.005400000140070915,0.007153237238526344,1115.37939453125,1.8099523231285275e-06,0.053612638264894485,0.11241970211267471,0.09385252743959427,0.0021093261893838644
radial,0.75,1.0149123328220513,0.005400000140070915,0.0073073687963187695,1115.3607177734375,1.376132672703534e-06,0.053856171667575836,0.11228961497545242,0.0937301367521286,0.0020897448994219303
radial,0.75,1.0365177230495546,0.005400000140070915,0.007462927605956793,1115.445068359375,1.0350080401622108e-06,0.05417078360915184,0.11212647706270218,0.09357129037380219,0.0020603747107088566
radial,0.75,1.0583232829554214,0.005400000140070915,0.007619927637279034,1115.635986328125,7.692040071560768e-07,0.054587699472904205,0.11191322654485703,0.09336042404174805,0.0020190051291137934
radial,0.75,1.0803306940943003,0.005400000140070915,0.007778380997478962,1115.94482421875,5.637306799144426e-07,0.055156152695417404,0.11162270605564117,0.09307309985160828,0.001962359994649887
radial,0.75,1.102541961396734,0.005400000140070915,0.007938302122056484,1116.391357421875,4.059636751208018e-07,0.055958736687898636,0.11120860278606415,0.09266852587461472,0.0018855991074815392
radial,0.75,1.124959025118086,0.005400000140070915,0.00809970498085022,1117.0023193359375,2.856011747098819e-07,0.057141661643981934,0.11058712750673294,0.09207490086555481,0.0017817119369283319
radial,0.75,1.1475835668130054,0.005400000140070915,0.008262601681053638,1117.8026123046875,1.94604155012712e-07,0.05897030979394913,0.10960232466459274,0.0911628007888794,0.0016411382239311934
radial,0.75,1.1704177854375708,0.005400000140070915,0.008427008055150509,1118.78125,1.2719570463559648e-07,0.061901237815618515,0.10797762125730515,0.08971146494150162,0.0014542825520038605
radial,0.75,1.1934633625464308,0.005400000140070915,0.008592936210334301,1119.821044921875,7.948931823875682e-08,0.0665767565369606,0.10530812293291092,0.08741387724876404,0.0012208293192088604
radial,0.75,1.2167224970956643,0.005400000140070915,0.008760401979088783,1120.683349609375,4.826306820859827e-08,0.07357239723205566,0.10120649635791779,0.08400049060583115,0.0009608397376723588
radial,0.75,1.2401969999902778,0.005400000140070915,0.00892941839993,1121.091064453125,2.9649282140553623e-08,0.08296048641204834,0.09558320790529251,0.07944662123918533,0.0007105625700205564
radial,0.75,1.2638889408359926,0.005400000140070915,0.009100000374019146,1120.8878173828125,1.9311896082285784e-08,0.09416843205690384,0.08876203745603561,0.07403433322906494,0.0005010001477785408
radial,0.75,1.288194390427735,0.005400000140070915,0.009274999611079693,1120.0958251953125,1.3593249192922485e-08,0.10656246542930603,0.0811326801776886,0.06806876510381699,0.0003406346950214356
radial,0.75,1.3124999693698354,0.005400000140070915,0.009449999779462814,1118.8707275390625,1.0440608377848548e-08,0.11915472894906998,0.0733199417591095,0.06202162429690361,0.00022836914286017418
radial,0.75,1.3368160256909,0.005400000140070915,0.00962507538497448,1117.3675537109375,8.616803270911078e-09,0.13155272603034973,0.06558645516633987,0.05607707053422928,0.00015185681695584208
radial,0.75,1.3612519897934463,0.005400000140070915,0.009801014326512814,1115.6944580078125,7.45472128471647e-09,0.1436471939086914,0.058014631271362305,0.050284285098314285,9.99948097160086e-05
radial,0.75,1.38580863777962,0.005400000140070915,0.009977822192013264,1113.92626953125,6.637540739262704e-09,0.15540270507335663,0.05063629522919655,0.04465806111693382,6.497709546238184e-05
radial,0.75,1.4104866164012089,0.005400000140070915,0.010155503638088703,1112.1114501953125,6.058022083976766e-09,0.16684219241142273,0.04344349727034569,0.03918597102165222,4.142151738051325e-05
radial,0.75,1.4352863137092855,0.005400000140070915,0.010334061458706856,1110.2845458984375,5.733969299370756e-09,0.17800097167491913,0.036418359726667404,0.03385014832019806,2.569459320511669e-05
radial,0.75,1.4602083764556382,0.005400000140070915,0.010513500310480595,1108.4755859375,5.788678869578234e-09,0.18889586627483368,0.029553266242146492,0.02864188328385353,1.5334539057221264e-05
radial,0.75,1.485253580742412,0.005400000140070915,0.010693825781345367,1106.7183837890625,6.534150998049881e-09,0.199486643075943,0.022875644266605377,0.023579930886626244,8.66258778842166e-06
radial,0.75,1.5104224439710379,0.005400000140070915,0.010875041596591473,1105.05908203125,8.681292129608664e-09,0.20959855616092682,0.016497230157256126,0.0187474824488163,4.529009856923949e-06
radial,0.75,1.5357154835429456,0.005400000140070915,0.011057151481509209,1103.5633544921875,1.3758746142400469e-08,0.2188037633895874,0.010689078830182552,0.014348725788295269,2.1344533251976827e-06
radial,0.75,1.5611333462099235,0.005400000140070915,0.011240160092711449,1102.3096923828125,2.4793711972392884e-08,0.22637850046157837,0.00590879563242197,0.01072930172085762,9.00675388493255e-07
radial,0.75,1.5866768080741167,0.005400000140070915,0.01142407301813364,1101.359130859375,4.70961865062236e-08,0.23159663379192352,0.0026153335347771645,0.008236018009483814,3.7903220118096215e-07
radial,0.75,1.6123462571865983,0.005400000140070915,0.011608893051743507,1100.7218017578125,8.760540737284828e-08,0.23435698449611664,0.0008729972178116441,0.006917114835232496,2.1520237680761056e-07
radial,0.75,1.6381424696495137,0.005400000140070915,0.011794625781476498,1100.348876953125,1.4813288373716205e-07,0.23539915680885315,0.00021514836407732219,0.006419140379875898,1.7144739672403375e-07
radial,0.75,1.6640660922146506,0.005400000140070915,0.011981275863945484,1100.1572265625,2.146637854139044e-07,0.23567317426204681,4.2218209273414686e-05,0.006288184318691492,1.3759105854660447e-07
radial,0.75,1.6901176422834396,0.005400000140070915,0.012168847024440765,1100.066650390625,2.665278771019075e-07,0.23572780191898346,7.808194823155645e-06,0.006262056063860655,1.0004701778143499e-07
radial,0.75,1.7162977666076686,0.005400000140070915,0.012357343919575214,1100.0244140625,2.9878819418627245e-07,0.23573778569698334,1.6072877997430624e-06,0.006257268600165844,7.540981528109114e-08
radial,0.75,1.7426071119391255,0.005400000140070915,0.012546771205961704,1100.004150390625,3.1912787790133734e-07,0.23573972284793854,4.864123184233904e-07,0.006256330758333206,6.433739940803207e-08
radial,0.75,1.7690463250295985,0.005400000140070915,0.012737133540213108,1099.994140625,3.3367845730936097e-07,0.23574011027812958,2.7986754957964877e-07,0.006256131920963526,6.069611657721907e-08
radial,0.75,1.7956161819812324,0.005400000140070915,0.012928436510264874,1099.9891357421875,3.4529850267972506e-07,0.23574018478393555,2.2530436183387792e-07,0.006256086751818657,6.038656152895783e-08
radial,0.75,1.8223170708451006,0.005400000140070915,0.013120682910084724,1099.9864501953125,3.5530658237803436e-07,0.23574019968509674,2.0526999833236914e-07,0.0062560709193348885,6.143997666185896e-08
radial,0.75,1.8491498970737061,0.005400000140070915,0.013313879258930683,1099.985107421875,3.643705497324845e-07,0.23574019968509674,1.9754156710405368e-07,0.0062560574151575565,6.297042887126736e-08
radial,0.75,1.8761150487181213,0.005400000140070915,0.013508028350770473,1099.984375,3.729062996171706e-07,0.23574019968509674,1.9430254383223655e-07,0.006256042513996363,6.462951773755776e-08
radial,0.75,1.9032134312308497,0.005400000140070915,0.013703136704862118,1099.9840087890625,3.811957469679328e-07,0.23574019968509674,1.9275087481673836e-07,0.0062560271471738815,6.631596960460229e-08
radial,0.75,1.9304455620133214,0.005400000140070915,0.013899208046495914,1099.9837646484375,3.8944261859796825e-07,0.23574021458625793,1.9182412813734118e-07,0.006256011314690113,6.801244722964839e-08
radial,0.75,1.9578120878173246,0.005400000140070915,0.014096247032284737,1099.983642578125,3.977886535722064e-07,0.23574021458625793,1.9099350367923762e-07,0.006255996413528919,6.972150146111744e-08
radial,0.75,1.9853137847450044,0.005400000140070915,0.014294259250164032,1099.9835205078125,4.06350324055893e-07,0.23574021458625793,1.8993422656876646e-07,0.006255981978029013,7.14524759359847e-08
radial,0.75,2.0129511701977916,0.005400000140070915,0.014493248425424099,1099.9833984375,4.152056192197051e-07,0.23574021458625793,1.8836038861991256e-07,0.006255968939512968,7.321106210156358e-08
radial,0.75,2.0407250202778315,0.005400000140070915,0.014693220146000385,1099.9832763671875,4.2441391201464285e-07,0.23574022948741913,1.8593138406686194e-07,0.006255956832319498,7.500079135525084e-08
radial,0.75,2.0686359817369118,0.005400000140070915,0.014894179068505764,1099.983154296875,4.3401900029493845e-07,0.23574022948741913,1.8219893149762356e-07,0.00625594612210989,7.682344715931322e-08
radial,0.75,2.096684701326821,0.005400000140070915,0.015096129849553108,1099.9830322265625,4.4408466237655375e-07,0.23574024438858032,1.7668911311830016e-07,0.006255935877561569,7.868649731790356e-08
radial,0.75,2.1248719551497035,0.005400000140070915,0.015299078077077866,1099.9830322265625,4.546603236121882e-07,0.23574024438858032,1.688690645096358e-07,0.006255924701690674,8.059377876179497e-08
radial,0.75,2.153198260606991,0.005400000140070915,0.015503027476370335,1099.98291015625,4.6581092760789033e-07,0.23574024438858032,1.5815349740933016e-07,0.006255913060158491,8.254931316287184e-08
radial,0.75,2.181664523151186,0.005400000140070915,0.015707984566688538,1099.9827880859375,4.775806132784055e-07,0.23574025928974152,1.4389352998023242e-07,0.006255900487303734,8.455207733959469e-08
radial,0.75,2.210271130833361,0.005400000140070915,0.0159139521420002,1099.982666015625,4.899930559076893e-07,0.2357402741909027,1.2546055927487032e-07,0.00625588558614254,8.660065731191935e-08
radial,0.75,2.2390192478067346,0.005400000140070915,0.01612093858420849,1099.9825439453125,5.03009118801856e-07,0.2357402741909027,1.0221967272627808e-07,0.00625586835667491,8.868301648590204e-08
radial,0.75,2.2679091327720218,0.005400000140070915,0.016328945755958557,1099.982421875,5.165999255041243e-07,0.2357402890920639,7.361054343846263e-08,0.006255848333239555,9.07891788415327e-08
radial,0.75,2.2969415618313684,0.005400000140070915,0.016537979245185852,1099.982177734375,5.30740635440452e-07,0.2357403039932251,3.932079906121544e-08,0.006255824584513903,9.291037628145205e-08
radial,0.75,2.3261173110869198,0.005400000140070915,0.01674804463982582,1099.9820556640625,5.45382761174551e-07,0.2357403188943863,1.0544868089823467e-08,0.006255797576159239,9.503704490043674e-08
radial,0.75,2.355437156640821,0.005400000140070915,0.01695914752781391,1099.98193359375,5.603827730737976e-07,0.23574033379554749,3.848553697949342e-10,0.006255767308175564,9.714259618931465e-08
radial,0.75,2.384901615894503,0.005400000140070915,0.017171291634440422,1099.9818115234375,5.756090786235291e-07,0.23574034869670868,3.937369319473305e-10,0.006255732383579016,9.920489674186683e-08
radial,0.75,2.4145117236508264,0.005400000140070915,0.01738448441028595,1099.9815673828125,5.909693641115155e-07,0.23574034869670868,4.0292397196495244e-10,0.006255693733692169,1.012131889410739e-07
radial,0.75,2.444267997311221,0.005400000140070915,0.017598729580640793,1099.9814453125,6.063701221137308e-07,0.23574036359786987,4.123584251836121e-10,0.006255650892853737,1.03161177378297e-07
radial,0.75,2.474170954277118,0.005400000140070915,0.01781403087079525,1099.9813232421875,6.216208134901535e-07,0.23574037849903107,4.2193512572730185e-10,0.006255604792386293,1.0502581204718808e-07
radial,0.75,2.5042216293513775,0.005400000140070915,0.018030395731329918,1099.9810791015625,6.366252023326524e-07,0.23574039340019226,4.3143000283407673e-10,0.0062555549666285515,1.0680086148795453e-07
radial,0.75,2.534420798636145,0.005400000140070915,0.018247829750180244,1099.98095703125,6.514238179988752e-07,0.23574039340019226,4.406478237850564e-10,0.006255502812564373,1.0851697851421704e-07
radial,0.75,2.564768979532851,0.005400000140070915,0.018466336652636528,1099.9808349609375,6.659745395154459e-07,0.23574040830135345,4.494643546237853e-10,0.006255448795855045,1.1019071166629146e-07
radial,0.75,2.595266948143641,0.005400000140070915,0.018685922026634216,1099.980712890625,6.800698884035228e-07,0.23574040830135345,4.5771994527932236e-10,0.006255392916500568,1.1180559766899023e-07
radial,0.75,2.6259154805706606,0.005400000140070915,0.018906591460108757,1099.98046875,6.934614020792651e-07,0.23574042320251465,4.653273044663564e-10,0.006255337502807379,1.1333830229887099e-07
radial,0.75,2.656715352916055,0.005400000140070915,0.019128350540995598,1099.9803466796875,7.060155553517689e-07,0.23574042320251465,4.722939261903036e-10,0.006255282089114189,1.1477984429575372e-07
radial,0.75,2.6876670825812554,0.005400000140070915,0.019351202994585037,1099.980224609375,7.175916039159347e-07,0.23574042320251465,4.785930540762706e-10,0.006255227606743574,1.1612261374693844e-07
radial,0.75,2.718771704369121,0.005400000140070915,0.019575156271457672,1099.980224609375,7.279305123120139e-07,0.23574042320251465,4.841168022018394e-10,0.006255175452679396,1.1734434224308643e-07
radial,0.75,2.7500299943817987,0.005400000140070915,0.01980021595954895,1099.9801025390625,7.369849868155143e-07,0.23574042320251465,4.888541793590662e-10,0.0062551251612603664,1.1846091041434192e-07
radial,0.75,2.781442470020718,0.005400000140070915,0.02002638578414917,1099.97998046875,7.448821293110086e-07,0.23574040830135345,4.929709418455275e-10,0.006255077663809061,1.1951794931519544e-07
radial,0.75,2.8130101660887403,0.005400000140070915,0.020253673195838928,1099.97998046875,7.518278266616107e-07,0.23574040830135345,4.966993483179749e-10,0.006255033425986767,1.2057299159096146e-07
radial,0.75,2.844733599987295,0.005400000140070915,0.020482081919908524,1099.9798583984375,7.577526730528916e-07,0.23574040830135345,5.001296599083105e-10,0.006254991982132196,1.2162499274381844e-07
radial,0.75,2.876613547818528,0.005400000140070915,0.020711617544293404,1099.979736328125,7.625453122273029e-07,0.23574040830135345,5.037105177407852e-10,0.00625495333224535,1.2265064697203343e-07
radial,0.75,2.9086510443853006,0.005400000140070915,0.020942287519574165,1099.979736328125,7.664728514100716e-07,0.23574039340019226,5.093221400187531e-10,0.00625491701066494,1.236907678503485e-07
radial,0.75,2.9408466070890427,0.005400000140070915,0.021174095571041107,1099.9796142578125,7.702054176661477e-07,0.23574039340019226,5.171169603634951e-10,0.0062548816204071045,1.2487673473060568e-07
radial,0.75,2.9732010120318995,0.005400000140070915,0.021407047286629677,1099.9794921875,7.742341381344886e-07,0.23574039340019226,5.255529345049581e-10,0.006254846695810556,1.2631454637812567e-07
radial,0.75,3.005715294016732,0.005400000140070915,0.02164115011692047,1099.979248046875,7.792547194185317e-07,0.23574039340019226,5.345542897217115e-10,0.006254810839891434,1.2815044669878262e-07
radial,0.75,3.0383899704449706,0.005400000140070915,0.02187640778720379,1099.97900390625,7.872997684899019e-07,0.23574039340019226,5.444277806354592e-10,0.0062547717243433,1.308151666989943e-07
radial,0.75,3.071226076119476,0.005400000140070915,0.022112827748060226,1099.9786376953125,8.010330816432543e-07,0.23574039340019226,5.561174298840399e-10,0.006254727486521006,1.3488113381754374e-07
radial,0.75,3.1042243871423936,0.005400000140070915,0.022350415587425232,1099.9783935546875,8.119658900795912e-07,0.23574040830135345,5.671706992949055e-10,0.006254684645682573,1.383686623057656e-07
radial,0.75,3.1373854209151535,0.005400000140070915,0.022589175030589104,1099.9783935546875,8.102893502837105e-07,0.23574039340019226,5.64562063765095e-10,0.006254659034311771,1.3863592585039441e-07
radial,0.75,3.1707099535399013,0.005400000140070915,0.02282911166548729,1099.978515625,8.05984825547057e-07,0.23574037849903107,5.471990638383772e-10,0.0062546455301344395,1.3762111450432712e-07
radial,0.75,3.204199278520213,0.005400000140070915,0.023070234805345535,1099.978759765625,8.062326628532901e-07,0.23574037849903107,5.270602287943404e-10,0.006254630163311958,1.3730031866998615e-07
radial,0.75,3.2378539132575197,0.005400000140070915,0.02331254817545414,1099.9788818359375,8.076601147877227e-07,0.23574036359786987,5.072186004539958e-10,0.0062546138651669025,1.3722899439017056e-07
radial,0.75,3.2716746338539653,0.005400000140070915,0.02355605736374855,1099.97900390625,8.088807703643397e-07,0.23574034869670868,4.873234593638642e-10,0.006254598032683134,1.371599580579641e-07
radial,0.75,3.3056622164116964,0.005400000140070915,0.023800767958164215,1099.979248046875,8.089439234026941e-07,0.23574033379554749,4.675699827316748e-10,0.006254584062844515,1.3693529865577148e-07
radial,0.75,3.339817695733574,0.005400000140070915,0.02404668740928173,1099.9793701171875,8.07378626177524e-07,0.2357403188943863,4.501790051847365e-10,0.006254572421312332,1.364859656405315e-07
radial,0.75,3.3741418479217424,0.005400000140070915,0.024293821305036545,1099.9794921875,8.041495789257169e-07,0.2357403188943863,4.351242144373657e-10,0.006254563573747873,1.3581662017259077e-07
radial,0.75,3.408635449078348,0.005400000140070915,0.024542175233364105,1099.9796142578125,7.993803592398763e-07,0.2357403039932251,4.204006587293918e-10,0.006254556123167276,1.3495674977548333e-07
radial,0.75,3.4432992753055363,0.005400000140070915,0.02479175478219986,1099.979736328125,7.93197557413805e-07,0.2357402890920639,4.060384806159334e-10,0.006254551466554403,1.3393244557846629e-07
radial,0.75,3.4781341027054524,0.005400000140070915,0.025042565539479256,1099.9798583984375,7.857553327994538e-07,0.2357402890920639,3.9215045100071677e-10,0.006254548206925392,1.327725556166115e-07
radial,0.75,3.513140966080957,0.005400000140070915,0.02529461495578289,1099.9801025390625,7.772173944431415e-07,0.2357402741909027,3.7881470182909993e-10,0.006254546344280243,1.315060984552474e-07
radial,0.75,3.548320641534196,0.005400000140070915,0.02554790861904621,1099.980224609375,7.677090252400376e-07,0.2357402741909027,3.6605640740816625e-10,0.006254545878618956,1.301537224662752e-07
radial,0.75,3.58367416386803,0.005400000140070915,0.025802453979849815,1099.9803466796875,7.573345328637515e-07,0.23574025928974152,3.5386141239435176e-10,0.00625454680994153,1.2873154275894194e-07
radial,0.75,3.619202050483889,0.005400000140070915,0.026058254763484,1099.9805908203125,7.461925974894257e-07,0.23574025928974152,3.4220729028255903e-10,0.006254549138247967,1.2725399756163824e-07
radial,0.75,3.654905336184634,0.005400000140070915,0.026315318420529366,1099.980712890625,7.343645620494499e-07,0.23574024438858032,3.310445528814654e-10,0.006254551932215691,1.2573129026804963e-07
radial,0.75,3.6907847970724106,0.005400000140070915,0.026573650538921356,1099.9808349609375,7.219016993076366e-07,0.23574024438858032,3.2105199054832667e-10,0.006254556123167276,1.241679967733944e-07
radial,0.75,3.7268414679500794,0.005400000140070915,0.02683325856924057,1099.9810791015625,7.088136726451921e-07,0.23574022948741913,3.22070564662269e-10,0.006254561245441437,1.225620138711747e-07
radial,0.75,3.7630761249197855,0.005400000140070915,0.027094148099422455,1099.981201171875,6.950972419872414e-07,0.23574022948741913,3.3855104830671223e-10,0.006254567299038172,1.2090920620266843e-07
radial,0.75,3.79948980278439,0.005400000140070915,0.027356326580047607,1099.9814453125,6.80778327932785e-07,0.23574021458625793,3.6026800986910246e-10,0.006254574749618769,1.1921058273856033e-07
radial,0.75,3.836083018945323,0.005400000140070915,0.027619797736406326,1099.9815673828125,6.659024620603304e-07,0.23574021458625793,3.8171638072626024e-10,0.00625458313152194,1.1746957540026415e-07
radial,0.75,3.872857066906161,0.005400000140070915,0.027884570881724358,1099.9818115234375,6.504915290861391e-07,0.23574021458625793,4.028553046708794e-10,0.006254592910408974,1.1568374702619622e-07
radial,0.75,3.9098124640683336,0.005400000140070915,0.028150649741292,1099.98193359375,6.346388090605615e-07,0.23574019968509674,4.236221928799466e-10,0.006254603620618582,1.1386379128452973e-07
radial,0.75,3.9469505039354167,0.005400000140070915,0.028418043628335,1099.982177734375,6.185132974678709e-07,0.23574019968509674,4.439719702986622e-10,0.006254614796489477,1.1203446348417856e-07
radial,0.75,3.984271703908841,0.005400000140070915,0.028686756268143654,1099.982421875,6.02289901507902e-07,0.23574018478393555,4.638682216118184e-10,0.00625462643802166,1.1022068235888582e-07
radial,0.75,4.021777098791467,0.005400000140070915,0.02895679511129856,1099.982666015625,5.861679142071807e-07,0.23574018478393555,4.833066169496192e-10,0.00625463854521513,1.0844819797739547e-07
radial,0.75,4.05946798208687,0.005400000140070915,0.029228169471025467,1099.98291015625,5.702743237634422e-07,0.23574016988277435,5.02297814453101e-10,0.0062546506524086,1.06730531967969e-07
radial,0.75,4.097344612495767,0.005400000140070915,0.02950088120996952,1099.9830322265625,5.546807528844511e-07,0.23574015498161316,5.209422893059923e-10,0.0062546622939407825,1.0507455527886123e-07
radial,0.75,4.135408283521731,0.005400000140070915,0.029774939641356468,1099.9832763671875,5.394479671849695e-07,0.23574015498161316,5.395294211396617e-10,0.0062546744011342525,1.0348378509661416e-07
radial,0.75,4.173659771266911,0.005400000140070915,0.030050350353121758,1099.983642578125,5.246535010883235e-07,0.23574014008045197,5.579952055967397e-10,0.006254686042666435,1.0196116306815384e-07
radial,0.75,4.2121003692348795,0.005400000140070915,0.030327122658491135,1099.98388671875,5.104074602968467e-07,0.23574012517929077,5.760534826926289e-10,0.006254697218537331,1.005126009090418e-07
radial,0.75,4.250730594827069,0.005400000140070915,0.030605260282754898,1099.984130859375,4.967500899510924e-07,0.23574011027812958,5.936462432742928e-10,0.006254708860069513,9.913298981700791e-08
radial,0.75,4.289551482846339,0.005400000140070915,0.030884770676493645,1099.984375,4.837598908125074e-07,0.23574009537696838,6.106750105594472e-10,0.006254720035940409,9.781065557490365e-08
radial,0.75,4.3285640680955515,0.005400000140070915,0.03116566129028797,1099.984619140625,4.7149040938165854e-07,0.2357400804758072,6.270202135283398e-10,0.006254731211811304,9.653271604292968e-08
radial,0.75,4.367769385377566,0.005400000140070915,0.031447939574718475,1099.98486328125,4.5993505182195804e-07,0.235740065574646,6.431635224402044e-10,0.0062547423876821995,9.528214661713719e-08
radial,0.75,4.407167952093813,0.005400000140070915,0.031731609255075455,1099.985107421875,4.490310061555647e-07,0.2357400357723236,6.622790094112929e-10,0.0062547544948756695,9.403561307408381e-08
radial,0.75,4.446761061747869,0.005400000140070915,0.032016679644584656,1099.9853515625,4.387054843846272e-07,0.23574002087116241,6.833874022227349e-10,0.0062547666020691395,9.277243862015894e-08
radial,0.75,4.486549749142594,0.005400000140070915,0.032303158193826675,1099.985595703125,4.28995889478756e-07,0.23574000597000122,7.038307159312751e-10,0.006254779640585184,9.148445911932868e-08
radial,0.75,4.5265345316794185,0.005400000140070915,0.03259104862809181,1099.98583984375,4.199199850063451e-07,0.23573997616767883,7.253359024517181e-10,0.006254793144762516,9.016672208872478e-08
radial,0.75,4.5667169615626335,0.005400000140070915,0.03288036212325096,1099.986083984375,4.115881324651127e-07,0.23573996126651764,7.468003437871573e-10,0.006254807114601135,8.883898772182874e-08
radial,0.75,4.6070980735951,0.005400000140070915,0.03317110612988472,1099.986328125,4.041389729536604e-07,0.23573993146419525,7.665281742674779e-10,0.006254821550101042,8.753151803375658e-08
radial,0.75,4.647677867776818,0.005400000140070915,0.03346328064799309,1099.986572265625,3.9773971138856723e-07,0.23573991656303406,7.848316441183556e-10,0.006254835985600948,8.628475711702777e-08
radial,0.75,4.688458413713509,0.005400000140070915,0.03375690057873726,1099.98681640625,3.925930229797814e-07,0.23573988676071167,8.021603936647637e-10,0.006254850421100855,8.514957983152271e-08
radial,0.75,4.7294402288066015,0.005400000140070915,0.03405196964740753,1099.987060546875,3.8885181652403844e-07,0.23573985695838928,8.199530499020113e-10,0.006254864390939474,8.416930086241337e-08
radial,0.75,4.770624347858959,0.005400000140070915,0.0343484953045845,1099.9873046875,3.866417443987302e-07,0.2357398420572281,8.386202288157563e-10,0.006254877895116806,8.337892865029062e-08
radial,0.75,4.81201180567344,0.005400000140070915,0.03464648500084877,1099.987548828125,3.860168931169028e-07,0.2357398122549057,8.575261056797956e-10,0.006254890467971563,8.279643282094185e-08
radial,0.75,4.853603637052907,0.005400000140070915,0.03494594618678093,1099.98779296875,3.8697771742590703e-07,0.2357397824525833,8.781452787154365e-10,0.006254902575165033,8.242870563890392e-08
radial,0.75,4.8954008768002195,0.005400000140070915,0.03524688631296158,1099.988037109375,3.8947945313339005e-07,0.23573975265026093,9.007585788367578e-10,0.006254913751035929,8.226933090327293e-08
radial,0.75,4.937404042316808,0.005400000140070915,0.035549309104681015,1099.9884033203125,3.935131758225907e-07,0.23573970794677734,9.241777343405033e-10,0.006254924461245537,8.231514669887474e-08
radial,0.75,4.979614685806963,0.005400000140070915,0.035853225737810135,1099.9886474609375,3.9906959159452526e-07,0.23573967814445496,9.482653551273756e-10,0.006254934705793858,8.255797467882076e-08
radial,0.75,5.022033842073546,0.005400000140070915,0.036158643662929535,1099.989013671875,4.0612243878968e-07,0.23573964834213257,9.729445027417682e-10,0.006254944019019604,8.298375320237028e-08
radial,0.75,5.064662545919418,0.005400000140070915,0.03646557033061981,1099.9892578125,4.14771960777216e-07,0.235739603638649,9.981114823531811e-10,0.006254952866584063,8.359877767816215e-08
radial,0.75,5.107501314746009,0.005400000140070915,0.036774009466171265,1099.9896240234375,4.251388077136653e-07,0.2357395738363266,1.0236139713626358e-09,0.006254960782825947,8.440994037073324e-08
radial,0.75,5.1505522181590395,0.005400000140070915,0.03708397597074509,1099.989990234375,4.3741113131545717e-07,0.23573952913284302,1.0491666424528034e-09,0.006254967302083969,8.54311750231318e-08
radial,0.75,5.193814738757081,0.005400000140070915,0.03739546611905098,1099.990234375,4.51810109325379e-07,0.23573949933052063,1.0744732881207142e-09,0.006254972890019417,8.668472872841448e-08
radial,0.75,5.237291463547283,0.005400000140070915,0.037708498537540436,1099.9906005859375,4.6850411195009656e-07,0.23573945462703705,1.0991118015724055e-09,0.006254976149648428,8.818912533570256e-08
radial,0.75,5.280982909931077,0.005400000140070915,0.038023076951503754,1099.990966796875,4.876148977928096e-07,0.23573940992355347,1.1224187135283614e-09,0.006254978012293577,8.995414191304008e-08
radial,0.75,5.324889595309894,0.005400000140070915,0.03833920508623123,1099.9913330078125,5.092377932669478e-07,0.23573936522006989,1.14364417935775e-09,0.006254977080971003,9.199113293334449e-08
radial,0.75,5.369013071888023,0.005400000140070915,0.038656894117593765,1099.99169921875,5.335532478056848e-07,0.2357393205165863,1.1622969253721749e-09,0.006254973355680704,9.432039860257646e-08
radial,0.75,5.413354891869757,0.005400000140070915,0.03897615522146225,1099.9920654296875,5.605836577160517e-07,0.23573927581310272,1.1777757658038013e-09,0.006254966836422682,9.69604556644299e-08
radial,0.75,5.4579150552550955,0.005400000140070915,0.039296988397836685,1099.992431640625,5.902586508454988e-07,0.23573923110961914,1.1889167428336123e-09,0.006254956591874361,9.993659233487051e-08
radial,0.75,5.502695114248329,0.005400000140070915,0.03961940482258797,1099.9927978515625,6.226508162399114e-07,0.23573918640613556,1.1942909994289153e-09,0.0062549421563744545,1.0327108412866437e-07
radial,0.75,5.547696621053749,0.005400000140070915,0.03994341567158699,1099.9931640625,6.578566171810962e-07,0.23573915660381317,1.1922639542305546e-09,0.006254922598600388,1.0700627228743542e-07
radial,0.75,5.592920093072785,0.005400000140070915,0.040269024670124054,1099.9935302734375,6.958576364013425e-07,0.23573912680149078,1.180379904930362e-09,0.006254897452890873,1.1119188769725952e-07
radial,0.75,5.638367082509729,0.005400000140070915,0.04059624299407005,1099.9937744140625,7.367774514932535e-07,0.2357390969991684,1.155961104615244e-09,0.006254864856600761,1.1589250448196253e-07
radial,0.75,5.684038106766012,0.005400000140070915,0.040925074368715286,1099.9940185546875,7.808621376170777e-07,0.2357390820980072,1.1164600355328957e-09,0.006254824344068766,1.211844704585019e-07
radial,0.75,5.729934718045923,0.005400000140070915,0.04125552996993065,1099.9942626953125,8.281094210360607e-07,0.2357390820980072,1.0600788025172392e-09,0.006254774983972311,1.2710290775430622e-07
radial,0.75,5.776057951152325,0.005400000140070915,0.04158761724829674,1099.9945068359375,8.784604688116815e-07,0.2357390820980072,9.970260173020051e-10,0.006254715379327536,1.3368433826599357e-07
radial,0.75,5.822408840888077,0.005400000140070915,0.04192134365439415,1099.99462890625,9.315806437371066e-07,0.2357390969991684,9.274900847344725e-10,0.0062546455301344395,1.4092836408963194e-07
radial,0.75,5.86898842205604,0.005400000140070915,0.04225671663880348,1099.99462890625,9.869347650237614e-07,0.23573912680149078,8.448087229773193e-10,0.006254564970731735,1.4881784693443478e-07
radial,0.75,5.915798246860504,0.005400000140070915,0.04259374737739563,1099.99462890625,1.0437194077894674e-06,0.23573917150497437,7.605617247108398e-10,0.006254475563764572,1.5730616098608152e-07
radial,0.75,5.962838832702902,0.005400000140070915,0.04293243959546089,1099.9945068359375,1.1011487686118926e-06,0.23573923110961914,6.732152058042118e-10,0.00625437730923295,1.6635652855256922e-07
radial,0.75,6.000000155634351,0.005400000140070915,0.04320000112056732,1099.994384765625,1.145898181675875e-06,0.23573929071426392,5.943263658991782e-10,0.006254295818507671,1.7383769090884016e-07
radial,1,-6.000000155634351,0.007199999876320362,-0.04320000112056732,1099.993408203125,4.990764779222445e-08,0.235739603638649,9.271123957432792e-08,0.0062563419342041016,1.8649428668027213e-08
radial,1,-5.962838832702902,0.007199999876320362,-0.04293243959546089,1099.993408203125,5.184741524999481e-08,0.2357395887374878,9.683282797823267e-08,0.006256346125155687,1.9910359583263926e-08
radial,1,-5.915798246860504,0.007199999876320362,-0.04259374737739563,1099.993408203125,5.4146255479281535e-08,0.2357395887374878,1.0197081934393282e-07,0.006256351247429848,2.1423879559279158e-08
radial,1,-5.86898842205604,0.007199999876320362,-0.04225671663880348,1099.993408203125,5.63061774982998e-08,0.2357395738363266,1.0691329777046121e-07,0.006256355904042721,2.286343736557228e-08
radial,1,-5.822408840888077,0.007199999876320362,-0.04192134365439415,1099.993408203125,5.8353453624704343e-08,0.2357395589351654,1.1162590851654386e-07,0.006256359629333019,2.4240645046802456e-08
radial,1,-5.776057951152325,0.007199999876320362,-0.04158761724829674,1099.993408203125,6.031056898336828e-08,0.2357395589351654,1.1611722783300138e-07,0.006256363354623318,2.5558342997555883e-08
radial,1,-5.729934718045923,0.007199999876320362,-0.04125552996993065,1099.993408203125,6.277203823401578e-08,0.2357395589351654,1.2039693331189483e-07,0.006256366614252329,2.6819481746542806e-08
radial,1,-5.684038106766012,0.007199999876320362,-0.040925074368715286,1099.993408203125,6.634873983557554e-08,0.2357395440340042,1.2446623998130235e-07,0.006256369408220053,2.8035262999992483e-08
radial,1,-5.638367082509729,0.007199999876320362,-0.04059624299407005,1099.993408203125,7.044773298048312e-08,0.2357395440340042,1.283573141108718e-07,0.006256371736526489,2.921585462445364e-08
radial,1,-5.592920093072785,0.007199999876320362,-0.040269024670124054,1099.993408203125,7.444548089097225e-08,0.2357395440340042,1.3212186900091183e-07,0.006256374530494213,3.03667668788421e-08
radial,1,-5.547696621053749,0.007199999876320362,-0.03994341567158699,1099.9935302734375,7.832765902548999e-08,0.23573952913284302,1.3580661573087127e-07,0.00625637685880065,3.149199656604651e-08
radial,1,-5.502695114248329,0.007199999876320362,-0.03961940482258797,1099.9935302734375,8.209183732788006e-08,0.23573952913284302,1.3944809040822292e-07,0.0062563796527683735,3.259396663679581e-08
radial,1,-5.4579150552550955,0.007199999876320362,-0.039296988397836685,1099.9935302734375,8.579438315337029e-08,0.23573952913284302,1.4307317997008795e-07,0.00625638198107481,3.3673725141625255e-08
radial,1,-5.413354891869757,0.007199999876320362,-0.03897615522146225,1099.9935302734375,9.017380619980031e-08,0.23573952913284302,1.467005290578527e-07,0.006256384775042534,3.4731307607671624e-08
radial,1,-5.369013071888023,0.007199999876320362,-0.038656894117593765,1099.9935302734375,9.563035519022378e-08,0.23573952913284302,1.503429984950344e-07,0.006256387569010258,3.576595020149398e-08
radial,1,-5.324889595309894,0.007199999876320362,-0.03833920508623123,1099.9935302734375,1.0142105111299315e-07,0.23573952913284302,1.540079637152303e-07,0.006256390362977982,3.6776270917471265e-08
radial,1,-5.280982909931077,0.007199999876320362,-0.038023076951503754,1099.9935302734375,1.070887947207666e-07,0.23573952913284302,1.5769775529861363e-07,0.006256393156945705,3.7760404580922113e-08
radial,1,-5.237291463547283,0.007199999876320362,-0.037708498537540436,1099.99365234375,1.1262940091683049e-07,0.23573951423168182,1.614091758028735e-07,0.006256396416574717,3.871614495665199e-08
radial,1,-5.193814738757081,0.007199999876320362,-0.03739546611905098,1099.99365234375,1.1803759036865813e-07,0.23573951423168182,1.6514729850314325e-07,0.006256399676203728,3.964115080634656e-08
radial,1,-5.1505522181590395,0.007199999876320362,-0.03708397597074509,1099.99365234375,1.2330734477927763e-07,0.23573951423168182,1.6891733878310333e-07,0.006256402935832739,4.0532995626563206e-08
radial,1,-5.107501314746009,0.007199999876320362,-0.036774009466171265,1099.99365234375,1.284323616346228e-07,0.23573951423168182,1.7269928775931476e-07,0.006256406661123037,4.1389235150290915e-08
radial,1,-5.064662545919418,0.007199999876320362,-0.03646557033061981,1099.99365234375,1.334060613089605e-07,0.23573951423168182,1.7646523531311686e-07,0.006256410386413336,4.220745708494178e-08
radial,1,-5.022033842073546,0.007199999876320362,-0.036158643662929535,1099.9937744140625,1.3822227629134431e-07,0.23573951423168182,1.8019350989106897e-07,0.006256413646042347,4.298534150848354e-08
radial,1,-4.979614685806963,0.007199999876320362,-0.035853225737810135,1099.9937744140625,1.4287516592048632e-07,0.23573951423168182,1.8386145939075504e-07,0.006256417371332645,4.3720611131448095e-08
radial,1,-4.937404042316808,0.007199999876320362,-0.035549309104681015,1099.9937744140625,1.4735942954757775e-07,0.23573951423168182,1.8744536589565541e-07,0.006256421096622944,4.441105261321354e-08
radial,1,-4.8954008768002195,0.007199999876320362,-0.03524688631296158,1099.9937744140625,1.5167010758432298e-07,0.23573951423168182,1.909202893557449e-07,0.006256424356251955,4.505447748215374e-08
radial,1,-4.853603637052907,0.007199999876320362,-0.03494594618678093,1099.993896484375,1.558022404424264e-07,0.23573951423168182,1.9426133235356247e-07,0.0062564280815422535,4.564867950307416e-08
radial,1,-4.81201180567344,0.007199999876320362,-0.03464648500084877,1099.993896484375,1.5975086853359244e-07,0.23573949933052063,1.974456722564355e-07,0.006256431341171265,4.619146665163498e-08
radial,1,-4.770624347858959,0.007199999876320362,-0.0343484953045845,1099.993896484375,1.6351231124644983e-07,0.23573949933052063,2.005728703124987e-07,0.006256434600800276,4.668088848802654e-08
radial,1,-4.7294402288066015,0.007199999876320362,-0.03405196964740753,1099.9940185546875,1.670892117999756e-07,0.23573949933052063,2.0384806020956603e-07,0.006256437860429287,4.711606038654281e-08
radial,1,-4.688458413713509,0.007199999876320362,-0.03375690057873726,1099.9940185546875,1.705002148355561e-07,0.23573949933052063,2.0722933413708233e-07,0.006256441120058298,4.7498662780753875e-08
radial,1,-4.647677867776818,0.007199999876320362,-0.03346328064799309,1099.9940185546875,1.7378671657297673e-07,0.23573949933052063,2.1058890808944852e-07,0.006256443914026022,4.783467133506747e-08
radial,1,-4.6070980735951,0.007199999876320362,-0.03317110612988472,1099.994140625,1.7700884313853749e-07,0.23573949933052063,2.1400440175511903e-07,0.006256447173655033,4.8131841623444416e-08
radial,1,-4.5667169615626335,0.007199999876320362,-0.03288036212325096,1099.994140625,1.8023656878085603e-07,0.23573949933052063,2.1761378832252376e-07,0.006256450433284044,4.839999334649292e-08
radial,1,-4.5265345316794185,0.007199999876320362,-0.03259104862809181,1099.994140625,1.8352643849084416e-07,0.23573949933052063,2.2156091006308998e-07,0.006256454158574343,4.864686431460541e-08
radial,1,-4.486549749142594,0.007199999876320362,-0.032303158193826675,1099.9942626953125,1.8694987602430047e-07,0.23573949933052063,2.2603188654102269e-07,0.0062564583495259285,4.8881805270184486e-08
radial,1,-4.446761061747869,0.007199999876320362,-0.032016679644584656,1099.9942626953125,1.9061182854329672e-07,0.23573949933052063,2.3125281245484075e-07,0.006256463006138802,4.912098816589605e-08
radial,1,-4.407167952093813,0.007199999876320362,-0.031731609255075455,1099.994384765625,1.9462028433281375e-07,0.23573949933052063,2.374525536197325e-07,0.006256468594074249,4.9380968647483314e-08
radial,1,-4.367769385377566,0.007199999876320362,-0.031447939574718475,1099.9945068359375,1.9909833781639463e-07,0.23573949933052063,2.44864480691831e-07,0.006256475113332272,4.968060096643967e-08
radial,1,-4.3285640680955515,0.007199999876320362,-0.03116566129028797,1099.9945068359375,2.0417087398527656e-07,0.23573948442935944,2.5366878730892495e-07,0.006256483495235443,5.0041840893300105e-08
radial,1,-4.289551482846339,0.007199999876320362,-0.030884770676493645,1099.99462890625,2.0992568749989005e-07,0.23573948442935944,2.6411359499434184e-07,0.006256492808461189,5.047902718047226e-08
radial,1,-4.250730594827069,0.007199999876320362,-0.030605260282754898,1099.9947509765625,2.1705346853195806e-07,0.23573946952819824,2.7694161985891697e-07,0.006256504449993372,5.1132005296494754e-08
radial,1,-4.2121003692348795,0.007199999876320362,-0.030327122658491135,1099.994873046875,2.2462003812506737e-07,0.23573945462703705,2.91640276373073e-07,0.006256517022848129,5.1824802227429245e-08
radial,1,-4.173659771266911,0.007199999876320362,-0.030050350353121758,1099.9949951171875,2.2580654501780373e-07,0.23573945462703705,2.995926422499906e-07,0.006256521679461002,5.1419178248579556e-08
radial,1,-4.135408283521731,0.007199999876320362,-0.029774939641356468,1099.9951171875,2.1946561901131645e-07,0.23573946952819824,2.97121772518949e-07,0.006256513763219118,4.9800270573996386e-08
radial,1,-4.097344612495767,0.007199999876320362,-0.02950088120996952,1099.9952392578125,2.0983677018193703e-07,0.23573948442935944,2.894236672545958e-07,0.006256499793380499,4.766593519889284e-08
radial,1,-4.05946798208687,0.007199999876320362,-0.029228169471025467,1099.995361328125,1.987113051882261e-07,0.23573951423168182,2.7994408924314484e-07,0.006256483495235443,4.527390018438382e-08
radial,1,-4.021777098791467,0.007199999876320362,-0.02895679511129856,1099.9954833984375,1.8743092766726477e-07,0.2357395440340042,2.7046388595408644e-07,0.006256467197090387,4.2849890746765595e-08
radial,1,-3.984271703908841,0.007199999876320362,-0.028686756268143654,1099.99560546875,1.7585782075002498e-07,0.2357395589351654,2.6074346237692225e-07,0.006256450898945332,4.0379724453032395e-08
radial,1,-3.9469505039354167,0.007199999876320362,-0.028418043628335,1099.9957275390625,1.641777771510533e-07,0.2357395887374878,2.508939473955252e-07,0.0062564341351389885,3.7903991056964514e-08
radial,1,-3.9098124640683336,0.007199999876320362,-0.028150649741292,1099.995849609375,1.5245352358306263e-07,0.23573961853981018,2.4102595830299833e-07,0.006256417371332645,3.54387204026807e-08
radial,1,-3.872857066906161,0.007199999876320362,-0.027884570881724358,1099.9959716796875,1.406937855108481e-07,0.23573963344097137,2.3126564485664858e-07,0.006256400607526302,3.2989685649909006e-08
radial,1,-3.836083018945323,0.007199999876320362,-0.027619797736406326,1099.9959716796875,1.289242561597348e-07,0.23573966324329376,2.2177853509219858e-07,0.006256384309381247,3.056418051983201e-08
radial,1,-3.79948980278439,0.007199999876320362,-0.027356326580047607,1099.99609375,1.1717299486235788e-07,0.23573967814445496,2.127132319174052e-07,0.006256368476897478,2.81696213022542e-08
radial,1,-3.7630761249197855,0.007199999876320362,-0.027094148099422455,1099.9962158203125,1.0541525341523084e-07,0.23573970794677734,2.0413709478361852e-07,0.006256353575736284,2.5804705927612304e-08
radial,1,-3.7268414679500794,0.007199999876320362,-0.02683325856924057,1099.996337890625,9.510818443914104e-08,0.23573972284793854,1.9615609403444978e-07,0.006256339140236378,2.3474511223753325e-08
radial,1,-3.6907847970724106,0.007199999876320362,-0.026573650538921356,1099.996337890625,8.723209532490728e-08,0.23573975265026093,1.888750489342783e-07,0.006256325636059046,2.118938446926677e-08
radial,1,-3.654905336184634,0.007199999876320362,-0.026315318420529366,1099.9964599609375,8.162754738805234e-08,0.23573976755142212,1.8236916332625697e-07,0.0062563130632042885,1.8957681646725177e-08
radial,1,-3.619202050483889,0.007199999876320362,-0.026058254763484,1099.99658203125,7.837864757220814e-08,0.2357397824525833,1.7675064611921698e-07,0.006256301421672106,1.6794693635802105e-08
radial,1,-3.58367416386803,0.007199999876320362,-0.025802453979849815,1099.9967041015625,7.618474739956582e-08,0.2357398122549057,1.720969464713562e-07,0.006256290711462498,1.4700415107427034e-08
radial,1,-3.548320641534196,0.007199999876320362,-0.02554790861904621,1099.996826171875,7.40171586244287e-08,0.2357398271560669,1.6850032125148573e-07,0.006256280466914177,1.2668482263222813e-08
radial,1,-3.513140966080957,0.007199999876320362,-0.02529461495578289,1099.9969482421875,7.187831130295308e-08,0.2357398420572281,1.660539226122637e-07,0.006256271153688431,1.0697443819651653e-08
radial,1,-3.4781341027054524,0.007199999876320362,-0.025042565539479256,1099.9970703125,6.97702589036453e-08,0.23573985695838928,1.6475138409077772e-07,0.006256262771785259,8.902961923240582e-09
radial,1,-3.4432992753055363,0.007199999876320362,-0.02479175478219986,1099.9970703125,6.769421645458351e-08,0.23573987185955048,1.6454200135740393e-07,0.006256255321204662,7.47764605790735e-09
radial,1,-3.408635449078348,0.007199999876320362,-0.024542175233364105,1099.9971923828125,6.564977184098097e-08,0.23573987185955048,1.6538164970825164e-07,0.00625624880194664,6.630986426614527e-09
radial,1,-3.3741418479217424,0.007199999876320362,-0.024293821305036545,1099.997314453125,6.363696058997448e-08,0.23573988676071167,1.671998859364976e-07,0.006256243214011192,6.241807071205585e-09
radial,1,-3.339817695733574,0.007199999876320362,-0.02404668740928173,1099.9974365234375,6.165689825365916e-08,0.23573990166187286,1.699212930361682e-07,0.0062562390230596066,5.958013193918532e-09
radial,1,-3.3056622164116964,0.007199999876320362,-0.023800767958164215,1099.99755859375,5.971228489443092e-08,0.23573990166187286,1.7344956404485856e-07,0.006256235297769308,5.68031799375035e-09
radial,1,-3.2716746338539653,0.007199999876320362,-0.02355605736374855,1099.9976806640625,5.780910683483853e-08,0.23573991656303406,1.7768306292964553e-07,0.006256232038140297,5.408620662450403e-09
radial,1,-3.2378539132575197,0.007199999876320362,-0.02331254817545414,1099.997802734375,5.5949538335653415e-08,0.23573991656303406,1.8250842970246595e-07,0.006256230175495148,5.1430704139932004e-09
radial,1,-3.204199278520213,0.007199999876320362,-0.023070234805345535,1099.9979248046875,5.413083314920186e-08,0.23573993146419525,1.8779734034524154e-07,0.0062562283128499985,4.88346652005589e-09
radial,1,-3.1707099535399013,0.007199999876320362,-0.02282911166548729,1099.998046875,5.2433485109304456e-08,0.23573993146419525,1.9340311041560199e-07,0.006256227381527424,4.629969740932438e-09
radial,1,-3.1373854209151535,0.007199999876320362,-0.022589175030589104,1099.9981689453125,5.0922007943654535e-08,0.23573993146419525,1.9926621064314531e-07,0.006256226450204849,4.3821577477842766e-09
radial,1,-3.1042243871423936,0.007199999876320362,-0.022350415587425232,1099.998291015625,4.95031571290383e-08,0.23573994636535645,2.0532442590592836e-07,0.006256225984543562,4.139372400402408e-09
radial,1,-3.071226076119476,0.007199999876320362,-0.022112827748060226,1099.9984130859375,4.809832176988493e-08,0.23573994636535645,2.1144232675851526e-07,0.006256225984543562,3.902891343443571e-09
radial,1,-3.0383899704449706,0.007199999876320362,-0.02187640778720379,1099.9984130859375,4.67066527676252e-08,0.23573994636535645,2.175222988398673e-07,0.006256225984543562,3.6804648217980684e-09
radial,1,-3.005715294016732,0.007199999876320362,-0.02164115011692047,1099.99853515625,4.533968933628785e-08,0.23573994636535645,2.2348125128246465e-07,0.006256226450204849,3.4731684195321577e-09
radial,1,-2.9732010120318995,0.007199999876320362,-0.021407047286629677,1099.9986572265625,4.400270725568589e-08,0.23573994636535645,2.2926272436052386e-07,0.006256226450204849,3.269059023480736e-09
radial,1,-2.9408466070890427,0.007199999876320362,-0.021174095571041107,1099.998779296875,4.269451991945061e-08,0.23573994636535645,2.3479644539747824e-07,0.006256226450204849,3.0627029801166827e-09
radial,1,-2.9086510443853006,0.007199999876320362,-0.020942287519574165,1099.9989013671875,4.1405172623854014e-08,0.23573996126651764,2.399879406311811e-07,0.006256226450204849,2.8547986197224873e-09
radial,1,-2.876613547818528,0.007199999876320362,-0.020711617544293404,1099.9990234375,4.011670284853608e-08,0.23573996126651764,2.447444558129064e-07,0.006256226450204849,2.6455895252297523e-09
radial,1,-2.844733599987295,0.007199999876320362,-0.020482081919908524,1099.9991455078125,3.8868300578087656e-08,0.23573996126651764,2.489908297320653e-07,0.006256225984543562,2.4347481808462135e-09
radial,1,-2.8130101660887403,0.007199999876320362,-0.020253673195838928,1099.999267578125,3.773511281224273e-08,0.23573996126651764,2.526313096495869e-07,0.006256225518882275,2.222762418568891e-09
radial,1,-2.781442470020718,0.007199999876320362,-0.02002638578414917,1099.999267578125,3.6671575998070693e-08,0.23573996126651764,2.5559907612660027e-07,0.006256224121898413,2.009374222566862e-09
radial,1,-2.7500299943817987,0.007199999876320362,-0.01980021595954895,1099.9993896484375,3.560233707844418e-08,0.23573996126651764,2.57881026755058e-07,0.006256222724914551,1.7936032659093826e-09
radial,1,-2.718771704369121,0.007199999876320362,-0.019575156271457672,1099.99951171875,3.452372965284667e-08,0.23573996126651764,2.5946201276383363e-07,0.0062562208622694016,1.5751936421892765e-09
radial,1,-2.6876670825812554,0.007199999876320362,-0.019351202994585037,1099.9996337890625,3.343566135072251e-08,0.23573996126651764,2.603328539407812e-07,0.006256218533962965,1.3548225874515651e-09
radial,1,-2.656715352916055,0.007199999876320362,-0.019128350540995598,1099.999755859375,3.2338260069764146e-08,0.23573994636535645,2.6046910761579056e-07,0.006256215739995241,1.1329817084515525e-09
radial,1,-2.6259154805706606,0.007199999876320362,-0.018906591460108757,1099.999755859375,3.1231159880462656e-08,0.23573994636535645,2.598433752609708e-07,0.006256212946027517,9.338022577409788e-10
radial,1,-2.595266948143641,0.007199999876320362,-0.018685922026634216,1099.9998779296875,3.011593818769143e-08,0.23573994636535645,2.584355627277546e-07,0.006256209220737219,7.820780134615291e-10
radial,1,-2.564768979532851,0.007199999876320362,-0.018466336652636528,1100.0,2.8991282263746143e-08,0.23573994636535645,2.562424583629763e-07,0.00625620549544692,6.526595375255795e-10
radial,1,-2.534420798636145,0.007199999876320362,-0.018247829750180244,1100.0,2.7857431916800124e-08,0.23573994636535645,2.5329683239760925e-07,0.006256201304495335,5.201926112086142e-10
radial,1,-2.5042216293513775,0.007199999876320362,-0.018030395731329918,1100.0001220703125,2.6717991374880512e-08,0.23573994636535645,2.496389868156257e-07,0.0062561966478824615,3.847607510376605e-10
radial,1,-2.474170954277118,0.007199999876320362,-0.01781403087079525,1100.000244140625,2.557357525745374e-08,0.23573994636535645,2.4529464326406014e-07,0.006256191525608301,2.4611254700879215e-10
radial,1,-2.444267997311221,0.007199999876320362,-0.017598729580640793,1100.000244140625,2.4426048739201178e-08,0.23573994636535645,2.4032178203015064e-07,0.006256186403334141,1.1205244371259582e-10
radial,1,-2.4145117236508264,0.007199999876320362,-0.01738448441028595,1100.0003662109375,2.327860038064955e-08,0.23573994636535645,2.3484831501718872e-07,0.00625618128105998,3.218366545487683e-11
radial,1,-2.384901615894503,0.007199999876320362,-0.017171291634440422,1100.00048828125,2.2134242882998478e-08,0.23573994636535645,2.2898611007349245e-07,0.00625617615878582,1.6406672895263874e-11
radial,1,-2.355437156640821,0.007199999876320362,-0.01695914752781391,1100.00048828125,2.0991844706941265e-08,0.23573994636535645,2.2278649680629314e-07,0.006256170570850372,1.6744614375618916e-11
radial,1,-2.3261173110869198,0.007199999876320362,-0.01674804463982582,1100.0006103515625,1.9848572563319067e-08,0.23573994636535645,2.1630962976360024e-07,0.006256165448576212,1.707450500432195e-11
radial,1,-2.2969415618313684,0.007199999876320362,-0.016537979245185852,1100.0006103515625,1.8705218707282256e-08,0.23573994636535645,2.09639324566524e-07,0.0062561603263020515,1.7390216003332348e-11
radial,1,-2.2679091327720218,0.007199999876320362,-0.016328945755958557,1100.0006103515625,1.75633054766422e-08,0.23573994636535645,2.0286974233840738e-07,0.0062561556696891785,1.7684173569953998e-11
radial,1,-2.2390192478067346,0.007199999876320362,-0.01612093858420849,1100.000732421875,1.6425802940034373e-08,0.23573994636535645,1.9611202617397794e-07,0.006256151013076305,1.7952726111269968e-11
radial,1,-2.210271130833361,0.007199999876320362,-0.0159139521420002,1100.000732421875,1.529531523658534e-08,0.23573994636535645,1.89517052717747e-07,0.00625614682212472,1.819673925429477e-11
radial,1,-2.181664523151186,0.007199999876320362,-0.015707984566688538,1100.0008544921875,1.4170629114573785e-08,0.23573994636535645,1.8325138739783142e-07,0.006256143096834421,1.8449899594208397e-11
radial,1,-2.153198260606991,0.007199999876320362,-0.015503027476370335,1100.0008544921875,1.3050276415071949e-08,0.23573994636535645,1.7744636693350913e-07,0.006256139371544123,1.8734862619607107e-11
radial,1,-2.1248719551497035,0.007199999876320362,-0.015299078077077866,1100.0009765625,1.1935602728385675e-08,0.23573994636535645,1.72193608705129e-07,0.0062561361119151115,1.9025319514254235e-11
radial,1,-2.096684701326821,0.007199999876320362,-0.015096129849553108,1100.0009765625,1.0830597751976256e-08,0.23573994636535645,1.6754550813402602e-07,0.006256133317947388,1.9304835507938378e-11
radial,1,-2.0686359817369118,0.007199999876320362,-0.014894179068505764,1100.0010986328125,9.743098772219128e-09,0.23573994636535645,1.635131354760233e-07,0.006256130989640951,1.9581775437260696e-11
radial,1,-2.0407250202778315,0.007199999876320362,-0.014693220146000385,1100.0010986328125,8.685110408634955e-09,0.23573994636535645,1.6009020953333675e-07,0.006256128661334515,1.985573337692781e-11
radial,1,-2.0129511701977916,0.007199999876320362,-0.014493248425424099,1100.0013427734375,7.672854351881142e-09,0.23573994636535645,1.572688432815994e-07,0.006256126798689365,2.0122480071105286e-11
radial,1,-1.9853137847450044,0.007199999876320362,-0.014294259250164032,1100.0015869140625,6.789472539736607e-09,0.23573994636535645,1.5515092854911927e-07,0.0062561254017055035,2.0385314963844436e-11
radial,1,-1.9578120878173246,0.007199999876320362,-0.014096247032284737,1100.001953125,6.143112685208507e-09,0.23573994636535645,1.54326926349313e-07,0.006256124936044216,2.0653820667626555e-11
radial,1,-1.9304455620133214,0.007199999876320362,-0.013899208046495914,1100.0028076171875,5.688390203317795e-09,0.23573993146419525,1.5703695055435674e-07,0.006256126333028078,2.0962575425498287e-11
radial,1,-1.9032134312308497,0.007199999876320362,-0.013703136704862118,1100.0042724609375,5.413164139156379e-09,0.23573990166187286,1.7087420189909608e-07,0.006256136577576399,2.137921957523492e-11
radial,1,-1.8761150487181213,0.007199999876320362,-0.013508028350770473,1100.0072021484375,5.341171060990746e-09,0.2357398271560669,2.1929436400114355e-07,0.0062561724334955215,2.201074912611123e-11
radial,1,-1.8491498970737061,0.007199999876320362,-0.013313879258930683,1100.012451171875,5.399254821014665e-09,0.2357395887374878,3.7473398606380215e-07,0.006256289314478636,2.6284016629851692e-11
radial,1,-1.8223170708451006,0.007199999876320362,-0.013120682910084724,1100.0225830078125,5.527346136346978e-09,0.2357388138771057,8.724587132746819e-07,0.006256665103137493,4.8877776825939634e-11
radial,1,-1.7956161819812324,0.007199999876320362,-0.012928436510264874,1100.0416259765625,5.622061038934589e-09,0.23573614656925201,2.560421080488595e-06,0.006257941480726004,1.1680380274103896e-10
radial,1,-1.7690463250295985,0.007199999876320362,-0.012737133540213108,1100.0794677734375,5.496072486010917e-09,0.23572583496570587,9.071294698514976e-06,0.0062628681771457195,3.855875896352501e-10
radial,1,-1.7426071119391255,0.007199999876320362,-0.012546771205961704,1100.1566162109375,4.909658457563637e-09,0.23568002879619598,3.798879697569646e-05,0.006284752860665321,1.1939640387481631e-09
radial,1,-1.7162977666076686,0.007199999876320362,-0.012357343919575214,1100.3133544921875,3.832554273941469e-09,0.2354755699634552,0.00016706646420061588,0.00638244254514575,4.236704764792876e-09
radial,1,-1.6901176422834396,0.007199999876320362,-0.012168847024440765,1100.610595703125,2.6232296335138017e-09,0.23472076654434204,0.0006435698596760631,0.006743087433278561,2.219374373169103e-08
radial,1,-1.6640660922146506,0.007199999876320362,-0.011981275863945484,1101.114013671875,1.647743941290969e-09,0.23267784714698792,0.001933201914653182,0.007719189859926701,8.758433267530563e-08
radial,1,-1.6381424696495137,0.007199999876320362,-0.011794625781476498,1101.8656005859375,9.76458136570102e-10,0.2286723107099533,0.004461667500436306,0.009633032605051994,2.6759582283375494e-07
radial,1,-1.6123462571865983,0.007199999876320362,-0.011608893051743507,1102.8651123046875,5.293203653167211e-10,0.2226482331752777,0.008264128118753433,0.012511364184319973,6.722064540554129e-07
radial,1,-1.5866768080741167,0.007199999876320362,-0.01142407301813364,1104.0723876953125,2.287016132029862e-10,0.21512393653392792,0.013013207353651524,0.016106581315398216,1.4434704098675866e-06
radial,1,-1.5611333462099235,0.007199999876320362,-0.011240160092711449,1105.4306640625,6.121252810187272e-11,0.206717386841774,0.018318571150302887,0.020123476162552834,2.758823484327877e-06
radial,1,-1.5357154835429456,0.007199999876320362,-0.011057151481509209,1106.890380859375,9.369477416143468e-12,0.19784730672836304,0.023915596306324005,0.024362044408917427,4.8542315198574215e-06
radial,1,-1.5104224439710379,0.007199999876320362,-0.010875041596591473,1108.4171142578125,3.174575402900559e-12,0.18872125446796417,0.029672859236598015,0.02872322127223015,8.058036655711476e-06
radial,1,-1.485253580742412,0.007199999876320362,-0.010693825781345367,1109.98876953125,2.343031584722821e-12,0.1794196516275406,0.03553902730345726,0.03316870331764221,1.2832707398047205e-05
radial,1,-1.4602083764556382,0.007199999876320362,-0.010513500310480595,1111.5888671875,2.149346022342624e-12,0.16996388137340546,0.0414997898042202,0.037688449025154114,1.9830684323096648e-05
radial,1,-1.4352863137092855,0.007199999876320362,-0.010334061458706856,1113.2021484375,2.2733169513511342e-12,0.1603514552116394,0.04755560681223869,0.042283907532691956,2.997017691086512e-05
radial,1,-1.4104866164012089,0.007199999876320362,-0.010155503638088703,1114.81201171875,3.083321141808537e-12,0.15057189762592316,0.05371152609586716,0.046960439532995224,4.4545875425683334e-05
radial,1,-1.38580863777962,0.007199999876320362,-0.009977822192013264,1116.39794921875,8.136531032265637e-11,0.14061479270458221,0.059971876442432404,0.05172351747751236,6.53938768664375e-05
radial,1,-1.3612519897934463,0.007199999876320362,-0.009801014326512814,1117.9320068359375,7.017922909469121e-10,0.13047942519187927,0.06633397191762924,0.05657420679926872,9.511805546935648e-05
radial,1,-1.3368160256909,0.007199999876320362,-0.00962507538497448,1119.3741455078125,2.6329982638628735e-09,0.12019441276788712,0.07277532666921616,0.06149982661008835,0.00013735440734308213
radial,1,-1.3124999693698354,0.007199999876320362,-0.009449999779462814,1120.667236328125,6.674571118026051e-09,0.10984484851360321,0.07923632860183716,0.06646104156970978,0.00019696814706549048
radial,1,-1.288194390427735,0.007199999876320362,-0.009274999611079693,1121.739013671875,1.4449018870266173e-08,0.09955579787492752,0.08563026785850525,0.07139986008405685,0.0002803837996907532
radial,1,-1.2638889408359926,0.007199999876320362,-0.009100000374019146,1122.49462890625,2.9333188322766546e-08,0.08962322771549225,0.09176251292228699,0.07617663592100143,0.00039406007272191346
radial,1,-1.2401969999902778,0.007199999876320362,-0.00892941839993,1122.8399658203125,5.630779043030998e-08,0.08071545511484146,0.09721208363771439,0.08047186583280563,0.0005372957093641162
radial,1,-1.2167224970956643,0.007199999876320362,-0.008760401979088783,1122.76416015625,1.0332333033602481e-07,0.07313476502895355,0.10179239511489868,0.08414018154144287,0.0007066063699312508
radial,1,-1.1934633625464308,0.007199999876320362,-0.008592936210334301,1122.335693359375,1.7916953254371037e-07,0.06719747185707092,0.10532141476869583,0.08702647686004639,0.0008874756749719381
radial,1,-1.1704177854375708,0.007199999876320362,-0.008427008055150509,1121.709228515625,2.9116151267771784e-07,0.06289854645729065,0.1078253760933876,0.08912799507379532,0.0010608937591314316
radial,1,-1.1475835668130054,0.007199999876320362,-0.008262601681053638,1121.046142578125,4.4381965835782466e-07,0.059947047382593155,0.1095055565237999,0.09057978540658951,0.0012122720945626497
radial,1,-1.124959025118086,0.007199999876320362,-0.00809970498085022,1120.45556640625,6.403125212273153e-07,0.05795423686504364,0.11061393469572067,0.09156610071659088,0.0013361031888052821
radial,1,-1.102541961396734,0.007199999876320362,-0.007938302122056484,1119.99267578125,8.848317634146952e-07,0.056589316576719284,0.11135764420032501,0.09224540740251541,0.0014337459579110146
radial,1,-1.0803306940943003,0.007199999876320362,-0.007778380997478962,1119.675537109375,1.183753170153068e-06,0.05562538653612137,0.11187516897916794,0.09272720664739609,0.001509135589003563
radial,1,-1.0583232829554214,0.007199999876320362,-0.007619927637279034,1119.5086669921875,1.5455947277587256e-06,0.054920509457588196,0.1122514009475708,0.09308041632175446,0.0015661729266867042
radial,1,-1.0365177230495546,0.007199999876320362,-0.007462927605956793,1119.4952392578125,1.9807146145467414e-06,0.054387446492910385,0.1125376746058464,0.09334762394428253,0.0016079380875453353
radial,1,-1.0149123328220513,0.007199999876320362,-0.0073073687963187695,1119.6429443359375,2.5012841433635913e-06,0.0539713092148304,0.11276591569185257,0.09355571866035461,0.0016366965137422085
radial,1,-0.9935051720175478,0.007199999876320362,-0.007153237238526344,1119.9664306640625,3.1216657134791603e-06,0.053636014461517334,0.11295702308416367,0.09372244030237198,0.0016540347132831812
radial,1,-0.9722944944062167,0.007199999876320362,-0.00700052035972476,1120.4891357421875,3.859190655930433e-06,0.05335657298564911,0.11312553286552429,0.09386012703180313,0.0016610128805041313
radial,1,-0.9512784244078729,0.007199999876320362,-0.006849204655736685,1121.2457275390625,4.735706625069724e-06,0.053114570677280426,0.11328233033418655,0.09397786110639572,0.0016582718817517161
radial,1,-0.9304552157926891,0.007199999876320362,-0.006699277553707361,1122.28564453125,5.780611445516115e-06,0.05289534851908684,0.11343638598918915,0.09408289939165115,0.001646098680794239
radial,1,-0.9098231223308378,0.007199999876320362,-0.006550726480782032,1123.67919921875,7.035376711428398e-06,0.052686240524053574,0.11359580606222153,0.09418150037527084,0.0016244776779785752
radial,1,-0.8893803331173129,0.007199999876320362,-0.0064035383984446526,1125.5289306640625,8.562737093598116e-06,0.0524749830365181,0.1137688085436821,0.09427977353334427,0.0015931057278066874
radial,1,-0.8691251019222869,0.007199999876320362,-0.0062577007338404655,1127.9920654296875,1.0467295396665577e-05,0.052247654646635056,0.11396516114473343,0.09438467025756836,0.0015513160033151507
radial,1,-0.8490558118662901,0.007199999876320362,-0.006113201845437288,1131.3218994140625,1.2935852282680571e-05,0.05198582261800766,0.11419817805290222,0.09450548887252808,0.0014979577390477061
radial,1,-0.8291706520443162,0.007199999876320362,-0.005970028694719076,1135.9530029296875,1.6327319826814346e-05,0.05166131258010864,0.11448829621076584,0.09465662389993668,0.0014312751591205597
radial,1,-0.8094679409017166,0.007199999876320362,-0.005828169174492359,1142.69189453125,2.1409574401332065e-05,0.051223963499069214,0.11487113684415817,0.09486409276723862,0.0013488407712429762
radial,1,-0.7899461262342002,0.007199999876320362,-0.005687612108886242,1153.1910400390625,3.00866158795543e-05,0.05056909844279289,0.11541818082332611,0.09518308937549591,0.0012481907615438104
radial,1,-0.7706033971367611,0.007199999876320362,-0.00554834445938468,1171.1553955078125,4.8036126827355474e-05,0.04944298043847084,0.11629288643598557,0.09574998915195465,0.0011321277124807239
radial,1,-0.7514381367299292,0.007199999876320362,-0.00541035458445549,1204.8453369140625,9.534066339256242e-05,0.047193508595228195,0.11788061261177063,0.09692350775003433,0.001034890883602202
radial,1,-0.7324487928094136,0.007199999876320362,-0.0052736313082277775,1269.1649169921875,0.00024846437736414373,0.04240217059850693,0.12092138826847076,0.09950438141822815,0.0010994947515428066
radial,1,-0.7136336838205656,0.007199999876320362,-0.005138162523508072,1379.0355224609375,0.0007752677774988115,0.03332091122865677,0.1261354237794876,0.10450252890586853,0.0016386378556489944
radial,1,-0.6949912575590942,0.007199999876320362,-0.005003937054425478,1527.499755859375,0.0023975076619535685,0.020612593740224838,0.13287018239498138,0.11150326579809189,0.0027547457721084356
radial,1,-0.6765198971455296,0.007199999876320362,-0.004870943259447813,1670.808837890625,0.0064094639383256435,0.009808273054659367,0.13863982260227203,0.117028146982193,0.0033564886543899775
radial,1,-0.6582180503755808,0.007199999876320362,-0.004739169962704182,1779.4329833984375,0.012921731919050217,0.004288278520107269,0.14169704914093018,0.11915923655033112,0.0030419938266277313
radial,1,-0.6400841003697779,0.007199999876320362,-0.004608605522662401,1862.5655517578125,0.020700212568044662,0.002125605707988143,0.1423553228378296,0.11943180859088898,0.0027897623367607594
radial,1,-0.6221166242741877,0.007199999876320362,-0.004479239694774151,1930.8404541015625,0.029016628861427307,0.0015977490693330765,0.14122796058654785,0.11894475668668747,0.0030864544678479433
radial,1,-0.60431400520934,0.007199999876320362,-0.004351060837507248,1987.6239013671875,0.03769237920641899,0.0022257633972913027,0.13854026794433594,0.11795870214700699,0.003984452690929174
radial,1,-0.586674690970944,0.007199999876320362,-0.004224057774990797,2031.007568359375,0.04674333333969116,0.0042704250663518906,0.13405969738960266,0.11638742685317993,0.005561129655689001
radial,1,-0.5691973233802451,0.007199999876320362,-0.004098220728337765,2054.737548828125,0.05629158392548561,0.008517399430274963,0.12717312574386597,0.11381340026855469,0.007885179482400417
radial,1,-0.5518803502329522,0.007199999876320362,-0.003973538521677256,2050.07421875,0.06657395511865616,0.016340289264917374,0.11724606901407242,0.10939976572990417,0.010705414228141308
radial,1,-0.5347222193247743,0.007199999876320362,-0.0038499999791383743,2003.704345703125,0.07798625528812408,0.029847638681530952,0.10376137495040894,0.10174085944890976,0.013230483047664165
radial,1,-0.5173611053679552,0.007199999876320362,-0.0037249999586492777,1896.4163818359375,0.09131623059511185,0.052062567323446274,0.08659707754850388,0.08862651884555817,0.013894585892558098
radial,1,-0.49999999141113627,0.007199999876320362,-0.003599999938160181,1741.13720703125,0.10551383346319199,0.08086423575878143,0.0678490400314331,0.07115965336561203,0.012238036841154099
radial,1,-0.4772727131947047,0.007199999876320362,-0.003436363535001874,1533.53564453125,0.1220276728272438,0.11782339960336685,0.04554726928472519,0.04853753373026848,0.008814770728349686
radial,1,-0.4545454673158626,0.007199999876320362,-0.0032727273646742105,1369.47314453125,0.13426260650157928,0.14649246633052826,0.028817662969231606,0.0309247225522995,0.005746524315327406
radial,1,-0.43181818909943104,0.007199999876320362,-0.0031090909615159035,1262.6513671875,0.14217160642147064,0.16516022384166718,0.01805471070110798,0.019430644810199738,0.0036458412650972605
radial,1,-0.40909091088299954,0.007199999876320362,-0.0029454545583575964,1199.426025390625,0.1469920128583908,0.17639659345149994,0.011601285077631474,0.01249722670763731,0.0023534875363111496
radial,1,-0.386363632666568,0.007199999876320362,-0.0027818181551992893,1162.731201171875,0.14994224905967712,0.1831236630678177,0.007739082910120487,0.008336802944540977,0.0015711315209046006
radial,1,-0.3636363544501364,0.007199999876320362,-0.0026181817520409822,1140.894775390625,0.15181922912597656,0.18729306757450104,0.005342227406799793,0.005752131342887878,0.0010831879917532206
radial,1,-0.3409090762337049,0.007199999876320362,-0.002454545348882675,1127.3775634765625,0.15307001769542694,0.18999601900577545,0.003785081673413515,0.004072584677487612,0.0007656914531253278
radial,1,-0.31818183035486275,0.007199999876320362,-0.0022909091785550117,1118.68505859375,0.1539384424686432,0.1918216347694397,0.0027306426782160997,0.0029355536680668592,0.0005507856840267777
radial,1,-0.2954545521384312,0.007199999876320362,-0.0021272727753967047,1112.917236328125,0.15456104278564453,0.19309578835964203,0.001992644276469946,0.0021401988342404366,0.0004006273811683059
radial,1,-0.2727272739219997,0.007199999876320362,-0.0019636363722383976,1108.998046875,0.1550179421901703,0.194007009267807,0.0014632962411269546,0.0015701474621891975,0.0002931946946773678
radial,1,-0.24999999570556813,0.007199999876320362,-0.0017999999690800905,1106.2896728515625,0.15535856783390045,0.19466988742351532,0.0010770695516839623,0.001154596102423966,0.00021505139011424035
radial,1,-0.2272727336579313,0.007199999876320362,-0.0016363636823371053,1104.3974609375,0.1556149274110794,0.19515734910964966,0.000792198465205729,0.0008483967976644635,0.00015761464601382613
radial,1,-0.20454545544149977,0.007199999876320362,-0.0014727272791787982,1103.0673828125,0.1558087021112442,0.1955179125070572,0.0005808743298985064,0.0006214845925569534,0.00011516412632772699
radial,1,-0.1818181772250682,0.007199999876320362,-0.0013090908760204911,1102.13037109375,0.15595518052577972,0.1957850456237793,0.00042386449058540165,0.0004530694568529725,8.37441039038822e-05
radial,1,-0.15909091517743137,0.007199999876320362,-0.0011454545892775059,1101.4713134765625,0.15606549382209778,0.19598251581192017,0.000307490088744089,0.00032837127218954265,6.054452751413919e-05
radial,1,-0.13636363696099985,0.007199999876320362,-0.0009818181861191988,1101.0101318359375,0.15614788234233856,0.1961275190114975,0.00022181977692525834,0.00023666583001613617,4.352940959506668e-05
radial,1,-0.11363636682896565,0.007199999876320362,-0.0008181818411685526,1100.6907958984375,0.1562085598707199,0.19623270630836487,0.00015952973626554012,0.0001700512511888519,3.1201601814245805e-05
radial,1,-0.0909090886125341,0.007199999876320362,-0.0006545454380102456,1100.4735107421875,0.15625227987766266,0.1963074654340744,0.00011516489030327648,0.0001226477907039225,2.2449858079198748e-05
radial,1,-0.06818181848049992,0.007199999876320362,-0.0004909090930595994,1100.330078125,0.15628261864185333,0.19635875523090363,8.466721919830889e-05,9.008620691020042e-05,1.64507218869403e-05
radial,1,-0.04545454430626705,0.007199999876320362,-0.0003272727190051228,1100.240966796875,0.15630224347114563,0.19639162719249725,6.509187369374558e-05,6.919910811120644e-05,1.2608882570930291e-05
radial,1,-0.022727272153133526,0.007199999876320362,-0.0001636363595025614,1100.1937255859375,0.156312957406044,0.1964094638824463,5.446080831461586e-05,5.786096153315157e-05,1.0525838661123998e-05
radial,1,0.0,0.007199999876320362,0.0,1100.1815185546875,0.15631580352783203,0.19641415774822235,5.1667917432496324e-05,5.488391616381705e-05,9.979296919482294e-06
radial,1,0.022727272153133526,0.007199999876320362,0.0001636363595025614,1100.202392578125,0.15631103515625,0.19640618562698364,5.6413708080071956e-05,5.994632374495268e-05,1.0909103366429918e-05
radial,1,0.04545454430626705,0.007199999876320362,0.0003272727190051228,1100.2596435546875,0.1562982201576233,0.1963847279548645,6.919092265889049e-05,7.357724098255858e-05,1.3414306522463448e-05
radial,1,0.06818181848049992,0.007199999876320362,0.0004909090930595994,1100.3612060546875,0.156276136636734,0.19634756445884705,9.13049079827033e-05,9.717831562738866e-05,1.775727650965564e-05
radial,1,0.0909090886125341,0.007199999876320362,0.0006545454380102456,1100.52099609375,0.15624281764030457,0.196290984749794,0.00012492717360146344,0.00013308291090652347,2.4375538487220183e-05
radial,1,0.11363636682896565,0.007199999876320362,0.0008181818411685526,1100.76025390625,0.15619546175003052,0.1962096244096756,0.00017317855963483453,0.00018464804452378303,3.3900294511113316e-05
radial,1,0.13636363696099985,0.007199999876320362,0.0009818181861191988,1101.108642578125,0.1561303436756134,0.1960962414741516,0.00024029231281019747,0.00025643210392445326,4.719094795291312e-05
radial,1,0.15909091517743137,0.007199999876320362,0.0011454545892775059,1101.6082763671875,0.15604256093502045,0.1959410160779953,0.0003319525276310742,0.00035456198384054005,6.540554022649303e-05
radial,1,0.1818181772250682,0.007199999876320362,0.0013090908760204911,1102.319091796875,0.15592558681964874,0.19573061168193817,0.00045588286593556404,0.00048736995086073875,9.012217924464494e-05
radial,1,0.20454545544149977,0.007199999876320362,0.0014727272791787982,1103.32666015625,0.1557706594467163,0.19544671475887299,0.00062266003806144,0.0006662742234766483,0.00012350705219432712
radial,1,0.2272727336579313,0.007199999876320362,0.0016363636823371053,1104.754638671875,0.15556597709655762,0.195063978433609,0.0008468781597912312,0.0009070393862202764,0.0001685547031229362
radial,1,0.24999999570556813,0.007199999876320362,0.0017999999690800905,1106.784912109375,0.15529528260231018,0.1945466548204422,0.001149068120867014,0.0012318507069721818,0.00022948194236960262
radial,1,0.2727272739219997,0.007199999876320362,0.0019636363722383976,1109.6915283203125,0.15493535995483398,0.19384276866912842,0.001559043419547379,0.0016729269409552217,0.00031241128453984857
radial,1,0.2954545521384312,0.007199999876320362,0.0021272727753967047,1113.9027099609375,0.15445181727409363,0.19287361204624176,0.002121874364092946,0.0022789626382291317,0.00042658610618673265
radial,1,0.31818183035486275,0.007199999876320362,0.0022909091785550117,1120.1146240234375,0.15379104018211365,0.19151468575000763,0.0029088077135384083,0.003126890864223242,0.0005865804851055145
radial,1,0.3409090762337049,0.007199999876320362,0.002454545348882675,1129.510498046875,0.15286538004875183,0.18955941498279572,0.004038004204630852,0.004344184882938862,0.0008164672181010246
radial,1,0.3636363544501364,0.007199999876320362,0.0026181817520409822,1144.1954345703125,0.1515241116285324,0.18664780259132385,0.005715423729270697,0.006152709014713764,0.0011579436250030994
radial,1,0.386363632666568,0.007199999876320362,0.0027818181551992893,1168.0611572265625,0.14949628710746765,0.18212488293647766,0.00831615924835205,0.008955542929470539,0.0016861767508089542
radial,1,0.40909091088299954,0.007199999876320362,0.0029454545583575964,1208.3814697265625,0.146284282207489,0.1747768223285675,0.012537401169538498,0.013498567044734955,0.0025382942985743284
radial,1,0.43181818909943104,0.007199999876320362,0.0031090909615159035,1277.9107666015625,0.14101143181324005,0.16246452927589417,0.019617430865764618,0.021093765273690224,0.00394800491631031
radial,1,0.4545454673158626,0.007199999876320362,0.0032727273646742105,1394.2535400390625,0.13239248096942902,0.1421467810869217,0.03136128559708595,0.033600594848394394,0.006215320900082588
radial,1,0.4772727131947047,0.007199999876320362,0.003436363535001874,1568.1787109375,0.11930189281702042,0.11168591678142548,0.049235038459300995,0.052306998521089554,0.009413229301571846
radial,1,0.49999999141113627,0.007199999876320362,0.003599999938160181,1777.830078125,0.10220556706190109,0.07410938292741776,0.07222111523151398,0.07527672499418259,0.012685831636190414
radial,1,0.5173611053679552,0.007199999876320362,0.0037249999586492777,1923.4739990234375,0.08810137212276459,0.04659314453601837,0.09075885266065598,0.09188193827867508,0.01378778088837862
radial,1,0.5347222193247743,0.007199999876320362,0.0038499999791383743,2016.2884521484375,0.07515264302492142,0.026394976302981377,0.10716421902179718,0.10371752828359604,0.01260384637862444
radial,1,0.5518803502329522,0.007199999876320362,0.003973538521677256,2052.094482421875,0.06402595341205597,0.01433081179857254,0.11978048831224442,0.11054233461618423,0.009999946691095829
radial,1,0.5691973233802451,0.007199999876320362,0.004098220728337765,2049.658447265625,0.053939007222652435,0.007423587143421173,0.12894965708255768,0.11447630077600479,0.007289083208888769
radial,1,0.586674690970944,0.007199999876320362,0.004224057774990797,2021.007080078125,0.044526923447847366,0.0037276321090757847,0.1352517157793045,0.11679000407457352,0.0051343138329684734
radial,1,0.60431400520934,0.007199999876320362,0.004351060837507248,1974.380859375,0.035578031092882156,0.0020196696277707815,0.13929705321788788,0.1182154193520546,0.0037220397498458624
radial,1,0.6221166242741877,0.007199999876320362,0.004479239694774151,1915.0220947265625,0.02699325419962406,0.0016387739451602101,0.1416255086660385,0.1190938651561737,0.0029750170651823282
radial,1,0.6400841003697779,0.007199999876320362,0.004608605522662401,1843.822998046875,0.018786858767271042,0.00247088517062366,0.14237067103385925,0.11944793909788132,0.002818071050569415
radial,1,0.6582180503755808,0.007199999876320362,0.004739169962704182,1756.1331787109375,0.011214040219783783,0.005200373008847237,0.1412043273448944,0.11889012902975082,0.0031599700450897217
radial,1,0.6765198971455296,0.007199999876320362,0.004870943259447813,1638.4056396484375,0.0052384804002940655,0.012047301046550274,0.13744938373565674,0.1159215196967125,0.0032642774749547243
radial,1,0.6949912575590942,0.007199999876320362,0.005003937054425478,1489.68212890625,0.0018694768659770489,0.023841917514801025,0.13120156526565552,0.10971755534410477,0.0024437864776700735
radial,1,0.7136336838205656,0.007199999876320362,0.005138162523508072,1347.984130859375,0.0005926700541749597,0.03597939386963844,0.12465482950210571,0.10302327573299408,0.0014439296210184693
radial,1,0.7324487928094136,0.007199999876320362,0.0052736313082277775,1249.738525390625,0.00019485123630147427,0.04392138123512268,0.11998807638883591,0.09867497533559799,0.001054212567396462
radial,1,0.7514381367299292,0.007199999876320362,0.00541035458445549,1194.4615478515625,7.957292109495029e-05,0.047918304800987244,0.11738601326942444,0.09653934836387634,0.001051599276252091
radial,1,0.7706033971367611,0.007199999876320362,0.00554834445938468,1165.7237548828125,4.255158273736015e-05,0.04979488253593445,0.11602845788002014,0.09556970745325089,0.0011602123267948627
radial,1,0.7899461262342002,0.007199999876320362,0.005687612108886242,1150.1229248046875,2.7643698558676988e-05,0.05076592415571213,0.11525912582874298,0.09508544206619263,0.00127372273709625
radial,1,0.8094679409017166,0.007199999876320362,0.005828169174492359,1140.784423828125,2.0051944375154562e-05,0.051351774483919144,0.11476308107376099,0.09480234980583191,0.0013696635141968727
radial,1,0.8291706520443162,0.007199999876320362,0.005970028694719076,1134.67724609375,1.5442565199919045e-05,0.05175446718931198,0.11440806090831757,0.0946125015616417,0.001447881106287241
radial,1,0.8490558118662901,0.007199999876320362,0.006113201845437288,1130.426513671875,1.2292689461901318e-05,0.05206010863184929,0.11413460969924927,0.09447070956230164,0.0015110312961041927
radial,1,0.8691251019222869,0.007199999876320362,0.0062577007338404655,1127.3441162109375,9.962018339138012e-06,0.05231158062815666,0.11391203850507736,0.09435486048460007,0.0015613998984917998
radial,1,0.8893803331173129,0.007199999876320362,0.0064035383984446526,1125.0518798828125,8.150414942065254e-06,0.05253385379910469,0.11372222006320953,0.09425223618745804,0.0016005926299840212
radial,1,0.9098231223308378,0.007199999876320362,0.006550726480782032,1123.326171875,6.699032383039594e-06,0.05274375155568123,0.11355303227901459,0.09415437281131744,0.0016296303365379572
radial,1,0.9304552157926891,0.007199999876320362,0.006699277553707361,1122.0263671875,5.508289177669212e-06,0.052954431623220444,0.1133953332901001,0.09405472129583359,0.0016490858979523182
radial,1,0.9512784244078729,0.007199999876320362,0.006849204655736685,1121.058837890625,4.517323304753518e-06,0.05317801609635353,0.1132410541176796,0.09394726157188416,0.0016592093743383884
radial,1,0.9722944944062167,0.007199999876320362,0.00700052035972476,1120.359130859375,3.6863782497675857e-06,0.053427379578351974,0.11308205127716064,0.09382562339305878,0.001659961068071425
radial,1,0.9935051720175478,0.007199999876320362,0.007153237238526344,1119.88232421875,2.987745801874553e-06,0.05371763929724693,0.11290914565324783,0.09368235617876053,0.0016509857960045338
radial,1,1.0149123328220513,0.007199999876320362,0.0073073687963187695,1119.5968017578125,2.400613311692723e-06,0.05406813696026802,0.11271094530820847,0.09350789338350296,0.0016315674874931574
radial,1,1.0365177230495546,0.007199999876320362,0.007462927605956793,1119.4815673828125,1.9082717699347995e-06,0.05450548604130745,0.11247200518846512,0.09328912943601608,0.001600557123310864
radial,1,1.0583232829554214,0.007199999876320362,0.007619927637279034,1119.52392578125,1.4967539527788176e-06,0.055068567395210266,0.11216980963945389,0.09300695359706879,0.001556253177113831
radial,1,1.0803306940943003,0.007199999876320362,0.007778380997478962,1119.717529296875,1.15422392354958e-06,0.05581711232662201,0.11176954954862595,0.09263210743665695,0.0014962379354983568
radial,1,1.102541961396734,0.007199999876320362,0.007938302122056484,1120.059814453125,8.706956009518763e-07,0.056846603751182556,0.11121486872434616,0.0921180471777916,0.0014172708615660667
radial,1,1.124959025118086,0.007199999876320362,0.00809970498085022,1120.5457763671875,6.380544164130697e-07,0.058312349021434784,0.1104126051068306,0.09138943254947662,0.0013153390027582645
radial,1,1.1475835668130054,0.007199999876320362,0.008262601681053638,1121.15380859375,4.503615400608396e-07,0.06045982614159584,0.10921229422092438,0.09032793343067169,0.0011866888962686062
radial,1,1.1704177854375708,0.007199999876320362,0.008427008055150509,1121.818603515625,3.0395267458516173e-07,0.06363612413406372,0.10739544034004211,0.08876755833625793,0.0010308625642210245
radial,1,1.1934633625464308,0.007199999876320362,0.008592936210334301,1122.4200439453125,1.9612099322330323e-07,0.06822418421506882,0.10471173375844955,0.0865272656083107,0.0008550097118131816
radial,1,1.2167224970956643,0.007199999876320362,0.008760401979088783,1122.796142578125,1.2259839365924563e-07,0.07447036355733871,0.10098641365766525,0.083493672311306,0.0006750798202119768
radial,1,1.2401969999902778,0.007199999876320362,0.00892941839993,1122.8048095703125,7.627217257777374e-08,0.08231319487094879,0.096235491335392,0.07970127463340759,0.0005098755354993045
radial,1,1.2638889408359926,0.007199999876320362,0.009100000374019146,1122.395751953125,4.8769877025733877e-08,0.09139160066843033,0.09067123383283615,0.0753260999917984,0.00037230804446153343
radial,1,1.288194390427735,0.007199999876320362,0.009274999611079693,1121.5908203125,3.271321347142475e-08,0.10140247642993927,0.08448263257741928,0.07051347196102142,0.0002642883046064526
radial,1,1.3124999693698354,0.007199999876320362,0.009449999779462814,1120.488525390625,2.3610128963014176e-08,0.11170017719268799,0.07807762175798416,0.06557178497314453,0.00018548489606473595
radial,1,1.3368160256909,0.007199999876320362,0.00962507538497448,1119.1796875,1.8287730441102212e-08,0.12202014774084091,0.07163115590810776,0.06062563881278038,0.00012929763761349022
radial,1,1.3612519897934463,0.007199999876320362,0.009801014326512814,1117.73095703125,1.5020646060293075e-08,0.13225962221622467,0.06521562486886978,0.0557224377989769,8.950947812991217e-05
radial,1,1.38580863777962,0.007199999876320362,0.009977822192013264,1116.1947021484375,1.2955977624073967e-08,0.14234699308872223,0.058881811797618866,0.05089512839913368,6.150177796371281e-05
radial,1,1.4104866164012089,0.007199999876320362,0.010155503638088703,1114.607177734375,1.162116003428082e-08,0.1522628217935562,0.05264612287282944,0.046152062714099884,4.1847793909255415e-05
radial,1,1.4352863137092855,0.007199999876320362,0.010334061458706856,1112.9937744140625,1.0767599256666927e-08,0.16201213002204895,0.046508368104696274,0.04149017855525017,2.810288788168691e-05
radial,1,1.4602083764556382,0.007199999876320362,0.010513500310480595,1111.3741455078125,1.0305730491211307e-08,0.17160534858703613,0.04046405106782913,0.036904025822877884,1.8544977137935348e-05
radial,1,1.485253580742412,0.007199999876320362,0.010693825781345367,1109.7650146484375,1.0268203176622137e-08,0.1810508370399475,0.03450935706496239,0.032389264553785324,1.1956819434999488e-05
radial,1,1.5104224439710379,0.007199999876320362,0.010875041596591473,1108.1829833984375,1.080085088034366e-08,0.19034604728221893,0.028646958991885185,0.02794688753783703,7.473261575796641e-06
radial,1,1.5357154835429456,0.007199999876320362,0.011057151481509209,1106.647705078125,1.223867140964785e-08,0.19945916533470154,0.022897696122527122,0.02359193004667759,4.479579729377292e-06
radial,1,1.5611333462099235,0.007199999876320362,0.011240160092711449,1105.185791015625,1.532137083870566e-08,0.20828914642333984,0.017325878143310547,0.019372543320059776,2.5404212919966085e-06
radial,1,1.5866768080741167,0.007199999876320362,0.01142407301813364,1103.8367919921875,2.1622216905825553e-08,0.21659153699874878,0.012086215429008007,0.015405450016260147,1.3472786122292746e-06
radial,1,1.6123462571865983,0.007199999876320362,0.011608893051743507,1102.654052734375,3.4195455356211824e-08,0.22390027344226837,0.007473209407180548,0.011913268826901913,6.786838184780208e-07
radial,1,1.6381424696495137,0.007199999876320362,0.011794625781476498,1101.6932373046875,5.8390622115211954e-08,0.2295810878276825,0.0038874568417668343,0.009198982268571854,3.65038857808031e-07
radial,1,1.6640660922146506,0.007199999876320362,0.011981275863945484,1100.9864501953125,1.0215806156566032e-07,0.23319284617900848,0.0016076229512691498,0.007473314180970192,2.616215510897746e-07
radial,1,1.6901176422834396,0.007199999876320362,0.012168847024440765,1100.5244140625,1.7271069907565106e-07,0.2349337786436081,0.0005087004392407835,0.006641506217420101,2.4533511577828904e-07
radial,1,1.7162977666076686,0.007199999876320362,0.012357343919575214,1100.257568359375,2.6541036390881345e-07,0.23554053902626038,0.00012573196727316827,0.006351571064442396,2.3038393237584387e-07
radial,1,1.7426071119391255,0.007199999876320362,0.012546771205961704,1100.11865234375,3.5667989095600205e-07,0.23569701611995697,2.7057039915234782e-05,0.006276767235249281,1.9092276204446534e-07
radial,1,1.7690463250295985,0.007199999876320362,0.012737133540213108,1100.05029296875,4.2501983443798963e-07,0.23573073744773865,5.926724497840041e-06,0.006260620430111885,1.4900375333581906e-07
radial,1,1.7956161819812324,0.007199999876320362,0.012928436510264874,1100.016357421875,4.70376761541047e-07,0.23573800921440125,1.5503612758038798e-06,0.006257128436118364,1.2254037073944346e-07
radial,1,1.8223170708451006,0.007199999876320362,0.013120682910084724,1099.998779296875,5.01821943998948e-07,0.23573973774909973,6.228220286175201e-07,0.00625628512352705,1.0957682405887681e-07
radial,1,1.8491498970737061,0.007199999876320362,0.013313879258930683,1099.9893798828125,5.252798587207508e-07,0.23574018478393555,3.7946509223729663e-07,0.006256063003093004,1.0437631914328449e-07
radial,1,1.8761150487181213,0.007199999876320362,0.013508028350770473,1099.9842529296875,5.435864522951306e-07,0.2357402890920639,2.794652402826614e-07,0.006256002001464367,1.0313390674809852e-07
radial,1,1.9032134312308497,0.007199999876320362,0.013703136704862118,1099.9813232421875,5.584202540376282e-07,0.2357403188943863,2.2919270747934206e-07,0.006255979649722576,1.0369487313255377e-07
radial,1,1.9304455620133214,0.007199999876320362,0.013899208046495914,1099.9796142578125,5.709538868359232e-07,0.2357403188943863,1.9797910510988004e-07,0.00625596335157752,1.0494793656334878e-07
radial,1,1.9578120878173246,0.007199999876320362,0.014096247032284737,1099.978515625,5.819396164952195e-07,0.23574033379554749,1.732314274249802e-07,0.006255947984755039,1.0637348424324955e-07
radial,1,1.9853137847450044,0.007199999876320362,0.014294259250164032,1099.9779052734375,5.91902278301859e-07,0.23574033379554749,1.4970258632729383e-07,0.006255930755287409,1.0776469139273104e-07
radial,1,2.0129511701977916,0.007199999876320362,0.014493248425424099,1099.9774169921875,6.01274223299697e-07,0.23574034869670868,1.2521260828179948e-07,0.006255912594497204,1.0907227476764092e-07
radial,1,2.0407250202778315,0.007199999876320362,0.014693220146000385,1099.9771728515625,6.103466603235574e-07,0.23574034869670868,9.878598916657211e-08,0.006255893036723137,1.1030981994508693e-07
radial,1,2.0686359817369118,0.007199999876320362,0.014894179068505764,1099.9769287109375,6.192761361489829e-07,0.23574036359786987,7.06300866681886e-08,0.006255872081965208,1.114849794703332e-07
radial,1,2.096684701326821,0.007199999876320362,0.015096129849553108,1099.976806640625,6.28202485586371e-07,0.23574036359786987,4.2577902092943987e-08,0.00625584926456213,1.1260175369898207e-07
radial,1,2.1248719551497035,0.007199999876320362,0.015299078077077866,1099.9766845703125,6.372870871018677e-07,0.23574037849903107,1.8986810346177663e-08,0.00625582505017519,1.136931615519643e-07
radial,1,2.153198260606991,0.007199999876320362,0.015503027476370335,1099.9765625,6.465951400969061e-07,0.23574037849903107,4.767861216947722e-09,0.006255798973143101,1.1478670813858116e-07
radial,1,2.181664523151186,0.007199999876320362,0.015707984566688538,1099.9764404296875,6.561103305102733e-07,0.23574039340019226,4.296836775274926e-10,0.006255771033465862,1.1588668513695666e-07
radial,1,2.210271130833361,0.007199999876320362,0.0159139521420002,1099.9764404296875,6.658004281234753e-07,0.23574039340019226,4.374615114599578e-10,0.006255740765482187,1.1698916324576203e-07
radial,1,2.2390192478067346,0.007199999876320362,0.01612093858420849,1099.976318359375,6.756985158062889e-07,0.23574040830135345,4.4489661954472126e-10,0.006255708634853363,1.1810868016937093e-07
radial,1,2.2679091327720218,0.007199999876320362,0.016328945755958557,1099.976318359375,6.857903827039991e-07,0.23574040830135345,4.521101271137695e-10,0.006255673710256815,1.192514957892854e-07
radial,1,2.2969415618313684,0.007199999876320362,0.016537979245185852,1099.976318359375,6.959659799576912e-07,0.23574042320251465,4.591828306477197e-10,0.006255636923015118,1.2040304397942236e-07
radial,1,2.3261173110869198,0.007199999876320362,0.01674804463982582,1099.9761962890625,7.061143492137489e-07,0.23574042320251465,4.662031871660588e-10,0.0062555973418056965,1.2154724515767157e-07
radial,1,2.355437156640821,0.007199999876320362,0.01695914752781391,1099.9761962890625,7.162701649576775e-07,0.23574043810367584,4.73216965612977e-10,0.006255555897951126,1.2269507010387315e-07
radial,1,2.384901615894503,0.007199999876320362,0.017171291634440422,1099.9761962890625,7.264239911819459e-07,0.23574043810367584,4.802171993389948e-10,0.006255512125790119,1.2384971626033803e-07
radial,1,2.4145117236508264,0.007199999876320362,0.01738448441028595,1099.9761962890625,7.363988174802216e-07,0.23574043810367584,4.871817393947708e-10,0.006255466490983963,1.2498534829319397e-07
radial,1,2.444267997311221,0.007199999876320362,0.017598729580640793,1099.976318359375,7.460200777131831e-07,0.23574043810367584,4.939897380040748e-10,0.006255419459193945,1.2607976884737582e-07
radial,1,2.474170954277118,0.007199999876320362,0.01781403087079525,1099.976318359375,7.553231284873618e-07,0.23574043810367584,5.004952008391683e-10,0.0062553719617426395,1.2715017305708898e-07
radial,1,2.5042216293513775,0.007199999876320362,0.018030395731329918,1099.976318359375,7.643193953299487e-07,0.23574043810367584,5.066123631713992e-10,0.0062553235329687595,1.282058690321719e-07
radial,1,2.534420798636145,0.007199999876320362,0.018247829750180244,1099.976318359375,7.728499440418091e-07,0.23574043810367584,5.12277720243759e-10,0.006255275569856167,1.2922444625473872e-07
radial,1,2.564768979532851,0.007199999876320362,0.018466336652636528,1099.976318359375,7.807869906173437e-07,0.23574043810367584,5.174421446874078e-10,0.0062552280724048615,1.3019251809964771e-07
radial,1,2.595266948143641,0.007199999876320362,0.018685922026634216,1099.9764404296875,7.882107411205652e-07,0.23574043810367584,5.221015286771546e-10,0.006255181506276131,1.3113761099248222e-07
radial,1,2.6259154805706606,0.007199999876320362,0.018906591460108757,1099.9764404296875,7.950935128064884e-07,0.23574043810367584,5.262238422787391e-10,0.006255136337131262,1.3207224469624634e-07
radial,1,2.656715352916055,0.007199999876320362,0.019128350540995598,1099.9765625,8.012148668967711e-07,0.23574043810367584,5.297847160967706e-10,0.006255093030631542,1.3298173939801927e-07
radial,1,2.6876670825812554,0.007199999876320362,0.019351202994585037,1099.9765625,8.063850600592559e-07,0.23574042320251465,5.32943744691039e-10,0.0062550511211156845,1.338468393896619e-07
radial,1,2.718771704369121,0.007199999876320362,0.019575156271457672,1099.9765625,8.107512030619546e-07,0.23574042320251465,5.359903632040641e-10,0.006255011074244976,1.3470047122154938e-07
radial,1,2.7500299943817987,0.007199999876320362,0.01980021595954895,1099.9766845703125,8.14361953871412e-07,0.23574042320251465,5.391170287971647e-10,0.0062549724243581295,1.355621037646415e-07
radial,1,2.781442470020718,0.007199999876320362,0.02002638578414917,1099.9766845703125,8.171180638782971e-07,0.23574042320251465,5.424749538462947e-10,0.006254934705793858,1.3642002727465297e-07
radial,1,2.8130101660887403,0.007199999876320362,0.020253673195838928,1099.976806640625,8.190883136194316e-07,0.23574042320251465,5.462915120268974e-10,0.00625489791855216,1.3729282954955124e-07
radial,1,2.844733599987295,0.007199999876320362,0.020482081919908524,1099.9769287109375,8.207290989048488e-07,0.23574040830135345,5.521657575613403e-10,0.006254860665649176,1.3826858946686116e-07
radial,1,2.876613547818528,0.007199999876320362,0.020711617544293404,1099.9769287109375,8.225351280088944e-07,0.23574040830135345,5.619996135131089e-10,0.006254821550101042,1.3943447640940576e-07
radial,1,2.9086510443853006,0.007199999876320362,0.020942287519574165,1099.9769287109375,8.248727567661263e-07,0.23574040830135345,5.744885123171173e-10,0.006254780571907759,1.4085935617913492e-07
radial,1,2.9408466070890427,0.007199999876320362,0.021174095571041107,1099.9769287109375,8.284002319669526e-07,0.23574042320251465,5.878829645311612e-10,0.00625473540276289,1.4265735615026642e-07
radial,1,2.9732010120318995,0.007199999876320362,0.021407047286629677,1099.9769287109375,8.341090733665624e-07,0.23574042320251465,6.017406017910787e-10,0.0062546865083277225,1.4498098721560382e-07
radial,1,3.005715294016732,0.007199999876320362,0.02164115011692047,1099.976806640625,8.425690225521976e-07,0.23574042320251465,6.150661646664446e-10,0.0062546334229409695,1.4788392377340642e-07
radial,1,3.0383899704449706,0.007199999876320362,0.02187640778720379,1099.9766845703125,8.535704409950995e-07,0.23574042320251465,6.260816864944729e-10,0.00625457800924778,1.5120809848667705e-07
radial,1,3.071226076119476,0.007199999876320362,0.022112827748060226,1099.9766845703125,8.585593604948372e-07,0.23574042320251465,6.269563757044239e-10,0.006254539359360933,1.5279368881238042e-07
radial,1,3.1042243871423936,0.007199999876320362,0.022350415587425232,1099.976806640625,8.589917115386925e-07,0.23574042320251465,6.140224440009945e-10,0.006254524923861027,1.5289516852590168e-07
radial,1,3.1373854209151535,0.007199999876320362,0.022589175030589104,1099.9769287109375,8.600737828601268e-07,0.23574040830135345,5.95391125290945e-10,0.00625451747328043,1.5299588085326832e-07
radial,1,3.1707099535399013,0.007199999876320362,0.02282911166548729,1099.9771728515625,8.576725463171897e-07,0.23574040830135345,5.762069155146321e-10,0.006254509091377258,1.5238902051351033e-07
radial,1,3.204199278520213,0.007199999876320362,0.023070234805345535,1099.977294921875,8.532850301889994e-07,0.23574039340019226,5.565697902554234e-10,0.006254501175135374,1.5139143272335787e-07
radial,1,3.2378539132575197,0.007199999876320362,0.02331254817545414,1099.9775390625,8.476256994072173e-07,0.23574037849903107,5.366844746390598e-10,0.00625449325889349,1.5016922816357692e-07
radial,1,3.2716746338539653,0.007199999876320362,0.02355605736374855,1099.977783203125,8.409465408476535e-07,0.23574036359786987,5.167713479359293e-10,0.00625448627397418,1.4880427556818177e-07
radial,1,3.3056622164116964,0.007199999876320362,0.023800767958164215,1099.97802734375,8.333374239555269e-07,0.23574034869670868,4.969911704399976e-10,0.006254479754716158,1.473445223609815e-07
radial,1,3.339817695733574,0.007199999876320362,0.02404668740928173,1099.9781494140625,8.247589562415669e-07,0.23574033379554749,4.787146790086183e-10,0.006254475098103285,1.4580484730686294e-07
radial,1,3.3741418479217424,0.007199999876320362,0.024293821305036545,1099.9783935546875,8.150939834195015e-07,0.2357403188943863,4.627201122264779e-10,0.006254471372812986,1.4417680915812525e-07
radial,1,3.408635449078348,0.007199999876320362,0.024542175233364105,1099.9786376953125,8.042817967179872e-07,0.2357403188943863,4.4784603803194045e-10,0.006254469510167837,1.4245689783365378e-07
radial,1,3.4432992753055363,0.007199999876320362,0.02479175478219986,1099.9788818359375,7.923634939288604e-07,0.2357403039932251,4.3347642142421705e-10,0.00625446904450655,1.4065734887935832e-07
radial,1,3.4781341027054524,0.007199999876320362,0.025042565539479256,1099.9791259765625,7.79386937210802e-07,0.2357402890920639,4.19645540539193e-10,0.0062544699758291245,1.3878749882678676e-07
radial,1,3.513140966080957,0.007199999876320362,0.02529461495578289,1099.9793701171875,7.653812303942686e-07,0.2357402890920639,4.0638789555735855e-10,0.006254472304135561,1.368504314314123e-07
radial,1,3.548320641534196,0.007199999876320362,0.02554790861904621,1099.9796142578125,7.50391848214349e-07,0.2357402741909027,3.937387360597455e-10,0.0062544760294258595,1.3485130523349653e-07
radial,1,3.58367416386803,0.007199999876320362,0.025802453979849815,1099.9798583984375,7.344722234847723e-07,0.23574025928974152,3.853566077349768e-10,0.0062544806860387325,1.3279590405090858e-07
radial,1,3.619202050483889,0.007199999876320362,0.026058254763484,1099.97998046875,7.176734584390942e-07,0.23574025928974152,3.9763900505640493e-10,0.0062544867396354675,1.3068849114006298e-07
radial,1,3.654905336184634,0.007199999876320362,0.026315318420529366,1099.980224609375,7.000469395279652e-07,0.23574025928974152,4.277839749100565e-10,0.006254493724554777,1.2853242026267253e-07
radial,1,3.6907847970724106,0.007199999876320362,0.026573650538921356,1099.98046875,6.816428026468202e-07,0.23574024438858032,4.5903708612016203e-10,0.006254502106457949,1.2633032042685954e-07
radial,1,3.7268414679500794,0.007199999876320362,0.02683325856924057,1099.980712890625,6.625040214203182e-07,0.23574024438858032,4.901895556130853e-10,0.006254511419683695,1.2408425220655772e-07
radial,1,3.7630761249197855,0.007199999876320362,0.027094148099422455,1099.98095703125,6.426368486245337e-07,0.23574024438858032,5.209756515078823e-10,0.006254522129893303,1.217880765125301e-07
radial,1,3.79948980278439,0.007199999876320362,0.027356326580047607,1099.981201171875,6.219961505848914e-07,0.23574022948741913,5.510749079284949e-10,0.006254534237086773,1.1942276501031301e-07
radial,1,3.836083018945323,0.007199999876320362,0.027619797736406326,1099.9814453125,6.006030730532075e-07,0.23574022948741913,5.803604818943597e-10,0.006254547741264105,1.1698087831746307e-07
radial,1,3.872857066906161,0.007199999876320362,0.027884570881724358,1099.981689453125,5.785732355434448e-07,0.23574022948741913,6.087785830999337e-10,0.006254562176764011,1.1447257008967426e-07
radial,1,3.9098124640683336,0.007199999876320362,0.028150649741292,1099.98193359375,5.56070915536111e-07,0.23574022948741913,6.362123050607238e-10,0.00625457800924778,1.1191661286602539e-07
radial,1,3.9469505039354167,0.007199999876320362,0.028418043628335,1099.982177734375,5.332410637493012e-07,0.23574021458625793,6.626017512445515e-10,0.006254594773054123,1.0932662775076096e-07
radial,1,3.984271703908841,0.007199999876320362,0.028686756268143654,1099.9825439453125,5.102238560539263e-07,0.23574021458625793,6.878995706394164e-10,0.006254612002521753,1.0671500660919264e-07
radial,1,4.021777098791467,0.007199999876320362,0.02895679511129856,1099.9827880859375,4.872384238296945e-07,0.23574021458625793,7.120456446685353e-10,0.006254630163311958,1.0410185780074244e-07
radial,1,4.05946798208687,0.007199999876320362,0.029228169471025467,1099.9830322265625,4.64540590883189e-07,0.23574019968509674,7.394960199746947e-10,0.006254648324102163,1.0149670259806953e-07
radial,1,4.097344612495767,0.007199999876320362,0.02950088120996952,1099.9832763671875,4.422365122991323e-07,0.23574019968509674,7.762478437811637e-10,0.006254666484892368,9.890622720831743e-08
radial,1,4.135408283521731,0.007199999876320362,0.029774939641356468,1099.9835205078125,4.202915704354382e-07,0.23574018478393555,8.197342249438577e-10,0.006254685111343861,9.63419850563696e-08
radial,1,4.173659771266911,0.007199999876320362,0.030050350353121758,1099.98388671875,3.9877548374533944e-07,0.23574018478393555,8.638220139189912e-10,0.006254703272134066,9.382110022215784e-08
radial,1,4.2121003692348795,0.007199999876320362,0.030327122658491135,1099.984130859375,3.7781751416332554e-07,0.23574016988277435,9.064120010116028e-10,0.006254721432924271,9.13611302166828e-08
radial,1,4.250730594827069,0.007199999876320362,0.030605260282754898,1099.9844970703125,3.5753515703618177e-07,0.23574015498161316,9.475007445303163e-10,0.006254739128053188,8.897486480918815e-08
radial,1,4.289551482846339,0.007199999876320362,0.030884770676493645,1099.9847412109375,3.380154112164746e-07,0.23574014008045197,9.873054596098996e-10,0.006254756823182106,8.666631146070358e-08
radial,1,4.3285640680955515,0.007199999876320362,0.03116566129028797,1099.985107421875,3.193388238287298e-07,0.23574012517929077,1.025637796914225e-09,0.006254774052649736,8.443050347750614e-08
radial,1,4.367769385377566,0.007199999876320362,0.031447939574718475,1099.9853515625,3.015530865013716e-07,0.23574011027812958,1.061977950023163e-09,0.006254791282117367,8.224782988008883e-08
radial,1,4.407167952093813,0.007199999876320362,0.031731609255075455,1099.985595703125,2.846390714239533e-07,0.23574009537696838,1.096133517286546e-09,0.0062548089772462845,8.008679230897542e-08
radial,1,4.446761061747869,0.007199999876320362,0.032016679644584656,1099.9859619140625,2.686268771867617e-07,0.2357400804758072,1.1280090195242565e-09,0.006254826672375202,7.79106059667356e-08
radial,1,4.486549749142594,0.007199999876320362,0.032303158193826675,1099.9862060546875,2.536437762046262e-07,0.235740065574646,1.1575488345627605e-09,0.0062548452988266945,7.570181281835175e-08
radial,1,4.5265345316794185,0.007199999876320362,0.03259104862809181,1099.9864501953125,2.3980334162843064e-07,0.2357400506734848,1.1848023673266539e-09,0.006254864390939474,7.346395847207532e-08
radial,1,4.5667169615626335,0.007199999876320362,0.03288036212325096,1099.9866943359375,2.269839995960865e-07,0.2357400357723236,1.2099803381460106e-09,0.006254883948713541,7.121844447510739e-08
radial,1,4.6070980735951,0.007199999876320362,0.03317110612988472,1099.9869384765625,2.1497490365618432e-07,0.23574002087116241,1.2334313570505628e-09,0.006254903972148895,6.899702498230909e-08
radial,1,4.647677867776818,0.007199999876320362,0.03346328064799309,1099.9871826171875,2.0379349052745965e-07,0.23573999106884003,1.2556036210753518e-09,0.0062549239955842495,6.702638444266995e-08
radial,1,4.688458413713509,0.007199999876320362,0.03375690057873726,1099.9874267578125,1.9361833381026372e-07,0.23573997616767883,1.276974193054059e-09,0.006254944019019604,6.539667651850323e-08
radial,1,4.7294402288066015,0.007199999876320362,0.03405196964740753,1099.9876708984375,1.8465784989984968e-07,0.23573994636535645,1.2980037045196013e-09,0.006254963576793671,6.410341057971891e-08
radial,1,4.770624347858959,0.007199999876320362,0.0343484953045845,1099.988037109375,1.7684999420453096e-07,0.23573993146419525,1.319091613716239e-09,0.006254983600229025,6.31401846362678e-08
radial,1,4.81201180567344,0.007199999876320362,0.03464648500084877,1099.98828125,1.7001596575028088e-07,0.23573990166187286,1.3405596632765082e-09,0.006255003158003092,6.23214333472788e-08
radial,1,4.853603637052907,0.007199999876320362,0.03494594618678093,1099.988525390625,1.6433376970326208e-07,0.23573987185955048,1.3626544337341784e-09,0.006255022250115871,6.159192622590126e-08
radial,1,4.8954008768002195,0.007199999876320362,0.03524688631296158,1099.9888916015625,1.597836529754204e-07,0.2357398420572281,1.3855622205127816e-09,0.006255041807889938,6.095055482546741e-08
radial,1,4.937404042316808,0.007199999876320362,0.035549309104681015,1099.9891357421875,1.561749343181873e-07,0.2357398122549057,1.4094387879026726e-09,0.006255060900002718,6.040126976358806e-08
radial,1,4.979614685806963,0.007199999876320362,0.035853225737810135,1099.989501953125,1.5350266835412185e-07,0.2357397824525833,1.4344329057891514e-09,0.006255079992115498,5.993779694790646e-08
radial,1,5.022033842073546,0.007199999876320362,0.036158643662929535,1099.9898681640625,1.5177265311194788e-07,0.23573973774909973,1.4607091092244673e-09,0.006255099084228277,5.9556011677841525e-08
radial,1,5.064662545919418,0.007199999876320362,0.03646557033061981,1099.990234375,1.5101821304597252e-07,0.23573970794677734,1.488450251940776e-09,0.006255118176341057,5.926051827032097e-08
radial,1,5.107501314746009,0.007199999876320362,0.036774009466171265,1099.9906005859375,1.5126144603527791e-07,0.23573966324329376,1.5178651668890097e-09,0.0062551372684538364,5.9049504841368616e-08
radial,1,5.1505522181590395,0.007199999876320362,0.03708397597074509,1099.990966796875,1.525737900465174e-07,0.23573961853981018,1.5491683491575259e-09,0.006255156826227903,5.8925671453380346e-08
radial,1,5.193814738757081,0.007199999876320362,0.03739546611905098,1099.9913330078125,1.5505814587868372e-07,0.2357395738363266,1.5825897259347244e-09,0.00625517638400197,5.8899612298546344e-08
radial,1,5.237291463547283,0.007199999876320362,0.037708498537540436,1099.99169921875,1.5883684056916536e-07,0.23573952913284302,1.6183137052649954e-09,0.00625519547611475,5.898996846553928e-08
radial,1,5.280982909931077,0.007199999876320362,0.038023076951503754,1099.9921875,1.6403058111791324e-07,0.23573946952819824,1.6564466465140981e-09,0.0062552145682275295,5.920299983586119e-08
radial,1,5.324889595309894,0.007199999876320362,0.03833920508623123,1099.99267578125,1.7076897051993e-07,0.23573942482471466,1.6988717099764017e-09,0.006255233660340309,5.954509774142025e-08
radial,1,5.369013071888023,0.007199999876320362,0.038656894117593765,1099.9930419921875,1.7917724903782073e-07,0.23573936522006989,1.7467600699205832e-09,0.006255251821130514,6.002409946859188e-08
radial,1,5.413354891869757,0.007199999876320362,0.03897615522146225,1099.9935302734375,1.8936501078314905e-07,0.2357393056154251,1.800682158936695e-09,0.006255269516259432,6.063815050083576e-08
radial,1,5.4579150552550955,0.007199999876320362,0.039296988397836685,1099.9940185546875,2.0167196623788186e-07,0.23573923110961914,1.859782661206566e-09,0.006255286280065775,6.138716912573727e-08
radial,1,5.502695114248329,0.007199999876320362,0.03961940482258797,1099.99462890625,2.163552039746719e-07,0.23573917150497437,1.9212815782765347e-09,0.006255302112549543,6.22724485310755e-08
radial,1,5.547696621053749,0.007199999876320362,0.03994341567158699,1099.9951171875,2.3346417776792805e-07,0.2357390969991684,1.984053588088841e-09,0.006255316082388163,6.330871826776274e-08
radial,1,5.592920093072785,0.007199999876320362,0.040269024670124054,1099.99560546875,2.532355551920773e-07,0.23573903739452362,2.04690686622655e-09,0.006255327258259058,6.452180656424389e-08
radial,1,5.638367082509729,0.007199999876320362,0.04059624299407005,1099.9962158203125,2.767575040252268e-07,0.23573896288871765,2.1079875622831423e-09,0.006255334708839655,6.612739866795891e-08
radial,1,5.684038106766012,0.007199999876320362,0.040925074368715286,1099.996826171875,3.0529864147865737e-07,0.23573888838291168,2.165611023841052e-09,0.006255337968468666,6.847435685131131e-08
radial,1,5.729934718045923,0.007199999876320362,0.04125552996993065,1099.997314453125,3.3876668226184847e-07,0.2357388138771057,2.2183208603365756e-09,0.006255335174500942,7.150256919885578e-08
radial,1,5.776057951152325,0.007199999876320362,0.04158761724829674,1099.9979248046875,3.7780048955937673e-07,0.23573873937129974,2.2640112007366042e-09,0.0062553249299526215,7.556059244961943e-08
radial,1,5.822408840888077,0.007199999876320362,0.04192134365439415,1099.99853515625,4.229239607411728e-07,0.23573867976665497,2.301259627301988e-09,0.006255305837839842,8.082798785835621e-08
radial,1,5.86898842205604,0.007199999876320362,0.04225671663880348,1099.9990234375,4.735142056233599e-07,0.235738605260849,2.3284745243046245e-09,0.006255276035517454,8.69089049615468e-08
radial,1,5.915798246860504,0.007199999876320362,0.04259374737739563,1099.9996337890625,5.295349296829954e-07,0.23573854565620422,2.3428334827713115e-09,0.0062552327290177345,9.381414400877475e-08
radial,1,5.962838832702902,0.007199999876320362,0.04293243959546089,1100.0001220703125,5.912010010433733e-07,0.23573850095272064,2.3405553051247807e-09,0.006255174521356821,1.0159737939829938e-07
radial,1,6.000000155634351,0.007199999876320362,0.04320000112056732,1100.00048828125,6.441862296924228e-07,0.23573847115039825,2.3216948363824486e-09,0.006255115382373333,1.0846325437796622e-07
radial,2,-6.000000155634351,0.014399999752640724,-0.04320000112056732,1099.9945068359375,6.954522291380272e-08,0.23573948442935944,5.605824782151103e-08,0.006256315857172012,3.966871986449405e-08
radial,2,-5.962838832702902,0.014399999752640724,-0.04293243959546089,1099.99462890625,7.245822786217104e-08,0.23573946952819824,6.151812925736522e-08,0.006256324704736471,4.228516914395186e-08
radial,2,-5.915798246860504,0.014399999752640724,-0.04259374737739563,1099.99462890625,7.699961201979022e-08,0.23573945462703705,6.909459671078366e-08,0.0062563358806073666,4.5427185568769346e-08
radial,2,-5.86898842205604,0.014399999752640724,-0.04225671663880348,1099.9947509765625,8.458035694047794e-08,0.23573942482471466,7.888262132382806e-08,0.0062563479878008366,4.840565281938325e-08
radial,2,-5.822408840888077,0.014399999752640724,-0.04192134365439415,1099.994873046875,9.553329505251895e-08,0.23573940992355347,9.123181143877446e-08,0.006256361026316881,5.1235808484761947e-08
radial,2,-5.776057951152325,0.014399999752640724,-0.04158761724829674,1099.994873046875,1.0754961010661646e-07,0.23573939502239227,1.0488136581443541e-07,0.006256374530494213,5.3928946641690345e-08
radial,2,-5.729934718045923,0.014399999752640724,-0.04125552996993065,1099.9949951171875,1.1920866427317378e-07,0.23573939502239227,1.1996557702786959e-07,0.00625638896599412,5.650870704698718e-08
radial,2,-5.684038106766012,0.014399999752640724,-0.040925074368715286,1099.9949951171875,1.3067248971765366e-07,0.23573938012123108,1.3662183562246355e-07,0.006256404332816601,5.8992934981461076e-08
radial,2,-5.638367082509729,0.014399999752640724,-0.04059624299407005,1099.9949951171875,1.4191941488661541e-07,0.23573936522006989,1.545447361195329e-07,0.006256421096622944,6.136970398529229e-08
radial,2,-5.592920093072785,0.014399999752640724,-0.040269024670124054,1099.9951171875,1.5281163712188572e-07,0.2357393503189087,1.7313357147941133e-07,0.006256437860429287,6.361194948567572e-08
radial,2,-5.547696621053749,0.014399999752640724,-0.03994341567158699,1099.9951171875,1.6321196483204403e-07,0.2357393354177475,1.9173756982127088e-07,0.00625645462423563,6.570012800466429e-08
radial,2,-5.502695114248329,0.014399999752640724,-0.03961940482258797,1099.9951171875,1.7301839250194462e-07,0.2357393205165863,2.09743461709877e-07,0.006256471388041973,6.762387982917062e-08
radial,2,-5.4579150552550955,0.014399999752640724,-0.039296988397836685,1099.9952392578125,1.8219179764855653e-07,0.2357393205165863,2.2670545263281383e-07,0.006256486754864454,6.938945773526939e-08
radial,2,-5.413354891869757,0.014399999752640724,-0.03897615522146225,1099.9952392578125,1.9075609714036545e-07,0.2357393056154251,2.4238312335000955e-07,0.006256501190364361,7.101227339489924e-08
radial,2,-5.369013071888023,0.014399999752640724,-0.038656894117593765,1099.9952392578125,1.9878429213804338e-07,0.2357393056154251,2.5676166615085094e-07,0.006256514228880405,7.251486522363848e-08
radial,2,-5.324889595309894,0.014399999752640724,-0.03833920508623123,1099.9952392578125,2.0633780195566942e-07,0.2357393056154251,2.7022954895983275e-07,0.006256526336073875,7.391361833697374e-08
radial,2,-5.280982909931077,0.014399999752640724,-0.038023076951503754,1099.9952392578125,2.1347487688672118e-07,0.23573929071426392,2.8280524588808476e-07,0.006256537511944771,7.522098144363554e-08
radial,2,-5.237291463547283,0.014399999752640724,-0.037708498537540436,1099.9952392578125,2.2023625945166714e-07,0.23573929071426392,2.9413664037747367e-07,0.006256547290831804,7.64439533895711e-08
radial,2,-5.193814738757081,0.014399999752640724,-0.03739546611905098,1099.9952392578125,2.266435359388197e-07,0.23573929071426392,3.0427304409386124e-07,0.006256556138396263,7.75847368572613e-08
radial,2,-5.1505522181590395,0.014399999752640724,-0.03708397597074509,1099.9952392578125,2.3269733162578632e-07,0.23573929071426392,3.1329997796092357e-07,0.006256564054638147,7.864195339379876e-08
radial,2,-5.107501314746009,0.014399999752640724,-0.036774009466171265,1099.9952392578125,2.3838825313760026e-07,0.23573927581310272,3.212877857095009e-07,0.006256571505218744,7.961273951195835e-08
radial,2,-5.064662545919418,0.014399999752640724,-0.03646557033061981,1099.9952392578125,2.437159878354578e-07,0.23573927581310272,3.2831036378411227e-07,0.006256577558815479,8.049570965340536e-08
radial,2,-5.022033842073546,0.014399999752640724,-0.036158643662929535,1099.9952392578125,2.486746666363615e-07,0.23573927581310272,3.3440900892856007e-07,0.006256583146750927,8.128861850309477e-08
radial,2,-4.979614685806963,0.014399999752640724,-0.035853225737810135,1099.9952392578125,2.5329626396342064e-07,0.23573927581310272,3.3967779700105893e-07,0.006256588269025087,8.199614143222789e-08
radial,2,-4.937404042316808,0.014399999752640724,-0.035549309104681015,1099.9952392578125,2.5762477662283345e-07,0.23573927581310272,3.442016236476775e-07,0.006256592459976673,8.262365724931442e-08
radial,2,-4.8954008768002195,0.014399999752640724,-0.03524688631296158,1099.9952392578125,2.616963570289954e-07,0.23573927581310272,3.4815676031030307e-07,0.006256596185266972,8.317708477534325e-08
radial,2,-4.853603637052907,0.014399999752640724,-0.03494594618678093,1099.9952392578125,2.655481807778415e-07,0.23573927581310272,3.5177814083908743e-07,0.00625659991055727,8.36595859254885e-08
radial,2,-4.81201180567344,0.014399999752640724,-0.03464648500084877,1099.9952392578125,2.691995462100749e-07,0.23573927581310272,3.5509913232090184e-07,0.006256602704524994,8.407133833543412e-08
radial,2,-4.770624347858959,0.014399999752640724,-0.0343484953045845,1099.9952392578125,2.7264246682534576e-07,0.23573927581310272,3.580126985980314e-07,0.006256605498492718,8.440928667141634e-08
radial,2,-4.7294402288066015,0.014399999752640724,-0.03405196964740753,1099.9952392578125,2.7590058948590013e-07,0.23573927581310272,3.6053174312655756e-07,0.006256607826799154,8.467490886232554e-08
radial,2,-4.688458413713509,0.014399999752640724,-0.03375690057873726,1099.9951171875,2.7898826715500036e-07,0.23573927581310272,3.6272629699851677e-07,0.0062566096894443035,8.486947677965873e-08
radial,2,-4.647677867776818,0.014399999752640724,-0.03346328064799309,1099.9951171875,2.8188867418066366e-07,0.23573929071426392,3.6465010566644196e-07,0.006256611552089453,8.498971482140405e-08
radial,2,-4.6070980735951,0.014399999752640724,-0.03317110612988472,1099.9951171875,2.8462181944632903e-07,0.23573929071426392,3.664073062736861e-07,0.006256613414734602,8.503778303747822e-08
radial,2,-4.5667169615626335,0.014399999752640724,-0.03288036212325096,1099.9951171875,2.872086781735561e-07,0.23573929071426392,3.6809305470342224e-07,0.006256615277379751,8.501721993070532e-08
radial,2,-4.5265345316794185,0.014399999752640724,-0.03259104862809181,1099.9951171875,2.8963154363736976e-07,0.23573929071426392,3.6977317563469114e-07,0.0062566171400249004,8.492440173313298e-08
radial,2,-4.486549749142594,0.014399999752640724,-0.032303158193826675,1099.9951171875,2.919167911841214e-07,0.23573929071426392,3.715485945576802e-07,0.00625661900267005,8.47640038159625e-08
radial,2,-4.446761061747869,0.014399999752640724,-0.032016679644584656,1099.9951171875,2.9402650625343085e-07,0.23573929071426392,3.7348200976339285e-07,0.006256620865315199,8.452984445739276e-08
radial,2,-4.407167952093813,0.014399999752640724,-0.031731609255075455,1099.9951171875,2.9592976602543786e-07,0.23573929071426392,3.7564035437753773e-07,0.006256622727960348,8.421605457442638e-08
radial,2,-4.367769385377566,0.014399999752640724,-0.031447939574718475,1099.9951171875,2.975980635255837e-07,0.23573929071426392,3.7806833574904886e-07,0.006256625056266785,8.381856986261482e-08
radial,2,-4.3285640680955515,0.014399999752640724,-0.03116566129028797,1099.9952392578125,2.9897208264628716e-07,0.23573929071426392,3.8077234876254806e-07,0.006256627384573221,8.332816747724792e-08
radial,2,-4.289551482846339,0.014399999752640724,-0.030884770676493645,1099.9952392578125,3.000465085278847e-07,0.23573929071426392,3.837856468180689e-07,0.006256629712879658,8.274528795482183e-08
radial,2,-4.250730594827069,0.014399999752640724,-0.030605260282754898,1099.9952392578125,3.007956479450513e-07,0.23573929071426392,3.8710300032107625e-07,0.006256632041186094,8.206952628597719e-08
radial,2,-4.2121003692348795,0.014399999752640724,-0.030327122658491135,1099.9952392578125,3.0118511062937614e-07,0.23573929071426392,3.9068899582161976e-07,0.006256634369492531,8.13016001188771e-08
radial,2,-4.173659771266911,0.014399999752640724,-0.030050350353121758,1099.9952392578125,3.011781473105657e-07,0.23573929071426392,3.944675199818448e-07,0.006256636697798967,8.044147392638479e-08
radial,2,-4.135408283521731,0.014399999752640724,-0.029774939641356468,1099.995361328125,3.007362749940512e-07,0.2357393056154251,3.982984253525501e-07,0.006256639026105404,7.948833768978147e-08
radial,2,-4.097344612495767,0.014399999752640724,-0.02950088120996952,1099.995361328125,2.9977965709804266e-07,0.2357393056154251,4.0197232920036186e-07,0.006256640423089266,7.843382121563991e-08
radial,2,-4.05946798208687,0.014399999752640724,-0.029228169471025467,1099.995361328125,2.982455100664083e-07,0.2357393056154251,4.052440658597334e-07,0.0062566413544118404,7.727042117267047e-08
radial,2,-4.021777098791467,0.014399999752640724,-0.02895679511129856,1099.995361328125,2.9608924023705185e-07,0.2357393205165863,4.0784314592201554e-07,0.006256640888750553,7.599309981287661e-08
radial,2,-3.984271703908841,0.014399999752640724,-0.028686756268143654,1099.995361328125,2.93239907023235e-07,0.2357393205165863,4.094778205399052e-07,0.0062566399574279785,7.459289008693304e-08
radial,2,-3.9469505039354167,0.014399999752640724,-0.028418043628335,1099.9954833984375,2.896730677548476e-07,0.2357393354177475,4.0989795024870546e-07,0.006256637163460255,7.306614691060531e-08
radial,2,-3.9098124640683336,0.014399999752640724,-0.028150649741292,1099.9954833984375,2.854514491446025e-07,0.2357393503189087,4.0896190967032453e-07,0.006256632972508669,7.142251945424505e-08
radial,2,-3.872857066906161,0.014399999752640724,-0.027884570881724358,1099.9954833984375,2.807113332892186e-07,0.23573936522006989,4.0666503764441586e-07,0.006256626918911934,6.968517141103803e-08
radial,2,-3.836083018945323,0.014399999752640724,-0.027619797736406326,1099.9954833984375,2.756035826223524e-07,0.23573938012123108,4.0311155657946074e-07,0.006256619933992624,6.787899309301793e-08
radial,2,-3.79948980278439,0.014399999752640724,-0.027356326580047607,1099.9954833984375,2.702521157971205e-07,0.23573939502239227,3.9850289113019244e-07,0.00625661201775074,6.602653712661777e-08
radial,2,-3.7630761249197855,0.014399999752640724,-0.027094148099422455,1099.9954833984375,2.646583538989944e-07,0.23573940992355347,3.930768741611246e-07,0.006256602704524994,6.413640818436761e-08
radial,2,-3.7268414679500794,0.014399999752640724,-0.02683325856924057,1099.995361328125,2.5865728048302117e-07,0.23573942482471466,3.870632383495831e-07,0.006256592459976673,6.220130188694384e-08
radial,2,-3.6907847970724106,0.014399999752640724,-0.026573650538921356,1099.995361328125,2.5198531261594326e-07,0.23573943972587585,3.8061185136939457e-07,0.006256581749767065,6.020330545197794e-08
radial,2,-3.654905336184634,0.014399999752640724,-0.026315318420529366,1099.995361328125,2.4442707058369706e-07,0.23573946952819824,3.7368533867265796e-07,0.006256570108234882,5.812522374526452e-08
radial,2,-3.619202050483889,0.014399999752640724,-0.026058254763484,1099.995361328125,2.3546805039131868e-07,0.23573948442935944,3.659972946934431e-07,0.006256557069718838,5.5910621910015834e-08
radial,2,-3.58367416386803,0.014399999752640724,-0.025802453979849815,1099.995361328125,2.2386916498362552e-07,0.23573951423168182,3.5666752751239983e-07,0.006256541237235069,5.33984483297445e-08
radial,2,-3.548320641534196,0.014399999752640724,-0.02554790861904621,1099.995361328125,2.106148713210132e-07,0.2357395440340042,3.461763355971925e-07,0.006256524007767439,5.0724715094929707e-08
radial,2,-3.513140966080957,0.014399999752640724,-0.02529461495578289,1099.995361328125,1.9628616598765802e-07,0.2357395589351654,3.3562133694431395e-07,0.006256506312638521,4.795453278916284e-08
radial,2,-3.4781341027054524,0.014399999752640724,-0.025042565539479256,1099.995361328125,1.7982972622121451e-07,0.2357395887374878,3.233693917081837e-07,0.006256486289203167,4.492815719459031e-08
radial,2,-3.4432992753055363,0.014399999752640724,-0.02479175478219986,1099.995361328125,1.6063061991644645e-07,0.23573963344097137,3.089607503170555e-07,0.006256463471800089,4.157368849178056e-08
radial,2,-3.408635449078348,0.014399999752640724,-0.024542175233364105,1099.9954833984375,1.4117406976765778e-07,0.23573966324329376,2.9454091077241173e-07,0.0062564401887357235,3.817791238702739e-08
radial,2,-3.3741418479217424,0.014399999752640724,-0.024293821305036545,1099.99560546875,1.2422393069755344e-07,0.23573967814445496,2.8202441626490327e-07,0.006256419699639082,3.5118887353746686e-08
radial,2,-3.339817695733574,0.014399999752640724,-0.02404668740928173,1099.99560546875,1.099223183587128e-07,0.23573970794677734,2.7174820615982753e-07,0.006256402004510164,3.232787904039469e-08
radial,2,-3.3056622164116964,0.014399999752640724,-0.023800767958164215,1099.9957275390625,9.944281487150874e-08,0.23573973774909973,2.629358846206742e-07,0.006256386172026396,2.973003354611592e-08
radial,2,-3.2716746338539653,0.014399999752640724,-0.02355605736374855,1099.9957275390625,9.188512706259644e-08,0.23573975265026093,2.552769728936255e-07,0.0062563722021877766,2.731133896816118e-08
radial,2,-3.2378539132575197,0.014399999752640724,-0.02331254817545414,1099.995849609375,8.676899199144827e-08,0.23573976755142212,2.486414700797468e-07,0.006256359629333019,2.5044458951128945e-08
radial,2,-3.204199278520213,0.014399999752640724,-0.023070234805345535,1099.995849609375,8.391999983814458e-08,0.2357397973537445,2.429695769023965e-07,0.006256348453462124,2.2907027386054324e-08
radial,2,-3.1707099535399013,0.014399999752640724,-0.02282911166548729,1099.9959716796875,8.16698673133942e-08,0.2357398122549057,2.3822808259410522e-07,0.00625633867457509,2.088674477818131e-08
radial,2,-3.1373854209151535,0.014399999752640724,-0.022589175030589104,1099.99609375,7.951889102741916e-08,0.2357398271560669,2.3437429774730845e-07,0.0062563298270106316,1.89747968448728e-08
radial,2,-3.1042243871423936,0.014399999752640724,-0.022350415587425232,1099.99609375,7.744870345050003e-08,0.2357398420572281,2.3132815840654075e-07,0.006256321910768747,1.7162234300371892e-08
radial,2,-3.071226076119476,0.014399999752640724,-0.022112827748060226,1099.9962158203125,7.544500846279334e-08,0.2357398420572281,2.2902011664882593e-07,0.00625631446018815,1.544354688576277e-08
radial,2,-3.0383899704449706,0.014399999752640724,-0.02187640778720379,1099.9962158203125,7.35002601004453e-08,0.23573985695838928,2.2740134397736256e-07,0.006256307940930128,1.3813188814992827e-08
radial,2,-3.005715294016732,0.014399999752640724,-0.02164115011692047,1099.996337890625,7.160792847571429e-08,0.23573987185955048,2.2642646513304499e-07,0.006256301887333393,1.2352202816146018e-08
radial,2,-2.9732010120318995,0.014399999752640724,-0.021407047286629677,1099.9964599609375,6.97614268574398e-08,0.23573988676071167,2.2605766503147606e-07,0.006256296299397945,1.1193302285050777e-08
radial,2,-2.9408466070890427,0.014399999752640724,-0.021174095571041107,1099.9964599609375,6.79553835425395e-08,0.23573988676071167,2.2625995654834696e-07,0.006256291642785072,1.0240448489184928e-08
radial,2,-2.9086510443853006,0.014399999752640724,-0.020942287519574165,1099.99658203125,6.618592607310347e-08,0.23573990166187286,2.2700734803038358e-07,0.0062562874518334866,9.340819673298029e-09
radial,2,-2.876613547818528,0.014399999752640724,-0.020711617544293404,1099.9967041015625,6.445354472361942e-08,0.23573990166187286,2.2826537815490155e-07,0.006256283260881901,8.48490344651509e-09
radial,2,-2.844733599987295,0.014399999752640724,-0.020482081919908524,1099.9967041015625,6.275852371118162e-08,0.23573991656303406,2.2998004567398311e-07,0.00625628000125289,7.754083597433237e-09
radial,2,-2.8130101660887403,0.014399999752640724,-0.020253673195838928,1099.996826171875,6.110462891228963e-08,0.23573991656303406,2.3210009203467052e-07,0.006256277207285166,7.241236943400509e-09
radial,2,-2.781442470020718,0.014399999752640724,-0.02002638578414917,1099.9969482421875,5.9495384618912794e-08,0.23573993146419525,2.346591827517841e-07,0.006256274413317442,6.939917085446723e-09
radial,2,-2.7500299943817987,0.014399999752640724,-0.01980021595954895,1099.9969482421875,5.7932364683210835e-08,0.23573993146419525,2.3769059964706685e-07,0.006256272085011005,6.7399503755893875e-09
radial,2,-2.718771704369121,0.014399999752640724,-0.019575156271457672,1099.9970703125,5.6437347240034796e-08,0.23573994636535645,2.4115274754876737e-07,0.0062562706880271435,6.55074128275146e-09
radial,2,-2.6876670825812554,0.014399999752640724,-0.019351202994585037,1099.9971923828125,5.508097444817395e-08,0.23573994636535645,2.4502401174686383e-07,0.0062562692910432816,6.372702809898101e-09
radial,2,-2.656715352916055,0.014399999752640724,-0.019128350540995598,1099.997314453125,5.3902056151855504e-08,0.23573994636535645,2.493030137884489e-07,0.006256268359720707,6.20713924703864e-09
radial,2,-2.6259154805706606,0.014399999752640724,-0.018906591460108757,1099.9974365234375,5.28392511967013e-08,0.23573996126651764,2.5397903868906724e-07,0.00625626789405942,6.056551704602953e-09
radial,2,-2.595266948143641,0.014399999752640724,-0.018685922026634216,1099.9974365234375,5.184084272968903e-08,0.23573996126651764,2.590438725746935e-07,0.006256267428398132,5.922775603295349e-09
radial,2,-2.564768979532851,0.014399999752640724,-0.018466336652636528,1099.99755859375,5.0911342697190776e-08,0.23573996126651764,2.6448060452821665e-07,0.006256267428398132,5.807828884485389e-09
radial,2,-2.534420798636145,0.014399999752640724,-0.018247829750180244,1099.9976806640625,5.006371495142048e-08,0.23573997616767883,2.7025535587199556e-07,0.00625626789405942,5.7139364351144195e-09
radial,2,-2.5042216293513775,0.014399999752640724,-0.018030395731329918,1099.997802734375,4.930957331339414e-08,0.23573997616767883,2.763478619272064e-07,0.006256268825381994,5.643149947331949e-09
radial,2,-2.474170954277118,0.014399999752640724,-0.01781403087079525,1099.9979248046875,4.8658698403869494e-08,0.23573997616767883,2.8275215413486876e-07,0.006256269756704569,5.59726798243787e-09
radial,2,-2.444267997311221,0.014399999752640724,-0.017598729580640793,1099.998046875,4.8120352147407175e-08,0.23573997616767883,2.894514352647093e-07,0.006256271153688431,5.577741379880763e-09
radial,2,-2.4145117236508264,0.014399999752640724,-0.01738448441028595,1099.9981689453125,4.770022599132062e-08,0.23573999106884003,2.9646531629623496e-07,0.00625627301633358,5.585465867596895e-09
radial,2,-2.384901615894503,0.014399999752640724,-0.017171291634440422,1099.9984130859375,4.74023309493532e-08,0.23573999106884003,3.0394727446036995e-07,0.006256274878978729,5.621179965942247e-09
radial,2,-2.355437156640821,0.014399999752640724,-0.01695914752781391,1099.99853515625,4.723020907704267e-08,0.23573999106884003,3.121609495337907e-07,0.00625627813860774,5.687642801177617e-09
radial,2,-2.3261173110869198,0.014399999752640724,-0.01674804463982582,1099.9989013671875,4.7181831774878447e-08,0.23573999106884003,3.2186565590563987e-07,0.006256282329559326,5.788599821698881e-09
radial,2,-2.2969415618313684,0.014399999752640724,-0.016537979245185852,1099.999267578125,4.7253010393433215e-08,0.23573999106884003,3.348478401221655e-07,0.0062562888488173485,5.9286335840624815e-09
radial,2,-2.2679091327720218,0.014399999752640724,-0.016328945755958557,1100.0,4.7438447836611886e-08,0.23573997616767883,3.5431577316558105e-07,0.0062562995590269566,6.115286943497722e-09
radial,2,-2.2390192478067346,0.014399999752640724,-0.01612093858420849,1100.0009765625,4.7728249796819e-08,0.23573993146419525,3.8684248693243717e-07,0.00625632144510746,6.359801130173537e-09
radial,2,-2.210271130833361,0.014399999752640724,-0.0159139521420002,1100.002685546875,4.810381071251868e-08,0.2357398420572281,4.4679569555228227e-07,0.00625636475160718,6.680975328521299e-09
radial,2,-2.181664523151186,0.014399999752640724,-0.015707984566688538,1100.0052490234375,4.85334439304097e-08,0.23573966324329376,5.65366065075068e-07,0.006256453227251768,7.116995881517596e-09
radial,2,-2.153198260606991,0.014399999752640724,-0.015503027476370335,1100.0093994140625,4.8948276543114844e-08,0.23573929071426392,8.130041351250838e-07,0.0062566399574279785,7.725445172468426e-09
radial,2,-2.1248719551497035,0.014399999752640724,-0.015299078077077866,1100.01611328125,4.921770013766036e-08,0.23573847115039825,1.3506997902368312e-06,0.006257044617086649,8.585957722573312e-09
radial,2,-2.096684701326821,0.014399999752640724,-0.015096129849553108,1100.0272216796875,4.913053786026467e-08,0.23573659360408783,2.553963895479683e-06,0.006257953122258186,9.820062984999822e-09
radial,2,-2.0686359817369118,0.014399999752640724,-0.014894179068505764,1100.04541015625,4.8351704862170664e-08,0.2357320785522461,5.4115157581691165e-06,0.006260114721953869,1.1622999451788019e-08
radial,2,-2.0407250202778315,0.014399999752640724,-0.014693220146000385,1100.0767822265625,4.6342066184479336e-08,0.23572006821632385,1.3000404578633606e-05,0.006265857256948948,1.4304071704884791e-08
radial,2,-2.0129511701977916,0.014399999752640724,-0.014493248425424099,1100.1326904296875,4.2323193838456064e-08,0.23568330705165863,3.621978612500243e-05,0.006283428519964218,1.9751903224118905e-08
radial,2,-1.9853137847450044,0.014399999752640724,-0.014294259250164032,1100.2333984375,3.5788740859743484e-08,0.2355615198612213,0.00011311590060358867,0.006341622676700354,2.9871056739239066e-08
radial,2,-1.9578120878173246,0.014399999752640724,-0.014096247032284737,1100.409423828125,2.7579154959767038e-08,0.23518094420433044,0.0003533897688612342,0.006523464806377888,4.0885399954504464e-08
radial,2,-1.9304455620133214,0.014399999752640724,-0.013899208046495914,1100.695556640625,1.9627174552283577e-08,0.2341923862695694,0.000977469957433641,0.006995788309723139,4.860895685965261e-08
radial,2,-1.9032134312308497,0.014399999752640724,-0.013703136704862118,1101.119873046875,1.329071253053371e-08,0.2321825623512268,0.0022462476044893265,0.007956058718264103,5.707676820065899e-08
radial,2,-1.8761150487181213,0.014399999752640724,-0.013508028350770473,1101.6923828125,8.756815716992605e-09,0.22895053029060364,0.004286568146198988,0.0095002930611372,7.59048006671037e-08
radial,2,-1.8491498970737061,0.014399999752640724,-0.013313879258930683,1102.40185546875,5.6707798457011904e-09,0.2246319055557251,0.007012784015387297,0.011563682928681374,1.1604225846895133e-07
radial,2,-1.8223170708451006,0.014399999752640724,-0.013120682910084724,1103.2225341796875,3.5958220845344613e-09,0.21954436600208282,0.010224360972642899,0.013994460925459862,1.881393387748176e-07
radial,2,-1.7956161819812324,0.014399999752640724,-0.012928436510264874,1104.1258544921875,2.175554181249595e-09,0.21398741006851196,0.013732214458286762,0.016649531200528145,3.028007711236569e-07
radial,2,-1.7690463250295985,0.014399999752640724,-0.012737133540213108,1105.088134765625,1.1918011022515884e-09,0.2081635445356369,0.01740848645567894,0.01943214051425457,4.727478710719879e-07
radial,2,-1.7426071119391255,0.014399999752640724,-0.012546771205961704,1106.0924072265625,5.061560059971271e-10,0.20218706130981445,0.021181022748351097,0.02228769287467003,7.146945222302747e-07
radial,2,-1.7162977666076686,0.014399999752640724,-0.012357343919575214,1107.1279296875,1.2072751132130577e-10,0.19611571729183197,0.025013333186507225,0.02518860250711441,1.0507145589144784e-06
radial,2,-1.6901176422834396,0.014399999752640724,-0.012168847024440765,1108.1876220703125,1.1221934839711345e-11,0.1899765282869339,0.028888316825032234,0.028121959418058395,1.5097162986421608e-06
radial,2,-1.6640660922146506,0.014399999752640724,-0.011981275863945484,1109.2669677734375,5.465153937039835e-12,0.18378108739852905,0.03279862180352211,0.031082244589924812,2.1293310510372976e-06
radial,2,-1.6381424696495137,0.014399999752640724,-0.011794625781476498,1110.3626708984375,5.724525454359197e-12,0.1775336116552353,0.03674151375889778,0.03406745567917824,2.9583563900814625e-06
radial,2,-1.6123462571865983,0.014399999752640724,-0.011608893051743507,1111.471923828125,6.606805380560132e-12,0.17123521864414215,0.04071621596813202,0.03707707300782204,4.059814727952471e-06
radial,2,-1.5866768080741167,0.014399999752640724,-0.01142407301813364,1112.59228515625,8.468226120328382e-12,0.16488593816757202,0.044722601771354675,0.040111102163791656,5.514934400707716e-06
radial,2,-1.5611333462099235,0.014399999752640724,-0.011240160092711449,1113.7213134765625,1.200397420353383e-11,0.15848566591739655,0.04876063019037247,0.04316964000463486,7.4283534559071995e-06
radial,2,-1.5357154835429456,0.014399999752640724,-0.011057151481509209,1114.8563232421875,8.93885729325028e-11,0.15203458070755005,0.052830006927251816,0.04625262692570686,9.934859917848371e-06
radial,2,-1.5104224439710379,0.014399999752640724,-0.010875041596591473,1115.9947509765625,9.133133693772777e-10,0.1455337405204773,0.05692985653877258,0.04935960844159126,1.3207986739871558e-05
radial,2,-1.485253580742412,0.014399999752640724,-0.010693825781345367,1117.1331787109375,3.8742986596673745e-09,0.13898560404777527,0.06105836480855942,0.05248948559165001,1.7470822058385238e-05
radial,2,-1.4602083764556382,0.014399999752640724,-0.010513500310480595,1118.2679443359375,9.40067579335846e-09,0.13239483535289764,0.06521223485469818,0.05564010515809059,2.300932101206854e-05
radial,2,-1.4352863137092855,0.014399999752640724,-0.010334061458706856,1119.394775390625,1.7655052531040383e-08,0.12576986849308014,0.06938571482896805,0.05880754813551903,3.018789539055433e-05
radial,2,-1.4104866164012089,0.014399999752640724,-0.010155503638088703,1120.50830078125,2.9939712931081885e-08,0.11912495642900467,0.07356925308704376,0.06198514997959137,3.946630749851465e-05
radial,2,-1.38580863777962,0.014399999752640724,-0.009977822192013264,1121.602294921875,4.8172509536925645e-08,0.1124822199344635,0.07774819433689117,0.06516251713037491,5.141532528796233e-05
radial,2,-1.3612519897934463,0.014399999752640724,-0.009801014326512814,1122.6700439453125,7.515397726365336e-08,0.10587380826473236,0.0819014236330986,0.0683244988322258,6.672625022474676e-05
radial,2,-1.3368160256909,0.014399999752640724,-0.00962507538497448,1123.7041015625,1.1500112151452413e-07,0.09934604912996292,0.08599873632192612,0.07144922018051147,8.619939762866125e-05
radial,2,-1.3124999693698354,0.014399999752640724,-0.009449999779462814,1124.6976318359375,1.7370550153827935e-07,0.09296727925539017,0.08999598771333694,0.0745043084025383,0.00011067518062191084
radial,2,-1.288194390427735,0.014399999752640724,-0.009274999611079693,1125.6495361328125,2.600840787181369e-07,0.08680813759565353,0.09384758770465851,0.07745632529258728,0.00014101513079367578
radial,2,-1.2638889408359926,0.014399999752640724,-0.009100000374019146,1126.5599365234375,3.8583755213039694e-07,0.08099483698606491,0.0974733829498291,0.08024515956640244,0.00017762415518518537
radial,2,-1.2401969999902778,0.014399999752640724,-0.00892941839993,1127.4176025390625,5.604104558187828e-07,0.07579797506332397,0.10070442408323288,0.08274118602275848,0.00021900312276557088
radial,2,-1.2167224970956643,0.014399999752640724,-0.008760401979088783,1128.2626953125,7.99647978055873e-07,0.07123257964849472,0.10353242605924606,0.08493705838918686,0.0002641853061504662
radial,2,-1.1934633625464308,0.014399999752640724,-0.008592936210334301,1129.1358642578125,1.1173864322699956e-06,0.06736613065004349,0.10591782629489899,0.0867999717593193,0.0003107090014964342
radial,2,-1.1704177854375708,0.014399999752640724,-0.008427008055150509,1130.091064453125,1.526755909253552e-06,0.06419729441404343,0.10786499083042145,0.08832984417676926,0.00035568836028687656
radial,2,-1.1475835668130054,0.014399999752640724,-0.008262601681053638,1131.1915283203125,2.041615061898483e-06,0.06165992468595505,0.1094188541173935,0.08955765515565872,0.00039652586565352976
radial,2,-1.124959025118086,0.014399999752640724,-0.00809970498085022,1132.5054931640625,2.6802763386513107e-06,0.05964820459485054,0.11064842343330383,0.09053356945514679,0.0004314314282964915
radial,2,-1.102541961396734,0.014399999752640724,-0.007938302122056484,1134.10888671875,3.4709905776253436e-06,0.058046016842126846,0.11162813007831573,0.09131298959255219,0.0004595340578816831
radial,2,-1.0803306940943003,0.014399999752640724,-0.007778380997478962,1136.0919189453125,4.45894602307817e-06,0.05674748495221138,0.11242509633302689,0.09194669872522354,0.00048065645387396216
radial,2,-1.0583232829554214,0.014399999752640724,-0.007619927637279034,1138.5721435546875,5.716719442716567e-06,0.0556645467877388,0.11309477686882019,0.09247719496488571,0.0004950285656377673
radial,2,-1.0365177230495546,0.014399999752640724,-0.007462927605956793,1141.7139892578125,7.3621217779873405e-06,0.05472584068775177,0.11368190497159958,0.09293925017118454,0.0005030931788496673
radial,2,-1.0149123328220513,0.014399999752640724,-0.0073073687963187695,1145.7618408203125,9.592685273673851e-06,0.05387115478515625,0.11422410607337952,0.09336264431476593,0.0005054163048043847
radial,2,-0.9935051720175478,0.014399999752640724,-0.007153237238526344,1151.104248046875,1.2761192920152098e-05,0.053042661398649216,0.11475751549005508,0.0937766507267952,0.000502757728099823
radial,2,-0.9722944944062167,0.014399999752640724,-0.00700052035972476,1158.3992919921875,1.7552349163452163e-05,0.05217239633202553,0.11532440036535263,0.09421657770872116,0.0004964068648405373
radial,2,-0.9512784244078729,0.014399999752640724,-0.006849204655736685,1168.8370361328125,2.5438786906306632e-05,0.05115991830825806,0.11598653346300125,0.09473591297864914,0.0004891657154075801
radial,2,-0.9304552157926891,0.014399999752640724,-0.006699277553707361,1184.7086181640625,4.0026043279794976e-05,0.04982183501124382,0.11685444414615631,0.09543407708406448,0.00048805048572830856
radial,2,-0.9098231223308378,0.014399999752640724,-0.006550726480782032,1210.46923828125,7.132565224310383e-05,0.04778280109167099,0.11814715713262558,0.09651734679937363,0.0005136940162628889
radial,2,-0.8893803331173129,0.014399999752640724,-0.0064035383984446526,1253.6417236328125,0.00014870858285576105,0.044332489371299744,0.12025685608386993,0.09838160127401352,0.0006215206813067198
radial,2,-0.8691251019222869,0.014399999752640724,-0.0062577007338404655,1322.8447265625,0.00035390921402722597,0.03852324187755585,0.1236509308218956,0.10156398266553879,0.0009282966493628919
radial,2,-0.8490558118662901,0.014399999752640724,-0.006113201845437288,1420.7344970703125,0.0008820166112855077,0.029940307140350342,0.12841759622097015,0.10630679875612259,0.0015658086631447077
radial,2,-0.8291706520443162,0.014399999752640724,-0.005970028694719076,1536.257080078125,0.0021043731831014156,0.019823797047138214,0.13378922641277313,0.1118771955370903,0.002452665474265814
radial,2,-0.8094679409017166,0.014399999752640724,-0.005828169174492359,1645.3228759765625,0.004573277197778225,0.011140651069581509,0.13846604526042938,0.11642960458993912,0.0029934996273368597
radial,2,-0.7899461262342002,0.014399999752640724,-0.005687612108886242,1731.2947998046875,0.008454267866909504,0.0057953400537371635,0.1416386365890503,0.11880894005298615,0.0028110577259212732
radial,2,-0.7706033971367611,0.014399999752640724,-0.00554834445938468,1797.6064453125,0.013240075670182705,0.003035516245290637,0.14335785806179047,0.11961428821086884,0.002323209773749113
radial,2,-0.7514381367299292,0.014399999752640724,-0.00541035458445549,1852.8712158203125,0.01842924952507019,0.0015935705741867423,0.14400780200958252,0.11972317844629288,0.001963250106200576
radial,2,-0.7324487928094136,0.014399999752640724,-0.0052736313082277775,1901.4510498046875,0.023816119879484177,0.000867132970597595,0.1438761204481125,0.11951196193695068,0.0018519086297601461
radial,2,-0.7136336838205656,0.014399999752640724,-0.005138162523508072,1945.8076171875,0.02931622415781021,0.0005463875713758171,0.14320386946201324,0.11913569271564484,0.0019570249132812023
radial,2,-0.6949912575590942,0.014399999752640724,-0.005003937054425478,1987.3907470703125,0.03489890694618225,0.0004584913549479097,0.14220334589481354,0.11866413056850433,0.002193732652813196
radial,2,-0.6765198971455296,0.014399999752640724,-0.004870943259447813,2026.64697265625,0.04055611416697502,0.0005499814869835973,0.14095444977283478,0.11811705678701401,0.002528969431295991
radial,2,-0.6582180503755808,0.014399999752640724,-0.004739169962704182,2063.33544921875,0.04629124328494072,0.0008487781160511076,0.13942748308181763,0.11748527735471725,0.002974361414089799
radial,2,-0.6400841003697779,0.014399999752640724,-0.004608605522662401,2096.546875,0.05211478844285011,0.0014537172392010689,0.1374867856502533,0.11673123389482498,0.0035870326682925224
radial,2,-0.6221166242741877,0.014399999752640724,-0.004479239694774151,2124.483642578125,0.05804196000099182,0.0025705585721880198,0.13485603034496307,0.11577856540679932,0.004483831115067005
radial,2,-0.60431400520934,0.014399999752640724,-0.004351060837507248,2144.362548828125,0.06409824639558792,0.0045357998460531235,0.13114288449287415,0.11448794603347778,0.005806536879390478
radial,2,-0.586674690970944,0.014399999752640724,-0.004224057774990797,2152.581298828125,0.07033631950616837,0.007812641561031342,0.1259901076555252,0.11261813342571259,0.007595048286020756
radial,2,-0.5691973233802451,0.014399999752640724,-0.004098220728337765,2145.33544921875,0.07685060799121857,0.013043718412518501,0.1190929114818573,0.10978200286626816,0.009742015041410923
radial,2,-0.5518803502329522,0.014399999752640724,-0.003973538521677256,2117.04345703125,0.08378570526838303,0.0211023036390543,0.11018966883420944,0.1054120808839798,0.011970116756856441
radial,2,-0.5347222193247743,0.014399999752640724,-0.0038499999791383743,2060.6943359375,0.09133461862802505,0.033013034611940384,0.09924961626529694,0.0987682044506073,0.013708983547985554
radial,2,-0.5173611053679552,0.014399999752640724,-0.0037249999586492777,1968.97314453125,0.09986969083547592,0.0500372052192688,0.08643833547830582,0.08886683732271194,0.01413321029394865
radial,2,-0.49999999141113627,0.014399999752640724,-0.003599999938160181,1851.7359619140625,0.10878258943557739,0.0705677717924118,0.0730348750948906,0.07659821212291718,0.013126932084560394
radial,2,-0.4772727131947047,0.014399999752640724,-0.003436363535001874,1693.7391357421875,0.11944607645273209,0.09732311218976974,0.056767940521240234,0.06043970212340355,0.010906213894486427
radial,2,-0.4545454673158626,0.014399999752640724,-0.0032727273646742105,1554.2430419921875,0.12815241515636444,0.12036652863025665,0.043282847851514816,0.04645634442567825,0.008607244119048119
radial,2,-0.43181818909943104,0.014399999752640724,-0.0031090909615159035,1443.144287109375,0.13479946553707123,0.13843752443790436,0.0328952819108963,0.035467345267534256,0.006667204201221466
radial,2,-0.40909091088299954,0.014399999752640724,-0.0029454545583575964,1358.5679931640625,0.13976654410362244,0.15210266411304474,0.025111304596066475,0.02714724838733673,0.005146937910467386
radial,2,-0.386363632666568,0.014399999752640724,-0.0027818181551992893,1295.4173583984375,0.14346730709075928,0.16231513023376465,0.019322246313095093,0.02092338353395462,0.003988112322986126
radial,2,-0.3636363544501364,0.014399999752640724,-0.0026181817520409822,1248.5152587890625,0.14624233543872833,0.16995450854301453,0.01500317919999361,0.016263561323285103,0.00311069842427969
radial,2,-0.3409090762337049,0.014399999752640724,-0.002454545348882675,1213.5968017578125,0.1483459621667862,0.1757114827632904,0.011752868071198463,0.012748933397233486,0.002444157376885414
radial,2,-0.31818183035486275,0.014399999752640724,-0.0022909091785550117,1187.4320068359375,0.14996077120304108,0.1800946146249771,0.009279745630919933,0.01007070206105709,0.0019337909761816263
radial,2,-0.2954545521384312,0.014399999752640724,-0.0021272727753967047,1167.6685791015625,0.15121574699878693,0.18346822261810303,0.007376491092145443,0.008007494732737541,0.0015393090434372425
radial,2,-0.2727272739219997,0.014399999752640724,-0.0019636363722383976,1152.6170654296875,0.1522020846605301,0.18609163165092468,0.0058961957693099976,0.00640165526419878,0.0012315429048612714
radial,2,-0.24999999570556813,0.014399999752640724,-0.0017999999690800905,1141.0679931640625,0.1529846489429474,0.18814988434314728,0.004734336398541927,0.005140634253621101,0.000989445368759334
radial,2,-0.2272727336579313,0.014399999752640724,-0.0016363636823371053,1132.15185546875,0.1536100059747696,0.18977604806423187,0.003815882373601198,0.004143449943512678,0.0007977593340910971
radial,2,-0.20454545544149977,0.014399999752640724,-0.0014727272791787982,1125.2386474609375,0.1541120707988739,0.19106680154800415,0.003086402080953121,0.0033512532245367765,0.0006453375099226832
radial,2,-0.1818181772250682,0.014399999752640724,-0.0013090908760204911,1119.868408203125,0.15451571345329285,0.1920931190252304,0.0025059725157916546,0.0027208253741264343,0.0005239599267952144
radial,2,-0.15909091517743137,0.014399999752640724,-0.0011454545892775059,1115.7021484375,0.1548394411802292,0.19290758669376373,0.002045022789388895,0.0022201223764568567,0.00042751291766762733
radial,2,-0.13636363696099985,0.014399999752640724,-0.0009818181861191988,1112.4884033203125,0.155097097158432,0.1935494840145111,0.0016814910341054201,0.0018252177396789193,0.00035142007982358336
radial,2,-0.11363636682896565,0.014399999752640724,-0.0008181818411685526,1110.040283203125,0.15529905259609222,0.1940481960773468,0.0013988703722134233,0.0015181993367150426,0.00029224861646071076
radial,2,-0.0909090886125341,0.014399999752640724,-0.0006545454380102456,1108.219482421875,0.15545305609703064,0.19442561268806458,0.0011848658323287964,0.0012857179390266538,0.0002474361681379378
radial,2,-0.06818181848049992,0.014399999752640724,-0.0004909090930595994,1106.92529296875,0.1555648148059845,0.1946977823972702,0.0010304665192961693,0.0011179865105077624,0.00021510166698135436
radial,2,-0.04545454430626705,0.014399999752640724,-0.0003272727190051228,1106.0867919921875,0.15563835203647614,0.1948760598897934,0.0009292944450862706,0.0010080748470500112,0.00019391189562156796
radial,2,-0.022727272153133526,0.014399999752640724,-0.0001636363595025614,1105.6583251953125,0.15567630529403687,0.19496779143810272,0.0008772360743023455,0.0009515124838799238,0.00018300606461707503
radial,2,0.0,0.014399999752640724,0.0,1105.6168212890625,0.15567998588085175,0.19497671723365784,0.0008721820777282119,0.0009460063884034753,0.00018194227595813572
radial,2,0.022727272153133526,0.014399999752640724,0.0001636363595025614,1105.959228515625,0.15564961731433868,0.19490335881710052,0.0009138469467870891,0.0009912456152960658,0.0001906602265080437
radial,2,0.04545454430626705,0.014399999752640724,0.0003272727190051228,1106.7027587890625,0.1555841714143753,0.1947449892759323,0.0010037684114649892,0.001088897348381579,0.00020948021847289056
radial,2,0.06818181848049992,0.014399999752640724,0.0004909090930595994,1107.8868408203125,0.15548144280910492,0.1944953054189682,0.001145476708188653,0.001242795493453741,0.0002391391317360103
radial,2,0.0909090886125341,0.014399999752640724,0.0006545454380102456,1109.5745849609375,0.15533781051635742,0.1941441297531128,0.0013446963857859373,0.0014591591898351908,0.0002808320859912783
radial,2,0.11363636682896565,0.014399999752640724,0.0008181818411685526,1111.8577880859375,0.15514807403087616,0.19367682933807373,0.001609648228622973,0.0017469130689278245,0.00033627296215854585
radial,2,0.13636363696099985,0.014399999752640724,0.0009818181861191988,1114.863525390625,0.15490511059761047,0.19307328760623932,0.0019516367465257645,0.0021183262579143047,0.00040781524148769677
radial,2,0.15909091517743137,0.014399999752640724,0.0011454545892775059,1118.763427734375,0.15459930896759033,0.19230644404888153,0.0023858738131821156,0.0025899012107402086,0.0004986198036931455
radial,2,0.1818181772250682,0.014399999752640724,0.0013090908760204911,1123.788330078125,0.1542179435491562,0.1913401484489441,0.0029326837975531816,0.0031836729031056166,0.0006128995446488261
radial,2,0.20454545544149977,0.014399999752640724,0.0014727272791787982,1130.2491455078125,0.1537439376115799,0.19012606143951416,0.0036192580591887236,0.003929099999368191,0.000756273337174207
radial,2,0.2272727336579313,0.014399999752640724,0.0016363636823371053,1138.56640625,0.15315444767475128,0.18859916925430298,0.0044822050258517265,0.004865804687142372,0.0009362765122205019
radial,2,0.24999999570556813,0.014399999752640724,0.0017999999690800905,1149.314208984375,0.15241846442222595,0.1866711974143982,0.005571265239268541,0.006047555711120367,0.0011630960507318377
radial,2,0.2727272739219997,0.014399999752640724,0.0019636363722383976,1163.2828369140625,0.15149347484111786,0.18422101438045502,0.006954764015972614,0.0075480942614376545,0.001450632931664586
radial,2,0.2954545521384312,0.014399999752640724,0.0021272727753967047,1181.56982421875,0.15032050013542175,0.1810806840658188,0.008727637119591236,0.0094696544110775,0.0018180287443101406
radial,2,0.31818183035486275,0.014399999752640724,0.0022909091785550117,1205.707763671875,0.148816779255867,0.17701517045497894,0.011023092083632946,0.011955243535339832,0.0022918006870895624
radial,2,0.3409090762337049,0.014399999752640724,0.002454545348882675,1237.8365478515625,0.14686524868011475,0.17169401049613953,0.014029196463525295,0.015205847099423409,0.0029086796566843987
radial,2,0.3636363544501364,0.014399999752640724,0.0026181817520409822,1280.9151611328125,0.14429986476898193,0.16465386748313904,0.018011389300227165,0.01950310915708542,0.0037189479917287827
radial,2,0.386363632666568,0.014399999752640724,0.0027818181551992893,1338.919921875,0.1408870667219162,0.15525704622268677,0.02333919331431389,0.025234347209334373,0.004788931459188461
radial,2,0.40909091088299954,0.014399999752640724,0.0029454545583575964,1416.8543701171875,0.13630808889865875,0.14266827702522278,0.030507346615195274,0.03290603309869766,0.006198129151016474
radial,2,0.43181818909943104,0.014399999752640724,0.0031090909615159035,1520.130615234375,0.13015760481357574,0.12591423094272614,0.040121957659721375,0.043105654418468475,0.008018502965569496
radial,2,0.4545454673158626,0.014399999752640724,0.0032727273646742105,1652.1197509765625,0.1220199316740036,0.10423023253679276,0.052752524614334106,0.05628481134772301,0.01024017296731472
radial,2,0.4772727131947047,0.014399999752640724,0.003436363535001874,1807.2904052734375,0.11180379986763,0.07818922400474548,0.06839173287153244,0.072054922580719,0.01256725937128067
radial,2,0.49999999141113627,0.014399999752640724,0.003599999938160181,1961.8116455078125,0.10031203180551529,0.05134274438023567,0.08567982167005539,0.08814850449562073,0.014088863506913185
radial,2,0.5173611053679552,0.014399999752640724,0.0037249999586492777,2055.033203125,0.09174472838640213,0.034119464457035065,0.0985054075717926,0.09819313883781433,0.013762467540800571
radial,2,0.5347222193247743,0.014399999752640724,0.0038499999791383743,2113.919677734375,0.0840313732624054,0.021785788238048553,0.1096823662519455,0.10509440302848816,0.012061492539942265
radial,2,0.5518803502329522,0.014399999752640724,0.003973538521677256,2143.366943359375,0.07711750268936157,0.013598315417766571,0.11860346794128418,0.10954270511865616,0.009880623780190945
radial,2,0.5691973233802451,0.014399999752640724,0.004098220728337765,2151.7548828125,0.07063447684049606,0.008238527923822403,0.12555252015590668,0.11244537681341171,0.007750936318188906
radial,2,0.586674690970944,0.014399999752640724,0.004224057774990797,2144.64990234375,0.06443389505147934,0.0048442380502820015,0.1307821273803711,0.11436533182859421,0.005951089318841696
radial,2,0.60431400520934,0.014399999752640724,0.004351060837507248,2125.914794921875,0.05841949209570885,0.00277716014534235,0.13459055125713348,0.11568888276815414,0.004591607488691807
radial,2,0.6221166242741877,0.014399999752640724,0.004479239694774151,2098.948974609375,0.05253725126385689,0.0015823142603039742,0.13730350136756897,0.11666054278612137,0.0036553102545440197
radial,2,0.6400841003697779,0.014399999752640724,0.004608605522662401,2066.458251953125,0.046758655458688736,0.000926076085306704,0.13929098844528198,0.11742451786994934,0.0030187477823346853
radial,2,0.6582180503755808,0.014399999752640724,0.004739169962704182,2030.32275390625,0.04106752201914787,0.0005927780293859541,0.14084267616271973,0.11806080490350723,0.00255957362242043
radial,2,0.6765198971455296,0.014399999752640724,0.004870943259447813,1991.5361328125,0.03545398637652397,0.00047479101340286434,0.14210504293441772,0.11860984563827515,0.0022159183863550425
radial,2,0.6949912575590942,0.014399999752640724,0.005003937054425478,1950.427978515625,0.029914461076259613,0.0005365880206227303,0.14311982691287994,0.11908382922410965,0.001970655983313918
radial,2,0.7136336838205656,0.014399999752640724,0.005138162523508072,1906.6729736328125,0.024455277249217033,0.0008190642693080008,0.14382731914520264,0.11946715414524078,0.0018488917266950011
radial,2,0.7324487928094136,0.014399999752640724,0.0052736313082277775,1858.9678955078125,0.019102977588772774,0.001477304962463677,0.14402635395526886,0.11969925463199615,0.001932667219080031
radial,2,0.7514381367299292,0.014399999752640724,0.00541035458445549,1805.0609130859375,0.013931282795965672,0.0027943868190050125,0.14348338544368744,0.11963982880115509,0.0022625792771577835
radial,2,0.7706033971367611,0.014399999752640724,0.00554834445938468,1741.056884765625,0.009118258021771908,0.005306757986545563,0.14193665981292725,0.11895769089460373,0.002742380602285266
radial,2,0.7899461262342002,0.014399999752640724,0.005687612108886242,1659.533203125,0.005081601906567812,0.010101757943630219,0.139017716050148,0.11691462993621826,0.0030321888625621796
radial,2,0.8094679409017166,0.014399999752640724,0.005828169174492359,1554.3529052734375,0.002394926268607378,0.018262147903442383,0.13457390666007996,0.11270205676555634,0.00260745151899755
radial,2,0.8291706520443162,0.014399999752640724,0.005970028694719076,1438.490966796875,0.0010259175905957818,0.02836376056075096,0.12925004959106445,0.10716009885072708,0.0017071457114070654
radial,2,0.8490558118662901,0.014399999752640724,0.006113201845437288,1336.95654296875,0.0004158735100645572,0.03731463477015495,0.12432605028152466,0.10221882164478302,0.0010115494951605797
radial,2,0.8691251019222869,0.014399999752640724,0.0062577007338404655,1263.1265869140625,0.00017330687842331827,0.043573834002017975,0.12070213258266449,0.09878935664892197,0.0006566811352968216
radial,2,0.8893803331173129,0.014399999752640724,0.0064035383984446526,1216.2723388671875,8.127727778628469e-05,0.047346655279397964,0.1184140220284462,0.09674874693155289,0.0005242754705250263
radial,2,0.9098231223308378,0.014399999752640724,0.006550726480782032,1188.2437744140625,4.4502794480649754e-05,0.04956049099564552,0.1170196458697319,0.09557060897350311,0.0004894348094239831
radial,2,0.9304552157926891,0.014399999752640724,0.006699277553707361,1171.1201171875,2.7746737032430246e-05,0.050981394946575165,0.11610177904367447,0.09482771903276443,0.0004878071486018598
radial,2,0.9512784244078729,0.014399999752640724,0.006849204655736685,1159.982177734375,1.8886365069192834e-05,0.05203023925423622,0.11541681736707687,0.0942886546254158,0.0004945241962559521
radial,2,0.9722944944062167,0.014399999752640724,0.00700052035972476,1152.26904296875,1.360000987915555e-05,0.05291226878762245,0.1148417592048645,0.09384201467037201,0.0005012773908674717
radial,2,0.9935051720175478,0.014399999752640724,0.007153237238526344,1146.6583251953125,1.0155284144275356e-05,0.053736649453639984,0.11430972069501877,0.09342950582504272,0.0005048204329796135
radial,2,1.0149123328220513,0.014399999752640724,0.0073073687963187695,1142.426025390625,7.760321750538424e-06,0.05457419157028198,0.1137767806649208,0.0930141732096672,0.0005037107621319592
radial,2,1.0365177230495546,0.014399999752640724,0.007462927605956793,1139.1497802734375,6.012980975356186e-06,0.05548236891627312,0.11320707201957703,0.09256680309772491,0.0004971313173882663
radial,2,1.0583232829554214,0.014399999752640724,0.007619927637279034,1136.56689453125,4.690548394137295e-06,0.056518808007240295,0.11256459355354309,0.09205877035856247,0.0004844893701374531
radial,2,1.0803306940943003,0.014399999752640724,0.007778380997478962,1134.5032958984375,3.6612909752875566e-06,0.05775027722120285,0.11180756241083145,0.09145746380090714,0.00046530916006304324
radial,2,1.102541961396734,0.014399999752640724,0.007938302122056484,1132.836181640625,2.8438391836971277e-06,0.05925879627466202,0.11088442802429199,0.09072322398424149,0.0004392794508021325
radial,2,1.124959025118086,0.014399999752640724,0.00809970498085022,1131.4732666015625,2.1868786461709533e-06,0.06114400923252106,0.10973214358091354,0.08980819582939148,0.00040643391548655927
radial,2,1.1475835668130054,0.014399999752640724,0.008262601681053638,1130.338134765625,1.658054202380299e-06,0.06351836025714874,0.10827890783548355,0.0886586606502533,0.00036741874646395445
radial,2,1.1704177854375708,0.014399999752640724,0.008427008055150509,1129.362548828125,1.2366606370051159e-06,0.0664905309677124,0.10645423084497452,0.08722299337387085,0.0003237336059100926
radial,2,1.1934633625464308,0.014399999752640724,0.008592936210334301,1128.4837646484375,9.075377533918072e-07,0.07013823091983795,0.10420618206262589,0.08546462655067444,0.00027773980400525033
radial,2,1.2167224970956643,0.014399999752640724,0.008760401979088783,1127.6458740234375,6.571040103153791e-07,0.07448131591081619,0.10151877254247665,0.08337476849555969,0.00023225427139550447
radial,2,1.2401969999902778,0.014399999752640724,0.00892941839993,1126.804931640625,4.719724699953076e-07,0.07947142422199249,0.09841934591531754,0.08097714185714722,0.00018987229850608855
radial,2,1.2638889408359926,0.014399999752640724,0.009100000374019146,1125.93212890625,3.387893059425551e-07,0.08500634878873825,0.0949702262878418,0.07832098007202148,0.00015238703053910285
radial,2,1.288194390427735,0.014399999752640724,0.009274999611079693,1124.9971923828125,2.434259158690111e-07,0.09106356650590897,0.09118520468473434,0.07541701942682266,0.00012009985221084207
radial,2,1.3124999693698354,0.014399999752640724,0.009449999779462814,1124.0194091796875,1.7749253800047882e-07,0.09737429767847061,0.08723293989896774,0.07239384949207306,9.384023724123836e-05
radial,2,1.3368160256909,0.014399999752640724,0.00962507538497448,1123.002685546875,1.3187974445827422e-07,0.10383355617523193,0.08318052440881729,0.06930136680603027,7.290566281881183e-05
radial,2,1.3612519897934463,0.014399999752640724,0.009801014326512814,1121.94921875,1.0017819107588366e-07,0.11039287596940994,0.0790596678853035,0.06616241484880447,5.636164132738486e-05
radial,2,1.38580863777962,0.014399999752640724,0.009977822192013264,1120.8663330078125,7.808872481973594e-08,0.11700081080198288,0.07490380853414536,0.06300131976604462,4.3398711568443105e-05
radial,2,1.4104866164012089,0.014399999752640724,0.010155503638088703,1119.7607421875,6.25199376713681e-08,0.12362220883369446,0.07073600590229034,0.05983465164899826,3.3298885682597756e-05
radial,2,1.4352863137092855,0.014399999752640724,0.010334061458706856,1118.6390380859375,5.144181614014087e-08,0.13023239374160767,0.06657255440950394,0.05667400732636452,2.546161886129994e-05
radial,2,1.4602083764556382,0.014399999752640724,0.010513500310480595,1117.5067138671875,4.357226757178978e-08,0.13681496679782867,0.06242440640926361,0.053527090698480606,1.9398694348637946e-05
radial,2,1.485253580742412,0.014399999752640724,0.010693825781345367,1116.368408203125,3.8038102445625555e-08,0.1433601975440979,0.05829814821481705,0.05039841681718826,1.4720107174071018e-05
radial,2,1.5104224439710379,0.014399999752640724,0.010875041596591473,1115.228271484375,3.417231297930812e-08,0.14986252784729004,0.054197683930397034,0.04729056730866432,1.1118552720290609e-05
radial,2,1.5357154835429456,0.014399999752640724,0.011057151481509209,1114.089599609375,3.152804239903162e-08,0.15631847083568573,0.05012548342347145,0.04420511797070503,8.353707016794942e-06
radial,2,1.5611333462099235,0.014399999752640724,0.011240160092711449,1112.9554443359375,2.983586000482319e-08,0.16272619366645813,0.046082932502031326,0.04114289581775665,6.238044534256915e-06
radial,2,1.5866768080741167,0.014399999752640724,0.01142407301813364,1111.82861328125,2.892029549173003e-08,0.16908510029315948,0.042070575058460236,0.038104135543107986,4.62541675005923e-06
radial,2,1.6123462571865983,0.014399999752640724,0.011608893051743507,1110.7119140625,2.8632008763906924e-08,0.17539532482624054,0.03808848187327385,0.03508875146508217,3.402073161851149e-06
radial,2,1.6381424696495137,0.014399999752640724,0.011794625781476498,1109.6077880859375,2.8881895985932715e-08,0.18165691196918488,0.034136708825826645,0.032096683979034424,2.479597924320842e-06
radial,2,1.6640660922146506,0.014399999752640724,0.011981275863945484,1108.5191650390625,2.9641869403462806e-08,0.18786901235580444,0.030215883627533913,0.02912832237780094,1.7893041786010144e-06
radial,2,1.6901176422834396,0.014399999752640724,0.012168847024440765,1107.4493408203125,3.094790557156557e-08,0.1940283477306366,0.026328125968575478,0.026185203343629837,1.277962269341515e-06
radial,2,1.7162977666076686,0.014399999752640724,0.012357343919575214,1106.4029541015625,3.291056671628212e-08,0.20012615621089935,0.02247903123497963,0.02327151782810688,9.045803608387359e-07
radial,2,1.7426071119391255,0.014399999752640724,0.012546771205961704,1105.3861083984375,3.583622287806065e-08,0.20614175498485565,0.018681684508919716,0.02039712853729725,6.378637067427917e-07
radial,2,1.7690463250295985,0.014399999752640724,0.012737133540213108,1104.408447265625,4.041078582872615e-08,0.21203038096427917,0.014964374713599682,0.017583418637514114,4.5429158035403816e-07
radial,2,1.7956161819812324,0.014399999752640724,0.012928436510264874,1103.4844970703125,4.806183540040365e-08,0.21770130097866058,0.01138441264629364,0.014873742125928402,3.366407952398731e-07
radial,2,1.8223170708451006,0.014399999752640724,0.013120682910084724,1102.635498046875,6.129160112777754e-08,0.2229861617088318,0.008048108778893948,0.012348544783890247,2.725633407862915e-07
radial,2,1.8491498970737061,0.014399999752640724,0.013313879258930683,1101.8887939453125,8.417324437459683e-08,0.22761520743370056,0.005125787574797869,0.010136720724403858,2.5221834221156314e-07
radial,2,1.8761150487181213,0.014399999752640724,0.013508028350770473,1101.271728515625,1.225940735594122e-07,0.23125572502613068,0.00282753212377429,0.008397245779633522,2.647476264883153e-07
radial,2,1.9032134312308497,0.014399999752640724,0.013703136704862118,1100.8013916015625,1.830337481578681e-07,0.2336755245923996,0.0012999542523175478,0.007241052575409412,2.941425520930352e-07
radial,2,1.9304455620133214,0.014399999752640724,0.013899208046495914,1100.4752197265625,2.6831310151465004e-07,0.23495808243751526,0.0004903480876237154,0.006628225091844797,3.1688642820881796e-07
radial,2,1.9578120878173246,0.014399999752640724,0.014096247032284737,1100.26953125,3.7086743986947113e-07,0.2354872226715088,0.00015641286154277623,0.006375376135110855,3.1125986765800917e-07
radial,2,1.9853137847450044,0.014399999752640724,0.014294259250164032,1100.1495361328125,4.7083588583518576e-07,0.23566347360610962,4.5294687879504636e-05,0.006291127763688564,2.773994083327125e-07
radial,2,2.0129511701977916,0.014399999752640724,0.014493248425424099,1100.0828857421875,5.507556011252746e-07,0.23571552336215973,1.2650265489355661e-05,0.006266225129365921,2.3667203663535474e-07
radial,2,2.0407250202778315,0.014399999752640724,0.014693220146000385,1100.0460205078125,6.096531137700367e-07,0.23573122918605804,3.044637423954555e-06,0.0062587084248661995,2.0569851244545134e-07
radial,2,2.0686359817369118,0.014399999752640724,0.014894179068505764,1100.0247802734375,6.559620260304655e-07,0.2357366532087326,3.769684155940922e-07,0.00625611050054431,1.862748888470378e-07
radial,2,2.096684701326821,0.014399999752640724,0.015096129849553108,1100.01171875,6.960181622162054e-07,0.2357388436794281,1.6523472590179722e-09,0.006255074869841337,1.7499047544333735e-07
radial,2,2.1248719551497035,0.014399999752640724,0.015299078077077866,1100.0032958984375,7.321446560126788e-07,0.2357397824525833,5.223864674164247e-10,0.006254628766328096,1.692495459337806e-07
radial,2,2.153198260606991,0.014399999752640724,0.015503027476370335,1099.9976806640625,7.645940058864653e-07,0.23574019968509674,4.513567852804101e-10,0.006254434119910002,1.673870428930968e-07
radial,2,2.181664523151186,0.014399999752640724,0.015707984566688538,1099.9937744140625,7.93165327195311e-07,0.23574039340019226,4.1870026890045153e-10,0.006254352629184723,1.6793093493561173e-07
radial,2,2.210271130833361,0.014399999752640724,0.0159139521420002,1099.990966796875,8.179575274880335e-07,0.23574046790599823,4.033722800222961e-10,0.0062543232925236225,1.6978860628569237e-07
radial,2,2.2390192478067346,0.014399999752640724,0.01612093858420849,1099.9888916015625,8.392322570216493e-07,0.23574049770832062,3.9626837922135394e-10,0.006254315841943026,1.7224203929799842e-07
radial,2,2.2679091327720218,0.014399999752640724,0.016328945755958557,1099.9873046875,8.571703915549733e-07,0.2357405126094818,3.9306713439657415e-10,0.0062543172389268875,1.7483351655300794e-07
radial,2,2.2969415618313684,0.014399999752640724,0.016537979245185852,1099.986083984375,8.719354696040682e-07,0.2357405126094818,3.9145553465402827e-10,0.006254321429878473,1.7729077228523238e-07
radial,2,2.3261173110869198,0.014399999752640724,0.01674804463982582,1099.9849853515625,8.838507028485765e-07,0.23574049770832062,3.903722900489015e-10,0.006254325620830059,1.7949098207736824e-07
radial,2,2.355437156640821,0.014399999752640724,0.01695914752781391,1099.9840087890625,8.932385071602766e-07,0.23574049770832062,3.8934888646480204e-10,0.006254327949136496,1.8138645430099132e-07
radial,2,2.384901615894503,0.014399999752640724,0.017171291634440422,1099.9832763671875,9.002430374493997e-07,0.23574048280715942,3.9441469534828855e-10,0.006254328414797783,1.8294224446435692e-07
radial,2,2.4145117236508264,0.014399999752640724,0.01738448441028595,1099.9825439453125,9.049675782080158e-07,0.23574046790599823,4.1153522256642816e-10,0.006254327483475208,1.841396226609504e-07
radial,2,2.444267997311221,0.014399999752640724,0.017598729580640793,1099.98193359375,9.076581477529544e-07,0.23574045300483704,4.33891922391183e-10,0.006254325155168772,1.8500045939617848e-07
radial,2,2.474170954277118,0.014399999752640724,0.01781403087079525,1099.9813232421875,9.08562071799679e-07,0.23574045300483704,4.540028630817261e-10,0.006254321429878473,1.855564022434919e-07
radial,2,2.5042216293513775,0.014399999752640724,0.018030395731329918,1099.9808349609375,9.077401159629517e-07,0.23574043810367584,4.711610546159761e-10,0.006254316307604313,1.8580998073502997e-07
radial,2,2.534420798636145,0.014399999752640724,0.018247829750180244,1099.98046875,9.052204745785275e-07,0.23574042320251465,4.856509083772664e-10,0.0062543111853301525,1.8575882165805524e-07
radial,2,2.564768979532851,0.014399999752640724,0.018466336652636528,1099.9801025390625,9.011669135361444e-07,0.23574040830135345,4.977775414083396e-10,0.0062543051317334175,1.8542844770763622e-07
radial,2,2.595266948143641,0.014399999752640724,0.018685922026634216,1099.9798583984375,8.957400723375031e-07,0.23574039340019226,5.080595388839981e-10,0.006254298612475395,1.8484703900867316e-07
radial,2,2.6259154805706606,0.014399999752640724,0.018906591460108757,1099.9796142578125,8.889117566468485e-07,0.23574037849903107,5.167569705477604e-10,0.006254292093217373,1.8400825751996308e-07
radial,2,2.656715352916055,0.014399999752640724,0.019128350540995598,1099.9794921875,8.806637765701453e-07,0.23574036359786987,5.237562605842072e-10,0.006254285108298063,1.829098010830421e-07
radial,2,2.6876670825812554,0.014399999752640724,0.019351202994585037,1099.9793701171875,8.711559189578111e-07,0.23574034869670868,5.291012628028113e-10,0.006254277657717466,1.8158775105803215e-07
radial,2,2.718771704369121,0.014399999752640724,0.019575156271457672,1099.9793701171875,8.606331221017172e-07,0.2357403188943863,5.328404939497489e-10,0.006254269275814295,1.8010364044585003e-07
radial,2,2.7500299943817987,0.014399999752640724,0.01980021595954895,1099.9794921875,8.491965104440169e-07,0.2357403039932251,5.349752862926493e-10,0.006254259962588549,1.7850091182936012e-07
radial,2,2.781442470020718,0.014399999752640724,0.02002638578414917,1099.9796142578125,8.36857225294807e-07,0.2357402890920639,5.354631738008209e-10,0.006254248786717653,1.7681855979390093e-07
radial,2,2.8130101660887403,0.014399999752640724,0.020253673195838928,1099.9798583984375,8.24064670723601e-07,0.23574025928974152,5.340358155692115e-10,0.006254234816879034,1.7520713413432532e-07
radial,2,2.844733599987295,0.014399999752640724,0.020482081919908524,1099.980224609375,8.111456395454297e-07,0.23574024438858032,5.303711914095288e-10,0.006254217587411404,1.7381861994181236e-07
radial,2,2.876613547818528,0.014399999752640724,0.020711617544293404,1099.980712890625,7.98891619524511e-07,0.23574021458625793,5.241760914209692e-10,0.006254195235669613,1.7293491794134752e-07
radial,2,2.9086510443853006,0.014399999752640724,0.020942287519574165,1099.981201171875,7.874105563132616e-07,0.23574019968509674,5.180120221659479e-10,0.006254167761653662,1.7265681151457102e-07
radial,2,2.9408466070890427,0.014399999752640724,0.021174095571041107,1099.981689453125,7.741413696749078e-07,0.23574016988277435,5.471383346389302e-10,0.006254149135202169,1.7126200191341923e-07
radial,2,2.9732010120318995,0.014399999752640724,0.021407047286629677,1099.9815673828125,7.695942372265563e-07,0.23574015498161316,6.043929801080594e-10,0.006254139356315136,1.696341058732287e-07
radial,2,3.005715294016732,0.014399999752640724,0.02164115011692047,1099.981201171875,7.753241675345635e-07,0.23574015498161316,6.491432391619867e-10,0.006254121195524931,1.6901448418593645e-07
radial,2,3.0383899704449706,0.014399999752640724,0.02187640778720379,1099.98095703125,7.809275075487676e-07,0.23574014008045197,6.787158057797171e-10,0.006254094652831554,1.6843436867475248e-07
radial,2,3.071226076119476,0.014399999752640724,0.022112827748060226,1099.9808349609375,7.870698368606099e-07,0.23574015498161316,6.922947215493025e-10,0.006254063919186592,1.682592198903876e-07
radial,2,3.1042243871423936,0.014399999752640724,0.022350415587425232,1099.9808349609375,7.928771879051055e-07,0.23574015498161316,6.94079294039085e-10,0.006254034582525492,1.6840155581121508e-07
radial,2,3.1373854209151535,0.014399999752640724,0.022589175030589104,1099.980712890625,7.965525696818077e-07,0.23574015498161316,6.90176249484864e-10,0.006254010833799839,1.685564825493202e-07
radial,2,3.1707099535399013,0.014399999752640724,0.02282911166548729,1099.980712890625,7.96697804616997e-07,0.23574016988277435,6.860620405113593e-10,0.0062539950013160706,1.6846688311034086e-07
radial,2,3.204199278520213,0.014399999752640724,0.023070234805345535,1099.980712890625,7.926876719466236e-07,0.23574016988277435,6.853579370691421e-10,0.006253988016396761,1.6798966839814966e-07
radial,2,3.2378539132575197,0.014399999752640724,0.02331254817545414,1099.9808349609375,7.845380309845496e-07,0.23574016988277435,6.897614146517128e-10,0.006253989413380623,1.6707919314740138e-07
radial,2,3.2716746338539653,0.014399999752640724,0.02355605736374855,1099.98095703125,7.725510613454389e-07,0.23574016988277435,6.996396795244664e-10,0.006253998260945082,1.6574603023400414e-07
radial,2,3.3056622164116964,0.014399999752640724,0.023800767958164215,1099.9810791015625,7.571437095066358e-07,0.23574016988277435,7.147140101970706e-10,0.006254012696444988,1.6402668734372128e-07
radial,2,3.339817695733574,0.014399999752640724,0.02404668740928173,1099.9813232421875,7.387172900052974e-07,0.23574016988277435,7.344157504363125e-10,0.006254031788557768,1.6195679108932381e-07
radial,2,3.3741418479217424,0.014399999752640724,0.024293821305036545,1099.9814453125,7.175304403972405e-07,0.23574016988277435,7.580184258060285e-10,0.006254054605960846,1.595551708533094e-07
radial,2,3.408635449078348,0.014399999752640724,0.024542175233364105,1099.981689453125,6.938145702406473e-07,0.23574015498161316,7.878825369900255e-10,0.006254080682992935,1.568435976651017e-07
radial,2,3.4432992753055363,0.014399999752640724,0.02479175478219986,1099.98193359375,6.678309887320211e-07,0.23574015498161316,8.355570679796642e-10,0.006254109088331461,1.5385622020858136e-07
radial,2,3.4781341027054524,0.014399999752640724,0.025042565539479256,1099.9822998046875,6.397939387170481e-07,0.23574015498161316,9.04504693366448e-10,0.006254139356315136,1.506218438862561e-07
radial,2,3.513140966080957,0.014399999752640724,0.02529461495578289,1099.9825439453125,6.098692324485455e-07,0.23574014008045197,9.825379398975542e-10,0.006254171021282673,1.4715953966515372e-07
radial,2,3.548320641534196,0.014399999752640724,0.02554790861904621,1099.9827880859375,5.782636662843288e-07,0.23574014008045197,1.0624103818912545e-09,0.006254203617572784,1.4348769639127568e-07
radial,2,3.58367416386803,0.014399999752640724,0.025802453979849815,1099.983154296875,5.454141387417621e-07,0.23574014008045197,1.1433127777848995e-09,0.006254237145185471,1.396234381445538e-07
radial,2,3.619202050483889,0.014399999752640724,0.026058254763484,1099.9835205078125,5.118324111208494e-07,0.23574012517929077,1.2244725233756526e-09,0.006254271138459444,1.3557981048961665e-07
radial,2,3.654905336184634,0.014399999752640724,0.026315318420529366,1099.98388671875,4.774424837705737e-07,0.23574012517929077,1.3051570935118662e-09,0.006254306063055992,1.3136637733168754e-07
radial,2,3.6907847970724106,0.014399999752640724,0.026573650538921356,1099.9842529296875,4.4207931182427274e-07,0.23574012517929077,1.3847872848415932e-09,0.006254341918975115,1.2698964724222606e-07
radial,2,3.7268414679500794,0.014399999752640724,0.02683325856924057,1099.984619140625,4.0617527474751114e-07,0.23574011027812958,1.463395071787943e-09,0.006254378706216812,1.224517944820036e-07
radial,2,3.7630761249197855,0.014399999752640724,0.027094148099422455,1099.98486328125,3.7010596543041174e-07,0.23574011027812958,1.5413358367410979e-09,0.006254415959119797,1.1773919084134832e-07
radial,2,3.79948980278439,0.014399999752640724,0.027356326580047607,1099.9852294921875,3.33683743747315e-07,0.23574011027812958,1.6184564799459622e-09,0.006254454609006643,1.1281951373121046e-07
radial,2,3.836083018945323,0.014399999752640724,0.027619797736406326,1099.985595703125,2.9759294761788624e-07,0.23574011027812958,1.6940137070875494e-09,0.0062544941902160645,1.0768798119897838e-07
radial,2,3.872857066906161,0.014399999752640724,0.027884570881724358,1099.9859619140625,2.648571069130412e-07,0.23574012517929077,1.7675301222652706e-09,0.00625453470274806,1.023671600819398e-07
radial,2,3.9098124640683336,0.014399999752640724,0.028150649741292,1099.9862060546875,2.3544804150787968e-07,0.23574012517929077,1.8390531320022774e-09,0.006254575215280056,9.688434943200264e-08
radial,2,3.9469505039354167,0.014399999752640724,0.028418043628335,1099.986572265625,2.06714403816477e-07,0.23574012517929077,1.908680546947039e-09,0.006254616659134626,9.125707123303073e-08
radial,2,3.984271703908841,0.014399999752640724,0.028686756268143654,1099.98681640625,1.7816910258261487e-07,0.23574014008045197,1.976464991670923e-09,0.006254658102989197,8.548875030101044e-08
radial,2,4.021777098791467,0.014399999752640724,0.02895679511129856,1099.9871826171875,1.4983255880451907e-07,0.23574014008045197,2.042336522123378e-09,0.006254699546843767,8.024852604648913e-08
radial,2,4.05946798208687,0.014399999752640724,0.029228169471025467,1099.9874267578125,1.2389899950449035e-07,0.23574015498161316,2.106078422769997e-09,0.006254741456359625,7.6194069720259e-08
radial,2,4.097344612495767,0.014399999752640724,0.02950088120996952,1099.9876708984375,1.0564556163217276e-07,0.23574015498161316,2.167311441425568e-09,0.0062547833658754826,7.268617707723024e-08
radial,2,4.135408283521731,0.014399999752640724,0.029774939641356468,1099.9879150390625,9.280390855792575e-08,0.23574016988277435,2.225697848246e-09,0.00625482527539134,6.909277772138012e-08
radial,2,4.173659771266911,0.014399999752640724,0.030050350353121758,1099.9881591796875,7.999005191550168e-08,0.23574018478393555,2.2808746003022407e-09,0.006254867184907198,6.541538510873579e-08
radial,2,4.2121003692348795,0.014399999752640724,0.030327122658491135,1099.9884033203125,6.719092482398992e-08,0.23574019968509674,2.3322603848185963e-09,0.006254909094423056,6.165839749883162e-08
radial,2,4.250730594827069,0.014399999752640724,0.030605260282754898,1099.9886474609375,5.4398402227207043e-08,0.23574021458625793,2.379069830027447e-09,0.006254950538277626,5.783032364092833e-08
radial,2,4.289551482846339,0.014399999752640724,0.030884770676493645,1099.98876953125,4.160912681072659e-08,0.23574022948741913,2.420799782854033e-09,0.006254991982132196,5.394321789253809e-08
radial,2,4.3285640680955515,0.014399999752640724,0.03116566129028797,1099.989013671875,2.8824549858086357e-08,0.23574025928974152,2.457064329774994e-09,0.0062550329603254795,5.001129821380346e-08
radial,2,4.367769385377566,0.014399999752640724,0.031447939574718475,1099.9891357421875,1.605410560046039e-08,0.2357402741909027,2.487434924702825e-09,0.006255073007196188,4.605135472957045e-08
radial,2,4.407167952093813,0.014399999752640724,0.031731609255075455,1099.9892578125,5.013539361442554e-09,0.2357403039932251,2.9753466357362868e-09,0.006255112588405609,4.278199838836372e-08
radial,2,4.446761061747869,0.014399999752640724,0.032016679644584656,1099.9893798828125,1.7853123146505112e-10,0.2357403188943863,4.1758903002175884e-09,0.006255150772631168,4.0966074976722666e-08
radial,2,4.486549749142594,0.014399999752640724,0.032303158193826675,1099.9893798828125,1.1471212868485736e-11,0.23574034869670868,5.523717483413293e-09,0.006255188025534153,3.989799424175544e-08
radial,2,4.5265345316794185,0.014399999752640724,0.03259104862809181,1099.989501953125,1.249732262120773e-11,0.23574036359786987,6.6838157231075e-09,0.006255223881453276,3.881894627966176e-08
radial,2,4.5667169615626335,0.014399999752640724,0.03288036212325096,1099.9896240234375,1.350995010307443e-11,0.23574039340019226,7.697673609641242e-09,0.006255258806049824,3.773340040424955e-08
radial,2,4.6070980735951,0.014399999752640724,0.03317110612988472,1099.9896240234375,1.4498922028260974e-11,0.23574042320251465,8.612092372572988e-09,0.00625529233366251,3.664927916702254e-08
radial,2,4.647677867776818,0.014399999752640724,0.03346328064799309,1099.9896240234375,1.5458252733413502e-11,0.23574043810367584,9.476338824754293e-09,0.006255324464291334,3.557167715939613e-08
radial,2,4.688458413713509,0.014399999752640724,0.03375690057873726,1099.98974609375,1.6385290693698984e-11,0.23574046790599823,1.0332512623278944e-08,0.006255355663597584,3.450586660846966e-08
radial,2,4.7294402288066015,0.014399999752640724,0.03405196964740753,1099.98974609375,1.7666363164026144e-11,0.23574048280715942,1.1209222883223902e-08,0.006255385000258684,3.345882859662197e-08
radial,2,4.770624347858959,0.014399999752640724,0.0343484953045845,1099.98974609375,1.9731627790009476e-11,0.2357405126094818,1.3114323849094944e-08,0.00625541340559721,3.24331210777018e-08
radial,2,4.81201180567344,0.014399999752640724,0.03464648500084877,1099.9898681640625,2.2647638972528306e-11,0.235740527510643,2.3171701002411282e-08,0.0062554399482905865,3.142781679343898e-08
radial,2,4.853603637052907,0.014399999752640724,0.03494594618678093,1099.9898681640625,2.6328737801062374e-11,0.2357405573129654,4.071688053386424e-08,0.006255465559661388,3.044116425598986e-08
radial,2,4.8954008768002195,0.014399999752640724,0.03524688631296158,1099.9898681640625,3.0399238681866336e-11,0.2357405722141266,5.788848156385029e-08,0.006255490239709616,2.9471914686496348e-08
radial,2,4.937404042316808,0.014399999752640724,0.035549309104681015,1099.98974609375,3.443424712035181e-11,0.23574060201644897,7.36829122160998e-08,0.006255513522773981,2.85207786276942e-08
radial,2,4.979614685806963,0.014399999752640724,0.035853225737810135,1099.98974609375,3.826805886064655e-11,0.23574061691761017,8.81437856037337e-08,0.006255535874515772,2.7589450724008202e-08
radial,2,5.022033842073546,0.014399999752640724,0.036158643662929535,1099.98974609375,4.188998453669157e-11,0.23574063181877136,1.013498192037332e-07,0.006255557760596275,2.6678948827907334e-08
radial,2,5.064662545919418,0.014399999752640724,0.03646557033061981,1099.9896240234375,4.529000438568964e-11,0.23574066162109375,1.1341830230549022e-07,0.006255578249692917,2.5789958613131603e-08
radial,2,5.107501314746009,0.014399999752640724,0.036774009466171265,1099.9896240234375,4.845744638881655e-11,0.23574067652225494,1.2456175113584322e-07,0.006255598738789558,2.4923107133645317e-08
radial,2,5.1505522181590395,0.014399999752640724,0.03708397597074509,1099.989501953125,5.13813921965145e-11,0.23574069142341614,1.3546610944104032e-07,0.006255618296563625,2.4079586324887714e-08
radial,2,5.193814738757081,0.014399999752640724,0.03739546611905098,1099.989501953125,5.405028855043348e-11,0.23574069142341614,1.4645380019828735e-07,0.006255637854337692,2.3258742487541895e-08
radial,2,5.237291463547283,0.014399999752640724,0.037708498537540436,1099.989501953125,5.645200279458251e-11,0.23574070632457733,1.5727158597655944e-07,0.006255657412111759,2.2459143877995302e-08
radial,2,5.280982909931077,0.014399999752640724,0.038023076951503754,1099.989501953125,5.85734932778692e-11,0.23574072122573853,1.6878239250672777e-07,0.006255677435547113,2.167980461820207e-08
radial,2,5.324889595309894,0.014399999752640724,0.03833920508623123,1099.989501953125,6.040119099326446e-11,0.23574072122573853,1.8758218800485338e-07,0.006255697924643755,2.0919717513834257e-08
radial,2,5.369013071888023,0.014399999752640724,0.038656894117593765,1099.989501953125,6.192060059140303e-11,0.23574072122573853,2.137179535566247e-07,0.006255718879401684,2.017821643107709e-08
radial,2,5.413354891869757,0.014399999752640724,0.03897615522146225,1099.989501953125,6.311462463770567e-11,0.23574070632457733,2.4163844614122354e-07,0.006255741231143475,1.9455219657515954e-08
radial,2,5.4579150552550955,0.014399999752640724,0.039296988397836685,1099.9896240234375,6.397240376321278e-11,0.23574070632457733,2.718167877446831e-07,0.006255764979869127,1.8771011411899963e-08
radial,2,5.502695114248329,0.014399999752640724,0.03961940482258797,1099.98974609375,6.44743008981763e-11,0.23574069142341614,3.0492984137708845e-07,0.006255790591239929,1.8193958339907113e-08
radial,2,5.547696621053749,0.014399999752640724,0.03994341567158699,1099.9898681640625,6.459634910305212e-11,0.23574067652225494,3.4180010288764606e-07,0.006255818530917168,1.7773512439589467e-08
radial,2,5.592920093072785,0.014399999752640724,0.040269024670124054,1099.9901123046875,6.430795479461793e-11,0.23574064671993256,3.835917254946253e-07,0.006255849730223417,1.7453562151104052e-08
radial,2,5.638367082509729,0.014399999752640724,0.04059624299407005,1099.9903564453125,6.358125831384953e-11,0.23574060201644897,4.3336763155821245e-07,0.006255884654819965,1.716363406956134e-08
radial,2,5.684038106766012,0.014399999752640724,0.040925074368715286,1099.99072265625,6.238848326844959e-11,0.2357405573129654,4.925999519400648e-07,0.006255923770368099,1.6892069965024348e-08
radial,2,5.729934718045923,0.014399999752640724,0.04125552996993065,1099.9912109375,6.070116631562428e-11,0.23574048280715942,5.604453576779633e-07,0.006255968473851681,1.6641839906128553e-08
radial,2,5.776057951152325,0.014399999752640724,0.04158761724829674,1099.99169921875,5.849964263004992e-11,0.23574040830135345,6.371390668391541e-07,0.006256017833948135,1.641814151298604e-08
radial,2,5.822408840888077,0.014399999752640724,0.04192134365439415,1099.992431640625,5.5756399497397524e-11,0.2357403188943863,7.228106255752209e-07,0.006256072781980038,1.6228927535166804e-08
radial,2,5.86898842205604,0.014399999752640724,0.04225671663880348,1099.9932861328125,5.24420611103249e-11,0.23574021458625793,8.168690897036868e-07,0.006256132386624813,1.6083905762798167e-08
radial,2,5.915798246860504,0.014399999752640724,0.04259374737739563,1099.994140625,4.8514678385735976e-11,0.23574009537696838,9.181102882394043e-07,0.006256196182221174,1.59922901588061e-08
radial,2,5.962838832702902,0.014399999752640724,0.04293243959546089,1099.9952392578125,4.391681115989421e-11,0.23573994636535645,1.0250065543004894e-06,0.006256261840462685,1.596234255885065e-08
radial,2,6.000000155634351,0.014399999752640724,0.04320000112056732,1099.99609375,3.9712563099092435e-11,0.2357398271560669,1.110297944251215e-06,0.006256312597543001,1.5994752189385508e-08
radial,3,-6.000000155634351,0.02160000056028366,-0.04320000112056732,1099.9984130859375,1.4073719967200304e-07,0.2357393205165863,2.7582507300394354e-07,0.006256492342799902,8.182796307210083e-08
radial,3,-5.962838832702902,0.02160000056028366,-0.04293243959546089,1099.99853515625,1.569582082083798e-07,0.23573929071426392,2.9368399623308505e-07,0.006256510503590107,8.658315664433758e-08
radial,3,-5.915798246860504,0.02160000056028366,-0.04259374737739563,1099.9986572265625,1.8139039070774743e-07,0.23573924601078033,3.1792617960491043e-07,0.006256533786654472,9.23886247505834e-08
radial,3,-5.86898842205604,0.02160000056028366,-0.04225671663880348,1099.998779296875,2.0524608146388346e-07,0.23573921620845795,3.442397087383142e-07,0.006256557535380125,9.792209709758026e-08
radial,3,-5.822408840888077,0.02160000056028366,-0.04192134365439415,1099.9989013671875,2.2820854894689546e-07,0.23573918640613556,3.722647363701981e-07,0.006256582215428352,1.0315102372260299e-07
radial,3,-5.776057951152325,0.02160000056028366,-0.04158761724829674,1099.9989013671875,2.500682398931531e-07,0.23573915660381317,4.0128207956513506e-07,0.00625660689547658,1.0803157834970989e-07
radial,3,-5.729934718045923,0.02160000056028366,-0.04125552996993065,1099.9989013671875,2.705290000903915e-07,0.23573912680149078,4.305264553750021e-07,0.006256631575524807,1.1251468379214202e-07
radial,3,-5.684038106766012,0.02160000056028366,-0.040925074368715286,1099.9990234375,2.89367221739667e-07,0.2357390969991684,4.5912833002148545e-07,0.006256655789911747,1.1657024856503995e-07
radial,3,-5.638367082509729,0.02160000056028366,-0.04059624299407005,1099.9990234375,3.0647086646240496e-07,0.2357390820980072,4.862434366259549e-07,0.006256679072976112,1.2019249595596193e-07
radial,3,-5.592920093072785,0.02160000056028366,-0.040269024670124054,1099.9990234375,3.2180577136387e-07,0.23573905229568481,5.111612608743599e-07,0.0062567004933953285,1.2338922772414662e-07
radial,3,-5.547696621053749,0.02160000056028366,-0.03994341567158699,1099.9990234375,3.3544634447935096e-07,0.23573903739452362,5.334325123840244e-07,0.0062567200511693954,1.2618696132449259e-07
radial,3,-5.502695114248329,0.02160000056028366,-0.03961940482258797,1099.9991455078125,3.4752156352624297e-07,0.23573902249336243,5.528266910914681e-07,0.0062567382119596004,1.2862388132361957e-07
radial,3,-5.4579150552550955,0.02160000056028366,-0.039296988397836685,1099.9991455078125,3.581508281058632e-07,0.23573900759220123,5.692467084372765e-07,0.006256753578782082,1.3073710647404369e-07
radial,3,-5.413354891869757,0.02160000056028366,-0.03897615522146225,1099.9991455078125,3.6746664022757614e-07,0.23573900759220123,5.827208156006236e-07,0.006256767548620701,1.3256514819204313e-07
radial,3,-5.369013071888023,0.02160000056028366,-0.038656894117593765,1099.9991455078125,3.7563128785222943e-07,0.23573899269104004,5.934876980973058e-07,0.0062567791901528835,1.3414825161817134e-07
radial,3,-5.324889595309894,0.02160000056028366,-0.03833920508623123,1099.9990234375,3.828086505563988e-07,0.23573899269104004,6.018730687173957e-07,0.006256789434701204,1.3552167388297676e-07
radial,3,-5.280982909931077,0.02160000056028366,-0.038023076951503754,1099.9990234375,3.891388473675761e-07,0.23573899269104004,6.081570518290391e-07,0.006256797816604376,1.3671160559169948e-07
radial,3,-5.237291463547283,0.02160000056028366,-0.037708498537540436,1099.9990234375,3.947758102640364e-07,0.23573897778987885,6.127361302787904e-07,0.0062568048015236855,1.3774105411812343e-07
radial,3,-5.193814738757081,0.02160000056028366,-0.03739546611905098,1099.9990234375,3.9983993360692693e-07,0.23573897778987885,6.159697818475252e-07,0.0062568108551204205,1.3862663195141067e-07
radial,3,-5.1505522181590395,0.02160000056028366,-0.03708397597074509,1099.9990234375,4.043936030484474e-07,0.23573897778987885,6.18081571701623e-07,0.006256815977394581,1.3937567189259426e-07
radial,3,-5.107501314746009,0.02160000056028366,-0.036774009466171265,1099.9989013671875,4.085044622570422e-07,0.23573897778987885,6.193270110088633e-07,0.006256820168346167,1.399939009161244e-07
radial,3,-5.064662545919418,0.02160000056028366,-0.03646557033061981,1099.9989013671875,4.122185259802791e-07,0.23573899269104004,6.19915624611167e-07,0.006256823427975178,1.4048535490474023e-07
radial,3,-5.022033842073546,0.02160000056028366,-0.036158643662929535,1099.9989013671875,4.1554469021320983e-07,0.23573899269104004,6.199206836754456e-07,0.006256826221942902,1.4084982069562102e-07
radial,3,-4.979614685806963,0.02160000056028366,-0.035853225737810135,1099.998779296875,4.185057207450882e-07,0.23573899269104004,6.194266006787075e-07,0.006256828084588051,1.4109025414654752e-07
radial,3,-4.937404042316808,0.02160000056028366,-0.035549309104681015,1099.998779296875,4.2112557707696396e-07,0.23573899269104004,6.18492435933149e-07,0.0062568299472332,1.412147412338527e-07
radial,3,-4.8954008768002195,0.02160000056028366,-0.03524688631296158,1099.9986572265625,4.234119330703834e-07,0.23573899269104004,6.171163136059477e-07,0.006256830878555775,1.4123271796506742e-07
radial,3,-4.853603637052907,0.02160000056028366,-0.03494594618678093,1099.99853515625,4.25382125968099e-07,0.23573900759220123,6.152994274088996e-07,0.006256831344217062,1.41150806598489e-07
radial,3,-4.81201180567344,0.02160000056028366,-0.03464648500084877,1099.99853515625,4.2703021563283983e-07,0.23573900759220123,6.129855592007516e-07,0.006256831344217062,1.4096866607360425e-07
radial,3,-4.770624347858959,0.02160000056028366,-0.0343484953045845,1099.9984130859375,4.283320151898806e-07,0.23573900759220123,6.100884206716728e-07,0.006256830878555775,1.4068531584143784e-07
radial,3,-4.7294402288066015,0.02160000056028366,-0.03405196964740753,1099.998291015625,4.293078177397547e-07,0.23573902249336243,6.066470632504206e-07,0.0062568299472332,1.4030264594566688e-07
radial,3,-4.688458413713509,0.02160000056028366,-0.03375690057873726,1099.9981689453125,4.299803322282969e-07,0.23573902249336243,6.027215704307309e-07,0.006256828084588051,1.3982464963646635e-07
radial,3,-4.647677867776818,0.02160000056028366,-0.03346328064799309,1099.9981689453125,4.3037334762630053e-07,0.23573902249336243,5.98388226080715e-07,0.006256826221942902,1.3925723862939776e-07
radial,3,-4.6070980735951,0.02160000056028366,-0.03317110612988472,1099.998046875,4.305180993924296e-07,0.23573903739452362,5.937512241871445e-07,0.006256823893636465,1.3860558567557746e-07
radial,3,-4.5667169615626335,0.02160000056028366,-0.03288036212325096,1099.9979248046875,4.304185665660043e-07,0.23573903739452362,5.888466034775774e-07,0.006256821099668741,1.3787473562842933e-07
radial,3,-4.5265345316794185,0.02160000056028366,-0.03259104862809181,1099.997802734375,4.300879368202004e-07,0.23573903739452362,5.837462140334537e-07,0.006256818305701017,1.370688096358208e-07
radial,3,-4.486549749142594,0.02160000056028366,-0.032303158193826675,1099.9976806640625,4.295546034427389e-07,0.23573905229568481,5.78556409891462e-07,0.006256815046072006,1.3619097671835334e-07
radial,3,-4.446761061747869,0.02160000056028366,-0.032016679644584656,1099.9976806640625,4.288324078061123e-07,0.23573905229568481,5.733536454499699e-07,0.006256811786442995,1.3524359587790968e-07
radial,3,-4.407167952093813,0.02160000056028366,-0.031731609255075455,1099.99755859375,4.2792672161340306e-07,0.235739067196846,5.682060759681917e-07,0.006256808526813984,1.3422885558611597e-07
radial,3,-4.367769385377566,0.02160000056028366,-0.031447939574718475,1099.9974365234375,4.2683925016717694e-07,0.235739067196846,5.631731596622558e-07,0.006256805267184973,1.3314817692844372e-07
radial,3,-4.3285640680955515,0.02160000056028366,-0.03116566129028797,1099.9974365234375,4.255626322446915e-07,0.2357390820980072,5.582956532634853e-07,0.006256802007555962,1.3200511261857173e-07
radial,3,-4.289551482846339,0.02160000056028366,-0.030884770676493645,1099.997314453125,4.2408325384712953e-07,0.2357390820980072,5.536073217626836e-07,0.0062567987479269505,1.3080345695470896e-07
radial,3,-4.250730594827069,0.02160000056028366,-0.030605260282754898,1099.9971923828125,4.223848577566969e-07,0.2357390820980072,5.491247065947391e-07,0.006256795488297939,1.2954680528309837e-07
radial,3,-4.2121003692348795,0.02160000056028366,-0.030327122658491135,1099.9971923828125,4.2044521819661895e-07,0.2357390969991684,5.448313231681823e-07,0.006256792228668928,1.2823679185203218e-07
radial,3,-4.173659771266911,0.02160000056028366,-0.030050350353121758,1099.9970703125,4.182670920727105e-07,0.2357390969991684,5.407572416515904e-07,0.006256789434701204,1.2687642936271004e-07
radial,3,-4.135408283521731,0.02160000056028366,-0.029774939641356468,1099.9969482421875,4.158569879564311e-07,0.2357391119003296,5.369229256757535e-07,0.006256786175072193,1.2546946948077675e-07
radial,3,-4.097344612495767,0.02160000056028366,-0.02950088120996952,1099.9969482421875,4.1319967181152606e-07,0.2357391119003296,5.33286481640971e-07,0.006256782915443182,1.240173048699944e-07
radial,3,-4.05946798208687,0.02160000056028366,-0.029228169471025467,1099.996826171875,4.1029053932106763e-07,0.23573912680149078,5.297892471389787e-07,0.006256780121475458,1.2252164083292882e-07
radial,3,-4.021777098791467,0.02160000056028366,-0.02895679511129856,1099.996826171875,4.071434318575484e-07,0.23573912680149078,5.263960929369205e-07,0.006256776861846447,1.2098678325855872e-07
radial,3,-3.984271703908841,0.02160000056028366,-0.028686756268143654,1099.9967041015625,4.03769348622518e-07,0.23573914170265198,5.230661486166355e-07,0.0062567731365561485,1.194179901631287e-07
radial,3,-3.9469505039354167,0.02160000056028366,-0.028418043628335,1099.9967041015625,4.0018758795667964e-07,0.23573915660381317,5.197435370973835e-07,0.006256769876927137,1.1781979480929294e-07
radial,3,-3.9098124640683336,0.02160000056028366,-0.028150649741292,1099.99658203125,3.964480583817931e-07,0.23573915660381317,5.164341700947261e-07,0.006256766151636839,1.1620042528193153e-07
radial,3,-3.872857066906161,0.02160000056028366,-0.027884570881724358,1099.99658203125,3.925944440652529e-07,0.23573917150497437,5.13143504576874e-07,0.006256761960685253,1.1456778281626612e-07
radial,3,-3.836083018945323,0.02160000056028366,-0.027619797736406326,1099.9964599609375,3.8864428120177763e-07,0.23573918640613556,5.098523843116709e-07,0.006256757769733667,1.1292816282093554e-07
radial,3,-3.79948980278439,0.02160000056028366,-0.027356326580047607,1099.9964599609375,3.845838705274218e-07,0.23573920130729675,5.064904371465673e-07,0.006256753578782082,1.112809613346144e-07
radial,3,-3.7630761249197855,0.02160000056028366,-0.027094148099422455,1099.9964599609375,3.8041466154936643e-07,0.23573920130729675,5.030167926634022e-07,0.006256748456507921,1.0962185115204193e-07
radial,3,-3.7268414679500794,0.02160000056028366,-0.02683325856924057,1099.996337890625,3.761392122214602e-07,0.23573921620845795,4.993910920347844e-07,0.006256743799895048,1.0793925042662522e-07
radial,3,-3.6907847970724106,0.02160000056028366,-0.026573650538921356,1099.996337890625,3.7174692124608555e-07,0.23573923110961914,4.955655867888709e-07,0.0062567382119596004,1.0621118207154723e-07
radial,3,-3.654905336184634,0.02160000056028366,-0.026315318420529366,1099.9962158203125,3.672151649425359e-07,0.23573924601078033,4.914974169878406e-07,0.0062567321583628654,1.0442517606179536e-07
radial,3,-3.619202050483889,0.02160000056028366,-0.026058254763484,1099.9962158203125,3.6253138091524306e-07,0.23573926091194153,4.87177373997838e-07,0.0062567261047661304,1.0259839200443821e-07
radial,3,-3.58367416386803,0.02160000056028366,-0.025802453979849815,1099.99609375,3.577122242859332e-07,0.23573929071426392,4.826254667023022e-07,0.006256719119846821,1.0075184064817222e-07
radial,3,-3.548320641534196,0.02160000056028366,-0.02554790861904621,1099.99609375,3.5277446386317024e-07,0.2357393056154251,4.778064521815395e-07,0.006256712134927511,9.888985630368552e-08
radial,3,-3.513140966080957,0.02160000056028366,-0.02529461495578289,1099.9959716796875,3.477297809695301e-07,0.2357393205165863,4.726749409655895e-07,0.006256704684346914,9.701240344384132e-08
radial,3,-3.4781341027054524,0.02160000056028366,-0.025042565539479256,1099.9959716796875,3.4258130199305015e-07,0.2357393354177475,4.671367435093998e-07,0.006256696302443743,9.5116369891457e-08
radial,3,-3.4432992753055363,0.02160000056028366,-0.02479175478219986,1099.995849609375,3.373516221927275e-07,0.23573936522006989,4.611149222455424e-07,0.006256687920540571,9.32058696889726e-08
radial,3,-3.408635449078348,0.02160000056028366,-0.024542175233364105,1099.995849609375,3.320608357171295e-07,0.23573938012123108,4.5454771679942496e-07,0.006256678607314825,9.128941513836253e-08
radial,3,-3.3741418479217424,0.02160000056028366,-0.024293821305036545,1099.9957275390625,3.2673082728251757e-07,0.23573939502239227,4.473472472454887e-07,0.006256668828427792,8.937596618352472e-08
radial,3,-3.339817695733574,0.02160000056028366,-0.02404668740928173,1099.9957275390625,3.2140459893525986e-07,0.23573942482471466,4.39437798149811e-07,0.0062566581182181835,8.748033053507243e-08
radial,3,-3.3056622164116964,0.02160000056028366,-0.023800767958164215,1099.99560546875,3.161841277687927e-07,0.23573943972587585,4.309355858822528e-07,0.006256646942347288,8.562140862977685e-08
radial,3,-3.2716746338539653,0.02160000056028366,-0.02355605736374855,1099.99560546875,3.11257082330485e-07,0.23573946952819824,4.221060123654752e-07,0.0062566353008151054,8.382411920138111e-08
radial,3,-3.2378539132575197,0.02160000056028366,-0.02331254817545414,1099.99560546875,3.068579133014282e-07,0.23573948442935944,4.1316994270346186e-07,0.006256623659282923,8.211880242470215e-08
radial,3,-3.204199278520213,0.02160000056028366,-0.023070234805345535,1099.9954833984375,3.032135964531335e-07,0.23573951423168182,4.043110379825521e-07,0.006256612483412027,8.052812461301073e-08
radial,3,-3.1707099535399013,0.02160000056028366,-0.02282911166548729,1099.9954833984375,3.004848281307204e-07,0.23573952913284302,3.9570159060531296e-07,0.006256600841879845,7.906773902277564e-08
radial,3,-3.1373854209151535,0.02160000056028366,-0.022589175030589104,1099.9954833984375,2.9868772344343597e-07,0.2357395589351654,3.874914398238616e-07,0.006256589666008949,7.773945043254571e-08
radial,3,-3.1042243871423936,0.02160000056028366,-0.022350415587425232,1099.9954833984375,2.976460962145211e-07,0.2357395738363266,3.7977815736667253e-07,0.0062565794214606285,7.65247136769176e-08
radial,3,-3.071226076119476,0.02160000056028366,-0.022112827748060226,1099.9954833984375,2.969791239593178e-07,0.235739603638649,3.726208035459422e-07,0.006256569176912308,7.538857715871927e-08
radial,3,-3.0383899704449706,0.02160000056028366,-0.02187640778720379,1099.9954833984375,2.9611166496579244e-07,0.23573961853981018,3.659974652236997e-07,0.006256559398025274,7.427265558135332e-08
radial,3,-3.005715294016732,0.02160000056028366,-0.02164115011692047,1099.9954833984375,2.9446616167660977e-07,0.23573963344097137,3.5982426993541594e-07,0.006256549619138241,7.31160554323651e-08
radial,3,-2.9732010120318995,0.02160000056028366,-0.021407047286629677,1099.9954833984375,2.916752634973818e-07,0.23573964834213257,3.539514352723927e-07,0.006256540305912495,7.188064188312637e-08
radial,3,-2.9408466070890427,0.02160000056028366,-0.021174095571041107,1099.9954833984375,2.876323037526163e-07,0.23573967814445496,3.482037982394104e-07,0.006256530061364174,7.055721340520904e-08
radial,3,-2.9086510443853006,0.02160000056028366,-0.020942287519574165,1099.9954833984375,2.8246461170056136e-07,0.23573969304561615,3.4249435998390254e-07,0.00625652028247714,6.916408068491364e-08
radial,3,-2.876613547818528,0.02160000056028366,-0.020711617544293404,1099.9954833984375,2.7643707767310843e-07,0.23573972284793854,3.3683272704365663e-07,0.00625651003792882,6.773495186962464e-08
radial,3,-2.844733599987295,0.02160000056028366,-0.020482081919908524,1099.9954833984375,2.6983909151567786e-07,0.23573973774909973,3.312710816771869e-07,0.006256499793380499,6.630013871244955e-08
radial,3,-2.8130101660887403,0.02160000056028366,-0.020253673195838928,1099.99560546875,2.629576840718073e-07,0.23573975265026093,3.2587666964900563e-07,0.006256490014493465,6.488550496897005e-08
radial,3,-2.781442470020718,0.02160000056028366,-0.02002638578414917,1099.99560546875,2.5608215992178884e-07,0.2357397824525833,3.2074322575681435e-07,0.006256480701267719,6.351776704605072e-08
radial,3,-2.7500299943817987,0.02160000056028366,-0.01980021595954895,1099.99560546875,2.4947883048298536e-07,0.2357397973537445,3.160019446113438e-07,0.006256471388041973,6.222137471922906e-08
radial,3,-2.718771704369121,0.02160000056028366,-0.019575156271457672,1099.99560546875,2.4337421677955717e-07,0.2357398271560669,3.117996527635114e-07,0.006256463006138802,6.101610239284128e-08
radial,3,-2.6876670825812554,0.02160000056028366,-0.019351202994585037,1099.99560546875,2.3795740844434476e-07,0.2357398420572281,3.083299588979571e-07,0.006256455555558205,5.991716989228735e-08
radial,3,-2.656715352916055,0.02160000056028366,-0.019128350540995598,1099.9957275390625,2.3338273535955523e-07,0.23573985695838928,3.058868287553196e-07,0.006256448570638895,5.8934855218240045e-08
radial,3,-2.6259154805706606,0.02160000056028366,-0.018906591460108757,1099.995849609375,2.2979638458764384e-07,0.23573987185955048,3.050054431241733e-07,0.006256443448364735,5.808231406945197e-08
radial,3,-2.595266948143641,0.02160000056028366,-0.018685922026634216,1099.9959716796875,2.2732545801318338e-07,0.23573987185955048,3.067287082103576e-07,0.006256440654397011,5.737541641792632e-08
radial,3,-2.564768979532851,0.02160000056028366,-0.018466336652636528,1099.996337890625,2.260540554743784e-07,0.23573987185955048,3.1309429004977574e-07,0.006256441120058298,5.682844772536555e-08
radial,3,-2.534420798636145,0.02160000056028366,-0.018247829750180244,1099.996826171875,2.2606090510635113e-07,0.23573985695838928,3.281504632468568e-07,0.006256448104977608,5.646846545914741e-08
radial,3,-2.5042216293513775,0.02160000056028366,-0.018030395731329918,1099.99755859375,2.2742810301679128e-07,0.2357398122549057,3.600419518079434e-07,0.006256467662751675,5.63478224080427e-08
radial,3,-2.474170954277118,0.02160000056028366,-0.01781403087079525,1099.998779296875,2.3018723993573076e-07,0.23573972284793854,4.248545337759424e-07,0.006256512366235256,5.6549307458908515e-08
radial,3,-2.444267997311221,0.02160000056028366,-0.017598729580640793,1100.000732421875,2.342460021509396e-07,0.23573951423168182,5.544102918975113e-07,0.006256605964154005,5.7206424486366814e-08
radial,3,-2.4145117236508264,0.02160000056028366,-0.01738448441028595,1100.0037841796875,2.394369289504539e-07,0.2357391119003296,8.138522389344871e-07,0.0062567987479269505,5.857501150785538e-08
radial,3,-2.384901615894503,0.02160000056028366,-0.017171291634440422,1100.0086669921875,2.4545974497414136e-07,0.23573826253414154,1.3477584843712975e-06,0.006257202010601759,6.108431449547425e-08
radial,3,-2.355437156640821,0.02160000056028366,-0.01695914752781391,1100.0164794921875,2.5188379026985785e-07,0.2357364296913147,2.496026809239993e-06,0.0062580774538218975,6.542312291912822e-08
radial,3,-2.3261173110869198,0.02160000056028366,-0.01674804463982582,1100.0291748046875,2.579848228378978e-07,0.23573234677314758,5.060985131422058e-06,0.006260029040277004,7.268272383953445e-08
radial,3,-2.2969415618313684,0.02160000056028366,-0.016537979245185852,1100.0501708984375,2.619506176415598e-07,0.23572279512882233,1.1069174433941953e-05,0.006264586467295885,8.449775634744583e-08
radial,3,-2.2679091327720218,0.02160000056028366,-0.016328945755958557,1100.085205078125,2.600956747755845e-07,0.23569850623607635,2.6376466848887503e-05,0.0062761870212852955,1.0312905374121328e-07
radial,3,-2.2390192478067346,0.02160000056028366,-0.01612093858420849,1100.1455078125,2.503402072306926e-07,0.23563095927238464,6.896860577398911e-05,0.006308445706963539,1.303592824797306e-07
radial,3,-2.210271130833361,0.02160000056028366,-0.0159139521420002,1100.2484130859375,2.2018053869032883e-07,0.23543962836265564,0.0001897043694043532,0.006399847567081451,1.599176044919659e-07
radial,3,-2.181664523151186,0.02160000056028366,-0.015707984566688538,1100.4169921875,1.696509457360662e-07,0.2349451333284378,0.0005018688971176744,0.006636114325374365,1.7707772315134207e-07
radial,3,-2.153198260606991,0.02160000056028366,-0.015503027476370335,1100.673828125,1.1981735781319003e-07,0.23387613892555237,0.0011767109390348196,0.007146849762648344,1.7437209010040533e-07
radial,3,-2.1248719551497035,0.02160000056028366,-0.015299078077077866,1101.033935546875,8.006431784224333e-08,0.23199953138828278,0.0023613893426954746,0.008043443784117699,1.5721619206487958e-07
radial,3,-2.096684701326821,0.02160000056028366,-0.015096129849553108,1101.499267578125,5.0900798242992096e-08,0.22926929593086243,0.004084932617843151,0.009347883053123951,1.360798762561899e-07
radial,3,-2.0686359817369118,0.02160000056028366,-0.014894179068505764,1102.0594482421875,3.04114280424983e-08,0.2258269041776657,0.0062580290250480175,0.010992585681378841,1.2015692618660978e-07
radial,3,-2.0407250202778315,0.02160000056028366,-0.014693220146000385,1102.696533203125,1.607415356374986e-08,0.22188414633274078,0.00874697882682085,0.012876364402472973,1.1484712558740284e-07
radial,3,-2.0129511701977916,0.02160000056028366,-0.014493248425424099,1103.3924560546875,7.27434645853009e-09,0.21762563288211823,0.01143526379019022,0.01491103507578373,1.2243592095728673e-07
radial,3,-1.9853137847450044,0.02160000056028366,-0.014294259250164032,1104.132080078125,3.2582370135258998e-09,0.21317771077156067,0.014243103563785553,0.01703621633350849,1.4420065497233736e-07
radial,3,-1.9578120878173246,0.02160000056028366,-0.014096247032284737,1104.904296875,1.3709849921994532e-09,0.20861616730690002,0.0171226616948843,0.01921570487320423,1.818388000174309e-07
radial,3,-1.9304455620133214,0.02160000056028366,-0.013899208046495914,1105.7015380859375,3.387260749665444e-10,0.20398300886154175,0.020047415047883987,0.02142942324280739,2.3741587540371256e-07
radial,3,-1.9032134312308497,0.02160000056028366,-0.013703136704862118,1106.5191650390625,3.4754678301940345e-11,0.19930033385753632,0.023003412410616875,0.023666823282837868,3.137083126603102e-07
radial,3,-1.8761150487181213,0.02160000056028366,-0.013508028350770473,1107.353759765625,1.1854433233648987e-11,0.1945791244506836,0.025983719155192375,0.025922657921910286,4.146034200402937e-07
radial,3,-1.8491498970737061,0.02160000056028366,-0.013313879258930683,1108.203369140625,1.1893886917024865e-11,0.1898244172334671,0.02898513525724411,0.02819451317191124,5.451984179671854e-07
radial,3,-1.8223170708451006,0.02160000056028366,-0.013120682910084724,1109.06640625,1.2731244010411036e-11,0.18503837287425995,0.03200630471110344,0.03048137202858925,7.119920155673753e-07
radial,3,-1.7956161819812324,0.02160000056028366,-0.012928436510264874,1109.9420166015625,1.3731722356413734e-11,0.18022170662879944,0.035046759992837906,0.032782893627882004,9.231030730916245e-07
radial,3,-1.7690463250295985,0.02160000056028366,-0.012737133540213108,1110.8294677734375,1.4961762731524608e-11,0.17537431418895721,0.03810654953122139,0.035099126398563385,1.1885584854098852e-06
radial,3,-1.7426071119391255,0.02160000056028366,-0.012546771205961704,1111.7286376953125,1.687836849451063e-11,0.17049570381641388,0.04118596762418747,0.03743031248450279,1.5206650232357788e-06
radial,3,-1.7162977666076686,0.02160000056028366,-0.012357343919575214,1112.63916015625,2.06931936863608e-11,0.16558529436588287,0.0442853607237339,0.03977673873305321,1.9344722659297986e-06
radial,3,-1.6901176422834396,0.02160000056028366,-0.012168847024440765,1113.5614013671875,2.6735965871771405e-11,0.16064272820949554,0.04740495979785919,0.04213859513401985,2.448333589200047e-06
radial,3,-1.6640660922146506,0.02160000056028366,-0.011981275863945484,1114.4957275390625,3.550451252443132e-11,0.15566791594028473,0.05054476112127304,0.04451592266559601,3.0845878882246325e-06
radial,3,-1.6381424696495137,0.02160000056028366,-0.011794625781476498,1115.4427490234375,6.552509229651449e-11,0.15066127479076385,0.05370448902249336,0.04690854623913765,3.8703810787410475e-06
radial,3,-1.6123462571865983,0.02160000056028366,-0.011608893051743507,1116.4036865234375,1.2859302511714077e-09,0.14562369883060455,0.056883543729782104,0.04931606352329254,4.838647328142542e-06
radial,3,-1.5866768080741167,0.02160000056028366,-0.01142407301813364,1117.3800048828125,6.22639140246406e-09,0.14055661857128143,0.060080964118242264,0.05173780024051666,6.02916270509013e-06
radial,3,-1.5611333462099235,0.02160000056028366,-0.011240160092711449,1118.374267578125,1.5635011507697527e-08,0.13546212017536163,0.0632954016327858,0.05417280271649361,7.489688414352713e-06
radial,3,-1.5357154835429456,0.02160000056028366,-0.011057151481509209,1119.3896484375,2.907899521176205e-08,0.13034309446811676,0.06652495265007019,0.05661972239613533,9.277408025809564e-06
radial,3,-1.5104224439710379,0.02160000056028366,-0.010875041596591473,1120.4305419921875,4.7522064505756134e-08,0.12520445883274078,0.06976645439863205,0.059076253324747086,1.1460207133495715e-05
radial,3,-1.485253580742412,0.02160000056028366,-0.010693825781345367,1121.502685546875,7.287073344741657e-08,0.12005463242530823,0.07301449030637741,0.06153843551874161,1.411733956047101e-05
radial,3,-1.4602083764556382,0.02160000056028366,-0.010513500310480595,1122.6142578125,1.0788512838644237e-07,0.11490444839000702,0.07626214623451233,0.0640011578798294,1.7340629710815847e-05
radial,3,-1.4352863137092855,0.02160000056028366,-0.010334061458706856,1123.7764892578125,1.565482108389915e-07,0.10976603627204895,0.07950165867805481,0.06645872443914413,2.123585181834642e-05
radial,3,-1.4104866164012089,0.02160000056028366,-0.010155503638088703,1125.0050048828125,2.2465957272288506e-07,0.10465522110462189,0.08272292464971542,0.06890368461608887,2.592115561128594e-05
radial,3,-1.38580863777962,0.02160000056028366,-0.009977822192013264,1126.3209228515625,3.206890255569306e-07,0.09959431737661362,0.08591173589229584,0.07132550328969955,3.1521707569481805e-05
radial,3,-1.3612519897934463,0.02160000056028366,-0.009801014326512814,1127.7528076171875,4.5703345108449867e-07,0.09461364895105362,0.08904886990785599,0.0737098753452301,3.816041862592101e-05
radial,3,-1.3368160256909,0.02160000056028366,-0.00962507538497448,1129.3382568359375,6.518140480693546e-07,0.08975272625684738,0.0921093299984932,0.07603813707828522,4.594254642142914e-05
radial,3,-1.3124999693698354,0.02160000056028366,-0.009449999779462814,1131.1275634765625,9.314310318586649e-07,0.08506104350090027,0.09506186842918396,0.07828686386346817,5.4932879720581695e-05
radial,3,-1.288194390427735,0.02160000056028366,-0.009274999611079693,1133.1951904296875,1.3361424180402537e-06,0.08057808876037598,0.09788163006305695,0.08043751865625381,6.517530709970742e-05
radial,3,-1.2638889408359926,0.02160000056028366,-0.009100000374019146,1135.630126953125,1.923386662383564e-06,0.07636760175228119,0.10052860528230667,0.08246000111103058,7.659786206204444e-05
radial,3,-1.2401969999902778,0.02160000056028366,-0.00892941839993,1138.466064453125,2.7507610411703354e-06,0.07258108258247375,0.10290779173374176,0.08428196609020233,8.872491162037477e-05
radial,3,-1.2167224970956643,0.02160000056028366,-0.008760401979088783,1141.863037109375,3.930386355932569e-06,0.06917707622051239,0.10504557937383652,0.08592379838228226,0.00010154242045246065
radial,3,-1.1934633625464308,0.02160000056028366,-0.008592936210334301,1145.9786376953125,5.611782853520708e-06,0.06615783274173737,0.10694090276956558,0.08738496154546738,0.0001149473901023157
radial,3,-1.1704177854375708,0.02160000056028366,-0.008427008055150509,1151.02978515625,8.022917427297216e-06,0.06349170207977295,0.10861381888389587,0.08868145942687988,0.00012909604993183166
radial,3,-1.1475835668130054,0.02160000056028366,-0.008262601681053638,1157.341064453125,1.1538187209225725e-05,0.06111399084329605,0.11010485142469406,0.08984562009572983,0.0001446328969905153
radial,3,-1.124959025118086,0.02160000056028366,-0.00809970498085022,1165.4263916015625,1.6823489204398356e-05,0.05893118306994438,0.11147193610668182,0.09092463552951813,0.00016304885502904654
radial,3,-1.102541961396734,0.02160000056028366,-0.007938302122056484,1176.150146484375,2.5172106688842177e-05,0.056817442178726196,0.11279206722974777,0.09198317676782608,0.00018741009989753366
radial,3,-1.0803306940943003,0.02160000056028366,-0.007778380997478962,1191.056640625,3.937988367397338e-05,0.05458935722708702,0.11417549848556519,0.09311765432357788,0.00022418728622142226
radial,3,-1.0583232829554214,0.02160000056028366,-0.007619927637279034,1212.937255859375,6.610872515011579e-05,0.05195331200957298,0.11579449474811554,0.09448593854904175,0.0002877833030652255
radial,3,-1.0365177230495546,0.02160000056028366,-0.007462927605956793,1246.338623046875,0.00012190382403787225,0.04844742268323898,0.11790965497493744,0.0963415801525116,0.00040975341107696295
radial,3,-1.0149123328220513,0.02160000056028366,-0.0073073687963187695,1296.8702392578125,0.00024622338241897523,0.043483905494213104,0.12082821130752563,0.09901393949985504,0.0006494645494967699
radial,3,-0.9935051720175478,0.02160000056028366,-0.007153237238526344,1368.125732421875,0.0005229783128015697,0.03665471076965332,0.1247120127081871,0.10273882001638412,0.001085593830794096
radial,3,-0.9722944944062167,0.02160000056028366,-0.00700052035972476,1457.44775390625,0.0011026636930182576,0.028241630643606186,0.12931564450263977,0.10736098885536194,0.0017533545615151525
radial,3,-0.9512784244078729,0.02160000056028366,-0.006849204655736685,1554.47509765625,0.0022118978668004274,0.019445860758423805,0.13397370278835297,0.11217168718576431,0.0025237647350877523
radial,3,-0.9304552157926891,0.02160000056028366,-0.006699277553707361,1644.18408203125,0.004147442523390055,0.012030528858304024,0.13795726001262665,0.11606849730014801,0.0030064068268984556
radial,3,-0.9098231223308378,0.02160000056028366,-0.006550726480782032,1716.453125,0.007029565516859293,0.007086800877004862,0.14087362587451935,0.11836666613817215,0.0029283263720571995
radial,3,-0.8893803331173129,0.02160000056028366,-0.0064035383984446526,1773.108642578125,0.01058954931795597,0.004196444526314735,0.1427520364522934,0.11939271539449692,0.0025222492404282093
radial,3,-0.8691251019222869,0.02160000056028366,-0.0062577007338404655,1820.3037109375,0.014495671726763248,0.002481283387169242,0.1438092738389969,0.11975641548633575,0.002115691779181361
radial,3,-0.8490558118662901,0.02160000056028366,-0.006113201845437288,1861.5845947265625,0.01858736202120781,0.0014576741959899664,0.14424705505371094,0.11977450549602509,0.00182828726246953
radial,3,-0.8291706520443162,0.02160000056028366,-0.005970028694719076,1898.94580078125,0.022784896194934845,0.0008609844371676445,0.14420510828495026,0.1196056380867958,0.0017015368212014437
radial,3,-0.8094679409017166,0.02160000056028366,-0.005828169174492359,1933.693359375,0.027049362659454346,0.0005293706199154258,0.14381058514118195,0.11933095008134842,0.001717186882160604
radial,3,-0.7899461262342002,0.02160000056028366,-0.005687612108886242,1966.759033203125,0.03136315941810608,0.0003556480223778635,0.1431955248117447,0.11899527907371521,0.0018231890862807631
radial,3,-0.7706033971367611,0.02160000056028366,-0.00554834445938468,1998.6353759765625,0.03571952134370804,0.0002815276093315333,0.1424420326948166,0.1186196506023407,0.0019852840341627598
radial,3,-0.7514381367299292,0.02160000056028366,-0.00541035458445549,2029.5089111328125,0.040116969496011734,0.0002809214638546109,0.14158475399017334,0.1182127371430397,0.0021882697474211454
radial,3,-0.7324487928094136,0.02160000056028366,-0.0052736313082277775,2059.37109375,0.04455690458416939,0.00035120497341267765,0.14062868058681488,0.11777523905038834,0.0024295318871736526
radial,3,-0.7136336838205656,0.02160000056028366,-0.005138162523508072,2088.0498046875,0.049042705446481705,0.0005085896700620651,0.13955333828926086,0.11730097979307175,0.002717308234423399
radial,3,-0.6949912575590942,0.02160000056028366,-0.005003937054425478,2115.177001953125,0.053577251732349396,0.0007895355811342597,0.13830941915512085,0.11677606403827667,0.0030722152441740036
radial,3,-0.6765198971455296,0.02160000056028366,-0.004870943259447813,2140.1142578125,0.0581614188849926,0.0012604951625689864,0.13680832087993622,0.1161760464310646,0.003531788708642125
radial,3,-0.6582180503755808,0.02160000056028366,-0.004739169962704182,2161.85595703125,0.06279991567134857,0.0020338615868240595,0.13489945232868195,0.11545956879854202,0.004159911070019007
radial,3,-0.6400841003697779,0.02160000056028366,-0.004608605522662401,2178.844970703125,0.06750541925430298,0.0032940648961812258,0.13233773410320282,0.11455783993005753,0.005059508141130209
radial,3,-0.6221166242741877,0.02160000056028366,-0.004479239694774151,2189.15478515625,0.07229715585708618,0.005284521263092756,0.1288800984621048,0.11335965991020203,0.006299289874732494
radial,3,-0.60431400520934,0.02160000056028366,-0.004351060837507248,2190.57177734375,0.07720497995615005,0.00831117294728756,0.12434065341949463,0.11169369518756866,0.007864722050726414
radial,3,-0.586674690970944,0.02160000056028366,-0.004224057774990797,2180.92822265625,0.08227715641260147,0.012781930156052113,0.11853981763124466,0.10931240767240524,0.009677957743406296
radial,3,-0.5691973233802451,0.02160000056028366,-0.004098220728337765,2156.67333984375,0.0875837430357933,0.019199004396796227,0.11134926974773407,0.10588573664426804,0.011563758365809917
radial,3,-0.5518803502329522,0.02160000056028366,-0.003973538521677256,2113.85302734375,0.09321487694978714,0.028101881965994835,0.10277972370386124,0.10101889073848724,0.01320295687764883
radial,3,-0.5347222193247743,0.02160000056028366,-0.0038499999791383743,2050.108642578125,0.09926550835371017,0.03994125872850418,0.09307224303483963,0.09431959688663483,0.014148623682558537
radial,3,-0.5173611053679552,0.02160000056028366,-0.0037249999586492777,1964.8968505859375,0.10581805557012558,0.05486314371228218,0.08251500129699707,0.08560249954462051,0.01408206857740879
radial,3,-0.49999999141113627,0.02160000056028366,-0.003599999938160181,1868.2554931640625,0.1123511791229248,0.07123328745365143,0.07202336937189102,0.07585735619068146,0.013177954591810703
radial,3,-0.4772727131947047,0.02160000056028366,-0.003436363535001874,1743.1748046875,0.12008798867464066,0.0919012799859047,0.05950091406702995,0.06344247609376907,0.01148850005120039
radial,3,-0.4545454673158626,0.02160000056028366,-0.0032727273646742105,1630.7685546875,0.12659962475299835,0.11009583622217178,0.048847734928131104,0.05246047303080559,0.009724722243845463
radial,3,-0.43181818909943104,0.02160000056028366,-0.0031090909615159035,1535.4246826171875,0.13190114498138428,0.1253102719783783,0.04009943827986717,0.04325561225414276,0.008131662383675575
radial,3,-0.40909091088299954,0.02160000056028366,-0.0029454545583575964,1456.397705078125,0.1361895054578781,0.13781416416168213,0.032983310520648956,0.035680606961250305,0.0067679095081985
radial,3,-0.386363632666568,0.02160000056028366,-0.0027818181551992893,1391.6910400390625,0.13965480029582977,0.14801092445850372,0.027216041460633278,0.02949792705476284,0.005628822837024927
radial,3,-0.3636363544501364,0.02160000056028366,-0.0026181817520409822,1339.009521484375,0.14246167242527008,0.1563093215227127,0.022540684789419174,0.024463023990392685,0.004687633365392685
radial,3,-0.3409090762337049,0.02160000056028366,-0.002454545348882675,1296.20361328125,0.14474432170391083,0.1630694568157196,0.01874152570962906,0.020359212532639503,0.003913058899343014
radial,3,-0.31818183035486275,0.02160000056028366,-0.0022909091785550117,1261.419189453125,0.14660918712615967,0.16859033703804016,0.015643902122974396,0.017006076872348785,0.003275923430919647
radial,3,-0.2954545521384312,0.02160000056028366,-0.0021272727753967047,1233.1251220703125,0.1481393724679947,0.17311222851276398,0.013109508901834488,0.014258438721299171,0.0027513273525983095
radial,3,-0.2727272739219997,0.02160000056028366,-0.0019636363722383976,1210.08251953125,0.1493995636701584,0.17682582139968872,0.011029583401978016,0.012000972405076027,0.0023187894839793444
radial,3,-0.24999999570556813,0.02160000056028366,-0.0017999999690800905,1191.3004150390625,0.15044008195400238,0.17988140881061554,0.009318927302956581,0.010142726823687553,0.0019617921207100153
radial,3,-0.2272727336579313,0.02160000056028366,-0.0016363636823371053,1175.991455078125,0.1513000875711441,0.18239715695381165,0.0079108364880085,0.008612166158854961,0.0016671459889039397
radial,3,-0.20454545544149977,0.02160000056028366,-0.0014727272791787982,1163.5323486328125,0.15201012790203094,0.18446588516235352,0.006753092166036367,0.007353097200393677,0.001424379413947463
radial,3,-0.1818181772250682,0.02160000056028366,-0.0013090908760204911,1153.431396484375,0.15259410440921783,0.1861604005098343,0.005804805085062981,0.006321416702121496,0.0012252095621079206
radial,3,-0.15909091517743137,0.02160000056028366,-0.0011454545892775059,1145.3018798828125,0.1530705988407135,0.18753774464130402,0.005033999681472778,0.005482569802552462,0.0010631090262904763
radial,3,-0.13636363696099985,0.02160000056028366,-0.0009818181861191988,1138.84130859375,0.15345412492752075,0.18864242732524872,0.004415757954120636,0.004809590522199869,0.0009329621680080891
radial,3,-0.11363636682896565,0.02160000056028366,-0.0008181818411685526,1133.8155517578125,0.15375588834285736,0.18950887024402618,0.003930820617824793,0.0042816163040697575,0.0008307972457259893
radial,3,-0.0909090886125341,0.02160000056028366,-0.0006545454380102456,1130.046142578125,0.15398438274860382,0.1901632845401764,0.003564538899809122,0.003882764372974634,0.000753583328332752
radial,3,-0.06818181848049992,0.02160000056028366,-0.0004909090930595994,1127.401123046875,0.15414589643478394,0.19062504172325134,0.0033060896676033735,0.0036012926138937473,0.0006990746478550136
radial,3,-0.04545454430626705,0.02160000056028366,-0.0003272727190051228,1125.78857421875,0.1542447954416275,0.1909075677394867,0.003147990209981799,0.0034290794283151627,0.0006657160120084882
radial,3,-0.022727272153133526,0.02160000056028366,-0.0001636363595025614,1125.15283203125,0.15428373217582703,0.19101902842521667,0.003085673088207841,0.0033611662220209837,0.000652556715067476
radial,3,0.0,0.02160000056028366,0.0,1125.4716796875,0.15426377952098846,0.1909627914428711,0.003117254236713052,0.0033955052495002747,0.0006592028075829148
radial,3,0.022727272153133526,0.02160000056028366,0.0001636363595025614,1126.754638671875,0.1541845053434372,0.1907375156879425,0.003243508515879512,0.0035329340025782585,0.0006858137203380466
radial,3,0.04545454430626705,0.02160000056028366,0.0003272727190051228,1129.044189453125,0.15404388308525085,0.1903369426727295,0.0034679300151765347,0.0037772427313029766,0.000733114022295922
radial,3,0.06818181848049992,0.02160000056028366,0.0004909090930595994,1132.417724609375,0.1538381725549698,0.18974968791007996,0.003796880366280675,0.004135331138968468,0.0008024232229217887
radial,3,0.0909090886125341,0.02160000056028366,0.0006545454380102456,1136.9906005859375,0.15356190502643585,0.18895883858203888,0.004239835310727358,0.004617474041879177,0.0008957042009569705
radial,3,0.11363636682896565,0.02160000056028366,0.0008181818411685526,1142.9222412109375,0.153207466006279,0.18794097006320953,0.004809897392988205,0.005237873177975416,0.0010156658245250583
radial,3,0.13636363696099985,0.02160000056028366,0.0009818181861191988,1150.424072265625,0.1527647227048874,0.18666501343250275,0.005524468142539263,0.006015374790877104,0.001165894791483879
radial,3,0.15909091517743137,0.02160000056028366,0.0011454545892775059,1159.7703857421875,0.15222051739692688,0.18509061634540558,0.006406176369637251,0.006974461954087019,0.001351036480627954
radial,3,0.1818181772250682,0.02160000056028366,0.0013090908760204911,1171.3131103515625,0.15155790746212006,0.18316590785980225,0.007484125904738903,0.00814658310264349,0.0015770343597978354
radial,3,0.20454545544149977,0.02160000056028366,0.0014727272791787982,1185.500244140625,0.1507551521062851,0.1808246672153473,0.008795547299087048,0.009571896865963936,0.0018514383118599653
radial,3,0.2272727336579313,0.02160000056028366,0.0016363636823371053,1202.9012451171875,0.1497843861579895,0.17798227071762085,0.01038812194019556,0.011301718652248383,0.002183828968554735
radial,3,0.24999999570556813,0.02160000056028366,0.0017999999690800905,1224.237060546875,0.14860983192920685,0.17453095316886902,0.01232275553047657,0.01340139377862215,0.00258628954179585
radial,3,0.2727272739219997,0.02160000056028366,0.0019636363722383976,1250.4107666015625,0.14718593657016754,0.17033444344997406,0.014676758088171482,0.015953505411744118,0.0030738830100744963
radial,3,0.2954545521384312,0.02160000056028366,0.0021272727753967047,1282.56103515625,0.14545376598834991,0.16521881520748138,0.01754939556121826,0.01906345598399639,0.003665464697405696
radial,3,0.31818183035486275,0.02160000056028366,0.0022909091785550117,1322.11279296875,0.14333698153495789,0.15896253287792206,0.0210681464523077,0.022865429520606995,0.0043843467719852924
radial,3,0.3409090762337049,0.02160000056028366,0.002454545348882675,1370.8004150390625,0.1407380849123001,0.15128976106643677,0.025393813848495483,0.027526333928108215,0.005258131306618452
radial,3,0.3636363544501364,0.02160000056028366,0.0026181817520409822,1430.6798095703125,0.13753299415111542,0.141862690448761,0.03072751685976982,0.03325020894408226,0.006317703053355217
radial,3,0.386363632666568,0.02160000056028366,0.0027818181551992893,1504.0572509765625,0.13356615602970123,0.13028354942798615,0.03731508553028107,0.04027638956904411,0.007593068294227123
radial,3,0.40909091088299954,0.02160000056028366,0.0029454545583575964,1593.1900634765625,0.12865102291107178,0.11612752825021744,0.04544026032090187,0.04885799437761307,0.00910104624927044
radial,3,0.43181818909943104,0.02160000056028366,0.0031090909615159035,1699.472900390625,0.12258799374103546,0.09905281662940979,0.05538799613714218,0.05919117107987404,0.010813526809215546
radial,3,0.4545454673158626,0.02160000056028366,0.0032727273646742105,1821.008544921875,0.11526580899953842,0.07918450981378555,0.06727804988622665,0.07117259502410889,0.01257461216300726
radial,3,0.4772727131947047,0.02160000056028366,0.003436363535001874,1947.81201171875,0.10692646354436874,0.057937003672122955,0.08067604154348373,0.08388140052556992,0.013943183235824108
radial,3,0.49999999141113627,0.02160000056028366,0.003599999938160181,2058.610107421875,0.09840978682041168,0.0385882742702961,0.09435158967971802,0.0952005684375763,0.014059777371585369
radial,3,0.5173611053679552,0.02160000056028366,0.0037249999586492777,2120.53466796875,0.09231045842170715,0.026963165029883385,0.10405348986387253,0.10175511240959167,0.013005305081605911
radial,3,0.5347222193247743,0.02160000056028366,0.0038499999791383743,2160.924072265625,0.08668532222509384,0.018366927281022072,0.11247511208057404,0.10643832385540009,0.011315223760902882
radial,3,0.5518803502329522,0.02160000056028366,0.003973538521677256,2182.890869140625,0.08150383085012436,0.012323801405727863,0.11934664845466614,0.10965852439403534,0.009473237209022045
radial,3,0.5691973233802451,0.02160000056028366,0.004098220728337765,2191.14697265625,0.07654717564582825,0.00809173472225666,0.12489289045333862,0.11191124469041824,0.007722458336502314
radial,3,0.586674690970944,0.02160000056028366,0.004224057774990797,2188.8134765625,0.07174617052078247,0.005201585125178099,0.12925055623054504,0.11350149661302567,0.006212710402905941
radial,3,0.60431400520934,0.02160000056028366,0.004351060837507248,2178.149658203125,0.06705592572689056,0.0032799318432807922,0.13258962333202362,0.11465498805046082,0.005011093337088823
radial,3,0.6221166242741877,0.02160000056028366,0.004479239694774151,2161.19189453125,0.06244848668575287,0.0020488810259848833,0.13507740199565887,0.11552882194519043,0.004133290145546198
radial,3,0.6400841003697779,0.02160000056028366,0.004608605522662401,2139.6865234375,0.057906027883291245,0.001284857396967709,0.13693749904632568,0.11622592806816101,0.003517101053148508
radial,3,0.6582180503755808,0.02160000056028366,0.004739169962704182,2115.101806640625,0.05341748520731926,0.0008141743601299822,0.13840271532535553,0.11681053042411804,0.0030643362551927567
radial,3,0.6765198971455296,0.02160000056028366,0.004870943259447813,2088.386474609375,0.04897730425000191,0.000529856130015105,0.139616921544075,0.1173219159245491,0.0027139720041304827
radial,3,0.6949912575590942,0.02160000056028366,0.005003937054425478,2060.14306640625,0.04458315297961235,0.00036786089185625315,0.1406657099723816,0.11778364330530167,0.0024298173375427723
radial,3,0.7136336838205656,0.02160000056028366,0.005138162523508072,2030.730712890625,0.040232449769973755,0.0002922934654634446,0.1415969878435135,0.11820920556783676,0.0021918273996561766
radial,3,0.7324487928094136,0.02160000056028366,0.0052736313082277775,2000.326904296875,0.03592262044548988,0.00028724860749207437,0.14243140816688538,0.11860477179288864,0.001991621684283018
radial,3,0.7514381367299292,0.02160000056028366,0.00541035458445549,1968.9549560546875,0.03165256232023239,0.0003541481855791062,0.14316585659980774,0.11897009611129761,0.0018309426959604025
radial,3,0.7706033971367611,0.02160000056028366,0.00554834445938468,1936.458984375,0.027423569932579994,0.0005149845965206623,0.14377030730247498,0.1192975640296936,0.00172286422457546
radial,3,0.7899461262342002,0.02160000056028366,0.005687612108886242,1902.4150390625,0.02324141561985016,0.0008209021762013435,0.14417453110218048,0.11956849694252014,0.0016970816068351269
radial,3,0.8094679409017166,0.02160000056028366,0.005828169174492359,1865.9693603515625,0.019121114164590836,0.001369817997328937,0.1442512422800064,0.11974439769983292,0.001805214793421328
radial,3,0.8291706520443162,0.02160000056028366,0.005970028694719076,1825.94580078125,0.015096141025424004,0.0023074939381331205,0.14387743175029755,0.11975245177745819,0.0020694914273917675
radial,3,0.8490558118662901,0.02160000056028366,0.006113201845437288,1780.606689453125,0.011235021986067295,0.003866036655381322,0.14293308556079865,0.1194530501961708,0.0024549118243157864
radial,3,0.8691251019222869,0.02160000056028366,0.0062577007338404655,1726.8623046875,0.0076727671548724174,0.006466088816523552,0.1412375122308731,0.11857572942972183,0.0028657130897045135
radial,3,0.8893803331173129,0.02160000056028366,0.0064035383984446526,1659.5406494140625,0.0046768938191235065,0.010843935422599316,0.13858070969581604,0.11661846190690994,0.0030480290297418833
radial,3,0.9098231223308378,0.02160000056028366,0.006550726480782032,1574.75048828125,0.0025640102103352547,0.017655108124017715,0.13486887514591217,0.11310260742902756,0.002689292887225747
radial,3,0.9304552157926891,0.02160000056028366,0.006699277553707361,1479.4461669921875,0.0013147577410563827,0.026198001578450203,0.1303749680519104,0.10845590382814407,0.0019420140888541937
radial,3,0.9512784244078729,0.02160000056028366,0.006849204655736685,1388.3905029296875,0.0006380895501933992,0.034743212163448334,0.12575021386146545,0.10376884788274765,0.0012362190755084157
radial,3,0.9722944944062167,0.02160000056028366,0.00700052035972476,1312.987060546875,0.0003032346139661968,0.04196155071258545,0.12168920040130615,0.09983041882514954,0.0007454261649399996
radial,3,0.9935051720175478,0.02160000056028366,0.007153237238526344,1257.831787109375,0.00014891466707922518,0.04734392836689949,0.11855372786521912,0.09692706167697906,0.00046317081432789564
radial,3,1.0149123328220513,0.02160000056028366,0.0073073687963187695,1220.74853515625,7.919404743006453e-05,0.051150839775800705,0.11627397686243057,0.09490534663200378,0.00031653049518354237
radial,3,1.0365177230495546,0.02160000056028366,0.007462927605956793,1196.434814453125,4.6193046728149056e-05,0.05394912138581276,0.11456456035375595,0.09344649314880371,0.00024054240202531219
radial,3,1.0583232829554214,0.02160000056028366,0.007619927637279034,1180.0455322265625,2.9052505851723254e-05,0.056232381612062454,0.11315175145864487,0.09227856248617172,0.00019781682931352407
radial,3,1.0803306940943003,0.02160000056028366,0.007778380997478962,1168.41064453125,1.921392686199397e-05,0.05832672864198685,0.11184633523225784,0.09122537076473236,0.000170594357769005
radial,3,1.102541961396734,0.02160000056028366,0.007938302122056484,1159.7314453125,1.3099796888127457e-05,0.06043524295091629,0.1105271726846695,0.09017951786518097,0.00015082496975082904
radial,3,1.124959025118086,0.02160000056028366,0.00809970498085022,1153.004150390625,9.087927537620999e-06,0.06269402801990509,0.1091114953160286,0.08907066285610199,0.00013471150305122137
radial,3,1.1475835668130054,0.02160000056028366,0.008262601681053638,1147.64306640625,6.362995918607339e-06,0.06520280987024307,0.10753778368234634,0.08784826844930649,0.0001203869323944673
radial,3,1.1704177854375708,0.02160000056028366,0.008427008055150509,1143.2862548828125,4.475256901059765e-06,0.06803355365991592,0.10576117783784866,0.08647629618644714,0.00010697363904910162
radial,3,1.1934633625464308,0.02160000056028366,0.008592936210334301,1139.6954345703125,3.156158982164925e-06,0.07122892141342163,0.10375482589006424,0.08493340760469437,9.415911335963756e-05
radial,3,1.2167224970956643,0.02160000056028366,0.008760401979088783,1136.701904296875,2.2333658762363484e-06,0.07479985058307648,0.10151157528162003,0.08321376144886017,8.195225382223725e-05
radial,3,1.2401969999902778,0.02160000056028366,0.00892941839993,1134.177490234375,1.5890526583461906e-06,0.07872746139764786,0.09904300421476364,0.0813259556889534,7.051150168990716e-05
radial,3,1.2638889408359926,0.02160000056028366,0.009100000374019146,1132.0205078125,1.1394963621569332e-06,0.082970529794693,0.0963747575879097,0.07928936183452606,6.002009831718169e-05
radial,3,1.288194390427735,0.02160000056028366,0.009274999611079693,1130.1185302734375,8.208994017877558e-07,0.08755413442850113,0.09349087625741959,0.07709157466888428,5.04614035889972e-05
radial,3,1.3124999693698354,0.02160000056028366,0.009449999779462814,1128.455078125,6.008904165355489e-07,0.09231113642454147,0.09049645811319351,0.07481241971254349,4.2142943129874766e-05
radial,3,1.3368160256909,0.02160000056028366,0.00962507538497448,1126.9710693359375,4.479226163311978e-07,0.09718775749206543,0.08742541819810867,0.0724773034453392,3.501423998386599e-05
radial,3,1.3612519897934463,0.02160000056028366,0.009801014326512814,1125.6165771484375,3.3987777214861126e-07,0.10216125100851059,0.08429217338562012,0.07009685784578323,2.895263060054276e-05
radial,3,1.38580863777962,0.02160000056028366,0.009977822192013264,1124.3599853515625,2.625989736770862e-07,0.1071983277797699,0.08111782371997833,0.06768681854009628,2.3846670956118032e-05
radial,3,1.4104866164012089,0.02160000056028366,0.010155503638088703,1123.177490234375,2.0685348545157467e-07,0.11227383464574814,0.07791835814714432,0.06525903940200806,1.957617496373132e-05
radial,3,1.4352863137092855,0.02160000056028366,0.010334061458706856,1122.0513916015625,1.663212714220208e-07,0.11736925691366196,0.074705570936203,0.06282225996255875,1.6023643183871172e-05
radial,3,1.4602083764556382,0.02160000056028366,0.010513500310480595,1120.96875,1.3649713537233765e-07,0.12247080355882645,0.07148826867341995,0.060382962226867676,1.3080806638754439e-05
radial,3,1.485253580742412,0.02160000056028366,0.010693825781345367,1119.9202880859375,1.1428377177935545e-07,0.1275675892829895,0.06827343255281448,0.05794627591967583,1.0651616321410984e-05
radial,3,1.5104224439710379,0.02160000056028366,0.010875041596591473,1118.899169921875,9.76496821181172e-08,0.13265106081962585,0.06506653875112534,0.05551622062921524,8.652515134599525e-06
radial,3,1.5357154835429456,0.02160000056028366,0.011057151481509209,1117.900390625,8.513811167176755e-08,0.1377151906490326,0.06187145784497261,0.05309562385082245,7.0116125243657734e-06
radial,3,1.5611333462099235,0.02160000056028366,0.011240160092711449,1116.920166015625,7.56487139597084e-08,0.14275604486465454,0.058690764009952545,0.05068633332848549,5.66779226573999e-06
radial,3,1.5866768080741167,0.02160000056028366,0.01142407301813364,1115.9559326171875,6.839682242798517e-08,0.1477709412574768,0.055526185780763626,0.04828958585858345,4.569668362819357e-06
radial,3,1.6123462571865983,0.02160000056028366,0.011608893051743507,1115.0057373046875,6.286419562684387e-08,0.15275809168815613,0.05237891525030136,0.04590621963143349,3.6743122109328397e-06
radial,3,1.6381424696495137,0.02160000056028366,0.011794625781476498,1114.0682373046875,5.865728169851536e-08,0.15771625936031342,0.04924975708127022,0.04353679344058037,2.945987034763675e-06
radial,3,1.6640660922146506,0.02160000056028366,0.011981275863945484,1113.1427001953125,5.5460059655843e-08,0.16264458000659943,0.04613929241895676,0.04118170589208603,2.35501465795096e-06
radial,3,1.6901176422834396,0.02160000056028366,0.012168847024440765,1112.2286376953125,5.302753791625037e-08,0.16754257678985596,0.04304786026477814,0.03884117305278778,1.8767794927043724e-06
radial,3,1.7162977666076686,0.02160000056028366,0.012357343919575214,1111.325927734375,5.1187598160140624e-08,0.17241019010543823,0.03997549042105675,0.03651519864797592,1.490883732913062e-06
radial,3,1.7426071119391255,0.02160000056028366,0.012546771205961704,1110.4346923828125,4.979048995323865e-08,0.1772478222846985,0.03692198172211647,0.03420359641313553,1.1804471569121233e-06
radial,3,1.7690463250295985,0.02160000056028366,0.012737133540213108,1109.5550537109375,4.869454883760227e-08,0.18205593526363373,0.03388703614473343,0.0319061279296875,9.315207876170462e-07
radial,3,1.7956161819812324,0.02160000056028366,0.012928436510264874,1108.6878662109375,4.7736349984006665e-08,0.1868348866701126,0.030870432034134865,0.029622605070471764,7.325714364014857e-07
radial,3,1.8223170708451006,0.02160000056028366,0.013120682910084724,1107.833740234375,4.673527342902162e-08,0.19158461689949036,0.027872221544384956,0.02735305391252041,5.740674282606051e-07
radial,3,1.8491498970737061,0.02160000056028366,0.013313879258930683,1106.9940185546875,4.547544918409585e-08,0.1963040977716446,0.024893054738640785,0.025097956880927086,4.48151837417754e-07
radial,3,1.8761150487181213,0.02160000056028366,0.013508028350770473,1106.1705322265625,4.3695024487533374e-08,0.20099033415317535,0.021934812888503075,0.02285872772336006,3.483668251647032e-07
radial,3,1.9032134312308497,0.02160000056028366,0.013703136704862118,1105.36572265625,4.103145911926731e-08,0.20563660562038422,0.019001750275492668,0.020638585090637207,2.694318084195402e-07
radial,3,1.9304455620133214,0.02160000056028366,0.013899208046495914,1104.5836181640625,3.710827911618253e-08,0.2102290540933609,0.016102595254778862,0.018444126471877098,2.0713589776732988e-07
radial,3,1.9578120878173246,0.02160000056028366,0.014096247032284737,1103.829833984375,3.1781141274223046e-08,0.2147407978773117,0.013254308141767979,0.016288191080093384,1.583121616022254e-07
radial,3,1.9853137847450044,0.02160000056028366,0.014294259250164032,1103.112548828125,2.612098271015384e-08,0.2191217690706253,0.010488484054803848,0.014194694347679615,1.2084174727533536e-07
radial,3,2.0129511701977916,0.02160000056028366,0.014493248425424099,1102.444091796875,2.0918124121749315e-08,0.22328346967697144,0.007861008867621422,0.012205936014652252,9.333946593415021e-08
radial,3,2.0407250202778315,0.02160000056028366,0.014693220146000385,1101.840087890625,1.7429890419862204e-08,0.22708214819431305,0.005462636239826679,0.010390611365437508,7.494113418715642e-08
radial,3,2.0686359817369118,0.02160000056028366,0.014894179068505764,1101.3187255859375,1.739367938569103e-08,0.2303168773651123,0.003420234424993396,0.00884474441409111,6.486366288527279e-08
radial,3,2.096684701326821,0.02160000056028366,0.015096129849553108,1100.895751953125,2.039110746920869e-08,0.23277705907821655,0.0018668127013370395,0.007669001817703247,6.231410054624575e-08
radial,3,2.1248719551497035,0.02160000056028366,0.015299078077077866,1100.578369140625,2.5899451472355395e-08,0.23436330258846283,0.000865188951138407,0.006910914089530706,6.557554854680347e-08
radial,3,2.153198260606991,0.02160000056028366,0.015503027476370335,1100.3599853515625,3.3693005718760105e-08,0.23519286513328552,0.00034135114401578903,0.00651444960385561,7.113816735682121e-08
radial,3,2.181664523151186,0.02160000056028366,0.015707984566688538,1100.2220458984375,4.259312191834397e-08,0.23554283380508423,0.00012037248961860314,0.006347203627228737,7.533213874921785e-08
radial,3,2.210271130833361,0.02160000056028366,0.0159139521420002,1100.1402587890625,5.112709899890433e-08,0.2356692999601364,4.053305747220293e-05,0.006286775227636099,7.666363188718606e-08
radial,3,2.2390192478067346,0.02160000056028366,0.01612093858420849,1100.09326171875,5.864119856369143e-08,0.23571230471134186,1.3401453543337993e-05,0.006266236770898104,7.62248717478542e-08
radial,3,2.2679091327720218,0.02160000056028366,0.016328945755958557,1100.066162109375,6.579612943369284e-08,0.2357276827096939,3.760282424991601e-06,0.006258898880332708,7.580593575085004e-08
radial,3,2.2969415618313684,0.02160000056028366,0.016537979245185852,1100.0498046875,7.363410503558043e-08,0.2357340008020401,5.710778054890397e-07,0.006255901884287596,7.635254206661557e-08
radial,3,2.3261173110869198,0.02160000056028366,0.01674804463982582,1100.039306640625,8.260816741767485e-08,0.23573696613311768,3.6878631703984865e-08,0.006254507228732109,7.79362139269324e-08
radial,3,2.355437156640821,0.02160000056028366,0.01695914752781391,1100.0321044921875,9.249283294820998e-08,0.23573848605155945,8.811253060514446e-09,0.00625380827113986,8.03065489662913e-08
radial,3,2.384901615894503,0.02160000056028366,0.017171291634440422,1100.027099609375,1.0337546285654753e-07,0.23573929071426392,4.526237162849611e-09,0.006253453902900219,8.319823763258682e-08
radial,3,2.4145117236508264,0.02160000056028366,0.01738448441028595,1100.0234375,1.1663509980053277e-07,0.23573970794677734,3.19278048444005e-09,0.006253283936530352,8.638610893285659e-08
radial,3,2.444267997311221,0.02160000056028366,0.017598729580640793,1100.0206298828125,1.3117006858465174e-07,0.23573991656303406,2.3835551310469327e-09,0.006253217346966267,8.966780029595611e-08
radial,3,2.474170954277118,0.02160000056028366,0.01781403087079525,1100.0185546875,1.4602368025862233e-07,0.23574002087116241,1.8640329280117385e-09,0.006253207568079233,9.284628532668648e-08
radial,3,2.5042216293513775,0.02160000056028366,0.018030395731329918,1100.016845703125,1.6137175862240838e-07,0.235740065574646,1.5349310711343378e-09,0.006253230385482311,9.578434401191771e-08
radial,3,2.534420798636145,0.02160000056028366,0.018247829750180244,1100.015380859375,1.7541282204547315e-07,0.2357400804758072,1.3376871832448956e-09,0.006253271829336882,9.844587367524582e-08
radial,3,2.564768979532851,0.02160000056028366,0.018466336652636528,1100.01416015625,1.8737277684977016e-07,0.235740065574646,1.233688484703066e-09,0.006253322586417198,1.0081281942575515e-07
radial,3,2.595266948143641,0.02160000056028366,0.018685922026634216,1100.01318359375,1.9715898247341102e-07,0.2357400357723236,1.1962755230854327e-09,0.0062533775344491005,1.0284509244229412e-07
radial,3,2.6259154805706606,0.02160000056028366,0.018906591460108757,1100.01220703125,2.047313358843894e-07,0.23573999106884003,1.2081168287991773e-09,0.006253432482481003,1.0452338017330476e-07
radial,3,2.656715352916055,0.02160000056028366,0.019128350540995598,1100.011474609375,2.1023092244831787e-07,0.23573994636535645,1.2607993538082951e-09,0.006253484636545181,1.058834584455326e-07
radial,3,2.6876670825812554,0.02160000056028366,0.019351202994585037,1100.0107421875,2.138258281547678e-07,0.23573990166187286,1.3479580784903078e-09,0.006253532599657774,1.069671782261139e-07
radial,3,2.718771704369121,0.02160000056028366,0.019575156271457672,1100.01025390625,2.1559729646014603e-07,0.23573985695838928,1.4647617563312565e-09,0.006253574509173632,1.0779724846088357e-07
radial,3,2.7500299943817987,0.02160000056028366,0.01980021595954895,1100.0098876953125,2.155887699473169e-07,0.2357398122549057,1.6158360205409394e-09,0.00625360943377018,1.0839376329840889e-07
radial,3,2.781442470020718,0.02160000056028366,0.02002638578414917,1100.009521484375,2.1393330484897888e-07,0.23573976755142212,1.7949463027022716e-09,0.006253636442124844,1.0880467726792631e-07
radial,3,2.8130101660887403,0.02160000056028366,0.020253673195838928,1100.0093994140625,2.1073388722925301e-07,0.23573972284793854,1.986491859895523e-09,0.006253655068576336,1.0907307768093233e-07
radial,3,2.844733599987295,0.02160000056028366,0.020482081919908524,1100.0093994140625,2.059123573872057e-07,0.23573967814445496,2.184830316664943e-09,0.006253665313124657,1.0923172766297284e-07
radial,3,2.876613547818528,0.02160000056028366,0.020711617544293404,1100.00927734375,2.0518380949852144e-07,0.23573964834213257,2.3505379864730003e-09,0.0062536634504795074,1.101471838182988e-07
radial,3,2.9086510443853006,0.02160000056028366,0.020942287519574165,1100.0091552734375,2.08998784501091e-07,0.23573963344097137,2.4761834804820637e-09,0.006253653205931187,1.1182849135593642e-07
radial,3,2.9408466070890427,0.02160000056028366,0.021174095571041107,1100.0089111328125,2.1492409985057748e-07,0.23573961853981018,2.5921220725422245e-09,0.006253642030060291,1.1417420608950124e-07
radial,3,2.9732010120318995,0.02160000056028366,0.021407047286629677,1100.0084228515625,2.2850456105061312e-07,0.23573961853981018,2.598153692190408e-09,0.006253613159060478,1.1745692063414026e-07
radial,3,3.005715294016732,0.02160000056028366,0.02164115011692047,1100.007568359375,2.5477277176833013e-07,0.23573964834213257,2.482299255035514e-09,0.006253581959754229,1.2246832170603739e-07
radial,3,3.0383899704449706,0.02160000056028366,0.02187640778720379,1100.0064697265625,2.8078196123715315e-07,0.23573967814445496,2.3766077994480383e-09,0.006253574509173632,1.2754885858612397e-07
radial,3,3.071226076119476,0.02160000056028366,0.022112827748060226,1100.0054931640625,2.934780809482618e-07,0.23573969304561615,2.3170885210532788e-09,0.006253584288060665,1.3022405198626075e-07
radial,3,3.1042243871423936,0.02160000056028366,0.022350415587425232,1100.0047607421875,2.9706012583119445e-07,0.23573970794677734,2.2938151378326666e-09,0.006253609899431467,1.3128909870374628e-07
radial,3,3.1373854209151535,0.02160000056028366,0.022589175030589104,1100.004150390625,2.941731054306729e-07,0.23573972284793854,2.294809231528916e-09,0.006253647617995739,1.3120578046255105e-07
radial,3,3.1707099535399013,0.02160000056028366,0.02282911166548729,1100.0035400390625,2.8657154871325474e-07,0.23573972284793854,2.3091248912976425e-09,0.006253693252801895,1.3026406975313876e-07
radial,3,3.204199278520213,0.02160000056028366,0.023070234805345535,1100.0030517578125,2.7542856173568e-07,0.23573973774909973,2.332139370508912e-09,0.006253743078559637,1.2864641973919788e-07
radial,3,3.2378539132575197,0.02160000056028366,0.02331254817545414,1100.0025634765625,2.6153270482609514e-07,0.23573973774909973,2.3615172040081234e-09,0.006253795698285103,1.2647987546188233e-07
radial,3,3.2716746338539653,0.02160000056028366,0.02355605736374855,1100.0020751953125,2.455768992604135e-07,0.23573975265026093,2.3955579742107602e-09,0.006253850180655718,1.2386516345941345e-07
radial,3,3.3056622164116964,0.02160000056028366,0.023800767958164215,1100.001708984375,2.2811175881543022e-07,0.23573975265026093,2.43272957334284e-09,0.0062539055943489075,1.2087940604033065e-07
radial,3,3.339817695733574,0.02160000056028366,0.02404668740928173,1100.0013427734375,2.0948832002432027e-07,0.23573976755142212,2.4726660718954463e-09,0.006253961939364672,1.175724477775475e-07
radial,3,3.3741418479217424,0.02160000056028366,0.024293821305036545,1100.0009765625,1.8993982564552425e-07,0.23573976755142212,2.5166848605095993e-09,0.006254018750041723,1.1396429044907563e-07
radial,3,3.408635449078348,0.02160000056028366,0.024542175233364105,1100.000732421875,1.6961324433850677e-07,0.2357397824525833,2.5639399492405346e-09,0.006254076492041349,1.1006499534005343e-07
radial,3,3.4432992753055363,0.02160000056028366,0.02479175478219986,1100.0003662109375,1.4860134456284868e-07,0.2357397973537445,2.6127693342203884e-09,0.006254134699702263,1.0588519216980785e-07
radial,3,3.4781341027054524,0.02160000056028366,0.025042565539479256,1100.0001220703125,1.2695058160261397e-07,0.2357397973537445,2.6632349658939347e-09,0.006254193373024464,1.0142979789407036e-07
radial,3,3.513140966080957,0.02160000056028366,0.02529461495578289,1099.9998779296875,1.0640520287097388e-07,0.2357398122549057,2.7152129433716254e-09,0.006254252512007952,9.682482016160066e-08
radial,3,3.548320641534196,0.02160000056028366,0.02554790861904621,1099.9996337890625,9.033907133471075e-08,0.2357398271560669,2.7683415559920377e-09,0.00625431165099144,9.26424661429337e-08
radial,3,3.58367416386803,0.02160000056028366,0.025802453979849815,1099.9993896484375,7.850255911989734e-08,0.2357398420572281,2.8220379366672432e-09,0.006254370324313641,8.915790061791995e-08
radial,3,3.619202050483889,0.02160000056028366,0.026058254763484,1099.999267578125,6.774006777732211e-08,0.23573985695838928,2.875526705636844e-09,0.006254428997635841,8.586412292288514e-08
radial,3,3.654905336184634,0.02160000056028366,0.026315318420529366,1099.9990234375,5.682237969040216e-08,0.23573987185955048,2.9278990343328815e-09,0.0062544867396354675,8.242768245736443e-08
radial,3,3.6907847970724106,0.02160000056028366,0.026573650538921356,1099.998779296875,4.581204038345277e-08,0.23573990166187286,2.9781908050807715e-09,0.006254544481635094,7.885228825443846e-08
radial,3,3.7268414679500794,0.02160000056028366,0.02683325856924057,1099.9986572265625,3.4757935196694234e-08,0.23573991656303406,3.025504735632012e-09,0.006254601292312145,7.514079669590501e-08
radial,3,3.7630761249197855,0.02160000056028366,0.027094148099422455,1099.9984130859375,2.3666055781745854e-08,0.23573994636535645,3.0691194030652014e-09,0.006254657171666622,7.129254697701981e-08
radial,3,3.79948980278439,0.02160000056028366,0.027356326580047607,1099.9981689453125,1.2481425670785029e-08,0.23573997616767883,3.1086120344525625e-09,0.006254712585359812,6.7302991624274e-08
radial,3,3.836083018945323,0.02160000056028366,0.027619797736406326,1099.9979248046875,3.5236569218000113e-09,0.23574000597000122,3.1438758263391264e-09,0.006254767533391714,6.317307565950614e-08
radial,3,3.872857066906161,0.02160000056028366,0.027884570881724358,1099.9976806640625,1.0033091024652663e-10,0.2357400357723236,3.1750260198748492e-09,0.006254821550101042,5.890940002473144e-08
radial,3,3.9098124640683336,0.02160000056028366,0.028150649741292,1099.997314453125,1.1702983200578831e-11,0.2357400804758072,3.202290210779779e-09,0.00625487370416522,5.4520484127351665e-08
radial,3,3.9469505039354167,0.02160000056028366,0.028418043628335,1099.9970703125,1.2877574874503583e-11,0.23574011027812958,3.4139007176747782e-09,0.006254924926906824,5.0013699848250326e-08
radial,3,3.984271703908841,0.02160000056028366,0.028686756268143654,1099.996826171875,1.4097624977116308e-11,0.23574015498161316,4.453630797485175e-09,0.006254973821341991,4.6251017238319037e-08
radial,3,4.021777098791467,0.02160000056028366,0.02895679511129856,1099.9964599609375,1.535310593936412e-11,0.23574019968509674,6.162684140775809e-09,0.006255021318793297,4.4142524302515085e-08
radial,3,4.05946798208687,0.02160000056028366,0.029228169471025467,1099.99609375,1.6640380046117897e-11,0.23574024438858032,7.848132810295283e-09,0.006255066953599453,4.286891552851557e-08
radial,3,4.097344612495767,0.02160000056028366,0.02950088120996952,1099.995849609375,1.7957208636731892e-11,0.2357403039932251,9.437939318956978e-09,0.00625511072576046,4.156088095896848e-08
radial,3,4.135408283521731,0.02160000056028366,0.029774939641356468,1099.9954833984375,1.9342600438010393e-11,0.23574034869670868,1.093416202024855e-08,0.00625515216961503,4.021933008857559e-08
radial,3,4.173659771266911,0.02160000056028366,0.030050350353121758,1099.9951171875,2.2119531900566258e-11,0.23574040830135345,1.2337217469848838e-08,0.0062551917508244514,3.88458367694966e-08
radial,3,4.2121003692348795,0.02160000056028366,0.030327122658491135,1099.99462890625,2.7772135285930588e-11,0.23574046790599823,1.364607538079099e-08,0.006255229003727436,3.744249710280201e-08
radial,3,4.250730594827069,0.02160000056028366,0.030605260282754898,1099.9942626953125,3.538601009434039e-11,0.2357405424118042,1.485737399775644e-08,0.006255263928323984,3.601065756697608e-08
radial,3,4.289551482846339,0.02160000056028366,0.030884770676493645,1099.9937744140625,4.3450451570059556e-11,0.23574060201644897,1.5971370004308483e-08,0.006255296524614096,3.455016539533062e-08
radial,3,4.3285640680955515,0.02160000056028366,0.03116566129028797,1099.9932861328125,5.15538375878144e-11,0.23574067652225494,1.705824814735024e-08,0.006255326792597771,3.306439211314682e-08
radial,3,4.367769385377566,0.02160000056028366,0.031447939574718475,1099.9927978515625,5.966481475550012e-11,0.23574073612689972,1.8213704322533886e-08,0.006255354732275009,3.1560251301243625e-08
radial,3,4.407167952093813,0.02160000056028366,0.031731609255075455,1099.9923095703125,6.775075639398054e-11,0.2357408106327057,1.9404478024398486e-08,0.006255379877984524,3.004330650924203e-08
radial,3,4.446761061747869,0.02160000056028366,0.032016679644584656,1099.99169921875,7.578327548829478e-11,0.23574088513851166,2.0506139009057733e-08,0.0062554022297263145,2.851671787595933e-08
radial,3,4.486549749142594,0.02160000056028366,0.032303158193826675,1099.9912109375,8.374540644284778e-11,0.23574097454547882,2.2126279475287447e-08,0.006255422718822956,2.6981101797218798e-08
radial,3,4.5265345316794185,0.02160000056028366,0.03259104862809181,1099.9906005859375,9.162511027671627e-11,0.2357410490512848,2.8570845245212695e-08,0.006255440879613161,2.5437195461108786e-08
radial,3,4.5667169615626335,0.02160000056028366,0.03288036212325096,1099.9898681640625,9.941134720969913e-11,0.23574112355709076,3.87322813821811e-08,0.006255457177758217,2.388692799115688e-08
radial,3,4.6070980735951,0.02160000056028366,0.03317110612988472,1099.9892578125,1.0710354825249624e-10,0.23574121296405792,4.765438887943674e-08,0.006255471613258123,2.233161744413792e-08
radial,3,4.647677867776818,0.02160000056028366,0.03346328064799309,1099.9886474609375,1.1470503019639366e-10,0.2357412874698639,5.524353241526114e-08,0.006255484651774168,2.077253924426259e-08
radial,3,4.688458413713509,0.02160000056028366,0.03375690057873726,1099.9879150390625,1.2220952028130228e-10,0.23574137687683105,6.166062149759455e-08,0.006255495827645063,1.9251244154361302e-08
radial,3,4.7294402288066015,0.02160000056028366,0.03405196964740753,1099.9873046875,1.3173402646504684e-10,0.23574145138263702,6.707578847908735e-08,0.006255505606532097,1.8046783623049123e-08
radial,3,4.770624347858959,0.02160000056028366,0.0343484953045845,1099.986572265625,1.4502245238023903e-10,0.2357415407896042,7.16700512271018e-08,0.006255514454096556,1.7173846345031052e-08
radial,3,4.81201180567344,0.02160000056028366,0.03464648500084877,1099.9859619140625,1.5981052592373146e-10,0.23574161529541016,7.562845638631188e-08,0.006255521904677153,1.6358413290618046e-08
radial,3,4.853603637052907,0.02160000056028366,0.03494594618678093,1099.9852294921875,1.741906896501888e-10,0.23574170470237732,7.912178290325755e-08,0.006255528889596462,1.555446793588544e-08
radial,3,4.8954008768002195,0.02160000056028366,0.03524688631296158,1099.984619140625,1.8812316981975385e-10,0.2357417792081833,8.22942567424434e-08,0.00625553447753191,1.4800648706625452e-08
radial,3,4.937404042316808,0.02160000056028366,0.035549309104681015,1099.9840087890625,2.0439833159358045e-10,0.23574185371398926,8.528166972610052e-08,0.006255539134144783,1.4323545904915136e-08
radial,3,4.979614685806963,0.02160000056028366,0.035853225737810135,1099.9833984375,2.2427909529554313e-10,0.23574192821979523,8.818874164262525e-08,0.006255543325096369,1.4136088744010067e-08
radial,3,5.022033842073546,0.02160000056028366,0.036158643662929535,1099.9827880859375,2.4468504999930474e-10,0.2357420027256012,9.10967301592791e-08,0.00625554658472538,1.4005300030817125e-08
radial,3,5.064662545919418,0.02160000056028366,0.03646557033061981,1099.982177734375,2.6403731978597023e-10,0.23574206233024597,9.405464851397483e-08,0.006255549378693104,1.3877493820757536e-08
radial,3,5.107501314746009,0.02160000056028366,0.036774009466171265,1099.981689453125,2.8227334358810197e-10,0.23574212193489075,9.737203754411894e-08,0.006255551241338253,1.3753286509654572e-08
radial,3,5.1505522181590395,0.02160000056028366,0.03708397597074509,1099.9810791015625,2.99347047150178e-10,0.23574219644069672,1.008667567248267e-07,0.006255552638322115,1.3633045803373989e-08
radial,3,5.193814738757081,0.02160000056028366,0.03739546611905098,1099.9805908203125,3.152014482754595e-10,0.2357422560453415,1.0405034345239983e-07,0.0062555535696446896,1.351684719708146e-08
radial,3,5.237291463547283,0.02160000056028366,0.037708498537540436,1099.9801025390625,3.297958850456695e-10,0.23574230074882507,1.0691389462635925e-07,0.006255554035305977,1.3405151655376812e-08
radial,3,5.280982909931077,0.02160000056028366,0.038023076951503754,1099.9796142578125,3.431053219316027e-10,0.23574236035346985,1.0957403873135263e-07,0.006255554500967264,1.329823628992699e-08
radial,3,5.324889595309894,0.02160000056028366,0.03833920508623123,1099.9791259765625,3.5509475915240785e-10,0.23574240505695343,1.1239453812095235e-07,0.0062555549666285515,1.3195447401415095e-08
radial,3,5.369013071888023,0.02160000056028366,0.038656894117593765,1099.9786376953125,3.6573727379973775e-10,0.235742449760437,1.1544631206561462e-07,0.006255555897951126,1.309644837022006e-08
radial,3,5.413354891869757,0.02160000056028366,0.03897615522146225,1099.9781494140625,3.750171839733696e-10,0.2357424944639206,1.1859951598580665e-07,0.006255557294934988,1.3001173471138827e-08
radial,3,5.4579150552550955,0.02160000056028366,0.039296988397836685,1099.977783203125,3.8291955717362214e-10,0.23574252426624298,1.2199012644487084e-07,0.006255559157580137,1.2909119995185847e-08
radial,3,5.502695114248329,0.02160000056028366,0.03961940482258797,1099.9774169921875,3.8939185209585503e-10,0.23574255406856537,1.2584808928295388e-07,0.006255562882870436,1.2819847405864948e-08
radial,3,5.547696621053749,0.02160000056028366,0.03994341567158699,1099.97705078125,3.943569359954324e-10,0.23574256896972656,1.304680807834302e-07,0.006255568470805883,1.2733141652176982e-08
radial,3,5.592920093072785,0.02160000056028366,0.040269024670124054,1099.9766845703125,3.9771236304275703e-10,0.23574258387088776,1.368918418620524e-07,0.006255576387047768,1.2649184810697989e-08
radial,3,5.638367082509729,0.02160000056028366,0.04059624299407005,1099.9765625,3.9935491025211434e-10,0.23574258387088776,1.4692420791106997e-07,0.006255587562918663,1.2568283302982763e-08
radial,3,5.684038106766012,0.02160000056028366,0.040925074368715286,1099.976318359375,3.991765529232083e-10,0.23574258387088776,1.6213512310514488e-07,0.0062556019984185696,1.2490522394159598e-08
radial,3,5.729934718045923,0.02160000056028366,0.04125552996993065,1099.976318359375,3.970559159238718e-10,0.23574256896972656,1.8303585136436595e-07,0.006255621090531349,1.2416843553353374e-08
radial,3,5.776057951152325,0.02160000056028366,0.04158761724829674,1099.9764404296875,3.9288922115687797e-10,0.23574253916740417,2.0999057426251966e-07,0.006255645304918289,1.2347570965687282e-08
radial,3,5.822408840888077,0.02160000056028366,0.04192134365439415,1099.9765625,3.865426867477595e-10,0.2357425093650818,2.438520425585011e-07,0.006255675572901964,1.2282189487677897e-08
radial,3,5.86898842205604,0.02160000056028366,0.04225671663880348,1099.9769287109375,3.7786995754629515e-10,0.235742449760437,2.8659053441515425e-07,0.006255711894482374,1.2220949585639573e-08
radial,3,5.915798246860504,0.02160000056028366,0.04259374737739563,1099.9775390625,3.6668171277121075e-10,0.23574237525463104,3.4190085784757684e-07,0.0062557547353208065,1.2163890339422778e-08
radial,3,5.962838832702902,0.02160000056028366,0.04293243959546089,1099.978271484375,3.527428626970419e-10,0.23574227094650269,4.092443646186439e-07,0.006255804095417261,1.2110695557510098e-08
radial,3,6.000000155634351,0.02160000056028366,0.04320000112056732,1099.97900390625,3.393961778286325e-10,0.23574218153953552,4.692657569194125e-07,0.006255847401916981,1.2072876920399267e-08
radial,15,-6.000000673035781,0.1080000028014183,-0.04320000484585762,1100.7569580078125,1.2549427992780693e-05,0.2354554980993271,0.0002185550838476047,0.00642654113471508,7.46156456443714e-06
radial,15,-5.962838832702902,0.1080000028014183,-0.04293243959546089,1100.7889404296875,1.2639691703952849e-05,0.23544010519981384,0.00022840272868052125,0.006434292532503605,7.547987479483709e-06
radial,15,-5.915798246860504,0.1080000028014183,-0.04259374737739563,1100.8323974609375,1.2740661986754276e-05,0.23541933298110962,0.00024167248921003193,0.006444721482694149,7.65507957112277e-06
radial,15,-5.86898842205604,0.1080000028014183,-0.04225671663880348,1100.8785400390625,1.2827958016714547e-05,0.2353973090648651,0.0002557394909672439,0.006455761846154928,7.759523214190267e-06
radial,15,-5.822408840888077,0.1080000028014183,-0.04192134365439415,1100.927490234375,1.290173258894356e-05,0.23537391424179077,0.0002706645173020661,0.0064674606546759605,7.861506674089469e-06
radial,15,-5.776057951152325,0.1080000028014183,-0.04158761724829674,1100.979736328125,1.296212212764658e-05,0.23534904420375824,0.00028651533648371696,0.006479869596660137,7.961219125718344e-06
radial,15,-5.729934718045923,0.1080000028014183,-0.04125552996993065,1101.0352783203125,1.3009237591177225e-05,0.23532259464263916,0.0003033677057828754,0.006493047811090946,8.058857019932475e-06
radial,15,-5.684038106766012,0.1080000028014183,-0.040925074368715286,1101.0946044921875,1.3043165381532162e-05,0.2352944314479828,0.0003213068994227797,0.006507060956209898,8.154616807587445e-06
radial,15,-5.638367082509729,0.1080000028014183,-0.04059624299407005,1101.1580810546875,1.306394005951006e-05,0.235264390707016,0.00034042896004393697,0.0065219830721616745,8.248693120549433e-06
radial,15,-5.592920093072785,0.1080000028014183,-0.040269024670124054,1101.2261962890625,1.3071546163700987e-05,0.23523230850696564,0.0003608422994147986,0.006537898443639278,8.341272405232303e-06
radial,15,-5.547696621053749,0.1080000028014183,-0.03994341567158699,1101.299560546875,1.3065913663012907e-05,0.2351980060338974,0.0003826700849458575,0.006554901599884033,8.432527465629391e-06
radial,15,-5.502695114248329,0.1080000028014183,-0.03961940482258797,1101.3782958984375,1.3046961612417363e-05,0.23516124486923218,0.0004060521023347974,0.006573101971298456,8.522619282302912e-06
radial,15,-5.4579150552550955,0.1080000028014183,-0.039296988397836685,1101.46337890625,1.301456995861372e-05,0.23512177169322968,0.00043114740401506424,0.006592621561139822,8.611707926320378e-06
radial,15,-5.413354891869757,0.1080000028014183,-0.03897615522146225,1101.5555419921875,1.2968527698831167e-05,0.2350793033838272,0.0004581372777465731,0.006613601464778185,8.699949830770493e-06
radial,15,-5.369013071888023,0.1080000028014183,-0.038656894117593765,1101.6556396484375,1.2908567441627383e-05,0.2350335568189621,0.00048722897190600634,0.006636202801018953,8.787503247731365e-06
radial,15,-5.324889595309894,0.1080000028014183,-0.03833920508623123,1101.764404296875,1.2834355402446818e-05,0.23498408496379852,0.0005186599446460605,0.0066606090404093266,8.874510058376472e-06
radial,15,-5.280982909931077,0.1080000028014183,-0.038023076951503754,1101.88330078125,1.2745490494125988e-05,0.23493051528930664,0.0005527027533389628,0.00668703205883503,8.961093044490553e-06
radial,15,-5.237291463547283,0.1080000028014183,-0.037708498537540436,1102.013427734375,1.2641481589525938e-05,0.23487234115600586,0.0005896707298234105,0.006715715397149324,9.04734042705968e-06
radial,15,-5.19381422135565,0.1080000028014183,-0.03739546239376068,1102.15625,1.252176116395276e-05,0.23480896651744843,0.000629925518296659,0.0067469398491084576,9.133294042840134e-06
radial,15,-5.1505522181590395,0.1080000028014183,-0.03708397597074509,1102.313720703125,1.2385708942019846e-05,0.2347397804260254,0.0006738848169334233,0.006781029514968395,9.218956620316021e-06
radial,15,-5.107501314746009,0.1080000028014183,-0.036774009466171265,1102.4876708984375,1.2232645531184971e-05,0.23466399312019348,0.0007220322731882334,0.006818360183387995,9.304302693635691e-06
radial,15,-5.064662545919418,0.1080000028014183,-0.03646557033061981,1102.6806640625,1.2061836059729103e-05,0.23458071053028107,0.0007749276119284332,0.006859365850687027,9.389242222823668e-06
radial,15,-5.022033842073546,0.1080000028014183,-0.036158643662929535,1102.8953857421875,1.18724901767564e-05,0.23448896408081055,0.000833219091873616,0.006904550362378359,9.473624231759459e-06
radial,15,-4.979614685806963,0.1080000028014183,-0.035853225737810135,1103.135498046875,1.166378478956176e-05,0.23438753187656403,0.0008976584067568183,0.006954497192054987,9.557205885357689e-06
radial,15,-4.937404042316808,0.1080000028014183,-0.035549309104681015,1103.404296875,1.1434874977567233e-05,0.23427504301071167,0.0009691168670542538,0.007009884808212519,9.63963884714758e-06
radial,15,-4.8954008768002195,0.1080000028014183,-0.03524688631296158,1103.70703125,1.1184941286046524e-05,0.23414993286132812,0.0010486138053238392,0.007071507629007101,9.720462912810035e-06
radial,15,-4.853603637052907,0.1080000028014183,-0.03494594618678093,1104.0484619140625,1.0913220648944844e-05,0.23401029407978058,0.0011373512679710984,0.0071402983739972115,9.799111467145849e-06
radial,15,-4.81201128827201,0.1080000028014183,-0.03464648127555847,1104.4356689453125,1.061902912624646e-05,0.23385389149188995,0.0012367441086098552,0.007217353209853172,9.874938768916763e-06
radial,15,-4.770624347858959,0.1080000028014183,-0.0343484953045845,1104.8763427734375,1.0301721886207815e-05,0.23367810249328613,0.0013484916416928172,0.007303990423679352,9.947245416697115e-06
radial,15,-4.7294402288066015,0.1080000028014183,-0.03405196964740753,1105.380126953125,9.960552233678754e-06,0.2334795445203781,0.0014747203094884753,0.0074018631130456924,1.0015333828050643e-05
radial,15,-4.688458413713509,0.1080000028014183,-0.03375690057873726,1105.959716796875,9.594461516826414e-06,0.23325394093990326,0.0016181777464225888,0.007513104472309351,1.0078553714265581e-05
radial,15,-4.647677867776818,0.1080000028014183,-0.03346328064799309,1106.630615234375,9.202454748447053e-06,0.23299597203731537,0.0017822195077314973,0.007640319876372814,1.0136282980965916e-05
radial,15,-4.6070980735951,0.1080000028014183,-0.03317110612988472,1107.409423828125,8.785081263340544e-06,0.2327001392841339,0.0019703854341059923,0.007786259986460209,1.0187873158429284e-05
radial,15,-4.5667169615626335,0.1080000028014183,-0.03288036212325096,1108.3134765625,8.345202331838664e-06,0.23236095905303955,0.002186140976846218,0.00795362051576376,1.0232853128400166e-05
radial,15,-4.5265345316794185,0.1080000028014183,-0.03259104862809181,1109.362548828125,7.886783350841142e-06,0.23197227716445923,0.002433394780382514,0.008145444095134735,1.0271393875882495e-05
radial,15,-4.486549749142594,0.1080000028014183,-0.032303158193826675,1110.5833740234375,7.413299499603454e-06,0.23152561485767365,0.0027175648137927055,0.008365944027900696,1.030489966069581e-05
radial,15,-4.446761061747869,0.1080000028014183,-0.032016679644584656,1112.0133056640625,6.92735193297267e-06,0.23100872337818146,0.0030464574228972197,0.008621199987828732,1.0336639206798282e-05
radial,15,-4.407167952093813,0.1080000028014183,-0.031731609255075455,1113.70361328125,6.4314181145164184e-06,0.23040471971035004,0.00343079655431211,0.008919558487832546,1.037257879943354e-05
radial,15,-4.367769385377566,0.1080000028014183,-0.031447939574718475,1115.72021484375,5.928999144089175e-06,0.22969166934490204,0.0038845459930598736,0.009271896444261074,1.0422839295642916e-05
radial,15,-4.3285640680955515,0.1080000028014183,-0.03116566129028797,1118.14404296875,5.426242751127575e-06,0.2288431078195572,0.004424539860337973,0.009691336192190647,1.0503751582291443e-05
radial,15,-4.289551482846339,0.1080000028014183,-0.030884770676493645,1121.0631103515625,4.9338450480718166e-06,0.22783096134662628,0.005068655591458082,0.010191833600401878,1.0640292202879209e-05
radial,15,-4.250730594827069,0.1080000028014183,-0.030605260282754898,1124.56494140625,4.4675261960946955e-06,0.22662927210330963,0.005833364091813564,0.010786280035972595,1.0868241588468663e-05
radial,15,-4.2121003692348795,0.1080000028014183,-0.030327122658491135,1128.7279052734375,4.04656384489499e-06,0.22521744668483734,0.006731784902513027,0.011484990827739239,1.1235342753934674e-05
radial,15,-4.173659771266911,0.1080000028014183,-0.030050350353121758,1133.612060546875,3.6920021102559986e-06,0.22358369827270508,0.0077713471837341785,0.012293887324631214,1.1800440915976651e-05
radial,15,-4.135408283521731,0.1080000028014183,-0.029774939641356468,1139.2503662109375,3.4247500479978044e-06,0.22172841429710388,0.008951792493462563,0.013212934136390686,1.2630201126739848e-05
radial,15,-4.097344612495767,0.1080000028014183,-0.02950088120996952,1145.6466064453125,3.2636205560265807e-06,0.2196635752916336,0.010265421122312546,0.014236316084861755,1.3794873666483909e-05
radial,15,-4.05946798208687,0.1080000028014183,-0.029228169471025467,1152.7806396484375,3.2243588066194206e-06,0.21740968525409698,0.011699135415256023,0.015354026108980179,1.5364925275207497e-05
radial,15,-4.021777098791467,0.1080000028014183,-0.02895679511129856,1160.616943359375,3.3199894460267387e-06,0.21499145030975342,0.013237147592008114,0.01655394583940506,1.7409573047189042e-05
radial,15,-3.984271703908841,0.1080000028014183,-0.028686756268143654,1169.1143798828125,3.5621114875539206e-06,0.21243388950824738,0.014863487333059311,0.017823820933699608,1.999737651203759e-05
radial,15,-3.9469505039354167,0.1080000028014183,-0.028418043628335,1178.23291015625,3.962491973652504e-06,0.20975951850414276,0.01656375825405121,0.019152596592903137,2.31985941354651e-05
radial,15,-3.9098124640683336,0.1080000028014183,-0.028150649741292,1187.9388427734375,4.534529580269009e-06,0.20698700845241547,0.018325991928577423,0.020531129091978073,2.7087877242593095e-05
radial,15,-3.872857066906161,0.1080000028014183,-0.027884570881724358,1198.205322265625,5.29431963514071e-06,0.2041313201189041,0.020140595734119415,0.021952101960778236,3.174619632773101e-05
radial,15,-3.836083018945323,0.1080000028014183,-0.027619797736406326,1209.0120849609375,6.261481757974252e-06,0.2012041211128235,0.02200004644691944,0.023409832268953323,3.726293289219029e-05
radial,15,-3.79948980278439,0.1080000028014183,-0.027356326580047607,1220.34716796875,7.460064807673916e-06,0.1982138305902481,0.023898910731077194,0.024900265038013458,4.373888805275783e-05
radial,15,-3.7630761249197855,0.1080000028014183,-0.027094148099422455,1232.206298828125,8.919256288208999e-06,0.19516603648662567,0.025833459571003914,0.02642069384455681,5.1288294343976304e-05
radial,15,-3.7268414679500794,0.1080000028014183,-0.02683325856924057,1244.590087890625,1.0674020813894458e-05,0.19206459820270538,0.02780114859342575,0.027969343587756157,6.004014358040877e-05
radial,15,-3.6907847970724106,0.1080000028014183,-0.026573650538921356,1257.503173828125,1.2765920473611914e-05,0.18891191482543945,0.029800280928611755,0.02954513020813465,7.01396566000767e-05
radial,15,-3.654905336184634,0.1080000028014183,-0.026315318420529366,1270.952880859375,1.5243987036228646e-05,0.18570944666862488,0.031829748302698135,0.031147435307502747,8.17495456431061e-05
radial,15,-3.619202050483889,0.1080000028014183,-0.026058254763484,1284.948486328125,1.8165721485274844e-05,0.1824580430984497,0.033888835459947586,0.03277597203850746,9.505169145995751e-05
radial,15,-3.58367416386803,0.1080000028014183,-0.025802453979849815,1299.50048828125,2.1598236344289035e-05,0.17915794253349304,0.03597711771726608,0.034430719912052155,0.00011024879495380446
radial,15,-3.548320641534196,0.1080000028014183,-0.02554790861904621,1314.620849609375,2.561953260737937e-05,0.1758091300725937,0.03809438645839691,0.03611183539032936,0.00012756601790897548
radial,15,-3.513140966080957,0.1080000028014183,-0.02529461495578289,1330.3212890625,3.0319952202262357e-05,0.17241133749485016,0.040240541100502014,0.03781957924365997,0.00014725257642567158
radial,15,-3.4781341027054524,0.1080000028014183,-0.025042565539479256,1346.61376953125,3.5803892387775704e-05,0.16896408796310425,0.0424155555665493,0.03955432027578354,0.0001695834071142599
radial,15,-3.4432992753055363,0.1080000028014183,-0.02479175478219986,1363.5098876953125,4.219183392706327e-05,0.16546684503555298,0.04461941868066788,0.04131646826863289,0.000194860840565525
radial,15,-3.408635449078348,0.1080000028014183,-0.024542175233364105,1381.0205078125,4.962257298757322e-05,0.1619189977645874,0.04685213416814804,0.04310646653175354,0.0002234159765066579
radial,15,-3.3741418479217424,0.1080000028014183,-0.024293821305036545,1399.15576171875,5.825574044138193e-05,0.15831995010375977,0.049113668501377106,0.04492476209998131,0.00025561009533703327
radial,15,-3.339817695733574,0.1080000028014183,-0.02404668740928173,1417.92431640625,6.82748868712224e-05,0.1546691358089447,0.05140391364693642,0.04677179455757141,0.0002918367681559175
radial,15,-3.3056622164116964,0.1080000028014183,-0.023800767958164215,1437.3336181640625,7.989101868588477e-05,0.15096598863601685,0.05372270941734314,0.04864797741174698,0.00033252337016165257
radial,15,-3.2716746338539653,0.1080000028014183,-0.02355605736374855,1457.3895263671875,9.334634523838758e-05,0.14721007645130157,0.05606977641582489,0.050553690642118454,0.000378132303012535
radial,15,-3.2378539132575197,0.1080000028014183,-0.02331254817545414,1478.095703125,0.0001089185825549066,0.14340102672576904,0.05844474956393242,0.052489276975393295,0.00042916141683235765
radial,15,-3.204199278520213,0.1080000028014183,-0.023070234805345535,1499.454345703125,0.00012692593736574054,0.13953864574432373,0.06084710732102394,0.0544549934566021,0.00048614427214488387
radial,15,-3.1707099535399013,0.1080000028014183,-0.02282911166548729,1521.464599609375,0.0001477327023167163,0.13562282919883728,0.06327619403600693,0.056451018899679184,0.0005496497033163905
radial,15,-3.1373854209151535,0.1080000028014183,-0.022589175030589104,1544.123046875,0.00017175584798678756,0.13165371119976044,0.06573116779327393,0.058477453887462616,0.0006202811491675675
radial,15,-3.1042243871423936,0.1080000028014183,-0.022350415587425232,1567.423828125,0.0001994722697418183,0.12763163447380066,0.06821101903915405,0.06053426116704941,0.0006986745283938944
radial,15,-3.071226076119476,0.1080000028014183,-0.022112827748060226,1591.3570556640625,0.0002314274024683982,0.1235571801662445,0.0707145482301712,0.06262131035327911,0.0007854959112592041
radial,15,-3.0383899704449706,0.1080000028014183,-0.02187640778720379,1615.9102783203125,0.0002682446502149105,0.11943114548921585,0.07324030995368958,0.06473828852176666,0.0008814366301521659
radial,15,-3.005715294016732,0.1080000028014183,-0.02164115011692047,1641.06640625,0.0003106365620624274,0.1152547150850296,0.07578665763139725,0.06688472628593445,0.0009872082155197859
radial,15,-2.9732010120318995,0.1080000028014183,-0.021407047286629677,1666.8046875,0.0003594167355913669,0.11102936416864395,0.07835166901350021,0.06905996799468994,0.0011035333154723048
radial,15,-2.9408466070890427,0.1080000028014183,-0.021174095571041107,1693.0997314453125,0.00041551413596607745,0.10675699263811111,0.08093313127756119,0.07126310467720032,0.0012311349855735898
radial,15,-2.9086510443853006,0.1080000028014183,-0.020942287519574165,1719.9202880859375,0.0004799893358722329,0.1024399846792221,0.0835285633802414,0.07349295914173126,0.001370722078718245
radial,15,-2.876613547818528,0.1080000028014183,-0.020711617544293404,1747.230224609375,0.0005540534621104598,0.09808123856782913,0.08613511919975281,0.07574807107448578,0.0015229721320793033
radial,15,-2.844733599987295,0.1080000028014183,-0.020482081919908524,1774.98681640625,0.0006390908965840936,0.09368424862623215,0.08874963223934174,0.07802656292915344,0.0016885085497051477
radial,15,-2.8130101660887403,0.1080000028014183,-0.020253673195838928,1803.140625,0.0007366848294623196,0.08925320208072662,0.09136852622032166,0.08032620698213577,0.001867871847935021
radial,15,-2.781442470020718,0.1080000028014183,-0.02002638578414917,1831.6341552734375,0.0008486483129672706,0.0847930759191513,0.093987837433815,0.08264421671628952,0.0020614834502339363
radial,15,-2.7500299943817987,0.1080000028014183,-0.01980021595954895,1860.4013671875,0.000977061572484672,0.08030978590250015,0.0966031476855278,0.08497726917266846,0.0022695984225720167
radial,15,-2.718771704369121,0.1080000028014183,-0.019575156271457672,1889.36572265625,0.0011243178742006421,0.07581032067537308,0.09920954704284668,0.08732133358716965,0.0024922487791627645
radial,15,-2.6876670825812554,0.1080000028014183,-0.019351202994585037,1918.4400634765625,0.0012931723613291979,0.07130295783281326,0.10180158913135529,0.08967158198356628,0.002729170024394989
radial,15,-2.656715352916055,0.1080000028014183,-0.019128350540995598,1947.5263671875,0.001486780820414424,0.06679703295230865,0.104373499751091,0.09202242642641068,0.002979731885716319
radial,15,-2.6259154805706606,0.1080000028014183,-0.018906591460108757,1976.549560546875,0.0017052529146894813,0.06230250746011734,0.106920026242733,0.09436818957328796,0.003243726212531328
radial,15,-2.595266948143641,0.1080000028014183,-0.018685922026634216,2005.4010009765625,0.0019523471128195524,0.05783082917332649,0.10943520069122314,0.0967019721865654,0.0035200773272663355
radial,15,-2.564768979532851,0.1080000028014183,-0.018466336652636528,2033.8922119140625,0.002236051019281149,0.05339895188808441,0.11190961301326752,0.09901294112205505,0.003805468324571848
radial,15,-2.534420798636145,0.1080000028014183,-0.018247829750180244,2061.829345703125,0.0025617380160838366,0.049027420580387115,0.11433295905590057,0.10128828883171082,0.004095939919352531
radial,15,-2.5042216293513775,0.1080000028014183,-0.018030395731329918,2089.02392578125,0.002935161115601659,0.04473719000816345,0.11669600009918213,0.10351473093032837,0.004387015476822853
radial,15,-2.474170954277118,0.1080000028014183,-0.01781403087079525,2115.265380859375,0.00336282211355865,0.04055226594209671,0.11898910999298096,0.10567682981491089,0.00467278715223074
radial,15,-2.444267997311221,0.1080000028014183,-0.017598729580640793,2140.317138671875,0.0038520004600286484,0.036500196903944016,0.12120223790407181,0.1077565997838974,0.004945619963109493
radial,15,-2.4145117236508264,0.1080000028014183,-0.01738448441028595,2163.91796875,0.004410804249346256,0.032612238079309464,0.12332513183355331,0.10973338782787323,0.005195837002247572
radial,15,-2.384901615894503,0.1080000028014183,-0.017171291634440422,2185.779052734375,0.005048191174864769,0.02892361767590046,0.12534767389297485,0.11158353835344315,0.0054113673977553844
radial,15,-2.355437156640821,0.1080000028014183,-0.01695914752781391,2205.586669921875,0.005773952696472406,0.025473702698946,0.12726011872291565,0.11328025907278061,0.005577345844358206
radial,15,-2.3261173110869198,0.1080000028014183,-0.01674804463982582,2223.0029296875,0.006598690524697304,0.022305818274617195,0.12905365228652954,0.11479360610246658,0.005675852298736572
radial,15,-2.2969415618313684,0.1080000028014183,-0.016537979245185852,2237.7158203125,0.007532061543315649,0.019460178911685944,0.13072121143341064,0.1160963624715805,0.005690143443644047
radial,15,-2.2679091327720218,0.1080000028014183,-0.016328945755958557,2249.6904296875,0.008573283441364765,0.016944345086812973,0.13225848972797394,0.11718598753213882,0.005620779935270548
radial,15,-2.2390192478067346,0.1080000028014183,-0.01612093858420849,2259.20556640625,0.009710242040455341,0.014731034636497498,0.13366450369358063,0.1180846244096756,0.005485108587890863
radial,15,-2.210271130833361,0.1080000028014183,-0.0159139521420002,2266.59716796875,0.01092949416488409,0.01278701052069664,0.13494087755680084,0.11881734430789948,0.005301250610500574
radial,15,-2.181664523151186,0.1080000028014183,-0.015707984566688538,2272.17041015625,0.012219378724694252,0.011081814765930176,0.1360911875963211,0.11940644681453705,0.0050842552445828915
radial,15,-2.153198260606991,0.1080000028014183,-0.015503027476370335,2276.19970703125,0.013569843024015427,0.00958787277340889,0.13712027668952942,0.11987166106700897,0.004846296273171902
radial,15,-2.1248719551497035,0.1080000028014183,-0.015299078077077866,2278.92822265625,0.014972295612096786,0.008280404843389988,0.13803373277187347,0.12023024260997772,0.004597203340381384
radial,15,-2.096684701326821,0.1080000028014183,-0.015096129849553108,2280.571533203125,0.016419442370533943,0.007137281820178032,0.1388375610113144,0.12049730122089386,0.004344865679740906
radial,15,-2.0686359817369118,0.1080000028014183,-0.014894179068505764,2281.319580078125,0.017905138432979584,0.006138843018561602,0.13953797519207,0.12068601697683334,0.00409558555111289
radial,15,-2.0407250202778315,0.1080000028014183,-0.014693220146000385,2281.33837890625,0.01942422054708004,0.0052676997147500515,0.14014099538326263,0.12080778926610947,0.003854386741295457
radial,15,-2.0129511701977916,0.1080000028014183,-0.014493248425424099,2280.7724609375,0.020972363650798798,0.004508539102971554,0.14065250754356384,0.12087256461381912,0.00362526997923851
radial,15,-1.9853137847450044,0.1080000028014183,-0.014294259250164032,2279.7470703125,0.022545944899320602,0.0038479259237647057,0.14107798039913177,0.12088894098997116,0.0034114373847842216
radial,15,-1.9578120878173246,0.1080000028014183,-0.014096247032284737,2278.371337890625,0.024141933768987656,0.0032741138711571693,0.14142245054244995,0.12086428701877594,0.003215471515432
radial,15,-1.9304455620133214,0.1080000028014183,-0.013899208046495914,2276.73828125,0.02575778402388096,0.002776874229311943,0.1416904628276825,0.12080489099025726,0.003039493691176176
radial,15,-1.9032134312308497,0.1080000028014183,-0.013703136704862118,2274.92724609375,0.027391336858272552,0.00234734988771379,0.14188598096370697,0.12071628868579865,0.0028852918185293674
radial,15,-1.8761150487181213,0.1080000028014183,-0.013508028350770473,2273.006103515625,0.029040731489658356,0.0019779205322265625,0.14201243221759796,0.12060317397117615,0.002754432149231434
radial,15,-1.8491498970737061,0.1080000028014183,-0.013313879258930683,2271.02978515625,0.03070434182882309,0.0016620865790173411,0.1420726180076599,0.12046965211629868,0.002648347057402134
radial,15,-1.8223170708451006,0.1080000028014183,-0.013120682910084724,2269.044677734375,0.032380763441324234,0.0013943372759968042,0.14206896722316742,0.1203191801905632,0.002568246563896537
radial,15,-1.7956161819812324,0.1080000028014183,-0.012928436510264874,2267.100830078125,0.03406880795955658,0.0011689981911331415,0.14200663566589355,0.1201547309756279,0.0025132321752607822
radial,15,-1.7690463250295985,0.1080000028014183,-0.012737133540213108,2265.256103515625,0.03576747700572014,0.000979869975708425,0.1418936550617218,0.11997879296541214,0.0024801583494991064
radial,15,-1.7426071119391255,0.1080000028014183,-0.012546771205961704,2263.5615234375,0.03747592866420746,0.0008213307010009885,0.14173772931098938,0.11979346722364426,0.00246581993997097
radial,15,-1.7162977666076686,0.1080000028014183,-0.012357343919575214,2262.058837890625,0.03919346258044243,0.0006886487826704979,0.14154522120952606,0.11960052698850632,0.0024674779269844294
radial,15,-1.6901176422834396,0.1080000028014183,-0.012168847024440765,2260.77978515625,0.0409194752573967,0.0005778434569947422,0.14132152497768402,0.1194014623761177,0.0024829411413520575
radial,15,-1.6640660922146506,0.1080000028014183,-0.011981275863945484,2259.7490234375,0.04265352711081505,0.0004855683946516365,0.1410711407661438,0.11919751763343811,0.002510389778763056
radial,15,-1.6381424696495137,0.1080000028014183,-0.011794625781476498,2258.984130859375,0.04439527168869972,0.00040901656029745936,0.14079782366752625,0.1189897358417511,0.0025482196360826492
radial,15,-1.6123462571865983,0.1080000028014183,-0.011608893051743507,2258.498046875,0.046144481748342514,0.00034584043896757066,0.1405046135187149,0.11877895891666412,0.002595147117972374
radial,15,-1.5866768080741167,0.1080000028014183,-0.01142407301813364,2258.29833984375,0.047901008278131485,0.0002940853883046657,0.1401940882205963,0.11856592446565628,0.0026501272805035114
radial,15,-1.5611333462099235,0.1080000028014183,-0.011240160092711449,2258.38818359375,0.049664825201034546,0.00025213410845026374,0.13986824452877045,0.11835123598575592,0.0027123228646814823
radial,15,-1.5357154835429456,0.1080000028014183,-0.011057151481509209,2258.768798828125,0.05143597722053528,0.00021866099268663675,0.13952873647212982,0.11813533306121826,0.002781077055260539
radial,15,-1.5104224439710379,0.1080000028014183,-0.010875041596591473,2259.435791015625,0.05321462079882622,0.00019259561668150127,0.13917677104473114,0.11791859567165375,0.0028558955527842045
radial,15,-1.485253580742412,0.1080000028014183,-0.010693825781345367,2260.384033203125,0.055000972002744675,0.0001730937510728836,0.138813316822052,0.11770131438970566,0.0029364293441176414
radial,15,-1.4602083764556382,0.1080000028014183,-0.010513500310480595,2261.6044921875,0.056795284152030945,0.00015951614477671683,0.1384388953447342,0.1174837127327919,0.0030224628280848265
radial,15,-1.4352863137092855,0.1080000028014183,-0.010334061458706856,2263.086669921875,0.058597784489393234,0.00015140058530960232,0.13805390894412994,0.11726593971252441,0.0031139017082750797
radial,15,-1.4104866164012089,0.1080000028014183,-0.010155503638088703,2264.8173828125,0.06040866672992706,0.00014846189878880978,0.13765844702720642,0.11704809218645096,0.0032107678707689047
radial,15,-1.38580863777962,0.1080000028014183,-0.009977822192013264,2266.781005859375,0.062228038907051086,0.00015058332064654678,0.1372523307800293,0.1168302446603775,0.003313197521492839
radial,15,-1.3612519897934463,0.1080000028014183,-0.009801014326512814,2268.959716796875,0.064055897295475,0.00015783225535415113,0.1368352472782135,0.11661240458488464,0.003421443747356534
radial,15,-1.3368160256909,0.1080000028014183,-0.00962507538497448,2271.33251953125,0.06589211523532867,0.000170462008100003,0.1364065408706665,0.11639455705881119,0.0035358804743736982
radial,15,-1.3124999693698354,0.1080000028014183,-0.009449999779462814,2273.8759765625,0.06773636490106583,0.000188898149644956,0.13596536219120026,0.11617663502693176,0.003657012479379773
radial,15,-1.288194390427735,0.1080000028014183,-0.009274999611079693,2276.57568359375,0.06959614902734756,0.00021390199253801256,0.13550853729248047,0.1159575954079628,0.003786063753068447
radial,15,-1.2638889408359926,0.1080000028014183,-0.009100000374019146,2279.402587890625,0.07147086411714554,0.0002464540593791753,0.13503438234329224,0.11573725193738937,0.003923961892724037
radial,15,-1.2401969999902778,0.1080000028014183,-0.00892941839993,2282.24853515625,0.07331172376871109,0.00028668195591308177,0.13455358147621155,0.11552099883556366,0.004067981615662575
radial,15,-1.2167224970956643,0.1080000028014183,-0.008760401979088783,2285.120849609375,0.07514771819114685,0.0003363568685017526,0.13405659794807434,0.11530501395463943,0.00422133831307292
radial,15,-1.1934633625464308,0.1080000028014183,-0.008592936210334301,2287.977294921875,0.07697643339633942,0.00039707630639895797,0.13354136049747467,0.1150890663266182,0.0043852138333022594
radial,15,-1.1704177854375708,0.1080000028014183,-0.008427008055150509,2290.770751953125,0.07879503071308136,0.00047078789793886244,0.13300536572933197,0.11487279832363129,0.004561013076454401
radial,15,-1.1475835668130054,0.1080000028014183,-0.008262601681053638,2293.451171875,0.0806000679731369,0.0005598308052867651,0.13244564831256866,0.11465582996606827,0.004750361666083336
radial,15,-1.124959025118086,0.1080000028014183,-0.00809970498085022,2295.96240234375,0.08238726854324341,0.0006669681752100587,0.13185887038707733,0.11443769931793213,0.004955114796757698
radial,15,-1.102541961396734,0.1080000028014183,-0.007938302122056484,2298.244384765625,0.08415132015943527,0.000795408443082124,0.13124139606952667,0.11421790719032288,0.005177326966077089
radial,15,-1.0803306940943003,0.1080000028014183,-0.007778380997478962,2300.232177734375,0.08588576316833496,0.0009487973293289542,0.13058920204639435,0.11399591714143753,0.005419229157269001
radial,15,-1.0583232829554214,0.1080000028014183,-0.007619927637279034,2301.85791015625,0.08758281171321869,0.0011311605339869857,0.12989820539951324,0.11377120763063431,0.005683158989995718
radial,15,-1.0365177230495546,0.1080000028014183,-0.007462927605956793,2303.052490234375,0.08923327177762985,0.0013467819662764668,0.12916433811187744,0.11354323476552963,0.005971457343548536
radial,15,-1.0149123328220513,0.1080000028014183,-0.0073073687963187695,2303.748046875,0.09082656353712082,0.0015999835450202227,0.128384068608284,0.1133115366101265,0.006286285351961851
radial,15,-0.9935051720175478,0.1080000028014183,-0.007153237238526344,2303.88232421875,0.09235095977783203,0.0018947785720229149,0.12755468487739563,0.11307582259178162,0.006629351060837507
radial,15,-0.9722944944062167,0.1080000028014183,-0.00700052035972476,2303.405029296875,0.09379424154758453,0.002234414219856262,0.1266750693321228,0.11283601820468903,0.007001611404120922
radial,15,-0.9512784244078729,0.1080000028014183,-0.006849204655736685,2302.284423828125,0.0951448380947113,0.0026208609342575073,0.12574592232704163,0.11259233951568604,0.007402986753731966
radial,15,-0.9304552157926891,0.1080000028014183,-0.006699277553707361,2300.5107421875,0.09639307856559753,0.0030543773900717497,0.12477031350135803,0.11234531551599503,0.007832178846001625
radial,15,-0.9098231223308378,0.1080000028014183,-0.006550726480782032,2298.09814453125,0.09753235429525375,0.003533274633809924,0.12375348061323166,0.11209581792354584,0.008286646567285061
radial,15,-0.8893803331173129,0.1080000028014183,-0.0064035383984446526,2295.086669921875,0.09855993837118149,0.0040539526380598545,0.12270253151655197,0.11184491217136383,0.008762788027524948
radial,15,-0.8691251019222869,0.1080000028014183,-0.0062577007338404655,2291.539794921875,0.09947714954614639,0.004611201584339142,0.1216258853673935,0.1115938052535057,0.009256239049136639
radial,15,-0.8490558118662901,0.1080000028014183,-0.006113201845437288,2287.534912109375,0.10028894990682602,0.005198673345148563,0.1205325797200203,0.11134378612041473,0.00976220890879631
radial,15,-0.8291706520443162,0.1080000028014183,-0.005970028694719076,2283.158203125,0.10100305825471878,0.005809400230646133,0.11943180859088898,0.1110960841178894,0.010275733657181263
radial,15,-0.8094679409017166,0.1080000028014183,-0.005828169174492359,2278.508056640625,0.10162891447544098,0.006435215473175049,0.11833629012107849,0.11085186898708344,0.01078946702182293
radial,15,-0.7899461262342002,0.1080000028014183,-0.005687612108886242,2273.69921875,0.10217657685279846,0.007065839599817991,0.11726440489292145,0.11061224341392517,0.011292333714663982
radial,15,-0.7706033971367611,0.1080000028014183,-0.00554834445938468,2268.84619140625,0.10265575349330902,0.007690876256674528,0.11623314768075943,0.11037834733724594,0.011774144135415554
radial,15,-0.7514381367299292,0.1080000028014183,-0.00541035458445549,2264.04296875,0.10307466983795166,0.00830130185931921,0.11525452136993408,0.11015171557664871,0.012228194624185562
radial,15,-0.7324487928094136,0.1080000028014183,-0.0052736313082277775,2259.365234375,0.10344063490629196,0.008890076540410519,0.1143360361456871,0.10993390530347824,0.012650687247514725
radial,15,-0.7136336838205656,0.1080000028014183,-0.005138162523508072,2254.85693359375,0.10376113653182983,0.009453602135181427,0.11347921192646027,0.1097257062792778,0.013041101396083832
radial,15,-0.6949912575590942,0.1080000028014183,-0.005003937054425478,2250.5458984375,0.10404298454523087,0.009990213438868523,0.11268261075019836,0.10952749103307724,0.013400563038885593
radial,15,-0.6765198971455296,0.1080000028014183,-0.004870943259447813,2246.45654296875,0.10429144650697708,0.010498235933482647,0.11194508522748947,0.10933986306190491,0.013730219565331936
radial,15,-0.6582180503755808,0.1080000028014183,-0.004739169962704182,2242.612548828125,0.10451056063175201,0.01097585167735815,0.11126594990491867,0.10916358232498169,0.01403107587248087
radial,15,-0.6400841003697779,0.1080000028014183,-0.004608605522662401,2239.0361328125,0.1047033816576004,0.011421157978475094,0.11064491420984268,0.10899950563907623,0.014303968288004398
radial,15,-0.6221166242741877,0.1080000028014183,-0.004479239694774151,2235.749755859375,0.10487224161624908,0.011832203716039658,0.11008205264806747,0.10884858667850494,0.014549576677381992
radial,15,-0.60431400520934,0.1080000028014183,-0.004351060837507248,2232.773193359375,0.10501883924007416,0.012207039631903172,0.1095777153968811,0.10871177911758423,0.014768443070352077
radial,15,-0.586674690970944,0.1080000028014183,-0.004224057774990797,2230.125,0.10514446347951889,0.012543793767690659,0.10913239419460297,0.10859005153179169,0.014961006119847298
radial,15,-0.5691973233802451,0.1080000028014183,-0.004098220728337765,2227.82177734375,0.10525010526180267,0.012840735726058483,0.10874658077955246,0.10848426073789597,0.01512763649225235
radial,15,-0.5518803502329522,0.1080000028014183,-0.003973538521677256,2225.87646484375,0.10533654689788818,0.013096376322209835,0.10842075943946838,0.10839515924453735,0.015268683433532715
radial,15,-0.5347222193247743,0.1080000028014183,-0.0038499999791383743,2224.300537109375,0.10540442913770676,0.013309432193636894,0.1081552803516388,0.10832338780164719,0.015384459868073463
radial,15,-0.5173611053679552,0.1080000028014183,-0.0037249999586492777,2223.079345703125,0.1054551973938942,0.013482155278325081,0.10794651508331299,0.10826841741800308,0.015476997010409832
radial,15,-0.49999999141113627,0.1080000028014183,-0.003599999938160181,2222.251220703125,0.10548786073923111,0.013609541580080986,0.10779999941587448,0.10823208093643188,0.01554424874484539
radial,15,-0.4772727131947047,0.1080000028014183,-0.003436363535001874,2221.777099609375,0.1055033877491951,0.013705682940781116,0.10770401358604431,0.10821358859539032,0.015593824908137321
radial,15,-0.4545454673158626,0.1080000028014183,-0.0032727273646742105,2221.998046875,0.10548833012580872,0.013721251860260963,0.10771681368350983,0.10822831094264984,0.015600079670548439
radial,15,-0.43181818909943104,0.1080000028014183,-0.0031090909615159035,2222.91650390625,0.1054425835609436,0.013655902817845345,0.10783874988555908,0.10827624052762985,0.015562941320240498
radial,15,-0.40909091088299954,0.1080000028014183,-0.0029454545583575964,2224.519775390625,0.10536610335111618,0.013510729186236858,0.10806892067193985,0.10835668444633484,0.015482580289244652
radial,15,-0.386363632666568,0.1080000028014183,-0.0027818181551992893,2226.784423828125,0.10525883734226227,0.0132882846519351,0.10840517282485962,0.10846827924251556,0.015359421260654926
radial,15,-0.3636363544501364,0.1080000028014183,-0.0026181817520409822,2229.675048828125,0.1051206886768341,0.012992408126592636,0.10884427279233932,0.10860906541347504,0.015194103121757507
radial,15,-0.3409090762337049,0.1080000028014183,-0.002454545348882675,2233.1455078125,0.1049513965845108,0.012627977877855301,0.10938211530447006,0.10877658426761627,0.014987439848482609
radial,15,-0.31818183035486275,0.1080000028014183,-0.0022909091785550117,2237.142822265625,0.10475043207406998,0.0122006144374609,0.11001396924257278,0.10896806418895721,0.01474033948034048
radial,15,-0.2954545521384312,0.1080000028014183,-0.0021272727753967047,2241.608642578125,0.10451679676771164,0.01171640120446682,0.11073489487171173,0.10918053239583969,0.014453698880970478
radial,15,-0.2727272739219997,0.1080000028014183,-0.0019636363722383976,2246.481689453125,0.10424879193305969,0.011181536130607128,0.11154010891914368,0.10941104590892792,0.014128288254141808
radial,15,-0.24999999570556813,0.1080000028014183,-0.0017999999690800905,2251.69921875,0.10394374281167984,0.010602054186165333,0.11242524534463882,0.10965678095817566,0.013764672912657261
radial,15,-0.2272727336579313,0.1080000028014183,-0.0016363636823371053,2257.200439453125,0.10359768569469452,0.009983578696846962,0.11338675022125244,0.10991524159908295,0.01336312759667635
radial,15,-0.20454545544149977,0.1080000028014183,-0.0014727272791787982,2262.92578125,0.10320484638214111,0.009331049397587776,0.11442209780216217,0.11018440127372742,0.012923570349812508
radial,15,-0.1818181772250682,0.1080000028014183,-0.0013090908760204911,2268.81640625,0.10275717824697495,0.008648816496133804,0.1155296266078949,0.11046269536018372,0.012445778585970402
radial,15,-0.15909091517743137,0.1080000028014183,-0.0011454545892775059,2274.802490234375,0.10224452614784241,0.007941944524645805,0.11670595407485962,0.11074873059988022,0.011930646374821663
radial,15,-0.13636363696099985,0.1080000028014183,-0.0009818181861191988,2280.7919921875,0.10165753215551376,0.007218731567263603,0.1179412230849266,0.1110411137342453,0.011382077820599079
radial,15,-0.11363636682896565,0.1080000028014183,-0.0008181818411685526,2286.65234375,0.10098583251237869,0.006491916719824076,0.11921602487564087,0.11133749783039093,0.010809628292918205
radial,15,-0.0909090886125341,0.1080000028014183,-0.0006545454380102456,2292.20458984375,0.10021746903657913,0.005776628386229277,0.12050540745258331,0.11163437366485596,0.010227484628558159
radial,15,-0.06818181848049992,0.1080000028014183,-0.0004909090930595994,2297.271484375,0.09934190660715103,0.005087350029498339,0.12178429961204529,0.11192905902862549,0.009650053456425667
radial,15,-0.04545454430626705,0.1080000028014183,-0.0003272727190051228,2301.716064453125,0.0983503982424736,0.004435933195054531,0.12303353101015091,0.11221984028816223,0.009087744168937206
radial,15,-0.022727272153133526,0.1080000028014183,-0.0001636363595025614,2305.428955078125,0.09723830223083496,0.0038316291756927967,0.1242392435669899,0.1125049963593483,0.008547688834369183
radial,15,0.0,0.1080000028014183,0.0,2308.3330078125,0.09600671380758286,0.0032814976293593645,0.1253890097141266,0.11278290301561356,0.008036231622099876
radial,15,0.022727272153133526,0.1080000028014183,0.0001636363595025614,2310.396240234375,0.09466265887022018,0.002789838006719947,0.12647350132465363,0.11305218935012817,0.007558084093034267
radial,15,0.04545454430626705,0.1080000028014183,0.0003272727190051228,2311.62060546875,0.09321809560060501,0.002357970690354705,0.12748698890209198,0.1133120059967041,0.007116180378943682
radial,15,0.06818181848049992,0.1080000028014183,0.0004909090930595994,2312.035400390625,0.09168820828199387,0.001984356204047799,0.12842753529548645,0.11356206238269806,0.006711549591273069
radial,15,0.0909090886125341,0.1080000028014183,0.0006545454380102456,2311.7060546875,0.09008932113647461,0.0016651729820296168,0.1292966604232788,0.11380258202552795,0.006343508139252663
radial,15,0.11363636682896565,0.1080000028014183,0.0008181818411685526,2310.71923828125,0.08843711763620377,0.001395148690789938,0.13009843230247498,0.1140342429280281,0.006010054145008326
radial,15,0.13636363696099985,0.1080000028014183,0.0009818181861191988,2309.1708984375,0.08674553036689758,0.0011683604680001736,0.13083863258361816,0.11425795406103134,0.0057083722203969955
radial,15,0.15909091517743137,0.1080000028014183,0.0011454545892775059,2307.156982421875,0.0850263312458992,0.0009788628667593002,0.13152360916137695,0.11447471380233765,0.005435280967503786
radial,15,0.1818181772250682,0.1080000028014183,0.0013090908760204911,2304.767822265625,0.08328915387392044,0.0008210885571315885,0.13215984404087067,0.1146855428814888,0.00518756452947855
radial,15,0.20454545544149977,0.1080000028014183,0.0014727272791787982,2302.087646484375,0.0815417468547821,0.0006900488515384495,0.1327533721923828,0.11489133536815643,0.004962170962244272
radial,15,0.2272727336579313,0.1080000028014183,0.0016363636823371053,2299.1904296875,0.07979021221399307,0.0005814074538648129,0.13330970704555511,0.1150929257273674,0.0047563123516738415
radial,15,0.24999999570556813,0.1080000028014183,0.0017999999690800905,2296.142333984375,0.07803932577371597,0.0004914739984087646,0.13383373618125916,0.1152910441160202,0.004567507654428482
radial,15,0.2727272739219997,0.1080000028014183,0.0019636363722383976,2293.00146484375,0.07629269361495972,0.00041715658153407276,0.13432961702346802,0.1154862716794014,0.004393588285893202
radial,15,0.2954545521384312,0.1080000028014183,0.0021272727753967047,2289.8173828125,0.07455307245254517,0.0003558950265869498,0.1348010003566742,0.11567910760641098,0.004232681822031736
radial,15,0.31818183035486275,0.1080000028014183,0.0022909091785550117,2286.6337890625,0.07282251119613647,0.0003055901324842125,0.13525092601776123,0.11586997658014297,0.0040831901133060455
radial,15,0.3409090762337049,0.1080000028014183,0.002454545348882675,2283.487548828125,0.0711025521159172,0.0002645353088155389,0.13568194210529327,0.11605920642614365,0.003943758085370064
radial,15,0.3636363544501364,0.1080000028014183,0.0026181817520409822,2280.41064453125,0.06939432770013809,0.00023135550145525485,0.13609619438648224,0.11624704301357269,0.003813245100900531
radial,15,0.386363632666568,0.1080000028014183,0.0027818181551992893,2277.429931640625,0.06769871711730957,0.00020495442731771618,0.13649538159370422,0.11643369495868683,0.003690695157274604
radial,15,0.40909091088299954,0.1080000028014183,0.0029454545583575964,2274.5693359375,0.06601627916097641,0.00018447071488481015,0.1368810087442398,0.1166193038225174,0.0035753098782151937
radial,15,0.43181818909943104,0.1080000028014183,0.0031090909615159035,2271.84912109375,0.06434731185436249,0.00016924069495871663,0.1372542530298233,0.11680397391319275,0.003466424299404025
radial,15,0.4545454673158626,0.1080000028014183,0.0032727273646742105,2269.285888671875,0.06269185245037079,0.00015876945690251887,0.13761605322360992,0.11698781698942184,0.003363486146554351
radial,15,0.4772727131947047,0.1080000028014183,0.003436363535001874,2266.896240234375,0.061050835996866226,0.00015271636948455125,0.13796697556972504,0.11717076599597931,0.0032661056611686945
radial,15,0.49999999141113627,0.1080000028014183,0.003599999938160181,2264.689453125,0.05942254140973091,0.00015086850908119231,0.13830792903900146,0.11735299974679947,0.0031738406978547573
radial,15,0.5173611053679552,0.1080000028014183,0.0037249999586492777,2263.132568359375,0.05818713828921318,0.0001522336679045111,0.13856187462806702,0.11749172955751419,0.0031066504307091236
radial,15,0.5347222193247743,0.1080000028014183,0.0038499999791383743,2261.695556640625,0.05696126073598862,0.0001560045639052987,0.13880984485149384,0.1176297664642334,0.0030423454008996487
radial,15,0.5518803502329522,0.1080000028014183,0.003973538521677256,2260.39599609375,0.055758893489837646,0.0001621197152417153,0.13904914259910583,0.11776549369096756,0.002981562167406082
radial,15,0.5691973233802451,0.1080000028014183,0.004098220728337765,2259.207275390625,0.054553642868995667,0.00017077320080716163,0.13928498327732086,0.11790182441473007,0.002922929124906659
radial,15,0.586674690970944,0.1080000028014183,0.004224057774990797,2258.134521484375,0.05334511026740074,0.00018214841838926077,0.13951726257801056,0.11803875863552094,0.0028664879500865936
radial,15,0.60431400520934,0.1080000028014183,0.004351060837507248,2257.18310546875,0.052133332937955856,0.00019646764849312603,0.13974574208259583,0.11817622184753418,0.0028123301453888416
radial,15,0.6221166242741877,0.1080000028014183,0.004479239694774151,2256.357177734375,0.05091836676001549,0.0002140015858458355,0.1399700939655304,0.11831412464380264,0.0027605777140706778
radial,15,0.6400841003697779,0.1080000028014183,0.004608605522662401,2255.661376953125,0.049700260162353516,0.00023507498553954065,0.14018990099430084,0.11845234781503677,0.002711385488510132
radial,15,0.6582180503755808,0.1080000028014183,0.004739169962704182,2255.098876953125,0.04847905412316322,0.0002600733714643866,0.14040468633174896,0.11859077215194702,0.0026649439241737127
radial,15,0.6765198971455296,0.1080000028014183,0.004870943259447813,2254.6728515625,0.0472547747194767,0.00028945045778527856,0.1406138837337494,0.11872922629117966,0.0026214842218905687
radial,15,0.6949912575590942,0.1080000028014183,0.005003937054425478,2254.385498046875,0.04602747783064842,0.0003237372438888997,0.1408168226480484,0.11886754631996155,0.0025812839157879353
radial,15,0.7136336838205656,0.1080000028014183,0.005138162523508072,2254.238037109375,0.04479719698429108,0.00036355265183374286,0.14101268351078033,0.11900550872087479,0.002544672694057226
radial,15,0.7324487928094136,0.1080000028014183,0.0052736313082277775,2254.231201171875,0.043563976883888245,0.0004096158663742244,0.14120051264762878,0.11914288252592087,0.002512038918212056
radial,15,0.7514381367299292,0.1080000028014183,0.00541035458445549,2254.36474609375,0.042327880859375,0.00046276123612187803,0.14137926697731018,0.11927936226129532,0.0024838398676365614
radial,15,0.7706033971367611,0.1080000028014183,0.00554834445938468,2254.6357421875,0.04108897224068642,0.0005239551537670195,0.14154765009880066,0.11941462010145187,0.002460610121488571
radial,15,0.7899461262342002,0.1080000028014183,0.005687612108886242,2255.0419921875,0.03984733298420906,0.0005943159339949489,0.14170417189598083,0.1195482462644577,0.002442974364385009
radial,15,0.8094679409017166,0.1080000028014183,0.005828169174492359,2255.577392578125,0.03860306367278099,0.0006751372711732984,0.1418471336364746,0.11967982351779938,0.0024316615890711546
radial,15,0.8291706520443162,0.1080000028014183,0.005970028694719076,2256.2353515625,0.03735630214214325,0.0007679146365262568,0.141974538564682,0.11980878561735153,0.0024275167379528284
radial,15,0.8490558118662901,0.1080000028014183,0.006113201845437288,2257.006103515625,0.03610721975564957,0.0008743769722059369,0.1420840471982956,0.11993452906608582,0.0024315270129591227
radial,15,0.8691251019222869,0.1080000028014183,0.0062577007338404655,2257.87744140625,0.03485604375600815,0.00099652330391109,0.14217299222946167,0.12005632370710373,0.0024448412004858255
radial,15,0.8893803331173129,0.1080000028014183,0.0064035383984446526,2258.834228515625,0.03360304608941078,0.0011366672115400434,0.14223825931549072,0.12017334997653961,0.0024687875993549824
radial,15,0.9098231223308378,0.1080000028014183,0.006550726480782032,2259.8564453125,0.03234855830669403,0.0012974864803254604,0.14227618277072906,0.12028463184833527,0.0025049149990081787
radial,15,0.9304552157926891,0.1080000028014183,0.006699277553707361,2260.9208984375,0.031092988327145576,0.0014820818323642015,0.142282634973526,0.12038903683423996,0.002555022481828928
radial,15,0.9512784244078729,0.1080000028014183,0.006849204655736685,2262.001953125,0.02983684092760086,0.001693708123639226,0.14225399494171143,0.12048523873090744,0.0026204222813248634
radial,15,0.9722944944062167,0.1080000028014183,0.00700052035972476,2263.07958984375,0.028580717742443085,0.00193535175640136,0.14218807220458984,0.12057172507047653,0.0027012948412448168
radial,15,0.9935051720175478,0.1080000028014183,0.007153237238526344,2264.132568359375,0.027325324714183807,0.002210021950304508,0.1420832872390747,0.12064671516418457,0.002797299064695835
radial,15,1.0149123328220513,0.1080000028014183,0.0073073687963187695,2265.1376953125,0.02607147768139839,0.0025211924221366644,0.14193770289421082,0.120708167552948,0.0029080575332045555
radial,15,1.0365177230495546,0.1080000028014183,0.007462927605956793,2266.064453125,0.0248201172798872,0.0028728521429002285,0.14174918830394745,0.12075374275445938,0.0030331313610076904
radial,15,1.0583232829554214,0.1080000028014183,0.007619927637279034,2266.87841796875,0.023572325706481934,0.0032695606350898743,0.14151531457901,0.12078074365854263,0.00317199295386672
radial,15,1.0803306940943003,0.1080000028014183,0.007778380997478962,2267.538818359375,0.02232936955988407,0.0037165123503655195,0.14123332500457764,0.12078608572483063,0.0033239901531487703
radial,15,1.102541961396734,0.1080000028014183,0.007938302122056484,2267.998779296875,0.021092714741826057,0.004219604190438986,0.14090019464492798,0.12076624482870102,0.003488302230834961
radial,15,1.124959025118086,0.1080000028014183,0.00809970498085022,2268.202392578125,0.019864080473780632,0.0047855195589363575,0.1405126303434372,0.12071714550256729,0.0036638928577303886
radial,15,1.1475835668130054,0.1080000028014183,0.008262601681053638,2268.087158203125,0.01864546164870262,0.005421814974397421,0.14006704092025757,0.12063416838645935,0.0038494467735290527
radial,15,1.1704177854375708,0.1080000028014183,0.008427008055150509,2267.579345703125,0.017439179122447968,0.006137024611234665,0.1395595520734787,0.12051200121641159,0.004043299704790115
radial,15,1.1934633625464308,0.1080000028014183,0.008592936210334301,2266.595947265625,0.016247930005192757,0.006940770894289017,0.13898606598377228,0.12034459412097931,0.004243355244398117
radial,15,1.2167224970956643,0.1080000028014183,0.008760401979088783,2265.04248046875,0.015074827708303928,0.007843896746635437,0.1383422315120697,0.12012502551078796,0.00444698054343462
radial,15,1.2401969999902778,0.1080000028014183,0.00892941839993,2262.81005859375,0.013923454098403454,0.008858613669872284,0.137623593211174,0.11984539777040482,0.004650893621146679
radial,15,1.2638889408359926,0.1080000028014183,0.009100000374019146,2259.775390625,0.012797988951206207,0.009998603723943233,0.13682548701763153,0.11949670314788818,0.004851006902754307
radial,15,1.288194390427735,0.1080000028014183,0.009274999611079693,2255.7265625,0.011685705743730068,0.01130135077983141,0.135928213596344,0.11906097084283829,0.0050452640280127525
radial,15,1.3124999693698354,0.1080000028014183,0.009449999779462814,2250.59619140625,0.010620933026075363,0.012752635404467583,0.13494914770126343,0.1185365542769432,0.005222258623689413
radial,15,1.3368160256909,0.1080000028014183,0.00962507538497448,2244.23388671875,0.009608365595340729,0.014368276111781597,0.13388581573963165,0.11791228502988815,0.0053748469799757
radial,15,1.3612519897934463,0.1080000028014183,0.009801014326512814,2236.440185546875,0.008649730123579502,0.016173183917999268,0.13273142278194427,0.11717253923416138,0.005494984332472086
radial,15,1.38580863777962,0.1080000028014183,0.009977822192013264,2227.020751953125,0.007752545643597841,0.01818757690489292,0.131484255194664,0.11630238592624664,0.0055720810778439045
radial,15,1.4104866164012089,0.1080000028014183,0.010155503638088703,2215.7646484375,0.006925265304744244,0.0204330924898386,0.13014373183250427,0.1152854636311531,0.00559384748339653
radial,15,1.4352863137092855,0.1080000028014183,0.010334061458706856,2202.5107421875,0.006174738053232431,0.022923078387975693,0.12871092557907104,0.11411202698945999,0.005551998969167471
radial,15,1.4602083764556382,0.1080000028014183,0.010513500310480595,2187.31591796875,0.005499935708940029,0.0256450567394495,0.1271885335445404,0.11279094964265823,0.005451494827866554
radial,15,1.485253580742412,0.1080000028014183,0.010693825781345367,2170.3955078125,0.004894236568361521,0.028570424765348434,0.1255807876586914,0.11134170740842819,0.005304838065057993
radial,15,1.5104224439710379,0.1080000028014183,0.010875041596591473,2151.9560546875,0.004351438954472542,0.03167235106229782,0.1238926574587822,0.10978224873542786,0.005122767761349678
radial,15,1.5357154835429456,0.1080000028014183,0.011057151481509209,2132.192138671875,0.003865610109642148,0.034926027059555054,0.12212984263896942,0.10812895745038986,0.004914473742246628
radial,15,1.5611333462099235,0.1080000028014183,0.011240160092711449,2111.28759765625,0.0034312126226723194,0.038308728486299515,0.12029827386140823,0.10639671981334686,0.004687716718763113
radial,15,1.5866768080741167,0.1080000028014183,0.01142407301813364,2089.412109375,0.003043145639821887,0.04179975762963295,0.11840416491031647,0.10459887236356735,0.0044490015134215355
radial,15,1.6123462571865983,0.1080000028014183,0.011608893051743507,2066.716064453125,0.0026965001598000526,0.04538129270076752,0.11645302176475525,0.10274675488471985,0.004203501157462597
radial,15,1.6381424696495137,0.1080000028014183,0.011794625781476498,2043.3255615234375,0.0023886749986559153,0.04903730750083923,0.11445018649101257,0.10085028409957886,0.003955171909183264
radial,15,1.6640660922146506,0.1080000028014183,0.011981275863945484,2019.376708984375,0.002115740906447172,0.05275273323059082,0.11240189522504807,0.09891902655363083,0.0037076801527291536
radial,15,1.6901176422834396,0.1080000028014183,0.012168847024440765,1994.993896484375,0.0018732050666585565,0.05651459842920303,0.1103137880563736,0.0969611331820488,0.003463956993073225
radial,15,1.7162977666076686,0.1080000028014183,0.012357343919575214,1970.281494140625,0.0016587487189099193,0.060311075299978256,0.10819131880998611,0.09498380124568939,0.0032261074520647526
radial,15,1.7426071119391255,0.1080000028014183,0.012546771205961704,1945.3515625,0.0014686130452901125,0.06413116306066513,0.1060403510928154,0.09299392998218536,0.002996106632053852
radial,15,1.7690463250295985,0.1080000028014183,0.012737133540213108,1920.2996826171875,0.001299449591897428,0.06796547770500183,0.10386601090431213,0.09099719673395157,0.002775331027805805
radial,15,1.7956161819812324,0.1080000028014183,0.012928436510264874,1895.203369140625,0.0011490025790408254,0.07180627435445786,0.1016727015376091,0.08899824321269989,0.0025646004360169172
radial,15,1.8223170708451006,0.1080000028014183,0.013120682910084724,1870.1317138671875,0.0010152524337172508,0.0756467655301094,0.09946440905332565,0.0870010107755661,0.0023644408211112022
radial,15,1.8491498970737061,0.1080000028014183,0.013313879258930683,1845.1468505859375,0.0008964161388576031,0.07948102802038193,0.09724492579698563,0.08500891178846359,0.0021751492749899626
radial,15,1.8761150487181213,0.1080000028014183,0.013508028350770473,1820.30517578125,0.0007908937404863536,0.08330376446247101,0.09501774609088898,0.08302498608827591,0.0019968373235315084
radial,15,1.9032134312308497,0.1080000028014183,0.013703136704862118,1795.6573486328125,0.000697250128723681,0.08711039274930954,0.09278612583875656,0.0810517743229866,0.001829467248171568
radial,15,1.9304455620133214,0.1080000028014183,0.013899208046495914,1771.2489013671875,0.0006141994963400066,0.09089681506156921,0.09055308997631073,0.07909157127141953,0.0016728810733184218
radial,15,1.9578120878173246,0.1080000028014183,0.014096247032284737,1747.1209716796875,0.0005405906704254448,0.09465950727462769,0.08832143247127533,0.0771462619304657,0.0015268268762156367
radial,15,1.9853137847450044,0.1080000028014183,0.014294259250164032,1723.3101806640625,0.00047539331717416644,0.09839534759521484,0.0860937088727951,0.07521753758192062,0.0013909790432080626
radial,15,2.0129511701977916,0.1080000028014183,0.014493248425424099,1699.8487548828125,0.00041768609662540257,0.1021016389131546,0.08387227356433868,0.07330679893493652,0.0012649577111005783
radial,15,2.0407250202778315,0.1080000028014183,0.014693220146000385,1676.7659912109375,0.0003666451957542449,0.10577604174613953,0.08165929466485977,0.0714152455329895,0.0011483427369967103
radial,15,2.0686359817369118,0.1080000028014183,0.014894179068505764,1654.08740234375,0.0003215344331692904,0.10941652208566666,0.07945673912763596,0.06954390555620193,0.0010406867368146777
radial,15,2.096684701326821,0.1080000028014183,0.015096129849553108,1631.8353271484375,0.00028169568395242095,0.1130213588476181,0.0772663950920105,0.06769361346960068,0.0009415250387974083
radial,15,2.1248719551497035,0.1080000028014183,0.015299078077077866,1610.0296630859375,0.0002465415163896978,0.11658904701471329,0.07508990168571472,0.06586508452892303,0.0008503844728693366
radial,15,2.153198260606991,0.1080000028014183,0.015503027476370335,1588.6868896484375,0.0002155472175218165,0.12011834979057312,0.07292871922254562,0.06405887007713318,0.0007667903555557132
radial,15,2.181664523151186,0.1080000028014183,0.015707984566688538,1567.8218994140625,0.00018824472499545664,0.12360820919275284,0.07078418135643005,0.06227545067667961,0.0006902722525410354
radial,15,2.210271130833361,0.1080000028014183,0.0159139521420002,1547.446533203125,0.00016421638429164886,0.1270577609539032,0.06865747272968292,0.06051517650485039,0.000620368227828294
radial,15,2.2390192478067346,0.1080000028014183,0.01612093858420849,1527.5706787109375,0.00014308968093246222,0.1304662972688675,0.06654965132474899,0.058778315782547,0.0005566281033679843
radial,15,2.2679091327720218,0.1080000028014183,0.016328945755958557,1508.2025146484375,0.00012453243834897876,0.13383328914642334,0.06446164846420288,0.057065047323703766,0.0004986164276488125
radial,15,2.2969415618313684,0.1080000028014183,0.016537979245185852,1489.3475341796875,0.00010824869241332635,0.1371583193540573,0.062394268810749054,0.05537547916173935,0.00044591445475816727
radial,15,2.3261173110869198,0.1080000028014183,0.01674804463982582,1471.0101318359375,9.397494432050735e-05,0.1404411494731903,0.06034822016954422,0.05370964854955673,0.0003981220070272684
radial,15,2.355437156640821,0.1080000028014183,0.01695914752781391,1453.192626953125,8.147672633640468e-05,0.1436815857887268,0.05832408741116524,0.05206754431128502,0.00035485834814608097
radial,15,2.384901615894503,0.1080000028014183,0.017171291634440422,1435.89599609375,7.054556772345677e-05,0.14687959849834442,0.056322380900382996,0.05044908821582794,0.00031576259061694145
radial,15,2.4145117236508264,0.1080000028014183,0.01738448441028595,1419.1195068359375,6.0996146203251556e-05,0.15003523230552673,0.05434349179267883,0.04885415732860565,0.0002804943360388279
radial,15,2.444267997311221,0.1080000028014183,0.017598729580640793,1402.86083984375,5.26638759765774e-05,0.15314865112304688,0.05238773301243782,0.047282569110393524,0.0002487331221345812
radial,15,2.474170954277118,0.1080000028014183,0.01781403087079525,1387.1168212890625,4.54027067462448e-05,0.15622012317180634,0.05045531317591667,0.04573410376906395,0.00022017871378920972
radial,15,2.5042216293513775,0.1080000028014183,0.018030395731329918,1371.882568359375,3.908313374267891e-05,0.15924997627735138,0.048546381294727325,0.044208504259586334,0.00019455075380392373
radial,15,2.534420798636145,0.1080000028014183,0.018247829750180244,1357.15234375,3.359040056238882e-05,0.16223864257335663,0.04666098207235336,0.042705465108156204,0.00017158800619654357
radial,15,2.564768979532851,0.1080000028014183,0.018466336652636528,1342.919189453125,2.8822893000324257e-05,0.16518661379814148,0.04479910060763359,0.041224636137485504,0.00015104787598829716
radial,15,2.595266948143641,0.1080000028014183,0.018685922026634216,1329.1751708984375,2.4690731152077205e-05,0.1680944710969925,0.042960625141859055,0.03976564109325409,0.00013270556519273669
radial,15,2.6259154805706606,0.1080000028014183,0.018906591460108757,1315.9112548828125,2.1114481569384225e-05,0.17096291482448578,0.041145384311676025,0.038328055292367935,0.00011635340342763811
radial,15,2.656715352916055,0.1080000028014183,0.019128350540995598,1303.117919921875,1.8024027667706832e-05,0.17379269003868103,0.039353128522634506,0.03691141679883003,0.00010179999662796035
radial,15,2.6876670825812554,0.1080000028014183,0.019351202994585037,1290.78466796875,1.535749834147282e-05,0.17658460140228271,0.03758355230093002,0.03551524505019188,8.886936848284677e-05
radial,15,2.718771704369121,0.1080000028014183,0.019575156271457672,1278.9005126953125,1.306030844716588e-05,0.17933955788612366,0.03583626449108124,0.034139011055231094,7.740001456113532e-05
radial,15,2.7500299943817987,0.1080000028014183,0.01980021595954895,1267.453857421875,1.1084329344157595e-05,0.18205854296684265,0.03411082178354263,0.03278215229511261,6.724407285219058e-05
radial,15,2.781442470020718,0.1080000028014183,0.02002638578414917,1256.4326171875,9.38714492804138e-06,0.18474258482456207,0.03240671753883362,0.03144408389925957,5.826648703077808e-05
radial,15,2.8130101660887403,0.1080000028014183,0.020253673195838928,1245.8243408203125,7.931404979899526e-06,0.18739280104637146,0.030723391100764275,0.030124180018901825,5.034424248151481e-05
radial,15,2.844733599987295,0.1080000028014183,0.020482081919908524,1235.616455078125,6.6842217165685724e-06,0.19001029431819916,0.029060250148177147,0.028821812942624092,4.336542042437941e-05
radial,15,2.876613547818528,0.1080000028014183,0.020711617544293404,1225.796630859375,5.6166281865444034e-06,0.19259633123874664,0.027416642755270004,0.027536317706108093,3.722839755937457e-05
radial,15,2.9086510443853006,0.1080000028014183,0.020942287519574165,1216.35205078125,4.70306804345455e-06,0.19515210390090942,0.025791876018047333,0.026267018169164658,3.184105662512593e-05
radial,15,2.9408466070890427,0.1080000028014183,0.021174095571041107,1207.27001953125,3.920913513866253e-06,0.19767892360687256,0.024185242131352425,0.02501322329044342,2.7120115191792138e-05
radial,15,2.9732010120318995,0.1080000028014183,0.021407047286629677,1198.538818359375,3.250034751545172e-06,0.20017799735069275,0.022596031427383423,0.023774266242980957,2.299048355780542e-05
radial,15,3.005715294016732,0.1080000028014183,0.02164115011692047,1190.1470947265625,2.6724330837168964e-06,0.2026505023241043,0.021023571491241455,0.022549506276845932,1.9384597180760466e-05
radial,15,3.0383899704449706,0.1080000028014183,0.02187640778720379,1182.084228515625,2.1718913103541126e-06,0.20509758591651917,0.019467227160930634,0.02133834920823574,1.6241856428678147e-05
radial,15,3.071226076119476,0.1080000028014183,0.022112827748060226,1174.340576171875,1.7336559494651738e-06,0.20752018690109253,0.01792645826935768,0.020140280947089195,1.350813363387715e-05
radial,15,3.1042243871423936,0.1080000028014183,0.022350415587425232,1166.9080810546875,1.3441253940982278e-06,0.20991897583007812,0.0164008978754282,0.018954923376441002,1.11354256659979e-05
radial,15,3.1373854209151535,0.1080000028014183,0.022589175030589104,1159.7806396484375,9.904802027449477e-07,0.2122940868139267,0.014890477061271667,0.017782151699066162,9.081604730454274e-06
radial,15,3.1707099535399013,0.1080000028014183,0.02282911166548729,1152.955078125,6.603378324143705e-07,0.21464505791664124,0.013395597226917744,0.01662219874560833,7.310308319574688e-06
radial,15,3.204199278520213,0.1080000028014183,0.023070234805345535,1146.431396484375,3.441252829361474e-07,0.21697013080120087,0.011917373165488243,0.015475865453481674,5.791075182060013e-06
radial,15,3.2378539132575197,0.1080000028014183,0.02331254817545414,1140.21435546875,9.613984985890056e-08,0.21926581859588623,0.010458066128194332,0.014344844035804272,4.499531314650085e-06
radial,15,3.2716746338539653,0.1080000028014183,0.02355605736374855,1134.3154296875,3.3339031535462027e-09,0.2215256690979004,0.009021819569170475,0.013232287019491196,3.4134664019802585e-06
radial,15,3.3056622164116964,0.1080000028014183,0.023800767958164215,1128.755126953125,3.1734674887928804e-09,0.2237384021282196,0.007615826092660427,0.012143698520958424,2.506876171537442e-06
radial,15,3.339817695733574,0.1080000028014183,0.02404668740928173,1123.56591796875,3.4315372765547636e-09,0.22588513791561127,0.006252118851989508,0.011088320054113865,1.7528091120766476e-06
radial,15,3.3741418479217424,0.1080000028014183,0.024293821305036545,1118.7955322265625,3.936607040344597e-09,0.22793543338775635,0.004950062371790409,0.01008105743676424,1.1279969385213917e-06
radial,15,3.408635449078348,0.1080000028014183,0.024542175233364105,1114.5067138671875,4.717374046947498e-09,0.2298429012298584,0.003739125793799758,0.009144620038568974,6.132462999630661e-07
radial,15,3.4432992753055363,0.1080000028014183,0.02479175478219986,1110.77294921875,5.799231761471901e-09,0.23154348134994507,0.002659957855939865,0.008310340344905853,2.137618935194041e-07
radial,15,3.4781341027054524,0.1080000028014183,0.025042565539479256,1107.66259765625,7.178870387036795e-09,0.23296333849430084,0.0017593716038390994,0.007614296395331621,3.253915892287296e-08
radial,15,3.513140966080957,0.1080000028014183,0.02529461495578289,1105.213623046875,8.78600747711289e-09,0.2340434044599533,0.0010747334454208612,0.007085258141160011,1.6976191119510986e-08
radial,15,3.548320641534196,0.1080000028014183,0.02554790861904621,1103.4080810546875,1.0462034794045394e-08,0.23477427661418915,0.0006118133896961808,0.006727599538862705,1.3129073828110904e-08
radial,15,3.58367416386803,0.1080000028014183,0.025802453979849815,1102.1619873046875,1.199645094374091e-08,0.235211580991745,0.0003351174818817526,0.006513841450214386,1.0617547729907528e-08
radial,15,3.619202050483889,0.1080000028014183,0.026058254763484,1101.3492431640625,1.3224654260568514e-08,0.23544850945472717,0.0001854339352576062,0.0063982075080275536,9.190181948781628e-09
radial,15,3.654905336184634,0.1080000028014183,0.026315318420529366,1100.836669921875,1.4106864121288254e-08,0.235571026802063,0.00010823737102327868,0.006338540464639664,7.984554351025963e-09
radial,15,3.6907847970724106,0.1080000028014183,0.026573650538921356,1100.5157470703125,1.4707953965853449e-08,0.2356351613998413,6.797776586608961e-05,0.0063074142672121525,6.9990870876779354e-09
radial,15,3.7268414679500794,0.1080000028014183,0.02683325856924057,1100.3114013671875,1.5118599705488123e-08,0.2356705665588379,4.584268754115328e-05,0.006290315184742212,6.2291323210672545e-09
radial,15,3.7630761249197855,0.1080000028014183,0.027094148099422455,1100.177001953125,1.5405561271109036e-08,0.23569177091121674,3.269949957029894e-05,0.00628015398979187,5.6302411621800275e-09
radial,15,3.79948980278439,0.1080000028014183,0.027356326580047607,1100.08544921875,1.560680473744469e-08,0.23570550978183746,2.4300123186549172e-05,0.006273649167269468,5.158851568154432e-09
radial,15,3.836083018945323,0.1080000028014183,0.027619797736406326,1100.0211181640625,1.574263386316943e-08,0.23571495711803436,1.8622487914399244e-05,0.006269231904298067,4.7826391735839024e-09
radial,15,3.872857066906161,0.1080000028014183,0.027884570881724358,1099.9747314453125,1.5825994736928806e-08,0.23572178184986115,1.4652922800451051e-05,0.006266096606850624,4.4789980613302305e-09
radial,15,3.9098124640683336,0.1080000028014183,0.028150649741292,1099.9407958984375,1.5866193692204433e-08,0.23572689294815063,1.1811076547019184e-05,0.006263799034059048,4.2320347226620925e-09
radial,15,3.9469505039354167,0.1080000028014183,0.028418043628335,1099.9158935546875,1.5870089242753238e-08,0.235730841755867,9.705356205813587e-06,0.006262075621634722,4.030491940198999e-09
radial,15,3.984271703908841,0.1080000028014183,0.028686756268143654,1099.8975830078125,1.5843088618794354e-08,0.23573394119739532,8.10150959296152e-06,0.006260760594159365,3.866299724819555e-09
radial,15,4.021777098791467,0.1080000028014183,0.02895679511129856,1099.884033203125,1.5789749951977683e-08,0.2357364296913147,6.867859156045597e-06,0.0062597449868917465,3.733402031969035e-09
radial,15,4.05946798208687,0.1080000028014183,0.029228169471025467,1099.8741455078125,1.5714135770394932e-08,0.23573845624923706,5.908957973588258e-06,0.0062589519657194614,3.6270093595192066e-09
radial,15,4.097344612495767,0.1080000028014183,0.02950088120996952,1099.8670654296875,1.5619992410620398e-08,0.23574012517929077,5.154551672603702e-06,0.006258329842239618,3.5432523581846453e-09
radial,15,4.135408283521731,0.1080000028014183,0.029774939641356468,1099.8621826171875,1.551069495064894e-08,0.2357415109872818,4.555717623588862e-06,0.006257840897887945,3.4789335856544312e-09
radial,15,4.173659771266911,0.1080000028014183,0.030050350353121758,1099.85888671875,1.5389121088560387e-08,0.23574267327785492,4.0779527807899285e-06,0.006257453467696905,3.4313594188262186e-09
radial,15,4.2121003692348795,0.1080000028014183,0.030327122658491135,1099.856689453125,1.5257649366162696e-08,0.2357436567544937,3.694609858939657e-06,0.006257145199924707,3.398230807860614e-09
radial,15,4.250730594827069,0.1080000028014183,0.030605260282754898,1099.855712890625,1.5118322593821176e-08,0.23574449121952057,3.3848855309770443e-06,0.00625689746811986,3.37756911328313e-09
radial,15,4.289551482846339,0.1080000028014183,0.030884770676493645,1099.85546875,1.4972966866366733e-08,0.23574522137641907,3.1326098905992694e-06,0.00625669676810503,3.367661483011375e-09
radial,15,4.3285640680955515,0.1080000028014183,0.03116566129028797,1099.8558349609375,1.4823321237145137e-08,0.2357458770275116,2.9256123070808826e-06,0.006256531458348036,3.36702421499524e-09
radial,15,4.367769385377566,0.1080000028014183,0.031447939574718475,1099.8564453125,1.4671080350581178e-08,0.23574644327163696,2.7550629511097213e-06,0.006256395019590855,3.374360790786568e-09
radial,15,4.407167952093813,0.1080000028014183,0.031731609255075455,1099.857666015625,1.451779940708775e-08,0.23574694991111755,2.615839321151725e-06,0.006256279535591602,3.3885283468038097e-09
radial,15,4.446761061747869,0.1080000028014183,0.032016679644584656,1099.85888671875,1.4364753830875543e-08,0.23574739694595337,2.5018068754434353e-06,0.006256181746721268,3.4085121392024575e-09
radial,15,4.486549749142594,0.1080000028014183,0.032303158193826675,1099.8603515625,1.4212901966459413e-08,0.2357477992773056,2.4047321858233772e-06,0.006256095599383116,3.4334100007527013e-09
radial,15,4.5265345316794185,0.1080000028014183,0.03259104862809181,1099.862060546875,1.4062972120143513e-08,0.23574815690517426,2.320450448678457e-06,0.006256017833948135,3.4624272338135142e-09
radial,15,4.5667169615626335,0.1080000028014183,0.03288036212325096,1099.8636474609375,1.3915549601506427e-08,0.23574848473072052,2.245142923129606e-06,0.006255945656448603,3.4948701710391106e-09
radial,15,4.6070980735951,0.1080000028014183,0.03317110612988472,1099.8653564453125,1.377115221856684e-08,0.2357487976551056,2.174034761992516e-06,0.006255876272916794,3.530141290397637e-09
radial,15,4.647677867776818,0.1080000028014183,0.03346328064799309,1099.866943359375,1.3630267581277167e-08,0.23574908077716827,2.105099156324286e-06,0.006255808752030134,3.5677281129409266e-09
radial,15,4.688458413713509,0.1080000028014183,0.03375690057873726,1099.86865234375,1.349327494182262e-08,0.23574934899806976,2.0381432932481403e-06,0.006255741696804762,3.607178555853352e-09
radial,15,4.7294402288066015,0.1080000028014183,0.03405196964740753,1099.8702392578125,1.336034838317346e-08,0.23574960231781006,1.971242681975127e-06,0.006255673244595528,3.6480769516344935e-09
radial,15,4.770624347858959,0.1080000028014183,0.0343484953045845,1099.871826171875,1.3231424844661888e-08,0.23574982583522797,1.90130049304571e-06,0.0062556033954024315,3.6900371647163865e-09
radial,15,4.81201128827201,0.1080000028014183,0.03464648127555847,1099.873291015625,1.3106273399898782e-08,0.23575004935264587,1.8269455495101283e-06,0.0062555307522416115,3.73270792053404e-09
radial,15,4.853603637052907,0.1080000028014183,0.03494594618678093,1099.8746337890625,1.2984557429263077e-08,0.2357502579689026,1.7474990272603463e-06,0.00625545484945178,3.775781909354237e-09
radial,15,4.8954008768002195,0.1080000028014183,0.03524688631296158,1099.8759765625,1.286589590421272e-08,0.2357504665851593,1.6628242747174227e-06,0.006255374290049076,3.818997562632376e-09
radial,15,4.937404042316808,0.1080000028014183,0.035549309104681015,1099.877197265625,1.2749893585350947e-08,0.23575066030025482,1.5734048020021874e-06,0.006255290471017361,3.8621346121203715e-09
radial,15,4.979614685806963,0.1080000028014183,0.035853225737810135,1099.878173828125,1.2636068191795857e-08,0.23575083911418915,1.4806221315666335e-06,0.0062552024610340595,3.904985668157224e-09
radial,15,5.022033842073546,0.1080000028014183,0.036158643662929535,1099.87939453125,1.252377845872843e-08,0.23575100302696228,1.3853683640263625e-06,0.006255111191421747,3.947324689335119e-09
radial,15,5.064662545919418,0.1080000028014183,0.03646557033061981,1099.88037109375,1.241223568371197e-08,0.2357511669397354,1.2867103578173555e-06,0.006255016662180424,3.98890609432101e-09
radial,15,5.107501314746009,0.1080000028014183,0.036774009466171265,1099.8812255859375,1.230054191836416e-08,0.23575131595134735,1.1840560318887583e-06,0.0062549179419875145,4.02948163724659e-09
radial,15,5.1505522181590395,0.1080000028014183,0.03708397597074509,1099.882080078125,1.2187752140846442e-08,0.2357514500617981,1.0779720014397753e-06,0.006254815496504307,4.0688199476335285e-09
radial,15,5.19381422135565,0.1080000028014183,0.03739546239376068,1099.8828125,1.2072901789395019e-08,0.23575156927108765,9.704169769975124e-07,0.006254709325730801,4.106721185337392e-09
radial,15,5.237291463547283,0.1080000028014183,0.037708498537540436,1099.883544921875,1.1955039624922392e-08,0.2357516884803772,8.687710533195059e-07,0.006254601292312145,4.143019260993697e-09
radial,15,5.280982909931077,0.1080000028014183,0.038023076951503754,1099.88427734375,1.1833211743805805e-08,0.23575179278850555,7.770237289150828e-07,0.006254492327570915,4.177554302486897e-09
radial,15,5.324889595309894,0.1080000028014183,0.03833920508623123,1099.884765625,1.1706436708891488e-08,0.23575188219547272,6.907443435011373e-07,0.006254381500184536,4.210139792348855e-09
radial,15,5.369013071888023,0.1080000028014183,0.038656894117593765,1099.88525390625,1.1573693114996786e-08,0.2357519567012787,6.158738301564881e-07,0.006254271138459444,4.240560791402004e-09
radial,15,5.413354891869757,0.1080000028014183,0.03897615522146225,1099.8857421875,1.1433920477088577e-08,0.23575204610824585,5.512048346645315e-07,0.006254160311073065,4.268599695933517e-09
radial,15,5.4579150552550955,0.1080000028014183,0.039296988397836685,1099.88623046875,1.1286040546565346e-08,0.23575207591056824,4.870701104664477e-07,0.00625405041500926,4.2940611066910606e-09
radial,15,5.502695114248329,0.1080000028014183,0.03961940482258797,1099.8868408203125,1.1128976851182415e-08,0.23575210571289062,4.2411477352288784e-07,0.006253942381590605,4.316802915127482e-09
radial,15,5.547696621053749,0.1080000028014183,0.03994341567158699,1099.8873291015625,1.096167867586928e-08,0.23575210571289062,3.631084837252274e-07,0.006253837142139673,4.336738967936071e-09
radial,15,5.592920093072785,0.1080000028014183,0.040269024670124054,1099.8876953125,1.0783187676111083e-08,0.23575210571289062,3.047390180199727e-07,0.006253736559301615,4.353818638946905e-09
radial,15,5.638367082509729,0.1080000028014183,0.04059624299407005,1099.8883056640625,1.0592700050437998e-08,0.23575206100940704,2.4957725486274285e-07,0.006253641098737717,4.367998407417417e-09
radial,15,5.684038106766012,0.1080000028014183,0.040925074368715286,1099.888916015625,1.0389654470088772e-08,0.23575203120708466,1.9795558614532638e-07,0.006253552157431841,4.37924407847845e-09
radial,15,5.729934718045923,0.1080000028014183,0.04125552996993065,1099.8896484375,1.0173925701906228e-08,0.2357519567012787,1.5003682563019538e-07,0.006253469735383987,4.38756719844946e-09
radial,15,5.776057951152325,0.1080000028014183,0.04158761724829674,1099.890380859375,9.946351298140144e-09,0.23575186729431152,1.1619484041602846e-07,0.006253392435610294,4.3930841187034275e-09
radial,15,5.822408840888077,0.1080000028014183,0.04192134365439415,1099.890869140625,9.70974145531045e-09,0.23575177788734436,1.0736415845258307e-07,0.0062533169984817505,4.396045305554708e-09
radial,15,5.86898842205604,0.1080000028014183,0.04225671663880348,1099.8914794921875,9.464298678096839e-09,0.2357516586780548,1.1122078547032288e-07,0.006253240630030632,4.395100283716147e-09
radial,15,5.915798246860504,0.1080000028014183,0.04259374737739563,1099.894287109375,9.045850291045099e-09,0.23575137555599213,1.227262345082636e-07,0.006253240630030632,4.367408656946736e-09
radial,15,5.962838832702902,0.1080000028014183,0.04293243959546089,1099.9017333984375,8.251385352764373e-09,0.2357507348060608,1.5618479665135965e-07,0.006253347732126713,4.2814614076291946e-09
radial,15,6.000000673035781,0.1080000028014183,0.04320000484585762,1099.9088134765625,7.509833643837283e-09,0.23575013875961304,1.891882988047655e-07,0.006253421772271395,4.210096715695499e-09
radial,30,-6.000000155634351,0.21599999070167542,-0.04320000112056732,1790.729736328125,0.00027511254302226007,0.13169880211353302,0.0659109354019165,0.06016196683049202,0.0008975406526587903
radial,30,-5.962838832702902,0.21599999070167542,-0.04293243959546089,1808.11669921875,0.00029760925099253654,0.12926819920539856,0.06740979105234146,0.06143072992563248,0.0009546847431920469
radial,30,-5.915798246860504,0.21599999070167542,-0.04259374737739563,1830.3133544921875,0.0003289918531663716,0.12616407871246338,0.06931895017623901,0.06305208057165146,0.0010320156579837203
radial,30,-5.86898842205604,0.21599999070167542,-0.04225671663880348,1852.578857421875,0.0003633863525465131,0.123048335313797,0.0712299719452858,0.06468051671981812,0.0011141692521050572
radial,30,-5.822408323486647,0.21599999070167542,-0.04192133992910385,1874.90283203125,0.00040106140659190714,0.11992160975933075,0.07314221560955048,0.06631571799516678,0.001201326958835125
radial,30,-5.776057951152325,0.21599999070167542,-0.04158761724829674,1897.27490234375,0.00044230889761820436,0.11678455770015717,0.07505499571561813,0.06795734167098999,0.0012936658458784223
radial,30,-5.729934200644493,0.21599999070167542,-0.04125552624464035,1919.6832275390625,0.00048744608648121357,0.11363796144723892,0.07696758955717087,0.06960497796535492,0.0013913550646975636
radial,30,-5.684037589364582,0.21599999070167542,-0.04092507064342499,1942.11572265625,0.0005368179990909994,0.11048267036676407,0.07887919992208481,0.07125818729400635,0.0014945546863600612
radial,30,-5.638367082509729,0.21599999070167542,-0.04059624299407005,1964.5592041015625,0.0005908010061830282,0.10731960088014603,0.08078901469707489,0.0729164406657219,0.0016034122090786695
radial,30,-5.592920093072785,0.21599999070167542,-0.040269024670124054,1986.999755859375,0.0006498057045973837,0.10414981096982956,0.08269614726305008,0.07457917183637619,0.0017180596478283405
radial,30,-5.547696621053749,0.21599999070167542,-0.03994341567158699,2009.4210205078125,0.0007142790127545595,0.10097458213567734,0.0845995619893074,0.07624566555023193,0.0018386048031970859
radial,30,-5.502695114248329,0.21599999070167542,-0.03961940482258797,2031.808349609375,0.0007847126689739525,0.0977950245141983,0.08649836480617523,0.07791528105735779,0.001965146278962493
radial,30,-5.4579150552550955,0.21599999070167542,-0.039296988397836685,2054.249755859375,0.0008582623559050262,0.09460191428661346,0.08839835226535797,0.0795934721827507,0.0020989212207496166
radial,30,-5.413354891869757,0.21599999070167542,-0.03897615522146225,2076.77587890625,0.0009356143418699503,0.09139087796211243,0.09030253440141678,0.08128337562084198,0.0022409488447010517
radial,30,-5.369012554486592,0.21599999070167542,-0.03865689039230347,2099.257568359375,0.0010206522420048714,0.08817444741725922,0.09220261126756668,0.08297762274742126,0.0023900847882032394
radial,30,-5.324889595309894,0.21599999070167542,-0.03833920508623123,2121.62353515625,0.0011138457339257002,0.08496003597974777,0.09409324824810028,0.08467123657464981,0.0025453835260123014
radial,30,-5.280982909931077,0.21599999070167542,-0.038023076951503754,2143.85498046875,0.0012158993631601334,0.08174891024827957,0.09597347676753998,0.08636339008808136,0.0027068518102169037
radial,30,-5.237291463547283,0.21599999070167542,-0.037708498537540436,2165.92529296875,0.0013275622623041272,0.07854370772838593,0.09784157574176788,0.08805254101753235,0.002874389523640275
radial,30,-5.193814738757081,0.21599999070167542,-0.03739546611905098,2187.804443359375,0.0014496397925540805,0.07534726709127426,0.09969577938318253,0.08973702788352966,0.0030478239059448242
radial,30,-5.1505522181590395,0.21599999070167542,-0.03708397597074509,2209.46240234375,0.0015830089105293155,0.07216247171163559,0.10153431445360184,0.09141506999731064,0.003226907690986991
radial,30,-5.107501314746009,0.21599999070167542,-0.036774009466171265,2230.86767578125,0.001728622242808342,0.06899245828390121,0.10335540771484375,0.09308475255966187,0.0034113016445189714
radial,30,-5.064662545919418,0.21599999070167542,-0.03646557033061981,2251.98583984375,0.0018875125097110868,0.06584061682224274,0.10515715181827545,0.09474394470453262,0.003600557567551732
radial,30,-5.022033324672116,0.21599999070167542,-0.036158639937639236,2272.779541015625,0.002060800325125456,0.0627107098698616,0.10693755745887756,0.09639028459787369,0.003794100834056735
radial,30,-4.979614685806963,0.21599999070167542,-0.035853225737810135,2293.209716796875,0.0022497016470879316,0.05960686877369881,0.10869453847408295,0.09802114218473434,0.003991215955466032
radial,30,-4.937404042316808,0.21599999070167542,-0.035549309104681015,2313.232666015625,0.002455533714964986,0.056533608585596085,0.1104259043931961,0.0996336042881012,0.004191022366285324
radial,30,-4.8954008768002195,0.21599999070167542,-0.03524688631296158,2332.802734375,0.002679721685126424,0.053495898842811584,0.11212935298681259,0.10122445970773697,0.004392457194626331
radial,30,-4.853603637052907,0.21599999070167542,-0.03494594618678093,2351.86962890625,0.0029238027054816484,0.05049920827150345,0.11380250751972198,0.10279012471437454,0.004594244062900543
radial,30,-4.81201180567344,0.21599999070167542,-0.03464648500084877,2370.37939453125,0.003189432667568326,0.04754950478672981,0.11544287204742432,0.10432665050029755,0.004794872831553221
radial,30,-4.770624347858959,0.21599999070167542,-0.0343484953045845,2388.275146484375,0.003478392492979765,0.04465330392122269,0.11704787611961365,0.10582972317934036,0.0049925679340958595
radial,30,-4.7294402288066015,0.21599999070167542,-0.03405196964740753,2405.495361328125,0.003792594885453582,0.04181765764951706,0.11861492693424225,0.10729458928108215,0.005185259506106377
radial,30,-4.688458413713509,0.21599999070167542,-0.03375690057873726,2421.974365234375,0.004134085960686207,0.03905019536614418,0.12014136463403702,0.10871607065200806,0.005370548460632563
radial,30,-4.647677867776818,0.21599999070167542,-0.03346328064799309,2437.6435546875,0.00450504943728447,0.03635917603969574,0.12162453681230545,0.1100885346531868,0.005545673426240683
radial,30,-4.6070980735951,0.21599999070167542,-0.03317110612988472,2452.42919921875,0.004907804541289806,0.03375350683927536,0.12306179106235504,0.11140582710504532,0.0057074688374996185
radial,30,-4.5667169615626335,0.21599999070167542,-0.03288036212325096,2466.254150390625,0.005344810895621777,0.031242704018950462,0.12445054203271866,0.11266133934259415,0.0058523304760456085
radial,30,-4.5265345316794185,0.21599999070167542,-0.03259104862809181,2479.0380859375,0.005818672478199005,0.028836896643042564,0.12578831613063812,0.11384792625904083,0.005976172164082527
radial,30,-4.486549749142594,0.21599999070167542,-0.032303158193826675,2490.69677734375,0.006332146003842354,0.026546776294708252,0.12707285583019257,0.11495798081159592,0.006074345670640469
radial,30,-4.446761061747869,0.21599999070167542,-0.032016679644584656,2501.14453125,0.006888146046549082,0.024383561685681343,0.12830212712287903,0.11598341166973114,0.0061416602693498135
radial,30,-4.407167952093813,0.21599999070167542,-0.031731609255075455,2510.2958984375,0.00748960068449378,0.022357892245054245,0.129474475979805,0.11691728979349136,0.0061736986972391605
radial,30,-4.367769385377566,0.21599999070167542,-0.031447939574718475,2518.107177734375,0.008137881755828857,0.020475812256336212,0.13058866560459137,0.11775615066289902,0.006168590858578682
radial,30,-4.3285640680955515,0.21599999070167542,-0.03116566129028797,2524.593017578125,0.008832165971398354,0.018736664205789566,0.13164404034614563,0.11850176006555557,0.0061281342059373856
radial,30,-4.289551482846339,0.21599999070167542,-0.030884770676493645,2529.820556640625,0.009569755755364895,0.017134107649326324,0.13264043629169464,0.11916014552116394,0.0060569667257368565
radial,30,-4.250730594827069,0.21599999070167542,-0.030605260282754898,2533.890380859375,0.010346822440624237,0.015658829361200333,0.1335781365633011,0.11973847448825836,0.005960195790976286
radial,30,-4.212100110534164,0.21599999070167542,-0.030327120795845985,2536.902587890625,0.011159677058458328,0.014301467686891556,0.13445794582366943,0.12024377286434174,0.005842604674398899
radial,30,-4.1736595125661955,0.21599999070167542,-0.03005034849047661,2538.951904296875,0.012004923075437546,0.013053156435489655,0.1352807879447937,0.12068255245685577,0.005708606448024511
radial,30,-4.135408283521731,0.21599999070167542,-0.029774939641356468,2540.12646484375,0.012879468500614166,0.01190559845417738,0.13604797422885895,0.12106084823608398,0.005562064703553915
radial,30,-4.097344353795052,0.21599999070167542,-0.02950087934732437,2540.509033203125,0.013780517503619194,0.010851063765585423,0.1367609053850174,0.12138418108224869,0.005406348034739494
radial,30,-4.059467723386155,0.21599999070167542,-0.029228167608380318,2540.17529296875,0.014705532230436802,0.009882370941340923,0.1374211460351944,0.1216576024889946,0.005244394298642874
radial,30,-4.021776840090752,0.21599999070167542,-0.028956793248653412,2539.195556640625,0.015652215108275414,0.008992861956357956,0.13803032040596008,0.1218857690691948,0.005078766494989395
radial,30,-3.984271703908841,0.21599999070167542,-0.028686756268143654,2537.634765625,0.01661849208176136,0.008176371455192566,0.13859009742736816,0.12207290530204773,0.004911697935312986
radial,30,-3.9469505039354167,0.21599999070167542,-0.028418043628335,2535.552734375,0.01760249026119709,0.007427194621413946,0.13910216093063354,0.1222229078412056,0.004745134152472019
radial,30,-3.9098124640683336,0.21599999070167542,-0.028150649741292,2533.004638671875,0.018602531403303146,0.006740061100572348,0.13956816494464874,0.12233931571245193,0.004580771550536156
radial,30,-3.872857066906161,0.21599999070167542,-0.027884570881724358,2530.040771484375,0.019617093726992607,0.006110114045441151,0.13998982310295105,0.12242535501718521,0.004420089069753885
radial,30,-3.836083018945323,0.21599999070167542,-0.027619797736406326,2526.707275390625,0.02064480260014534,0.005532885901629925,0.14036870002746582,0.1224839836359024,0.004264380782842636
radial,30,-3.799489544083675,0.21599999070167542,-0.027356324717402458,2523.046875,0.021684415638446808,0.005004267208278179,0.14070633053779602,0.12251786887645721,0.004114779643714428
radial,30,-3.7630761249197855,0.21599999070167542,-0.027094148099422455,2519.098388671875,0.022734811529517174,0.004520488437265158,0.14100421965122223,0.12252947688102722,0.003972285892814398
radial,30,-3.726841209249364,0.21599999070167542,-0.02683325670659542,2514.8974609375,0.02379496581852436,0.004078090190887451,0.14126373827457428,0.12252107262611389,0.003837783820927143
radial,30,-3.6907845383716955,0.21599999070167542,-0.026573648676276207,2510.476318359375,0.0248639527708292,0.0036739089991897345,0.14148619771003723,0.12249474972486496,0.0037120641209185123
radial,30,-3.654905077483919,0.21599999070167542,-0.026315316557884216,2505.86376953125,0.025940919294953346,0.0033050556667149067,0.1416727602481842,0.12245240807533264,0.0035958413500338793
radial,30,-3.619202050483889,0.21599999070167542,-0.026058254763484,2501.087158203125,0.02702508494257927,0.0029688968788832426,0.14182458817958832,0.12239573895931244,0.0034897667355835438
radial,30,-3.58367416386803,0.21599999070167542,-0.025802453979849815,2496.1708984375,0.02811574377119541,0.002663037274032831,0.1419426053762436,0.12232618778944016,0.003394444240257144
radial,30,-3.548320641534196,0.21599999070167542,-0.02554790861904621,2491.13720703125,0.029212241992354393,0.0023853066377341747,0.14202770590782166,0.12224512547254562,0.003310441505163908
radial,30,-3.513140966080957,0.21599999070167542,-0.02529461495578289,2486.0048828125,0.03031398542225361,0.002133748261258006,0.1420806646347046,0.12215384095907211,0.0032383035868406296
radial,30,-3.478133844004737,0.21599999070167542,-0.025042563676834106,2480.79248046875,0.031420428305864334,0.0019066063687205315,0.1421021670103073,0.12205349653959274,0.0031785450410097837
radial,30,-3.4432992753055363,0.21599999070167542,-0.02479175478219986,2475.515869140625,0.032531071454286575,0.0017022115644067526,0.14209339022636414,0.12194515764713287,0.0031313318759202957
radial,30,-3.408635449078348,0.21599999070167542,-0.024542175233364105,2470.193115234375,0.033645469695329666,0.0015188613906502724,0.14205604791641235,0.12182976305484772,0.0030963155440986156
radial,30,-3.3741418479217424,0.21599999070167542,-0.024293821305036545,2464.843505859375,0.034763216972351074,0.0013546987902373075,0.14199253916740417,0.12170816957950592,0.0030727223493158817
radial,30,-3.339817695733574,0.21599999070167542,-0.02404668740928173,2459.488037109375,0.03588394075632095,0.0012078031431883574,0.14190547168254852,0.12158112227916718,0.003059499664232135
radial,30,-3.3056622164116964,0.21599999070167542,-0.023800767958164215,2454.145751953125,0.03700730949640274,0.0010764035396277905,0.14179733395576477,0.12144932150840759,0.003055584616959095
radial,30,-3.2716746338539653,0.21599999070167542,-0.02355605736374855,2448.83349609375,0.038133032619953156,0.0009588948450982571,0.1416703164577484,0.12131339311599731,0.003059996757656336
radial,30,-3.2378539132575197,0.21599999070167542,-0.02331254817545414,2443.566162109375,0.039260853081941605,0.0008538361289538443,0.14152637124061584,0.12117385119199753,0.003071923740208149
radial,30,-3.204199019819498,0.21599999070167542,-0.023070232942700386,2438.356689453125,0.04039054736495018,0.0007599338423460722,0.14136727154254913,0.12103120982646942,0.0030907155014574528
radial,30,-3.170709694839186,0.21599999070167542,-0.02282910980284214,2433.216796875,0.04152192547917366,0.0006760266842320561,0.14119462668895721,0.12088590860366821,0.0031157848425209522
radial,30,-3.1373854209151535,0.21599999070167542,-0.022589175030589104,2428.155517578125,0.0426548533141613,0.000601072097197175,0.1410098373889923,0.12073833495378494,0.0031465631909668446
radial,30,-3.104224128441678,0.21599999070167542,-0.022350413724780083,2423.181640625,0.04378923028707504,0.0005341342184692621,0.1408141851425171,0.12058883905410767,0.003182521089911461
radial,30,-3.071226076119476,0.21599999070167542,-0.022112827748060226,2418.302490234375,0.04492498189210892,0.0004743734607473016,0.1406088024377823,0.12043772637844086,0.0032231800723820925
radial,30,-3.0383899704449706,0.21599999070167542,-0.02187640778720379,2413.524169921875,0.04606207460165024,0.0004210369661450386,0.14039462804794312,0.1202852725982666,0.0032681142911314964
radial,30,-3.005715294016732,0.21599999070167542,-0.02164115011692047,2408.8515625,0.04720047861337662,0.00037345013697631657,0.14017263054847717,0.12013173848390579,0.0033169484231621027
radial,30,-2.9732010120318995,0.21599999070167542,-0.021407047286629677,2404.289794921875,0.048340171575546265,0.0003310085157863796,0.13994356989860535,0.11997731029987335,0.0033693499863147736
radial,30,-2.9408466070890427,0.21599999070167542,-0.021174095571041107,2399.841796875,0.049481138586997986,0.0002931705676019192,0.13970817625522614,0.11982220411300659,0.0034250253811478615
radial,30,-2.9086510443853006,0.21599999070167542,-0.020942287519574165,2395.51123046875,0.05062334984540939,0.000259451218880713,0.13946707546710968,0.11966661363840103,0.003483712673187256
radial,30,-2.876613289117813,0.21599999070167542,-0.020711615681648254,2391.300537109375,0.051766764372587204,0.00022941615316085517,0.13922086358070374,0.11951068043708801,0.003545178798958659
radial,30,-2.84473334128658,0.21599999070167542,-0.020482080057263374,2387.2119140625,0.05291128158569336,0.00020267687796149403,0.1389700174331665,0.11935455352067947,0.0036092125810682774
radial,30,-2.8130101660887403,0.21599999070167542,-0.020253673195838928,2383.2470703125,0.05405674874782562,0.0001788858207874,0.13871510326862335,0.11919840425252914,0.0036756230983883142
radial,30,-2.781442470020718,0.21599999070167542,-0.02002638578414917,2379.408203125,0.055202990770339966,0.0001577314833411947,0.1384565383195877,0.11904236674308777,0.0037442354951053858
radial,30,-2.7500299943817987,0.21599999070167542,-0.01980021595954895,2375.695068359375,0.05634982883930206,0.00013893363939132541,0.1381947100162506,0.1188865453004837,0.0038148928433656693
radial,30,-2.718771704369121,0.21599999070167542,-0.019575156271457672,2372.108154296875,0.05749719589948654,0.0001222397986566648,0.1379299908876419,0.1187310665845871,0.0038874552119523287
radial,30,-2.68766682388054,0.21599999070167542,-0.019351201131939888,2368.64697265625,0.058645099401474,0.00010742378799477592,0.13766267895698547,0.11857600510120392,0.003961801528930664
radial,30,-2.65671509421534,0.21599999070167542,-0.01912834867835045,2365.31005859375,0.05979360640048981,9.428643534192815e-05,0.1373930275440216,0.11842142045497894,0.004037825390696526
radial,30,-2.6259154805706606,0.21599999070167542,-0.018906591460108757,2362.09619140625,0.06094278767704964,8.265434007626027e-05,0.1371212750673294,0.11826735734939575,0.004115433897823095
radial,30,-2.595266948143641,0.21599999070167542,-0.018685922026634216,2359.004150390625,0.06209263205528259,7.237522368086502e-05,0.1368476301431656,0.11811389029026031,0.004194538574665785
radial,30,-2.564768979532851,0.21599999070167542,-0.018466336652636528,2356.032958984375,0.06324305385351181,6.331219628918916e-05,0.13657231628894806,0.117961086332798,0.004275056067854166
radial,30,-2.53442053993543,0.21599999070167542,-0.018247827887535095,2353.18017578125,0.06439388543367386,5.533919465960935e-05,0.13629554212093353,0.1178089827299118,0.0043569025583565235
radial,30,-2.5042216293513775,0.21599999070167542,-0.018030395731329918,2350.44482421875,0.06554482877254486,4.8338832129957154e-05,0.1360175609588623,0.11765766143798828,0.00443999283015728
radial,30,-2.474170954277118,0.21599999070167542,-0.01781403087079525,2347.824951171875,0.06669546663761139,4.2202023905701935e-05,0.13573861122131348,0.1175072193145752,0.0045242346823215485
radial,30,-2.444267997311221,0.21599999070167542,-0.017598729580640793,2345.319091796875,0.0678451731801033,3.68285363947507e-05,0.13545897603034973,0.11735773831605911,0.004609527066349983
radial,30,-2.4145117236508264,0.21599999070167542,-0.01738448441028595,2342.926025390625,0.06899312138557434,3.212767114746384e-05,0.13517899811267853,0.11720934510231018,0.004695750307291746
radial,30,-2.384901615894503,0.21599999070167542,-0.017171291634440422,2340.64404296875,0.07013807445764542,2.8018524972139858e-05,0.1348990797996521,0.11706219613552094,0.004782762844115496
radial,30,-2.355437156640821,0.21599999070167542,-0.01695914752781391,2338.47265625,0.07127831876277924,2.4429869881714694e-05,0.13461972773075104,0.11691650003194809,0.004870379343628883
radial,30,-2.3261173110869198,0.21599999070167542,-0.01674804463982582,2336.411865234375,0.07241137325763702,2.1299811123753898e-05,0.13434170186519623,0.11677253991365433,0.00495834881439805
radial,30,-2.2969415618313684,0.21599999070167542,-0.016537979245185852,2334.46337890625,0.07353349775075912,1.8575237845652737e-05,0.13406598567962646,0.11663076281547546,0.005046306177973747
radial,30,-2.2679091327720218,0.21599999070167542,-0.016328945755958557,2332.631591796875,0.0746392160654068,1.6211146430578083e-05,0.13379405438899994,0.11649179458618164,0.00513369869440794
radial,30,-2.2390192478067346,0.21599999070167542,-0.01612093858420849,2330.92236328125,0.07572073489427567,1.4169775568007026e-05,0.13352790474891663,0.11635656654834747,0.005219744984060526
radial,30,-2.210271130833361,0.21599999070167542,-0.0159139521420002,2329.344482421875,0.07676756381988525,1.2419590348144993e-05,0.13327020406723022,0.11622627079486847,0.005303405225276947
radial,30,-2.181664523151186,0.21599999070167542,-0.015707984566688538,2327.908203125,0.077767014503479,1.093337959900964e-05,0.13302424550056458,0.11610240489244461,0.005383447278290987
radial,30,-2.153198260606991,0.21599999070167542,-0.015503027476370335,2326.6220703125,0.07870449125766754,9.6870489869616e-06,0.13279375433921814,0.115986667573452,0.005458505358546972
radial,30,-2.1248719551497035,0.21599999070167542,-0.015299078077077866,2325.4951171875,0.07956445962190628,8.658671504235826e-06,0.13258272409439087,0.11588084697723389,0.005527193192392588
radial,30,-2.096684701326821,0.21599999070167542,-0.015096129849553108,2324.5302734375,0.08033279329538345,7.826828550605569e-06,0.1323949247598648,0.11578655987977982,0.005588338244706392
radial,30,-2.0686358523865542,0.21599999070167542,-0.01489417813718319,2323.724365234375,0.08099864423274994,7.169951459218282e-06,0.1322331726551056,0.11570501327514648,0.005641155876219273
radial,30,-2.0407250202778315,0.21599999070167542,-0.014693220146000385,2323.06689453125,0.08155672997236252,6.665502951364033e-06,0.13209868967533112,0.11563672125339508,0.005685432348400354
radial,30,-2.012951040847434,0.21599999070167542,-0.014493247494101524,2322.54248046875,0.08200778067111969,6.290881174209062e-06,0.13199064135551453,0.11558154225349426,0.005721501540392637
radial,30,-1.9853136553946469,0.21599999070167542,-0.014294258318841457,2322.1318359375,0.08235855400562286,6.023738023941405e-06,0.1319069266319275,0.1155385747551918,0.005749997682869434
radial,30,-1.9578120878173246,0.21599999070167542,-0.014096247032284737,2321.814697265625,0.0826195478439331,5.843636699864874e-06,0.13184472918510437,0.11550645530223846,0.0057716937735676765
radial,30,-1.9304454326629639,0.21599999070167542,-0.01389920711517334,2321.573486328125,0.08280229568481445,5.7335992096341215e-06,0.13180133700370789,0.11548376828432083,0.00578731345012784
radial,30,-1.9032133018804922,0.21599999070167542,-0.013703135773539543,2321.394287109375,0.08291833102703094,5.680182766809594e-06,0.13177450001239777,0.11546903103590012,0.005797484423965216
radial,30,-1.8761149193677638,0.21599999070167542,-0.013508027419447899,2321.267578125,0.08297624439001083,5.675290594808757e-06,0.13176238536834717,0.11546116322278976,0.005802746396511793
radial,30,-1.8491498970737061,0.21599999070167542,-0.013313879258930683,2321.18896484375,0.0829806849360466,5.716457508242456e-06,0.13176380097866058,0.11545954644680023,0.005803422071039677
radial,30,-1.8223170708451006,0.21599999070167542,-0.013120682910084724,2321.1591796875,0.08293172717094421,5.8070004342880566e-06,0.13177871704101562,0.11546409875154495,0.005799493286758661
radial,30,-1.7956160526308749,0.21599999070167542,-0.012928435578942299,2321.1826171875,0.08282439410686493,5.955663709755754e-06,0.13180837035179138,0.11547533422708511,0.005790532100945711
radial,30,-1.7690463250295985,0.21599999070167542,-0.012737133540213108,2321.265380859375,0.08265047520399094,6.175038834044244e-06,0.1318548023700714,0.11549416184425354,0.00577582698315382
radial,30,-1.7426071119391255,0.21599999070167542,-0.012546771205961704,2321.4150390625,0.08240094035863876,6.479627700173296e-06,0.1319202333688736,0.11552159488201141,0.0057545993477106094
radial,30,-1.7162977666076686,0.21599999070167542,-0.012357343919575214,2321.635009765625,0.08206860721111298,6.8839626692351885e-06,0.13200640678405762,0.1155584454536438,0.00572623498737812
radial,30,-1.690117512933082,0.21599999070167542,-0.01216884609311819,2321.927490234375,0.08165021240711212,7.400977665383834e-06,0.13211403787136078,0.11560512334108353,0.005690482910722494
radial,30,-1.6640660922146506,0.21599999070167542,-0.011981275863945484,2322.29150390625,0.08114756643772125,8.041015462367795e-06,0.13224253058433533,0.11566144227981567,0.0056475503370165825
radial,30,-1.6381424696495137,0.21599999070167542,-0.011794625781476498,2322.72412109375,0.08056725561618805,8.811765837890562e-06,0.13239014148712158,0.11572667211294174,0.005598070565611124
radial,30,-1.6123462571865983,0.21599999070167542,-0.011608893051743507,2323.22119140625,0.07991921901702881,9.7190595624852e-06,0.13255421817302704,0.11579972505569458,0.00554297212511301
radial,30,-1.5866768080741167,0.21599999070167542,-0.01142407301813364,2323.780029296875,0.07921499013900757,1.0768029824248515e-05,0.13273175060749054,0.11587929725646973,0.005483303219079971
radial,30,-1.5611333462099235,0.21599999070167542,-0.011240160092711449,2324.39794921875,0.07846598327159882,1.1964179066126235e-05,0.13291983306407928,0.1159641370177269,0.005420097149908543
radial,30,-1.5357154835429456,0.21599999070167542,-0.011057151481509209,2325.0732421875,0.0776824802160263,1.3314175703271758e-05,0.133115753531456,0.11605305969715118,0.005354276858270168
radial,30,-1.5104224439710379,0.21599999070167542,-0.010875041596591473,2325.803955078125,0.07687315344810486,1.4826335245743394e-05,0.13331732153892517,0.11614508926868439,0.005286619067192078
radial,30,-1.485253580742412,0.21599999070167542,-0.010693825781345367,2326.590087890625,0.07604493945837021,1.651076127018314e-05,0.13352273404598236,0.11623945832252502,0.00521774822846055
radial,30,-1.4602083764556382,0.21599999070167542,-0.010513500310480595,2327.430419921875,0.07520335167646408,1.8379290850134566e-05,0.13373059034347534,0.11633551865816116,0.00514815840870142
radial,30,-1.4352863137092855,0.21599999070167542,-0.010334061458706856,2328.32470703125,0.0743526890873909,2.0445328118512407e-05,0.13393978774547577,0.1164327934384346,0.0050782375037670135
radial,30,-1.4104866164012089,0.21599999070167542,-0.010155503638088703,2329.27197265625,0.07349632680416107,2.2723766960552894e-05,0.1341494470834732,0.1165308728814125,0.005008293315768242
radial,30,-1.38580863777962,0.21599999070167542,-0.009977822192013264,2330.272705078125,0.07263693958520889,2.5230992832803167e-05,0.13435892760753632,0.11662948131561279,0.004938565660268068
radial,30,-1.3612518604430888,0.21599999070167542,-0.009801013395190239,2331.32568359375,0.07177656143903732,2.7984886401100084e-05,0.13456766307353973,0.11672836542129517,0.004869242198765278
radial,30,-1.3368160256909,0.21599999070167542,-0.00962507538497448,2332.430908203125,0.07091683894395828,3.1004721677163616e-05,0.13477526605129242,0.11682730913162231,0.004800471011549234
radial,30,-1.3124999693698354,0.21599999070167542,-0.009449999779462814,2333.587158203125,0.07005904614925385,3.431090954109095e-05,0.13498139381408691,0.11692618578672409,0.004732372239232063
radial,30,-1.2881942610773776,0.21599999070167542,-0.009274998679757118,2334.800048828125,0.06920032948255539,3.794247822952457e-05,0.13518671691417694,0.11702531576156616,0.0046647354029119015
radial,30,-1.2638889408359926,0.21599999070167542,-0.009100000374019146,2336.0703125,0.06834106892347336,4.19310963479802e-05,0.13539110124111176,0.11712463945150375,0.004597611725330353
radial,30,-1.2401969999902778,0.21599999070167542,-0.00892941839993,2337.363525390625,0.06750372797250748,4.619206447387114e-05,0.13558921217918396,0.11722154915332794,0.0045327539555728436
radial,30,-1.2167224970956643,0.21599999070167542,-0.008760401979088783,2338.698486328125,0.06667492538690567,5.080716800875962e-05,0.13578423857688904,0.1173175722360611,0.004469117149710655
radial,30,-1.1934633625464308,0.21599999070167542,-0.008592936210334301,2340.07421875,0.06585492193698883,5.5798529501771554e-05,0.13597612082958221,0.11741267144680023,0.0044067236594855785
radial,30,-1.1704177854375708,0.21599999070167542,-0.008427008055150509,2341.489501953125,0.06504394114017487,6.118896999396384e-05,0.1361647993326187,0.11750681698322296,0.0043455930426716805
radial,30,-1.1475835668130054,0.21599999070167542,-0.008262601681053638,2342.942626953125,0.0642421543598175,6.700186349917203e-05,0.13635021448135376,0.1175999566912651,0.004285741131752729
radial,30,-1.124959025118086,0.21599999070167542,-0.00809970498085022,2344.43212890625,0.06344969570636749,7.326127524720505e-05,0.13653233647346497,0.11769206821918488,0.0042271800339221954
radial,30,-1.102541961396734,0.21599999070167542,-0.007938302122056484,2345.957275390625,0.06266667693853378,7.999206718523055e-05,0.13671113550662994,0.11778312176465988,0.004169918596744537
radial,30,-1.0803306940943003,0.21599999070167542,-0.007778380997478962,2347.51611328125,0.06189313903450966,8.721988706383854e-05,0.1368865817785263,0.11787310987710953,0.0041139619424939156
radial,30,-1.0583232829554214,0.21599999070167542,-0.007619927637279034,2349.107177734375,0.06112908199429512,9.497121209278703e-05,0.13705869019031525,0.11796198785305023,0.004059311468154192
radial,30,-1.0365177230495546,0.21599999070167542,-0.007462927605956793,2350.729736328125,0.06037449836730957,0.00010327310883440077,0.13722741603851318,0.11804976314306259,0.004005966708064079
radial,30,-1.0149123328220513,0.21599999070167542,-0.0073073687963187695,2352.3818359375,0.05962935462594032,0.00011215307313250378,0.1373927742242813,0.11813642084598541,0.0039539276622235775
radial,30,-0.9935051720175478,0.21599999070167542,-0.007153237238526344,2354.06201171875,0.0588935986161232,0.00012163908104412258,0.13755476474761963,0.1182219386100769,0.0039031917694956064
radial,30,-0.9722944297310379,0.21599999070167542,-0.007000519894063473,2355.769287109375,0.05816715583205223,0.00013175989442970604,0.13771335780620575,0.11830630898475647,0.0038537555374205112
radial,30,-0.9512784244078729,0.21599999070167542,-0.006849204655736685,2357.502197265625,0.05744991451501846,0.00014254510460887104,0.13786861300468445,0.1183895468711853,0.0038056131452322006
radial,30,-0.9304552157926891,0.21599999070167542,-0.006699277553707361,2359.259521484375,0.05674172565340996,0.00015402521239593625,0.13802050054073334,0.11847162246704102,0.0037587571423500776
radial,30,-0.9098231223308378,0.21599999070167542,-0.006550726480782032,2361.0400390625,0.056042447686195374,0.00016623114061076194,0.1381690353155136,0.1185525581240654,0.0037131821736693382
radial,30,-0.8893803331173129,0.21599999070167542,-0.0064035383984446526,2362.842529296875,0.05535195395350456,0.00017919419042300433,0.13831426203250885,0.11863233894109726,0.0036688842810690403
radial,30,-0.8691251019222869,0.21599999070167542,-0.0062577007338404655,2364.66552734375,0.05467011034488678,0.00019294614321552217,0.13845615088939667,0.1187109649181366,0.00362586067058146
radial,30,-0.8490558118662901,0.21599999070167542,-0.006113201845437288,2366.508056640625,0.05399680882692337,0.0002075192314805463,0.13859468698501587,0.11878843605518341,0.003584110178053379
radial,30,-0.8291706520443162,0.21599999070167542,-0.005970028694719076,2368.36865234375,0.05333193391561508,0.00022294609516393393,0.13872988522052765,0.1188647449016571,0.00354363233782351
radial,30,-0.8094679409017166,0.21599999070167542,-0.005828169174492359,2370.246337890625,0.05267537385225296,0.00023925999994389713,0.138861745595932,0.11893987655639648,0.0035044271498918533
radial,30,-0.7899461262342002,0.21599999070167542,-0.005687612108886242,2372.139404296875,0.05202700197696686,0.0002564946189522743,0.13899025321006775,0.11901383846998215,0.003466495545580983
radial,30,-0.7706033971367611,0.21599999070167542,-0.00554834445938468,2374.047119140625,0.05138671398162842,0.0002746843092609197,0.13911542296409607,0.1190866231918335,0.003429839853197336
radial,30,-0.7514380720547504,0.21599999070167542,-0.005410354118794203,2375.967529296875,0.05075439438223839,0.0002938638790510595,0.13923723995685577,0.11915823072195053,0.003394462401047349
radial,30,-0.7324487928094136,0.21599999070167542,-0.0052736313082277775,2377.899658203125,0.05012993887066841,0.0003140686603728682,0.13935567438602448,0.11922863870859146,0.0033603664487600327
radial,30,-0.7136336838205656,0.21599999070167542,-0.005138162523508072,2379.842041015625,0.04951321333646774,0.00033533453824929893,0.13947074115276337,0.11929786205291748,0.003327556885778904
radial,30,-0.6949912575590942,0.21599999070167542,-0.005003937054425478,2381.79296875,0.04890413582324982,0.0003576978051569313,0.13958239555358887,0.1193658784031868,0.0032960386015474796
radial,30,-0.6765198971455296,0.21599999070167542,-0.004870943259447813,2383.751708984375,0.04830258712172508,0.0003811951319221407,0.13969062268733978,0.11943268775939941,0.0032658178824931383
radial,30,-0.6582180503755808,0.21599999070167542,-0.004739169962704182,2385.716796875,0.04770847409963608,0.00040586377144791186,0.1397954523563385,0.11949829757213593,0.0032369012478739023
radial,30,-0.6400841003697779,0.21599999070167542,-0.004608605522662401,2387.686767578125,0.047121692448854446,0.00043174123857170343,0.13989681005477905,0.11956267058849335,0.003209296613931656
radial,30,-0.6221166242741877,0.21599999070167542,-0.004479239694774151,2389.661376953125,0.04654216393828392,0.00045886560110375285,0.13999471068382263,0.11962582170963287,0.003183012828230858
radial,30,-0.60431400520934,0.21599999070167542,-0.004351060837507248,2391.638671875,0.04596977308392525,0.00048727626563049853,0.14008910953998566,0.11968772858381271,0.003158057341352105
radial,30,-0.586674690970944,0.21599999070167542,-0.004224057774990797,2393.6181640625,0.04540441185235977,0.0005170137155801058,0.14017999172210693,0.11974840611219406,0.003134440165013075
radial,30,-0.5691973233802451,0.21599999070167542,-0.004098220728337765,2395.597900390625,0.04484623298048973,0.0005481000989675522,0.14026731252670288,0.11980780959129333,0.003112180158495903
radial,30,-0.5518803502329522,0.21599999070167542,-0.003973538521677256,2397.584228515625,0.044294536113739014,0.0005795825854875147,0.14035215973854065,0.1198669821023941,0.0030913017690181732
radial,30,-0.5347222193247743,0.21599999070167542,-0.0038499999791383743,2399.57470703125,0.04374958574771881,0.0006115191499702632,0.14043445885181427,0.1199258342385292,0.003071824088692665
radial,30,-0.5173611053679552,0.21599999070167542,-0.0037249999586492777,2401.610107421875,0.04319965839385986,0.0006446883780881763,0.14051590859889984,0.11998569965362549,0.0030532313976436853
radial,30,-0.49999999141113627,0.21599999070167542,-0.003599999938160181,2403.668212890625,0.04265066981315613,0.0006788700702600181,0.14059549570083618,0.12004584819078445,0.0030357916839420795
radial,30,-0.47727268085711533,0.21599999070167542,-0.0034363633021712303,2406.384521484375,0.04193417355418205,0.0007269024499692023,0.14069466292858124,0.12012317776679993,0.0030149961821734905
radial,30,-0.4545454673158626,0.21599999070167542,-0.0032727273646742105,2409.12890625,0.04121996462345123,0.000777872686740011,0.14078904688358307,0.12019983679056168,0.002996480092406273
radial,30,-0.43181818909943104,0.21599999070167542,-0.0031090909615159035,2411.921142578125,0.040507376194000244,0.0008285663789138198,0.14088213443756104,0.12027928233146667,0.002980101155117154
radial,30,-0.4090908785454101,0.21599999070167542,-0.0029454543255269527,2414.761962890625,0.03979593515396118,0.0008788635022938251,0.14097316563129425,0.12036124616861343,0.0029663536697626114
radial,30,-0.386363632666568,0.21599999070167542,-0.0027818181551992893,2417.624755859375,0.039086949080228806,0.000932457682210952,0.14105790853500366,0.12044201791286469,0.002955613425001502
radial,30,-0.3636363544501364,0.21599999070167542,-0.0026181817520409822,2420.500732421875,0.038380544632673264,0.0009909800719469786,0.14113552868366241,0.12052064388990402,0.00294771371409297
radial,30,-0.3409090762337049,0.21599999070167542,-0.002454545348882675,2423.388671875,0.037676215171813965,0.0010547033743932843,0.14120575785636902,0.12059713155031204,0.0029427926056087017
radial,30,-0.31818179801727337,0.21599999070167542,-0.002290908945724368,2426.285400390625,0.03697420656681061,0.001123867928981781,0.14126816391944885,0.1206713616847992,0.0029410128481686115
radial,30,-0.2954545521384312,0.21599999070167542,-0.0021272727753967047,2429.186767578125,0.036274705082178116,0.0011987404432147741,0.14132237434387207,0.12074320763349533,0.0029425520915538073
radial,30,-0.2727272739219997,0.21599999070167542,-0.0019636363722383976,2432.08984375,0.03557780757546425,0.0012796177761629224,0.14136794209480286,0.12081257998943329,0.0029476096387952566
radial,30,-0.24999999570556813,0.21599999070167542,-0.0017999999690800905,2434.990478515625,0.03488362953066826,0.001366823329590261,0.14140436053276062,0.12087935209274292,0.002956405282020569
radial,30,-0.2272727336579313,0.21599999070167542,-0.0016363636823371053,2437.885009765625,0.034192249178886414,0.0014607069315388799,0.14143115282058716,0.12094338238239288,0.002969170454889536
radial,30,-0.20454543927270505,0.21599999070167542,-0.0014727271627634764,2440.768798828125,0.033503759652376175,0.0015616470482200384,0.1414477676153183,0.12100455164909363,0.0029861475341022015
radial,30,-0.1818181772250682,0.21599999070167542,-0.0013090908760204911,2443.6376953125,0.03281824663281441,0.0016700520645827055,0.14145372807979584,0.12106271088123322,0.003007580991834402
radial,30,-0.15909089900863668,0.21599999070167542,-0.001145454472862184,2446.486328125,0.032135795801877975,0.0017863534158095717,0.14144860208034515,0.12111770361661911,0.003033657558262348
radial,30,-0.13636363696099985,0.21599999070167542,-0.0009818181861191988,2449.31103515625,0.03145648539066315,0.0019109668210148811,0.14143212139606476,0.12116934359073639,0.0030644710641354322
radial,30,-0.11363636682896565,0.21599999070167542,-0.0008181818411685526,2452.107177734375,0.030780399218201637,0.0020442702807486057,0.14140406250953674,0.12121746689081192,0.0031000080052763224
radial,30,-0.0909090886125341,0.21599999070167542,-0.0006545454380102456,2454.871337890625,0.030107619240880013,0.002186599187552929,0.14136430621147156,0.12126187235116959,0.0031401689630001783
radial,30,-0.06818181848049992,0.21599999070167542,-0.0004909090930595994,2457.600830078125,0.029438233003020287,0.0023382636718451977,0.14131276309490204,0.12130235135555267,0.003184827044606209
radial,30,-0.04545454430626705,0.21599999070167542,-0.0003272727190051228,2460.291748046875,0.028772329911589622,0.002499585272744298,0.1412493735551834,0.12133868038654327,0.003233844880014658
radial,30,-0.022727272153133526,0.21599999070167542,-0.0001636363595025614,2462.94091796875,0.028109999373555183,0.002670908812433481,0.1411740481853485,0.12137061357498169,0.0032870834693312645
radial,30,0.0,0.21599999070167542,0.0,2465.544921875,0.02745133638381958,0.0028526040259748697,0.14108674228191376,0.12139792740345001,0.0033444028813391924
radial,30,0.022727272153133526,0.21599999070167542,0.0001636363595025614,2468.10009765625,0.02679644711315632,0.003045066725462675,0.14098739624023438,0.12142033129930496,0.003405660158023238
radial,30,0.04545454430626705,0.21599999070167542,0.0003272727190051228,2470.601806640625,0.026145435869693756,0.0032487190328538418,0.14087587594985962,0.12143752723932266,0.0034707102458924055
radial,30,0.06818181848049992,0.21599999070167542,0.0004909090930595994,2473.04541015625,0.025498414412140846,0.0034640103112906218,0.14075212180614471,0.12144920229911804,0.003539404133334756
radial,30,0.0909090886125341,0.21599999070167542,0.0006545454380102456,2475.4267578125,0.02485550567507744,0.003691417630761862,0.14061595499515533,0.12145507335662842,0.003611588617786765
radial,30,0.11363636682896565,0.21599999070167542,0.0008181818411685526,2477.74072265625,0.024216828867793083,0.003931446000933647,0.14046728610992432,0.12145480513572693,0.003687105141580105
radial,30,0.13636363696099985,0.21599999070167542,0.0009818181861191988,2479.982666015625,0.02358252741396427,0.004184627905488014,0.14030592143535614,0.12144812196493149,0.0037657879292964935
radial,30,0.15909089900863668,0.21599999070167542,0.001145454472862184,2482.146240234375,0.022952739149332047,0.0044515240006148815,0.14013174176216125,0.12143466621637344,0.00384746422059834
radial,30,0.1818181772250682,0.21599999070167542,0.0013090908760204911,2484.22607421875,0.022327613085508347,0.00473272567614913,0.13994452357292175,0.12141405791044235,0.003931952640414238
radial,30,0.20454543927270505,0.21599999070167542,0.0014727271627634764,2486.216064453125,0.021707314997911453,0.005028855055570602,0.1397441029548645,0.12138587236404419,0.0040190620347857475
radial,30,0.2272727336579313,0.21599999070167542,0.0016363636823371053,2488.109375,0.0210920087993145,0.005340564996004105,0.13953028619289398,0.12134965509176254,0.004108591470867395
radial,30,0.24999999570556813,0.21599999070167542,0.0017999999690800905,2489.900390625,0.020481877028942108,0.005668537691235542,0.13930289447307587,0.12130492925643921,0.004200325813144445
radial,30,0.2727272739219997,0.21599999070167542,0.0019636363722383976,2491.5810546875,0.0198771134018898,0.006013489328324795,0.13906167447566986,0.12125121057033539,0.004294038750231266
radial,30,0.2954545521384312,0.21599999070167542,0.0021272727753967047,2493.144775390625,0.019277919083833694,0.006376167293637991,0.13880643248558044,0.12118798494338989,0.0043894886039197445
radial,30,0.31818179801727337,0.21599999070167542,0.002290908945724368,2494.58349609375,0.0186845101416111,0.006757356226444244,0.1385369449853897,0.12111475318670273,0.004486416466534138
radial,30,0.3409090762337049,0.21599999070167542,0.002454545348882675,2495.8896484375,0.018097111955285072,0.007157872896641493,0.13825300335884094,0.12103094905614853,0.004584548994898796
radial,30,0.3636363544501364,0.21599999070167542,0.0026181817520409822,2497.054931640625,0.017515962943434715,0.007578568067401648,0.13795436918735504,0.12093602120876312,0.004683591425418854
radial,30,0.386363632666568,0.21599999070167542,0.0027818181551992893,2498.070068359375,0.01694132387638092,0.008020329289138317,0.1376408040523529,0.12082935124635696,0.004783227574080229
radial,30,0.4090908785454101,0.21599999070167542,0.0029454543255269527,2498.926513671875,0.016373462975025177,0.00848408229649067,0.13731209933757782,0.1207103505730629,0.004883122630417347
radial,30,0.43181818909943104,0.21599999070167542,0.0031090909615159035,2499.614501953125,0.01581266149878502,0.008970789611339569,0.13696801662445068,0.1205783560872078,0.004982915241271257
radial,30,0.4545454673158626,0.21599999070167542,0.0032727273646742105,2500.12451171875,0.015259229578077793,0.00948143657296896,0.1366083323955536,0.12043267488479614,0.00508221797645092
radial,30,0.47727268085711533,0.21599999070167542,0.0034363633021712303,2500.4462890625,0.0147135891020298,0.010016962885856628,0.13623292744159698,0.12027265131473541,0.0051805987022817135
radial,30,0.49999999141113627,0.21599999070167542,0.003599999938160181,2500.568603515625,0.014176146127283573,0.010578395798802376,0.13584159314632416,0.12009752541780472,0.005277598276734352
radial,30,0.5173611053679552,0.21599999070167542,0.0037249999586492777,2500.52197265625,0.013771165162324905,0.011025478132069111,0.13553175330162048,0.11995311826467514,0.005350516177713871
radial,30,0.5347222193247743,0.21599999070167542,0.0038499999791383743,2500.34716796875,0.01337115466594696,0.011489037424325943,0.1352122724056244,0.11979901790618896,0.0054221609607338905
radial,30,0.5518803502329522,0.21599999070167542,0.003973538521677256,2500.0439453125,0.012980964034795761,0.0119637381285429,0.13488706946372986,0.1196369081735611,0.005491471849381924
radial,30,0.5691973233802451,0.21599999070167542,0.004098220728337765,2499.60107421875,0.012592555023729801,0.012460015714168549,0.1345493048429489,0.11946303397417068,0.005559663288295269
radial,30,0.586674690970944,0.21599999070167542,0.004224057774990797,2499.009521484375,0.01220623031258583,0.012978932820260525,0.13419859111309052,0.11927671730518341,0.005626429338008165
radial,30,0.60431400520934,0.21599999070167542,0.004351060837507248,2498.259033203125,0.011822305619716644,0.013521619141101837,0.133834570646286,0.11907722055912018,0.005691435653716326
radial,30,0.6221166242741877,0.21599999070167542,0.004479239694774151,2497.33935546875,0.01144111156463623,0.014089275151491165,0.13345685601234436,0.11886374652385712,0.005754316225647926
radial,30,0.6400841003697779,0.21599999070167542,0.004608605522662401,2496.23974609375,0.011063002049922943,0.01468315627425909,0.13306504487991333,0.11863549798727036,0.00581467105075717
radial,30,0.6582180503755808,0.21599999070167542,0.004739169962704182,2494.94775390625,0.01068835984915495,0.01530457939952612,0.13265880942344666,0.11839156597852707,0.00587206007912755
radial,30,0.6765198971455296,0.21599999070167542,0.004870943259447813,2493.451904296875,0.010317591950297356,0.01595493033528328,0.1322377473115921,0.11813105642795563,0.005926004610955715
radial,30,0.6949912575590942,0.21599999070167542,0.005003937054425478,2491.73876953125,0.00995112769305706,0.01663566380739212,0.13180147111415863,0.11785297840833664,0.005975979380309582
radial,30,0.7136336838205656,0.21599999070167542,0.005138162523508072,2489.794677734375,0.009589431807398796,0.01734832115471363,0.1313495934009552,0.11755628883838654,0.006021412089467049
radial,30,0.7324487928094136,0.21599999070167542,0.0052736313082277775,2487.60546875,0.009232991375029087,0.018094509840011597,0.13088180124759674,0.11723989248275757,0.006061680149286985
radial,30,0.7514380720547504,0.21599999070167542,0.005410354118794203,2485.15576171875,0.00888233445584774,0.018875909969210625,0.13039767742156982,0.11690262705087662,0.0060961004346609116
radial,30,0.7706033971367611,0.21599999070167542,0.00554834445938468,2482.42919921875,0.0085380207747221,0.019694285467267036,0.12989693880081177,0.11654328554868698,0.006123930681496859
radial,30,0.7899461262342002,0.21599999070167542,0.005687612108886242,2479.409423828125,0.00820064451545477,0.020551493391394615,0.12937922775745392,0.1161605641245842,0.00614436250180006
radial,30,0.8094679409017166,0.21599999070167542,0.005828169174492359,2476.078369140625,0.007870837114751339,0.02144947461783886,0.1288442462682724,0.11575307697057724,0.006156513001769781
radial,30,0.8291706520443162,0.21599999070167542,0.005970028694719076,2472.417724609375,0.007549275178462267,0.022390255704522133,0.12829172611236572,0.11531945317983627,0.006159475538879633
radial,30,0.8490558118662901,0.21599999070167542,0.006113201845437288,2468.407958984375,0.007236647419631481,0.02337564527988434,0.12772142887115479,0.11485861241817474,0.0061525627970695496
radial,30,0.8691251019222869,0.21599999070167542,0.0062577007338404655,2464.034423828125,0.006933508440852165,0.024406712502241135,0.12713313102722168,0.11437022686004639,0.006135635077953339
radial,30,0.8893803331173129,0.21599999070167542,0.0064035383984446526,2459.289794921875,0.006640064064413309,0.025483470410108566,0.12652669847011566,0.11385463923215866,0.006109051406383514
radial,30,0.9098231223308378,0.21599999070167542,0.006550726480782032,2454.176513671875,0.006356228608638048,0.026605190709233284,0.1259019374847412,0.11331245303153992,0.006073347758501768
radial,30,0.9304552157926891,0.21599999070167542,0.006699277553707361,2448.69921875,0.006081829778850079,0.02777092717587948,0.12525877356529236,0.11274433881044388,0.006029103882610798
radial,30,0.9512784244078729,0.21599999070167542,0.006849204655736685,2442.864013671875,0.005816684104502201,0.028979690745472908,0.12459711730480194,0.11215101182460785,0.005976896267384291
radial,30,0.9722944297310379,0.21599999070167542,0.007000519894063473,2436.67578125,0.005560602992773056,0.030230481177568436,0.12391691654920578,0.11153315007686615,0.0059172916226089
radial,30,0.9935051720175478,0.21599999070167542,0.007153237238526344,2430.140869140625,0.005313391797244549,0.031522296369075775,0.1232181116938591,0.11089146137237549,0.005850838962942362
radial,30,1.0149123328220513,0.21599999070167542,0.0073073687963187695,2423.265380859375,0.005074852146208286,0.032854143530130386,0.1225007027387619,0.11022662371397018,0.005778071004897356
radial,30,1.0365177230495546,0.21599999070167542,0.007462927605956793,2416.055419921875,0.004844781011343002,0.03422502800822258,0.12176468968391418,0.10953932255506516,0.005699502304196358
radial,30,1.0583232829554214,0.21599999070167542,0.007619927637279034,2408.517578125,0.004622979089617729,0.035633936524391174,0.12101008743047714,0.10883022844791412,0.005615634378045797
radial,30,1.0803306940943003,0.21599999070167542,0.007778380997478962,2400.6572265625,0.004409244284033775,0.03707987070083618,0.12023694813251495,0.108100026845932,0.005526949185878038
radial,30,1.102541961396734,0.21599999070167542,0.007938302122056484,2392.481689453125,0.004203369840979576,0.0385618582367897,0.1194453313946724,0.10734936594963074,0.005433910991996527
radial,30,1.124959025118086,0.21599999070167542,0.00809970498085022,2383.9970703125,0.00400514667853713,0.04007894545793533,0.11863528937101364,0.10657888650894165,0.005336967296898365
radial,30,1.1475835668130054,0.21599999070167542,0.008262601681053638,2375.20947265625,0.0038143706042319536,0.041630178689956665,0.11780691146850586,0.10578922927379608,0.005236547440290451
radial,30,1.1704177854375708,0.21599999070167542,0.008427008055150509,2366.12548828125,0.0036308360286056995,0.04321460425853729,0.1169603019952774,0.10498101264238358,0.005133066326379776
radial,30,1.1934633625464308,0.21599999070167542,0.008592936210334301,2356.75146484375,0.003454339224845171,0.04483130946755409,0.11609554290771484,0.10415486246347427,0.005026918835937977
radial,30,1.2167224970956643,0.21599999070167542,0.008760401979088783,2347.09326171875,0.0032846713438630104,0.04647943004965782,0.11521276086568832,0.10331133753061295,0.004918480291962624
radial,30,1.2401969999902778,0.21599999070167542,0.00892941839993,2337.1572265625,0.0031216274946928024,0.048158127814531326,0.1143120601773262,0.10245101898908615,0.004808109253644943
radial,30,1.2638889408359926,0.21599999070167542,0.009100000374019146,2326.949951171875,0.0029650186188519,0.049866415560245514,0.11339361220598221,0.10157451033592224,0.00469615776091814
radial,30,1.2881942610773776,0.21599999070167542,0.009274998679757118,2316.30419921875,0.002812234917655587,0.05163213610649109,0.11244210600852966,0.10066764056682587,0.004581091459840536
radial,30,1.3124999693698354,0.21599999070167542,0.009449999779462814,2305.4931640625,0.002667011460289359,0.053410038352012634,0.11148162186145782,0.09975375235080719,0.004466130863875151
radial,30,1.3368160256909,0.21599999070167542,0.00962507538497448,2294.529541015625,0.0025289806071668863,0.05519847944378853,0.11051280051469803,0.0988338366150856,0.004351604264229536
radial,30,1.3612518604430888,0.21599999070167542,0.009801013395190239,2283.372314453125,0.0023969565518200397,0.057004012167453766,0.10953086614608765,0.09790349006652832,0.0042370641604065895
radial,30,1.38580863777962,0.21599999070167542,0.009977822192013264,2271.9658203125,0.002271957229822874,0.05883413553237915,0.10853071510791779,0.09695733338594437,0.004120696801692247
radial,30,1.4104866164012089,0.21599999070167542,0.010155503638088703,2260.33349609375,0.002154073677957058,0.06068599969148636,0.10751480609178543,0.09599801152944565,0.004003043752163649
radial,30,1.4352863137092855,0.21599999070167542,0.010334061458706856,2248.54052734375,0.002040688181295991,0.0625515878200531,0.10648778080940247,0.09503026306629181,0.0038855301681905985
radial,30,1.4602083764556382,0.21599999070167542,0.010513500310480595,2236.560791015625,0.001932371174916625,0.06443418562412262,0.10544680804014206,0.09405142813920975,0.0037677001673728228
radial,30,1.485253580742412,0.21599999070167542,0.010693825781345367,2224.4111328125,0.0018299221992492676,0.06633123010396957,0.10439354926347733,0.09306412935256958,0.003650631057098508
radial,30,1.5104224439710379,0.21599999070167542,0.010875041596591473,2212.12451171875,0.0017322079511359334,0.0682392492890358,0.10333079844713211,0.0920712798833847,0.0035350858233869076
radial,30,1.5357154835429456,0.21599999070167542,0.011057151481509209,2199.703369140625,0.0016389976954087615,0.07015816867351532,0.10225850343704224,0.09107298403978348,0.0034211569000035524
radial,30,1.5611333462099235,0.21599999070167542,0.011240160092711449,2187.155517578125,0.0015501128509640694,0.0720871090888977,0.10117705911397934,0.09006974846124649,0.0033089749049395323
radial,30,1.5866768080741167,0.21599999070167542,0.01142407301813364,2174.488037109375,0.0014653780963271856,0.07402528822422028,0.10008684545755386,0.08906200528144836,0.003198652993887663
radial,30,1.6123462571865983,0.21599999070167542,0.011608893051743507,2161.70703125,0.0013846204383298755,0.07597203552722931,0.09898817539215088,0.08805014193058014,0.0030902863945811987
radial,30,1.6381424696495137,0.21599999070167542,0.011794625781476498,2148.818359375,0.0013076745672151446,0.07792670279741287,0.09788134694099426,0.08703453838825226,0.0029839612543582916
radial,30,1.6640660922146506,0.21599999070167542,0.011981275863945484,2135.828125,0.001234377850778401,0.0798887312412262,0.0967666506767273,0.08601552248001099,0.002879748120903969
radial,30,1.690117512933082,0.21599999070167542,0.01216884609311819,2122.740478515625,0.0011645721970126033,0.08185765892267227,0.09564432501792908,0.08499334007501602,0.002777706366032362
radial,30,1.7162977666076686,0.21599999070167542,0.012357343919575214,2109.57080078125,0.0010981480590999126,0.08383151888847351,0.09451545774936676,0.08396906405687332,0.002677962416782975
radial,30,1.7426071119391255,0.21599999070167542,0.012546771205961704,2096.299072265625,0.0010339616565033793,0.08581392467021942,0.09337753802537918,0.08293954282999039,0.002579265972599387
radial,30,1.7690463250295985,0.21599999070167542,0.012737133540213108,2082.882080078125,0.0009739006636664271,0.0878082886338234,0.09222814440727234,0.08190293610095978,0.002481173723936081
radial,30,1.7956160526308749,0.21599999070167542,0.012928435578942299,2069.354248046875,0.0009188722469843924,0.08980914950370789,0.09107078611850739,0.08086336404085159,0.0023850356228649616
radial,30,1.8223170708451006,0.21599999070167542,0.013120682910084724,2055.764892578125,0.0008666328503750265,0.0918128490447998,0.08990812301635742,0.07982281595468521,0.002291295910254121
radial,30,1.8491498970737061,0.21599999070167542,0.013313879258930683,2042.11962890625,0.0008170002838596702,0.09381896257400513,0.08874043077230453,0.07878153026103973,0.002199965761974454
radial,30,1.8761149193677638,0.21599999070167542,0.013508027419447899,2028.423583984375,0.0007698616245761514,0.09582699090242386,0.08756803721189499,0.07773977518081665,0.002111051930114627
radial,30,1.9032133018804922,0.21599999070167542,0.013703135773539543,2014.6820068359375,0.0007251090137287974,0.09783636778593063,0.08639129251241684,0.07669785618782043,0.002024558139964938
radial,30,1.9304454326629639,0.21599999070167542,0.01389920711517334,2000.89990234375,0.0006826365133747458,0.09984661638736725,0.08521053940057755,0.07565601170063019,0.0019404807826504111
radial,30,1.9578120878173246,0.21599999070167542,0.014096247032284737,1987.08203125,0.000642341619823128,0.10185731202363968,0.084026038646698,0.07461448013782501,0.0018588099628686905
radial,30,1.9853136553946469,0.21599999070167542,0.014294258318841457,1973.23291015625,0.0006041260785423219,0.10386800765991211,0.08283812552690506,0.07357347011566162,0.001779533689841628
radial,30,2.012951040847434,0.21599999070167542,0.014493247494101524,1959.357177734375,0.000567895476706326,0.10587828606367111,0.08164709806442261,0.07253324240446091,0.0017026354325935245
radial,30,2.0407250202778315,0.21599999070167542,0.014693220146000385,1945.45947265625,0.0005335588939487934,0.10788770765066147,0.08045324683189392,0.0714939758181572,0.0016280951676890254
radial,30,2.0686358523865542,0.21599999070167542,0.01489417813718319,1931.5438232421875,0.0005010286113247275,0.10989593714475632,0.07925686240196228,0.0704558715224266,0.0015558880986645818
radial,30,2.096684701326821,0.21599999070167542,0.015096129849553108,1917.6142578125,0.00047022048966027796,0.11190260946750641,0.07805818319320679,0.06941910833120346,0.001485987100750208
radial,30,2.1248719551497035,0.21599999070167542,0.015299078077077866,1903.6749267578125,0.0004410542023833841,0.11390736699104309,0.07685752213001251,0.06838387995958328,0.001418363070115447
radial,30,2.153198260606991,0.21599999070167542,0.015503027476370335,1889.7298583984375,0.00041345294448547065,0.11590982973575592,0.07565513998270035,0.0673503577709198,0.0013529846910387278
radial,30,2.181664523151186,0.21599999070167542,0.015707984566688538,1875.782958984375,0.00038734302506782115,0.11790966987609863,0.07445131242275238,0.06631871312856674,0.001289818435907364
radial,30,2.210271130833361,0.21599999070167542,0.0159139521420002,1861.837890625,0.0003626534598879516,0.11990660429000854,0.07324628531932831,0.06528909504413605,0.0012288278667256236
radial,30,2.2390192478067346,0.21599999070167542,0.01612093858420849,1847.898193359375,0.0003393164661247283,0.12190031260251999,0.07204028964042664,0.06426165997982025,0.0011699747992679477
radial,30,2.2679091327720218,0.21599999070167542,0.016328945755958557,1833.9678955078125,0.0003172672586515546,0.12389049679040909,0.07083360105752945,0.0632365494966507,0.0011132205836474895
radial,30,2.2969415618313684,0.21599999070167542,0.016537979245185852,1820.05029296875,0.00029644410824403167,0.12587684392929077,0.06962647289037704,0.062213923782110214,0.0010585251729935408
radial,30,2.3261173110869198,0.21599999070167542,0.01674804463982582,1806.1490478515625,0.00027678784681484103,0.12785908579826355,0.06841912865638733,0.06119392067193985,0.0010058474726974964
radial,30,2.355437156640821,0.21599999070167542,0.01695914752781391,1792.267333984375,0.00025824145996011794,0.12983694672584534,0.06721181422472,0.06017665937542915,0.0009551445837132633
radial,30,2.384901615894503,0.21599999070167542,0.017171291634440422,1778.4083251953125,0.00024075056717265397,0.13181020319461823,0.06600473821163177,0.059162259101867676,0.0009063725010491908
radial,30,2.4145117236508264,0.21599999070167542,0.01738448441028595,1764.5755615234375,0.00022426331997849047,0.13377857208251953,0.06479813158512115,0.058150842785835266,0.0008594875689595938
radial,30,2.444267997311221,0.21599999070167542,0.017598729580640793,1750.7720947265625,0.0002087303000735119,0.13574182987213135,0.06359221786260605,0.05714253708720207,0.0008144457824528217
radial,30,2.474170954277118,0.21599999070167542,0.01781403087079525,1737.0013427734375,0.00019410409731790423,0.137699693441391,0.06238723546266556,0.056137461215257645,0.0007712022052146494
radial,30,2.5042216293513775,0.21599999070167542,0.018030395731329918,1723.265869140625,0.00018033920787274837,0.13965195417404175,0.061183370649814606,0.055135712027549744,0.0007297112024389207
radial,30,2.53442053993543,0.21599999070167542,0.018247827887535095,1709.56884765625,0.0001673921215115115,0.14159844815731049,0.05998081713914871,0.05413737893104553,0.0006899270229041576
radial,30,2.564768979532851,0.21599999070167542,0.018466336652636528,1695.9132080078125,0.00015522146713919938,0.1435389518737793,0.058779776096343994,0.05314256623387337,0.0006518041482195258
radial,30,2.595266948143641,0.21599999070167542,0.018685922026634216,1682.3017578125,0.00014378770720213652,0.14547321200370789,0.057580456137657166,0.05215137451887131,0.0006152973510324955
radial,30,2.6259154805706606,0.21599999070167542,0.018906591460108757,1668.737548828125,0.00013305305037647486,0.14740104973316193,0.05638305842876434,0.05116390809416771,0.000580361345782876
radial,30,2.65671509421534,0.21599999070167542,0.01912834867835045,1655.2235107421875,0.00012298120418563485,0.1493222713470459,0.05518774315714836,0.050180234014987946,0.000546950614079833
radial,30,2.68766682388054,0.21599999070167542,0.019351201131939888,1641.7615966796875,0.00011353757145116106,0.15123672783374786,0.05399469658732414,0.04920043423771858,0.0005150196957401931
radial,30,2.718771704369121,0.21599999070167542,0.019575156271457672,1628.355224609375,0.00010468916298123077,0.1531442552804947,0.052804090082645416,0.048224590718746185,0.0004845239454880357
radial,30,2.7500299943817987,0.21599999070167542,0.01980021595954895,1615.006591796875,9.640457574278116e-05,0.15504461526870728,0.05161610618233681,0.04725278913974762,0.00045541947474703193
radial,30,2.781442470020718,0.21599999070167542,0.02002638578414917,1601.7188720703125,8.865373092703521e-05,0.15693765878677368,0.05043092370033264,0.04628511145710945,0.00042766236583702266
radial,30,2.8130101660887403,0.21599999070167542,0.020253673195838928,1588.494384765625,8.140783756971359e-05,0.15882323682308197,0.049248695373535156,0.045321621000766754,0.0004012089630123228
radial,30,2.84473334128658,0.21599999070167542,0.020482080057263374,1575.3355712890625,7.463946531061083e-05,0.1607012003660202,0.04806957021355629,0.0443623811006546,0.0003760162799153477
radial,30,2.876613289117813,0.21599999070167542,0.020711615681648254,1562.2452392578125,6.832247890997678e-05,0.16257141530513763,0.04689371585845947,0.043407462537288666,0.0003520421450957656
radial,30,2.9086510443853006,0.21599999070167542,0.020942287519574165,1549.22607421875,6.243202369660139e-05,0.16443364322185516,0.045721299946308136,0.04245695471763611,0.0003292452311143279
radial,30,2.9408466070890427,0.21599999070167542,0.021174095571041107,1536.2806396484375,5.6944303651107475e-05,0.16628779470920563,0.044552482664585114,0.041510920971632004,0.0003075847344007343
radial,30,2.9732010120318995,0.21599999070167542,0.021407047286629677,1523.4114990234375,5.1836574129993096e-05,0.1681337058544159,0.04338740557432175,0.04056941345334053,0.0002870200260076672
radial,30,3.005715294016732,0.21599999070167542,0.02164115011692047,1510.62109375,4.7087130951695144e-05,0.16997121274471283,0.04222619906067848,0.03963249549269676,0.000267511437414214
radial,30,3.0383899704449706,0.21599999070167542,0.02187640778720379,1497.912109375,4.267534677637741e-05,0.17180024087429047,0.041069015860557556,0.038700226694345474,0.00024902020231820643
radial,30,3.071226076119476,0.21599999070167542,0.022112827748060226,1485.2872314453125,3.858160926029086e-05,0.1736205816268921,0.039916012436151505,0.037772681564092636,0.0002315085002919659
radial,30,3.104224128441678,0.21599999070167542,0.022350413724780083,1472.7490234375,3.4787146432790905e-05,0.17543210089206696,0.03876733034849167,0.03684992715716362,0.00021493906388059258
radial,30,3.1373854209151535,0.21599999070167542,0.022589175030589104,1460.30029296875,3.127404852421023e-05,0.1772346794605255,0.037623099982738495,0.03593200817704201,0.00019927523680962622
radial,30,3.170709694839186,0.21599999070167542,0.02282910980284214,1447.943603515625,2.802523158607073e-05,0.17902816832065582,0.03648344427347183,0.035018980503082275,0.00018448127957526594
radial,30,3.204199019819498,0.21599999070167542,0.023070232942700386,1435.681640625,2.5024457499966957e-05,0.18081247806549072,0.03534850478172302,0.0341109074652195,0.00017052239854820073
radial,30,3.2378539132575197,0.21599999070167542,0.02331254817545414,1423.5172119140625,2.225626667495817e-05,0.1825874149799347,0.034218430519104004,0.033207863569259644,0.00015736473142169416
radial,30,3.2716746338539653,0.21599999070167542,0.02355605736374855,1411.453369140625,1.9705901650013402e-05,0.184352844953537,0.03309336677193642,0.03230990841984749,0.00014497525990009308
radial,30,3.3056622164116964,0.21599999070167542,0.023800767958164215,1399.4932861328125,1.7359254343318753e-05,0.18610858917236328,0.03197344020009041,0.031417105346918106,0.0001333216205239296
radial,30,3.339817695733574,0.21599999070167542,0.02404668740928173,1387.6395263671875,1.5202871509245597e-05,0.1878545731306076,0.030858781188726425,0.03052951954305172,0.00012237233750056475
radial,30,3.3741418479217424,0.21599999070167542,0.024293821305036545,1375.8955078125,1.3223934729467146e-05,0.18959058821201324,0.029749540612101555,0.02964721992611885,0.00011209691729163751
radial,30,3.408635449078348,0.21599999070167542,0.024542175233364105,1364.2645263671875,1.1410218576202169e-05,0.19131647050380707,0.028645871207118034,0.028770286589860916,0.0001024658267851919
radial,30,3.4432992753055363,0.21599999070167542,0.02479175478219986,1352.7501220703125,9.75003422354348e-06,0.19303205609321594,0.02754792384803295,0.02789880521595478,9.345036232843995e-05
radial,30,3.478133844004737,0.21599999070167542,0.025042563676834106,1341.355712890625,8.232175787270535e-06,0.19473713636398315,0.02645585499703884,0.02703285403549671,8.502262062393129e-05
radial,30,3.513140966080957,0.21599999070167542,0.02529461495578289,1330.085205078125,6.845909410913009e-06,0.19643156230449677,0.02536982297897339,0.026172522455453873,7.715565880062059e-05
radial,30,3.548320641534196,0.21599999070167542,0.02554790861904621,1318.9427490234375,5.580967354035238e-06,0.19811506569385529,0.024290015920996666,0.025317924097180367,6.98235526215285e-05
radial,30,3.58367416386803,0.21599999070167542,0.025802453979849815,1307.9326171875,4.427495241543511e-06,0.19978739321231842,0.02321663871407509,0.024469180032610893,6.30013455520384e-05
radial,30,3.619202050483889,0.21599999070167542,0.026058254763484,1297.0594482421875,3.3759883990569506e-06,0.20144827663898468,0.02214989624917507,0.0236264206469059,5.666496144840494e-05
radial,30,3.654905077483919,0.21599999070167542,0.026315316557884216,1286.3280029296875,2.4212645257648546e-06,0.20309743285179138,0.021090004593133926,0.02278978005051613,5.0791222747648135e-05
radial,30,3.6907845383716955,0.21599999070167542,0.026573648676276207,1275.74365234375,1.6030951428547269e-06,0.20473453402519226,0.020037194713950157,0.02195941098034382,4.535792686510831e-05
radial,30,3.726841209249364,0.21599999070167542,0.02683325670659542,1265.31201171875,1.0250386139887269e-06,0.20635923743247986,0.018991738557815552,0.021135492250323296,4.034345693071373e-05
radial,30,3.7630761249197855,0.21599999070167542,0.027094148099422455,1255.0394287109375,7.036519491521176e-07,0.20797108113765717,0.017953956499695778,0.02031823992729187,3.5725497582461685e-05
radial,30,3.799489544083675,0.21599999070167542,0.027356324717402458,1244.9326171875,4.988097543900949e-07,0.20956957340240479,0.01692419871687889,0.019507896155118942,3.148067480651662e-05
radial,30,3.836083018945323,0.21599999070167542,0.027619797736406326,1234.9991455078125,3.3993580927926814e-07,0.21115416288375854,0.015902871266007423,0.018704747781157494,2.7585811039898545e-05
radial,30,3.872857066906161,0.21599999070167542,0.027884570881724358,1225.2471923828125,2.4388694441768166e-07,0.21272413432598114,0.014890434220433235,0.017909115180373192,2.4018168915063143e-05
radial,30,3.9098124640683336,0.21599999070167542,0.028150649741292,1215.6859130859375,1.8675632418307941e-07,0.21427872776985168,0.013887429609894753,0.017121389508247375,2.0754961951752193e-05
radial,30,3.9469505039354167,0.21599999070167542,0.028418043628335,1206.326416015625,1.4219605759535625e-07,0.21581700444221497,0.012894518673419952,0.016342056915163994,1.7773832951206714e-05
radial,30,3.984271703908841,0.21599999070167542,0.028686756268143654,1197.180908203125,1.0241421932732919e-07,0.2173376828432083,0.011912527494132519,0.015571726486086845,1.5053430615807883e-05
radial,30,4.021776840090752,0.21599999070167542,0.028956793248653412,1188.2635498046875,7.280621616700955e-08,0.21883921325206757,0.010942507535219193,0.014811188913881779,1.2573502317536622e-05
radial,30,4.059467723386155,0.21599999070167542,0.029228167608380318,1179.59130859375,5.671376612781387e-08,0.22031956911087036,0.009985783137381077,0.014061447232961655,1.0314488463336602e-05
radial,30,4.097344353795052,0.21599999070167542,0.02950087934732437,1171.1839599609375,4.761502481187563e-08,0.22177629172801971,0.00904400460422039,0.013323760591447353,8.257183253590483e-06
radial,30,4.135408283521731,0.21599999070167542,0.029774939641356468,1163.0643310546875,3.976267848315729e-08,0.22320622205734253,0.008119221776723862,0.012599696405231953,6.38289020571392e-06
radial,30,4.1736595125661955,0.21599999070167542,0.03005034849047661,1155.25927734375,3.269168402653122e-08,0.22460545599460602,0.00721399299800396,0.01189122349023819,4.673592229664791e-06
radial,30,4.212100110534164,0.21599999070167542,0.030327120795845985,1147.79931640625,2.6381005824305248e-08,0.22596924006938934,0.0063314600847661495,0.011200763285160065,3.1124284305406036e-06
radial,30,4.250730594827069,0.21599999070167542,0.030605260282754898,1140.7183837890625,2.1108103709366333e-08,0.22729180753231049,0.005475340411067009,0.010531188920140266,1.7615165006645839e-06
radial,30,4.289551482846339,0.21599999070167542,0.030884770676493645,1134.052734375,1.7677798780368903e-08,0.22856663167476654,0.004649929236620665,0.00988581869751215,8.575942729294184e-07
radial,30,4.3285640680955515,0.21599999070167542,0.03116566129028797,1127.842529296875,1.635187985016273e-08,0.22978584468364716,0.0038603509310632944,0.009268621914088726,4.314159980367549e-07
radial,30,4.367769385377566,0.21599999070167542,0.031447939574718475,1122.1334228515625,1.6191906482276863e-08,0.23093931376934052,0.0031131859868764877,0.008684704080224037,2.4470972448398243e-07
radial,30,4.407167952093813,0.21599999070167542,0.031731609255075455,1116.980712890625,1.6486776388546787e-08,0.23201324045658112,0.0024174123536795378,0.008141051977872849,1.496757278118821e-07
radial,30,4.446761061747869,0.21599999070167542,0.032016679644584656,1112.4498291015625,1.7220449066712717e-08,0.2329886257648468,0.0017853573663160205,0.007647272199392319,9.431224157196993e-08
radial,30,4.486549749142594,0.21599999070167542,0.032303158193826675,1108.6119384765625,1.844290942187854e-08,0.2338406890630722,0.001233101706020534,0.007215909659862518,6.573769439910393e-08
radial,30,4.5265345316794185,0.21599999070167542,0.03259104862809181,1105.5303955078125,2.012688504748894e-08,0.23454076051712036,0.000779250985942781,0.006861480418592691,4.8383601125578934e-08
radial,30,4.5667169615626335,0.21599999070167542,0.03288036212325096,1103.2344970703125,2.2110906883199277e-08,0.23506461083889008,0.00043952808482572436,0.006596243474632502,3.570602302715997e-08
radial,30,4.6070980735951,0.21599999070167542,0.03317110612988472,1101.6812744140625,2.412556909803243e-08,0.23540909588336945,0.00021601154003292322,0.006421786732971668,2.8801949270018667e-08
radial,30,4.647677867776818,0.21599999070167542,0.03346328064799309,1100.7376708984375,2.590053682638427e-08,0.23560376465320587,8.966242603491992e-05,0.006323166191577911,2.505552210152473e-08
radial,30,4.688458413713509,0.21599999070167542,0.03375690057873726,1100.2169189453125,2.727206727115572e-08,0.23569931089878082,2.868368028430268e-05,0.006274718791246414,2.2321438919448156e-08
radial,30,4.7294402288066015,0.21599999070167542,0.03405196964740753,1099.946533203125,2.8214982350505124e-08,0.23574231564998627,5.995805622660555e-06,0.006252869963645935,2.017371336648921e-08
radial,30,4.770624347858959,0.21599999070167542,0.0343484953045845,1099.807861328125,2.8795138717896407e-08,0.23576155304908752,1.1409366607040283e-06,0.006243059411644936,1.852906272858945e-08
radial,30,4.81201180567344,0.21599999070167542,0.03464648500084877,1099.7354736328125,2.9101402176934243e-08,0.23577064275741577,4.782573341799434e-07,0.006238385569304228,1.7268435570372276e-08
radial,30,4.853603637052907,0.21599999070167542,0.03494594618678093,1099.6966552734375,2.9206891127842027e-08,0.23577523231506348,2.5663143787824083e-07,0.00623598787933588,1.6282422521385342e-08
radial,30,4.8954008768002195,0.21599999070167542,0.03524688631296158,1099.67626953125,2.9161320469484053e-08,0.23577763140201569,1.5782808304720675e-07,0.006234701722860336,1.5488726745616077e-08
radial,30,4.937404042316808,0.21599999070167542,0.035549309104681015,1099.666748046875,2.899697371105958e-08,0.2357788383960724,1.1425798618347471e-07,0.006234023254364729,1.4830811245758468e-08
radial,30,4.979614685806963,0.21599999070167542,0.035853225737810135,1099.6639404296875,2.873503213152162e-08,0.23577933013439178,8.753814739748123e-08,0.006233706139028072,1.4269810222344859e-08
radial,30,5.022033324672116,0.21599999070167542,0.036158639937639236,1099.6656494140625,2.8389850470489364e-08,0.23577934503555298,6.863042045779366e-08,0.006233616732060909,1.3778746144055276e-08
radial,30,5.064662545919418,0.21599999070167542,0.03646557033061981,1099.6705322265625,2.797174225577237e-08,0.2357790768146515,5.517318868442089e-08,0.006233676336705685,1.333899124489335e-08
radial,30,5.107501314746009,0.21599999070167542,0.036774009466171265,1099.677490234375,2.748863892065856e-08,0.2357785850763321,4.577409029593582e-08,0.006233838386833668,1.2937658944167651e-08
radial,30,5.1505522181590395,0.21599999070167542,0.03708397597074509,1099.685791015625,2.6947116538167393e-08,0.23577792942523956,3.949801197222769e-08,0.00623407494276762,1.256636839030989e-08
radial,30,5.193814738757081,0.21599999070167542,0.03739546611905098,1099.6951904296875,2.635297668973635e-08,0.23577718436717987,3.567013706629041e-08,0.006234365049749613,1.2219220302256417e-08
radial,30,5.237291463547283,0.21599999070167542,0.037708498537540436,1099.705322265625,2.571159996023198e-08,0.2357763797044754,3.363070533168866e-08,0.006234693806618452,1.1891974516231585e-08
radial,30,5.280982909931077,0.21599999070167542,0.038023076951503754,1099.7156982421875,2.5028089822853872e-08,0.23577553033828735,3.2731978905076176e-08,0.006235046777874231,1.1581509973268567e-08
radial,30,5.324889595309894,0.21599999070167542,0.03833920508623123,1099.726318359375,2.4307384549615563e-08,0.23577465116977692,3.26980895692941e-08,0.006235415115952492,1.1285498757729329e-08
radial,30,5.369012554486592,0.21599999070167542,0.03865689039230347,1099.73681640625,2.3554331818331775e-08,0.23577375710010529,3.33179350775481e-08,0.006235791370272636,1.1002210698052295e-08
radial,30,5.413354891869757,0.21599999070167542,0.03897615522146225,1099.7471923828125,2.2773674501763708e-08,0.23577287793159485,3.436286633018426e-08,0.006236168555915356,1.0730374810918875e-08
radial,30,5.4579150552550955,0.21599999070167542,0.039296988397836685,1099.757080078125,2.1970045338548516e-08,0.2357720136642456,3.573334694806363e-08,0.006236541084945202,1.046903452817105e-08
radial,30,5.502695114248329,0.21599999070167542,0.03961940482258797,1099.7667236328125,2.114797936769719e-08,0.23577117919921875,3.734665554588901e-08,0.006236907094717026,1.021742779272472e-08
radial,30,5.547696621053749,0.21599999070167542,0.03994341567158699,1099.77587890625,2.031182333439574e-08,0.23577037453651428,3.913363144647519e-08,0.006237263325601816,9.97494353782713e-09
radial,30,5.592920093072785,0.21599999070167542,0.040269024670124054,1099.784423828125,1.9465797862494583e-08,0.235769584774971,4.1035772113673374e-08,0.006237608380615711,9.741112805272678e-09
radial,30,5.638367082509729,0.21599999070167542,0.04059624299407005,1099.7926025390625,1.861389264945501e-08,0.2357688546180725,4.3125790938347563e-08,0.006237940397113562,9.515559007411412e-09
radial,30,5.684037589364582,0.21599999070167542,0.04092507064342499,1099.8001708984375,1.775970659423365e-08,0.2357681393623352,4.6418779930945675e-08,0.006238259840756655,9.297951741871202e-09
radial,30,5.729934200644493,0.21599999070167542,0.04125552624464035,1099.8072509765625,1.6906451349996132e-08,0.23576748371124268,5.135349567808589e-08,0.006238565780222416,9.087990804346191e-09
radial,30,5.776057951152325,0.21599999070167542,0.04158761724829674,1099.813720703125,1.6056997509394932e-08,0.23576682806015015,5.901427968524331e-08,0.006238860078155994,8.885416846737826e-09
radial,30,5.822408323486647,0.21599999070167542,0.04192133992910385,1099.8197021484375,1.5213895920851428e-08,0.2357662469148636,6.955112752393688e-08,0.0062391432002186775,8.689997166300145e-09
radial,30,5.86898842205604,0.21599999070167542,0.04225671663880348,1099.8250732421875,1.4379472723646813e-08,0.23576566576957703,8.141938678818406e-08,0.006239414680749178,8.50152126474768e-09
radial,30,5.915798246860504,0.21599999070167542,0.04259374737739563,1099.830078125,1.3555781386287435e-08,0.23576514422893524,9.348413243515097e-08,0.006239675916731358,8.319776867438122e-09
radial,30,5.962838832702902,0.21599999070167542,0.04293243959546089,1099.8345947265625,1.274458227840114e-08,0.23576465249061584,1.0475348943828067e-07,0.006239927373826504,8.144528607090251e-09
radial,30,6.000000155634351,0.2160000056028366,0.04320000112056732,1099.8377685546875,1.2117937764344333e-08,0.235764279961586,1.1295331603378145e-07,0.006240118760615587,8.011681984498864e-09
radial,45,-6.000000155634351,0.3240000009536743,-0.04320000112056732,2532.459716796875,0.033449359238147736,0.0013670697808265686,0.1427130252122879,0.12228643894195557,0.002883195411413908
radial,45,-5.962838832702902,0.3240000009536743,-0.04293243959546089,2527.962646484375,0.034145787358284,0.0012568628881126642,0.1426897943019867,0.1222110316157341,0.002859116066247225
radial,45,-5.915798246860504,0.3240000009536743,-0.04259374737739563,2522.25244140625,0.03502368554472923,0.0011304342187941074,0.14264437556266785,0.12211103737354279,0.002835318213328719
radial,45,-5.86898842205604,0.3240000009536743,-0.04225671663880348,2516.56591796875,0.03589269518852234,0.001016599708236754,0.14258447289466858,0.12200760841369629,0.0028179113287478685
radial,45,-5.822408840888077,0.3240000009536743,-0.04192134365439415,2510.91796875,0.03675186261534691,0.0009141989285126328,0.14251172542572021,0.12190140783786774,0.0028062965720891953
radial,45,-5.776057951152325,0.3240000009536743,-0.04158761724829674,2505.3232421875,0.03760012984275818,0.0008221009629778564,0.14242778718471527,0.12179303914308548,0.002799781272187829
radial,45,-5.729934718045923,0.3240000009536743,-0.04125552996993065,2499.796630859375,0.03843637555837631,0.000739293871447444,0.14233434200286865,0.1216830164194107,0.002797735622152686
radial,45,-5.684038106766012,0.3240000009536743,-0.040925074368715286,2494.350830078125,0.03925946354866028,0.0006648676935583353,0.1422327756881714,0.121571846306324,0.002799580805003643
radial,45,-5.638367082509729,0.3240000009536743,-0.04059624299407005,2488.9990234375,0.04006817191839218,0.00059800612507388,0.14212438464164734,0.12146000564098358,0.0028047836385667324
radial,45,-5.592920093072785,0.3240000009536743,-0.040269024670124054,2483.75390625,0.040861062705516815,0.0005379823851399124,0.1420104205608368,0.12134796380996704,0.0028128530830144882
radial,45,-5.547696621053749,0.3240000009536743,-0.03994341567158699,2478.630859375,0.0416363924741745,0.0004841528134420514,0.14189216494560242,0.12123622000217438,0.0028233323246240616
radial,45,-5.502695114248329,0.3240000009536743,-0.03961940482258797,2473.64306640625,0.0423923097550869,0.00043593771988525987,0.14177082479000092,0.12112526595592499,0.0028357994742691517
radial,45,-5.4579150552550955,0.3240000009536743,-0.039296988397836685,2468.803955078125,0.04312712326645851,0.00039280709461309016,0.1416475474834442,0.1210155338048935,0.002849861979484558
radial,45,-5.413354891869757,0.3240000009536743,-0.03897615522146225,2464.124267578125,0.04383927211165428,0.00035428148112259805,0.1415233314037323,0.12090744078159332,0.002865153132006526
radial,45,-5.369013071888023,0.3240000009536743,-0.038656894117593765,2459.61474609375,0.0445270910859108,0.0003199322381988168,0.1413991004228592,0.12080135941505432,0.0028813628014177084
radial,45,-5.324889595309894,0.3240000009536743,-0.03833920508623123,2455.28515625,0.04518894851207733,0.000289378862362355,0.1412758231163025,0.1206977441906929,0.002898214850574732
radial,45,-5.280982909931077,0.3240000009536743,-0.038023076951503754,2451.1474609375,0.045823000371456146,0.0002622850879561156,0.14115452766418457,0.12059707194566727,0.0029154294170439243
radial,45,-5.237291463547283,0.3240000009536743,-0.037708498537540436,2447.2080078125,0.04642825573682785,0.00023831689031794667,0.14103591442108154,0.12049966305494308,0.0029327841475605965
radial,45,-5.193814738757081,0.3240000009536743,-0.03739546611905098,2443.463623046875,0.04700491577386856,0.0002171455998905003,0.1409204602241516,0.12040557712316513,0.00295013515278697
radial,45,-5.1505522181590395,0.3240000009536743,-0.03708397597074509,2439.9189453125,0.047552093863487244,0.00019850482931360602,0.14080864191055298,0.12031500786542892,0.0029673301614820957
radial,45,-5.107501314746009,0.3240000009536743,-0.036774009466171265,2436.5830078125,0.048068173229694366,0.00018216547323390841,0.1407010555267334,0.12022826820611954,0.0029842101503163576
radial,45,-5.064662545919418,0.3240000009536743,-0.03646557033061981,2433.4609375,0.04855163395404816,0.00016791470989119262,0.14059823751449585,0.12014570087194443,0.0030006265733391047
radial,45,-5.022033842073546,0.3240000009536743,-0.036158643662929535,2430.558837890625,0.04900137335062027,0.00015556561993435025,0.14050079882144928,0.12006773799657822,0.0030164304189383984
radial,45,-4.979614685806963,0.3240000009536743,-0.035853225737810135,2427.87353515625,0.04941777512431145,0.00014491972979158163,0.14040906727313995,0.11999453604221344,0.0030315215699374676
radial,45,-4.937404042316808,0.3240000009536743,-0.035549309104681015,2425.383056640625,0.04980374127626419,0.0001357446308247745,0.14032265543937683,0.11992575228214264,0.003045906312763691
radial,45,-4.8954008768002195,0.3240000009536743,-0.03524688631296158,2423.072265625,0.050161924213171005,0.00012783712008967996,0.14024123549461365,0.11986102163791656,0.0030595993157476187
radial,45,-4.853603637052907,0.3240000009536743,-0.03494594618678093,2420.9404296875,0.05049225315451622,0.00012105093628633767,0.1401648223400116,0.11980036646127701,0.0030725488904863596
radial,45,-4.81201180567344,0.3240000009536743,-0.03464648500084877,2418.989501953125,0.050793807953596115,0.0001152650875155814,0.14009365439414978,0.11974392086267471,0.0030846770387142897
radial,45,-4.770624347858959,0.3240000009536743,-0.0343484953045845,2417.22412109375,0.051065921783447266,0.00011037856165785342,0.1400279998779297,0.11969196796417236,0.0030958845745772123
radial,45,-4.7294402288066015,0.3240000009536743,-0.03405196964740753,2415.640380859375,0.05130892992019653,0.00010628501331666484,0.13996794819831848,0.11964455991983414,0.0031061358749866486
radial,45,-4.688458413713509,0.3240000009536743,-0.03375690057873726,2414.216064453125,0.05152564495801926,0.00010285033204127103,0.13991284370422363,0.11960124969482422,0.0031155096367001534
radial,45,-4.647677867776818,0.3240000009536743,-0.03346328064799309,2412.93310546875,0.05171925574541092,9.995968139264733e-05,0.13986220955848694,0.11956165730953217,0.003124064765870571
radial,45,-4.6070980735951,0.3240000009536743,-0.03317110612988472,2411.78515625,0.05189087241888046,9.753636550158262e-05,0.13981595635414124,0.11952567100524902,0.0031318101100623608
radial,45,-4.5667169615626335,0.3240000009536743,-0.03288036212325096,2410.7626953125,0.05204152315855026,9.551100083626807e-05,0.13977380096912384,0.11949297040700912,0.0031387852504849434
radial,45,-4.5265345316794185,0.3240000009536743,-0.03259104862809181,2409.8642578125,0.05217166244983673,9.383694850839674e-05,0.13973566889762878,0.1194634884595871,0.0031449845992028713
radial,45,-4.486549749142594,0.3240000009536743,-0.032303158193826675,2409.089111328125,0.052281104028224945,9.248064452549443e-05,0.13970166444778442,0.11943724751472473,0.003150385804474354
radial,45,-4.446761061747869,0.3240000009536743,-0.032016679644584656,2408.430419921875,0.05237070471048355,9.140413749264553e-05,0.13967156410217285,0.1194140613079071,0.003155019599944353
radial,45,-4.407167952093813,0.3240000009536743,-0.031731609255075455,2407.8818359375,0.05244135484099388,9.058401337824762e-05,0.13964524865150452,0.11939380317926407,0.003158899024128914
radial,45,-4.367769385377566,0.3240000009536743,-0.031447939574718475,2407.43701171875,0.05249405652284622,8.999995770864189e-05,0.1396225392818451,0.11937631666660309,0.003162052948027849
radial,45,-4.328563809394836,0.3240000009536743,-0.031165659427642822,2407.085205078125,0.05253026634454727,8.962910942500457e-05,0.13960306346416473,0.1193612813949585,0.003164546564221382
radial,45,-4.289551482846339,0.3240000009536743,-0.030884770676493645,2406.82470703125,0.05255037546157837,8.946633170126006e-05,0.13958671689033508,0.11934857070446014,0.003166391747072339
radial,45,-4.250730594827069,0.3240000009536743,-0.030605260282754898,2406.6572265625,0.05255407467484474,8.951591735240072e-05,0.1395736187696457,0.11933824419975281,0.0031675673089921474
radial,45,-4.2121003692348795,0.3240000009536743,-0.030327122658491135,2406.58203125,0.05254139006137848,8.977991092251614e-05,0.13956373929977417,0.1193302571773529,0.0031680753454566
radial,45,-4.173659771266911,0.3240000009536743,-0.030050350353121758,2406.59765625,0.052512310445308685,9.026366024045274e-05,0.13955700397491455,0.11932453513145447,0.003167918184772134
radial,45,-4.135408024821016,0.3240000009536743,-0.02977493777871132,2406.70458984375,0.052466779947280884,9.097703150473535e-05,0.13955333828926086,0.11932104825973511,0.0031670881435275078
radial,45,-4.097344353795052,0.3240000009536743,-0.02950087934732437,2406.90283203125,0.052404724061489105,9.193312143906951e-05,0.1395527571439743,0.11931981146335602,0.0031655747443437576
radial,45,-4.05946798208687,0.3240000009536743,-0.029228169471025467,2407.19384765625,0.052325889468193054,9.314815542893484e-05,0.13955524563789368,0.1193208172917366,0.003163361456245184
radial,45,-4.021776840090752,0.3240000009536743,-0.028956793248653412,2407.58056640625,0.052229929715394974,9.464122558711097e-05,0.13956089317798615,0.11932410299777985,0.0031604301184415817
radial,45,-3.984271703908841,0.3240000009536743,-0.028686756268143654,2408.064453125,0.052116453647613525,9.643392695579678e-05,0.1395696997642517,0.11932970583438873,0.003156759776175022
radial,45,-3.9469505039354167,0.3240000009536743,-0.028418043628335,2408.648193359375,0.05198504403233528,9.855025564320385e-05,0.13958175480365753,0.11933767795562744,0.003152330406010151
radial,45,-3.9098124640683336,0.3240000009536743,-0.028150649741292,2409.33447265625,0.0518353134393692,0.00010101625230163336,0.1395971179008484,0.11934803426265717,0.003147123847156763
radial,45,-3.872857066906161,0.3240000009536743,-0.027884570881724358,2410.12548828125,0.051666922867298126,0.00010385965288151056,0.13961583375930786,0.11936084926128387,0.003141125664114952
radial,45,-3.836083018945323,0.3240000009536743,-0.027619797736406326,2411.022705078125,0.05147961899638176,0.00010710985952755436,0.13963797688484192,0.11937615275382996,0.0031343267764896154
radial,45,-3.79948980278439,0.3240000009536743,-0.027356326580047607,2412.0283203125,0.05127321928739548,0.00011079783871537074,0.13966354727745056,0.1193939596414566,0.0031267236918210983
radial,45,-3.7630761249197855,0.3240000009536743,-0.027094148099422455,2413.142578125,0.05104764923453331,0.00011495593207655475,0.13969257473945618,0.1194142997264862,0.0031183199025690556
radial,45,-3.7268414679500794,0.3240000009536743,-0.02683325856924057,2414.3671875,0.050802960991859436,0.00011961780546698719,0.13972504436969757,0.11943717300891876,0.003109126817435026
radial,45,-3.6907847970724106,0.3240000009536743,-0.026573650538921356,2415.70068359375,0.050539303570985794,0.00012481828161980957,0.13976089656352997,0.11946256458759308,0.003099163295701146
radial,45,-3.654905336184634,0.3240000009536743,-0.026315318420529366,2417.14306640625,0.050256967544555664,0.0001305932382820174,0.1398000866174698,0.11949044466018677,0.003088457742705941
radial,45,-3.619202050483889,0.3240000009536743,-0.026058254763484,2418.69287109375,0.04995635151863098,0.00013697946269530803,0.13984249532222748,0.11952076107263565,0.003077045315876603
radial,45,-3.58367416386803,0.3240000009536743,-0.025802453979849815,2420.347900390625,0.04963799566030502,0.00014401445514522493,0.13988801836967468,0.11955346167087555,0.003064970951527357
radial,45,-3.548320641534196,0.3240000009536743,-0.02554790861904621,2422.10546875,0.04930252581834793,0.00015173637075349689,0.13993650674819946,0.1195884644985199,0.0030522861052304506
radial,45,-3.513140966080957,0.3240000009536743,-0.02529461495578289,2423.96240234375,0.0489506758749485,0.00016018407768569887,0.1399877965450287,0.11962570250034332,0.003039049915969372
radial,45,-3.4781341027054524,0.3240000009536743,-0.025042565539479256,2425.9150390625,0.048583269119262695,0.00016939709894359112,0.14004164934158325,0.11966503411531448,0.0030253261793404818
radial,45,-3.4432992753055363,0.3240000009536743,-0.02479175478219986,2427.958984375,0.04820118099451065,0.00017941555415745825,0.14009793102741241,0.11970637738704681,0.0030111856758594513
radial,45,-3.408635449078348,0.3240000009536743,-0.024542175233364105,2430.08984375,0.04780535399913788,0.0001902799995150417,0.1401563584804535,0.11974959075450897,0.002996701281517744
radial,45,-3.3741418479217424,0.3240000009536743,-0.024293821305036545,2432.302978515625,0.047396764159202576,0.00020203160238452256,0.14021669328212738,0.11979454755783081,0.002981950994580984
radial,45,-3.339817695733574,0.3240000009536743,-0.02404668740928173,2434.59326171875,0.04697639122605324,0.00021471211221069098,0.14027871191501617,0.11984112858772278,0.0029670146759599447
radial,45,-3.3056622164116964,0.3240000009536743,-0.023800767958164215,2436.955810546875,0.04654523730278015,0.00022836384596303105,0.14034214615821838,0.11988916993141174,0.0029519726522266865
radial,45,-3.2716746338539653,0.3240000009536743,-0.02355605736374855,2439.3857421875,0.046104274690151215,0.00024302996462211013,0.14040672779083252,0.11993855237960815,0.002936906646937132
radial,45,-3.2378539132575197,0.3240000009536743,-0.02331254817545414,2441.87744140625,0.04565444961190224,0.0002587545895949006,0.14047224819660187,0.11998912692070007,0.002921897917985916
radial,45,-3.204199278520213,0.3240000009536743,-0.023070234805345535,2444.4267578125,0.045196689665317535,0.0002755832392722368,0.14053839445114136,0.12004076689481735,0.002907027490437031
radial,45,-3.1707099535399013,0.3240000009536743,-0.02282911166548729,2447.029052734375,0.04473186656832695,0.0002935631782747805,0.14060497283935547,0.12009333074092865,0.002892374759539962
radial,45,-3.1373854209151535,0.3240000009536743,-0.022589175030589104,2449.6796875,0.044260792434215546,0.000312743621179834,0.14067170023918152,0.12014670670032501,0.002878018654882908
radial,45,-3.1042243871423936,0.3240000009536743,-0.022350415587425232,2452.3740234375,0.0437842458486557,0.0003331757616251707,0.1407383382320404,0.12020076811313629,0.002864035777747631
radial,45,-3.071226076119476,0.3240000009536743,-0.022112827748060226,2455.1083984375,0.04330293461680412,0.0003549129469320178,0.14080467820167542,0.12025538086891174,0.0028505013324320316
radial,45,-3.0383899704449706,0.3240000009536743,-0.02187640778720379,2457.87890625,0.04281751811504364,0.0003780111437663436,0.14087048172950745,0.12031044811010361,0.002837488893419504
radial,45,-3.005715294016732,0.3240000009536743,-0.02164115011692047,2460.68212890625,0.0423285998404026,0.0004025294620078057,0.1409355252981186,0.12036587297916412,0.0028250704053789377
radial,45,-2.9732010120318995,0.3240000009536743,-0.021407047286629677,2463.51416015625,0.0418367013335228,0.00042853012564592063,0.14099961519241333,0.12042152881622314,0.0028133164159953594
radial,45,-2.9408466070890427,0.3240000009536743,-0.021174095571041107,2466.37255859375,0.04134233295917511,0.00045607861829921603,0.14106254279613495,0.12047736346721649,0.0028022974729537964
radial,45,-2.9086510443853006,0.3240000009536743,-0.020942287519574165,2469.25341796875,0.04084593802690506,0.0004852437414228916,0.14112408459186554,0.12053324282169342,0.0027920822612941265
radial,45,-2.876613547818528,0.3240000009536743,-0.020711617544293404,2472.15478515625,0.04034791886806488,0.0005160979926586151,0.14118409156799316,0.12058910727500916,0.0027827396988868713
radial,45,-2.844733599987295,0.3240000009536743,-0.020482081919908524,2475.073486328125,0.03984865918755531,0.0005487178568728268,0.14124231040477753,0.12064486742019653,0.002774337539449334
radial,45,-2.8130101660887403,0.3240000009536743,-0.020253673195838928,2478.0068359375,0.03934846818447113,0.0005831844173371792,0.1412985771894455,0.12070044130086899,0.002766944235190749
radial,45,-2.781442470020718,0.3240000009536743,-0.02002638578414917,2480.95263671875,0.038847655057907104,0.0006195823079906404,0.14135271310806274,0.12075576186180115,0.0027606275398284197
radial,45,-2.7500299943817987,0.3240000009536743,-0.01980021595954895,2483.90869140625,0.038346484303474426,0.0006580001208931208,0.14140450954437256,0.12081074714660645,0.0027554547414183617
radial,45,-2.718771704369121,0.3240000009536743,-0.019575156271457672,2486.872314453125,0.037845224142074585,0.0006985303480178118,0.14145377278327942,0.12086532264947891,0.002751489169895649
radial,45,-2.6876670825812554,0.3240000009536743,-0.019351202994585037,2489.84130859375,0.03734410181641579,0.0007412700797431171,0.141500324010849,0.12091943621635437,0.0027487946208566427
radial,45,-2.656715352916055,0.3240000009536743,-0.019128350540995598,2492.813232421875,0.036843325942754745,0.0007863204809837043,0.14154395461082458,0.12097298353910446,0.002747439779341221
radial,45,-2.6259154805706606,0.3240000009536743,-0.018906591460108757,2495.786376953125,0.036343105137348175,0.0008337875478900969,0.14158448576927185,0.1210259273648262,0.0027474923990666866
radial,45,-2.595266948143641,0.3240000009536743,-0.018685922026634216,2498.758056640625,0.035843610763549805,0.0008837809436954558,0.1416216790676117,0.12107819318771362,0.002749022329226136
radial,45,-2.564768979532851,0.3240000009536743,-0.018466336652636528,2501.7265625,0.03534502908587456,0.0009364146972075105,0.1416553258895874,0.12112969160079956,0.002752108033746481
radial,45,-2.534420798636145,0.3240000009536743,-0.018247829750180244,2504.689208984375,0.03484751656651497,0.0009918075520545244,0.14168523252010345,0.12118038535118103,0.0027568344958126545
radial,45,-2.5042216293513775,0.3240000009536743,-0.018030395731329918,2507.64404296875,0.034351225942373276,0.0010500833159312606,0.14171120524406433,0.12123018503189087,0.0027632839046418667
radial,45,-2.474170954277118,0.3240000009536743,-0.01781403087079525,2510.5888671875,0.03385629132390022,0.0011113701621070504,0.14173299074172974,0.1212790310382843,0.002771529369056225
radial,45,-2.444267997311221,0.3240000009536743,-0.017598729580640793,2513.521484375,0.033362843096256256,0.0011757983593270183,0.1417504847049713,0.12132685631513596,0.0027816290967166424
radial,45,-2.4145117236508264,0.3240000009536743,-0.01738448441028595,2516.440185546875,0.03287101536989212,0.0012434888631105423,0.14176350831985474,0.12137357890605927,0.00279362965375185
radial,45,-2.384901615894503,0.3240000009536743,-0.017171291634440422,2519.3427734375,0.03238091617822647,0.0013145571574568748,0.14177189767360687,0.12141914665699005,0.0028075713198632
radial,45,-2.355437156640821,0.3240000009536743,-0.01695914752781391,2522.22705078125,0.03189265355467796,0.0013891245471313596,0.14177554845809937,0.12146347761154175,0.002823499497026205
radial,45,-2.3261173110869198,0.3240000009536743,-0.01674804463982582,2525.091552734375,0.03140633553266525,0.001467317808419466,0.1417742669582367,0.12150651216506958,0.0028414768166840076
radial,45,-2.2969415618313684,0.3240000009536743,-0.016537979245185852,2527.93408203125,0.03092205710709095,0.0015492676757276058,0.14176791906356812,0.12154815346002579,0.002861567074432969
radial,45,-2.2679091327720218,0.3240000009536743,-0.016328945755958557,2530.75244140625,0.030439920723438263,0.0016351098893210292,0.1417563259601593,0.12158834934234619,0.0028838245198130608
radial,45,-2.2390192478067346,0.3240000009536743,-0.01612093858420849,2533.54443359375,0.029960021376609802,0.001724984380416572,0.14173933863639832,0.12162701785564423,0.0029082901310175657
radial,45,-2.210271130833361,0.3240000009536743,-0.0159139521420002,2536.30859375,0.029482442885637283,0.0018190275877714157,0.14171689748764038,0.12166409194469452,0.0029349697288125753
radial,45,-2.181664523151186,0.3240000009536743,-0.015707984566688538,2539.04248046875,0.02900727093219757,0.0019173503387719393,0.14168892800807953,0.12169946730136871,0.002963840030133724
radial,45,-2.1531983899573484,0.3240000009536743,-0.01550302840769291,2541.7451171875,0.028534583747386932,0.002020046580582857,0.14165544509887695,0.12173309922218323,0.002994870999827981
radial,45,-2.1248719551497035,0.3240000009536743,-0.015299078077077866,2544.4150390625,0.028064467012882233,0.002127215499058366,0.14161643385887146,0.1217648833990097,0.003028040286153555
radial,45,-2.096684701326821,0.3240000009536743,-0.015096129849553108,2547.05029296875,0.02759700082242489,0.0022389618679881096,0.14157189428806305,0.12179473042488098,0.0030633187852799892
radial,45,-2.0686359817369118,0.3240000009536743,-0.014894179068505764,2549.649169921875,0.02713225781917572,0.0023553953506052494,0.14152179658412933,0.12182258069515228,0.003100670874118805
radial,45,-2.040725149628189,0.3240000009536743,-0.01469322107732296,2552.21044921875,0.02667030692100525,0.0024766309652477503,0.14146608114242554,0.12184832245111465,0.0031400579027831554
radial,45,-2.012951299548149,0.3240000009536743,-0.014493249356746674,2554.732421875,0.026211226359009743,0.002602784661576152,0.14140471816062927,0.12187188863754272,0.0031814249232411385
radial,45,-1.9853137847450044,0.3240000009536743,-0.014294259250164032,2557.212890625,0.025755085051059723,0.0027339616790413857,0.14133769273757935,0.12189318239688873,0.0032246967311948538
radial,45,-1.9578120878173246,0.3240000009536743,-0.014096247032284737,2559.651123046875,0.02530195377767086,0.002870254684239626,0.14126500487327576,0.12191210687160492,0.0032697939313948154
radial,45,-1.9304455620133214,0.3240000009536743,-0.013899208046495914,2562.04541015625,0.02485189400613308,0.003011760301887989,0.1411866843700409,0.12192856520414352,0.003316633403301239
radial,45,-1.9032134312308497,0.3240000009536743,-0.013703136704862118,2564.394287109375,0.024404965341091156,0.0031585777178406715,0.14110276103019714,0.12194247543811798,0.003365126671269536
radial,45,-1.8761150487181213,0.3240000009536743,-0.013508028350770473,2566.69677734375,0.023961234837770462,0.003310809377580881,0.1410132646560669,0.12195373326539993,0.003415185958147049
radial,45,-1.8491498970737061,0.3240000009536743,-0.013313879258930683,2568.95068359375,0.023520763963460922,0.0034685616847127676,0.14091815054416656,0.12196225672960281,0.003466724418103695
radial,45,-1.8223170708451006,0.3240000009536743,-0.013120682910084724,2571.1552734375,0.02308361604809761,0.0036319426726549864,0.14081743359565735,0.12196795642375946,0.0035196556709706783
radial,45,-1.7956161819812324,0.3240000009536743,-0.012928436510264874,2573.307861328125,0.022649843245744705,0.0038010654971003532,0.14071111381053925,0.12197074294090271,0.003573894500732422
radial,45,-1.7690463250295985,0.3240000009536743,-0.012737133540213108,2575.40771484375,0.02221951074898243,0.003976044710725546,0.14059919118881226,0.121970534324646,0.0036293556913733482
radial,45,-1.7426071119391255,0.3240000009536743,-0.012546771205961704,2577.452880859375,0.021792670711874962,0.0041569978930056095,0.14048166573047638,0.12196721136569977,0.0036859530955553055
radial,45,-1.7162977666076686,0.3240000009536743,-0.012357343919575214,2579.442138671875,0.021369386464357376,0.00434404332190752,0.140358567237854,0.12196070700883865,0.0037436001002788544
radial,45,-1.6901176422834396,0.3240000009536743,-0.012168847024440765,2581.3740234375,0.02094971388578415,0.004537302069365978,0.14022988080978394,0.1219508945941925,0.003802210558205843
radial,45,-1.6640660922146506,0.3240000009536743,-0.011981275863945484,2583.246826171875,0.02053370699286461,0.004736899398267269,0.14009562134742737,0.12193769216537476,0.0038616973906755447
radial,45,-1.6381424696495137,0.3240000009536743,-0.011794625781476498,2585.0595703125,0.02012142911553383,0.004942961968481541,0.1399557888507843,0.12192100286483765,0.003921973519027233
radial,45,-1.6123462571865983,0.3240000009536743,-0.011608893051743507,2586.81005859375,0.01971292868256569,0.00515561830252409,0.1398104429244995,0.12190070748329163,0.003982950001955032
radial,45,-1.5866768080741167,0.3240000009536743,-0.01142407301813364,2588.49560546875,0.019308270886540413,0.005374996457248926,0.1396595537662506,0.12187671661376953,0.004044537898153067
radial,45,-1.5611333462099235,0.3240000009536743,-0.011240160092711449,2590.11572265625,0.018907513469457626,0.005601227283477783,0.13950315117835999,0.1218489408493042,0.004106646403670311
radial,45,-1.5357154835429456,0.3240000009536743,-0.011057151481509209,2591.668212890625,0.018510716035962105,0.005834444426000118,0.1393412947654724,0.12181727588176727,0.004169184248894453
radial,45,-1.5104224439710379,0.3240000009536743,-0.010875041596591473,2593.15185546875,0.018117932602763176,0.006074783392250538,0.1391739547252655,0.12178163230419159,0.004232059232890606
radial,45,-1.485253580742412,0.3240000009536743,-0.010693825781345367,2594.564697265625,0.017729224637150764,0.006322379224002361,0.13900116086006165,0.1217418983578682,0.004295178689062595
radial,45,-1.4602083764556382,0.3240000009536743,-0.010513500310480595,2595.9052734375,0.017344651743769646,0.006577368825674057,0.13882291316986084,0.12169793248176575,0.004358445294201374
radial,45,-1.4352863137092855,0.3240000009536743,-0.010334061458706856,2597.17236328125,0.016964275389909744,0.006839888170361519,0.13863924145698547,0.12164962291717529,0.004421764053404331
radial,45,-1.4104866164012089,0.3240000009536743,-0.010155503638088703,2598.36376953125,0.016588153317570686,0.007110077887773514,0.13845019042491913,0.1215968206524849,0.004485036246478558
radial,45,-1.38580863777962,0.3240000009536743,-0.009977822192013264,2599.4775390625,0.016216343268752098,0.007388077676296234,0.13825573027133942,0.12153942883014679,0.004548162221908569
radial,45,-1.3612519897934463,0.3240000009536743,-0.009801014326512814,2600.511962890625,0.015848910436034203,0.007674028631299734,0.13805590569972992,0.12147732079029083,0.004611040465533733
radial,45,-1.3368160256909,0.3240000009536743,-0.00962507538497448,2601.465087890625,0.015485912561416626,0.007968069985508919,0.13785073161125183,0.12141036987304688,0.004673569463193417
radial,45,-1.3124999693698354,0.3240000009536743,-0.009449999779462814,2602.3349609375,0.015127414837479591,0.008270341902971268,0.13764023780822754,0.12133847922086716,0.004735641647130251
radial,45,-1.288194390427735,0.3240000009536743,-0.009274999611079693,2603.122802734375,0.014771893620491028,0.008582405745983124,0.13742345571517944,0.1212611272931099,0.004797427915036678
radial,45,-1.2638889408359926,0.3240000009536743,-0.009100000374019146,2603.826171875,0.01441931165754795,0.008904674090445042,0.1372002214193344,0.12117806077003479,0.004858836065977812
radial,45,-1.2401969999902778,0.3240000009536743,-0.00892941839993,2604.42724609375,0.014078564941883087,0.009228900074958801,0.13697637617588043,0.12109142541885376,0.004918217658996582
radial,45,-1.2167224970956643,0.3240000009536743,-0.008760401979088783,2604.938232421875,0.013743915595114231,0.009560264647006989,0.13674846291542053,0.12099982798099518,0.00497647188603878
radial,45,-1.1934633625464308,0.3240000009536743,-0.008592936210334301,2605.357666015625,0.013415368273854256,0.009898779913783073,0.1365165114402771,0.12090325355529785,0.005033501889556646
radial,45,-1.1704177854375708,0.3240000009536743,-0.008427008055150509,2605.68505859375,0.01309292484074831,0.0102444589138031,0.13628071546554565,0.120801642537117,0.005089210346341133
radial,45,-1.1475835668130054,0.3240000009536743,-0.008262601681053638,2605.919921875,0.012776581570506096,0.010597318410873413,0.13604110479354858,0.12069495022296906,0.005143502727150917
radial,45,-1.124959025118086,0.3240000009536743,-0.00809970498085022,2606.06103515625,0.012466339394450188,0.010957366786897182,0.13579782843589783,0.12058314681053162,0.005196283105760813
radial,45,-1.102541961396734,0.3240000009536743,-0.007938302122056484,2606.1083984375,0.012162191793322563,0.011324608698487282,0.13555097579956055,0.1204661875963211,0.005247458815574646
radial,45,-1.0803306940943003,0.3240000009536743,-0.007778380997478962,2606.061767578125,0.011864138767123222,0.01169904787093401,0.1353006362915039,0.12034405767917633,0.005296936258673668
radial,45,-1.0583232829554214,0.3240000009536743,-0.007619927637279034,2605.92041015625,0.011572171933948994,0.012080682441592216,0.13504692912101746,0.12021671235561371,0.005344624165445566
radial,45,-1.0365177230495546,0.3240000009536743,-0.007462927605956793,2605.6845703125,0.011286284774541855,0.012469509616494179,0.13478997349739075,0.12008413672447205,0.005390428937971592
radial,45,-1.01491239749723,0.3240000009536743,-0.007307369261980057,2605.35400390625,0.011006468906998634,0.012865515425801277,0.13452987372875214,0.11994631588459015,0.005434255115687847
radial,45,-0.9935051720175478,0.3240000009536743,-0.007153237238526344,2604.927734375,0.010732719674706459,0.013268686830997467,0.13426673412322998,0.11980322003364563,0.005476013757288456
radial,45,-0.9722944944062167,0.3240000009536743,-0.00700052035972476,2604.40625,0.010465025901794434,0.013679002411663532,0.13400065898895264,0.1196548342704773,0.005515622906386852
radial,45,-0.9512784244078729,0.3240000009536743,-0.006849204655736685,2603.78955078125,0.010203378275036812,0.014096437953412533,0.13373181223869324,0.11950114369392395,0.005553004331886768
radial,45,-0.9304552157926891,0.3240000009536743,-0.006699277553707361,2603.0771484375,0.009947762824594975,0.01452096737921238,0.13346025347709656,0.1193421334028244,0.005588076543062925
radial,45,-0.9098231223308378,0.3240000009536743,-0.006550726480782032,2602.269775390625,0.009698165580630302,0.01495255995541811,0.13318611681461334,0.11917779594659805,0.005620758049190044
radial,45,-0.8893803331173129,0.3240000009536743,-0.0064035383984446526,2601.3671875,0.009454570710659027,0.015391179360449314,0.13290952146053314,0.1190081238746643,0.00565097201615572
radial,45,-0.8691251019222869,0.3240000009536743,-0.0062577007338404655,2600.36962890625,0.009216958656907082,0.01583678647875786,0.1326306015253067,0.11883310973644257,0.00567864254117012
radial,45,-0.8490558118662901,0.3240000009536743,-0.006113201845437288,2599.27783203125,0.00898530799895525,0.01628933660686016,0.13234944641590118,0.11865276098251343,0.0057036904618144035
radial,45,-0.8291706520443162,0.3240000009536743,-0.005970028694719076,2598.09228515625,0.008759589865803719,0.016748769208788872,0.13206619024276733,0.1184670701622963,0.0057260384783148766
radial,45,-0.8094679409017166,0.3240000009536743,-0.005828169174492359,2596.81396484375,0.008539749309420586,0.01721496507525444,0.1317809522151947,0.11827611923217773,0.005745663307607174
radial,45,-0.7899461262342002,0.3240000009536743,-0.005687612108886242,2595.4443359375,0.008325723931193352,0.017687752842903137,0.13149386644363403,0.11807997524738312,0.005762582179158926
radial,45,-0.7706033971367611,0.3240000009536743,-0.00554834445938468,2593.98583984375,0.008117448538541794,0.01816694065928459,0.1312050223350525,0.11787877976894379,0.005776797421276569
radial,45,-0.7514381367299292,0.3240000009536743,-0.00541035458445549,2592.43896484375,0.007914858870208263,0.018652353435754776,0.1309145838022232,0.1176726222038269,0.00578830111771822
radial,45,-0.7324487928094136,0.3240000009536743,-0.0052736313082277775,2590.80517578125,0.007717890664935112,0.01914381794631481,0.13062264025211334,0.11746157705783844,0.005797089077532291
radial,45,-0.7136336838205656,0.3240000009536743,-0.005138162523508072,2589.086669921875,0.007526479195803404,0.019641170278191566,0.13032931089401245,0.11724576354026794,0.005803164094686508
radial,45,-0.6949912575590942,0.3240000009536743,-0.005003937054425478,2587.284912109375,0.0073406146839261055,0.020144112408161163,0.13003480434417725,0.11702531576156616,0.005806522909551859
radial,45,-0.6765198971455296,0.3240000009536743,-0.004870943259447813,2585.374755859375,0.007161288522183895,0.020651549100875854,0.12973791360855103,0.11679962277412415,0.005807365290820599
radial,45,-0.6582180503755808,0.3240000009536743,-0.004739169962704182,2583.3603515625,0.006988433189690113,0.021163184195756912,0.12943890690803528,0.11656887829303741,0.005805705673992634
radial,45,-0.6400841003697779,0.3240000009536743,-0.004608605522662401,2581.234375,0.006821734830737114,0.021679706871509552,0.1291370391845703,0.11633248627185822,0.005801794119179249
radial,45,-0.6221166242741877,0.3240000009536743,-0.004479239694774151,2579.00146484375,0.006660956423729658,0.02220088429749012,0.12883242964744568,0.11609068512916565,0.005795754492282867
radial,45,-0.60431400520934,0.3240000009536743,-0.004351060837507248,2576.70166015625,0.00650506978854537,0.022726304829120636,0.12852735817432404,0.11584529280662537,0.005787336733192205
radial,45,-0.586674690970944,0.3240000009536743,-0.004224057774990797,2574.337890625,0.006353901699185371,0.023255717009305954,0.12822185456752777,0.11559649556875229,0.005776653066277504
radial,45,-0.5691973233802451,0.3240000009536743,-0.004098220728337765,2571.91357421875,0.006207329221069813,0.023788757622241974,0.12791603803634644,0.11534450203180313,0.005763813387602568
radial,45,-0.5518803502329522,0.3240000009536743,-0.003973538521677256,2569.4306640625,0.006065215915441513,0.024325154721736908,0.127609983086586,0.1150895208120346,0.00574891734868288
radial,45,-0.5347222193247743,0.3240000009536743,-0.0038499999791383743,2566.8916015625,0.005927411839365959,0.024864759296178818,0.12730367481708527,0.11483166366815567,0.005732052493840456
radial,45,-0.5173611053679552,0.3240000009536743,-0.0037249999586492777,2564.23046875,0.0057917386293411255,0.025417588651180267,0.12699031829833984,0.11456555128097534,0.005712984595447779
radial,45,-0.49999999141113627,0.3240000009536743,-0.003599999938160181,2561.464599609375,0.005660313181579113,0.02597654238343239,0.1266726851463318,0.11429370939731598,0.0056921374052762985
radial,45,-0.4772727131947047,0.3240000009536743,-0.003436363535001874,2557.678955078125,0.005495259538292885,0.026715019717812538,0.12625041604042053,0.1139298528432846,0.0056627122685313225
radial,45,-0.4545454673158626,0.3240000009536743,-0.0032727273646742105,2553.69677734375,0.005336965434253216,0.02746383473277092,0.12581855058670044,0.11355499178171158,0.005631479434669018
radial,45,-0.43181818909943104,0.3240000009536743,-0.0031090909615159035,2549.5537109375,0.005183367058634758,0.02822691947221756,0.12537795305252075,0.11316914856433868,0.005598008632659912
radial,45,-0.40909091088299954,0.3240000009536743,-0.0029454545583575964,2545.29345703125,0.005034213420003653,0.02900209277868271,0.12493269145488739,0.11277589201927185,0.005561761558055878
radial,45,-0.386363632666568,0.3240000009536743,-0.0027818181551992893,2540.919677734375,0.004889384843409061,0.02978885918855667,0.12448282539844513,0.11237555742263794,0.005522926338016987
radial,45,-0.3636363544501364,0.3240000009536743,-0.0026181817520409822,2536.436279296875,0.004748779349029064,0.030586643144488335,0.1240285187959671,0.1119685024023056,0.00548168271780014
radial,45,-0.3409090762337049,0.3240000009536743,-0.002454545348882675,2531.846923828125,0.004612273070961237,0.03139500319957733,0.12356986105442047,0.11155502498149872,0.005438200198113918
radial,45,-0.31818183035486275,0.3240000009536743,-0.0022909091785550117,2527.15478515625,0.00447975005954504,0.032213494181632996,0.1231069341301918,0.11113539338111877,0.005392649210989475
radial,45,-0.2954545521384312,0.3240000009536743,-0.0021272727753967047,2522.363525390625,0.004351096693426371,0.033041663467884064,0.12263984978199005,0.11070990562438965,0.005345195531845093
radial,45,-0.2727272739219997,0.3240000009536743,-0.0019636363722383976,2517.47607421875,0.004226203076541424,0.03387909382581711,0.12216869741678238,0.11027883738279343,0.005295997951179743
radial,45,-0.24999999570556813,0.3240000009536743,-0.0017999999690800905,2512.49609375,0.004104961175471544,0.03472535312175751,0.12169359624385834,0.109842449426651,0.005245204083621502
radial,45,-0.2272727336579313,0.3240000009536743,-0.0016363636823371053,2507.42626953125,0.003987267147749662,0.03558003902435303,0.12121464312076569,0.10940101742744446,0.005192955024540424
radial,45,-0.20454545544149977,0.3240000009536743,-0.0014727272791787982,2502.270263671875,0.0038730192463845015,0.03644275292754173,0.12073194980621338,0.1089547798037529,0.005139383487403393
radial,45,-0.1818181772250682,0.3240000009536743,-0.0013090908760204911,2497.03076171875,0.0037621180526912212,0.03731309622526169,0.12024560570716858,0.10850398987531662,0.00508461520075798
radial,45,-0.15909091517743137,0.3240000009536743,-0.0011454545892775059,2491.710693359375,0.0036544674076139927,0.03819071128964424,0.11975573748350143,0.10804887115955353,0.005028768442571163
radial,45,-0.13636363696099985,0.3240000009536743,-0.0009818181861191988,2486.313232421875,0.003549972316250205,0.039075225591659546,0.11926242709159851,0.10758966207504272,0.004971957765519619
radial,45,-0.11363636682896565,0.3240000009536743,-0.0008181818411685526,2480.8408203125,0.0034485412761569023,0.03996630012989044,0.11876578629016876,0.10712658613920212,0.004914288409054279
radial,45,-0.0909090886125341,0.3240000009536743,-0.0006545454380102456,2475.296630859375,0.003350086510181427,0.04086358845233917,0.11826592683792114,0.10665984451770782,0.004855862818658352
radial,45,-0.06818181848049992,0.3240000009536743,-0.0004909090930595994,2469.68310546875,0.003254521172493696,0.04176674410700798,0.11776293814182281,0.10618965327739716,0.004796777851879597
radial,45,-0.04545454430626705,0.3240000009536743,-0.0003272727190051228,2464.002685546875,0.003161761676892638,0.042675457894802094,0.11725693196058273,0.10571620613336563,0.004737122915685177
radial,45,-0.022727272153133526,0.3240000009536743,-0.0001636363595025614,2458.258056640625,0.003071725368499756,0.043589428067207336,0.11674800515174866,0.10523968935012817,0.004676983691751957
radial,45,0.0,0.3240000009536743,0.0,2452.45166015625,0.0029843333177268505,0.04450834542512894,0.11623624712228775,0.1047603040933609,0.0046164412051439285
radial,45,0.022727272153133526,0.3240000009536743,0.0001636363595025614,2446.5859375,0.002899508224800229,0.045431919395923615,0.11572177708148956,0.10427821427583694,0.004555572289973497
radial,45,0.04545454430626705,0.3240000009536743,0.0003272727190051228,2440.66357421875,0.002817175816744566,0.04635987430810928,0.11520468443632126,0.10379359126091003,0.004494449123740196
radial,45,0.06818181848049992,0.3240000009536743,0.0004909090930595994,2434.686279296875,0.00273726275190711,0.04729193449020386,0.11468505859375,0.1033066064119339,0.004433139692991972
radial,45,0.0909090886125341,0.3240000009536743,0.0006545454380102456,2428.65625,0.0026596984826028347,0.048227839171886444,0.11416299641132355,0.10281743109226227,0.0043717073276638985
radial,45,0.11363636682896565,0.3240000009536743,0.0008181818411685526,2422.576171875,0.0025844136252999306,0.04916733503341675,0.11363859474658966,0.10232619196176529,0.004310212098062038
radial,45,0.13636363696099985,0.3240000009536743,0.0009818181861191988,2416.44775390625,0.0025113429874181747,0.05011017620563507,0.1131119579076767,0.10183306038379669,0.004248712211847305
radial,45,0.15909091517743137,0.3240000009536743,0.0011454545892775059,2410.27294921875,0.0024404218420386314,0.051056116819381714,0.11258316040039062,0.10133816301822662,0.004187260288745165
radial,45,0.1818181772250682,0.3240000009536743,0.0013090908760204911,2404.05419921875,0.002371586859226227,0.05200493708252907,0.11205229163169861,0.10084165632724762,0.004125905688852072
radial,45,0.20454545544149977,0.3240000009536743,0.0014727272791787982,2397.79296875,0.002304777503013611,0.052956413477659225,0.111519455909729,0.10034365206956863,0.004064695443958044
radial,45,0.2272727336579313,0.3240000009536743,0.0016363636823371053,2391.4912109375,0.002239934867247939,0.053910329937934875,0.11098472028970718,0.0998442992568016,0.004003673326224089
radial,45,0.24999999570556813,0.3240000009536743,0.0017999999690800905,2385.15087890625,0.002177001442760229,0.054866474121809006,0.11044818162918091,0.09934370219707489,0.003942880779504776
radial,45,0.2727272739219997,0.3240000009536743,0.0019636363722383976,2378.77392578125,0.002115922514349222,0.0558246448636055,0.10990993678569794,0.09884199500083923,0.0038823564536869526
radial,45,0.2954545521384312,0.3240000009536743,0.0021272727753967047,2372.36181640625,0.002056643133983016,0.05678465962409973,0.10937003791332245,0.09833928197622299,0.00382213550619781
radial,45,0.31818183035486275,0.3240000009536743,0.0022909091785550117,2365.916015625,0.0019991116132587194,0.05774632841348648,0.1088285893201828,0.09783567488193512,0.0037622509989887476
radial,45,0.3409090762337049,0.3240000009536743,0.002454545348882675,2359.438232421875,0.0019432767294347286,0.05870947614312172,0.10828565061092377,0.09733127057552338,0.0037027341313660145
radial,45,0.3636363544501364,0.3240000009536743,0.0026181817520409822,2352.93017578125,0.001889089704491198,0.05967392027378082,0.1077413260936737,0.09682618081569672,0.0036436133086681366
radial,45,0.386363632666568,0.3240000009536743,0.0027818181551992893,2346.393310546875,0.0018365021096542478,0.06063951551914215,0.1071956679224968,0.0963204950094223,0.0035849150735884905
radial,45,0.40909091088299954,0.3240000009536743,0.0029454545583575964,2339.8291015625,0.0017854657489806414,0.061606135219335556,0.10664872080087662,0.0958142802119255,0.003526661079376936
radial,45,0.43181818909943104,0.3240000009536743,0.0031090909615159035,2333.238525390625,0.0017359384801238775,0.06257357448339462,0.10610060393810272,0.09530766308307648,0.003468877635896206
radial,45,0.4545454673158626,0.3240000009536743,0.0032727273646742105,2326.6279296875,0.0016879048198461533,0.06354110687971115,0.10555170476436615,0.09480100870132446,0.003411618759855628
radial,45,0.4772727131947047,0.3240000009536743,0.003436363535001874,2319.999755859375,0.0016413379926234484,0.06450824439525604,0.10500228404998779,0.09429460018873215,0.003354924265295267
radial,45,0.49999999141113627,0.3240000009536743,0.003599999938160181,2313.34765625,0.001596133690327406,0.06547620892524719,0.10445165634155273,0.09378780424594879,0.0032987315207719803
radial,45,0.5173611053679552,0.3240000009536743,0.0037249999586492777,2308.24267578125,0.0015624385559931397,0.06621725857257843,0.10402961075305939,0.09339983761310577,0.003256086027249694
radial,45,0.5347222193247743,0.3240000009536743,0.0038499999791383743,2303.12255859375,0.001529491739347577,0.06695888191461563,0.10360679030418396,0.09301161766052246,0.003213738091289997
radial,45,0.5518803502329522,0.3240000009536743,0.003973538521677256,2298.05615234375,0.0014976980164647102,0.06769116222858429,0.10318884998559952,0.09262830018997192,0.003172249998897314
radial,45,0.5691973233802451,0.3240000009536743,0.004098220728337765,2292.937255859375,0.001466360641643405,0.06842964887619019,0.10276692360639572,0.09224177896976471,0.003130740951746702
radial,45,0.586674690970944,0.3240000009536743,0.004224057774990797,2287.76171875,0.0014354633167386055,0.06917475163936615,0.10234075784683228,0.09185182303190231,0.003089199773967266
radial,45,0.60431400520934,0.3240000009536743,0.004351060837507248,2282.529296875,0.0014050034806132317,0.06992656737565994,0.10191028565168381,0.09145839512348175,0.0030476320534944534
radial,45,0.6221166242741877,0.3240000009536743,0.004479239694774151,2277.2392578125,0.001374982064589858,0.07068510353565216,0.10147548466920853,0.09106148779392242,0.003006048733368516
radial,45,0.6400841003697779,0.3240000009536743,0.004608605522662401,2271.89208984375,0.001345400232821703,0.0714503601193428,0.10103633999824524,0.09066111594438553,0.002964460290968418
radial,45,0.6582180503755808,0.3240000009536743,0.004739169962704182,2266.48779296875,0.001316258916631341,0.07222233712673187,0.10059283673763275,0.09025725722312927,0.0029228786006569862
radial,45,0.6765198971455296,0.3240000009536743,0.004870943259447813,2261.025390625,0.0012875592801719904,0.07300105690956116,0.10014495253562927,0.08984993398189545,0.0028813136741518974
radial,45,0.6949912575590942,0.3240000009536743,0.005003937054425478,2255.5048828125,0.0012593020219355822,0.07378651946783066,0.09969267249107361,0.08943913131952286,0.0028397762216627598
radial,45,0.7136336838205656,0.3240000009536743,0.005138162523508072,2249.926513671875,0.0012314876075834036,0.07457871735095978,0.09923597425222397,0.0890248566865921,0.0027982776518911123
radial,45,0.7324487928094136,0.3240000009536743,0.0052736313082277775,2244.2900390625,0.0012041169684380293,0.07537765055894852,0.09877485781908035,0.08860710263252258,0.0027568284422159195
radial,45,0.7514381367299292,0.3240000009536743,0.00541035458445549,2238.59521484375,0.0011771905701607466,0.07618331909179688,0.09830929338932037,0.08818589150905609,0.002715439535677433
radial,45,0.7706033971367611,0.3240000009536743,0.00554834445938468,2232.842041015625,0.0011507094604894519,0.07699572294950485,0.09783929586410522,0.08776122331619263,0.0026741218753159046
radial,45,0.7899461262342002,0.3240000009536743,0.005687612108886242,2227.0302734375,0.0011246738722547889,0.07781485468149185,0.09736482053995132,0.08733309060335159,0.002632885705679655
radial,45,0.8094679409017166,0.3240000009536743,0.005828169174492359,2221.16015625,0.0010990839218720794,0.07864070683717728,0.09688586741685867,0.08690150827169418,0.0025917422026395798
radial,45,0.8291706520443162,0.3240000009536743,0.005970028694719076,2215.23095703125,0.0010739401914179325,0.07947328686714172,0.09640243649482727,0.0864664763212204,0.0025507009122520685
radial,45,0.8490558118662901,0.3240000009536743,0.006113201845437288,2209.242919921875,0.001049242913722992,0.080312579870224,0.09591450542211533,0.08602799475193024,0.0025097732432186604
radial,45,0.8691251019222869,0.3240000009536743,0.0062577007338404655,2203.1962890625,0.0010249924380332232,0.08115857094526291,0.09542205929756165,0.0855860710144043,0.002468968741595745
radial,45,0.8893803331173129,0.3240000009536743,0.0064035383984446526,2197.0908203125,0.0010011885315179825,0.08201126754283905,0.09492511302232742,0.08514073491096497,0.002428297884762287
radial,45,0.9098231223308378,0.3240000009536743,0.006550726480782032,2190.92626953125,0.0009778314270079136,0.08287065476179123,0.09442363679409027,0.08469195663928986,0.00238777045160532
radial,45,0.9304552157926891,0.3240000009536743,0.006699277553707361,2184.702392578125,0.0009549210080876946,0.08373671770095825,0.09391762316226959,0.08423976600170135,0.0023473964538425207
radial,45,0.9512784244078729,0.3240000009536743,0.006849204655736685,2178.419921875,0.0009324576240032911,0.08460944890975952,0.09340707957744598,0.08378417789936066,0.002307185670360923
radial,45,0.9722944944062167,0.3240000009536743,0.00700052035972476,2172.078125,0.0009104410419240594,0.08548881858587265,0.09289199858903885,0.08332516998052597,0.002267148345708847
radial,45,0.9935051720175478,0.3240000009536743,0.007153237238526344,2165.67724609375,0.000888870912604034,0.08637483417987823,0.09237237274646759,0.08286277949810028,0.0022272923961281776
radial,45,1.01491239749723,0.3240000009536743,0.007307369261980057,2159.21728515625,0.0008677472942508757,0.08726746588945389,0.09184819459915161,0.08239700645208359,0.0021876280661672354
radial,45,1.0365177230495546,0.3240000009536743,0.007462927605956793,2152.69873046875,0.0008470701286569238,0.08816669136285782,0.0913194790482521,0.08192786574363708,0.0021481646690517664
radial,45,1.0583232829554214,0.3240000009536743,0.007619927637279034,2146.12060546875,0.0008268386591225863,0.08907251060009003,0.09078620374202728,0.08145536482334137,0.0021089096553623676
radial,45,1.0803306940943003,0.3240000009536743,0.007778380997478962,2139.4833984375,0.0008070524781942368,0.08998491615056992,0.09024836122989655,0.08097949624061584,0.002069871872663498
radial,45,1.102541961396734,0.3240000009536743,0.007938302122056484,2132.787109375,0.0007877114694565535,0.0909038782119751,0.08970595896244049,0.0805002748966217,0.002031059004366398
radial,45,1.124959025118086,0.3240000009536743,0.00809970498085022,2126.031982421875,0.0007688152836635709,0.09182937443256378,0.08915900439023972,0.08001773059368134,0.0019924798980355263
radial,45,1.1475835668130054,0.3240000009536743,0.008262601681053638,2119.2177734375,0.0007503635133616626,0.09276138246059418,0.08860749006271362,0.07953184843063354,0.001954141538590193
radial,45,1.1704177854375708,0.3240000009536743,0.008427008055150509,2112.344482421875,0.0007323558093048632,0.09369988739490509,0.08805142343044281,0.07904266566038132,0.0019160513766109943
radial,45,1.1934633625464308,0.3240000009536743,0.008592936210334301,2105.412353515625,0.0007147917058318853,0.09464486688375473,0.08749081194400787,0.07855016738176346,0.0018782163970172405
radial,45,1.2167224970956643,0.3240000009536743,0.008760401979088783,2098.421142578125,0.0006976702716201544,0.0955963283777237,0.08692562580108643,0.07805436849594116,0.0018406418384984136
radial,45,1.2401969999902778,0.3240000009536743,0.00892941839993,2091.370849609375,0.0006809906335547566,0.09655427932739258,0.08635586500167847,0.07755525410175323,0.0018033329397439957
radial,45,1.2638889408359926,0.3240000009536743,0.009100000374019146,2084.26220703125,0.0006647544214501977,0.09751858562231064,0.08578158915042877,0.07705289125442505,0.0017662995960563421
radial,45,1.288194390427735,0.3240000009536743,0.009274999611079693,2076.978271484375,0.0006487075588665903,0.09850507974624634,0.08519335091114044,0.076539047062397,0.0017289509996771812
radial,45,1.3124999693698354,0.3240000009536743,0.009449999779462814,2069.7021484375,0.0006332601187750697,0.09948886930942535,0.08460597693920135,0.07602666318416595,0.0016922393115237355
radial,45,1.3368160256909,0.3240000009536743,0.00962507538497448,2062.4306640625,0.0006183882360346615,0.10047048330307007,0.08401915431022644,0.07551548629999161,0.0016561336815357208
radial,45,1.3612519897934463,0.3240000009536743,0.009801014326512814,2055.132080078125,0.0006040158332325518,0.1014542207121849,0.08343034982681274,0.0750032514333725,0.0016204689163714647
radial,45,1.38580863777962,0.3240000009536743,0.009977822192013264,2047.806396484375,0.0005901362746953964,0.10244005918502808,0.08283954113721848,0.07448998093605042,0.001585241872817278
radial,45,1.4104866164012089,0.3240000009536743,0.010155503638088703,2040.4541015625,0.0005767423426732421,0.1034279465675354,0.08224678039550781,0.07397569715976715,0.0015504499897360802
radial,45,1.4352863137092855,0.3240000009536743,0.010334061458706856,2033.059326171875,0.0005633299006149173,0.10442051291465759,0.08165044337511063,0.07345840334892273,0.0015161223709583282
radial,45,1.4602083764556382,0.3240000009536743,0.010513500310480595,2025.627685546875,0.0005498988903127611,0.10541710257530212,0.08105093240737915,0.0729384571313858,0.0014822774101048708
radial,45,1.485253580742412,0.3240000009536743,0.010693825781345367,2018.15966796875,0.0005360064096748829,0.10641977936029434,0.08044783771038055,0.0724150761961937,0.0014489216264337301
radial,45,1.5104224439710379,0.3240000009536743,0.010875041596591473,2010.651611328125,0.0005216384888626635,0.10742907226085663,0.07984085381031036,0.07188798487186432,0.0014160329010337591
radial,45,1.5357154835429456,0.3240000009536743,0.011057151481509209,2003.1201171875,0.000507733435370028,0.10844001173973083,0.07923217117786407,0.07136006653308868,0.0013835690915584564
radial,45,1.5611333462099235,0.3240000009536743,0.011240160092711449,1995.565673828125,0.0004942819941788912,0.10945254564285278,0.07862180471420288,0.07083135098218918,0.0013515290338546038
radial,45,1.5866768080741167,0.3240000009536743,0.01142407301813364,1987.982666015625,0.00048103538574650884,0.11046809703111649,0.07800903916358948,0.07030095160007477,0.001319980132393539
radial,45,1.6123462571865983,0.3240000009536743,0.011608893051743507,1980.3677978515625,0.0004678571131080389,0.11148728430271149,0.07739359140396118,0.0697685182094574,0.0012889232020825148
radial,45,1.6381424696495137,0.3240000009536743,0.011794625781476498,1972.7301025390625,0.0004549857403617352,0.11250826716423035,0.0767764151096344,0.06923510879278183,0.0012582977069541812
radial,45,1.6640660922146506,0.3240000009536743,0.011981275863945484,1965.0662841796875,0.0004424418439157307,0.11353151500225067,0.07615712285041809,0.06870034337043762,0.0012281693052500486
radial,45,1.6901176422834396,0.3240000009536743,0.012168847024440765,1957.370361328125,0.00042998476419597864,0.11455830931663513,0.07553508877754211,0.06816349923610687,0.0011985228629782796
radial,45,1.7162977666076686,0.3240000009536743,0.012357343919575214,1949.635986328125,0.0004174163332208991,0.11559046804904938,0.07490922510623932,0.06762310117483139,0.0011695087887346745
radial,45,1.7426071119391255,0.3240000009536743,0.012546771205961704,1941.844482421875,0.00040426396299153566,0.1166306883096695,0.07427816092967987,0.06707753241062164,0.0011409848229959607
radial,45,1.7690463250295985,0.3240000009536743,0.012737133540213108,1934.0126953125,0.00039082206785678864,0.11767548322677612,0.07364411652088165,0.06652934104204178,0.0011127348989248276
radial,45,1.7956161819812324,0.3240000009536743,0.012928436510264874,1926.16455078125,0.00037773032090626657,0.11872120201587677,0.07300877571105957,0.06598050892353058,0.0010849540121853352
radial,45,1.8223170708451006,0.3240000009536743,0.013120682910084724,1918.29443359375,0.0003648329002317041,0.11976869404315948,0.07237172871828079,0.06543052941560745,0.0010575762717053294
radial,45,1.8491498970737061,0.3240000009536743,0.013313879258930683,1910.406982421875,0.0003521834732964635,0.12081725150346756,0.07173339277505875,0.06487991660833359,0.0010305638425052166
radial,45,1.8761150487181213,0.3240000009536743,0.013508028350770473,1902.5064697265625,0.00033991868258453906,0.12186616659164429,0.0710940808057785,0.0643291175365448,0.0010039779590442777
radial,45,1.9032134312308497,0.3240000009536743,0.013703136704862118,1894.5919189453125,0.00032796914456412196,0.12291593849658966,0.07045347988605499,0.06377772986888885,0.0009778409730643034
radial,45,1.9304455620133214,0.3240000009536743,0.013899208046495914,1886.65869140625,0.000316199118969962,0.12396721541881561,0.06981128454208374,0.06322532892227173,0.00095209083519876
radial,45,1.9578120878173246,0.3240000009536743,0.014096247032284737,1878.708740234375,0.0003046609344892204,0.1250193864107132,0.06916787475347519,0.06267237663269043,0.000926705717574805
radial,45,1.9853137847450044,0.3240000009536743,0.014294259250164032,1870.7481689453125,0.0002934741787612438,0.12607164680957794,0.06852363049983978,0.06211936101317406,0.0009017494739964604
radial,45,2.012951299548149,0.3240000009536743,0.014493249356746674,1862.7777099609375,0.00028263003332540393,0.12712392210960388,0.06787858158349991,0.061566319316625595,0.0008772220462560654
radial,45,2.040725149628189,0.3240000009536743,0.01469322107732296,1854.79833984375,0.00027212072745896876,0.12817609310150146,0.06723278760910034,0.06101331487298012,0.0008531245985068381
radial,45,2.0686359817369118,0.3240000009536743,0.014894179068505764,1846.810546875,0.0002619381120894104,0.12922805547714233,0.06658633053302765,0.060460396111011505,0.0008294574799947441
radial,45,2.096684701326821,0.3240000009536743,0.015096129849553108,1838.81591796875,0.0002520741254556924,0.13027973473072052,0.06593923270702362,0.059907592833042145,0.000806220225058496
radial,45,2.1248719551497035,0.3240000009536743,0.015299078077077866,1830.8145751953125,0.00024252082221210003,0.13133104145526886,0.06529153883457184,0.05935493856668472,0.0007834120187908411
radial,45,2.1531983899573484,0.3240000009536743,0.01550302840769291,1822.8074951171875,0.00023327040253207088,0.1323818862438202,0.06464330852031708,0.05880247801542282,0.0007610319880768657
radial,45,2.181664523151186,0.3240000009536743,0.015707984566688538,1814.795166015625,0.00022431515390053391,0.13343222439289093,0.06399455666542053,0.05825023725628853,0.0007390787359327078
radial,45,2.210271130833361,0.3240000009536743,0.0159139521420002,1806.7783203125,0.0002156475093215704,0.13448195159435272,0.06334534287452698,0.05769825726747513,0.0007175508653745055
radial,45,2.2390192478067346,0.3240000009536743,0.01612093858420849,1798.757568359375,0.0002072602219413966,0.1355309635400772,0.06269571185112,0.0571465790271759,0.0006964467465877533
radial,45,2.2679091327720218,0.3240000009536743,0.016328945755958557,1790.733642578125,0.00019914581207558513,0.136579230427742,0.062045685946941376,0.05659521371126175,0.0006757640512660146
radial,45,2.2969415618313684,0.3240000009536743,0.016537979245185852,1782.70703125,0.00019129707652609795,0.13762667775154114,0.061395302414894104,0.05604417622089386,0.0006555001018568873
radial,45,2.3261173110869198,0.3240000009536743,0.01674804463982582,1774.678466796875,0.00018370701582171023,0.13867327570915222,0.060744598507881165,0.05549350008368492,0.0006356527446769178
radial,45,2.355437156640821,0.3240000009536743,0.01695914752781391,1766.6485595703125,0.0001763688342180103,0.1397189199924469,0.060093607753515244,0.05494321510195732,0.0006162193603813648
radial,45,2.384901615894503,0.3240000009536743,0.017171291634440422,1758.6181640625,0.000169275765074417,0.1407635509967804,0.05944235622882843,0.05439334362745285,0.0005971970385871828
radial,45,2.4145117236508264,0.3240000009536743,0.01738448441028595,1750.587646484375,0.00016242117271758616,0.14180707931518555,0.05879088491201401,0.053843915462493896,0.0005785826942883432
radial,45,2.444267997311221,0.3240000009536743,0.017598729580640793,1742.5577392578125,0.00015579865430481732,0.14284944534301758,0.05813920497894287,0.05329495295882225,0.0005603731842711568
radial,45,2.474170954277118,0.3240000009536743,0.01781403087079525,1734.5289306640625,0.00014940185064915568,0.1438905894756317,0.05748738721013069,0.0527464859187603,0.0005425652489066124
radial,45,2.5042216293513775,0.3240000009536743,0.018030395731329918,1726.5015869140625,0.0001432244898751378,0.14493043720722198,0.05683543533086777,0.052198536694049835,0.0005251552211120725
radial,45,2.534420798636145,0.3240000009536743,0.018247829750180244,1718.475830078125,0.00013726044562645257,0.14596900343894958,0.05618337541818619,0.05165110528469086,0.0005081390263512731
radial,45,2.564768979532851,0.3240000009536743,0.018466336652636528,1710.4522705078125,0.00013150367885828018,0.14700621366500854,0.05553123354911804,0.05110422521829605,0.0004915128229185939
radial,45,2.595266948143641,0.3240000009536743,0.018685922026634216,1702.43115234375,0.00012594835425261408,0.14804205298423767,0.05487903952598572,0.05055788904428482,0.0004752725944854319
radial,45,2.6259154805706606,0.3240000009536743,0.018906591460108757,1694.412841796875,0.00012058872380293906,0.1490764617919922,0.05422680824995041,0.05001211166381836,0.00045941415010020137
radial,45,2.656715352916055,0.3240000009536743,0.019128350540995598,1686.397705078125,0.00011541921412572265,0.15010938048362732,0.0535745732486248,0.04946689307689667,0.00044393326970748603
radial,45,2.6876670825812554,0.3240000009536743,0.019351202994585037,1678.386474609375,0.00011043439735658467,0.1511407494544983,0.05292235314846039,0.04892224818468094,0.0004288257041480392
radial,45,2.718771704369121,0.3240000009536743,0.019575156271457672,1670.3790283203125,0.00010562890383880585,0.1521705538034439,0.05227014794945717,0.04837818443775177,0.00041408714605495334
radial,45,2.7500299943817987,0.3240000009536743,0.01980021595954895,1662.3759765625,0.00010099753853864968,0.1531987339258194,0.051617980003356934,0.047834716737270355,0.00039971305523067713
radial,45,2.781442470020718,0.3240000009536743,0.02002638578414917,1654.3778076171875,9.653517918195575e-05,0.15422526001930237,0.05096585303544998,0.0472918376326561,0.00038569874595850706
radial,45,2.8130101660887403,0.3240000009536743,0.020253673195838928,1646.384521484375,9.223677625413984e-05,0.1552501618862152,0.05031377077102661,0.046749554574489594,0.00037203950341790915
radial,45,2.844733599987295,0.3240000009536743,0.020482081919908524,1638.396484375,8.809741120785475e-05,0.15627336502075195,0.049661748111248016,0.04620785638689995,0.0003587303217500448
radial,45,2.876613547818528,0.3240000009536743,0.020711617544293404,1630.413818359375,8.411229646299034e-05,0.1572948694229126,0.0490097813308239,0.04566674679517746,0.0003457663697190583
radial,45,2.9086510443853006,0.3240000009536743,0.020942287519574165,1622.4366455078125,8.027675357880071e-05,0.15831464529037476,0.04835786670446396,0.04512621462345123,0.00033314264146611094
radial,45,2.9408466070890427,0.3240000009536743,0.021174095571041107,1614.46533203125,7.658621325390413e-05,0.15933269262313843,0.04770601540803909,0.044586263597011566,0.0003208541893400252
radial,45,2.9732010120318995,0.3240000009536743,0.021407047286629677,1606.499755859375,7.303620805032551e-05,0.16034898161888123,0.04705420881509781,0.04404687136411667,0.0003088958328589797
radial,45,3.005715294016732,0.3240000009536743,0.02164115011692047,1598.540283203125,6.962240149732679e-05,0.16136351227760315,0.0464024543762207,0.04350803792476654,0.0002972625952679664
radial,45,3.0383899704449706,0.3240000009536743,0.02187640778720379,1590.5870361328125,6.63405517116189e-05,0.162376269698143,0.04575074836611748,0.04296974837779999,0.0002859493251889944
radial,45,3.071226076119476,0.3240000009536743,0.022112827748060226,1582.639892578125,6.318651867331937e-05,0.1633872389793396,0.04509907588362694,0.042431995272636414,0.00027495092945173383
radial,45,3.1042243871423936,0.3240000009536743,0.022350415587425232,1574.698974609375,6.015627150190994e-05,0.16439640522003174,0.04444742947816849,0.04189475625753403,0.00026426216936670244
radial,45,3.1373854209151535,0.3240000009536743,0.022589175030589104,1566.764404296875,5.724588845623657e-05,0.16540375351905823,0.04379579424858093,0.04135802388191223,0.0002538780099712312
radial,45,3.1707099535399013,0.3240000009536743,0.02282911166548729,1558.8359375,5.445154965855181e-05,0.16640931367874146,0.04314415901899338,0.04082176834344864,0.0002437931834720075
radial,45,3.204199278520213,0.3240000009536743,0.023070234805345535,1550.913818359375,5.1769475248875096e-05,0.16741305589675903,0.04249250143766403,0.04028596729040146,0.00023400246573146433
radial,45,3.2378539132575197,0.3240000009536743,0.02331254817545414,1542.9974365234375,4.9195972678717226e-05,0.16841503977775574,0.041840776801109314,0.03975057974457741,0.00022450039978139102
radial,45,3.2716746338539653,0.3240000009536743,0.02355605736374855,1535.086669921875,4.67274512629956e-05,0.16941532492637634,0.041188955307006836,0.0392155721783638,0.00021528161596506834
radial,45,3.3056622164116964,0.3240000009536743,0.023800767958164215,1527.18115234375,4.436043673194945e-05,0.17041388154029846,0.04053698852658272,0.03868090361356735,0.0002063408464891836
radial,45,3.339817695733574,0.3240000009536743,0.02404668740928173,1519.2806396484375,4.209157486911863e-05,0.17141079902648926,0.039884842932224274,0.03814653307199478,0.00019767292542383075
radial,45,3.3741418479217424,0.3240000009536743,0.024293821305036545,1511.384765625,3.991758421761915e-05,0.17240604758262634,0.03923247754573822,0.0376124233007431,0.00018927255587186664
radial,45,3.408635449078348,0.3240000009536743,0.024542175233364105,1503.4930419921875,3.783521242439747e-05,0.17339974641799927,0.03857982158660889,0.03707849606871605,0.00018113429541699588
radial,45,3.4432992753055363,0.3240000009536743,0.02479175478219986,1495.6044921875,3.584126170608215e-05,0.1743919849395752,0.03792678192257881,0.036544688045978546,0.0001732526143314317
radial,45,3.4781341027054524,0.3240000009536743,0.025042565539479256,1487.71826171875,3.393262886675075e-05,0.1753828227519989,0.03727328032255173,0.03601091355085373,0.00016562198288738728
radial,45,3.513140966080957,0.3240000009536743,0.02529461495578289,1479.833251953125,3.210631984984502e-05,0.17637242376804352,0.03661920502781868,0.03547707945108414,0.0001582369877723977
radial,45,3.548320641534196,0.3240000009536743,0.02554790861904621,1471.9488525390625,3.0359409720404074e-05,0.17736086249351501,0.03596445918083191,0.034943100064992905,0.0001510922738816589
radial,45,3.58367416386803,0.3240000009536743,0.025802453979849815,1464.0634765625,2.8689053579000756e-05,0.17834831774234772,0.035308919847011566,0.03440886735916138,0.00014418238424696028
radial,45,3.619202050483889,0.3240000009536743,0.026058254763484,1456.17578125,2.70924447249854e-05,0.17933498322963715,0.03465244174003601,0.03387425094842911,0.00013750183279626071
radial,45,3.654905336184634,0.3240000009536743,0.026315318420529366,1448.283935546875,2.556685467425268e-05,0.18032100796699524,0.03399485722184181,0.033339112997055054,0.00013104511890560389
radial,45,3.6907847970724106,0.3240000009536743,0.026573650538921356,1440.386474609375,2.4109642254188657e-05,0.1813066303730011,0.03333599120378494,0.03280329331755638,0.00012480684381444007
radial,45,3.7268414679500794,0.3240000009536743,0.02683325856924057,1432.48095703125,2.2718239051755518e-05,0.18229204416275024,0.03267565369606018,0.032266631722450256,0.0001187815869343467
radial,45,3.7630761249197855,0.3240000009536743,0.027094148099422455,1424.5654296875,2.1390142137533985e-05,0.1832774579524994,0.03201362490653992,0.03172894939780235,0.00011296397860860452
radial,45,3.79948980278439,0.3240000009536743,0.027356326580047607,1416.637451171875,2.0122912246733904e-05,0.1842631995677948,0.03134966269135475,0.031190041452646255,0.00010734862007666379
radial,45,3.836083018945323,0.3240000009536743,0.027619797736406326,1408.6943359375,1.8914201064035296e-05,0.18524955213069916,0.030683519318699837,0.03064969927072525,0.000101930316304788
radial,45,3.872857066906161,0.3240000009536743,0.027884570881724358,1400.733642578125,1.7761787603376433e-05,0.18623679876327515,0.030014948919415474,0.03010772354900837,9.67041269177571e-05
radial,45,3.9098124640683336,0.3240000009536743,0.028150649741292,1392.752685546875,1.6663523638271727e-05,0.18722523748874664,0.029343698173761368,0.029563896358013153,9.166522067971528e-05
radial,45,3.9469505039354167,0.3240000009536743,0.028418043628335,1384.74853515625,1.5617293684044853e-05,0.1882152557373047,0.028669457882642746,0.029017960652709007,8.680863538756967e-05
radial,45,3.984271703908841,0.3240000009536743,0.028686756268143654,1376.717529296875,1.4621036825701594e-05,0.1892072558403015,0.027991894632577896,0.028469644486904144,8.212945249397308e-05
radial,45,4.021776840090752,0.3240000009536743,0.028956793248653412,1368.65673828125,1.367280856356956e-05,0.19020159542560577,0.027310676872730255,0.02791867032647133,7.762306631775573e-05
radial,45,4.05946798208687,0.3240000009536743,0.029228169471025467,1360.56298828125,1.2770767170877662e-05,0.19119858741760254,0.026625480502843857,0.02736477181315422,7.328511856030673e-05
radial,45,4.097344353795052,0.3240000009536743,0.02950087934732437,1352.432373046875,1.1913090020243544e-05,0.1921987235546112,0.025935914367437363,0.026807621121406555,6.91111054038629e-05
radial,45,4.135408024821016,0.3240000009536743,0.02977493777871132,1344.260498046875,1.109796721721068e-05,0.19320249557495117,0.025241516530513763,0.026246845722198486,6.50964502710849e-05
radial,45,4.173659771266911,0.3240000009536743,0.030050350353121758,1336.0426025390625,1.0323637070541736e-05,0.1942104697227478,0.02454177848994732,0.02568202093243599,6.12365547567606e-05
radial,45,4.2121003692348795,0.3240000009536743,0.030327122658491135,1327.7733154296875,9.588387911207974e-06,0.19522333145141602,0.023836132138967514,0.025112684816122055,5.752689321525395e-05
radial,45,4.250730594827069,0.3240000009536743,0.030605260282754898,1319.447021484375,8.890594472177327e-06,0.19624170660972595,0.02312399074435234,0.024538356810808182,5.39631764695514e-05
radial,45,4.289551482846339,0.3240000009536743,0.030884770676493645,1311.058349609375,8.228702427004464e-06,0.19726628065109253,0.022404726594686508,0.02395852655172348,5.054126086179167e-05
radial,45,4.328563809394836,0.3240000009536743,0.031165659427642822,1302.600830078125,7.601192919537425e-06,0.19829785823822021,0.021677643060684204,0.023372624069452286,4.7257028199965134e-05
radial,45,4.367769385377566,0.3240000009536743,0.031447939574718475,1294.068115234375,7.006633040873567e-06,0.1993371546268463,0.020942017436027527,0.022780057042837143,4.410661495057866e-05
radial,45,4.407167952093813,0.3240000009536743,0.031731609255075455,1285.454833984375,6.443728125304915e-06,0.20038488507270813,0.020197182893753052,0.022180285304784775,4.108674329472706e-05
radial,45,4.446761061747869,0.3240000009536743,0.032016679644584656,1276.756591796875,5.911290372750955e-06,0.2014416754245758,0.019442511722445488,0.021572794765233994,3.8194564695004374e-05
radial,45,4.486549749142594,0.3240000009536743,0.032303158193826675,1267.9691162109375,5.4081829148344696e-06,0.20250806212425232,0.01867736503481865,0.020957062020897865,3.5427408874966204e-05
radial,45,4.5265345316794185,0.3240000009536743,0.03259104862809181,1259.087646484375,4.933259333483875e-06,0.20358465611934662,0.017900999635457993,0.02033248171210289,3.278242002124898e-05
radial,45,4.5667169615626335,0.3240000009536743,0.03288036212325096,1250.106689453125,4.485368663154077e-06,0.20467212796211243,0.017112579196691513,0.0196983702480793,3.0256633181124926e-05
radial,45,4.6070980735951,0.3240000009536743,0.03317110612988472,1241.02197265625,4.063430424139369e-06,0.2057710886001587,0.016311293467879295,0.019054066389799118,2.7847361707245e-05
radial,45,4.647677867776818,0.3240000009536743,0.03346328064799309,1231.831298828125,3.6664782783191185e-06,0.20688198506832123,0.015496481209993362,0.018399029970169067,2.5552468287060037e-05
radial,45,4.688458413713509,0.3240000009536743,0.03375690057873726,1222.5345458984375,3.2936138723016484e-06,0.20800504088401794,0.014667602255940437,0.017732813954353333,2.3370121198240668e-05
radial,45,4.7294402288066015,0.3240000009536743,0.03405196964740753,1213.1351318359375,2.944015022876556e-06,0.20914018154144287,0.013824360445141792,0.017055170610547066,2.1298936189850792e-05
radial,45,4.770624347858959,0.3240000009536743,0.0343484953045845,1203.642578125,2.6170198452746263e-06,0.21028652787208557,0.012967042624950409,0.016366321593523026,1.9338545826030895e-05
radial,45,4.81201180567344,0.3240000009536743,0.03464648500084877,1194.077392578125,2.312165634066332e-06,0.2114420384168625,0.0120968883857131,0.015667257830500603,1.748995782691054e-05
radial,45,4.853603637052907,0.3240000009536743,0.03494594618678093,1184.474609375,2.0292441149649676e-06,0.21260270476341248,0.011216606013476849,0.014960148371756077,1.575599526404403e-05
radial,45,4.8954008768002195,0.3240000009536743,0.03524688631296158,1174.888671875,1.7682760926618357e-06,0.2137620896100998,0.0103308642283082,0.014248734340071678,1.4141452993499115e-05
radial,45,4.937404042316808,0.3240000009536743,0.035549309104681015,1165.39306640625,1.5293799151550047e-06,0.2149108648300171,0.009446553885936737,0.01353854313492775,1.2652693840209395e-05
radial,45,4.979614685806963,0.3240000009536743,0.035853225737810135,1156.080810546875,1.3125998066243483e-06,0.21603697538375854,0.008572747930884361,0.012836857698857784,1.1296768207103014e-05
radial,45,5.022033842073546,0.3240000009536743,0.036158643662929535,1147.0577392578125,1.1177430678799283e-06,0.21712635457515717,0.0077201868407428265,0.012152289971709251,1.0080082574859262e-05
radial,45,5.064662545919418,0.3240000009536743,0.03646557033061981,1138.4365234375,9.441770316698239e-07,0.21816399693489075,0.006900602485984564,0.011494243517518044,9.007243534142617e-06
radial,45,5.107501314746009,0.3240000009536743,0.036774009466171265,1130.3306884765625,8.015393291316286e-07,0.2191348373889923,0.006126034073531628,0.010872367769479752,8.080367479124106e-06
radial,45,5.1505522181590395,0.3240000009536743,0.03708397597074509,1122.8436279296875,6.986686003074283e-07,0.22002540528774261,0.005407778546214104,0.010295714251697063,7.2976763476617634e-06
radial,45,5.193814738757081,0.3240000009536743,0.03739546611905098,1116.046630859375,6.218531325430376e-07,0.22082681953907013,0.0047538504004478455,0.009770701639354229,6.651892363152001e-06
radial,45,5.237291463547283,0.3240000009536743,0.037708498537540436,1109.9556884765625,5.78461651912221e-07,0.22153738141059875,0.004166619852185249,0.009299198165535927,6.129915163910482e-06
radial,45,5.280982909931077,0.3240000009536743,0.038023076951503754,1104.556396484375,5.677774765899812e-07,0.22215932607650757,0.003645499236881733,0.008880706503987312,5.716200575989205e-06
radial,45,5.324889595309894,0.3240000009536743,0.03833920508623123,1099.8267822265625,5.649076229019556e-07,0.22269567847251892,0.0031892950646579266,0.00851425901055336,5.395461357693421e-06
radial,45,5.369013071888023,0.3240000009536743,0.038656894117593765,1095.7137451171875,5.651395440509077e-07,0.22315317392349243,0.002793475054204464,0.00819622166454792,5.151463483343832e-06
radial,45,5.413354891869757,0.3240000009536743,0.03897615522146225,1092.1461181640625,5.675192369380966e-07,0.2235412895679474,0.0024511986412107944,0.007921116426587105,4.968681423633825e-06
radial,45,5.4579150552550955,0.3240000009536743,0.039296988397836685,1089.068115234375,5.738807544730662e-07,0.22386810183525085,0.0021569468080997467,0.007684521377086639,4.8346737457904965e-06
radial,45,5.502695114248329,0.3240000009536743,0.03961940482258797,1086.4295654296875,5.848379487360944e-07,0.2241406887769699,0.0019058827310800552,0.007482566870748997,4.739164978673216e-06
radial,45,5.547696621053749,0.3240000009536743,0.03994341567158699,1084.1746826171875,5.969951075712743e-07,0.22436660528182983,0.0016926610842347145,0.007310973946005106,4.673197054216871e-06
radial,45,5.592920093072785,0.3240000009536743,0.040269024670124054,1082.2486572265625,6.085268751121475e-07,0.22455322742462158,0.0015118198934942484,0.007165366783738136,4.6292889237520285e-06
radial,45,5.638367082509729,0.3240000009536743,0.04059624299407005,1080.6007080078125,6.193178023750079e-07,0.22470751404762268,0.0013581481762230396,0.007041572593152523,4.6014520194148645e-06
radial,45,5.684038106766012,0.3240000009536743,0.040925074368715286,1079.185791015625,6.293048500083387e-07,0.22483542561531067,0.0012270344886928797,0.006935897283256054,4.5850702008465305e-06
radial,45,5.729934718045923,0.3240000009536743,0.04125552996993065,1077.965087890625,6.384610742315999e-07,0.22494187951087952,0.0011146173346787691,0.0068452488631010056,4.576686478685588e-06
radial,45,5.776057951152325,0.3240000009536743,0.04158761724829674,1076.9061279296875,6.467831212830788e-07,0.2250310182571411,0.001017607981339097,0.006766991689801216,4.573738806357142e-06
radial,45,5.822408840888077,0.3240000009536743,0.04192134365439415,1075.9814453125,6.54283780932019e-07,0.2251061499118805,0.0009333303896710277,0.00669897859916091,4.574334525386803e-06
radial,45,5.86898842205604,0.3240000009536743,0.04225671663880348,1075.17041015625,6.609847105210065e-07,0.225169837474823,0.0008597181877121329,0.006639556027948856,4.57707255918649e-06
radial,45,5.915798246860504,0.3240000009536743,0.04259374737739563,1074.4559326171875,6.669109779977589e-07,0.22522416710853577,0.0007950894068926573,0.006587376818060875,4.580911991070025e-06
radial,45,5.962838832702902,0.3240000009536743,0.04293243959546089,1073.823486328125,6.720894702993974e-07,0.22527089715003967,0.0007380356546491385,0.006541313603520393,4.585083843267057e-06
radial,45,6.000000155634351,0.3240000307559967,0.04320000112056732,1073.38134765625,6.755927870472078e-07,0.2253027707338333,0.0006982116028666496,0.006509167142212391,4.588181127473945e-06
radial,60,-6.000000155634351,0.43199998140335083,-0.04320000112056732,2591.846435546875,0.025232329964637756,0.0016221615951508284,0.14312562346458435,0.12236854434013367,0.002374652773141861
radial,60,-5.962838315301472,0.43199998140335083,-0.04293243587017059,2593.812255859375,0.02492053434252739,0.0016923850635066628,0.1430644989013672,0.12236951291561127,0.0024054239038378
radial,60,-5.915798246860504,0.43199998140335083,-0.04259374737739563,2596.294921875,0.024521179497241974,0.001786272507160902,0.14298073947429657,0.12236842513084412,0.0024462356232106686
radial,60,-5.86898842205604,0.43199998140335083,-0.04225671663880348,2598.75390625,0.024119514971971512,0.0018848382169380784,0.1428908258676529,0.12236486375331879,0.0024886755272746086
radial,60,-5.822408323486647,0.43199998140335083,-0.04192133992910385,2601.18359375,0.023715930059552193,0.0019882130436599255,0.14279454946517944,0.12235867977142334,0.002532706828787923
radial,60,-5.7760574337508945,0.43199998140335083,-0.04158761352300644,2603.57958984375,0.02331080473959446,0.0020965333096683025,0.1426917463541031,0.12234973907470703,0.002578295301645994
radial,60,-5.729934200644493,0.43199998140335083,-0.04125552624464035,2605.9375,0.022904500365257263,0.002209939295426011,0.14258220791816711,0.12233790010213852,0.0026254085823893547
radial,60,-5.684037589364582,0.43199998140335083,-0.04092507064342499,2608.25341796875,0.02249736525118351,0.002328576287254691,0.14246580004692078,0.12232300639152527,0.0026740182656794786
radial,60,-5.638366565108299,0.43199998140335083,-0.040596239268779755,2610.5234375,0.022089719772338867,0.002452594693750143,0.14234232902526855,0.12230483442544937,0.002724098041653633
radial,60,-5.592920093072785,0.43199998140335083,-0.040269024670124054,2612.74365234375,0.02168187126517296,0.0025821479503065348,0.14221163094043732,0.12228319048881531,0.002775620436295867
radial,60,-5.547696621053749,0.43199998140335083,-0.03994341567158699,2614.90966796875,0.02127411589026451,0.0027173932176083326,0.14207352697849274,0.12225785851478577,0.0028285570442676544
radial,60,-5.502694596846899,0.43199998140335083,-0.03961940109729767,2617.018310546875,0.02086673676967621,0.002858480205759406,0.14192788302898407,0.12222861498594284,0.002882873173803091
radial,60,-5.457914537853665,0.43199998140335083,-0.03929698467254639,2619.0654296875,0.020460005849599838,0.0030055507086217403,0.1417744904756546,0.12219526618719101,0.0029385134112089872
radial,60,-5.413354891869757,0.43199998140335083,-0.03897615522146225,2621.0478515625,0.020054180175065994,0.003158749081194401,0.14161324501037598,0.12215760350227356,0.0029954013880342245
radial,60,-5.369012554486592,0.43199998140335083,-0.03865689039230347,2622.961181640625,0.01964951492846012,0.0033182217739522457,0.14144408702850342,0.12211544811725616,0.0030534483958035707
radial,60,-5.324889595309894,0.43199998140335083,-0.03833920508623123,2624.80078125,0.019246254116296768,0.003484119428321719,0.14126692712306976,0.12206859886646271,0.0031125585082918406
radial,60,-5.280982909931077,0.43199998140335083,-0.038023076951503754,2626.561279296875,0.018844639882445335,0.003656589426100254,0.14108172059059143,0.12201684713363647,0.0031726323068141937
radial,60,-5.237291463547283,0.43199998140335083,-0.037708498537540436,2628.23779296875,0.018444914370775223,0.003835781943053007,0.14088839292526245,0.12196001410484314,0.003233568277209997
radial,60,-5.193814738757081,0.43199998140335083,-0.03739546611905098,2629.825439453125,0.018047304823994637,0.004021849948912859,0.14068686962127686,0.12189792096614838,0.003295264672487974
radial,60,-5.1505522181590395,0.43199998140335083,-0.03708397597074509,2631.3193359375,0.017652029171586037,0.00421494897454977,0.14047709107398987,0.12183034420013428,0.0033576188143342733
radial,60,-5.107501314746009,0.43199998140335083,-0.036774009466171265,2632.71533203125,0.01725929230451584,0.004415238741785288,0.1402590125799179,0.1217571347951889,0.0034205252304673195
radial,60,-5.064662545919418,0.43199998140335083,-0.03646557033061981,2634.0087890625,0.016869306564331055,0.004622878506779671,0.1400325745344162,0.12167805433273315,0.003483876120299101
radial,60,-5.022033842073546,0.43199998140335083,-0.036158643662929535,2635.19580078125,0.016482267528772354,0.0048380279913544655,0.13979770243167877,0.1215929463505745,0.003547560889273882
radial,60,-4.979614168405533,0.43199998140335083,-0.035853222012519836,2636.27197265625,0.016098368912935257,0.005060852039605379,0.13955439627170563,0.1215016096830368,0.003611466381698847
radial,60,-4.937403524915378,0.43199998140335083,-0.03554930537939072,2637.2333984375,0.015717795118689537,0.005291514564305544,0.1393025815486908,0.12140384316444397,0.0036754757165908813
radial,60,-4.8954008768002195,0.43199998140335083,-0.03524688631296158,2638.076171875,0.015340736135840416,0.0055301799438893795,0.1390422135591507,0.12129946053028107,0.0037394692189991474
radial,60,-4.853603637052907,0.43199998140335083,-0.03494594618678093,2638.7958984375,0.014967373572289944,0.005777012091130018,0.13877330720424652,0.12118828296661377,0.003803321858868003
radial,60,-4.81201128827201,0.43199998140335083,-0.03464648127555847,2639.388671875,0.01459788903594017,0.006032176315784454,0.13849583268165588,0.12107007205486298,0.0038669072091579437
radial,60,-4.770624347858959,0.43199998140335083,-0.0343484953045845,2639.85107421875,0.014232445508241653,0.006295843981206417,0.13820980489253998,0.12094464898109436,0.003930095583200455
radial,60,-4.7294402288066015,0.43199998140335083,-0.03405196964740753,2640.178466796875,0.013871205039322376,0.00656818738207221,0.1379152536392212,0.1208118349313736,0.003992755897343159
radial,60,-4.6884578963120775,0.43199998140335083,-0.03375689685344696,2640.36767578125,0.013514315709471703,0.00684938533231616,0.13761217892169952,0.12067143619060516,0.004054753575474024
radial,60,-4.647677867776818,0.43199998140335083,-0.03346328064799309,2640.41455078125,0.013161926530301571,0.0071396129205822945,0.13730065524578094,0.12052326649427414,0.00411595031619072
radial,60,-4.6070980735951,0.43199998140335083,-0.03317110612988472,2640.31494140625,0.012814190238714218,0.007439045235514641,0.13698068261146545,0.1203671246767044,0.004176205024123192
radial,60,-4.5667169615626335,0.43199998140335083,-0.03288036212325096,2640.06494140625,0.01247124932706356,0.007747858762741089,0.13665230572223663,0.12020283937454224,0.004235371481627226
radial,60,-4.5265345316794185,0.43199998140335083,-0.03259104862809181,2639.6611328125,0.012133244425058365,0.008066232316195965,0.13631555438041687,0.12003020942211151,0.0042933025397360325
radial,60,-4.486549231741163,0.43199998140335083,-0.03230315446853638,2639.10009765625,0.011800314299762249,0.008394347503781319,0.13597048819065094,0.11984903365373611,0.004349845927208662
radial,60,-4.446761061747869,0.43199998140335083,-0.032016679644584656,2638.37841796875,0.01147258747369051,0.008732388727366924,0.13561713695526123,0.11965912580490112,0.004404847044497728
radial,60,-4.407167952093813,0.43199998140335083,-0.031731609255075455,2637.4931640625,0.011150196194648743,0.009080538526177406,0.13525553047657013,0.11946026980876923,0.004458138719201088
radial,60,-4.367769385377566,0.43199998140335083,-0.031447939574718475,2636.440673828125,0.010833265259861946,0.009438981302082539,0.1348857432603836,0.11925230920314789,0.004509544465690851
radial,60,-4.328563809394836,0.43199998140335083,-0.031165659427642822,2635.2177734375,0.010521920397877693,0.009807905182242393,0.13450780510902405,0.11903500556945801,0.004558920860290527
radial,60,-4.289551224145624,0.43199998140335083,-0.030884768813848495,2633.8212890625,0.010216280817985535,0.010187497362494469,0.134121835231781,0.11880819499492645,0.004606135189533234
radial,60,-4.250730594827069,0.43199998140335083,-0.030605260282754898,2632.248046875,0.00991646759212017,0.010577945038676262,0.13372784852981567,0.11857166141271591,0.004651035647839308
radial,60,-4.2121003692348795,0.43199998140335083,-0.030327122658491135,2630.49462890625,0.009622601792216301,0.010979431681334972,0.13332593441009521,0.11832523345947266,0.004693460185080767
radial,60,-4.173659771266911,0.43199998140335083,-0.030050350353121758,2628.55810546875,0.009334801696240902,0.011392144486308098,0.13291622698307037,0.11806870996952057,0.004733238834887743
radial,60,-4.135408024821016,0.43199998140335083,-0.02977493777871132,2626.435302734375,0.009053181856870651,0.011816267855465412,0.13249874114990234,0.11780191212892532,0.004770190455019474
radial,60,-4.097344353795052,0.43199998140335083,-0.02950087934732437,2624.12353515625,0.008777836337685585,0.0122519601136446,0.13207362592220306,0.11752470582723618,0.004804128315299749
radial,60,-4.05946798208687,0.43199998140335083,-0.029228169471025467,2621.6220703125,0.008508797734975815,0.012699192389845848,0.1316409707069397,0.11723704636096954,0.004834946244955063
radial,60,-4.021776840090752,0.43199998140335083,-0.028956793248653412,2618.9306640625,0.008246068842709064,0.013157791458070278,0.131200909614563,0.11693903803825378,0.004862605594098568
radial,60,-3.9842714452081256,0.43199998140335083,-0.028686754405498505,2616.05078125,0.007989654317498207,0.013627592474222183,0.1307535469532013,0.11663078516721725,0.004887056071311235
radial,60,-3.9469502452347016,0.43199998140335083,-0.02841804176568985,2612.98193359375,0.007739566266536713,0.014108450151979923,0.13029907643795013,0.11631235480308533,0.004908299073576927
radial,60,-3.909812205367618,0.43199998140335083,-0.02815064787864685,2609.724609375,0.007495822850614786,0.014600234106183052,0.12983760237693787,0.11598379909992218,0.004926328547298908
radial,60,-3.872857066906161,0.43199998140335083,-0.027884570881724358,2606.279296875,0.007258444093167782,0.01510282326489687,0.12936930358409882,0.11564518511295319,0.004941048100590706
radial,60,-3.836083018945323,0.43199998140335083,-0.027619797736406326,2602.646728515625,0.007027453742921352,0.015616118907928467,0.12889432907104492,0.11529654264450073,0.0049523850902915
radial,60,-3.79948980278439,0.43199998140335083,-0.027356326580047607,2598.826904296875,0.0068028774112463,0.016140032559633255,0.1284128576517105,0.1149379163980484,0.004960312508046627
radial,60,-3.7630761249197855,0.43199998140335083,-0.027094148099422455,2594.81982421875,0.006584742106497288,0.016674494370818138,0.12792500853538513,0.11456930637359619,0.004964777268469334
radial,60,-3.726841209249364,0.43199998140335083,-0.02683325670659542,2590.62548828125,0.006373077630996704,0.017219437286257744,0.1274310201406479,0.1141907349228859,0.004965705797076225
radial,60,-3.6907847970724106,0.43199998140335083,-0.026573650538921356,2586.24462890625,0.006167911924421787,0.017774809151887894,0.12693098187446594,0.11380220949649811,0.004963006358593702
radial,60,-3.654905077483919,0.43199998140335083,-0.026315316557884216,2581.67822265625,0.00596922542899847,0.01834048703312874,0.1264251470565796,0.11340373754501343,0.004956597927957773
radial,60,-3.619202050483889,0.43199998140335083,-0.026058254763484,2576.93115234375,0.005776889622211456,0.0189160518348217,0.12591366469860077,0.11299555003643036,0.00494650611653924
radial,60,-3.583673905167315,0.43199998140335083,-0.025802452117204666,2572.009033203125,0.005590728484094143,0.0195008497685194,0.125396728515625,0.11257801949977875,0.00493289390578866
radial,60,-3.548320382833481,0.43199998140335083,-0.025547906756401062,2566.917236328125,0.0054105790331959724,0.02009424939751625,0.12487457692623138,0.1121516227722168,0.004915964789688587
radial,60,-3.513140966080957,0.43199998140335083,-0.02529461495578289,2561.6611328125,0.005236291326582432,0.020695652812719345,0.12434741854667664,0.11171676218509674,0.004895925521850586
radial,60,-3.4781341027054524,0.43199998140335083,-0.025042565539479256,2556.245361328125,0.005067725200206041,0.02130449190735817,0.12381544709205627,0.1112738624215126,0.004872969351708889
radial,60,-3.4432992753055363,0.43199998140335083,-0.02479175478219986,2550.6748046875,0.004904749803245068,0.021920232102274895,0.12327888607978821,0.11082328110933304,0.004847253672778606
radial,60,-3.408635449078348,0.43199998140335083,-0.024542175233364105,2544.95458984375,0.0047472380101680756,0.02254236862063408,0.12273795902729034,0.11036539077758789,0.004818900488317013
radial,60,-3.3741418479217424,0.43199998140335083,-0.024293821305036545,2539.087890625,0.004595071077346802,0.023170432075858116,0.1221928745508194,0.10990051925182343,0.0047880201600492
radial,60,-3.339817437032859,0.43199998140335083,-0.02404668554663658,2533.07958984375,0.0044481344521045685,0.02380397543311119,0.12164384871721268,0.10942897200584412,0.004754725843667984
radial,60,-3.3056622164116964,0.43199998140335083,-0.023800767958164215,2526.93359375,0.004306317772716284,0.024442581459879875,0.1210910826921463,0.10895103961229324,0.004719110205769539
radial,60,-3.2716746338539653,0.43199998140335083,-0.02355605736374855,2520.65380859375,0.004169513005763292,0.02508584037423134,0.12053479254245758,0.10846701264381409,0.0046812547370791435
radial,60,-3.237853654556804,0.43199998140335083,-0.02331254631280899,2514.245361328125,0.004037592094391584,0.0257333405315876,0.11997517943382263,0.10797718167304993,0.004641237668693066
radial,60,-3.204199278520213,0.43199998140335083,-0.023070234805345535,2507.71337890625,0.003910388797521591,0.026384573429822922,0.11941242218017578,0.10748182237148285,0.004599160514771938
radial,60,-3.1707099535399013,0.43199998140335083,-0.02282911166548729,2501.06396484375,0.003787719178944826,0.02703895792365074,0.11884676665067673,0.10698133707046509,0.004555186256766319
radial,60,-3.1373854209151535,0.43199998140335083,-0.022589175030589104,2494.302490234375,0.003669409081339836,0.02769591473042965,0.1182783767580986,0.10647612810134888,0.0045095160603523254
radial,60,-3.1042243871423936,0.43199998140335083,-0.022350415587425232,2487.434814453125,0.003555291797965765,0.02835490182042122,0.11770747601985931,0.10596662759780884,0.00446234829723835
radial,60,-3.071226076119476,0.43199998140335083,-0.022112827748060226,2480.4658203125,0.003445207607001066,0.029015403240919113,0.11713424324989319,0.10545318573713303,0.004413879010826349
radial,60,-3.0383897117442555,0.43199998140335083,-0.02187640592455864,2473.40087890625,0.003339003771543503,0.029676925390958786,0.11655887961387634,0.10493618249893188,0.004364276770502329
radial,60,-3.005715294016732,0.43199998140335083,-0.02164115011692047,2466.24462890625,0.003236535005271435,0.03033900260925293,0.1159815788269043,0.10441596060991287,0.004313691519200802
radial,60,-2.9732010120318995,0.43199998140335083,-0.021407047286629677,2459.001953125,0.003137660212814808,0.03100118786096573,0.11540250480175018,0.10389284789562225,0.004262259230017662
radial,60,-2.9408466070890427,0.43199998140335083,-0.021174095571041107,2451.67724609375,0.0030422445852309465,0.031663067638874054,0.11482186615467072,0.1033671498298645,0.004210103768855333
radial,60,-2.9086507856845856,0.43199998140335083,-0.020942285656929016,2444.27490234375,0.002950157504528761,0.03232423961162567,0.11423982679843903,0.1028391569852829,0.0041573382914066315
radial,60,-2.876613289117813,0.43199998140335083,-0.020711615681648254,2436.799072265625,0.0028612734749913216,0.03298434242606163,0.11365653574466705,0.10230916738510132,0.0041040657088160515
radial,60,-2.844733599987295,0.43199998140335083,-0.020482081919908524,2429.253662109375,0.0027754721231758595,0.03364300727844238,0.11307217925786972,0.10177743434906006,0.004050379153341055
radial,60,-2.8130101660887403,0.43199998140335083,-0.020253673195838928,2421.64306640625,0.0026926370337605476,0.03429989516735077,0.11248691380023956,0.10124421119689941,0.0039963689632713795
radial,60,-2.781442470020718,0.43199998140335083,-0.02002638578414917,2413.970703125,0.0026126571465283632,0.03495468571782112,0.11190090328454971,0.10070975124835968,0.003942117094993591
radial,60,-2.7500299943817987,0.43199998140335083,-0.01980021595954895,2406.239990234375,0.002535424195230007,0.035607077181339264,0.11131428927183151,0.10017427057027817,0.0038877022452652454
radial,60,-2.718771704369121,0.43199998140335083,-0.019575156271457672,2398.454833984375,0.0024608345702290535,0.03625677898526192,0.1107272282242775,0.09963800013065338,0.0038331993855535984
radial,60,-2.6876670825812554,0.43199998140335083,-0.019351202994585037,2390.61865234375,0.002388788154348731,0.03690352290868759,0.11013984680175781,0.09910112619400024,0.003778685349971056
radial,60,-2.656715352916055,0.43199998140335083,-0.019128350540995598,2382.734375,0.0023191894870251417,0.037547048181295395,0.1095522940158844,0.09856387972831726,0.003724233713001013
radial,60,-2.6259152218699455,0.43199998140335083,-0.018906589597463608,2374.8056640625,0.002251946134492755,0.03818711265921593,0.1089647114276886,0.09802641719579697,0.0036699119955301285
radial,60,-2.595266948143641,0.43199998140335083,-0.018685922026634216,2366.834716796875,0.002186969853937626,0.03882348909974098,0.10837721824645996,0.09748893231153488,0.003615778870880604
radial,60,-2.564768979532851,0.43199998140335083,-0.018466336652636528,2358.824951171875,0.00212417496368289,0.03945596516132355,0.10778993368148804,0.09695158898830414,0.003561887890100479
radial,60,-2.53442053993543,0.43199998140335083,-0.018247827887535095,2350.779541015625,0.0020634811371564865,0.04008433595299721,0.10720297694206238,0.09641455113887787,0.0035082863178104162
radial,60,-2.5042213706506624,0.43199998140335083,-0.01803039386868477,2342.7001953125,0.0020048092119395733,0.04070840775966644,0.10661648213863373,0.09587795287370682,0.003455017227679491
radial,60,-2.474170695576403,0.43199998140335083,-0.0178140290081501,2334.59033203125,0.0019480844493955374,0.041328005492687225,0.10603053867816925,0.09534196555614471,0.0034021190367639065
radial,60,-2.444267997311221,0.43199998140335083,-0.017598729580640793,2326.4521484375,0.001893234788440168,0.04194296896457672,0.10544528067111969,0.09480670094490051,0.0033496262039989233
radial,60,-2.4145117236508264,0.43199998140335083,-0.01738448441028595,2318.287841796875,0.0018401914276182652,0.0425531342625618,0.10486079752445221,0.09427230060100555,0.003297570161521435
radial,60,-2.384901615894503,0.43199998140335083,-0.017171291634440422,2310.10009765625,0.0017888876609504223,0.04315834864974022,0.10427719354629517,0.09373889863491058,0.0032459786161780357
radial,60,-2.355436897940106,0.43199998140335083,-0.016959145665168762,2301.890869140625,0.0017392603913322091,0.04375848174095154,0.10369455814361572,0.09320658445358276,0.0031948769465088844
radial,60,-2.3261173110869198,0.43199998140335083,-0.01674804463982582,2293.662109375,0.0016912478022277355,0.044353410601615906,0.10311299562454224,0.09267546236515045,0.0031442870385944843
radial,60,-2.2969415618313684,0.43199998140335083,-0.016537979245185852,2285.416259765625,0.0016447913367301226,0.04494301229715347,0.10253260284662247,0.09214566648006439,0.003094228683039546
radial,60,-2.2679091327720218,0.43199998140335083,-0.016328945755958557,2277.15478515625,0.0015998345334082842,0.04552718251943588,0.10195344686508179,0.09161727130413055,0.003044719807803631
radial,60,-2.2390189891060195,0.43199998140335083,-0.01612093672156334,2268.88037109375,0.0015563234919682145,0.04610581696033478,0.10137560963630676,0.0910903662443161,0.0029957760125398636
radial,60,-2.210271130833361,0.43199998140335083,-0.0159139521420002,2260.593994140625,0.0015142059419304132,0.0466788187623024,0.10079919546842575,0.09056505560874939,0.0029474105685949326
radial,60,-2.181664523151186,0.43199998140335083,-0.015707984566688538,2252.2978515625,0.0014734319411218166,0.047246113419532776,0.10022425651550293,0.0900413990020752,0.0028996351175010204
radial,60,-2.1531981312566333,0.43199998140335083,-0.01550302654504776,2243.99365234375,0.0014339534100145102,0.047807611525058746,0.09965088218450546,0.08951948583126068,0.002852459903806448
radial,60,-2.124871825799346,0.43199998140335083,-0.015299077145755291,2235.6826171875,0.0013957240153104067,0.048363253474235535,0.09907913208007812,0.08899937570095062,0.002805892378091812
radial,60,-2.096684701326821,0.43199998140335083,-0.015096129849553108,2227.36669921875,0.0013586997520178556,0.04891296476125717,0.09850907325744629,0.08848114311695099,0.002759940456598997
radial,60,-2.0686358523865542,0.43199998140335083,-0.01489417813718319,2219.04736328125,0.0013228377792984247,0.04945668950676918,0.09794077277183533,0.08796484768390656,0.0027146092616021633
radial,60,-2.0407250202778315,0.43199998140335083,-0.014693220146000385,2210.7255859375,0.0012880971189588308,0.04999437928199768,0.09737429022789001,0.08745056390762329,0.0026699029840528965
radial,60,-2.012951040847434,0.43199998140335083,-0.014493247494101524,2202.4033203125,0.0012544384226202965,0.050525978207588196,0.09680967032909393,0.08693832159042358,0.002625824883580208
radial,60,-1.9853136553946469,0.43199998140335083,-0.014294258318841457,2194.08154296875,0.0012218242045491934,0.05105144530534744,0.09624699503183365,0.0864281952381134,0.00258237705565989
radial,60,-1.9578120878173246,0.43199998140335083,-0.014096247032284737,2185.761474609375,0.0011902179103344679,0.05157075077295303,0.09568630158901215,0.08592021465301514,0.002539560664445162
radial,60,-1.9304455620133214,0.43199998140335083,-0.013899208046495914,2177.444580078125,0.0011595843825489283,0.052083857357501984,0.0951276421546936,0.08541443943977356,0.0024973759427666664
radial,60,-1.9032133018804922,0.43199998140335083,-0.013703135773539543,2169.132080078125,0.0011298902099952102,0.052590735256671906,0.0945710688829422,0.08491091430187225,0.002455822192132473
radial,60,-1.8761150487181213,0.43199998140335083,-0.013508028350770473,2160.824951171875,0.001101102912798524,0.05309136211872101,0.09401662647724152,0.08440966159105301,0.0024148975498974323
radial,60,-1.8491497677233484,0.43199998140335083,-0.013313878327608109,2152.52392578125,0.0010731914080679417,0.053585730493068695,0.09346435964107513,0.08391073346138,0.00237460108473897
radial,60,-1.8223170708451006,0.43199998140335083,-0.013120682910084724,2144.23095703125,0.001046125777065754,0.05407381057739258,0.09291430562734604,0.08341415226459503,0.002334929071366787
radial,60,-1.7956160526308749,0.43199998140335083,-0.012928435578942299,2135.9462890625,0.0010198774980381131,0.05455559492111206,0.09236650168895721,0.08291997015476227,0.00229587871581316
radial,60,-1.7690461956792407,0.43199998140335083,-0.012737132608890533,2127.671142578125,0.0009944186313077807,0.05503106862306595,0.09182099997997284,0.08242819458246231,0.002257446525618434
radial,60,-1.742606982588768,0.43199998140335083,-0.01254677027463913,2119.406494140625,0.0009697227505967021,0.05550024285912514,0.0912778228521347,0.08193886280059814,0.0022196280770003796
radial,60,-1.716297637257311,0.43199998140335083,-0.01235734298825264,2111.1533203125,0.0009457642445340753,0.055963099002838135,0.09073701500892639,0.08145201206207275,0.002182419179007411
radial,60,-1.6901176422834396,0.43199998140335083,-0.012168847024440765,2102.912109375,0.0009225184330716729,0.056419648230075836,0.09019859880208969,0.08096764981746674,0.002145814709365368
radial,60,-1.6640660922146506,0.43199998140335083,-0.011981275863945484,2094.6845703125,0.0008999614510685205,0.05686988681554794,0.08966261148452759,0.08048580586910248,0.002109808847308159
radial,60,-1.638142340299156,0.43199998140335083,-0.011794624850153923,2086.470458984375,0.0008780704811215401,0.05731383338570595,0.08912909030914307,0.08000651001930237,0.0020743960049003363
radial,60,-1.6123462571865983,0.43199998140335083,-0.011608893051743507,2078.271240234375,0.0008568233461119235,0.05775148794054985,0.08859804272651672,0.0795297622680664,0.0020395703613758087
radial,60,-1.5866766787237592,0.43199998140335083,-0.011424072086811066,2070.087646484375,0.0008361990330740809,0.058182865381240845,0.08806951344013214,0.07905557751655579,0.0020053256303071976
radial,60,-1.5611333462099235,0.43199998140335083,-0.011240160092711449,2061.919921875,0.0008161769364960492,0.05860798805952072,0.08754352480173111,0.07858399301767349,0.001971655525267124
radial,60,-1.5357154835429456,0.43199998140335083,-0.011057151481509209,2053.76953125,0.0007967373821884394,0.05902686342597008,0.08702008426189423,0.07811501622200012,0.0019385534105822444
radial,60,-1.5104224439710379,0.43199998140335083,-0.010875041596591473,2045.63623046875,0.0007778614526614547,0.059439517557621,0.08649922907352448,0.07764863967895508,0.0019060121849179268
radial,60,-1.485253580742412,0.43199998140335083,-0.010693825781345367,2037.521240234375,0.0007595308125019073,0.05984596908092499,0.08598096668720245,0.07718488574028015,0.0018740248633548617
radial,60,-1.4602082471052806,0.43199998140335083,-0.01051349937915802,2029.425048828125,0.0007417278829962015,0.06024623662233353,0.08546533435583115,0.07672378420829773,0.0018425846938043833
radial,60,-1.4352863137092855,0.43199998140335083,-0.010334061458706856,2021.3485107421875,0.0007244357257150114,0.060640349984169006,0.08495233952999115,0.07626532018184662,0.0018116843421012163
radial,60,-1.4104866164012089,0.43199998140335083,-0.010155503638088703,2013.291748046875,0.0007076379260979593,0.06102834269404411,0.08444198966026306,0.07580950856208801,0.0017813164740800858
radial,60,-1.3858085084292624,0.43199998140335083,-0.009977821260690689,2005.255615234375,0.0006913184770382941,0.061410240828990936,0.08393432199954987,0.07535634934902191,0.0017514735227450728
radial,60,-1.3612518604430888,0.43199998140335083,-0.009801013395190239,1997.240234375,0.0006754617788828909,0.06178608909249306,0.08342930674552917,0.07490584254264832,0.001722147106193006
radial,60,-1.3368160256909,0.43199998140335083,-0.00962507538497448,1989.24609375,0.0006600527558475733,0.06215592473745346,0.08292695879936218,0.07445797324180603,0.0016933290753513575
radial,60,-1.3124999693698354,0.43199998140335083,-0.009449999779462814,1981.2745361328125,0.0006450793007388711,0.06251973658800125,0.08242735266685486,0.07401280850172043,0.0016650159377604723
radial,60,-1.288194390427735,0.43199998140335083,-0.009274999611079693,1973.2919921875,0.0006304661510512233,0.06287907063961029,0.08192838728427887,0.07356845587491989,0.001637081615626812
radial,60,-1.263888811485635,0.43199998140335083,-0.009099999442696571,1965.2939453125,0.000616195728071034,0.06323413550853729,0.08142973482608795,0.07312464714050293,0.001609506318345666
radial,60,-1.2401969999902778,0.43199998140335083,-0.00892941839993,1957.47998046875,0.0006026022601872683,0.06357624381780624,0.08094383031129837,0.07269241660833359,0.0015829596668481827
radial,60,-1.2167224970956643,0.43199998140335083,-0.008760401979088783,1949.721435546875,0.0005894367932341993,0.06391123682260513,0.08046260476112366,0.07226456701755524,0.0015569820534437895
radial,60,-1.1934633625464308,0.43199998140335083,-0.008592936210334301,1942.020751953125,0.0005766870453953743,0.06423914432525635,0.07998615503311157,0.07184119522571564,0.0015315677737817168
radial,60,-1.1704177854375708,0.43199998140335083,-0.008427008055150509,1934.3779296875,0.0005643373588100076,0.06456007063388824,0.07951445877552032,0.0714222639799118,0.00150670378934592
radial,60,-1.1475834374626477,0.43199998140335083,-0.008262600749731064,1926.7923583984375,0.0005523719592019916,0.06487415730953217,0.07904745638370514,0.07100769132375717,0.0014823749661445618
radial,60,-1.124959025118086,0.43199998140335083,-0.00809970498085022,1919.2637939453125,0.0005407765274867415,0.06518150866031647,0.07858510315418243,0.07059744000434875,0.0014585689641535282
radial,60,-1.102541961396734,0.43199998140335083,-0.007938302122056484,1911.79248046875,0.0005295377923175693,0.0654822438955307,0.07812735438346863,0.07019148766994476,0.001435273909009993
radial,60,-1.0803306940943003,0.43199998140335083,-0.007778380997478962,1904.3782958984375,0.0005186426569707692,0.06577645987272263,0.07767421007156372,0.06978979706764221,0.0014124775771051645
radial,60,-1.0583232829554214,0.43199998140335083,-0.007619927637279034,1897.021240234375,0.0005080787232145667,0.0660642683506012,0.07722561806440353,0.06939230859279633,0.0013901684433221817
radial,60,-1.0365177230495546,0.43199998140335083,-0.007462927605956793,1889.72119140625,0.0004978339420631528,0.06634578853845596,0.07678154110908508,0.06899900734424591,0.0013683349825441837
radial,60,-1.0149123328220513,0.43199998140335083,-0.0073073687963187695,1882.477783203125,0.0004878970794379711,0.06662110239267349,0.07634194195270538,0.06860983371734619,0.0013469660189002752
radial,60,-0.9935051720175478,0.43199998140335083,-0.007153237238526344,1875.29150390625,0.00047825713409110904,0.06689032912254333,0.07590681314468384,0.06822478026151657,0.0013260506093502045
radial,60,-0.9722944297310379,0.43199998140335083,-0.007000519894063473,1868.162109375,0.00046890368685126305,0.06715357303619385,0.07547609508037567,0.06784377992153168,0.001305578276515007
radial,60,-0.9512783597326941,0.43199998140335083,-0.0068492041900753975,1861.0889892578125,0.0004598265513777733,0.06741093099117279,0.07504976540803909,0.06746681779623032,0.001285538193769753
radial,60,-0.9304552157926891,0.43199998140335083,-0.006699277553707361,1854.0723876953125,0.00045101612340658903,0.06766250729560852,0.07462778687477112,0.0670938491821289,0.001265920465812087
radial,60,-0.9098231223308378,0.43199998140335083,-0.006550726480782032,1847.112060546875,0.00044246314791962504,0.0679084062576294,0.07421012222766876,0.06672482937574387,0.0012467149645090103
radial,60,-0.8893803331173129,0.43199998140335083,-0.0064035383984446526,1840.2080078125,0.0004341586900409311,0.06814873218536377,0.07379673421382904,0.06635972112417221,0.001227912143804133
radial,60,-0.8691251019222869,0.43199998140335083,-0.0062577007338404655,1833.35986328125,0.0004260942805558443,0.06838357448577881,0.07338759303092957,0.06599850207567215,0.0012095023412257433
radial,60,-0.8490557471911113,0.43199998140335083,-0.006113201379776001,1826.567626953125,0.0004182616830803454,0.06861303001642227,0.07298266142606735,0.0656411200761795,0.0011914761271327734
radial,60,-0.8291705873691374,0.43199998140335083,-0.005970028229057789,1819.830810546875,0.00041065283585339785,0.06883720308542252,0.07258190214633942,0.06528753787279129,0.0011738244211301208
radial,60,-0.8094679409017166,0.43199998140335083,-0.005828169174492359,1813.1494140625,0.00040326023008674383,0.0690561980009079,0.07218527793884277,0.06493771076202393,0.0011565382592380047
radial,60,-0.7899461262342002,0.43199998140335083,-0.005687612108886242,1806.5228271484375,0.0003960766480304301,0.06927009671926498,0.07179274410009384,0.06459161639213562,0.0011396089103072882
radial,60,-0.7706033971367611,0.43199998140335083,-0.00554834445938468,1799.951416015625,0.00038909493014216423,0.06947898864746094,0.07140427827835083,0.0642492026090622,0.0011230279924347997
radial,60,-0.7514381367299292,0.43199998140335083,-0.00541035458445549,1793.434326171875,0.00038230829522944987,0.06968299299478531,0.07101981341838837,0.06391043215990067,0.0011067867744714022
radial,60,-0.7324487281342348,0.43199998140335083,-0.00527363084256649,1786.9718017578125,0.00037571066059172153,0.06988217681646347,0.07063935697078705,0.06357528269290924,0.0010908781550824642
radial,60,-0.7136336838205656,0.43199998140335083,-0.005138162523508072,1780.563720703125,0.00036929588532075286,0.07007663697004318,0.0702628642320633,0.06324373185634613,0.001075294567272067
radial,60,-0.6949911928839154,0.43199998140335083,-0.005003936588764191,1774.20361328125,0.00036305232788436115,0.07026661932468414,0.06988994777202606,0.06291542202234268,0.0010600141249597073
radial,60,-0.6765198324703509,0.43199998140335083,-0.004870942793786526,1767.95166015625,0.0003569519321899861,0.07045076042413712,0.06952317804098129,0.06259247660636902,0.0010451119160279632
radial,60,-0.6582180503755808,0.43199998140335083,-0.004739169962704182,1761.80517578125,0.00035098951775580645,0.07062917202711105,0.06916239857673645,0.06227477639913559,0.001030577695928514
radial,60,-0.6400841003697779,0.43199998140335083,-0.004608605522662401,1755.8028564453125,0.0003450498334132135,0.07080325484275818,0.06880918890237808,0.061963580548763275,0.001016461057588458
radial,60,-0.6221166242741877,0.43199998140335083,-0.004479239694774151,1749.94287109375,0.0003391323843970895,0.07097306847572327,0.06846347451210022,0.061658814549446106,0.001002754201181233
radial,60,-0.60431400520934,0.43199998140335083,-0.004351060837507248,1744.125,0.0003333664790261537,0.07113883644342422,0.06812095642089844,0.06135695055127144,0.0009893110254779458
radial,60,-0.5866746262957653,0.43199998140335083,-0.00422405730932951,1738.3543701171875,0.0003277524374425411,0.07130049169063568,0.06778194010257721,0.061058249324560165,0.000976137409452349
radial,60,-0.5691973233802451,0.43199998140335083,-0.004098220728337765,1732.6302490234375,0.00032228499185293913,0.0714581236243248,0.06744635850191116,0.060762643814086914,0.0009632263099774718
radial,60,-0.5518803502329522,0.43199998140335083,-0.003973538521677256,1726.9508056640625,0.0003169576812069863,0.07161187380552292,0.06711406260728836,0.06047002226114273,0.0009505673078820109
radial,60,-0.5347222193247743,0.43199998140335083,-0.0038499999791383743,1721.308837890625,0.0003117596497759223,0.07176200300455093,0.06678463518619537,0.06017998605966568,0.0009381391573697329
radial,60,-0.5173611053679552,0.43199998140335083,-0.0037249999586492777,1715.5780029296875,0.0003065747441723943,0.07191178947687149,0.06645070016384125,0.05988605320453644,0.0009256651974283159
radial,60,-0.49999999141113627,0.43199998140335083,-0.003599999938160181,1709.8619384765625,0.00030151032842695713,0.07205851376056671,0.06611829996109009,0.059593554586172104,0.000913336465600878
radial,60,-0.47727268085711533,0.43199998140335083,-0.0034363633021712303,1702.52587890625,0.0002951405185740441,0.07224367558956146,0.06569159775972366,0.05921800434589386,0.0008975379751063883
radial,60,-0.4545454673158626,0.43199998140335083,-0.0032727273646742105,1695.4168701171875,0.0002888788003474474,0.07242174446582794,0.06527574360370636,0.05885151028633118,0.0008821329101920128
radial,60,-0.43181818909943104,0.43199998140335083,-0.0031090909615159035,1688.45751953125,0.00028253128402866423,0.0725950077176094,0.0648663192987442,0.05849015712738037,0.0008670151000842452
radial,60,-0.4090908785454101,0.43199998140335083,-0.0029454543255269527,1681.525390625,0.00027620833134278655,0.07276423275470734,0.06445863842964172,0.05813022702932358,0.0008521126583218575
radial,60,-0.386363632666568,0.43199998140335083,-0.0027818181551992893,1674.5814208984375,0.00027002813294529915,0.07292905449867249,0.06405150890350342,0.05777090787887573,0.0008374355966225266
radial,60,-0.36363632211254704,0.43199998140335083,-0.0026181815192103386,1667.6280517578125,0.000263990368694067,0.07308941334486008,0.06364507228136063,0.057412318885326385,0.0008229869417846203
radial,60,-0.3409090762337049,0.43199998140335083,-0.002454545348882675,1660.6641845703125,0.00025809090584516525,0.0732453390955925,0.06323926150798798,0.05705440789461136,0.0008087614551186562
radial,60,-0.31818183035486275,0.43199998140335083,-0.0022909091785550117,1653.690185546875,0.00025232648476958275,0.07339683920145035,0.06283408403396606,0.056697163730859756,0.0007947557023726404
radial,60,-0.2954545521384312,0.43199998140335083,-0.0021272727753967047,1646.7060546875,0.0002466941368766129,0.07354393601417542,0.06242954730987549,0.056340597569942474,0.0007809671806171536
radial,60,-0.2727272739219997,0.43199998140335083,-0.0019636363722383976,1639.71240234375,0.00024119109730236232,0.0736866146326065,0.062025658786296844,0.05598471313714981,0.000767393154092133
radial,60,-0.24999999570556813,0.43199998140335083,-0.0017999999690800905,1632.709228515625,0.00023581442655995488,0.0738249123096466,0.06162243336439133,0.055629514157772064,0.0007540308288298547
radial,60,-0.2272727336579313,0.43199998140335083,-0.0016363636823371053,1625.697021484375,0.0002305614179931581,0.07395882159471512,0.061219871044158936,0.05527500808238983,0.0007408774108625948
radial,60,-0.20454543927270505,0.43199998140335083,-0.0014727271627634764,1618.67578125,0.00022542933584190905,0.07408836483955383,0.06081797182559967,0.05492119491100311,0.0007279303390532732
radial,60,-0.18181816105627352,0.43199998140335083,-0.0013090907596051693,1611.645751953125,0.00022041553165763617,0.07421351969242096,0.06041675806045532,0.05456807464361191,0.0007151867030188441
radial,60,-0.15909091517743137,0.43199998140335083,-0.0011454545892775059,1604.607421875,0.0002155174151994288,0.07433432340621948,0.06001622602343559,0.054215654730796814,0.0007026439998298883
radial,60,-0.13636363696099985,0.43199998140335083,-0.0009818181861191988,1597.560791015625,0.00021073246898595244,0.0744507759809494,0.05961638316512108,0.053863927721977234,0.0006902993773110211
radial,60,-0.11363636682896565,0.43199998140335083,-0.0008181818411685526,1590.506103515625,0.00020605820463970304,0.07456289231777191,0.05921723693609238,0.05351290851831436,0.0006781503325328231
radial,60,-0.09090908052813676,0.43199998140335083,-0.0006545453798025846,1583.443359375,0.00020149225019849837,0.07467066496610641,0.05881878733634949,0.0531625971198082,0.0006661941879428923
radial,60,-0.06818181848049992,0.43199998140335083,-0.0004909090930595994,1576.3734130859375,0.00019703229190781713,0.0747741162776947,0.058421045541763306,0.05281299352645874,0.0006544284988194704
radial,60,-0.04545454026406838,0.43199998140335083,-0.0003272726899012923,1569.2958984375,0.00019267600146122277,0.07487322390079498,0.058024026453495026,0.05246410146355629,0.0006428507040254772
radial,60,-0.02272727013203419,0.43199998140335083,-0.00016363634495064616,1562.21142578125,0.00018842119607143104,0.07496804744005203,0.05762773007154465,0.052115924656391144,0.0006314583588391542
radial,60,0.0,0.43199998140335083,0.0,1555.1201171875,0.00018426570750307292,0.07505854964256287,0.05723216384649277,0.0517684742808342,0.0006202489603310823
radial,60,0.02272727013203419,0.43199998140335083,0.00016363634495064616,1548.0223388671875,0.00018020745483227074,0.07514476776123047,0.05683734640479088,0.05142175406217575,0.0006092202384024858
radial,60,0.04545454026406838,0.43199998140335083,0.0003272726899012923,1540.918212890625,0.0001762443280313164,0.07522668689489365,0.05644327774643898,0.0510757640004158,0.0005983697483316064
radial,60,0.06818181848049992,0.43199998140335083,0.0004909090930595994,1533.80810546875,0.00017237439169548452,0.07530432939529419,0.05604996532201767,0.05073051154613495,0.0005876951036043465
radial,60,0.09090908052813676,0.43199998140335083,0.0006545453798025846,1526.6922607421875,0.0001685956522123888,0.0753777027130127,0.05565742403268814,0.05038600414991379,0.0005771940341219306
radial,60,0.11363636682896565,0.43199998140335083,0.0008181818411685526,1519.5709228515625,0.00016490620328113437,0.07544681429862976,0.05526566505432129,0.050042249262332916,0.0005668642115779221
radial,60,0.13636363696099985,0.43199998140335083,0.0009818181861191988,1512.444580078125,0.0001613042550161481,0.07551167905330658,0.054874688386917114,0.049699246883392334,0.0005567035404965281
radial,60,0.15909091517743137,0.43199998140335083,0.0011454545892775059,1505.313232421875,0.00015778793022036552,0.07557229697704315,0.054484523832798004,0.04935701563954353,0.000546709808986634
radial,60,0.18181816105627352,0.43199998140335083,0.0013090907596051693,1498.177490234375,0.00015435552631970495,0.07562867552042007,0.05409517139196396,0.04901555925607681,0.0005368807469494641
radial,60,0.20454543927270505,0.43199998140335083,0.0014727271627634764,1491.0377197265625,0.0001510052679805085,0.07568082958459854,0.053706638514995575,0.048674874007701874,0.0005272142007015646
radial,60,0.2272727336579313,0.43199998140335083,0.0016363636823371053,1483.893798828125,0.00014773549628444016,0.07572876662015915,0.053318943828344345,0.04833497852087021,0.0005177080165594816
radial,60,0.24999999570556813,0.43199998140335083,0.0017999999690800905,1476.74658203125,0.00014454458141699433,0.0757724940776825,0.052932098507881165,0.047995880246162415,0.0005083602154627442
radial,60,0.2727272739219997,0.43199998140335083,0.0019636363722383976,1469.595947265625,0.0001414309226674959,0.07581202685832977,0.05254611372947693,0.04765758663415909,0.0004991686437278986
radial,60,0.2954545521384312,0.43199998140335083,0.0021272727753967047,1462.442626953125,0.000138392933877185,0.07584735751152039,0.05216100066900253,0.047320105135440826,0.0004901312058791518
radial,60,0.31818183035486275,0.43199998140335083,0.0022909091785550117,1455.2864990234375,0.00013542911619879305,0.07587851583957672,0.051776766777038574,0.04698343947529793,0.0004812458355445415
radial,60,0.3409090762337049,0.43199998140335083,0.002454545348882675,1448.1282958984375,0.00013253791257739067,0.07590551674365997,0.051393430680036545,0.04664760082960129,0.00047251052455976605
radial,60,0.36363632211254704,0.43199998140335083,0.0026181815192103386,1440.9681396484375,0.00012971794058103114,0.07592834532260895,0.05101100727915764,0.0463126040995121,0.00046392332296818495
radial,60,0.386363632666568,0.43199998140335083,0.0027818181551992893,1433.8065185546875,0.00012696770136244595,0.07594703137874603,0.05062950402498245,0.045978449285030365,0.0004554821061901748
radial,60,0.4090908785454101,0.43199998140335083,0.0029454543255269527,1426.6429443359375,0.00012428563786670566,0.07596157491207123,0.050248898565769196,0.04564511775970459,0.00044718431308865547
radial,60,0.43181818909943104,0.43199998140335083,0.0031090909615159035,1419.478515625,0.00012167055683676153,0.07597199082374573,0.04986923187971115,0.04531264677643776,0.00043902857578359544
radial,60,0.4545454673158626,0.43199998140335083,0.0032727273646742105,1412.322998046875,0.00011912452464457601,0.07597829401493073,0.0494910329580307,0.044981490820646286,0.0004310236545279622
radial,60,0.47727268085711533,0.43199998140335083,0.0034363633021712303,1405.183349609375,0.00011664828343782574,0.07598049938678741,0.0491146482527256,0.044651955366134644,0.00042317435145378113
radial,60,0.49999999141113627,0.43199998140335083,0.003599999938160181,1398.0328369140625,0.0001142313121818006,0.07597861438989639,0.04873865097761154,0.04432278126478195,0.00041544923442415893
radial,60,0.5173611053679552,0.43199998140335083,0.0037249999586492777,1392.542724609375,0.00011241699394304305,0.07597445696592331,0.04845059663057327,0.04407062381505966,0.00040960777550935745
radial,60,0.5347222193247743,0.43199998140335083,0.0038499999791383743,1387.044189453125,0.00011063563579227775,0.07596787810325623,0.04816267639398575,0.04381858929991722,0.0004038353217765689
radial,60,0.5518803502329522,0.43199998140335083,0.003973538521677256,1381.6221923828125,0.00010891341662500054,0.07595907151699066,0.04787932708859444,0.04357057064771652,0.0003982183407060802
radial,60,0.5691973233802451,0.43199998140335083,0.004098220728337765,1376.1578369140625,0.00010721167200244963,0.0759478434920311,0.047594308853149414,0.04332110285758972,0.00039263194776140153
radial,60,0.5866746262957653,0.43199998140335083,0.00422405730932951,1370.6431884765625,0.00010552838648436591,0.07593412697315216,0.04730723798274994,0.04306985065340996,0.00038706930354237556
radial,60,0.60431400520934,0.43199998140335083,0.004351060837507248,1365.0771484375,0.00010386346548330039,0.07591786235570908,0.04701804369688034,0.04281675070524216,0.000381529942387715
radial,60,0.6221166242741877,0.43199998140335083,0.004479239694774151,1359.458984375,0.00010221719276160002,0.07589897513389587,0.04672672599554062,0.04256180301308632,0.0003760146501008421
radial,60,0.6400841003697779,0.43199998140335083,0.004608605522662401,1353.78857421875,0.0001005899248411879,0.07587741315364838,0.046433284878730774,0.042305007576942444,0.0003705243580043316
radial,60,0.6582180503755808,0.43199998140335083,0.004739169962704182,1348.0660400390625,9.898195276036859e-05,0.07585309445858002,0.046137724071741104,0.04204636067152023,0.00036506002652458847
radial,60,0.6765198324703509,0.43199998140335083,0.004870942793786526,1342.2908935546875,9.73936403170228e-05,0.07582596689462662,0.045840054750442505,0.04178587719798088,0.000359622499672696
radial,60,0.6949911928839154,0.43199998140335083,0.005003936588764191,1336.4630126953125,9.582526399753988e-05,0.0757959634065628,0.04554026573896408,0.04152354970574379,0.00035421259235590696
radial,60,0.7136336838205656,0.43199998140335083,0.005138162523508072,1330.58203125,9.427712939213961e-05,0.07576300203800201,0.04523836821317673,0.04125937819480896,0.0003488311776891351
radial,60,0.7324487281342348,0.43199998140335083,0.00527363084256649,1324.64794921875,9.274955664295703e-05,0.07572703063488007,0.044934362173080444,0.04099337011575699,0.0003434790123719722
radial,60,0.7514381367299292,0.43199998140335083,0.00541035458445549,1318.6605224609375,9.124286589212716e-05,0.07568797469139099,0.04462825506925583,0.04072552174329758,0.0003381570859346539
radial,60,0.7706033971367611,0.43199998140335083,0.00554834445938468,1312.61962890625,8.975737728178501e-05,0.07564576715230942,0.04432005435228348,0.04045584797859192,0.0003328662132844329
radial,60,0.7899461262342002,0.43199998140335083,0.005687612108886242,1306.52490234375,8.829336002236232e-05,0.07560031861066818,0.04400975629687309,0.04018433764576912,0.0003276071511209011
radial,60,0.8094679409017166,0.43199998140335083,0.005828169174492359,1300.376220703125,8.685114153195173e-05,0.0755515843629837,0.04369737207889557,0.03991100192070007,0.00032238068524748087
radial,60,0.8291705873691374,0.43199998140335083,0.005970028229057789,1294.173583984375,8.543100557290018e-05,0.07549946755170822,0.043382905423641205,0.03963584452867508,0.0003171876887790859
radial,60,0.8490557471911113,0.43199998140335083,0.006113201379776001,1287.9166259765625,8.403328683925793e-05,0.07544390857219696,0.0430663600564003,0.039358869194984436,0.000312028918415308
radial,60,0.8691251019222869,0.43199998140335083,0.0062577007338404655,1281.6053466796875,8.265827636932954e-05,0.07538482546806335,0.042747750878334045,0.03908008337020874,0.00030690524727106094
radial,60,0.8893803331173129,0.43199998140335083,0.0064035383984446526,1275.239501953125,8.13062724773772e-05,0.07532214373350143,0.04242708161473274,0.03879948705434799,0.00030181731563061476
radial,60,0.9098231223308378,0.43199998140335083,0.006550726480782032,1268.819091796875,7.997755892574787e-05,0.07525578886270523,0.04210435599088669,0.03851708397269249,0.0002967658801935613
radial,60,0.9304552157926891,0.43199998140335083,0.006699277553707361,1262.343994140625,7.867245585657656e-05,0.07518568634986877,0.04177958518266678,0.03823288530111313,0.0002917516976594925
radial,60,0.9512783597326941,0.43199998140335083,0.0068492041900753975,1255.813720703125,7.739127613604069e-05,0.0751117542386055,0.04145278036594391,0.037946898490190506,0.0002867755538318306
radial,60,0.9722944297310379,0.43199998140335083,0.007000519894063473,1249.228759765625,7.613431080244482e-05,0.07503391802310944,0.04112395644187927,0.03765913099050522,0.0002818381763063371
radial,60,0.9935051720175478,0.43199998140335083,0.007153237238526344,1242.5888671875,7.490187999792397e-05,0.07495208829641342,0.04079312086105347,0.037369586527347565,0.0002769401762634516
radial,60,1.0149123328220513,0.43199998140335083,0.0073073687963187695,1235.8935546875,7.369426020886749e-05,0.07486619055271149,0.04046027362346649,0.03707828372716904,0.00027208225219510496
radial,60,1.0365177230495546,0.43199998140335083,0.007462927605956793,1229.14306640625,7.251176430145279e-05,0.07477614283561707,0.040125444531440735,0.03678521513938904,0.00026726507348939776
radial,60,1.0583232829554214,0.43199998140335083,0.007619927637279034,1222.3375244140625,7.13547196937725e-05,0.07468187063932419,0.039788637310266495,0.03649040311574936,0.0002624893677420914
radial,60,1.0803306940943003,0.43199998140335083,0.007778380997478962,1215.476806640625,7.022345380391926e-05,0.07458328455686569,0.03944987803697586,0.036193858832120895,0.00025775571702979505
radial,60,1.102541961396734,0.43199998140335083,0.007938302122056484,1208.5609130859375,6.911825039424002e-05,0.07448030263185501,0.03910917043685913,0.03589559346437454,0.00025306473253294826
radial,60,1.124959025118086,0.43199998140335083,0.00809970498085022,1201.5897216796875,6.803942960686982e-05,0.07437284290790558,0.0387665331363678,0.0355956107378006,0.00024841693812049925
radial,60,1.1475834374626477,0.43199998140335083,0.008262600749731064,1194.563232421875,6.69873261358589e-05,0.07426081597805023,0.03842198848724365,0.035293933004140854,0.0002438129304209724
radial,60,1.1704177854375708,0.43199998140335083,0.008427008055150509,1187.48193359375,6.59622746752575e-05,0.0741441398859024,0.03807555139064789,0.034990571439266205,0.00023925333516672254
radial,60,1.1934633625464308,0.43199998140335083,0.008592936210334301,1180.345458984375,6.496459536720067e-05,0.07402274012565613,0.03772725164890289,0.03468554466962814,0.00023473863257095218
radial,60,1.2167224970956643,0.43199998140335083,0.008760401979088783,1173.153076171875,6.399452104233205e-05,0.07389651238918304,0.03737705945968628,0.034378837794065475,0.00023026886628940701
radial,60,1.2401969999902778,0.43199998140335083,0.00892941839993,1165.905029296875,6.305237911874428e-05,0.0737653523683548,0.03702499344944954,0.0340704508125782,0.0002258442691527307
radial,60,1.263888811485635,0.43199998140335083,0.009099999442696571,1158.603271484375,6.213878805283457e-05,0.07362924516201019,0.03667118027806282,0.03376049920916557,0.00022146670380607247
radial,60,1.288194390427735,0.43199998140335083,0.009274999611079693,1151.12890625,6.124002538854256e-05,0.07348574697971344,0.03630988299846649,0.03344394639134407,0.00021706683037336916
radial,60,1.3124999693698354,0.43199998140335083,0.009449999779462814,1143.668212890625,6.037924322299659e-05,0.07333831489086151,0.03595013543963432,0.033128708600997925,0.00021275549079291523
radial,60,1.3368160256909,0.43199998140335083,0.00962507538497448,1136.216064453125,5.955524102319032e-05,0.07318688929080963,0.035591691732406616,0.032814569771289825,0.00020852789748460054
radial,60,1.3612518604430888,0.43199998140335083,0.009801013395190239,1128.7415771484375,5.876426075701602e-05,0.07303079962730408,0.03523305058479309,0.032500214874744415,0.00020436494378373027
radial,60,1.3858085084292624,0.43199998140335083,0.009977821260690689,1121.245361328125,5.800632789032534e-05,0.07287004590034485,0.03487425670027733,0.03218567371368408,0.00020026633865199983
radial,60,1.4104866164012089,0.43199998140335083,0.010155503638088703,1113.72216796875,5.7280682085547596e-05,0.07270446419715881,0.03451506420969963,0.031870730221271515,0.00019622828403953463
radial,60,1.4352863137092855,0.43199998140335083,0.010334061458706856,1106.250732421875,5.6481658248230815e-05,0.07253991067409515,0.034157928079366684,0.0315571054816246,0.0001922166848089546
radial,60,1.4602082471052806,0.43199998140335083,0.01051349937915802,1098.8255615234375,5.5608368711546063e-05,0.07237622141838074,0.03380260244011879,0.031244583427906036,0.00018822817946784198
radial,60,1.485253580742412,0.43199998140335083,0.010693825781345367,1091.4468994140625,5.46044648217503e-05,0.07221734523773193,0.03344808518886566,0.030932266265153885,0.0001842407218646258
radial,60,1.5104224439710379,0.43199998140335083,0.010875041596591473,1084.1199951171875,5.347069236449897e-05,0.07206335663795471,0.033094629645347595,0.03062039613723755,0.00018025664030574262
radial,60,1.5357154835429456,0.43199998140335083,0.011057151481509209,1076.7655029296875,5.237148070591502e-05,0.07190416008234024,0.03274080157279968,0.03030814602971077,0.00017633129027672112
radial,60,1.5611333462099235,0.43199998140335083,0.011240160092711449,1069.389892578125,5.130744102643803e-05,0.07173984497785568,0.032386913895606995,0.029995780438184738,0.00017246748029720038
radial,60,1.5866766787237592,0.43199998140335083,0.011424072086811066,1061.9940185546875,5.0278402341064066e-05,0.07157041877508163,0.03203301876783371,0.029683353379368782,0.00016866522491909564
radial,60,1.6123462571865983,0.43199998140335083,0.011608893051743507,1054.578125,4.928404450765811e-05,0.07139583677053452,0.031679123640060425,0.02937086671590805,0.0001649238693062216
radial,60,1.638142340299156,0.43199998140335083,0.011794624850153923,1047.14306640625,4.83241310575977e-05,0.07121609151363373,0.031325265765190125,0.02905835211277008,0.00016124304966069758
radial,60,1.6640660922146506,0.43199998140335083,0.011981275863945484,1039.6890869140625,4.739842552226037e-05,0.07103115320205688,0.030971471220254898,0.028745833784341812,0.0001576223294250667
radial,60,1.6901176422834396,0.43199998140335083,0.012168847024440765,1032.217041015625,4.6506698708981276e-05,0.07084100693464279,0.03061777725815773,0.028433330357074738,0.00015406121383421123
radial,60,1.716297637257311,0.43199998140335083,0.01235734298825264,1024.72705078125,4.5648717787116766e-05,0.07064563781023026,0.030264200642704964,0.028120867908000946,0.00015055910625960678
radial,60,1.742606982588768,0.43199998140335083,0.01254677027463913,1017.2205200195312,4.482431904762052e-05,0.07044506072998047,0.029910800978541374,0.02780849300324917,0.0001471156720072031
radial,60,1.7690461956792407,0.43199998140335083,0.012737132608890533,1009.6990966796875,4.403342609293759e-05,0.07023927569389343,0.029557665809988976,0.027496278285980225,0.00014373083831742406
radial,60,1.7956160526308749,0.43199998140335083,0.012928435578942299,1002.1576538085938,4.32754386565648e-05,0.07002805173397064,0.029204554855823517,0.027184009552001953,0.00014040202950127423
radial,60,1.8223170708451006,0.43199998140335083,0.013120682910084724,994.6127319335938,4.255378007655963e-05,0.06981424987316132,0.028851572424173355,0.026871606707572937,0.0001371199614368379
radial,60,1.8491497677233484,0.43199998140335083,0.013313878327608109,987.1712646484375,4.172373883193359e-05,0.06960991024971008,0.028500735759735107,0.026560315862298012,0.00013386757927946746
radial,60,1.8761150487181213,0.43199998140335083,0.013508028350770473,979.872314453125,4.058459307998419e-05,0.06942448019981384,0.028151754289865494,0.026249811053276062,0.00013051909627392888
radial,60,1.9032133018804922,0.43199998140335083,0.013703135773539543,972.6183471679688,3.924135671695694e-05,0.0692480057477951,0.027802512049674988,0.0259387269616127,0.00012706193956546485
radial,60,1.9304455620133214,0.43199998140335083,0.013899208046495914,965.34814453125,3.789189941016957e-05,0.06906776130199432,0.027452975511550903,0.02562727779150009,0.00012362920097075403
radial,60,1.9578120878173246,0.43199998140335083,0.014096247032284737,958.05419921875,3.657700290204957e-05,0.06888151168823242,0.02710336074233055,0.02531568333506584,0.00012025091564282775
radial,60,1.9853136553946469,0.43199998140335083,0.014294258318841457,950.7391357421875,3.529645618982613e-05,0.06868926435709,0.026753773912787437,0.025004036724567413,0.0001169279421446845
radial,60,2.012951040847434,0.43199998140335083,0.014493247494101524,943.4034423828125,3.404973540455103e-05,0.06849099695682526,0.026404254138469696,0.024692371487617493,0.00011366043327143416
radial,60,2.0407250202778315,0.43199998140335083,0.014693220146000385,936.048095703125,3.2836316677276045e-05,0.0682867169380188,0.026054836809635162,0.024380721151828766,0.0001104485199903138
radial,60,2.0686358523865542,0.43199998140335083,0.01489417813718319,928.674072265625,3.165570160490461e-05,0.06807638704776764,0.025705566629767418,0.024069122970104218,0.00010729233326856047
radial,60,2.096684701326821,0.43199998140335083,0.015096129849553108,921.2823486328125,3.0507366318488494e-05,0.06786002218723297,0.025356486439704895,0.023757614195346832,0.00010419195314170793
radial,60,2.124871825799346,0.43199998140335083,0.015299077145755291,913.8739624023438,2.9390792406047694e-05,0.0676376149058342,0.025007639080286026,0.023446232080459595,0.0001011474450933747
radial,60,2.1531981312566333,0.43199998140335083,0.01550302654504776,906.4500732421875,2.830549237842206e-05,0.06740917265415192,0.02465907484292984,0.023135025054216385,9.815889643505216e-05
radial,60,2.181664523151186,0.43199998140335083,0.015707984566688538,899.0119018554688,2.7250946004642174e-05,0.06717469543218613,0.024310844019055367,0.02282402664422989,9.522635082248598e-05
radial,60,2.210271130833361,0.43199998140335083,0.0159139521420002,891.5603637695312,2.622661486384459e-05,0.06693418323993683,0.023962978273630142,0.02251327410340309,9.23497136682272e-05
radial,60,2.2390189891060195,0.43199998140335083,0.01612093672156334,884.0962524414062,2.5231940526282415e-05,0.06668765097856522,0.023615509271621704,0.02220279537141323,8.952881034929305e-05
radial,60,2.2679091327720218,0.43199998140335083,0.016328945755958557,876.62060546875,2.426637729513459e-05,0.0664350837469101,0.023268476128578186,0.021892622113227844,8.676352445036173e-05
radial,60,2.2969415618313684,0.43199998140335083,0.016537979245185852,869.1345825195312,2.3329397663474083e-05,0.06617651879787445,0.02292192354798317,0.021582787856459618,8.405371045228094e-05
radial,60,2.3261173110869198,0.43199998140335083,0.01674804463982582,861.63916015625,2.2420466848416254e-05,0.06591194868087769,0.02257588692009449,0.021273333579301834,8.139920828398317e-05
radial,60,2.355436897940106,0.43199998140335083,0.016959145665168762,854.1354370117188,2.1539031877182424e-05,0.065641388297081,0.022230399772524834,0.020964283496141434,7.879974145907909e-05
radial,60,2.384901615894503,0.43199998140335083,0.017171291634440422,846.6241455078125,2.0684528863057494e-05,0.06536485254764557,0.02188549004495144,0.020655661821365356,7.625498983543366e-05
radial,60,2.4145117236508264,0.43199998140335083,0.01738448441028595,839.1063232421875,1.985640119528398e-05,0.0650823563337326,0.021541187539696693,0.02034749463200569,7.376464054686949e-05
radial,60,2.444267997311221,0.43199998140335083,0.017598729580640793,831.5831298828125,1.9054125004913658e-05,0.06479392945766449,0.02119753137230873,0.020039819180965424,7.1328402555082e-05
radial,60,2.474170695576403,0.43199998140335083,0.0178140290081501,824.055908203125,1.8277169147040695e-05,0.06449958682060242,0.020854562520980835,0.01973266527056694,6.894598482176661e-05
radial,60,2.5042213706506624,0.43199998140335083,0.01803039386868477,816.5255737304688,1.7524998838780448e-05,0.06419935822486877,0.020512310788035393,0.019426066428422928,6.661700899712741e-05
radial,60,2.53442053993543,0.43199998140335083,0.018247827887535095,808.9931640625,1.6797062926343642e-05,0.06389327347278595,0.020170802250504494,0.019120043143630028,6.434103852370754e-05
radial,60,2.564768979532851,0.43199998140335083,0.018466336652636528,801.4598388671875,1.6092821169877425e-05,0.06358133256435394,0.019830066710710526,0.01881461963057518,6.211762956809253e-05
radial,60,2.595266948143641,0.43199998140335083,0.018685922026634216,793.9266967773438,1.541175697639119e-05,0.06326360255479813,0.019490139558911324,0.01850982755422592,5.9946389228571206e-05
radial,60,2.6259152218699455,0.43199998140335083,0.018906589597463608,786.3950805664062,1.4753353752894327e-05,0.06294010579586029,0.019151058048009872,0.01820570044219494,5.7826888223644346e-05
radial,60,2.656715352916055,0.43199998140335083,0.019128350540995598,778.8661499023438,1.4117087630438618e-05,0.06261087954044342,0.018812846392393112,0.017902260646224022,5.575863178819418e-05
radial,60,2.6876670825812554,0.43199998140335083,0.019351202994585037,771.3409423828125,1.3502429283107631e-05,0.0622759610414505,0.018475530669093132,0.017599530518054962,5.374107786337845e-05
radial,60,2.718771704369121,0.43199998140335083,0.019575156271457672,763.8206787109375,1.2908867574878968e-05,0.06193538010120392,0.01813914068043232,0.01729753613471985,5.177372077014297e-05
radial,60,2.7500299943817987,0.43199998140335083,0.01980021595954895,756.3067626953125,1.2335911378613673e-05,0.061589207500219345,0.01780371181666851,0.016996309161186218,4.985606938134879e-05
radial,60,2.781442470020718,0.43199998140335083,0.02002638578414917,748.8006591796875,1.1783073205151595e-05,0.06123749166727066,0.017469283193349838,0.016695884987711906,4.798762165592052e-05
radial,60,2.8130101660887403,0.43199998140335083,0.020253673195838928,741.3037109375,1.124985283240676e-05,0.060880281031131744,0.01713588461279869,0.01639629155397415,4.616782098310068e-05
radial,60,2.844733599987295,0.43199998140335083,0.020482081919908524,733.8172607421875,1.0735760952229612e-05,0.06051764264702797,0.016803545877337456,0.016097549349069595,4.439608164830133e-05
radial,60,2.876613289117813,0.43199998140335083,0.020711615681648254,726.3428955078125,1.0240320079901721e-05,0.060149647295475006,0.016472304239869118,0.01579969935119152,4.2671850678743795e-05
radial,60,2.9086507856845856,0.43199998140335083,0.020942285656929016,718.8822631835938,9.763076377566904e-06,0.059776388108730316,0.016142209991812706,0.01550278440117836,4.099461511941627e-05
radial,60,2.9408466070890427,0.43199998140335083,0.021174095571041107,711.4375,9.303576916863676e-06,0.05939795821905136,0.0158133115619421,0.015206846408545971,3.936383291147649e-05
radial,60,2.9732010120318995,0.43199998140335083,0.021407047286629677,704.0100708007812,8.861362402967643e-06,0.05901443958282471,0.01548564713448286,0.014911922626197338,3.77789037884213e-05
radial,60,3.005715294016732,0.43199998140335083,0.02164115011692047,696.6014404296875,8.435968084086198e-06,0.05862591415643692,0.0151592455804348,0.014618038199841976,3.6239180190023035e-05
radial,60,3.0383897117442555,0.43199998140335083,0.02187640592455864,689.2134399414062,8.026943760341965e-06,0.05823248624801636,0.01483414601534605,0.014325227588415146,3.474403638392687e-05
radial,60,3.071226076119476,0.43199998140335083,0.022112827748060226,681.8480224609375,7.63386742619332e-06,0.05783427134156227,0.014510401524603367,0.014033541083335876,3.329291212139651e-05
radial,60,3.1042243871423936,0.43199998140335083,0.022350415587425232,674.5076904296875,7.25632753528771e-06,0.057431407272815704,0.014188076369464397,0.01374303549528122,3.188525442965329e-05
radial,60,3.1373854209151535,0.43199998140335083,0.022589175030589104,667.1942138671875,6.89390526531497e-06,0.057024035602808,0.013867219910025597,0.013453759253025055,3.052045576623641e-05
radial,60,3.1707099535399013,0.43199998140335083,0.02282911166548729,659.9100341796875,6.5461940721434075e-06,0.0566122829914093,0.013547888025641441,0.013165757991373539,2.9197908588685095e-05
radial,60,3.204199278520213,0.43199998140335083,0.023070234805345535,652.6575317382812,6.2128037825459614e-06,0.05619632452726364,0.01323014497756958,0.01287909783422947,2.791705628624186e-05
radial,60,3.237853654556804,0.43199998140335083,0.02331254631280899,645.4395141601562,5.893362867936958e-06,0.055776339024305344,0.012914072722196579,0.012593846768140793,2.667736043804325e-05
radial,60,3.2716746338539653,0.43199998140335083,0.02355605736374855,638.2584838867188,5.587492523773108e-06,0.05535251274704933,0.012599736452102661,0.012310069054365158,2.54782189585967e-05
radial,60,3.3056622164116964,0.43199998140335083,0.023800767958164215,631.116455078125,5.294793481880333e-06,0.054924994707107544,0.01228717714548111,0.012027802877128124,2.4318929717992432e-05
radial,60,3.339817437032859,0.43199998140335083,0.02404668554663658,624.0158081054688,5.014876478526276e-06,0.05449395626783371,0.011976450681686401,0.011747099459171295,2.3198832423076965e-05
radial,60,3.3741418479217424,0.43199998140335083,0.024293821305036545,616.9595336914062,4.747392267745454e-06,0.054059624671936035,0.01166764460504055,0.011468037031590939,2.21173650061246e-05
radial,60,3.408635449078348,0.43199998140335083,0.024542175233364105,609.950439453125,4.491983418120071e-06,0.05362221598625183,0.011360829696059227,0.011190684512257576,2.1073899915791117e-05
radial,60,3.4432992753055363,0.43199998140335083,0.02479175478219986,602.9907836914062,4.248277491569752e-06,0.05318192392587662,0.011056056246161461,0.010915087535977364,2.0067720470251516e-05
radial,60,3.4781341027054524,0.43199998140335083,0.025042565539479256,596.082763671875,4.015909325971734e-06,0.052738938480615616,0.010753370821475983,0.010641288012266159,1.909809361677617e-05
radial,60,3.513140966080957,0.43199998140335083,0.02529461495578289,589.228759765625,3.794529675360536e-06,0.052293479442596436,0.01045282743871212,0.01036934182047844,1.816431904444471e-05
radial,60,3.548320382833481,0.43199998140335083,0.025547906756401062,582.431640625,3.583808620533091e-06,0.05184578150510788,0.010154493153095245,0.010099310427904129,1.7265721908188425e-05
radial,60,3.583673905167315,0.43199998140335083,0.025802452117204666,575.69384765625,3.3834189707704354e-06,0.05139608681201935,0.00985842663794756,0.009831247851252556,1.640158734517172e-05
radial,60,3.619202050483889,0.43199998140335083,0.026058254763484,569.017822265625,3.1930144359648693e-06,0.05094462260603905,0.009564673528075218,0.009565196931362152,1.5571156836813316e-05
radial,60,3.654905077483919,0.43199998140335083,0.026315316557884216,562.4058837890625,3.012256001966307e-06,0.05049164593219757,0.009273288771510124,0.009301213547587395,1.4773701877857093e-05
radial,60,3.6907847970724106,0.43199998140335083,0.026573650538921356,555.86083984375,2.8408335310814437e-06,0.050037432461977005,0.008984335698187351,0.00903935544192791,1.4008510333951563e-05
radial,60,3.726841209249364,0.43199998140335083,0.02683325670659542,549.3853149414062,2.678440978343133e-06,0.04958224296569824,0.00869786273688078,0.008779671974480152,1.3274829143483657e-05
radial,60,3.7630761249197855,0.43199998140335083,0.027094148099422455,542.9813842773438,2.5247679786843946e-06,0.04912635684013367,0.008413910865783691,0.00852220319211483,1.2571876141009852e-05
radial,60,3.79948980278439,0.43199998140335083,0.027356326580047607,536.6513671875,2.379511442995863e-06,0.04867003858089447,0.008132517337799072,0.008266987279057503,1.1898863704118412e-05
radial,60,3.836083018945323,0.43199998140335083,0.027619797736406326,530.3973388671875,2.2423714653996285e-06,0.048213567584753036,0.00785371195524931,0.008014054968953133,1.1254996934439987e-05
radial,60,3.872857066906161,0.43199998140335083,0.027884570881724358,524.2216796875,2.1130529148649657e-06,0.04775724932551384,0.007577531971037388,0.007763444446027279,1.0639498214004561e-05
radial,60,3.909812205367618,0.43199998140335083,0.02815064787864685,518.126708984375,1.991292720049387e-06,0.047301407903432846,0.007304017432034016,0.0075151994824409485,1.0051612662209664e-05
radial,60,3.9469502452347016,0.43199998140335083,0.02841804176568985,512.115234375,1.876869873740361e-06,0.046846404671669006,0.007033221423625946,0.007269370369613171,9.490606316830963e-06
radial,60,3.9842714452081256,0.43199998140335083,0.028686754405498505,506.19000244140625,1.7695613223622786e-06,0.046392619609832764,0.006765194237232208,0.007026011124253273,8.955749763117637e-06
radial,60,4.021776840090752,0.43199998140335083,0.028956793248653412,500.353759765625,1.6691114979039412e-06,0.04594045877456665,0.006499986629933119,0.006785173900425434,8.446319952781778e-06
radial,60,4.05946798208687,0.43199998140335083,0.029228169471025467,494.6094970703125,1.5752591480122646e-06,0.04549034312367439,0.006237654481083155,0.006546915974467993,7.961607479956001e-06
radial,60,4.097344353795052,0.43199998140335083,0.02950087934732437,488.9606628417969,1.4877803096169373e-06,0.04504276067018509,0.005978270899504423,0.006311311386525631,7.500945230276557e-06
radial,60,4.135408024821016,0.43199998140335083,0.02977493777871132,483.41094970703125,1.4065089999348857e-06,0.04459824413061142,0.005721925757825375,0.006078450009226799,7.063695647957502e-06
radial,60,4.173659771266911,0.43199998140335083,0.030050350353121758,477.9643859863281,1.3312910596141592e-06,0.04415737837553024,0.005468711256980896,0.005848425440490246,6.6492229962022975e-06
radial,60,4.2121003692348795,0.43199998140335083,0.030327122658491135,472.62481689453125,1.2619250355783151e-06,0.04372076690196991,0.005218722857534885,0.005621332675218582,6.256889719225001e-06
radial,60,4.250730594827069,0.43199998140335083,0.030605260282754898,467.3965148925781,1.1982222076767357e-06,0.043289072811603546,0.004972065798938274,0.005397279746830463,5.886075086891651e-06
radial,60,4.289551224145624,0.43199998140335083,0.030884768813848495,462.28411865234375,1.1400572930142516e-06,0.042863018810749054,0.004728860687464476,0.00517638586461544,5.536176104214974e-06
radial,60,4.328563809394836,0.43199998140335083,0.031165659427642822,457.29254150390625,1.0873658311538748e-06,0.04244339466094971,0.004489248618483543,0.004958793520927429,5.206620699027553e-06
radial,60,4.367769385377566,0.43199998140335083,0.031447939574718475,452.42718505859375,1.039998778651352e-06,0.04203105717897415,0.004253392107784748,0.004744662903249264,4.896858627034817e-06
radial,60,4.407167952093813,0.43199998140335083,0.031731609255075455,447.69390869140625,9.97779125100351e-07,0.04162696376442909,0.004021476022899151,0.004534177482128143,4.6063587433309294e-06
radial,60,4.446761061747869,0.43199998140335083,0.032016679644584656,443.098876953125,9.606359299141332e-07,0.041232142597436905,0.0037937050219625235,0.00432753749191761,4.334600816946477e-06
radial,60,4.486549231741163,0.43199998140335083,0.03230315446853638,438.6486511230469,9.285440683015622e-07,0.040847718715667725,0.0035703089088201523,0.0041249701753258705,4.081079168827273e-06
radial,60,4.5265345316794185,0.43199998140335083,0.03259104862809181,434.350341796875,9.015069508677698e-07,0.04047490283846855,0.0033515477553009987,0.003926729783415794,3.845313585770782e-06
radial,60,4.5667169615626335,0.43199998140335083,0.03288036212325096,430.21148681640625,8.794107202447776e-07,0.04011502116918564,0.003137716092169285,0.0037331022322177887,3.6268183976062573e-06
radial,60,4.6070980735951,0.43199998140335083,0.03317110612988472,426.2401123046875,8.621165079603088e-07,0.039769500494003296,0.002929144538938999,0.003544408129528165,3.4250929275003728e-06
radial,60,4.647677867776818,0.43199998140335083,0.03346328064799309,422.4447021484375,8.495477459291578e-07,0.0394398495554924,0.0027261984068900347,0.003360999980941415,3.2396469578088727e-06
radial,60,4.6884578963120775,0.43199998140335083,0.03375689685344696,418.8336486816406,8.416407126787817e-07,0.0391276553273201,0.002529272809624672,0.003183258231729269,3.0699939088663086e-06
radial,60,4.7294402288066015,0.43199998140335083,0.03405196964740753,415.4156494140625,8.383683507418027e-07,0.038834571838378906,0.0023387903347611427,0.0030115898698568344,2.9156351502024336e-06
radial,60,4.770624347858959,0.43199998140335083,0.0343484953045845,412.19915771484375,8.396787052333821e-07,0.03856227546930313,0.002155202440917492,0.002846428658813238,2.7760761440731585e-06
radial,60,4.81201128827201,0.43199998140335083,0.03464648127555847,409.1923828125,8.45473266508634e-07,0.03831248730421066,0.001978988293558359,0.0026882323436439037,2.6507736947678495e-06
radial,60,4.853603637052907,0.43199998140335083,0.03494594618678093,406.4032287597656,8.557331057090778e-07,0.03808688744902611,0.0018106494098901749,0.0025374763645231724,2.539127308409661e-06
radial,60,4.8954008768002195,0.43199998140335083,0.03524688631296158,403.8386535644531,8.703365779183514e-07,0.037887100130319595,0.0016507002292200923,0.002394643612205982,2.4405344447586685e-06
radial,60,4.937403524915378,0.43199998140335083,0.03554930537939072,401.50457763671875,8.889832088243566e-07,0.037714600563049316,0.00149966508615762,0.0022602183744311333,2.354315938646323e-06
radial,60,4.979614168405533,0.43199998140335083,0.035853222012519836,399.4053649902344,9.11333756903332e-07,0.037570640444755554,0.001358054461888969,0.0021346695721149445,2.279715317854425e-06
radial,60,5.022033842073546,0.43199998140335083,0.036158643662929535,397.5427551269531,9.369933877678704e-07,0.03745609521865845,0.001226312480866909,0.0020183988381177187,2.215945642092265e-06
radial,60,5.064662545919418,0.43199998140335083,0.03646557033061981,395.9156494140625,9.655256008045399e-07,0.03737139701843262,0.001104783732444048,0.0019117090851068497,2.162178589060204e-06
radial,60,5.107501314746009,0.43199998140335083,0.036774009466171265,394.520263671875,9.963980573957087e-07,0.037316448986530304,0.0009937486611306667,0.0018148325616493821,2.117575604643207e-06
radial,60,5.1505522181590395,0.43199998140335083,0.03708397597074509,393.35028076171875,1.0289656984241446e-06,0.03729051351547241,0.0008934421930462122,0.001727946219034493,2.0811926333408337e-06
radial,60,5.193814738757081,0.43199998140335083,0.03739546611905098,392.3953857421875,1.0625138884279295e-06,0.03729208558797836,0.0008039177628234029,0.0016510502900928259,2.0520192265394144e-06
radial,60,5.237291463547283,0.43199998140335083,0.037708498537540436,391.6402893066406,1.096325604521553e-06,0.037318870425224304,0.0007249398622661829,0.00158388027921319,2.0290885913709644e-06
radial,60,5.280982909931077,0.43199998140335083,0.038023076951503754,391.06610107421875,1.1296979209873825e-06,0.03736792877316475,0.0006560302572324872,0.001525950152426958,2.011456899708719e-06
radial,60,5.324889595309894,0.43199998140335083,0.03833920508623123,390.65142822265625,1.1620318218774628e-06,0.037435971200466156,0.0005964695010334253,0.001476556295529008,1.998223297050572e-06
radial,60,5.369012554486592,0.43199998140335083,0.03865689039230347,390.3738708496094,1.1929341781069525e-06,0.03751982003450394,0.0005453210906125605,0.0014348099939525127,1.9885378605977166e-06
radial,60,5.413354891869757,0.43199998140335083,0.03897615522146225,390.2117919921875,1.222138962475583e-06,0.037616439163684845,0.0005016021896153688,0.001399786677211523,1.9816484382317867e-06
radial,60,5.457914537853665,0.43199998140335083,0.03929698467254639,390.1451110839844,1.2493962913140422e-06,0.03772268444299698,0.0004644340951927006,0.0013706486206501722,1.9769420305237873e-06
radial,60,5.502694596846899,0.43199998140335083,0.03961940109729767,390.1556396484375,1.2746008906105999e-06,0.03783586621284485,0.0004329374642111361,0.0013465678784996271,1.9739056824619183e-06
radial,60,5.547696621053749,0.43199998140335083,0.03994341567158699,390.2283630371094,1.2979389794054441e-06,0.037954725325107574,0.0004060695064254105,0.0013266168534755707,1.972110112546943e-06
radial,60,5.592920093072785,0.43199998140335083,0.040269024670124054,390.351318359375,1.3196470263210358e-06,0.03807869926095009,0.00038286036578938365,0.0013099503703415394,1.971248821064364e-06
radial,60,5.638366565108299,0.43199998140335083,0.040596239268779755,390.515380859375,1.3398333749137237e-06,0.038207028061151505,0.00036264333175495267,0.001295976573601365,1.9711073946382385e-06
radial,60,5.684037589364582,0.43199998140335083,0.04092507064342499,390.71319580078125,1.3585818123829085e-06,0.038338907063007355,0.00034494471037760377,0.001284268219023943,1.971509391296422e-06
radial,60,5.729934200644493,0.43199998140335083,0.04125552624464035,390.93902587890625,1.3759940884483512e-06,0.038473740220069885,0.00032937253126874566,0.0012744729174301028,1.9723120203707367e-06
radial,60,5.7760574337508945,0.43199998140335083,0.04158761352300644,391.18829345703125,1.3921835488872603e-06,0.03861121088266373,0.00031559058697894216,0.0012662929948419333,1.9734131910809083e-06
radial,60,5.822408323486647,0.43199998140335083,0.04192133992910385,391.4576416015625,1.407264790032059e-06,0.038751162588596344,0.00030331412563100457,0.001259479089640081,1.9747362784983125e-06
radial,60,5.86898842205604,0.43199998140335083,0.04225671663880348,391.74383544921875,1.4213148915587226e-06,0.038893215358257294,0.00029232417000457644,0.0012538330629467964,1.9762235297093866e-06
radial,60,5.915798246860504,0.43199998140335083,0.04259374737739563,392.04229736328125,1.4343195289256983e-06,0.03903621807694435,0.00028249266324564815,0.0012492123059928417,1.977825377252884e-06
radial,60,5.962838315301472,0.43199998140335083,0.04293243587017059,392.349365234375,1.4462896160694072e-06,0.0391792431473732,0.0002736944006755948,0.001245484920218587,1.9794958916463656e-06
radial,60,6.000000155634351,0.4320000410079956,0.04320000112056732,392.59765625,1.4550115565725719e-06,0.039292313158512115,0.0002674343704711646,0.0012431404320523143,1.9808358047157526e-06
radial,75,-6.000000155634351,0.5400000214576721,-0.04320000112056732,1869.78564453125,0.0011406231205910444,0.01261876244097948,0.08197002857923508,0.07206446677446365,0.0018986421637237072
radial,75,-5.962838832702902,0.5400000214576721,-0.04293243959546089,1860.626220703125,0.001106159994378686,0.012786298990249634,0.08143492043018341,0.07158017158508301,0.0018698712810873985
radial,75,-5.915798246860504,0.5400000214576721,-0.04259374737739563,1848.9931640625,0.0010641880799084902,0.012996312230825424,0.0807577520608902,0.07096712291240692,0.0018334328196942806
radial,75,-5.86898842205604,0.5400000214576721,-0.04225671663880348,1837.3824462890625,0.0010239980183541775,0.013203061185777187,0.08008421212434769,0.07035725563764572,0.0017972079804167151
radial,75,-5.822408840888077,0.5400000214576721,-0.04192134365439415,1825.797119140625,0.0009855068055912852,0.013406407088041306,0.07941439002752304,0.06975068897008896,0.001761243212968111
radial,75,-5.776057951152325,0.5400000214576721,-0.04158761724829674,1814.2393798828125,0.0009486350463703275,0.013606229797005653,0.07874834537506104,0.06914752721786499,0.0017255803104490042
radial,75,-5.729934718045923,0.5400000214576721,-0.04125552996993065,1802.7125244140625,0.0009133071871474385,0.013802417553961277,0.07808616012334824,0.06854789704084396,0.001690256642177701
radial,75,-5.684038106766012,0.5400000214576721,-0.040925074368715286,1791.218994140625,0.000879452214576304,0.01399486605077982,0.07742788642644882,0.06795188784599304,0.0016553059685975313
radial,75,-5.638367082509729,0.5400000214576721,-0.04059624299407005,1779.7613525390625,0.0008470026077702641,0.014183483086526394,0.07677360624074936,0.06735960394144058,0.0016207583248615265
radial,75,-5.592920093072785,0.5400000214576721,-0.040269024670124054,1768.341796875,0.0008158932905644178,0.014368191361427307,0.07612337917089462,0.06677113473415375,0.0015866397880017757
radial,75,-5.547696621053749,0.5400000214576721,-0.03994341567158699,1756.9625244140625,0.0007860620389692485,0.014548921957612038,0.0754772424697876,0.06618653237819672,0.0015529721276834607
radial,75,-5.502695114248329,0.5400000214576721,-0.03961940482258797,1745.625244140625,0.0007574505289085209,0.014725618064403534,0.07483523339033127,0.06560585647821426,0.0015197747852653265
radial,75,-5.4579150552550955,0.5400000214576721,-0.039296988397836685,1734.3321533203125,0.0007300034631043673,0.014898226596415043,0.07419741153717041,0.06502918899059296,0.0014870649902150035
radial,75,-5.413354891869757,0.5400000214576721,-0.03897615522146225,1723.085205078125,0.0007036685710772872,0.015066705644130707,0.07356381416320801,0.06445659697055817,0.0014548571780323982
radial,75,-5.369013071888023,0.5400000214576721,-0.038656894117593765,1711.885986328125,0.0006783956778235734,0.015231024473905563,0.07293450087308884,0.06388811767101288,0.0014231631066650152
radial,75,-5.324889595309894,0.5400000214576721,-0.03833920508623123,1700.736083984375,0.0006541371112689376,0.015391157940030098,0.0723094791173935,0.06332378089427948,0.0013919919729232788
radial,75,-5.280982909931077,0.5400000214576721,-0.038023076951503754,1689.636962890625,0.0006308472948148847,0.01554708182811737,0.07168878614902496,0.06276364624500275,0.0013613513438031077
radial,75,-5.237291463547283,0.5400000214576721,-0.037708498537540436,1678.5899658203125,0.0006084839696995914,0.015698786824941635,0.07107247412204742,0.06220773607492447,0.0013312471564859152
radial,75,-5.193814738757081,0.5400000214576721,-0.03739546611905098,1667.596923828125,0.0005870062159374356,0.01584625616669655,0.07046055793762207,0.06165608763694763,0.0013016843004152179
radial,75,-5.1505522181590395,0.5400000214576721,-0.03708397597074509,1656.65869140625,0.0005663751508109272,0.01598949171602726,0.0698530524969101,0.06110873073339462,0.0012726651038974524
radial,75,-5.107501314746009,0.5400000214576721,-0.036774009466171265,1645.7764892578125,0.0005465536960400641,0.01612849533557892,0.06924998760223389,0.060565680265426636,0.0012441904982551932
radial,75,-5.064662545919418,0.5400000214576721,-0.03646557033061981,1634.951416015625,0.000527506519574672,0.01626327633857727,0.06865138560533524,0.06002694368362427,0.0012162609491497278
radial,75,-5.022033842073546,0.5400000214576721,-0.036158643662929535,1624.1845703125,0.0005092003848403692,0.01639384590089321,0.06805724650621414,0.059492554515600204,0.001188875874504447
radial,75,-4.979614685806963,0.5400000214576721,-0.035853225737810135,1613.47705078125,0.0004916035104542971,0.016520218923687935,0.067467600107193,0.058962516486644745,0.0011620335280895233
radial,75,-4.937404042316808,0.5400000214576721,-0.035549309104681015,1602.8294677734375,0.00047468545380979776,0.016642412170767784,0.06688245385885239,0.058436840772628784,0.0011357309995219111
radial,75,-4.8954008768002195,0.5400000214576721,-0.03524688631296158,1592.2427978515625,0.0004584171110764146,0.016760457307100296,0.06630181521177292,0.057915523648262024,0.0011099649127572775
radial,75,-4.853603637052907,0.5400000214576721,-0.03494594618678093,1581.7177734375,0.00044277089182287455,0.016874371096491814,0.06572568416595459,0.05739856883883476,0.001084730727598071
radial,75,-4.81201180567344,0.5400000214576721,-0.03464648500084877,1571.2550048828125,0.00042772048618644476,0.016984187066555023,0.065154068171978,0.0568859800696373,0.0010600240202620625
radial,75,-4.770624347858959,0.5400000214576721,-0.0343484953045845,1560.855224609375,0.00041324086487293243,0.01708993874490261,0.06458697468042374,0.056377753615379333,0.0010358394356444478
radial,75,-4.7294402288066015,0.5400000214576721,-0.03405196964740753,1550.519287109375,0.0003993080754298717,0.017191657796502113,0.06402440369129181,0.05587387830018997,0.0010121709201484919
radial,75,-4.688458413713509,0.5400000214576721,-0.03375690057873726,1540.2470703125,0.00038589900941587985,0.017289388924837112,0.06346633285284042,0.055374354124069214,0.0009890119545161724
radial,75,-4.647677867776818,0.5400000214576721,-0.03346328064799309,1530.03955078125,0.0003729918971657753,0.017383169382810593,0.06291276961565018,0.05487915128469467,0.0009663558448664844
radial,75,-4.6070980735951,0.5400000214576721,-0.03317110612988472,1519.896728515625,0.0003605661040637642,0.017473040148615837,0.06236370652914047,0.05438827723264694,0.0009441958973184228
radial,75,-4.5667169615626335,0.5400000214576721,-0.03288036212325096,1509.819580078125,0.0003486018977127969,0.017559045925736427,0.06181915104389191,0.053901709616184235,0.000922525126952678
radial,75,-4.5265345316794185,0.5400000214576721,-0.03259104862809181,1499.8082275390625,0.000337080389726907,0.017641231417655945,0.06127908080816269,0.05341944843530655,0.000901336083188653
radial,75,-4.486549749142594,0.5400000214576721,-0.032303158193826675,1489.8629150390625,0.000325983390212059,0.01771964319050312,0.06074348837137222,0.0529414638876915,0.0008806210244074464
radial,75,-4.446761061747869,0.5400000214576721,-0.032016679644584656,1479.9840087890625,0.00031529361149296165,0.017794329673051834,0.06021236628293991,0.05246774107217789,0.0008603720343671739
radial,75,-4.407167952093813,0.5400000214576721,-0.031731609255075455,1470.1717529296875,0.0003049946390092373,0.017865335568785667,0.05968569964170456,0.05199826508760452,0.0008405814878642559
radial,75,-4.367769385377566,0.5400000214576721,-0.031447939574718475,1460.426513671875,0.00029507081490010023,0.0179327130317688,0.059163473546504974,0.051533013582229614,0.0008212414104491472
radial,75,-4.3285640680955515,0.5400000214576721,-0.03116566129028797,1450.748291015625,0.00028550709248520434,0.017996514216065407,0.058645687997341156,0.05107197165489197,0.0008023437694646418
radial,75,-4.289551741547055,0.5400000214576721,-0.030884772539138794,1441.1373291015625,0.0002762890071608126,0.01805679127573967,0.058132316917181015,0.05061511695384979,0.00078388029942289
radial,75,-4.250730594827069,0.5400000214576721,-0.030605260282754898,1431.59375,0.00026740279281511903,0.018113594502210617,0.05762334167957306,0.050162423402071,0.0007658428512513638
radial,75,-4.2121003692348795,0.5400000214576721,-0.030327122658491135,1422.11767578125,0.0002588353818282485,0.018166977912187576,0.057118743658065796,0.0497138649225235,0.0007482233340851963
radial,75,-4.1736595125661955,0.5400000214576721,-0.03005034849047661,1412.70947265625,0.0002505742304492742,0.018216995522379875,0.05661851912736893,0.049269430339336395,0.0007310137152671814
radial,75,-4.135408024821016,0.5400000214576721,-0.02977493777871132,1403.36865234375,0.0002426073479000479,0.018263697624206543,0.056122638285160065,0.0488290935754776,0.0007142060785554349
radial,75,-4.097344612495767,0.5400000214576721,-0.02950088120996952,1394.0958251953125,0.00023492315085604787,0.018307138234376907,0.055631086230278015,0.04839282110333443,0.0006977920420467854
radial,75,-4.05946798208687,0.5400000214576721,-0.029228169471025467,1384.890625,0.000227510608965531,0.018347373232245445,0.05514384061098099,0.047960590571165085,0.0006817635148763657
radial,75,-4.021777357492182,0.5400000214576721,-0.02895679697394371,1375.753173828125,0.0002203591720899567,0.018384454771876335,0.054660871624946594,0.047532375901937485,0.0006661125225946307
radial,75,-3.984271703908841,0.5400000214576721,-0.028686756268143654,1366.683349609375,0.0002134588430635631,0.018418436869978905,0.054182179272174835,0.04710815101861954,0.00065083138179034
radial,75,-3.9469507626361318,0.5400000214576721,-0.02841804549098015,1357.681396484375,0.0002067998721031472,0.01844937726855278,0.053707726299762726,0.04668788984417915,0.0006359120598062873
radial,75,-3.9098127227690487,0.5400000214576721,-0.02815065160393715,1348.7470703125,0.00020037304784636945,0.01847732812166214,0.05323748290538788,0.046271562576293945,0.0006213468150235713
radial,75,-3.872857066906161,0.5400000214576721,-0.027884570881724358,1339.880126953125,0.0001941694354172796,0.01850234530866146,0.0527714341878891,0.045859143137931824,0.0006071279058232903
radial,75,-3.836083018945323,0.5400000214576721,-0.027619797736406326,1331.0804443359375,0.0001881805364973843,0.01852448657155037,0.0523095540702343,0.0454505980014801,0.0005932477652095258
radial,75,-3.79948980278439,0.5400000214576721,-0.027356326580047607,1322.34814453125,0.00018239827477373183,0.018543805927038193,0.051851820200681686,0.04504590481519699,0.0005796988843940198
radial,75,-3.7630761249197855,0.5400000214576721,-0.027094148099422455,1313.6829833984375,0.0001768147776601836,0.01856035552918911,0.051398202776908875,0.044645026326179504,0.0005664739292114973
radial,75,-3.7268414679500794,0.5400000214576721,-0.02683325856924057,1305.0845947265625,0.00017142250726465136,0.018574189394712448,0.050948671996593475,0.044247932732105255,0.0005535654490813613
radial,75,-3.6907847970724106,0.5400000214576721,-0.026573650538921356,1296.552978515625,0.00016621430404484272,0.018585365265607834,0.0505032017827034,0.043854597955942154,0.0005409661680459976
radial,75,-3.654905077483919,0.5400000214576721,-0.026315316557884216,1288.087890625,0.00016118327039293945,0.018593929708003998,0.05006176233291626,0.043464984744787216,0.0005286692176014185
radial,75,-3.619201791783174,0.5400000214576721,-0.026058252900838852,1279.6890869140625,0.00015632288705091923,0.018599944189190865,0.049624331295490265,0.04307906702160835,0.0005166676710359752
radial,75,-3.583673905167315,0.5400000214576721,-0.025802452117204666,1271.3564453125,0.00015162682393565774,0.018603457137942314,0.049190886318683624,0.042696818709373474,0.0005049548344686627
radial,75,-3.548320641534196,0.5400000214576721,-0.02554790861904621,1263.0897216796875,0.00014708902745041996,0.018604520708322525,0.04876139760017395,0.04231821373105049,0.0004935238976031542
radial,75,-3.5131412247816725,0.5400000214576721,-0.02529461681842804,1254.888916015625,0.00014270367682911456,0.018603190779685974,0.048335835337638855,0.04194321483373642,0.00048236845759674907
radial,75,-3.4781341027054524,0.5400000214576721,-0.025042565539479256,1246.753662109375,0.00013846519868820906,0.018599513918161392,0.04791416972875595,0.04157179594039917,0.00047148208250291646
radial,75,-3.4432992753055363,0.5400000214576721,-0.02479175478219986,1238.68359375,0.0001343682815786451,0.018593546003103256,0.04749639332294464,0.04120393097400665,0.00046085857320576906
radial,75,-3.408635449078348,0.5400000214576721,-0.024542175233364105,1230.6788330078125,0.0001304077886743471,0.018585335463285446,0.047082461416721344,0.040839582681655884,0.0004504917305894196
radial,75,-3.3741418479217424,0.5400000214576721,-0.024293821305036545,1222.7388916015625,0.00012657878687605262,0.01857493445277214,0.04667235538363457,0.04047873988747597,0.00044037558836862445
radial,75,-3.339817954434289,0.5400000214576721,-0.02404668927192688,1214.86376953125,0.00012287651770748198,0.01856239140033722,0.04626604914665222,0.04012136161327362,0.0004305042093619704
radial,75,-3.3056622164116964,0.5400000214576721,-0.023800767958164215,1207.0531005859375,0.00011929648462682962,0.018547754734754562,0.04586350917816162,0.039767418056726456,0.00042087171459570527
radial,75,-3.2716746338539653,0.5400000214576721,-0.02355605736374855,1199.3065185546875,0.00011583429295569658,0.01853107288479805,0.045464713126420975,0.03941688314080238,0.0004114725743420422
radial,75,-3.2378539132575197,0.5400000214576721,-0.02331254817545414,1191.623779296875,0.00011248576629441231,0.01851239800453186,0.04506963491439819,0.03906973451375961,0.00040230120066553354
radial,75,-3.204199278520213,0.5400000214576721,-0.023070234805345535,1184.0048828125,0.00010924685193458572,0.018491774797439575,0.04467824101448059,0.03872593492269516,0.0003933521220460534
radial,75,-3.1707099535399013,0.5400000214576721,-0.02282911166548729,1176.4493408203125,0.00010611367179080844,0.018469251692295074,0.044290512800216675,0.038385458290576935,0.00038461998337879777
radial,75,-3.1373854209151535,0.5400000214576721,-0.022589175030589104,1168.956787109375,0.00010308252240065485,0.01844487339258194,0.04390641674399376,0.03804827481508255,0.0003760996332857758
radial,75,-3.1042243871423936,0.5400000214576721,-0.022350415587425232,1161.527099609375,0.00010014980944106355,0.0184186864644289,0.043525923043489456,0.037714358419179916,0.00036778594949282706
radial,75,-3.071226076119476,0.5400000214576721,-0.022112827748060226,1154.159912109375,9.731208410812542e-05,0.01839073747396469,0.043149009346961975,0.037383683025836945,0.00035967392614111304
radial,75,-3.0383899704449706,0.5400000214576721,-0.02187640778720379,1146.85498046875,9.4566035841126e-05,0.01836107112467289,0.04277564585208893,0.03705621138215065,0.0003517587610986084
radial,75,-3.005715294016732,0.5400000214576721,-0.02164115011692047,1139.6119384765625,9.19084923225455e-05,0.01832973025739193,0.042405806481838226,0.03673192486166954,0.0003440355649217963
radial,75,-2.9732010120318995,0.5400000214576721,-0.021407047286629677,1132.430419921875,8.93363612703979e-05,0.018296759575605392,0.042039453983306885,0.03641078993678093,0.0003364997683092952
radial,75,-2.9408466070890427,0.5400000214576721,-0.021174095571041107,1125.3101806640625,8.68467177497223e-05,0.01826220005750656,0.04167657345533371,0.03609277680516243,0.00032914680195972323
radial,75,-2.9086510443853006,0.5400000214576721,-0.020942287519574165,1118.2509765625,8.443671686109155e-05,0.018226098269224167,0.04131712764501572,0.03577786311507225,0.00032197218388319016
radial,75,-2.876613547818528,0.5400000214576721,-0.020711617544293404,1111.2523193359375,8.210364467231557e-05,0.018188495188951492,0.04096109792590141,0.0354660227894783,0.00031497160671278834
radial,75,-2.844733599987295,0.5400000214576721,-0.020482081919908524,1104.3138427734375,7.98448600107804e-05,0.018149428069591522,0.04060845077037811,0.0351572185754776,0.0003081407630816102
radial,75,-2.8130101660887403,0.5400000214576721,-0.020253673195838928,1097.435302734375,7.765783811919391e-05,0.018108941614627838,0.04025916010141373,0.03485143184661865,0.00030147560755722225
radial,75,-2.781442470020718,0.5400000214576721,-0.02002638578414917,1090.6165771484375,7.554013427579775e-05,0.018067074939608574,0.03991319611668587,0.03454863280057907,0.00029497197829186916
radial,75,-2.7500299943817987,0.5400000214576721,-0.01980021595954895,1083.85693359375,7.348942017415538e-05,0.018023867160081863,0.039570532739162445,0.03424879163503647,0.00028862591716460884
radial,75,-2.718771704369121,0.5400000214576721,-0.019575156271457672,1077.156005859375,7.15034402674064e-05,0.01797935739159584,0.03923114389181137,0.033951885998249054,0.00028243366978131235
radial,75,-2.6876670825812554,0.5400000214576721,-0.019351202994585037,1070.5137939453125,6.958001176826656e-05,0.01793358102440834,0.03889499977231026,0.03365788608789444,0.00027639136533252895
radial,75,-2.656715352916055,0.5400000214576721,-0.019128350540995598,1063.9298095703125,6.771703920094296e-05,0.017886580899357796,0.03856207802891731,0.033366765826940536,0.0002704953367356211
radial,75,-2.6259154805706606,0.5400000214576721,-0.018906591460108757,1057.4036865234375,6.59125144011341e-05,0.01783839240670204,0.03823234513401985,0.033078499138355255,0.0002647420042194426
radial,75,-2.595266948143641,0.5400000214576721,-0.018685922026634216,1050.93505859375,6.41645019641146e-05,0.017789050936698914,0.03790577873587608,0.032793059945106506,0.00025912781711667776
radial,75,-2.564768979532851,0.5400000214576721,-0.018466336652636528,1044.5235595703125,6.247112469282001e-05,0.017738590016961098,0.03758234903216362,0.0325104221701622,0.0002536493702791631
radial,75,-2.534420798636145,0.5400000214576721,-0.018247829750180244,1038.1688232421875,6.083058178774081e-05,0.017687050625681877,0.03726203367114067,0.03223056346178055,0.0002483033749740571
radial,75,-2.5042216293513775,0.5400000214576721,-0.018030395731329918,1031.8707275390625,5.924113065702841e-05,0.01763446256518364,0.036944806575775146,0.03195345401763916,0.0002430865279166028
radial,75,-2.474170954277118,0.5400000214576721,-0.01781403087079525,1025.6285400390625,5.770110510638915e-05,0.01758086122572422,0.03663063421845436,0.03167906776070595,0.00023799562768545002
radial,75,-2.444267997311221,0.5400000214576721,-0.017598729580640793,1019.4422607421875,5.620887895929627e-05,0.017526281997561455,0.03631949424743652,0.03140737861394882,0.00023302753106690943
radial,75,-2.4145117236508264,0.5400000214576721,-0.01738448441028595,1013.3112182617188,5.476290243677795e-05,0.01747075468301773,0.036011356860399246,0.03113836795091629,0.00022817926947027445
radial,75,-2.384901615894503,0.5400000214576721,-0.017171291634440422,1007.2352294921875,5.336168396752328e-05,0.017414316534996033,0.03570619970560074,0.030872002243995667,0.00022344784520100802
radial,75,-2.355437156640821,0.5400000214576721,-0.01695914752781391,1001.2138061523438,5.2003757446072996e-05,0.0173569954931736,0.03540399670600891,0.03060826286673546,0.00021883037697989494
radial,75,-2.3261173110869198,0.5400000214576721,-0.01674804463982582,995.246826171875,5.068774407845922e-05,0.017298821359872818,0.035104718059301376,0.030347120016813278,0.0002143240417353809
radial,75,-2.2969415618313684,0.5400000214576721,-0.016537979245185852,989.3336181640625,4.941229417454451e-05,0.017239827662706375,0.034808337688446045,0.030088553205132484,0.00020992610370740294
radial,75,-2.2679091327720218,0.5400000214576721,-0.016328945755958557,983.4739990234375,4.817611625185236e-05,0.01718004420399666,0.03451484069228172,0.029832538217306137,0.00020563391444738954
radial,75,-2.2390192478067346,0.5400000214576721,-0.01612093858420849,977.66748046875,4.697795884567313e-05,0.017119500786066055,0.034224193543195724,0.029579050838947296,0.00020144484005868435
radial,75,-2.210271130833361,0.5400000214576721,-0.0159139521420002,971.9137573242188,4.581660687108524e-05,0.017058227211236954,0.03393637016415596,0.02932806871831417,0.0001973562903003767
radial,75,-2.181664523151186,0.5400000214576721,-0.015707984566688538,966.2122802734375,4.469088526093401e-05,0.016996249556541443,0.03365134820342064,0.029079563915729523,0.0001933657913468778
radial,75,-2.153198260606991,0.5400000214576721,-0.015503027476370335,960.5628662109375,4.3599680793704465e-05,0.01693359762430191,0.03336910158395767,0.02883351594209671,0.00018947092758025974
radial,75,-2.1248719551497035,0.5400000214576721,-0.015299078077077866,954.9650268554688,4.254191662766971e-05,0.016870299354195595,0.03308960422873497,0.028589900583028793,0.0001856693415902555
radial,75,-2.096684701326821,0.5400000214576721,-0.015096129849553108,949.4185180664062,4.15165486629121e-05,0.016806378960609436,0.03281283751130104,0.02834870107471943,0.00018195874872617424
radial,75,-2.0686359817369118,0.5400000214576721,-0.014894179068505764,943.9227905273438,4.0522550989408046e-05,0.01674186810851097,0.032538775354623795,0.02810988947749138,0.00017833687888924032
radial,75,-2.0407250202778315,0.5400000214576721,-0.014693220146000385,938.4776611328125,3.9558959542773664e-05,0.01667678914964199,0.03226739168167114,0.027873445302248,0.00017480153474025428
radial,75,-2.0129511701977916,0.5400000214576721,-0.014493248425424099,933.08251953125,3.862483208649792e-05,0.016611168161034584,0.031998664140701294,0.027639342471957207,0.00017135057714767754
radial,75,-1.9853137847450044,0.5400000214576721,-0.014294259250164032,927.7373046875,3.771926276385784e-05,0.01654503121972084,0.03173256292939186,0.027407564222812653,0.00016798193973954767
radial,75,-1.9578120878173246,0.5400000214576721,-0.014096247032284737,922.44140625,3.684137845993973e-05,0.0164784025400877,0.03146907687187195,0.027178090065717697,0.00016469359979964793
radial,75,-1.9304455620133214,0.5400000214576721,-0.013899208046495914,917.1947631835938,3.5990324249723926e-05,0.016411304473876953,0.031208178028464317,0.0269508957862854,0.00016148356371559203
radial,75,-1.9032134312308497,0.5400000214576721,-0.013703136704862118,911.9967041015625,3.516527795000002e-05,0.01634376123547554,0.030949842184782028,0.02672595903277397,0.00015834986697882414
radial,75,-1.8761149193677638,0.5400000214576721,-0.013508027419447899,906.8469848632812,3.4365453757345676e-05,0.01627579890191555,0.030694037675857544,0.02650325745344162,0.0001552906323922798
radial,75,-1.8491498970737061,0.5400000214576721,-0.013313879258930683,901.745361328125,3.359009133419022e-05,0.016207436099648476,0.030440760776400566,0.026282772421836853,0.00015230407007038593
radial,75,-1.8223170708451006,0.5400000214576721,-0.013120682910084724,896.69140625,3.283845944679342e-05,0.016138700768351555,0.03018997609615326,0.026064489036798477,0.00014938834647182375
radial,75,-1.7956163113315902,0.5400000214576721,-0.012928437441587448,891.6848754882812,3.2109830499393865e-05,0.016069607809185982,0.029941663146018982,0.025848379358649254,0.00014654171536676586
radial,75,-1.7690463250295985,0.5400000214576721,-0.012737133540213108,886.7252197265625,3.14035132760182e-05,0.016000183299183846,0.029695801436901093,0.02563442289829254,0.00014376244507730007
radial,75,-1.7426071119391255,0.5400000214576721,-0.012546771205961704,881.812255859375,3.071884930250235e-05,0.01593044400215149,0.029452364891767502,0.025422602891921997,0.00014104890578892082
radial,75,-1.7162978959580264,0.5400000214576721,-0.012357344850897789,876.9456176757812,3.0055201932555065e-05,0.015860414132475853,0.029211334884166718,0.02521289698779583,0.0001383994531352073
radial,75,-1.6901176422834396,0.5400000214576721,-0.012168847024440765,872.125,2.941194543382153e-05,0.015790116041898727,0.028972696512937546,0.025005288422107697,0.00013581255916506052
radial,75,-1.6640660922146506,0.5400000214576721,-0.011981275863945484,867.3499755859375,2.878847226384096e-05,0.015719562768936157,0.0287364199757576,0.024799756705760956,0.00013328660861589015
radial,75,-1.6381424696495137,0.5400000214576721,-0.011794625781476498,862.6201782226562,2.8184200346004218e-05,0.015648776665329933,0.028502482920885086,0.024596277624368668,0.00013082011719234288
radial,75,-1.6123462571865983,0.5400000214576721,-0.011608893051743507,857.935302734375,2.7598569431575015e-05,0.015577776357531548,0.028270866721868515,0.024394838139414787,0.0001284115860471502
radial,75,-1.5866768080741167,0.5400000214576721,-0.01142407301813364,853.2950439453125,2.7031039280700497e-05,0.015506580471992493,0.028041552752256393,0.024195415899157524,0.00012605964730028063
radial,75,-1.5611333462099235,0.5400000214576721,-0.011240160092711449,848.698974609375,2.6481086024432443e-05,0.01543520763516426,0.02781452052295208,0.023997996002435684,0.00012376286031212658
radial,75,-1.5357154835429456,0.5400000214576721,-0.011057151481509209,844.1468505859375,2.594819488876965e-05,0.015363676473498344,0.027589749544858932,0.023802556097507477,0.00012151988630648702
radial,75,-1.5104224439710379,0.5400000214576721,-0.010875041596591473,839.6383056640625,2.5431872927583754e-05,0.015292000025510788,0.027367211878299713,0.02360907942056656,0.00011932935012737289
radial,75,-1.485253580742412,0.5400000214576721,-0.010693825781345367,835.1728515625,2.4931645384640433e-05,0.015220199711620808,0.027146894484758377,0.02341754548251629,0.0001171899784822017
radial,75,-1.4602083764556382,0.5400000214576721,-0.010513500310480595,830.7504272460938,2.4447055693599395e-05,0.015148289501667023,0.026928778737783432,0.023227937519550323,0.0001151005199062638
radial,75,-1.4352863137092855,0.5400000214576721,-0.010334061458706856,826.37060546875,2.3977660021046177e-05,0.01507628709077835,0.026712846010923386,0.02304024063050747,0.00011305973021080717
radial,75,-1.4104866164012089,0.5400000214576721,-0.010155503638088703,822.0330810546875,2.3523025447502732e-05,0.015004206448793411,0.026499068364501,0.022854436188936234,0.0001110664161387831
radial,75,-1.38580863777962,0.5400000214576721,-0.009977822192013264,817.737548828125,2.3082733605406247e-05,0.014932066202163696,0.026287434622645378,0.022670503705739975,0.00010911936988122761
radial,75,-1.3612519897934463,0.5400000214576721,-0.009801014326512814,813.4833984375,2.2656364308204502e-05,0.014859875664114952,0.026077914983034134,0.0224884245544672,0.00010721742000896484
radial,75,-1.3368160256909,0.5400000214576721,-0.00962507538497448,809.2703857421875,2.2243517378228717e-05,0.014787648804485798,0.025870485231280327,0.022308170795440674,0.00010535935871303082
radial,75,-1.3124999693698354,0.5400000214576721,-0.009449999779462814,805.0987548828125,2.1843870854354464e-05,0.014715408906340599,0.025665156543254852,0.02212975174188614,0.00010354435653425753
radial,75,-1.288194390427735,0.5400000214576721,-0.009274999611079693,800.950439453125,2.1455436581163667e-05,0.014642862603068352,0.025461040437221527,0.021952401846647263,0.00010176386422244832
radial,75,-1.2638889408359926,0.5400000214576721,-0.009100000374019146,796.8231201171875,2.1077752535347827e-05,0.014569973573088646,0.025258008390665054,0.021776003763079643,0.00010001618647947907
radial,75,-1.2401969999902778,0.5400000214576721,-0.00892941839993,792.818359375,2.071960989269428e-05,0.014498572796583176,0.025061065331101418,0.021604903042316437,9.834297088673338e-05
radial,75,-1.2167224970956643,0.5400000214576721,-0.008760401979088783,788.8687744140625,2.0374385712784715e-05,0.014427503570914268,0.02486688829958439,0.021436218172311783,9.671440784586594e-05
radial,75,-1.1934633625464308,0.5400000214576721,-0.008592936210334301,784.9749145507812,2.0041730749653652e-05,0.014356797561049461,0.02467549964785576,0.021269960328936577,9.512958058621734e-05
radial,75,-1.1704177854375708,0.5400000214576721,-0.008427008055150509,781.1359252929688,1.9721199350897223e-05,0.014286466874182224,0.02448684722185135,0.021106088533997536,9.358707029605284e-05
radial,75,-1.1475835668130054,0.5400000214576721,-0.008262601681053638,777.3505249023438,1.9412334950175136e-05,0.014216512441635132,0.024300867691636086,0.02094455063343048,9.208542905980721e-05
radial,75,-1.124959025118086,0.5400000214576721,-0.00809970498085022,773.6179809570312,1.9114737369818613e-05,0.014146944507956505,0.02411752939224243,0.020785309374332428,9.062336175702512e-05
radial,75,-1.102541961396734,0.5400000214576721,-0.007938302122056484,769.9376831054688,1.88280209840741e-05,0.014077774249017239,0.023936787620186806,0.02062833309173584,8.919967513065785e-05
radial,75,-1.0803306940943003,0.5400000214576721,-0.007778380997478962,766.308837890625,1.8551812900113873e-05,0.014009010046720505,0.02375860884785652,0.02047358825802803,8.781318319961429e-05
radial,75,-1.0583232829554214,0.5400000214576721,-0.007619927637279034,762.730712890625,1.8285752958036028e-05,0.013940658420324326,0.02358294650912285,0.020321037620306015,8.646270725876093e-05
radial,75,-1.0365177230495546,0.5400000214576721,-0.007462927605956793,759.2025146484375,1.8029491911875084e-05,0.013872729614377022,0.0234097670763731,0.02017064578831196,8.51471268106252e-05
radial,75,-1.0149123328220513,0.5400000214576721,-0.0073073687963187695,755.7235107421875,1.7782696886570193e-05,0.013805227354168892,0.023239027708768845,0.020022381097078323,8.386536501348019e-05
radial,75,-0.9935051720175478,0.5400000214576721,-0.007153237238526344,752.293212890625,1.7545055015943944e-05,0.013738160952925682,0.023070693016052246,0.019876210018992424,8.261642506113276e-05
radial,75,-0.9722944297310379,0.5400000214576721,-0.007000519894063473,748.9107666015625,1.7316257071797736e-05,0.01367153599858284,0.022904735058546066,0.01973210647702217,8.139928104355931e-05
radial,75,-0.9512784890830517,0.5400000214576721,-0.006849205121397972,745.5755615234375,1.7096004739869386e-05,0.013605359941720963,0.022741110995411873,0.01959003321826458,8.021295070648193e-05
radial,75,-0.9304552157926891,0.5400000214576721,-0.006699277553707361,742.286865234375,1.6884010619833134e-05,0.013539634644985199,0.022579781711101532,0.019449956715106964,7.905648817541078e-05
radial,75,-0.9098231223308378,0.5400000214576721,-0.006550726480782032,739.0440063476562,1.6680000044289045e-05,0.01347436849027872,0.022420715540647507,0.019311850890517235,7.792896940372884e-05
radial,75,-0.8893803331173129,0.5400000214576721,-0.0064035383984446526,735.846435546875,1.6483714716741815e-05,0.013409564271569252,0.02226388081908226,0.019175685942173004,7.68295576563105e-05
radial,75,-0.8691251019222869,0.5400000214576721,-0.0062577007338404655,732.6934814453125,1.6294899978674948e-05,0.013345228508114815,0.022109247744083405,0.019041433930397034,7.57574089220725e-05
radial,75,-0.8490557471911113,0.5400000214576721,-0.006113201379776001,729.58447265625,1.6113304809550755e-05,0.013281364925205708,0.021956775337457657,0.018909061327576637,7.471166463801637e-05
radial,75,-0.8291706520443162,0.5400000214576721,-0.005970028694719076,726.518798828125,1.593869637872558e-05,0.013217974454164505,0.02180643193423748,0.018778543919324875,7.369153172476217e-05
radial,75,-0.8094679409017166,0.5400000214576721,-0.005828169174492359,723.495849609375,1.5770841855555773e-05,0.01315506175160408,0.021658189594745636,0.01864984631538391,7.269623165484518e-05
radial,75,-0.7899461262342002,0.5400000214576721,-0.005687612108886242,720.5150146484375,1.5609526599291712e-05,0.013092631474137306,0.021512014791369438,0.018522949889302254,7.17250513844192e-05
radial,75,-0.7706033971367611,0.5400000214576721,-0.00554834445938468,717.5757446289062,1.5454545064130798e-05,0.013030685484409332,0.0213678777217865,0.018397826701402664,7.077725604176521e-05
radial,75,-0.7514381367299292,0.5400000214576721,-0.00541035458445549,714.6773681640625,1.5305682609323412e-05,0.012969225645065308,0.02122574672102928,0.018274443224072456,6.985213985899463e-05
radial,75,-0.7324487928094136,0.5400000214576721,-0.0052736313082277775,711.8192138671875,1.5162746421992779e-05,0.012908251956105232,0.02108558639883995,0.01815277338027954,6.894899706821889e-05
radial,75,-0.7136336838205656,0.5400000214576721,-0.005138162523508072,709.0012817382812,1.5025565517134964e-05,0.012847776524722576,0.02094738930463791,0.01803281158208847,6.80673256283626e-05
radial,75,-0.6949912575590942,0.5400000214576721,-0.005003937054425478,706.2222900390625,1.4893799743731506e-05,0.01278778724372387,0.020811107009649277,0.017914511263370514,6.720636883983389e-05
radial,75,-0.6765198971455296,0.5400000214576721,-0.004870943259447813,703.41796875,1.4778033801121637e-05,0.012727249413728714,0.020674675703048706,0.01779627799987793,6.634509190917015e-05
radial,75,-0.6582180503755808,0.5400000214576721,-0.004739169962704182,700.5853271484375,1.4677701983600855e-05,0.012666096910834312,0.02053791657090187,0.017677951604127884,6.548211968038231e-05
radial,75,-0.6400841003697779,0.5400000214576721,-0.004608605522662401,697.7062377929688,1.4551617823599372e-05,0.012604044750332832,0.020400285720825195,0.01755903661251068,6.461473822128028e-05
radial,75,-0.6221166242741877,0.5400000214576721,-0.004479239694774151,694.7855834960938,1.4400644431589171e-05,0.012541200965642929,0.0202619768679142,0.017439696937799454,6.374397344188765e-05
radial,75,-0.60431400520934,0.5400000214576721,-0.004351060837507248,691.9041748046875,1.42550215969095e-05,0.012478882446885109,0.020125500857830048,0.017321938648819923,6.289196608122438e-05
radial,75,-0.586674690970944,0.5400000214576721,-0.004224057774990797,689.0621337890625,1.4114622899796814e-05,0.012417105957865715,0.019990859553217888,0.01720576174557209,6.205844692885876e-05
radial,75,-0.5691973233802451,0.5400000214576721,-0.004098220728337765,686.2584228515625,1.3979270079289563e-05,0.012355860322713852,0.019858011975884438,0.017091132700443268,6.124281935626641e-05
radial,75,-0.5518803502329522,0.5400000214576721,-0.003973538521677256,683.4921264648438,1.384877941745799e-05,0.012295135296881199,0.01972690410912037,0.016978003084659576,6.044443944119848e-05
radial,75,-0.5347222193247743,0.5400000214576721,-0.0038499999791383743,680.75927734375,1.3722854419029318e-05,0.012234856374561787,0.019597359001636505,0.01686621829867363,5.966192111372948e-05
radial,75,-0.5173611053679552,0.5400000214576721,-0.0037249999586492777,678.0003051757812,1.3598719306173734e-05,0.01217370480298996,0.019466539844870567,0.016753334552049637,5.887804218218662e-05
radial,75,-0.49999999141113627,0.5400000214576721,-0.003599999938160181,675.2529296875,1.3477847460308112e-05,0.01211252436041832,0.01933625340461731,0.016640909016132355,5.810361835756339e-05
radial,75,-0.4772727131947047,0.5400000214576721,-0.003436363535001874,671.5472412109375,1.323571996181272e-05,0.01203082874417305,0.019162626937031746,0.016491439193487167,5.7048666349146515e-05
radial,75,-0.4545454673158626,0.5400000214576721,-0.0032727273646742105,667.5731811523438,1.289473038923461e-05,0.01194397546350956,0.01898057572543621,0.01633535698056221,5.5935041018528864e-05
radial,75,-0.43181818909943104,0.5400000214576721,-0.0031090909615159035,663.4540405273438,1.2543801858555526e-05,0.011853446252644062,0.018793795257806778,0.016175489872694016,5.481699190568179e-05
radial,75,-0.40909091088299954,0.5400000214576721,-0.0029454545583575964,659.3501586914062,1.2199290722492151e-05,0.011762745678424835,0.018607614561915398,0.01601613312959671,5.3712952649220824e-05
radial,75,-0.386363632666568,0.5400000214576721,-0.0027818181551992893,655.2706298828125,1.186179906653706e-05,0.011672081425786018,0.018422450870275497,0.01585763692855835,5.26254516444169e-05
radial,75,-0.3636363544501364,0.5400000214576721,-0.0026181817520409822,651.2152099609375,1.1531152267707512e-05,0.011581452563405037,0.018238281831145287,0.01569998823106289,5.155429971637204e-05
radial,75,-0.3409090762337049,0.5400000214576721,-0.002454545348882675,647.183837890625,1.1207196621398907e-05,0.01149086095392704,0.018055103719234467,0.015543182380497456,5.049932224210352e-05
radial,75,-0.31818183035486275,0.5400000214576721,-0.0022909091785550117,643.1768798828125,1.0889822078752331e-05,0.011400321498513222,0.017872929573059082,0.015387232415378094,4.946046101395041e-05
radial,75,-0.2954545521384312,0.5400000214576721,-0.0021272727753967047,639.194580078125,1.0578907676972449e-05,0.011309841647744179,0.017691772431135178,0.0152321457862854,4.843763599637896e-05
radial,75,-0.2727272739219997,0.5400000214576721,-0.0019636363722383976,635.237060546875,1.027432517730631e-05,0.011219431646168232,0.017511630430817604,0.01507792342454195,4.743072349810973e-05
radial,75,-0.24999999570556813,0.5400000214576721,-0.0017999999690800905,631.3043823242188,9.975945431506261e-06,0.011129098013043404,0.01733250916004181,0.014924569986760616,4.643960710382089e-05
radial,75,-0.2272727336579313,0.5400000214576721,-0.0016363636823371053,627.3968505859375,9.683646567282267e-06,0.011038849130272865,0.017154410481452942,0.014772089198231697,4.546417039819062e-05
radial,75,-0.20454545544149977,0.5400000214576721,-0.0014727272791787982,623.5144653320312,9.397310350323096e-06,0.010948695242404938,0.01697734370827675,0.01462048664689064,4.450431151781231e-05
radial,75,-0.1818181772250682,0.5400000214576721,-0.0013090908760204911,619.657470703125,9.116812179854605e-06,0.010858641937375069,0.016801312565803528,0.01446976326406002,4.35598922194913e-05
radial,75,-0.15909091517743137,0.5400000214576721,-0.0011454545892775059,615.825927734375,8.84202654560795e-06,0.010768698528409004,0.01662631332874298,0.014319920912384987,4.263076698407531e-05
radial,75,-0.13636363696099985,0.5400000214576721,-0.0009818181861191988,612.0196533203125,8.572825208830182e-06,0.010678867809474468,0.01645234227180481,0.014170955866575241,4.171678301645443e-05
radial,75,-0.11363636682896565,0.5400000214576721,-0.0008181818411685526,608.2388916015625,8.309089025715366e-06,0.010589156299829483,0.01627940498292446,0.014022869989275932,4.0817802073433995e-05
radial,75,-0.0909090886125341,0.5400000214576721,-0.0006545454380102456,604.483642578125,8.05070339993108e-06,0.01049957238137722,0.016107501462101936,0.013875664211809635,3.993369682575576e-05
radial,75,-0.06818181848049992,0.5400000214576721,-0.0004909090930595994,600.7540893554688,7.79754736868199e-06,0.010410122573375702,0.015936631709337234,0.013729341328144073,3.906431084033102e-05
radial,75,-0.04545454430626705,0.5400000214576721,-0.0003272727190051228,597.0501098632812,7.549503152404213e-06,0.010320812463760376,0.015766791999340057,0.013583896681666374,3.820949496002868e-05
radial,75,-0.022727272153133526,0.5400000214576721,-0.0001636363595025614,593.3716430664062,7.306446150323609e-06,0.010231643915176392,0.015597976744174957,0.013439327478408813,3.736906364792958e-05
radial,75,0.0,0.5400000214576721,0.0,589.7186279296875,7.068264039844507e-06,0.010142622515559196,0.015430187806487083,0.013295630924403667,3.6542885936796665e-05
radial,75,0.022727272153133526,0.5400000214576721,0.0001636363595025614,586.0913696289062,6.834846317360643e-06,0.010053757578134537,0.015263425186276436,0.01315280795097351,3.573080539354123e-05
radial,75,0.04545454430626705,0.5400000214576721,0.0003272727190051228,582.4895629882812,6.6060820245184004e-06,0.009965051896870136,0.015097685158252716,0.013010860420763493,3.4932676499010995e-05
radial,75,0.06818181848049992,0.5400000214576721,0.0004909090930595994,578.9133911132812,6.381855200743303e-06,0.009876511059701443,0.014932963997125626,0.012869780883193016,3.414833190618083e-05
radial,75,0.0909090886125341,0.5400000214576721,0.0006545454380102456,575.3626708984375,6.162054887681734e-06,0.00978813786059618,0.014769257977604866,0.012729567475616932,3.337760426802561e-05
radial,75,0.11363636682896565,0.5400000214576721,0.0008181818411685526,571.83740234375,5.946571945969481e-06,0.00969993881881237,0.01460656151175499,0.012590216472744942,3.262032987549901e-05
radial,75,0.13636363696099985,0.5400000214576721,0.0009818181861191988,568.337646484375,5.735306331189349e-06,0.009611919522285461,0.014444878324866295,0.01245173066854477,3.187638139934279e-05
radial,75,0.15909091517743137,0.5400000214576721,0.0011454545892775059,564.8634033203125,5.528153451450635e-06,0.009524084627628326,0.014284206554293633,0.012314106337726116,3.114560240646824e-05
radial,75,0.1818181772250682,0.5400000214576721,0.0013090908760204911,561.4146118164062,5.325007350620581e-06,0.009436437860131264,0.014124538749456406,0.012177339754998684,3.042782554985024e-05
radial,75,0.20454545544149977,0.5400000214576721,0.0014727272791787982,557.9911499023438,5.125762072566431e-06,0.009348983876407146,0.013965869322419167,0.012041427195072174,2.9722887120442465e-05
radial,75,0.2272727336579313,0.5400000214576721,0.0016363636823371053,554.5929565429688,4.930319846607745e-06,0.009261725470423698,0.013808198273181915,0.011906364932656288,2.903063432313502e-05
radial,75,0.24999999570556813,0.5400000214576721,0.0017999999690800905,551.22021484375,4.7385860852955375e-06,0.00917467288672924,0.013651525601744652,0.011772154830396175,2.835093800968025e-05
radial,75,0.2727272739219997,0.5400000214576721,0.0019636363722383976,547.872802734375,4.5504643821914215e-06,0.009087827987968922,0.013495849445462227,0.011638795956969261,2.7683647203957662e-05
radial,75,0.2954545521384312,0.5400000214576721,0.0021272727753967047,544.5505981445312,4.365855602372903e-06,0.009001195430755615,0.013341162353754044,0.011506283655762672,2.7028600015910342e-05
radial,75,0.31818183035486275,0.5400000214576721,0.0022909091785550117,541.2536010742188,4.184661520412192e-06,0.008914778009057045,0.013187460601329803,0.011374611407518387,2.6385634555481374e-05
radial,75,0.3409090762337049,0.5400000214576721,0.002454545348882675,537.9817504882812,4.006790732091758e-06,0.008828580379486084,0.013034738600254059,0.011243779212236404,2.575460894149728e-05
radial,75,0.3636363544501364,0.5400000214576721,0.0026181817520409822,534.735107421875,3.832155925920233e-06,0.008742609061300755,0.012883003801107407,0.011113787069916725,2.5135392206721008e-05
radial,75,0.386363632666568,0.5400000214576721,0.0027818181551992893,531.5135498046875,3.6606670619221404e-06,0.008656869642436504,0.0127322468906641,0.010984632186591625,2.4527842469979078e-05
radial,75,0.40909091088299954,0.5400000214576721,0.0029454545583575964,528.31689453125,3.4922202303278027e-06,0.00857135932892561,0.012582455761730671,0.010856302455067635,2.3931763280415908e-05
radial,75,0.43181818909943104,0.5400000214576721,0.0031090909615159035,525.14501953125,3.3267290291405516e-06,0.008486082777380943,0.012433627620339394,0.010728796944022179,2.3347020032815635e-05
radial,75,0.4545454673158626,0.5400000214576721,0.0032727273646742105,522.001220703125,3.164273948641494e-06,0.008401133120059967,0.012285912409424782,0.01060224138200283,2.2774067474529147e-05
radial,75,0.4772727131947047,0.5400000214576721,0.003436363535001874,518.8880004882812,3.004904783665552e-06,0.008316589519381523,0.012139435857534409,0.01047674473375082,2.2213249394553714e-05
radial,75,0.49999999141113627,0.5400000214576721,0.003599999938160181,515.7971801757812,2.8481651952461107e-06,0.008232226595282555,0.011993802152574062,0.010351968929171562,2.166292688343674e-05
radial,75,0.5173611053679552,0.5400000214576721,0.0037249999586492777,513.44384765625,2.729786729105399e-06,0.008167698048055172,0.011882768012583256,0.010256835259497166,2.1248171833576635e-05
radial,75,0.5347222193247743,0.5400000214576721,0.0038499999791383743,511.101806640625,2.6127472665393725e-06,0.008103236556053162,0.011772146448493004,0.0101620526984334,2.0839135686401278e-05
radial,75,0.5518803502329522,0.5400000214576721,0.003973538521677256,508.8052978515625,2.4987068627524422e-06,0.008039789274334908,0.01166355237364769,0.01006900891661644,2.0441675587790087e-05
radial,75,0.5691973233802451,0.5400000214576721,0.004098220728337765,506.504150390625,2.3851330297475215e-06,0.007975975051522255,0.011554615572094917,0.009975669905543327,2.0047031284775585e-05
radial,75,0.586674690970944,0.5400000214576721,0.004224057774990797,504.1962890625,2.2719073058397043e-06,0.007911729626357555,0.011445232667028904,0.009881947189569473,1.9654875359265134e-05
radial,75,0.60431400520934,0.5400000214576721,0.004351060837507248,501.88153076171875,2.159007635782473e-06,0.007847045548260212,0.011335393413901329,0.00978783331811428,1.9265229639131576e-05
radial,75,0.6221166242741877,0.5400000214576721,0.004479239694774151,499.56005859375,2.0464231056394055e-06,0.007781922817230225,0.011225100606679916,0.009693329222500324,1.8878157789004035e-05
radial,75,0.6400841003697779,0.5400000214576721,0.004608605522662401,497.2320251464844,1.9341468942002393e-06,0.007716360501945019,0.011114357970654964,0.009598439559340477,1.8493748939363286e-05
radial,75,0.6582180503755808,0.5400000214576721,0.004739169962704182,494.89776611328125,1.8221738855572767e-06,0.007650365121662617,0.011003175750374794,0.009503173641860485,1.81120922206901e-05
radial,75,0.6765198971455296,0.5400000214576721,0.004870943259447813,492.5574951171875,1.710494871076662e-06,0.0075839366763830185,0.010891560465097427,0.009407535195350647,1.773327312548645e-05
radial,75,0.6949912575590942,0.5400000214576721,0.005003937054425478,490.2113342285156,1.599095412530005e-06,0.007517077028751373,0.010779515840113163,0.009311528876423836,1.735736987029668e-05
radial,75,0.7136336838205656,0.5400000214576721,0.005138162523508072,487.8594970703125,1.487960162194213e-06,0.0074497852474451065,0.0106670456007123,0.009215157479047775,1.6984460671665147e-05
radial,75,0.7324487928094136,0.5400000214576721,0.0052736313082277775,485.5022277832031,1.3770730902251671e-06,0.007382065989077091,0.010554159060120583,0.009118428453803062,1.6614631022093818e-05
radial,75,0.7514381367299292,0.5400000214576721,0.00541035458445549,483.13983154296875,1.266417257284047e-06,0.007313922047615051,0.010440864600241184,0.009021350182592869,1.6247980965999886e-05
radial,75,0.7706033971367611,0.5400000214576721,0.00554834445938468,480.7725830078125,1.1671847914840328e-06,0.007245357614010572,0.010327169671654701,0.008923928253352642,1.588460145285353e-05
radial,75,0.7899461262342002,0.5400000214576721,0.005687612108886242,478.400634765625,1.0950217301797238e-06,0.007176374085247517,0.010213080793619156,0.00882616825401783,1.5524567061220296e-05
radial,75,0.8094679409017166,0.5400000214576721,0.005828169174492359,476.0242919921875,1.049205366143724e-06,0.0071069723926484585,0.010098601691424847,0.00872807390987873,1.5167941455729306e-05
radial,75,0.8291706520443162,0.5400000214576721,0.005970028694719076,473.6437072753906,1.0146366093977122e-06,0.0070371562615036964,0.009983742609620094,0.008629652671515942,1.481478557252558e-05
radial,75,0.8490557471911113,0.5400000214576721,0.006113201379776001,471.25927734375,9.80864797384129e-07,0.00696693267673254,0.00986851193010807,0.008530914783477783,1.4465161257248838e-05
radial,75,0.8691251019222869,0.5400000214576721,0.0062577007338404655,468.87127685546875,9.474717899138341e-07,0.006896303966641426,0.009752919897437096,0.008431865833699703,1.4119120351097081e-05
radial,75,0.8893803331173129,0.5400000214576721,0.0064035383984446526,466.47991943359375,9.144579280473408e-07,0.006825272459536791,0.009636972099542618,0.00833251141011715,1.3776704690826591e-05
radial,75,0.9098231223308378,0.5400000214576721,0.006550726480782032,464.08544921875,8.818240075925132e-07,0.006753841415047646,0.009520674124360085,0.00823285710066557,1.3437955203698948e-05
radial,75,0.9304552157926891,0.5400000214576721,0.006699277553707361,461.6881103515625,8.495710517308908e-07,0.006682015024125576,0.009404034353792667,0.00813291035592556,1.3102921002428047e-05
radial,75,0.9512784890830517,0.5400000214576721,0.006849205121397972,459.28839111328125,8.177006520782015e-07,0.0066097998060286045,0.009287065826356411,0.008032681420445442,1.2771660294674803e-05
radial,75,0.9722944297310379,0.5400000214576721,0.007000519894063473,456.886474609375,7.862133770686341e-07,0.006537200883030891,0.009169778786599636,0.007932179607450962,1.2444216736184899e-05
radial,75,0.9935051720175478,0.5400000214576721,0.007153237238526344,454.482666015625,7.551089424850943e-07,0.00646422291174531,0.00905217882245779,0.007831408642232418,1.2120629435230512e-05
radial,75,1.0149123328220513,0.5400000214576721,0.0073073687963187695,452.07720947265625,7.243863819894614e-07,0.006390866823494434,0.008934272453188896,0.007730375975370407,1.1800932043115608e-05
radial,75,1.0365177230495546,0.5400000214576721,0.007462927605956793,449.67047119140625,6.940452976778033e-07,0.006317140068858862,0.0088160689920187,0.007629089057445526,1.1485170034575276e-05
radial,75,1.0583232829554214,0.5400000214576721,0.007619927637279034,447.26275634765625,6.640852348027693e-07,0.0062430500984191895,0.00869758427143097,0.00752756092697382,1.1173393431818113e-05
radial,75,1.0803306940943003,0.5400000214576721,0.007778380997478962,444.8544921875,6.345045449052122e-07,0.006168602965772152,0.008578828535974026,0.007425799034535885,1.0865643162105698e-05
radial,75,1.102541961396734,0.5400000214576721,0.007938302122056484,442.4459228515625,6.053006131878647e-07,0.006093804258853197,0.008459808304905891,0.007323812693357468,1.0561950148257893e-05
radial,75,1.124959025118086,0.5400000214576721,0.00809970498085022,440.03741455078125,5.764722459389304e-07,0.006018657702952623,0.008340533822774887,0.007221606560051441,1.026234713208396e-05
radial,75,1.1475835668130054,0.5400000214576721,0.008262601681053638,437.6292419433594,5.480181926031946e-07,0.00594317214563489,0.008221015334129333,0.007119193207472563,9.966872312361374e-06
radial,75,1.1704177854375708,0.5400000214576721,0.008427008055150509,435.22186279296875,5.199364636609971e-07,0.005867356434464455,0.008101269602775574,0.007016584277153015,9.675570254330523e-06
radial,75,1.1934633625464308,0.5400000214576721,0.008592936210334301,432.8156433105469,4.922247285321646e-07,0.005791217554360628,0.007981306873261929,0.006913789547979832,9.388472790305968e-06
radial,75,1.2167224970956643,0.5400000214576721,0.008760401979088783,430.4107666015625,4.648773312965204e-07,0.005714755970984697,0.007861127145588398,0.0068108094856143,9.105582648771815e-06
radial,75,1.2401969999902778,0.5400000214576721,0.00892941839993,428.0074462890625,4.378881897082465e-07,0.005637975409626961,0.007740736939013004,0.00670764921233058,8.8269189291168e-06
radial,75,1.2638889408359926,0.5400000214576721,0.009100000374019146,425.6064758300781,4.112585827442672e-07,0.005560901015996933,0.007620171643793583,0.006604338996112347,8.552558028895874e-06
radial,75,1.288194390427735,0.5400000214576721,0.009274999611079693,423.1694641113281,3.8456110473816807e-07,0.00548228295519948,0.0074974833987653255,0.006499210372567177,8.278188033727929e-06
radial,75,1.3124999693698354,0.5400000214576721,0.009449999779462814,420.75811767578125,3.584667069844727e-07,0.005404103547334671,0.007375770248472691,0.006394918076694012,8.010785677470267e-06
radial,75,1.3368160256909,0.5400000214576721,0.00962507538497448,418.3706359863281,3.3293810020040837e-07,0.005326314829289913,0.007254944648593664,0.00629138620570302,7.750023542030249e-06
radial,75,1.3612519897934463,0.5400000214576721,0.009801014326512814,415.99658203125,3.078483246099495e-07,0.005248576402664185,0.007134474813938141,0.006188159342855215,7.494661076634657e-06
radial,75,1.38580863777962,0.5400000214576721,0.009977822192013264,413.635986328125,2.839222759121185e-07,0.005170893855392933,0.007014360278844833,0.006085238419473171,7.2446414378646296e-06
radial,75,1.4104866164012089,0.5400000214576721,0.010155503638088703,411.28857421875,2.617474592625513e-07,0.005093258805572987,0.0068945856764912605,0.005982610397040844,6.999846846156288e-06
radial,75,1.4352863137092855,0.5400000214576721,0.010334061458706856,408.94268798828125,2.4031896828091703e-07,0.005015237256884575,0.00677510816603899,0.005880099721252918,6.748825398972258e-06
radial,75,1.4602083764556382,0.5400000214576721,0.010513500310480595,406.6007080078125,2.1923324311501347e-07,0.004936904646456242,0.0066560423001646996,0.005777804646641016,6.491692147392314e-06
radial,75,1.485253580742412,0.5400000214576721,0.010693825781345367,404.302734375,2.046600116045738e-07,0.0048584905453026295,0.00653854850679636,0.005676596891134977,6.243673396966187e-06
radial,75,1.5104224439710379,0.5400000214576721,0.010875041596591473,402.0486755371094,1.9636067349892983e-07,0.004780000075697899,0.006422623060643673,0.0055764722637832165,6.004695933370385e-06
radial,75,1.5357154835429456,0.5400000214576721,0.011057151481509209,399.8111572265625,1.8832973580629186e-07,0.004701701458543539,0.006307205185294151,0.005476789083331823,5.770928055426339e-06
radial,75,1.5611333462099235,0.5400000214576721,0.011240160092711449,397.58978271484375,1.8056312001135666e-07,0.004623580724000931,0.006192267872393131,0.005377523601055145,5.542216513276799e-06
radial,75,1.5866768080741167,0.5400000214576721,0.01142407301813364,395.38482666015625,1.7305883659446408e-07,0.004545652773231268,0.006077825091779232,0.005278687924146652,5.318486273608869e-06
radial,75,1.6123462571865983,0.5400000214576721,0.011608893051743507,393.19659423828125,1.663590296629991e-07,0.004467927850782871,0.005963888019323349,0.005180291831493378,5.09965548189939e-06
radial,75,1.6381424696495137,0.5400000214576721,0.011794625781476498,391.0253601074219,1.606251487373811e-07,0.00439041992649436,0.005850469693541527,0.005082346964627504,4.885644102614606e-06
radial,75,1.6640660922146506,0.5400000214576721,0.011981275863945484,388.871337890625,1.552977266783273e-07,0.004313137847930193,0.005737578961998224,0.004984860308468342,4.676358912547585e-06
radial,75,1.6901176422834396,0.5400000214576721,0.012168847024440765,386.734619140625,1.5020235366591805e-07,0.004236087668687105,0.005625216290354729,0.004887832328677177,4.471696229302324e-06
radial,75,1.7162978959580264,0.5400000214576721,0.012357344850897789,384.615234375,1.453389160133156e-07,0.004159273114055395,0.005513384006917477,0.00479126488789916,4.271549187251367e-06
radial,75,1.7426071119391255,0.5400000214576721,0.012546771205961704,382.51336669921875,1.4070747056393884e-07,0.004082702100276947,0.005402085371315479,0.004695161245763302,4.075815922988113e-06
radial,75,1.7690463250295985,0.5400000214576721,0.012737133540213108,380.4290771484375,1.3630837258915562e-07,0.004006381146609783,0.00529132504016161,0.004599525593221188,3.884395482600667e-06
radial,75,1.7956163113315902,0.5400000214576721,0.012928437441587448,378.3625793457031,1.3214223315571871e-07,0.003930317237973213,0.005181105807423592,0.0045043593272566795,3.69718145520892e-06
radial,75,1.8223170708451006,0.5400000214576721,0.013120682910084724,376.31378173828125,1.2820984807149216e-07,0.0038545115385204554,0.005071424879133701,0.004409661050885916,3.5140596992278006e-06
radial,75,1.8491498970737061,0.5400000214576721,0.013313879258930683,374.2828369140625,1.245201275423824e-07,0.0037789721973240376,0.004962285980582237,0.004315434023737907,3.3349203931720695e-06
radial,75,1.8761149193677638,0.5400000214576721,0.013508027419447899,372.27008056640625,1.211469111694896e-07,0.003703711787238717,0.004853702150285244,0.004221688490360975,3.1596696317137685e-06
radial,75,1.9032134312308497,0.5400000214576721,0.013703136704862118,370.27447509765625,1.1804864641362656e-07,0.0036286942195147276,0.00474561657756567,0.004128376953303814,2.9880841339036124e-06
radial,75,1.9304455620133214,0.5400000214576721,0.013899208046495914,368.2962646484375,1.0811810824407075e-07,0.003553178859874606,0.004638001322746277,0.004035402089357376,2.7986036457150476e-06
radial,75,1.9578120878173246,0.5400000214576721,0.014096247032284737,366.38568115234375,9.507697740218646e-08,0.0034767016768455505,0.004532195627689362,0.00394365843385458,2.603699840619811e-06
radial,75,1.9853137847450044,0.5400000214576721,0.014294259250164032,364.5994567871094,8.788909866552785e-08,0.0034003378823399544,0.0044302246533334255,0.003854768816381693,2.4649316401337273e-06
radial,75,2.0129511701977916,0.5400000214576721,0.014493248425424099,362.8907470703125,8.278968977037948e-08,0.003324764547869563,0.004330997820943594,0.0037680601235479116,2.369620460740407e-06
radial,75,2.0407250202778315,0.5400000214576721,0.014693220146000385,361.202880859375,7.785604339005658e-08,0.003249727189540863,0.004232577979564667,0.0036820617970079184,2.2772271677240497e-06
radial,75,2.0686359817369118,0.5400000214576721,0.014894179068505764,359.5344543457031,7.308370442160594e-08,0.003175171324983239,0.004134885035455227,0.003596703987568617,2.1876703613088466e-06
radial,75,2.096684701326821,0.5400000214576721,0.015096129849553108,357.88641357421875,6.852691569747549e-08,0.0031011428218334913,0.0040379734709858894,0.003512033959850669,2.1009448119002627e-06
radial,75,2.1248719551497035,0.5400000214576721,0.015299078077077866,356.259033203125,6.431145038732211e-08,0.00302765890955925,0.003941859118640423,0.0034280666150152683,2.017015049204929e-06
radial,75,2.153198260606991,0.5400000214576721,0.015503027476370335,354.652587890625,6.036717792312629e-08,0.0029547361191362143,0.0038465578109025955,0.003344814758747816,1.9358433291927213e-06
radial,75,2.181664523151186,0.5400000214576721,0.015707984566688538,353.0672302246094,5.655136448012854e-08,0.0028823893517255783,0.0037520835176110268,0.003262291196733713,1.8573923625808675e-06
radial,75,2.210271130833361,0.5400000214576721,0.0159139521420002,351.503173828125,5.286006654614539e-08,0.002810631413012743,0.00365844601765275,0.0031805045437067747,1.7816212221077876e-06
radial,75,2.2390192478067346,0.5400000214576721,0.01612093858420849,349.9604797363281,4.9289504033822595e-08,0.0027394720818847418,0.003565652295947075,0.003099461318925023,1.708485683593608e-06
radial,75,2.2679091327720218,0.5400000214576721,0.016328945755958557,348.4393310546875,4.588032709307299e-08,0.0026689234655350447,0.003473712131381035,0.003019169671460986,1.637945160837262e-06
radial,75,2.2969415618313684,0.5400000214576721,0.016537979245185852,346.93988037109375,4.280776266796238e-08,0.0025990004651248455,0.003382638329640031,0.0029396414756774902,1.569961455061275e-06
radial,75,2.3261173110869198,0.5400000214576721,0.01674804463982582,345.46234130859375,4.006939491318917e-08,0.002529717981815338,0.0032924446277320385,0.002860888373106718,1.5044964811750106e-06
radial,75,2.355437156640821,0.5400000214576721,0.01695914752781391,344.0068054199219,3.7482756454210175e-08,0.0024610876571387053,0.0032031401060521603,0.0027829185128211975,1.4415097666642396e-06
radial,75,2.384901615894503,0.5400000214576721,0.017171291634440422,342.5733947753906,3.4986882724297175e-08,0.002393119502812624,0.003114731051027775,0.0027057374827563763,1.3809592473990051e-06
radial,75,2.4145117236508264,0.5400000214576721,0.01738448441028595,341.162109375,3.2566120466981374e-08,0.002325824461877346,0.0030272253789007664,0.002629352267831564,1.3228042234914028e-06
radial,75,2.444267997311221,0.5400000214576721,0.017598729580640793,339.773193359375,3.025241213094887e-08,0.0022592151071876287,0.002940633101388812,0.002553771948441863,1.2670064961639582e-06
radial,75,2.474170954277118,0.5400000214576721,0.01781403087079525,338.40667724609375,2.8056341250248806e-08,0.0021933037787675858,0.0028549644630402327,0.002479005604982376,1.2135283213865478e-06
radial,75,2.5042216293513775,0.5400000214576721,0.018030395731329918,337.06268310546875,2.5940504855270774e-08,0.002128100488334894,0.002770226215943694,0.002405058592557907,1.1623300224528066e-06
radial,75,2.534420798636145,0.5400000214576721,0.018247829750180244,335.74114990234375,2.388903119765473e-08,0.0020636131521314383,0.0026864218525588512,0.002331934869289398,1.1133691941722645e-06
radial,75,2.564768979532851,0.5400000214576721,0.018466336652636528,334.44219970703125,2.189963232979153e-08,0.001999849919229746,0.0026035564951598644,0.002259638858959079,1.0666053640306927e-06
radial,75,2.595266948143641,0.5400000214576721,0.018685922026634216,333.1658935546875,2.0041330373032906e-08,0.0019368217326700687,0.002521638059988618,0.0021881775464862585,1.0220026069873711e-06
radial,75,2.6259154805706606,0.5400000214576721,0.018906591460108757,331.91229248046875,1.8369352261515814e-08,0.001874539302662015,0.002440675627440214,0.0021175590809434652,9.795265896173078e-07
radial,75,2.656715352916055,0.5400000214576721,0.019128350540995598,330.6814270019531,1.68060818594995e-08,0.0018130112439393997,0.00236067408695817,0.0020477878861129284,9.391413300363638e-07
radial,75,2.6876670825812554,0.5400000214576721,0.019351202994585037,329.4732666015625,1.528808368789214e-08,0.0017522440757602453,0.0022816359996795654,0.001978866523131728,9.00810164239374e-07
radial,75,2.718771704369121,0.5400000214576721,0.019575156271457672,328.28790283203125,1.3813552968144904e-08,0.0016922459471970797,0.0022035660222172737,0.0019107988337054849,8.644970534987806e-07
radial,75,2.7500299943817987,0.5400000214576721,0.01980021595954895,327.12530517578125,1.238060320929435e-08,0.0016330269863829017,0.002126472070813179,0.001843592501245439,8.301698244395084e-07
radial,75,2.781442470020718,0.5400000214576721,0.02002638578414917,325.985595703125,1.1027884383452147e-08,0.0015745984856039286,0.002050363691523671,0.0017772556748241186,7.978013059073419e-07
radial,75,2.8130101660887403,0.5400000214576721,0.020253673195838928,324.8688049316406,9.853700966289125e-09,0.0015169703401625156,0.0019752494990825653,0.0017117962706834078,7.673559707654931e-07
radial,75,2.844733599987295,0.5400000214576721,0.020482081919908524,323.7750244140625,8.853936250829975e-09,0.0014601524453610182,0.001901138573884964,0.0016472227871418,7.387942559944349e-07
radial,75,2.876613547818528,0.5400000214576721,0.020711617544293404,322.70428466796875,7.920908373648672e-09,0.001404156326316297,0.0018280437216162682,0.0015835462836548686,7.120865461729409e-07
radial,75,2.9086510443853006,0.5400000214576721,0.020942287519574165,321.65679931640625,7.009259839207971e-09,0.001348997000604868,0.0017559813568368554,0.0015207815449684858,6.872086828479951e-07
radial,75,2.9408466070890427,0.5400000214576721,0.021174095571041107,320.6326904296875,6.117735207311625e-09,0.0012946893693879247,0.0016849689418449998,0.001458943821489811,6.641411687269283e-07
radial,75,2.9732010120318995,0.5400000214576721,0.021407047286629677,319.6319885253906,5.262101421266152e-09,0.0012412469368427992,0.001615022076293826,0.001398045802488923,6.428655865420296e-07
radial,75,3.005715294016732,0.5400000214576721,0.02164115011692047,318.6549072265625,4.445729118174313e-09,0.0011886849533766508,0.0015461599687114358,0.0013381040189415216,6.23365622232086e-07
radial,75,3.0383899704449706,0.5400000214576721,0.02187640778720379,317.70147705078125,3.689662575467878e-09,0.001137015875428915,0.0014783943770453334,0.0012791306944563985,6.05627974437084e-07
radial,75,3.071226076119476,0.5400000214576721,0.022112827748060226,316.77166748046875,3.000125037289081e-09,0.0010862477356567979,0.0014117296086624265,0.0012211306020617485,5.896377501812822e-07
radial,75,3.1042243871423936,0.5400000214576721,0.022350415587425232,315.8656005859375,2.379463737156584e-09,0.0010363950859755278,0.0013461841735988855,0.0011641193414106965,5.753922209805751e-07
radial,75,3.1373854209151535,0.5400000214576721,0.022589175030589104,314.98345947265625,1.938841531767821e-09,0.0009874746901914477,0.001281779957935214,0.0011081153061240911,5.628885446640197e-07
radial,75,3.1707099535399013,0.5400000214576721,0.02282911166548729,314.1253967285156,1.6665789859260371e-09,0.0009394986554980278,0.0012185323284938931,0.0010531318839639425,5.521158072951948e-07
radial,75,3.204199278520213,0.5400000214576721,0.023070234805345535,313.2914733886719,1.4340090226383495e-09,0.0008924831636250019,0.001156461308710277,0.0009991851402446628,5.430509304460429e-07
radial,75,3.2378539132575197,0.5400000214576721,0.02331254817545414,312.48193359375,1.2049772291078398e-09,0.0008464490529149771,0.0010955927427858114,0.0009462983580306172,5.356686187951709e-07
radial,75,3.2716746338539653,0.5400000214576721,0.02355605736374855,311.6970520019531,9.789323796027816e-10,0.000801418034825474,0.0010359575971961021,0.0008944998262450099,5.299694976201863e-07
radial,75,3.3056622164116964,0.5400000214576721,0.023800767958164215,310.93701171875,7.552999892190826e-10,0.0007574104820378125,0.0009775891667231917,0.000843817600980401,5.259677209323854e-07
radial,75,3.339817954434289,0.5400000214576721,0.02404668927192688,310.2023010253906,5.452002183048421e-10,0.0007144503761082888,0.0009205274400301278,0.0007942856755107641,5.23689550391282e-07
radial,75,3.3741418479217424,0.5400000214576721,0.024293821305036545,309.49334716796875,3.939704118494092e-10,0.0006725703133270144,0.0008648260845802724,0.0007459502085112035,5.231378850112378e-07
radial,75,3.408635449078348,0.5400000214576721,0.024542175233364105,308.81072998046875,3.018729433090783e-10,0.0006318094674497843,0.0008105519227683544,0.0006988684181123972,5.24289873737871e-07
radial,75,3.4432992753055363,0.5400000214576721,0.02479175478219986,308.1549987792969,2.265330423245615e-10,0.0005922086420468986,0.0007577820215374231,0.0006531061371788383,5.271259624350932e-07
radial,75,3.4781341027054524,0.5400000214576721,0.025042565539479256,307.52667236328125,1.622531831113605e-10,0.0005538114346563816,0.0007066014222800732,0.0006087360670790076,5.316159104040707e-07
radial,75,3.5131412247816725,0.5400000214576721,0.02529461681842804,306.92620849609375,1.0705397679444673e-10,0.000516667147167027,0.0006570988334715366,0.0005658341688103974,5.377027605391049e-07
radial,75,3.548320641534196,0.5400000214576721,0.02554790861904621,306.35382080078125,6.912481698151396e-11,0.0004808248486369848,0.0006093594711273909,0.0005244734929874539,5.452944833450601e-07
radial,75,3.583673905167315,0.5400000214576721,0.025802452117204666,305.8096008300781,4.979396409088288e-11,0.0004463255754671991,0.0005634494009427726,0.00048471122863702476,5.542610210795829e-07
radial,75,3.619201791783174,0.5400000214576721,0.026058252900838852,305.293212890625,3.617307148262583e-11,0.00041319819865748286,0.0005194051773287356,0.0004465793026611209,5.644338330057508e-07
radial,75,3.654905077483919,0.5400000214576721,0.026315316557884216,304.8042297363281,2.5459790525816928e-11,0.0003814533120021224,0.00047722499584779143,0.000410076609114185,5.756656946687144e-07
radial,75,3.6907847970724106,0.5400000214576721,0.026573650538921356,304.34197998046875,1.5412154191762895e-11,0.0003510858223307878,0.00043687704601325095,0.0003751754411496222,5.878613933418819e-07
radial,75,3.7268414679500794,0.5400000214576721,0.02683325856924057,303.9058837890625,5.675466763221948e-10,0.0003220861544832587,0.00039832020411267877,0.00034184035030193627,6.009538537909975e-07
radial,75,3.7630761249197855,0.5400000214576721,0.027094148099422455,303.4954528808594,2.7314048800519686e-09,0.00029445107793435454,0.00036152341635897756,0.00031004424090497196,6.149095952423522e-07
radial,75,3.79948980278439,0.5400000214576721,0.027356326580047607,303.11041259765625,5.884282394674756e-09,0.00026818917831405997,0.0003264781553298235,0.00027977899299003184,6.297353820627904e-07
radial,75,3.836083018945323,0.5400000214576721,0.027619797736406326,302.7506103515625,8.917703020472345e-09,0.000243305679759942,0.0002931785420514643,0.00025103840744122863,6.454886829487805e-07
radial,75,3.872857066906161,0.5400000214576721,0.027884570881724358,302.4158020019531,1.1844970337904215e-08,0.00021980780002195388,0.0002616269630379975,0.000223823037231341,6.622549335588701e-07
radial,75,3.9098127227690487,0.5400000214576721,0.02815065160393715,302.10614013671875,1.4678565918302411e-08,0.00019772628729697317,0.00023186398902907968,0.00019816626445390284,6.800939900131198e-07
radial,75,3.9469507626361318,0.5400000214576721,0.02841804549098015,301.821533203125,1.7704621768643847e-08,0.00017708564701024443,0.00020392992882989347,0.00017410078726243228,6.990395604589139e-07
radial,75,3.984271703908841,0.5400000214576721,0.028686756268143654,301.5617370605469,2.154675726728783e-08,0.00015789626922924072,0.00017784995725378394,0.00015164638170972466,7.190961923697614e-07
radial,75,4.021777357492182,0.5400000214576721,0.02895679697394371,301.32666015625,2.6598058866511565e-08,0.00014019085210748017,0.00015368039021268487,0.00013084955571684986,7.40195389425935e-07
radial,75,4.05946798208687,0.5400000214576721,0.029228169471025467,301.116455078125,3.2247605474822194e-08,0.00012401703861542046,0.00013150201993994415,0.00011177746637258679,7.621752047271002e-07
radial,75,4.097344612495767,0.5400000214576721,0.02950088120996952,300.93109130859375,3.782814772534948e-08,0.00010941400978481397,0.0001113948819693178,9.449660137761384e-05,7.847683605177735e-07
radial,75,4.135408024821016,0.5400000214576721,0.02977493777871132,300.7699279785156,4.333399061806631e-08,9.63995189522393e-05,9.340871474705637e-05,7.90474732639268e-05,8.076264634837571e-07
radial,75,4.1736595125661955,0.5400000214576721,0.03005034849047661,300.6319580078125,4.87654148173533e-08,8.495299698552117e-05,7.753132376819849e-05,6.54175819363445e-05,8.303770755446749e-07
radial,75,4.2121003692348795,0.5400000214576721,0.030327122658491135,300.51556396484375,5.411457593140767e-08,7.50229592085816e-05,6.370505434460938e-05,5.3556264901999384e-05,8.526087640348123e-07
radial,75,4.250730594827069,0.5400000214576721,0.030605260282754898,300.4189453125,5.9348622016841546e-08,6.653756281593814e-05,5.183957546250895e-05,4.338579310569912e-05,8.738745691516669e-07
radial,75,4.289551741547055,0.5400000214576721,0.030884772539138794,300.34002685546875,6.44282920347905e-08,5.939987750025466e-05,4.1796956793405116e-05,3.478800499578938e-05,8.938125120039331e-07
radial,75,4.3285640680955515,0.5400000214576721,0.03116566129028797,300.276611328125,6.933572649359121e-08,5.349179991753772e-05,3.340164039400406e-05,2.761214636848308e-05,9.12234213501506e-07
radial,75,4.367769385377566,0.5400000214576721,0.031447939574718475,300.22662353515625,7.406475077686991e-08,4.868988980888389e-05,2.6478077415958978e-05,2.170644984289538e-05,9.290513389714761e-07
radial,75,4.407167952093813,0.5400000214576721,0.031731609255075455,300.18804931640625,7.859385675601516e-08,4.487650585360825e-05,2.0867009880021214e-05,1.693219383014366e-05,9.4418271601171e-07
radial,75,4.446761061747869,0.5400000214576721,0.032016679644584656,300.15899658203125,8.28801987040606e-08,4.193856511847116e-05,1.6421770851593465e-05,1.3161020433472004e-05,9.575383046467323e-07
radial,75,4.486549749142594,0.5400000214576721,0.032303158193826675,300.1375732421875,8.689071506751134e-08,3.975009167334065e-05,1.2979406164959073e-05,1.0250684681523126e-05,9.690687647889717e-07
radial,75,4.5265345316794185,0.5400000214576721,0.03259104862809181,300.1219482421875,9.06278785350878e-08,3.817336255451664e-05,1.0353312063671183e-05,8.03957118478138e-06,9.788084298634203e-07
radial,75,4.5667169615626335,0.5400000214576721,0.03288036212325096,300.1105651855469,9.423009572628871e-08,3.708509393618442e-05,8.369848728762008e-06,6.385108918038895e-06,9.86840973382641e-07
radial,75,4.6070980735951,0.5400000214576721,0.03317110612988472,300.1022644042969,9.775693854408019e-08,3.637688860180788e-05,6.879503416712396e-06,5.159013198863249e-06,9.932866760209436e-07
radial,75,4.647677867776818,0.5400000214576721,0.03346328064799309,300.0961608886719,1.0112083970170715e-07,3.5956851206719875e-05,5.753496679972159e-06,4.243599050823832e-06,9.983097015719977e-07
radial,75,4.688458413713509,0.5400000214576721,0.03375690057873726,300.09161376953125,1.0445323539443052e-07,3.5755070712184533e-05,4.890870968665695e-06,3.5519881294021616e-06,1.0020761465057149e-06
radial,75,4.7294402288066015,0.5400000214576721,0.03405196964740753,300.08819580078125,1.0777088021995951e-07,3.5716417187359184e-05,4.222315965307644e-06,3.0234193673095433e-06,1.0047206160379574e-06
radial,75,4.770624347858959,0.5400000214576721,0.0343484953045845,300.08563232421875,1.1094805074662872e-07,3.579827171051875e-05,3.7101613088452723e-06,2.6151674319407903e-06,1.0063738500321051e-06
radial,75,4.81201180567344,0.5400000214576721,0.03464648500084877,300.08367919921875,1.1403503918927527e-07,3.597189061110839e-05,3.312592298243544e-06,2.296309048688272e-06,1.007175569611718e-06
radial,75,4.853603637052907,0.5400000214576721,0.03494594618678093,300.0821533203125,1.1709404645898758e-07,3.621556970756501e-05,2.9866391741961706e-06,2.0448569557629526e-06,1.0072545819639345e-06
radial,75,4.8954008768002195,0.5400000214576721,0.03524688631296158,300.0809631347656,1.201034791620259e-07,3.65124833479058e-05,2.7144978957949206e-06,1.8451131609253935e-06,1.0067126368085155e-06
radial,75,4.937404042316808,0.5400000214576721,0.035549309104681015,300.0800476074219,1.2302717777856742e-07,3.6853649362456053e-05,2.4851133275660686e-06,1.6873514141479973e-06,1.005624085337331e-06
radial,75,4.979614685806963,0.5400000214576721,0.035853225737810135,300.07928466796875,1.258738109299884e-07,3.723226473084651e-05,2.2899434952705633e-06,1.5624997331542545e-06,1.0040471352112945e-06
radial,75,5.022033842073546,0.5400000214576721,0.036158643662929535,300.0787353515625,1.286502708808257e-07,3.764231223613024e-05,2.1226217086223187e-06,1.4621319905927521e-06,1.0020312402048148e-06
radial,75,5.064662545919418,0.5400000214576721,0.03646557033061981,300.07830810546875,1.313754012244317e-07,3.8080666854511946e-05,1.9809676814475097e-06,1.3814847079629544e-06,9.996040262194583e-07
radial,75,5.107501314746009,0.5400000214576721,0.036774009466171265,300.07794189453125,1.340701487606566e-07,3.854565147776157e-05,1.8678349533729488e-06,1.3170063084544381e-06,9.967786809284007e-07
radial,75,5.1505522181590395,0.5400000214576721,0.03708397597074509,300.07769775390625,1.3672848808710114e-07,3.903420292772353e-05,1.7767938516044524e-06,1.2662517292483244e-06,9.935934031091165e-07
radial,75,5.193814738757081,0.5400000214576721,0.03739546611905098,300.0775451660156,1.3933650677699916e-07,3.954316343879327e-05,1.6972603589238133e-06,1.2270727438590256e-06,9.900927580019925e-07
radial,75,5.237291463547283,0.5400000214576721,0.037708498537540436,300.0774230957031,1.4188984209795308e-07,4.007054303656332e-05,1.6273093024210539e-06,1.1977872418356128e-06,9.863057357506477e-07
radial,75,5.280982909931077,0.5400000214576721,0.038023076951503754,300.077392578125,1.444843036324528e-07,4.0614817407913506e-05,1.5666086028431891e-06,1.1802997050835984e-06,9.822566653383547e-07
radial,75,5.324889595309894,0.5400000214576721,0.03833920508623123,300.077392578125,1.4712816209794255e-07,4.117770367884077e-05,1.5137009086174658e-06,1.1736163969544577e-06,9.779589618119644e-07
radial,75,5.369013071888023,0.5400000214576721,0.038656894117593765,300.07745361328125,1.497322017485203e-07,4.1763058106880635e-05,1.4664174159406684e-06,1.1736831311282003e-06,9.734194463817403e-07
radial,75,5.413354891869757,0.5400000214576721,0.03897615522146225,300.0775451660156,1.522944899079448e-07,4.2369909351691604e-05,1.4239625443224213e-06,1.1795669934144826e-06,9.686567636890686e-07
radial,75,5.4579150552550955,0.5400000214576721,0.039296988397836685,300.0776672363281,1.548103085724506e-07,4.2994281102437526e-05,1.3865192158846185e-06,1.1903422318937373e-06,9.636949016567087e-07
radial,75,5.502695114248329,0.5400000214576721,0.03961940482258797,300.07781982421875,1.5727671609511162e-07,4.3633841414703056e-05,1.353339257548214e-06,1.2052304327880847e-06,9.585530733602354e-07
radial,75,5.547696621053749,0.5400000214576721,0.03994341567158699,300.0780029296875,1.5969187927566963e-07,4.428730608196929e-05,1.323519654761185e-06,1.2235761914780596e-06,9.532483318253071e-07
radial,75,5.592920093072785,0.5400000214576721,0.040269024670124054,300.07818603515625,1.6205477493258513e-07,4.495389657677151e-05,1.2967273050890071e-06,1.2448581401258707e-06,9.477950584368955e-07
radial,75,5.638367082509729,0.5400000214576721,0.04059624299407005,300.07843017578125,1.6436484884252422e-07,4.56331399618648e-05,1.272731651624781e-06,1.2686361969826976e-06,9.42206952458946e-07
radial,75,5.684038106766012,0.5400000214576721,0.040925074368715286,300.07867431640625,1.6662158941471716e-07,4.6324745198944584e-05,1.2511668501247186e-06,1.2945361049787607e-06,9.364968605041213e-07
radial,75,5.729934718045923,0.5400000214576721,0.04125552996993065,300.0789794921875,1.688245845343772e-07,4.7028614062583074e-05,1.2314678770053433e-06,1.3231306184025016e-06,9.306764923167066e-07
radial,75,5.776057951152325,0.5400000214576721,0.04158761724829674,300.0792541503906,1.7097393367748737e-07,4.774485569214448e-05,1.2134968301324989e-06,1.3546534773922758e-06,9.247541470358556e-07
radial,75,5.822408840888077,0.5400000214576721,0.04192134365439415,300.07952880859375,1.730702479108004e-07,4.847371383220889e-05,1.1970497553193127e-06,1.3879741800337797e-06,9.187360205942241e-07
radial,75,5.86898842205604,0.5400000214576721,0.04225671663880348,300.0798645019531,1.7511386829482944e-07,4.921520667267032e-05,1.181894162982644e-06,1.4223488733478007e-06,9.126302416007093e-07
radial,75,5.915798246860504,0.5400000214576721,0.04259374737739563,300.0802001953125,1.7710446797991608e-07,4.9969079555012286e-05,1.1678957889671437e-06,1.457531652704347e-06,9.064491450772039e-07
radial,75,5.962838832702902,0.5400000214576721,0.04293243959546089,300.08056640625,1.7909088967371645e-07,5.073509237263352e-05,1.1550058616194292e-06,1.4933182228560327e-06,9.002127399071469e-07
radial,75,5.99999963823292,0.5400000214576721,0.04319999739527702,300.08087158203125,1.8072202578878205e-07,5.134690218255855e-05,1.1456346555860364e-06,1.521794956715894e-06,8.952749226409651e-07
centerline,0.0,0.0,0.0,0.0,1100.0,0.15636999905109406,0.1965000033378601,0.0,0.0,0.0
centerline,0.041666668645727135,0.0,0.0003000000142492354,0.0,1100.0,0.15636999905109406,0.1965000033378601,1.100235791362536e-09,5.526895052732073e-10,9.936592521020415e-11
centerline,0.08333333729145427,0.0,0.0006000000284984708,0.0,1100.0,0.15636999905109406,0.1965000033378601,2.7779776257119693e-09,1.5595454927463948e-09,2.70441891103701e-10
centerline,0.12499999785278407,0.0,0.0008999999845400453,0.0,1100.0,0.15636998414993286,0.1964999884366989,6.1145182250754715e-09,3.9629850512312714e-09,6.656404316629505e-10
centerline,0.16666667458290854,0.0,0.0012000000569969416,0.0,1100.0,0.15636996924877167,0.1964999884366989,1.3274522814299416e-08,9.415476398544342e-09,1.5430611233213654e-09
centerline,0.20833333514423835,0.0,0.001500000013038516,0.0,1100.0001220703125,0.15636995434761047,0.19649997353553772,2.8061498014153585e-08,2.145253930052604e-08,3.395060899080704e-09
centerline,0.24999999570556813,0.0,0.0017999999690800905,0.0,1100.0001220703125,0.15636992454528809,0.19649994373321533,5.601338060046146e-08,4.623276694815104e-08,7.103771348937471e-09
centerline,0.2916666562668979,0.0,0.002099999925121665,0.0,1100.000244140625,0.15636985003948212,0.19649986922740936,1.0597144495250177e-07,9.34700494781282e-08,1.4178310081547352e-08
centerline,0.3333333491658171,0.0,0.002400000113993883,0.0,1100.0003662109375,0.15636974573135376,0.1964997500181198,1.9190250100109552e-07,1.7811225916375406e-07,2.7058892015929814e-08
centerline,0.3750000097271469,0.0,0.0027000000700354576,0.0,1100.0006103515625,0.15636956691741943,0.1964995265007019,3.346384573887917e-07,3.220179678464774e-07,4.9423650949620423e-08
centerline,0.4166666702884767,0.0,0.003000000026077032,0.0,1100.0009765625,0.15636928379535675,0.19649918377399445,5.634876174553938e-07,5.556308337872906e-07,8.654784977579766e-08
centerline,0.4583333308498065,0.0,0.0032999999821186066,0.0,1100.0015869140625,0.15636885166168213,0.19649863243103027,9.171230317406298e-07,9.193327628054249e-07,1.4557468830389553e-07
centerline,0.49999999141113627,0.0,0.003599999938160181,0.0,1100.002685546875,0.156368225812912,0.19649779796600342,1.444490408175625e-06,1.464612523705e-06,2.3577317165290879e-07
centerline,0.5416666519724661,0.0,0.0038999998942017555,0.0,1100.0042724609375,0.15636731684207916,0.19649659097194672,2.205121973020141e-06,2.2546175841853255e-06,3.68711852161141e-07
centerline,0.5833333125337958,0.0,0.00419999985024333,0.0,1100.0068359375,0.15636606514453888,0.19649487733840942,3.268929049227154e-06,3.363974428793881e-06,5.582832045547548e-07
centerline,0.6249999730951257,0.0,0.0044999998062849045,0.0,1100.0103759765625,0.15636439621448517,0.196492537856102,4.716171133622993e-06,4.8787119339976925e-06,8.206798725041153e-07
centerline,0.6666666983316342,0.0,0.004800000227987766,0.0,1100.015625,0.15636220574378967,0.19648942351341248,6.636593752773479e-06,6.895545539009618e-06,1.1742396281988476e-06
centerline,0.708333358892964,0.0,0.005100000184029341,0.0,1100.022705078125,0.15635943412780762,0.19648534059524536,9.127824341703672e-06,9.520259482087567e-06,1.6393159967265092e-06
centerline,0.7500000194542938,0.0,0.005400000140070915,0.0,1100.0323486328125,0.15635596215724945,0.1964801400899887,1.2293959116504993e-05,1.2866054930782411e-05,2.2379044821718708e-06
centerline,0.7916666800156236,0.0,0.00570000009611249,0.0,1100.0450439453125,0.156351700425148,0.1964735984802246,1.6243782738456503e-05,1.70517414517235e-05,2.9933069072285434e-06
centerline,0.8333333405769534,0.0,0.006000000052154064,0.0,1100.0616455078125,0.15634657442569733,0.19646555185317993,2.1088946596137248e-05,2.21996997424867e-05,3.929768809030065e-06
centerline,0.8750000011382831,0.0,0.006300000008195639,0.0,1100.0826416015625,0.15634049475193024,0.19645577669143677,2.6942474505631253e-05,2.8434031264623627e-05,5.071983650850598e-06
centerline,0.916666661699613,0.0,0.006599999964237213,0.0,1100.109130859375,0.15633338689804077,0.1964440941810608,3.3916920074261725e-05,3.587866012821905e-05,6.444745849876199e-06
centerline,0.9583333222609427,0.0,0.006899999920278788,0.0,1100.1417236328125,0.15632517635822296,0.1964302808046341,4.2122930608456954e-05,4.465569872991182e-05,8.072526725300122e-06
centerline,0.9999999828222725,0.0,0.007199999876320362,0.0,1100.1815185546875,0.15631580352783203,0.19641415774822235,5.1667917432496324e-05,5.488391616381705e-05,9.979296919482294e-06
centerline,1.0416666433836024,0.0,0.007499999832361937,0.0,1100.229248046875,0.156305193901062,0.19639551639556885,6.265535193961114e-05,6.667783600278199e-05,1.218821489601396e-05
centerline,1.0833333039449322,0.0,0.007799999788403511,0.0,1100.2860107421875,0.1562933325767517,0.19637420773506165,7.518411439377815e-05,8.014704508241266e-05,1.4721535080752801e-05
centerline,1.1250000291814406,0.0,0.008100000210106373,0.0,1100.352783203125,0.15628015995025635,0.19635002315044403,8.934758079703897e-05,9.539505845168605e-05,1.7600355931790546e-05
centerline,1.1666666250675917,0.0,0.00839999970048666,0.0,1100.4305419921875,0.15626563131809235,0.19632282853126526,0.00010523139644647017,0.00011251692922087386,2.0843977836193517e-05
centerline,1.2083333503041003,0.0,0.008700000122189522,0.0,1100.5201416015625,0.1562497466802597,0.1962924599647522,0.00012291311577428132,0.00013159886293578893,2.4469965865137056e-05
centerline,1.2499999461902513,0.0,0.008999999612569809,0.0,1100.62255859375,0.15623247623443604,0.1962587982416153,0.00014246422506403178,0.00015272032760549337,2.8494363505160436e-05
centerline,1.29166667142676,0.0,0.00930000003427267,0.0,1100.7388916015625,0.15621380507946014,0.19622169435024261,0.00016395087004639208,0.0001759548467816785,3.293204281362705e-05
centerline,1.3333333966632683,0.0,0.009600000455975533,0.0,1100.8697509765625,0.15619373321533203,0.196181058883667,0.0001874344452517107,0.00020137059618718922,3.779674443649128e-05
centerline,1.3749999925494194,0.0,0.00989999994635582,0.0,1101.0162353515625,0.1561722606420517,0.19613677263259888,0.00021297232888173312,0.00022903118224348873,4.310134318075143e-05
centerline,1.416666717785928,0.0,0.010200000368058681,0.0,1101.17919921875,0.15614935755729675,0.19608871638774872,0.00024061842123046517,0.00025899632601067424,4.8857957153813913e-05
centerline,1.458333313672079,0.0,0.010499999858438969,0.0,1101.359375,0.1561250388622284,0.19603681564331055,0.0002704236831050366,0.0002913223870564252,5.507784953806549e-05
centerline,1.5000000389085877,0.0,0.01080000028014183,0.0,1101.5577392578125,0.15609928965568542,0.195980966091156,0.00030243609216995537,0.0003260623780079186,6.17716068518348e-05
centerline,1.5416666347947385,0.0,0.011099999770522118,0.0,1101.7750244140625,0.15607212483882904,0.19592106342315674,0.0003367008175700903,0.00036326597910374403,6.89489024807699e-05
centerline,1.5833333600312471,0.0,0.01140000019222498,0.0,1102.011962890625,0.15604352951049805,0.19585706293582916,0.00037325985613279045,0.0004029795527458191,7.661880954401568e-05
centerline,1.6249999559173982,0.0,0.011699999682605267,0.0,1102.2694091796875,0.15601351857185364,0.19578886032104492,0.0004121523816138506,0.0004452460852917284,8.478966628899798e-05
centerline,1.6666666811539068,0.0,0.012000000104308128,0.0,1102.548095703125,0.1559820920228958,0.19571639597415924,0.0004534143372438848,0.0004901051870547235,9.346929437015206e-05
centerline,1.7083332770400577,0.0,0.012299999594688416,0.0,1102.8486328125,0.15594924986362457,0.19563961029052734,0.0004970788722857833,0.0005375930923037231,0.00010266492608934641
centerline,1.7500000022765663,0.0,0.012600000016391277,0.0,1103.171630859375,0.15591497719287872,0.19555844366550446,0.0005431760218925774,0.0005877428920939565,0.00011238302249694243
centerline,1.7916667275130749,0.0,0.012900000438094139,0.0,1103.5179443359375,0.15587930381298065,0.1954728364944458,0.0005917330272495747,0.0006405843887478113,0.00012262939708307385
centerline,1.833333323399226,0.0,0.013199999928474426,0.0,1103.8880615234375,0.15584221482276917,0.1953827440738678,0.0006427745684050024,0.0006961445324122906,0.00013340904843062162
centerline,1.8750000486357346,0.0,0.013500000350177288,0.0,1104.282470703125,0.15580374002456665,0.19528812170028687,0.0006963223568163812,0.0007544471882283688,0.00014472645125351846
centerline,1.9166666445218854,0.0,0.013799999840557575,0.0,1104.70166015625,0.1557638794183731,0.19518892467021942,0.0007523956592194736,0.0008155133109539747,0.00015658549091313034
centerline,1.958333369758394,0.0,0.014100000262260437,0.0,1105.1463623046875,0.15572261810302734,0.19508513808250427,0.0008110110065899789,0.0008793612360022962,0.00016898968897294253
centerline,1.999999965644545,0.0,0.014399999752640724,0.0,1105.6168212890625,0.15567998588085175,0.19497671723365784,0.0008721820777282119,0.0009460063884034753,0.00018194227595813572
centerline,2.0416666908810535,0.0,0.014700000174343586,0.0,1106.1136474609375,0.1556359827518463,0.19486364722251892,0.0009359180112369359,0.0010154584888368845,0.0001954456529347226
centerline,2.0833332867672048,0.0,0.014999999664723873,0.0,1106.6373291015625,0.15559060871601105,0.19474591314792633,0.0010022282367572188,0.001087726792320609,0.0002095011732308194
centerline,2.125000012003713,0.0,0.015300000086426735,0.0,1107.1881103515625,0.15554387867450714,0.19462350010871887,0.001071124104782939,0.0011628236388787627,0.00022411027748603374
centerline,2.1666666078898644,0.0,0.015599999576807022,0.0,1107.766357421875,0.1554958075284958,0.19449636340141296,0.001142613822594285,0.0012407583417370915,0.00023927497386466712
centerline,2.2083334624767303,0.0,0.01590000092983246,0.0,1108.3724365234375,0.155446395277977,0.1943645179271698,0.0012167035602033138,0.0013215374201536179,0.00025499664479866624
centerline,2.250000058362881,0.0,0.016200000420212746,0.0,1109.0067138671875,0.15539564192295074,0.19422794878482819,0.001293396926485002,0.0014051651814952493,0.00027127593057230115
centerline,2.2916666542490325,0.0,0.016499999910593033,0.0,1109.66943359375,0.15534357726573944,0.19408664107322693,0.0013726964825764298,0.0014916443033143878,0.0002881134278140962
centerline,2.3333332501351833,0.0,0.01679999940097332,0.0,1110.36083984375,0.15529018640518188,0.19394059479236603,0.0014546031598001719,0.0015809758333489299,0.00030550939845852554
centerline,2.3750001047220497,0.0,0.017100000753998756,0.0,1111.0811767578125,0.15523549914360046,0.1937897950410843,0.00153911707457155,0.0016731596551835537,0.00032346369698643684
centerline,2.4166667006082005,0.0,0.017400000244379044,0.0,1111.830810546875,0.15517951548099518,0.1936342716217041,0.0016262372955679893,0.0017681948374956846,0.00034197591594420373
centerline,2.4583332964943514,0.0,0.01769999973475933,0.0,1112.609619140625,0.15512223541736603,0.19347400963306427,0.0017159618437290192,0.0018660792848095298,0.0003610456478781998
centerline,2.4999998923805027,0.0,0.017999999225139618,0.0,1113.418212890625,0.1550636738538742,0.1933090090751648,0.0018082881579175591,0.0019668098539114,0.0003806723398156464
centerline,2.5416667469673686,0.0,0.018300000578165054,0.0,1114.25634765625,0.1550038456916809,0.19313928484916687,0.0019032127456739545,0.002070382935926318,0.0004008550604339689
centerline,2.58333334285352,0.0,0.01860000006854534,0.0,1115.12451171875,0.15494273602962494,0.1929648220539093,0.002000731648877263,0.0021767939906567335,0.0004215927328914404
centerline,2.6249999387396707,0.0,0.01889999955892563,0.0,1116.0225830078125,0.15488038957118988,0.19278565049171448,0.0021008397452533245,0.002286037662997842,0.0004428843967616558
centerline,2.6666667933265367,0.0,0.019200000911951065,0.0,1116.9508056640625,0.15481677651405334,0.1926017850637436,0.002203532261773944,0.0023981083650141954,0.00046472903341054916
centerline,2.708333389212688,0.0,0.019500000402331352,0.0,1117.9093017578125,0.15475192666053772,0.19241321086883545,0.0023088031448423862,0.0025129993446171284,0.00048712524585425854
centerline,2.749999985098839,0.0,0.01979999989271164,0.0,1118.8980712890625,0.154685840010643,0.19221995770931244,0.0024166458752006292,0.0026307038497179747,0.0005100713460706174
centerline,2.79166658098499,0.0,0.020099999383091927,0.0,1119.917236328125,0.1546185314655304,0.19202202558517456,0.0025270518381148577,0.00275121140293777,0.0005335655878297985
centerline,2.833333435571856,0.0,0.020400000736117363,0.0,1120.967041015625,0.1545500010251999,0.1918194442987442,0.0026400117203593254,0.0028745124582201242,0.0005576062831096351
centerline,2.875000031458007,0.0,0.02070000022649765,0.0,1122.0472412109375,0.1544802486896515,0.19161221385002136,0.002755518304184079,0.0030005990993231535,0.0005821917438879609
centerline,2.916666627344158,0.0,0.020999999716877937,0.0,1123.1580810546875,0.1544092893600464,0.19140036404132843,0.002873564837500453,0.0031294648069888353,0.0006073205731809139
centerline,2.958333223230309,0.0,0.021299999207258224,0.0,1124.299560546875,0.15433713793754578,0.1911838799715042,0.0029941454995423555,0.0032611023634672165,0.0006329913740046322
centerline,3.0000000778171754,0.0,0.02160000056028366,0.0,1125.4716796875,0.15426377952098846,0.1909627914428711,0.003117254236713052,0.0033955052495002747,0.0006592028075829148
centerline,3.041666673703326,0.0,0.021900000050663948,0.0,1126.6744384765625,0.15418925881385803,0.19073711335659027,0.003242884762585163,0.0035326662473380566,0.000685953302308917
centerline,3.083333269589477,0.0,0.022199999541044235,0.0,1127.9078369140625,0.1541135460138321,0.19050683081150055,0.003371030790731311,0.0036725783720612526,0.0007132412865757942
centerline,3.1250001241763434,0.0,0.02250000089406967,0.0,1129.171875,0.15403665602207184,0.1902719885110855,0.003501683473587036,0.0038152325432747602,0.0007410651305690408
centerline,3.1666667200624943,0.0,0.02280000038444996,0.0,1130.466552734375,0.15395860373973846,0.19003257155418396,0.0036348355934023857,0.003960620146244764,0.0007694230298511684
centerline,3.2083333159486456,0.0,0.023099999874830246,0.0,1131.7919921875,0.15387938916683197,0.18978862464427948,0.0037704785354435444,0.004108732100576162,0.0007983132381923497
centerline,3.2499999118347964,0.0,0.023399999365210533,0.0,1133.148193359375,0.15379901230335236,0.18954014778137207,0.003908604383468628,0.004259560257196426,0.0008277338929474354
centerline,3.2916667664216623,0.0,0.02370000071823597,0.0,1134.534912109375,0.15371748805046082,0.18928715586662292,0.004049205686897039,0.00441309530287981,0.000857683306094259
centerline,3.3333333623078136,0.0,0.024000000208616257,0.0,1135.952392578125,0.15363481640815735,0.18902964890003204,0.004192274063825607,0.004569328390061855,0.0008881597314029932
centerline,3.3749999581939645,0.0,0.024299999698996544,0.0,1137.4005126953125,0.15355099737644196,0.188767671585083,0.004337801598012447,0.00472825113683939,0.0009191614808514714
centerline,3.4166665540801153,0.0,0.02459999918937683,0.0,1138.879150390625,0.15346603095531464,0.18850120902061462,0.004485780838876963,0.004889854695647955,0.0009506865753792226
centerline,3.4583334086669817,0.0,0.024900000542402267,0.0,1140.388427734375,0.15337994694709778,0.18823029100894928,0.004636204335838556,0.0050541311502456665,0.0009827333269640803
centerline,3.5000000045531325,0.0,0.025200000032782555,0.0,1141.92822265625,0.1532927304506302,0.18795493245124817,0.004789063706994057,0.005221071653068066,0.001015300047583878
centerline,3.541666600439284,0.0,0.025499999523162842,0.0,1143.49853515625,0.15320438146591187,0.1876751333475113,0.004944351967424154,0.005390667822211981,0.001048385165631771
centerline,3.5833334550261497,0.0,0.025800000876188278,0.0,1145.0992431640625,0.153114914894104,0.18739092350006104,0.005102061666548252,0.005562911741435528,0.001081987051293254
centerline,3.625000050912301,0.0,0.026100000366568565,0.0,1146.73046875,0.1530243307352066,0.1871023029088974,0.005262186285108328,0.005737795494496822,0.0011161041911691427
centerline,3.666666646798452,0.0,0.026399999856948853,0.0,1148.3919677734375,0.15293264389038086,0.18680928647518158,0.005424718372523785,0.005915312096476555,0.001150734955444932
centerline,3.7083332426846027,0.0,0.02669999934732914,0.0,1150.0838623046875,0.15283983945846558,0.18651190400123596,0.0055896514095366,0.006095453631132841,0.0011858775978907943
centerline,3.750000097271469,0.0,0.027000000700354576,0.0,1151.805419921875,0.15274594724178314,0.18621014058589935,0.005756978411227465,0.006278212182223797,0.0012215307215228677
centerline,3.79166669315762,0.0,0.027300000190734863,0.0,1153.5567626953125,0.15265098214149475,0.18590402603149414,0.005926692392677069,0.0064635807648301125,0.0012576926965266466
centerline,3.833333289043771,0.0,0.02759999968111515,0.0,1155.338134765625,0.1525549292564392,0.18559357523918152,0.006098778452724218,0.006651546340435743,0.0012943616602569818
centerline,3.874999884929922,0.0,0.027899999171495438,0.0,1157.1497802734375,0.15245775878429413,0.18527886271476746,0.00627319049090147,0.006842058151960373,0.0013315309770405293
centerline,3.916666739516788,0.0,0.028200000524520874,0.0,1158.9915771484375,0.1523595005273819,0.18495990335941315,0.006449929438531399,0.007035111077129841,0.0013691952917724848
centerline,3.9583333354029393,0.0,0.02850000001490116,0.0,1160.8634033203125,0.15226013958454132,0.1846366673707962,0.006629035808146,0.007230747025460005,0.0014073590282350779
centerline,3.99999993128909,0.0,0.02879999950528145,0.0,1162.765380859375,0.1521597057580948,0.18430911004543304,0.006810507271438837,0.007428967859596014,0.0014460268430411816
centerline,4.0416667858759565,0.0,0.029100000858306885,0.0,1164.697265625,0.1520581692457199,0.18397724628448486,0.006994339637458324,0.007629769388586283,0.001485198037698865
centerline,4.083333381762107,0.0,0.029400000348687172,0.0,1166.658935546875,0.15195554494857788,0.18364109098911285,0.007180526852607727,0.00783314649015665,0.0015248716808855534
centerline,4.124999977648258,0.0,0.02969999983906746,0.0,1168.650634765625,0.1518518477678299,0.18330062925815582,0.007369064260274172,0.008039092645049095,0.0015650466084480286
centerline,4.1666665735344095,0.0,0.029999999329447746,0.0,1170.6719970703125,0.15174704790115356,0.18295590579509735,0.007559949532151222,0.00824760738760233,0.0016057222383096814
centerline,4.208417505853706,0.0,0.030300606042146683,0.0,1172.7274169921875,0.15164096653461456,0.18260617554187775,0.0077535794116556644,0.008459120988845825,0.001646981225349009
centerline,4.25065557161967,0.0,0.03060472011566162,0.0,1174.83740234375,0.15153253078460693,0.18224799633026123,0.00795186311006546,0.008675719611346722,0.0016892317216843367
centerline,4.293385944846603,0.0,0.030912378802895546,0.0,1177.003173828125,0.1514216959476471,0.18188120424747467,0.008154898881912231,0.0088975103572011,0.0017324968939647079
centerline,4.336614834351672,0.0,0.03122362680733204,0.0,1179.225830078125,0.15130840241909027,0.18150557577610016,0.008362793363630772,0.009124611504375935,0.001776798046194017
centerline,4.380347931550609,0.0,0.03153850510716438,0.0,1181.5068359375,0.15119260549545288,0.18112093210220337,0.00857565551996231,0.009357139468193054,0.001822158694267273
centerline,4.424590927859147,0.0,0.03185705468058586,0.0,1183.8475341796875,0.15107424557209015,0.18072707951068878,0.008793598040938377,0.009595219045877457,0.0018686031689867377
centerline,4.469349773393737,0.0,0.032179318368434906,0.0,1186.2493896484375,0.1509532481431961,0.1803237795829773,0.009016738273203373,0.00983897689729929,0.001916156499646604
centerline,4.514631194372972,0.0,0.0325053445994854,0.0,1188.7137451171875,0.15082958340644836,0.1799108386039734,0.009245199151337147,0.010088548995554447,0.001964844297617674
centerline,4.560440364811155,0.0,0.03283517062664032,0.0,1191.2421875,0.15070319175720215,0.17948798835277557,0.009479108266532421,0.010344074107706547,0.0020146933384239674
centerline,4.606784010926883,0.0,0.03316884487867355,0.0,1193.8363037109375,0.1505739837884903,0.17905502021312714,0.009718596935272217,0.01060569565743208,0.00206573074683547
centerline,4.653667824135886,0.0,0.03350640833377838,0.0,1196.4974365234375,0.15044192969799042,0.17861168086528778,0.009963800199329853,0.010873558931052685,0.002117984229698777
centerline,4.701098530656762,0.0,0.033847909420728683,0.0,1199.2275390625,0.15030694007873535,0.1781577169895172,0.010214852169156075,0.011147812940180302,0.002171482192352414
centerline,4.749082339306672,0.0,0.03419339284300804,0.0,1202.0281982421875,0.15016894042491913,0.17769289016723633,0.010471893474459648,0.011428610421717167,0.002226254204288125
centerline,4.7976259763042135,0.0,0.034542907029390335,0.0,1204.9012451171875,0.15002788603305817,0.17721693217754364,0.01073506474494934,0.011716105043888092,0.002282330533489585
centerline,4.846735650466548,0.0,0.034896496683359146,0.0,1207.84814453125,0.1498837023973465,0.17672958970069885,0.011004514060914516,0.012010456994175911,0.002339741447940469
centerline,4.896418605413702,0.0,0.03525421395897865,0.0,1210.8709716796875,0.14973630011081696,0.17623057961463928,0.011280391365289688,0.01231183111667633,0.0023985186126083136
centerline,4.946680532561408,0.0,0.03561609983444214,0.0,1213.971435546875,0.14958561956882477,0.17571961879730225,0.011562848463654518,0.012620393186807632,0.002458694390952587
centerline,4.997528675529692,0.0,0.03598220646381378,0.0,1217.1513671875,0.14943158626556396,0.17519643902778625,0.011852042749524117,0.01293631549924612,0.002520302776247263
centerline,5.0489697605371475,0.0,0.03635258227586746,0.0,1220.4127197265625,0.1492740958929062,0.17466072738170624,0.012148136273026466,0.013259774073958397,0.002583378693088889
centerline,5.1010110312038,0.0,0.03672727942466736,0.0,1223.757568359375,0.14911308884620667,0.1741122007369995,0.012451293878257275,0.013590949587523937,0.002647957531735301
centerline,5.153659213748243,0.0,0.03710634633898735,0.0,1227.1878662109375,0.14894846081733704,0.173550546169281,0.01276168879121542,0.013930030167102814,0.0027140763122588396
centerline,5.206921034389072,0.0,0.03748983144760132,0.0,1230.7056884765625,0.14878013730049133,0.17297545075416565,0.013079495169222355,0.014277204871177673,0.0027817722875624895
centerline,5.260804254147741,0.0,0.03787779062986374,0.0,1234.3131103515625,0.1486080139875412,0.17238657176494598,0.013404891826212406,0.01463267020881176,0.0028510834090411663
centerline,5.315316116644277,0.0,0.03827027603983879,0.0,1238.012451171875,0.14843200147151947,0.17178359627723694,0.013738062232732773,0.014996626414358616,0.0029220490250736475
centerline,5.370463865498702,0.0,0.03866733983159065,0.0,1241.8057861328125,0.1482519954442978,0.17116615176200867,0.01407920103520155,0.01536928303539753,0.00299471034668386
centerline,5.426254226929612,0.0,0.039069030433893204,0.0,1245.695556640625,0.148067906498909,0.1705339103937149,0.014428505674004555,0.015750857070088387,0.0030691097490489483
centerline,5.482695996761322,0.0,0.03947541117668152,0.0,1249.68408203125,0.14787961542606354,0.16988646984100342,0.014786181971430779,0.016141574829816818,0.003145290771499276
centerline,5.539795383810997,0.0,0.03988652676343918,0.0,1253.77392578125,0.14768703281879425,0.16922345757484436,0.015152444131672382,0.01654166541993618,0.0032232978846877813
centerline,5.597561183902952,0.0,0.04030244052410126,0.0,1257.96728515625,0.14749005436897278,0.1685444712638855,0.015527508221566677,0.016951367259025574,0.0033031764905899763
centerline,5.656000123255783,0.0,0.040723200887441635,0.0,1262.26708984375,0.14728854596614838,0.1678491234779358,0.01591159775853157,0.0173709224909544,0.0033849726896733046
centerline,5.715120997693804,0.0,0.041148871183395386,0.0,1266.6759033203125,0.14708243310451508,0.1671369969844818,0.016304943710565567,0.017800582572817802,0.003468734212219715
centerline,5.77493156823847,0.0,0.041579507291316986,0.0,1271.19580078125,0.14687158167362213,0.16640765964984894,0.016707779839634895,0.01824060268700123,0.0035545097198337317
centerline,5.835439595911238,0.0,0.04201516509056091,0.0,1275.829833984375,0.1466558873653412,0.16566067934036255,0.017120346426963806,0.01869124546647072,0.0036423495039343834
centerline,5.8966533591349926,0.0,0.04245590418577194,0.0,1280.5814208984375,0.1464352160692215,0.16489560902118683,0.017542894929647446,0.01915278472006321,0.0037323071155697107
centerline,5.958580618931188,0.0,0.04290178045630455,0.0,1285.45361328125,0.14620940387248993,0.16411197185516357,0.017975660040974617,0.019625486806035042,0.0038244372699409723
centerline,6.021230688525571,0.0,0.04335286095738411,0.0,1290.44921875,0.14597834646701813,0.16330936551094055,0.018418889492750168,0.020109612494707108,0.003918792121112347
centerline,6.084611328939597,0.0,0.0438092015683651,0.0,1295.5716552734375,0.14574189484119415,0.16248729825019836,0.018872881308197975,0.02060546912252903,0.004015423357486725
centerline,6.148730818596151,0.0,0.04427086189389229,0.0,1300.8238525390625,0.14549991488456726,0.16164518892765045,0.019337935373187065,0.02111339569091797,0.0041143945418298244
centerline,6.21359847072098,0.0,0.044737908989191055,0.0,1306.2091064453125,0.1452522575855255,0.16078250110149384,0.019814342260360718,0.021633712574839592,0.004215770401060581
centerline,6.279222563736969,0.0,0.045210402458906174,0.0,1311.73095703125,0.14499875903129578,0.15989869832992554,0.020302405580878258,0.022166745737195015,0.004319613333791494
centerline,6.345611893468433,0.0,0.04568840563297272,0.0,1317.392822265625,0.1447392851114273,0.1589932143688202,0.020802434533834457,0.02271283231675625,0.004425988998264074
centerline,6.412775773141119,0.0,0.04617198556661606,0.0,1323.1982421875,0.14447367191314697,0.15806549787521362,0.021314745768904686,0.0232723169028759,0.004534963984042406
centerline,6.480722998579344,0.0,0.04666120558977127,0.0,1329.1510009765625,0.14420172572135925,0.1571149230003357,0.021839670836925507,0.02384556084871292,0.0046466076746582985
centerline,6.549462365607421,0.0,0.04715612903237343,0.0,1335.255126953125,0.14392328262329102,0.15614090859889984,0.02237754873931408,0.02443292923271656,0.0047609927132725716
centerline,6.6190037048525285,0.0,0.0476568266749382,0.0,1341.514404296875,0.14363816380500793,0.15514279901981354,0.02292873151600361,0.02503480762243271,0.004878193140029907
centerline,6.689355812138982,0.0,0.048163361847400665,0.0,1347.93310546875,0.1433461755514145,0.15411996841430664,0.023493580520153046,0.025651587173342705,0.004998283460736275
centerline,6.760528518093957,0.0,0.04867580533027649,0.0,1354.51513671875,0.14304715394973755,0.15307173132896423,0.024072472006082535,0.02628367207944393,0.005121337715536356
centerline,6.832531653344631,0.0,0.049194227904081345,0.0,1361.26513671875,0.1427409052848816,0.1519974023103714,0.02466578595340252,0.026931477710604668,0.005247433669865131
centerline,6.905374531116751,0.0,0.049718696624040604,0.0,1368.1871337890625,0.1424272358417511,0.15089626610279083,0.025273919105529785,0.027595434337854385,0.005376651883125305
centerline,6.979066464636061,0.0,0.05024927854537964,0.0,1375.2860107421875,0.14210593700408936,0.14976760745048523,0.025897283107042313,0.0282759852707386,0.005509079433977604
centerline,7.0536183193326,0.0,0.05078605189919472,0.0,1382.566162109375,0.14177678525447845,0.1486106514930725,0.026536302641034126,0.028973592445254326,0.005644803401082754
centerline,7.129039408432113,0.0,0.05132908374071121,0.0,1390.03271484375,0.14143957197666168,0.1474246084690094,0.027191419154405594,0.02968873269855976,0.005783909931778908
centerline,7.205340079963207,0.0,0.05187844857573509,0.0,1397.6904296875,0.14109408855438232,0.14620868861675262,0.02786307781934738,0.030421892181038857,0.005926487967371941
centerline,7.28253068195449,0.0,0.05243422091007233,0.0,1405.54541015625,0.14073990285396576,0.14496201276779175,0.028551768511533737,0.031173599883913994,0.006072653457522392
centerline,7.3606215624345674,0.0,0.052996475249528885,0.0,1413.6029052734375,0.14037688076496124,0.14368371665477753,0.029257990419864655,0.031944390386343,0.006222483702003956
centerline,7.439623586833477,0.0,0.053565289825201035,0.0,1421.866943359375,0.14000505208969116,0.1423729807138443,0.029982196167111397,0.03273474797606468,0.006376043427735567
centerline,7.519546585778396,0.0,0.054140735417604446,0.0,1430.3428955078125,0.13962411880493164,0.14102892577648163,0.030724866315722466,0.03354519605636597,0.006533459294587374
centerline,7.60040194210079,0.0,0.05472289398312569,0.0,1439.036865234375,0.13923361897468567,0.13965058326721191,0.031486548483371735,0.03437632694840431,0.006694862153381109
centerline,7.6822000038292675,0.0,0.055311840027570724,0.0,1447.9552001953125,0.13883322477340698,0.13823701441287994,0.032267775386571884,0.03522871434688568,0.006860364228487015
centerline,7.764952153795296,0.0,0.055907655507326126,0.0,1457.103515625,0.13842272758483887,0.13678722083568573,0.03306911140680313,0.036102958023548126,0.007030069828033447
centerline,7.848669774830341,0.0,0.05651042237877846,0.0,1466.48828125,0.13800184428691864,0.1353001594543457,0.03389114513993263,0.036999691277742386,0.007204087916761637
centerline,7.933363214963013,0.0,0.05712021514773369,0.0,1476.1163330078125,0.13757020235061646,0.1337747722864151,0.034734465181827545,0.0379195511341095,0.007382535841315985
centerline,8.019044891827637,0.0,0.05773712322115898,0.0,1485.993896484375,0.1371275782585144,0.13221004605293274,0.03559967875480652,0.0388631634414196,0.007565520238131285
centerline,8.10572567085425,0.0,0.058361224830150604,0.0,1496.127685546875,0.136673703789711,0.1306048482656479,0.03648741543292999,0.039831213653087616,0.00775314774364233
centerline,8.193417452275753,0.0,0.05899260565638542,0.0,1506.5247802734375,0.13620823621749878,0.12895801663398743,0.037398338317871094,0.04082440584897995,0.007945546880364418
centerline,8.28213213632504,0.0,0.0596313513815403,0.0,1517.1922607421875,0.13573075830936432,0.12726838886737823,0.03833310678601265,0.04184344410896301,0.008142861537635326
centerline,8.371881105833584,0.0,0.0602775439620018,0.0,1528.1376953125,0.1352408528327942,0.1255347579717636,0.03929240629076958,0.042889054864645004,0.00834523607045412
centerline,8.462677295837137,0.0,0.06093127653002739,0.0,1539.3685302734375,0.13473817706108093,0.12375587970018387,0.040276966989040375,0.043962009251117706,0.008552785031497478
centerline,8.554532089167171,0.0,0.06159263104200363,0.0,1550.893310546875,0.13422231376171112,0.12193050235509872,0.04128752648830414,0.0450630858540535,0.008765622973442078
centerline,8.647457903458013,0.0,0.06226169690489769,0.0,1562.72021484375,0.1336928904056549,0.12005750834941864,0.04232478141784668,0.04619300365447998,0.00898383092135191
centerline,8.74146819114685,0.0,0.06293857097625732,0.0,1574.85498046875,0.13314981758594513,0.11813563853502274,0.04338940978050232,0.04735246300697327,0.009207546710968018
centerline,8.836574852466583,0.0,0.0636233389377594,0.0,1587.30517578125,0.13259261846542358,0.11616344004869461,0.04448222741484642,0.04854230210185051,0.009436983615159988
centerline,8.932789787650108,0.0,0.06431608647108078,0.0,1600.0809326171875,0.13202060759067535,0.11413948237895966,0.045604098588228226,0.049763429909944534,0.009672289714217186
centerline,9.030127483937475,0.0,0.06501691788434982,0.0,1613.1905517578125,0.1314334124326706,0.11206240206956863,0.046755850315093994,0.051016680896282196,0.009913556277751923
centerline,9.128600358963013,0.0,0.06572592258453369,0.0,1626.6416015625,0.1308307647705078,0.1099308431148529,0.04793829098343849,0.05230286344885826,0.01016089878976345
centerline,9.22822186516391,0.0,0.06644319742918015,0.0,1640.4420166015625,0.1302121877670288,0.10774344205856323,0.04915224015712738,0.05362279340624809,0.010414469987154007
centerline,9.329005454977354,0.0,0.06716883927583694,0.0,1654.6004638671875,0.12957724928855896,0.1054987907409668,0.0503985658288002,0.05497732758522034,0.010674387216567993
centerline,9.430964580840534,0.0,0.06790294498205185,0.0,1669.1260986328125,0.12892557680606842,0.10319552570581436,0.0516781322658062,0.05636730045080185,0.01094072125852108
centerline,9.534112695190641,0.0,0.06864561140537262,0.0,1684.02734375,0.12825679779052734,0.10083230584859848,0.05299179628491402,0.0577935129404068,0.011213535442948341
centerline,9.638463250464863,0.0,0.06939693540334702,0.0,1699.3131103515625,0.12757042050361633,0.0984077975153923,0.05434044823050499,0.05925678461790085,0.011492903344333172
centerline,9.74403073390325,0.0,0.0701570212841034,0.0,1714.991455078125,0.1268659234046936,0.09592070430517197,0.05572495609521866,0.06075789034366608,0.011778897605836391
centerline,9.85083066754871,0.0,0.07092598080635071,0.0,1731.0706787109375,0.12614279985427856,0.09336984157562256,0.057146184146404266,0.06229754537343979,0.012071538716554642
centerline,9.958874434232712,0.0,0.07170389592647552,0.0,1747.55712890625,0.12540070712566376,0.09075414389371872,0.05860493332147598,0.06387636810541153,0.012370786629617214
centerline,10.068179625603888,0.0,0.07249089330434799,0.0,1764.4573974609375,0.12463933229446411,0.08807269483804703,0.060101985931396484,0.06549488753080368,0.012676560319960117
centerline,10.178759694099426,0.0,0.07328706979751587,0.0,1781.777587890625,0.12385828047990799,0.08532465249300003,0.06163815036416054,0.06715358793735504,0.012988717295229435
centerline,10.290629126959377,0.0,0.07409252971410751,0.0,1799.524169921875,0.1230570524930954,0.08250930160284042,0.0632142722606659,0.06885290145874023,0.013306929729878902
centerline,10.40380241142379,0.0,0.07490737736225128,0.0,1817.701904296875,0.1222352609038353,0.07962629944086075,0.06483110785484314,0.07059299945831299,0.013630691915750504
centerline,10.40380241142379,0.0,0.07490737736225128,0.0,1817.701904296875,0.1222352609038353,0.07962629944086075,0.06483110785484314,0.07059299945831299,0.013630691915750504
centerline,10.518297139141294,0.0,0.07573173940181732,0.0,1836.3084716796875,0.1213931068778038,0.07667578011751175,0.06648904830217361,0.07237356901168823,0.013959694653749466
centerline,10.634125727746222,0.0,0.0765657052397728,0.0,1855.3375244140625,0.1205311194062233,0.07365834712982178,0.06818835437297821,0.07419395446777344,0.014293530955910683
centerline,10.751306803690063,0.0,0.07740940898656845,0.0,1874.7857666015625,0.11964934319257736,0.07057507336139679,0.06992945075035095,0.07605337351560593,0.014631208032369614
centerline,10.869853819410007,0.0,0.07826294749975204,0.0,1894.6461181640625,0.1187480092048645,0.06742794066667557,0.07171252369880676,0.07795034348964691,0.014971485361456871
centerline,10.989783331751823,0.0,0.07912643998861313,0.0,1914.90380859375,0.11782769113779068,0.06421998888254166,0.07353747636079788,0.07988262176513672,0.015312770381569862
centerline,11.111110862758425,0.0,0.07999999821186066,0.0,1935.532470703125,0.11688944697380066,0.06095586717128754,0.07540387660264969,0.08184682577848434,0.01565283164381981
centerline,11.232693990071615,0.0,0.08087539672851562,0.0,1956.29248046875,0.11594434082508087,0.05767422169446945,0.07729273289442062,0.08381874859333038,0.01598464511334896
centerline,11.355439200997353,0.0,0.08175916224718094,0.0,1977.2811279296875,0.11498820781707764,0.05436069145798683,0.07921620458364487,0.08580594509840012,0.016305962577462196
centerline,11.479358913169968,0.0,0.08265138417482376,0.0,1998.413330078125,0.11402527242898941,0.05103036016225815,0.08117177337408066,0.08779755979776382,0.016610875725746155
centerline,11.604463474618065,0.0,0.08355213701725006,0.0,2019.55224609375,0.11306244879961014,0.04770711064338684,0.08315541595220566,0.08977599442005157,0.01688845083117485
centerline,11.730766337778833,0.0,0.0844615176320076,0.0,2040.510009765625,0.11210915446281433,0.04442226514220238,0.08516110479831696,0.09171799570322037,0.017122887074947357
centerline,11.858275781075161,0.0,0.08537958562374115,0.0,2060.9873046875,0.11118047684431076,0.04122432693839073,0.08718078583478928,0.09359028935432434,0.01729627512395382
centerline,11.987006291747093,0.0,0.08630644530057907,0.0,2080.6552734375,0.11029286682605743,0.03816652297973633,0.0892052948474884,0.09535635262727737,0.01738608069717884
centerline,12.11696821782324,0.0,0.08724217116832733,0.0,2099.3720703125,0.10945218801498413,0.03527055308222771,0.09122638404369354,0.09700194001197815,0.017380382865667343
centerline,12.248172942135069,0.0,0.0881868451833725,0.0,2117.145263671875,0.10865601897239685,0.03253274783492088,0.09323831647634506,0.09853214025497437,0.01729104295372963
centerline,12.380632882316908,0.0,0.08914055675268173,0.0,2134.01123046875,0.10790049284696579,0.029945800080895424,0.09523738920688629,0.09995374083518982,0.017129411920905113
centerline,12.514359421200222,0.0,0.0901033878326416,0.0,2150.01025390625,0.10718132555484772,0.02750222571194172,0.09722080081701279,0.10127336531877518,0.016899127513170242
centerline,12.649366011222204,0.0,0.09107543528079987,0.0,2165.18115234375,0.10649405419826508,0.025194792076945305,0.09918643534183502,0.10249731689691544,0.01660601608455181
centerline,12.78566403521432,0.0,0.09205678105354309,0.0,2179.563232421875,0.10583410412073135,0.02301613800227642,0.10113310068845749,0.10363171249628067,0.016255667433142662
centerline,12.923265910810894,0.0,0.09304751455783844,0.0,2193.191162109375,0.10519686341285706,0.020959317684173584,0.10306007415056229,0.10468227416276932,0.01585313118994236
centerline,13.062184055646261,0.0,0.09404772520065308,0.0,2206.093017578125,0.10457780957221985,0.01901848055422306,0.10496629029512405,0.1056540459394455,0.015403036028146744
centerline,13.202430887354746,0.0,0.09505750238895416,0.0,2218.292724609375,0.10397212952375412,0.01718840003013611,0.10685063153505325,0.1065516546368599,0.014909644611179829
centerline,13.344019858373537,0.0,0.09607694298028946,0.0,2229.80517578125,0.10337498039007187,0.015465174801647663,0.10871098190546036,0.10737905651330948,0.014377306215465069
centerline,13.486963386336964,0.0,0.09710613638162613,0.0,2240.633544921875,0.10278180986642838,0.013846637681126595,0.11054323613643646,0.10813943296670914,0.013810964301228523
centerline,13.631273888879353,0.0,0.09814517199993134,0.0,2250.768310546875,0.10218850523233414,0.012332172133028507,0.11234109103679657,0.10883534699678421,0.013216516934335232
centerline,13.776965853240755,0.0,0.09919415414333344,0.0,2260.198486328125,0.10159077495336533,0.010921316221356392,0.114097461104393,0.10946951061487198,0.012600443325936794
centerline,13.924050662252638,0.0,0.100253164768219,0.0,2268.91650390625,0.10098389536142349,0.009612996131181717,0.11580513417720795,0.11004514992237091,0.011969681829214096
centerline,14.072542803155052,0.0,0.10132230818271637,0.0,2276.911865234375,0.10036279261112213,0.008406076580286026,0.11745568364858627,0.11056587100028992,0.011332182213664055
centerline,14.222454693582323,0.0,0.10240167379379272,0.0,2284.168701171875,0.09972189366817474,0.007299522869288921,0.11903867870569229,0.11103568226099014,0.01069747656583786
centerline,14.373801855577364,0.0,0.10349137336015701,0.0,2290.661376953125,0.09905553609132767,0.006293678190559149,0.12053835391998291,0.11145878583192825,0.01007863599807024
centerline,14.5265967067745,0.0,0.1045914962887764,0.0,2296.340576171875,0.09835820645093918,0.00539167458191514,0.12193018943071365,0.11183957755565643,0.009494462981820107
centerline,14.680852699610922,0.0,0.10570213943719864,0.0,2301.1494140625,0.09762519598007202,0.004596114624291658,0.12319447100162506,0.11218257993459702,0.008960944600403309
centerline,14.83658432132668,0.0,0.1068234071135521,0.0,2305.091064453125,0.09685322642326355,0.0039025924634188414,0.12433159351348877,0.11249230057001114,0.008481253869831562
centerline,14.993807093964683,0.0,0.10795541107654572,0.0,2308.238037109375,0.09604010730981827,0.0033017038367688656,0.12535317242145538,0.11277293413877487,0.008051259443163872
centerline,15.1525324003564,0.0,0.10909823328256607,0.0,2310.672119140625,0.0951843410730362,0.0027838475070893764,0.12627166509628296,0.11302832514047623,0.007666121236979961
centerline,15.312776797347599,0.0,0.11025199294090271,0.0,2312.460693359375,0.09428562223911285,0.002339862287044525,0.1270989328622818,0.11326200515031815,0.007321130950003862
centerline,15.474553737375471,0.0,0.1114167869091034,0.0,2313.6689453125,0.09334515780210495,0.0019611588213592768,0.1278458833694458,0.1134771928191185,0.00701189273968339
centerline,15.637878742482927,0.0,0.11259272694587708,0.0,2314.365234375,0.0923653393983841,0.0016397273866459727,0.12852250039577484,0.11367683112621307,0.006734299007803202
centerline,15.802766299910015,0.0,0.11377991735935211,0.0,2314.61865234375,0.091349296271801,0.0013681582640856504,0.12913785874843597,0.11386352777481079,0.006484584882855415
centerline,15.969230896896786,0.0,0.11497846245765686,0.0,2314.498046875,0.09030064940452576,0.0011396786430850625,0.12970007956027985,0.11403954029083252,0.0062593803741037846
centerline,16.13728805548615,0.0,0.11618847399950027,0.0,2314.067626953125,0.08922314643859863,0.0009481703164055943,0.13021644949913025,0.11420678347349167,0.006055699195712805
centerline,16.306952262918156,0.0,0.11741005629301071,0.0,2313.386474609375,0.08812092989683151,0.0007881699129939079,0.13069333136081696,0.11436689645051956,0.005870807450264692
centerline,16.478241110841434,0.0,0.11864333599805832,0.0,2312.50927734375,0.08699823915958405,0.000654864008538425,0.13113635778427124,0.1145213395357132,0.0057022180408239365
centerline,16.651167016890316,0.0,0.11988840252161026,0.0,2311.48828125,0.08585876226425171,0.0005440677050501108,0.13155041635036469,0.11467131972312927,0.005547809414565563
centerline,16.82574757271343,0.0,0.12114538252353668,0.0,2310.370849609375,0.08470585942268372,0.0004521769005805254,0.13193966448307037,0.11481775343418121,0.005405779462307692
centerline,17.001999335156547,0.0,0.12241439521312714,0.0,2309.198486328125,0.0835428312420845,0.00037611048901453614,0.13230763375759125,0.1149614080786705,0.005274523980915546
centerline,17.17993575665686,0.0,0.12369553744792938,0.0,2308.007568359375,0.08237289637327194,0.00031325616873800755,0.13265730440616608,0.11510297656059265,0.005152616649866104
centerline,17.359575463665855,0.0,0.12498894333839417,0.0,2306.8291015625,0.08119881898164749,0.0002614143886603415,0.13299113512039185,0.11524287611246109,0.005038852337747812
centerline,17.540932943423588,0.0,0.12629471719264984,0.0,2305.6943359375,0.08002248406410217,0.00021875200036447495,0.13331131637096405,0.11538157612085342,0.004932194482535124
centerline,17.72402475277583,0.0,0.12761297821998596,0.0,2304.632080078125,0.07884560525417328,0.00018374114006292075,0.1336197704076767,0.11551948636770248,0.004831763915717602
centerline,17.908869518174065,0.0,0.12894386053085327,0.0,2303.661376953125,0.0776701420545578,0.00015510486264247447,0.1339179128408432,0.11565680056810379,0.004736815579235554
centerline,18.095481726858353,0.0,0.13028746843338013,0.0,2302.800537109375,0.0764976292848587,0.00013178802328184247,0.13420698046684265,0.11579372733831406,0.0046466924250125885
centerline,18.283880005280178,0.0,0.13164393603801727,0.0,2302.065185546875,0.07532928884029388,0.00011292108683846891,0.13448801636695862,0.11593040078878403,0.004560846369713545
centerline,18.474080910285313,0.0,0.13301338255405426,0.0,2301.4697265625,0.07416608929634094,9.779072570381686e-05,0.13476184010505676,0.11606691777706146,0.004478811752051115
centerline,18.66609892911381,0.0,0.13439591228961945,0.0,2301.025390625,0.07300888746976852,8.582765440223739e-05,0.13502921164035797,0.11620334535837173,0.004400190431624651
centerline,18.859956827428608,0.0,0.13579168915748596,0.0,2300.742431640625,0.07185838371515274,7.66045632190071e-05,0.1352906972169876,0.11633974313735962,0.004324643407016993
centerline,19.055667022864025,0.0,0.13720080256462097,0.0,2300.62890625,0.07071515172719955,6.978913734201342e-05,0.13554683327674866,0.1164761334657669,0.004251879174262285
centerline,19.25325021147728,0.0,0.1386234015226364,0.0,2300.6923828125,0.06957956403493881,6.507569196401164e-05,0.13579800724983215,0.11661253869533539,0.004181643482297659
centerline,19.452722950114143,0.0,0.14005960524082184,0.0,2300.93896484375,0.06845182925462723,6.217023474164307e-05,0.13604460656642914,0.11674895882606506,0.004113718867301941
centerline,19.654105934831833,0.0,0.14150956273078918,0.0,2301.374267578125,0.06733214855194092,6.082308027544059e-05,0.1362868994474411,0.11688540130853653,0.0040479255840182304
centerline,19.85741365287039,0.0,0.1429733783006668,0.0,2302.00146484375,0.06622067838907242,6.0860260418849066e-05,0.13652510941028595,0.1170218363404274,0.003984116017818451
centerline,20.062666800287037,0.0,0.14445120096206665,0.0,2302.822998046875,0.06511759012937546,6.218646740308031e-05,0.13675935566425323,0.11715822666883469,0.003922168631106615
centerline,20.269884003533257,0.0,0.14594316482543945,0.0,2303.84033203125,0.06402311474084854,6.475886038970202e-05,0.1369897574186325,0.11729452013969421,0.0038619826082140207
centerline,20.47908181945483,0.0,0.14744938910007477,0.0,2305.053955078125,0.06293744593858719,6.855873652966693e-05,0.13721637427806854,0.1174306720495224,0.0038034722674638033
centerline,20.690283013714684,0.0,0.14897003769874573,0.0,2306.46484375,0.061860695481300354,7.358529546763748e-05,0.1374392807483673,0.11756662279367447,0.0037465645000338554
centerline,20.903504143158596,0.0,0.15050522983074188,0.0,2308.07275390625,0.06079285591840744,7.985495176399127e-05,0.13765855133533478,0.11770235002040863,0.0036911999341100454
centerline,21.118763834238052,0.0,0.15205509960651398,0.0,2309.8779296875,0.05973384529352188,8.740273915464059e-05,0.13787418603897095,0.11783779412508011,0.0036373306065797806
centerline,21.336082783010273,0.0,0.15361979603767395,0.0,2311.879150390625,0.05868358165025711,9.628310363041237e-05,0.13808614015579224,0.11797289550304413,0.0035849197302013636
centerline,21.555481685532463,0.0,0.15519946813583374,0.0,2314.074951171875,0.05764202028512955,0.00010656951053533703,0.13829439878463745,0.11810759454965591,0.0035339402966201305
centerline,21.776979168256126,0.0,0.1567942500114441,0.0,2316.464599609375,0.05660904571413994,0.00011835443001473323,0.1384989321231842,0.1182418018579483,0.0034843755420297384
centerline,22.000595927238464,0.0,0.15840429067611694,0.0,2319.046142578125,0.055584490299224854,0.00013174980995245278,0.13869965076446533,0.11837545037269592,0.0034362198784947395
centerline,22.2263526585367,0.0,0.16002973914146423,0.0,2321.81787109375,0.05456814542412758,0.00014687940711155534,0.13889643549919128,0.11850843578577042,0.0033894835505634546
centerline,22.45426798860232,0.0,0.1616707295179367,0.0,2324.77734375,0.05355994403362274,0.00016388192307204008,0.13908910751342773,0.11864064633846283,0.0033441949635744095
centerline,22.684362613492542,0.0,0.1633274108171463,0.0,2327.920654296875,0.05255996808409691,0.00018292410823050886,0.13927747309207916,0.11877192556858063,0.0033004016149789095
centerline,22.9166592988703,0.0,0.16499994695186615,0.0,2331.24365234375,0.05156834423542023,0.00020419807697180659,0.13946130871772766,0.11890213191509247,0.003258164506405592
centerline,23.151178740792805,0.0,0.1666884869337082,0.0,2334.74169921875,0.050585102289915085,0.00022791668015997857,0.13964025676250458,0.11903105676174164,0.0032175565138459206
centerline,23.387941635317272,0.0,0.16839317977428436,0.0,2338.412353515625,0.049609821289777756,0.00025429719244129956,0.13981403410434723,0.1191585585474968,0.0031786453910171986
centerline,23.62696867850092,0.0,0.1701141744852066,0.0,2342.253662109375,0.04864176735281944,0.00028355096583254635,0.13998247683048248,0.11928456276655197,0.0031414974946528673
centerline,23.868282636006676,0.0,0.17185163497924805,0.0,2346.264404296875,0.04768003895878792,0.00031586570548824966,0.14014562964439392,0.11940914392471313,0.003106191987171769
centerline,24.111906273497475,0.0,0.17360572516918182,0.0,2350.44189453125,0.04672378674149513,0.00035142526030540466,0.14030349254608154,0.11953242123126984,0.003072854597121477
centerline,24.357858217424816,0.0,0.17537657916545868,0.0,2354.7802734375,0.04577288404107094,0.00039049555198289454,0.14045563340187073,0.11965429037809372,0.0030416869558393955
centerline,24.606165372663074,0.0,0.17716439068317413,0.0,2359.270751953125,0.04482782632112503,0.0004334432305768132,0.14060133695602417,0.11977443844079971,0.0030129156075417995
centerline,24.856846365663742,0.0,0.17896929383277893,0.0,2363.904296875,0.04388907179236412,0.00048068753676488996,0.14073991775512695,0.11989253759384155,0.002986753126606345
centerline,25.109926031695473,0.0,0.1807914674282074,0.0,2368.673828125,0.04295675829052925,0.00053264235612005,0.14087076485157013,0.12000833451747894,0.0029633897356688976
centerline,25.365427136421204,0.0,0.18263107538223267,0.0,2373.57275390625,0.04203074425458908,0.0005897175869904459,0.1409933865070343,0.12012166529893875,0.0029430249705910683
centerline,25.623372445503872,0.0,0.18448828160762787,0.0,2378.593017578125,0.04111090674996376,0.000652367016300559,0.14110717177391052,0.12023232877254486,0.0029258860740810633
centerline,25.883784724606407,0.0,0.18636325001716614,0.0,2383.7265625,0.04019715636968613,0.0007211044430732727,0.14121142029762268,0.12034005671739578,0.002912227064371109
centerline,26.146688808997474,0.0,0.1882561594247818,0.0,2388.964599609375,0.039289407432079315,0.0007964726537466049,0.1413053572177887,0.12044458091259003,0.002902318025007844
centerline,26.41210746434,0.0,0.19016717374324799,0.0,2394.2978515625,0.038387592881917953,0.0008790373103693128,0.14138829708099365,0.1205456405878067,0.0028964581433683634
centerline,26.68006552590264,0.0,0.19209647178649902,0.0,2399.717529296875,0.037491604685783386,0.0009693753090687096,0.14145946502685547,0.12064304202795029,0.002894979203119874
centerline,26.950587828954063,0.0,0.19404423236846924,0.0,2405.213134765625,0.036601390689611435,0.0010681109270080924,0.1415179967880249,0.12073653191328049,0.002898251172155142
centerline,27.22369713915719,0.0,0.19601061940193176,0.0,2410.77490234375,0.03571680933237076,0.001175935147330165,0.1415628045797348,0.12082575261592865,0.0029067222494632006
centerline,27.499418291780685,0.0,0.19799581170082092,0.0,2416.391357421875,0.034837812185287476,0.0012935707345604897,0.1415928304195404,0.1209103986620903,0.002920890925452113
centerline,27.77777819169892,0.0,0.20000000298023224,0.0,2422.051025390625,0.03396431729197502,0.0014217377174645662,0.14160704612731934,0.12099017202854156,0.0029412126168608665
centerline,28.052661154005264,0.0,0.2019791603088379,0.0,2427.61865234375,0.033114925026893616,0.0015583452768623829,0.14160417020320892,0.12106311321258545,0.002967739012092352
centerline,28.341965128978096,0.0,0.20406214892864227,0.0,2433.441650390625,0.0322348028421402,0.0017136151436716318,0.14158210158348083,0.12113344669342041,0.0030031916685402393
centerline,28.646445522705715,0.0,0.20625440776348114,0.0,2439.515380859375,0.03132357820868492,0.0018902241718024015,0.14153777062892914,0.12120020389556885,0.0030489254277199507
centerline,28.966901202996574,0.0,0.20856168866157532,0.0,2445.83349609375,0.0303808581084013,0.002091431524604559,0.14146795868873596,0.12126205116510391,0.003105942392721772
centerline,29.3041682905621,0.0,0.21099001169204712,0.0,2452.38818359375,0.029406215995550156,0.002320752711966634,0.1413692981004715,0.12131735682487488,0.003175086807459593
centerline,29.659130507045322,0.0,0.21354573965072632,0.0,2459.16748046875,0.028399338945746422,0.002581898355856538,0.14123837649822235,0.1213642880320549,0.0032571349292993546
centerline,30.03271503580941,0.0,0.21623554825782776,0.0,2466.1572265625,0.027360355481505394,0.0028785844333469868,0.14107219874858856,0.12140116095542908,0.0033527782652527094
centerline,30.425898730754852,0.0,0.21906647086143494,0.0,2473.33935546875,0.02628963440656662,0.00321489991620183,0.14086762070655823,0.12142627686262131,0.003462689695879817
centerline,30.839710185925167,0.0,0.2220459133386612,0.0,2480.692138671875,0.025187484920024872,0.0035958299413323402,0.14062081277370453,0.12143759429454803,0.0035875109024345875
centerline,31.27523180511263,0.0,0.2251816689968109,0.0,2488.18310546875,0.02405441552400589,0.004027887247502804,0.14032693207263947,0.12143240869045258,0.0037277902010828257
centerline,31.73360187146399,0.0,0.2284819334745407,0.0,2495.75732421875,0.022891508415341377,0.004520132672041655,0.13997916877269745,0.12140608578920364,0.0038838472682982683
centerline,32.216020756297645,0.0,0.23195534944534302,0.0,2503.33837890625,0.021700480952858925,0.00508366571739316,0.13956928253173828,0.12135212123394012,0.004055758472532034
centerline,32.72374677989218,0.0,0.2356109768152237,0.0,2510.84423828125,0.02048272080719471,0.005730343516916037,0.13908934593200684,0.1212635487318039,0.004243222065269947
centerline,33.25811069872644,0.0,0.23945839703083038,0.0,2518.187255859375,0.019239051267504692,0.006472399458289146,0.1385323852300644,0.1211337298154831,0.004445488099008799
centerline,33.82050949666235,0.0,0.24350766837596893,0.0,2525.2529296875,0.017971262335777283,0.007323749363422394,0.1378907561302185,0.12095502018928528,0.00466118985787034
centerline,34.412414663367805,0.0,0.24776938557624817,0.0,2531.894775390625,0.016683250665664673,0.008301171474158764,0.137156143784523,0.12071817368268967,0.004887795075774193
centerline,35.03537012471093,0.0,0.2522546648979187,0.0,2537.93212890625,0.015380197204649448,0.009426039643585682,0.136318638920784,0.12041089683771133,0.005121442023664713
centerline,35.6910087996059,0.0,0.2569752633571625,0.0,2543.142578125,0.014068014919757843,0.010724745690822601,0.1353667676448822,0.12001743912696838,0.005356740206480026
centerline,36.381048460801445,0.0,0.2619435489177704,0.0,2547.261474609375,0.012753537856042385,0.012229815125465393,0.13428832590579987,0.11951864510774612,0.005585978738963604
centerline,37.107285526063706,0.0,0.2671724557876587,0.0,2550.014404296875,0.011442858725786209,0.013981332071125507,0.13307231664657593,0.11889196187257767,0.005798434838652611
centerline,37.87162403265635,0.0,0.27267569303512573,0.0,2551.035888671875,0.010145026259124279,0.016018971800804138,0.13171161711215973,0.11811257153749466,0.00598010653629899
centerline,38.676059080494774,0.0,0.2784676253795624,0.0,2549.763427734375,0.008880230598151684,0.018388211727142334,0.13019955158233643,0.11714857816696167,0.006110155954957008
centerline,39.52270166741477,0.0,0.28456345200538635,0.0,2545.47119140625,0.007678776513785124,0.02115440182387829,0.12852784991264343,0.11595562100410461,0.006157634314149618
centerline,40.41376213232676,0.0,0.2909790873527527,0.0,2537.428466796875,0.006572321988642216,0.02439100667834282,0.12668946385383606,0.11448948830366135,0.006091614719480276
centerline,41.35156671206156,0.0,0.29773128032684326,0.0,2525.279052734375,0.005577937234193087,0.028129009529948235,0.12467653304338455,0.11273743212223053,0.005905742757022381
centerline,42.338574098216164,0.0,0.30483773350715637,0.0,2509.093017578125,0.004695408046245575,0.03234238550066948,0.12248232960700989,0.11071954667568207,0.005618446972221136
centerline,43.377363019519386,0.0,0.31231701374053955,0.0,2489.02001953125,0.003920599352568388,0.03698836266994476,0.12010282278060913,0.10846365988254547,0.005251933820545673
centerline,44.4706529378891,0.0,0.3201887011528015,0.0,2465.14794921875,0.003249727888032794,0.04202430695295334,0.11752442270517349,0.10599247366189957,0.004828103352338076
centerline,45.62129577000936,0.0,0.3284733295440674,0.0,2437.55029296875,0.002672839444130659,0.047423865646123886,0.11472431570291519,0.1033141016960144,0.004368012771010399
centerline,46.83230900102192,0.0,0.3371926248073578,0.0,2406.1708984375,0.002175761153921485,0.05318932980298996,0.11166711151599884,0.10041548311710358,0.0038896845653653145
centerline,48.106850849257576,0.0,0.34636932611465454,0.0,2370.36181640625,0.0017498163506388664,0.05935393646359444,0.10827559232711792,0.09724827855825424,0.0034076094161719084
centerline,49.44826165835063,0.0,0.3560274839401245,0.0,2328.27197265625,0.0013887317618355155,0.06594914942979813,0.1043967455625534,0.09369917213916779,0.0029328151140362024
centerline,50.860047340393066,0.0,0.3661923408508301,0.0,2275.98583984375,0.0010855775326490402,0.07286550104618073,0.09978771954774857,0.08957049250602722,0.0024745205882936716
centerline,52.34590421120326,0.0,0.37689051032066345,0.0,2207.027587890625,0.0008334662998095155,0.07959713041782379,0.0941791832447052,0.08462335914373398,0.0020417338237166405
centerline,53.909706572691604,0.0,0.3881498873233795,0.0,2113.29736328125,0.0006264488329179585,0.08505463600158691,0.08739129453897476,0.07867109030485153,0.001643078401684761
centerline,55.55555638339784,0.0,0.4000000059604645,0.0,1988.187255859375,0.0004592029727064073,0.08772489428520203,0.0794469490647316,0.07168310135602951,0.0012861941941082478
centerline,57.19880263010661,0.0,0.4118313789367676,0.0,1838.912841796875,0.00033227968378923833,0.08636410534381866,0.07109015434980392,0.06426575034856796,0.000991622917354107
centerline,58.93277211321725,0.0,0.4243159592151642,0.0,1664.9095458984375,0.00023066502762958407,0.08064604550600052,0.06233644485473633,0.05640490725636482,0.0007411385304294527
centerline,60.76248155699836,0.0,0.4374898672103882,0.0,1476.681396484375,0.00015111580432858318,0.07106658071279526,0.05358542874455452,0.048455990850925446,0.0005338797345757484
centerline,62.69321259525087,0.0,0.4513911306858063,0.0,1286.00927734375,9.273863543057814e-05,0.058906953781843185,0.045160211622714996,0.040731243789196014,0.00036936395918019116
centerline,64.73054488499959,0.0,0.46605992317199707,0.0,1104.108642578125,5.3561267122859135e-05,0.04591817036271095,0.03735734894871712,0.03352612629532814,0.00024578528245911
centerline,66.88036024570465,0.0,0.4815385937690735,0.0,939.324462890625,2.8438995286705904e-05,0.033810779452323914,0.030381925404071808,0.027061427012085915,0.00015740231901872903
centerline,69.14887163374159,0.0,0.49787187576293945,0.0,799.3076171875,1.4402317901840433e-05,0.02381770871579647,0.024455411359667778,0.021571610122919083,9.834520460572094e-05
centerline,71.54262728161282,0.0,0.5151069164276123,0.0,689.7175903320312,9.11194638320012e-06,0.016416221857070923,0.01977458782494068,0.017250074073672295,6.249926809687167e-05
centerline,74.06855622927348,0.0,0.533293604850769,0.0,610.4539184570312,7.336804628721438e-06,0.011345558799803257,0.01633845455944538,0.014105914160609245,4.139258089708164e-05
centerline,76.73394348886278,0.0,0.552484393119812,0.0,551.1187744140625,6.568360731762368e-06,0.00790328811854124,0.013739400543272495,0.011787241324782372,2.751490319496952e-05
centerline,79.54648799366421,0.0,0.5727347135543823,0.0,504.9098815917969,7.621100849064533e-06,0.005499419756233692,0.011699524708092213,0.010029169730842113,1.8169324903283268e-05
centerline,82.51432743337419,0.0,0.5941031575202942,0.0,459.9786682128906,9.417829460289795e-06,0.0036090693902224302,0.009652773849666119,0.008301875554025173,1.2655493264901452e-05
centerline,85.6460216972563,0.0,0.6166513562202454,0.0,420.2354736328125,1.0786117854877375e-05,0.002113258233293891,0.007747521158307791,0.006693459581583738,9.947528269549366e-06
centerline,88.95061910152435,0.0,0.6404444575309753,0.0,377.0657653808594,9.375535228173248e-06,0.0010131902527064085,0.005372392479330301,0.004658816382288933,6.645096163993003e-06
centerline,92.43767294618819,0.0,0.6655512452125549,0.0,348.6135559082031,8.395793884119485e-06,0.00038257846608757973,0.0036200974136590958,0.0031471718102693558,3.48335947819578e-06
centerline,96.11725807189941,0.0,0.6920442581176758,0.0,326.5687561035156,5.122517450217856e-06,0.000150801963172853,0.0018773232586681843,0.001630802289582789,1.6210445892284042e-06
centerline,100.00000397364299,0.0,0.7200000286102295,0.0,300.0,0.0,0.0,0.0,0.0,0.0
