profile,x_over_d,r_over_d,x_m,y_m,temperature,ch4,o2,co2,h2o,co
radial,0.75,0.0,0.005400000140070915,0.0,294.225341796875,0.15634207427501678,0.1964537352323532,2.753262197074946e-05,2.9439810532494448e-05,5.456793587654829e-06
radial,0.75,0.041666668645727135,0.005400000140070915,0.0003000000142492354,294.260498046875,0.15633851289749146,0.19644783437252045,3.105092764599249e-05,3.320148243801668e-05,6.153787580842618e-06
radial,0.75,0.08333333729145427,0.005400000140070915,0.0006000000284984708,294.3802490234375,0.15632668137550354,0.19642817974090576,4.274224556866102e-05,4.570346573018469e-05,8.471296496281866e-06
radial,0.75,0.12499999785278407,0.005400000140070915,0.0008999999845400453,294.63299560546875,0.15630289912223816,0.19638846814632416,6.63453247398138e-05,7.095168984960765e-05,1.3156127351976465e-05
radial,0.75,0.16666667458290854,0.005400000140070915,0.0012000000569969416,295.1199035644531,0.15625980496406555,0.19631607830524445,0.00010933441808447242,0.0001169627794297412,2.1707204723497853e-05
radial,0.75,0.20833333514423835,0.005400000140070915,0.001500000013038516,296.03704833984375,0.1561840921640396,0.19618767499923706,0.00018545263446867466,0.00019849870295729488,3.689621007652022e-05
radial,0.75,0.24999999570556813,0.005400000140070915,0.0017999999690800905,297.7718811035156,0.1560511440038681,0.19595935940742493,0.00032050174195319414,0.00034332205541431904,6.396132812369615e-05
radial,0.75,0.2916666562668979,0.005400000140070915,0.002099999925121665,301.143798828125,0.15581223368644714,0.19554205238819122,0.0005666121724061668,0.0006076258141547441,0.000113557958684396
radial,0.75,0.3333333491658171,0.005400000140070915,0.002400000113993883,308.0886535644531,0.15535897016525269,0.1947328746318817,0.0010421129409223795,0.001119172666221857,0.00021002278663218021
radial,0.75,0.3750000097271469,0.005400000140070915,0.0027000000700354576,324.0653381347656,0.15440066158771515,0.19297458231449127,0.002070878865197301,0.0022281266283243895,0.00042029196629300714
radial,0.75,0.4166666702884767,0.005400000140070915,0.003000000026077032,366.1822814941406,0.15205912292003632,0.18853959441184998,0.004653715994209051,0.005017693620175123,0.0009519784362055361
radial,0.75,0.4583333308498065,0.005400000140070915,0.0032999999821186066,468.7100830078125,0.14657680690288544,0.1778428703546524,0.010859978385269642,0.011728553101420403,0.0022347199264913797
radial,0.75,0.49999999141113627,0.005400000140070915,0.003599999938160181,653.64892578125,0.13653108477592468,0.15792249143123627,0.022408366203308105,0.024205539375543594,0.0046125538647174835
radial,0.75,0.5347222193247743,0.005400000140070915,0.0038499999791383743,868.9912719726562,0.12416848540306091,0.13355088233947754,0.036596812307834625,0.03946578502655029,0.007480437867343426
radial,0.75,0.5617283750325441,0.005400000140070915,0.004044444300234318,1073.9049072265625,0.11164947599172592,0.10954345762729645,0.050724904984235764,0.054507818073034286,0.010218413546681404
radial,0.75,0.5887345954154929,0.005400000140070915,0.0042388890869915485,1298.3819580078125,0.09712173044681549,0.08310771733522415,0.06663896888494492,0.0710858628153801,0.013021477498114109
radial,0.75,0.6157407511232628,0.005400000140070915,0.004433333408087492,1516.232421875,0.08203049749135971,0.058177512139081955,0.08243819326162338,0.08671584725379944,0.01516558788716793
radial,0.75,0.6427469068310327,0.005400000140070915,0.0046277777291834354,1701.3265380859375,0.06781298667192459,0.038606807589530945,0.09650173038244247,0.0988999530673027,0.015737682580947876
radial,0.75,0.6697530625388026,0.005400000140070915,0.004822222050279379,1842.762451171875,0.05515780299901962,0.025715654715895653,0.10782156139612198,0.10687251389026642,0.01478077657520771
radial,0.75,0.6967592829217514,0.005400000140070915,0.00501666683703661,1947.9107666015625,0.04385782778263092,0.018072856590151787,0.11614640802145004,0.11173704266548157,0.013309373520314693
radial,0.75,0.7237654386295213,0.005400000140070915,0.005211111158132553,2023.29736328125,0.033731859177351,0.014380505308508873,0.12157294899225235,0.11441164463758469,0.011972217820584774
radial,0.75,0.7507715943372912,0.005400000140070915,0.0054055554792284966,2071.427734375,0.024797877296805382,0.013941518031060696,0.12428582459688187,0.11534219235181808,0.010994506999850273
radial,0.75,0.7777777500450611,0.005400000140070915,0.00559999980032444,2091.8583984375,0.017247021198272705,0.01648607850074768,0.12451349943876266,0.11463887244462967,0.010312166064977646
radial,0.75,0.8047839704280099,0.005400000140070915,0.005794444587081671,2083.084228515625,0.011384536512196064,0.021921338513493538,0.12262911349534988,0.11223313957452774,0.009630427695810795
radial,0.75,0.8317901261357797,0.005400000140070915,0.005988888908177614,2046.7340087890625,0.007436569780111313,0.029845384880900383,0.11929861456155777,0.1082058846950531,0.008586516603827477
radial,0.75,0.8587962818435497,0.005400000140070915,0.006183333229273558,1995.276123046875,0.005111785605549812,0.03868376463651657,0.11542189121246338,0.10346974432468414,0.0073194075375795364
radial,0.75,0.8858024375513196,0.005400000140070915,0.006377777550369501,1944.255615234375,0.003777044592425227,0.046683721244335175,0.11173618584871292,0.09914897382259369,0.00623944029211998
radial,0.75,0.9128086579342684,0.005400000140070915,0.006572222337126732,1900.055419921875,0.002980371005833149,0.053307678550481796,0.10854385793209076,0.09559963643550873,0.005437041632831097
radial,0.75,0.9398148136420382,0.005400000140070915,0.006766666658222675,1862.742919921875,0.0024676371831446886,0.05875419080257416,0.1058209165930748,0.09272019565105438,0.004852272104471922
radial,0.75,0.9668209693498082,0.005400000140070915,0.006961110979318619,1829.2366943359375,0.0020969694014638662,0.06355417519807816,0.10334880650043488,0.09021871536970139,0.004396179690957069
radial,0.75,0.9938271897327569,0.005400000140070915,0.0071555557660758495,1794.81640625,0.0017823135713115335,0.06840664148330688,0.10078823566436768,0.08772015571594238,0.0039859372191131115
radial,0.75,1.0208333454405267,0.005400000140070915,0.007350000087171793,1756.13818359375,0.00148819072637707,0.07377418130636215,0.09789672493934631,0.08498213440179825,0.0035804302897304296
radial,0.75,1.0478395011482968,0.005400000140070915,0.0075444444082677364,1712.9654541015625,0.0012188511900603771,0.0796588659286499,0.09466554969549179,0.08200496435165405,0.003185350215062499
radial,0.75,1.0748456568560667,0.005400000140070915,0.00773888872936368,1666.068359375,0.0009842111030593514,0.08592350035905838,0.09116324037313461,0.07886013388633728,0.002815406071022153
radial,0.75,1.1018518772390153,0.005400000140070915,0.00793333351612091,1615.3221435546875,0.0007851202972233295,0.09256243705749512,0.08738948404788971,0.07555141299962997,0.0024738037027418613
radial,0.75,1.1288580329467852,0.005400000140070915,0.008127777837216854,1559.6441650390625,0.0006177743780426681,0.09969794005155563,0.08327192068099976,0.07201855629682541,0.0021566262003034353
radial,0.75,1.1558641886545553,0.005400000140070915,0.008322222158312798,1497.6087646484375,0.00047817849554121494,0.10748551040887833,0.07871775329113007,0.0681852176785469,0.00185951660387218
radial,0.75,1.1828703443623252,0.005400000140070915,0.008516666479408741,1428.2791748046875,0.00036359409568831325,0.11600182950496674,0.07367988675832748,0.06401386111974716,0.001581417629495263
radial,0.75,1.209876500070095,0.005400000140070915,0.008711110800504684,1351.5467529296875,0.00027160090394318104,0.12520985305309296,0.06817998737096786,0.05952205881476402,0.0013237970415502787
radial,0.75,1.236882655777865,0.005400000140070915,0.008905555121600628,1268.6759033203125,0.00019972595327999443,0.134908065199852,0.062341026961803436,0.05480661988258362,0.0010902239009737968
radial,0.75,1.2638889408359926,0.005400000140070915,0.009100000374019146,1184.208984375,0.00014641197049058974,0.14450553059577942,0.05652536451816559,0.050152186304330826,0.0008896039216779172
radial,0.75,1.3124999693698354,0.005400000140070915,0.009449999779462814,1038.9130859375,8.414164767600596e-05,0.16044408082962036,0.046800464391708374,0.04244290664792061,0.0006111137918196619
radial,0.75,1.3397436123341322,0.005400000140070915,0.009646154008805752,961.9395141601562,6.234147440409288e-05,0.16861353814601898,0.04178595915436745,0.03850023075938225,0.0004928956041112542
radial,0.75,1.3669871259480715,0.005400000140070915,0.009842307306826115,889.143798828125,4.6424014726653695e-05,0.17614886164665222,0.03714558854699135,0.03486782684922218,0.00039624300552532077
radial,0.75,1.3942307689123683,0.005400000140070915,0.010038461536169052,821.92236328125,3.4844862966565415e-05,0.18296083807945251,0.03293902799487114,0.03158729895949364,0.0003184348752256483
radial,0.75,1.4214744118766653,0.005400000140070915,0.01023461576551199,760.7492065429688,2.639423473738134e-05,0.18904484808444977,0.02917303517460823,0.028659718111157417,0.000256299099419266
radial,0.75,1.4487179254906046,0.005400000140070915,0.010430769063532352,705.5988159179688,2.017639963014517e-05,0.19444678723812103,0.025822358205914497,0.026062136515975,0.00020679074805229902
radial,0.75,1.4759615684549015,0.005400000140070915,0.01062692329287529,656.1759643554688,1.5554187484667636e-05,0.19923147559165955,0.022849220782518387,0.023762717843055725,0.0001673143560765311
radial,0.75,1.5032050820688407,0.005400000140070915,0.010823076590895653,612.0601196289062,1.2079262887709774e-05,0.2034674435853958,0.02021290361881256,0.021728018298745155,0.00013576101628132164
radial,0.75,1.5304487250331376,0.005400000140070915,0.01101923082023859,572.8963623046875,9.44581552175805e-06,0.20720885694026947,0.017881173640489578,0.01993166096508503,0.00011053228809032589
radial,0.75,1.5576923679974344,0.005400000140070915,0.011215385049581528,538.3915405273438,7.4434815360291395e-06,0.21049714088439941,0.015829337760806084,0.018353458493947983,9.041254088515416e-05
radial,0.75,1.5849358816113737,0.005400000140070915,0.01141153834760189,508.1283874511719,5.914653684158111e-06,0.21338097751140594,0.014027908444404602,0.016969826072454453,7.43719283491373e-05
radial,0.75,1.6121795245756707,0.005400000140070915,0.011607692576944828,481.5197448730469,4.735305083158892e-06,0.2159222960472107,0.012438892386853695,0.015750885009765625,6.150323315523565e-05
radial,0.75,1.63942303818961,0.005400000140070915,0.011803845874965191,457.8517761230469,3.8088492146926e-06,0.21819326281547546,0.01101768296211958,0.014661908149719238,5.1023613195866346e-05
radial,0.75,1.6666666811539068,0.005400000140070915,0.012000000104308128,436.79400634765625,3.0763537779421313e-06,0.2202271670103073,0.009743820875883102,0.01368682086467743,4.2453531932551414e-05
radial,0.75,1.722222271685799,0.005400000140070915,0.012400000356137753,401.3666076660156,2.014779965975322e-06,0.22369065880775452,0.007572590839117765,0.012026824988424778,2.9505106795113534e-05
radial,0.75,1.7777777328673336,0.005400000140070915,0.012799999676644802,374.3647155761719,1.3538469829654787e-06,0.22638320922851562,0.005882801953703165,0.010736740194261074,2.0958348613930866e-05
radial,0.75,1.833333323399226,0.005400000140070915,0.013199999928474426,353.8360900878906,9.345867511001416e-07,0.22847653925418854,0.004567974712699652,0.009734007529914379,1.5213483493425883e-05
radial,0.75,1.8888889139311182,0.005400000140070915,0.01360000018030405,338.5170593261719,6.672610766145226e-07,0.23007617890834808,0.0035626401659101248,0.008967898786067963,1.1312292372167576e-05
radial,0.75,1.9444445044630103,0.005400000140070915,0.014000000432133675,327.44049072265625,4.975350407221413e-07,0.23126007616519928,0.0028183162212371826,0.008400976657867432,8.652255019114818e-06
radial,0.75,1.999999965644545,0.005400000140070915,0.014399999752640724,319.3731689453125,3.85229441235424e-07,0.2321428805589676,0.002263179747387767,0.007978275418281555,6.764159024896799e-06
radial,0.75,2.0555555561764374,0.005400000140070915,0.014800000004470348,312.9616394042969,3.0059780442570627e-07,0.23286406695842743,0.0018096015555784106,0.007632976397871971,5.281468929752009e-06
radial,0.75,2.1111111467083297,0.005400000140070915,0.015200000256299973,307.46014404296875,2.292965177730366e-07,0.2335040420293808,0.0014070253819227219,0.007326559629291296,4.019317202619277e-06
radial,0.75,2.1666666078898644,0.005400000140070915,0.015599999576807022,302.7873840332031,1.6868789032287168e-07,0.23406997323036194,0.0010509768035262823,0.007055598311126232,2.9436198474286357e-06
radial,0.75,2.2222223277721143,0.005400000140070915,0.01600000075995922,298.9537658691406,1.1807394173501962e-07,0.23455771803855896,0.0007440868648700416,0.006822076626121998,2.045926294158562e-06
radial,0.75,2.2777777889536486,0.005400000140070915,0.01640000008046627,295.8861999511719,7.597059692443509e-08,0.23497311770915985,0.00048267823876813054,0.0066231852397322655,1.3040338444625377e-06
radial,0.75,2.3333332501351833,0.005400000140070915,0.01679999940097332,293.5365295410156,4.150713195372191e-08,0.23531872034072876,0.0002651753311511129,0.006457715295255184,7.04417516317335e-07
radial,0.75,2.388888970017433,0.005400000140070915,0.01720000058412552,291.97735595703125,1.658610848664921e-08,0.23557105660438538,0.00010635000217007473,0.0063368952833116055,2.7807635660792585e-07
radial,0.75,2.444444431198968,0.005400000140070915,0.01759999990463257,291.2421569824219,4.0226360020767515e-09,0.23569892346858978,2.5861316316877492e-05,0.006275670602917671,6.66680790573082e-08
radial,0.75,2.4999998923805027,0.005400000140070915,0.017999999225139618,291.0393371582031,5.71322544828945e-10,0.23573414981365204,3.6807939522987e-06,0.006258799694478512,9.391030175720516e-09
radial,0.75,2.5555556122627525,0.005400000140070915,0.018400000408291817,291.00537109375,6.361555726641654e-11,0.2357393503189087,4.10668548056492e-07,0.006256312131881714,1.038835906186364e-09
radial,0.75,2.611111073444287,0.005400000140070915,0.018799999728798866,291.000732421875,6.862999318152374e-12,0.23573993146419525,4.4386908371052414e-08,0.006256033666431904,1.1137305661046426e-10
radial,0.75,2.6666667933265367,0.005400000140070915,0.019200000911951065,291.0000915527344,7.459921894624466e-13,0.23573999106884003,4.83107243098857e-09,0.006256003864109516,1.2022367476549611e-11
radial,0.75,2.7222222545080714,0.005400000140070915,0.019600000232458115,291.0,8.230981000945103e-14,0.23574000597000122,5.326769025870703e-10,0.006256000604480505,1.3129548446719208e-12
radial,0.75,2.777777715689606,0.005400000140070915,0.019999999552965164,291.0,1.1535381719653733e-14,0.23574000597000122,7.431245202527137e-11,0.006256000138819218,1.8099780842942975e-13
radial,0.75,2.888888896753391,0.005400000140070915,0.020800000056624413,291.0,3.991828052393102e-16,0.23574000597000122,2.5034147931729533e-12,0.006256000138819218,5.9131984146709466e-15
radial,0.75,3.0000000778171754,0.005400000140070915,0.02160000056028366,291.0,1.7371270974007637e-17,0.23574000597000122,8.842099686982852e-14,0.006256000138819218,1.8136645643807437e-16
radial,0.75,3.1111110001802444,0.005400000140070915,0.02239999920129776,291.0,2.976586686805225e-18,0.23574000597000122,4.143124442156955e-15,0.006256000138819218,1.9116210130549474e-18
radial,0.75,3.222222181244029,0.005400000140070915,0.02319999970495701,291.0,2.1427336218410382e-18,0.23574000597000122,8.424614045588505e-16,0.006256000138819218,1.3044556470862593e-21
radial,0.75,3.3333333623078136,0.005400000140070915,0.024000000208616257,291.0,1.8936800859541316e-18,0.23574000597000122,5.836216884050924e-16,0.006256000138819218,2.0183651232755696e-21
radial,0.75,3.444444543371598,0.005400000140070915,0.024800000712275505,291.0,1.7263902516907948e-18,0.23574000597000122,4.872316683481579e-16,0.006256000138819218,3.0899026839846827e-21
radial,0.75,3.5555554657346673,0.005400000140070915,0.025599999353289604,291.0,1.6088560550555585e-18,0.23574000597000122,4.2440546117507316e-16,0.006256000138819218,4.6529531457154355e-21
radial,0.75,3.666666646798452,0.005400000140070915,0.026399999856948853,291.0,1.550153735319661e-18,0.23574000597000122,3.848108531161117e-16,0.006256000138819218,6.912347713496447e-21
radial,0.75,3.7777778278622365,0.005400000140070915,0.0272000003606081,291.0,1.5587788509643279e-18,0.23574000597000122,3.655870698012609e-16,0.006256000138819218,9.990958857053962e-21
radial,0.75,3.8888890089260206,0.005400000140070915,0.02800000086426735,291.0,1.6430800325144806e-18,0.23574000597000122,3.6571513059497393e-16,0.006256000138819218,1.391890354394444e-20
radial,0.75,3.99999993128909,0.005400000140070915,0.02879999950528145,291.0,1.8150871744136308e-18,0.23574000597000122,3.8581487832618365e-16,0.006256000138819218,1.8775794676951844e-20
radial,0.75,4.111111112352875,0.005400000140070915,0.029600000008940697,291.0,2.0911731795139235e-18,0.23574000597000122,4.287348583267267e-16,0.006256000138819218,2.478421169551256e-20
radial,0.75,4.222222293416659,0.005400000140070915,0.030400000512599945,291.0,2.4935487778405965e-18,0.23574000597000122,4.996801939365992e-16,0.006256000138819218,3.227788643387479e-20
radial,0.75,4.333333215779729,0.005400000140070915,0.031199999153614044,291.0,3.0466286187634588e-18,0.23574000597000122,6.064738961681845e-16,0.006256000138819218,4.1484002754806514e-20
radial,0.75,4.4444446555442285,0.005400000140070915,0.03200000151991844,291.0,3.7679983553102345e-18,0.23574000597000122,7.5751961711920915e-16,0.006256000138819218,5.3076254030792427e-20
radial,0.75,4.555555577907297,0.005400000140070915,0.03280000016093254,291.0,4.660172202952779e-18,0.23574000597000122,9.588709424450219e-16,0.006256000138819218,6.823561506966243e-20
radial,0.75,4.666666500270367,0.005400000140070915,0.03359999880194664,291.0,5.6860056162843976e-18,0.23574000597000122,1.2102263813559594e-15,0.006256000138819218,8.726920252322099e-20
radial,0.75,4.777777940034866,0.005400000140070915,0.03440000116825104,291.0,6.7451789577952725e-18,0.23574000597000122,1.4975375218448947e-15,0.006256000138819218,1.0989241779313584e-19
radial,0.75,4.888888862397936,0.005400000140070915,0.03519999980926514,291.0,7.645086944165187e-18,0.23574000597000122,1.779024569667628e-15,0.006256000138819218,1.3642389989865035e-19
radial,0.75,4.999999784761005,0.005400000140070915,0.035999998450279236,291.0,8.115145562138246e-18,0.23574000597000122,1.979998806513235e-15,0.006256000138819218,1.7492083390807997e-19
radial,0.75,5.111111224525505,0.005400000140070915,0.03680000081658363,291.0,7.744308085821536e-18,0.23574000597000122,1.9666546494621906e-15,0.006256000138819218,2.436630583288399e-19
radial,0.75,5.222222146888574,0.005400000140070915,0.03759999945759773,291.0,6.2194370225269815e-18,0.23574000597000122,1.6137458894060932e-15,0.006256000138819218,2.9646233287022353e-19
radial,0.75,5.333333586653073,0.005400000140070915,0.03840000182390213,291.0,4.1249635991641246e-18,0.23574000597000122,1.077103401112803e-15,0.006256000138819218,2.9030244809551184e-19
radial,0.75,5.444444509016143,0.005400000140070915,0.03920000046491623,291.0,2.1730646805421326e-18,0.23574000597000122,5.636474338989743e-16,0.006256000138819218,2.3844804645821108e-19
radial,0.75,5.555555431379212,0.005400000140070915,0.03999999910593033,291.0,1.0120727468539164e-18,0.23574000597000122,2.575147713357952e-16,0.006256000138819218,1.7234726822727437e-19
radial,0.75,5.969868248535527,0.005400000140070915,0.042983051389455795,291.0,6.837920845412281e-20,0.23574000597000122,3.52764374025815e-17,0.006256000138819218,4.9605255546503605e-20
radial,0.75,6.384180548290412,0.005400000140070915,0.045966099947690964,291.0,2.1350224696874084e-20,0.23574000597000122,4.095108169315248e-17,0.006256000138819218,3.532766257826659e-20
radial,0.75,6.798493365446727,0.005400000140070915,0.04894915223121643,291.0,2.3319609257217864e-20,0.23574000597000122,6.021559207264291e-17,0.006256000138819218,4.72259125197603e-20
radial,0.75,7.212806182603042,0.005400000140070915,0.0519322045147419,291.0,3.230408479483799e-20,0.23574000597000122,8.710238319962983e-17,0.006256000138819218,7.703441925591995e-20
radial,0.75,7.627118482357926,0.005400000140070915,0.054915253072977066,291.0,4.747834477825676e-20,0.23574000597000122,1.237111471799607e-16,0.006256000138819218,1.2509175815122115e-19
radial,0.75,8.04143129951424,0.005400000140070915,0.05789830535650253,291.0,6.736187969825916e-20,0.23574000597000122,1.7323908266494076e-16,0.006256000138819218,1.9434775220525603e-19
radial,0.75,8.455744116670555,0.005400000140070915,0.060881357640028,291.0,8.967303461973984e-20,0.23574000597000122,2.4014172854091545e-16,0.006256000138819218,3.068397013956134e-19
radial,0.75,8.87005693382687,0.005400000140070915,0.06386440992355347,291.0,1.2138690666047564e-19,0.23574000597000122,3.305744335309124e-16,0.006256000138819218,5.00399447745139e-19
radial,0.75,9.284369233581755,0.005400000140070915,0.06684745848178864,291.0,1.6495341092439256e-19,0.23574000597000122,4.537365974819339e-16,0.006256000138819218,8.428987502515486e-19
radial,0.75,9.69868153333664,0.005400000140070915,0.0698305070400238,291.0,2.4415887555788304e-19,0.23574000597000122,6.24510986323932e-16,0.006256000138819218,1.516230644808555e-18
radial,0.75,10.112993833091524,0.005400000140070915,0.07281355559825897,291.0,3.975692912268278e-19,0.23574000597000122,8.65428491165414e-16,0.006256000138819218,2.764187178221768e-18
radial,0.75,10.527307167649269,0.005400000140070915,0.07579661160707474,291.0,7.021945525744543e-19,0.23574000597000122,1.216562823076132e-15,0.006256000138819218,5.075880091597428e-18
radial,0.75,10.941619467404154,0.005400000140070915,0.0787796601653099,291.0,1.283177883895721e-18,0.23574000597000122,1.7321840712009387e-15,0.006256000138819218,9.225499049689615e-18
radial,0.75,11.355931767159039,0.005400000140070915,0.08176270872354507,291.0,2.427933089340134e-18,0.23574000597000122,2.512991323957688e-15,0.006256000138819218,1.6809435012710594e-17
radial,0.75,11.770245101716784,0.005400000140070915,0.08474576473236084,291.0,4.578342533675358e-18,0.23574000597000122,3.694411279447831e-15,0.006256000138819218,2.9956283017881343e-17
radial,0.75,12.184557401471668,0.005400000140070915,0.08772881329059601,291.0,8.533357326497094e-18,0.23574000597000122,5.517779717970116e-15,0.006256000138819218,5.3079253465241727e-17
radial,0.75,12.598869701226553,0.005400000140070915,0.09071186184883118,291.0,1.5650693940866712e-17,0.23574000597000122,8.316332106468594e-15,0.006256000138819218,9.235622416898284e-17
radial,0.75,13.013183035784298,0.005400000140070915,0.09369491785764694,291.0,2.819232036161201e-17,0.23574000597000122,1.259397215691311e-14,0.006256000138819218,1.5818426316757764e-16
radial,0.75,13.427495335539183,0.005400000140070915,0.09667796641588211,291.0,4.977482904549244e-17,0.23574000597000122,1.913676126743223e-14,0.006256000138819218,2.6588912138750243e-16
radial,0.75,13.841807635294067,0.005400000140070915,0.09966101497411728,291.0,8.729010025912017e-17,0.23574000597000122,2.8886744070973774e-14,0.006256000138819218,4.3520004905488196e-16
radial,0.75,14.256120969851812,0.005400000140070915,0.10264407098293304,291.0,1.5072322639124734e-16,0.23574000597000122,4.342754183605385e-14,0.006256000138819218,6.964669645887769e-16
radial,0.75,14.670433269606697,0.005400000140070915,0.10562711954116821,291.0,2.5109076758470016e-16,0.23574000597000122,6.437219328544672e-14,0.006256000138819218,1.083681247222943e-15
radial,0.75,15.084745569361582,0.005400000140070915,0.10861016809940338,291.0,4.050522935775293e-16,0.23574000597000122,9.454583112505216e-14,0.006256000138819218,1.6533260449653922e-15
radial,0.75,15.499057869116466,0.005400000140070915,0.11159321665763855,291.0,6.337024584719437e-16,0.23574000597000122,1.3674540558054893e-13,0.006256000138819218,2.4735560110323695e-15
radial,0.75,15.913371203674211,0.005400000140070915,0.11457627266645432,291.0,9.6583503557911e-16,0.23574000597000122,1.956206464176491e-13,0.006256000138819218,3.644222883257119e-15
radial,0.75,16.327683503429096,0.005400000140070915,0.11755932122468948,291.0,1.438087032134194e-15,0.23574000597000122,2.761262898019756e-13,0.006256000138819218,5.295130755037219e-15
radial,0.75,16.74199580318398,0.005400000140070915,0.12054236978292465,291.0,2.0937339437475692e-15,0.23574000597000122,3.8507329378108246e-13,0.006256000138819218,7.570633945859061e-15
radial,0.75,17.156309137741726,0.005400000140070915,0.12352542579174042,291.0,2.9877177155099386e-15,0.23574000597000122,5.308684806852593e-13,0.006256000138819218,1.0657126290930692e-14
radial,0.75,17.57062143749661,0.005400000140070915,0.12650847434997559,291.0,4.177306456743402e-15,0.23574000597000122,7.228321673852234e-13,0.006256000138819218,1.47207041749451e-14
radial,0.75,17.984933737251495,0.005400000140070915,0.12949152290821075,291.0,5.731729229018238e-15,0.23574000597000122,9.743908154294378e-13,0.006256000138819218,1.9966094614220706e-14
radial,0.75,18.399246037006378,0.005400000140070915,0.13247457146644592,291.0,7.72139564607496e-15,0.23574000597000122,1.3013347994680902e-12,0.006256000138819218,2.6578765636954202e-14
radial,0.75,18.813558336761265,0.005400000140070915,0.1354576200246811,291.0,1.0224922647396502e-14,0.23574000597000122,1.728367015479959e-12,0.006256000138819218,3.480275082338134e-14
radial,0.75,19.227872706121868,0.005400000140070915,0.13844068348407745,291.0,1.3327068161333392e-14,0.23574000597000122,2.2895082097545982e-12,0.006256000138819218,4.4928507935510995e-14
radial,0.75,19.642185005876755,0.005400000140070915,0.14142373204231262,291.0,1.7118947522021775e-14,0.23574000597000122,3.0318228396580826e-12,0.006256000138819218,5.740769865774167e-14
radial,0.75,20.056497305631638,0.005400000140070915,0.1444067806005478,291.0,2.169613908019688e-14,0.23574000597000122,4.0219438023070264e-12,0.006256000138819218,7.277513959296975e-14
radial,0.75,20.470809605386524,0.005400000140070915,0.14738982915878296,291.0,2.715329961474732e-14,0.23574000597000122,5.35978856783248e-12,0.006256000138819218,9.167802828740149e-14
radial,0.75,20.885121905141407,0.005400000140070915,0.15037287771701813,291.0,3.355830695793427e-14,0.23574000597000122,7.199664909390835e-12,0.006256000138819218,1.1467821863560962e-13
radial,0.75,21.29943420489629,0.005400000140070915,0.1533559262752533,291.0,4.0959585983352254e-14,0.23574000597000122,9.638932881028683e-12,0.006256000138819218,1.420140047225793e-13
radial,0.75,21.713748574256897,0.005400000140070915,0.15633898973464966,291.0,4.932931504681576e-14,0.23574000597000122,1.2797709073031349e-11,0.006256000138819218,1.7359903662153564e-13
radial,0.75,22.128060874011783,0.005400000140070915,0.15932203829288483,291.0,5.862264205970177e-14,0.23574000597000122,1.6774569580602083e-11,0.006256000138819218,2.0863882453300842e-13
radial,0.75,22.542373173766666,0.005400000140070915,0.16230508685112,291.0,6.868008088243768e-14,0.23574000597000122,2.1682915879450704e-11,0.006256000138819218,2.4596486956560137e-13
radial,0.75,22.956685473521553,0.005400000140070915,0.16528813540935516,291.0,7.934137965766655e-14,0.23574000597000122,2.751850483595497e-11,0.006256000138819218,2.8366585881449413e-13
radial,0.75,23.370997773276436,0.005400000140070915,0.16827118396759033,291.0,9.028724762185497e-14,0.23574000597000122,3.42200504044321e-11,0.006256000138819218,3.193780147032338e-13
radial,0.75,23.78531007303132,0.005400000140070915,0.1712542325258255,291.0,1.0117906133148141e-13,0.23574000597000122,4.150042115513841e-11,0.006256000138819218,3.501418447716953e-13
radial,0.75,24.199622372786205,0.005400000140070915,0.17423728108406067,291.0,1.1152272275148992e-13,0.23574000597000122,4.897847752372009e-11,0.006256000138819218,3.728004775542526e-13
radial,0.75,24.613936742146812,0.005400000140070915,0.17722034454345703,291.0,1.208261192920529e-13,0.23574000597000122,5.6077750082428324e-11,0.006256000138819218,3.8462302461884923e-13
radial,0.75,25.028249041901695,0.005400000140070915,0.1802033931016922,291.0,1.2863013876696777e-13,0.23574000597000122,6.223722925913222e-11,0.006256000138819218,3.8416771391651394e-13
radial,0.75,25.442561341656578,0.005400000140070915,0.18318644165992737,291.0,1.3459251887917162e-13,0.23574000597000122,6.699069771132216e-11,0.006256000138819218,3.7216573139237097e-13
radial,0.75,25.856873641411465,0.005400000140070915,0.18616949021816254,291.0,1.3865201575844616e-13,0.23574000597000122,7.006215052562936e-11,0.006256000138819218,3.5171049557990164e-13
radial,0.75,26.271185941166348,0.005400000140070915,0.1891525387763977,291.0,1.408638152953709e-13,0.23574000597000122,7.153722753061587e-11,0.006256000138819218,3.277559430456267e-13
radial,0.75,26.685498240921234,0.005400000140070915,0.19213558733463287,291.0,1.4154619859020612e-13,0.23573999106884003,7.168037691185347e-11,0.006256000138819218,3.058825165814377e-13
radial,0.75,27.099812610281838,0.005400000140070915,0.19511865079402924,291.0,1.4087548402125227e-13,0.23573999106884003,7.096289528218946e-11,0.006256000138819218,2.905112673860788e-13
radial,0.75,27.514124910036724,0.005400000140070915,0.1981016993522644,291.0,1.389116008635935e-13,0.23573999106884003,6.971075106054769e-11,0.006256000138819218,2.8358774204796655e-13
radial,0.75,27.928437209791607,0.005400000140070915,0.20108474791049957,291.0,1.3540806930584237e-13,0.23573999106884003,6.808096447707968e-11,0.006256000138819218,2.8385285658419357e-13
radial,0.75,28.342749509546493,0.005400000140070915,0.20406779646873474,291.0,1.2912080801265324e-13,0.23574000597000122,6.548360464986303e-11,0.006256000138819218,2.84263633682294e-13
radial,0.75,28.757061809301376,0.005400000140070915,0.2070508450269699,291.0,1.1744308325324637e-13,0.23574000597000122,6.02826330520223e-11,0.006256000138819218,2.735523125293321e-13
radial,0.75,29.171374109056263,0.005400000140070915,0.21003389358520508,291.0,9.898802426615977e-14,0.23574000597000122,5.151345669474061e-11,0.006256000138819218,2.4197015376613284e-13
radial,0.75,29.585686408811146,0.005400000140070915,0.21301694214344025,291.0,7.201864430338156e-14,0.23574000597000122,3.786610608402796e-11,0.006256000138819218,1.819148537319723e-13
radial,0.75,30.000000778171753,0.005400000140070915,0.2160000056028366,291.0,6.601540332180217e-14,0.23574000597000122,1.3830014390647793e-11,0.006256000138819218,2.484042431385308e-13
radial,1,0.0,0.007199999876320362,0.0,294.7946472167969,0.15628695487976074,0.19635246694087982,8.673469710629433e-05,9.331119508715346e-05,1.7599355487618595e-05
radial,1,0.041666668645727135,0.007199999876320362,0.0003000000142492354,294.88677978515625,0.15627922117710114,0.1963385045528412,9.492452227277681e-05,0.00010213036875938997,1.9266941308160312e-05
radial,1,0.08333333729145427,0.007199999876320362,0.0006000000284984708,295.1899719238281,0.1562543362379074,0.1962933987379074,0.00012136808800278232,0.0001306123158428818,2.4655741071910597e-05
radial,1,0.12499999785278407,0.007199999876320362,0.0008999999845400453,295.7923583984375,0.15620681643486023,0.1962066888809204,0.00017214100807905197,0.00018532306421548128,3.501939136185683e-05
radial,1,0.16666667458290854,0.007199999876320362,0.0012000000569969416,296.87158203125,0.15612609684467316,0.19605790078639984,0.0002591401862446219,0.0002791307051666081,5.282022539176978e-05
radial,1,0.20833333514423835,0.007199999876320362,0.001500000013038516,298.7594909667969,0.15599340200424194,0.19580988585948944,0.0004038567712996155,0.00043530535185709596,8.252348197856918e-05
radial,1,0.24999999570556813,0.007199999876320362,0.0017999999690800905,302.0899658203125,0.15577471256256104,0.195393905043602,0.0006459619617089629,0.00069684989284724,0.00013240431144367903
radial,1,0.2916666562668979,0.007199999876320362,0.002099999925121665,308.15252685546875,0.1554044783115387,0.19467422366142273,0.0010635852813720703,0.0011485409922897816,0.00021881777502130717
radial,1,0.3333333491658171,0.007199999876320362,0.002400000113993883,319.8465881347656,0.15474212169647217,0.1933528184890747,0.001827753963880241,0.0019761051516979933,0.000377661403035745
radial,1,0.3750000097271469,0.007199999876320362,0.0027000000700354576,344.4927062988281,0.15344548225402832,0.19068720936775208,0.003363555297255516,0.0036413955967873335,0.0006982910563237965
radial,1,0.4166666702884767,0.007199999876320362,0.003000000026077032,399.30401611328125,0.1507248431444168,0.18491479754447937,0.006677690893411636,0.007238331716507673,0.0013923023361712694
radial,1,0.4583333308498065,0.007199999876320362,0.0032999999821186066,508.5208740234375,0.14540866017341614,0.17333091795444489,0.013313034549355507,0.014440315775573254,0.0027812891639769077
radial,1,0.49999999141113627,0.007199999876320362,0.003599999938160181,681.8506469726562,0.1367405354976654,0.15420293807983398,0.024275533854961395,0.026315856724977493,0.005057336296886206
radial,1,0.5347222193247743,0.007199999876320362,0.0038499999791383743,873.8283081054688,0.12657430768013,0.1319265067577362,0.037109002470970154,0.04013967514038086,0.007660864852368832
radial,1,0.5617283750325441,0.007199999876320362,0.004044444300234318,1056.02294921875,0.11632349342107773,0.1100320965051651,0.049865495413541794,0.053727202117443085,0.010130450129508972
radial,1,0.5887345954154929,0.007199999876320362,0.0042388890869915485,1258.372314453125,0.10426158457994461,0.08545095473527908,0.06451132148504257,0.06897898763418198,0.012697083875536919
radial,1,0.6157407511232628,0.007199999876320362,0.004433333408087492,1459.626953125,0.09142690896987915,0.06140787899494171,0.07954960316419601,0.0838642567396164,0.014733131043612957
radial,1,0.6427469068310327,0.007199999876320362,0.0046277777291834354,1637.5389404296875,0.078957699239254,0.04134560003876686,0.09358427673578262,0.09615965932607651,0.01539668906480074
radial,1,0.6697530625388026,0.007199999876320362,0.004822222050279379,1778.7677001953125,0.0676337406039238,0.027141187340021133,0.10550970584154129,0.10472007095813751,0.014498254284262657
radial,1,0.6967592829217514,0.007199999876320362,0.00501666683703661,1887.7667236328125,0.05737263709306717,0.017926350235939026,0.1149454116821289,0.11026852577924728,0.012838996015489101
radial,1,0.7237654386295213,0.007199999876320362,0.005211111158132553,1972.9632568359375,0.04786665737628937,0.012261378578841686,0.12198325991630554,0.11384183913469315,0.01116353552788496
radial,1,0.7507715943372912,0.007199999876320362,0.0054055554792284966,2039.184326171875,0.038974594324827194,0.009255657903850079,0.12679897248744965,0.11604639887809753,0.009828264825046062
radial,1,0.7777777500450611,0.007199999876320362,0.00559999980032444,2088.4462890625,0.03066961094737053,0.008440853096544743,0.12954053282737732,0.11718326807022095,0.008969580754637718
radial,1,0.8047839704280099,0.007199999876320362,0.005794444587081671,2120.120361328125,0.023035630583763123,0.009710102342069149,0.13028131425380707,0.1173032820224762,0.008576560765504837
radial,1,0.8317901261357797,0.007199999876320362,0.005988888908177614,2130.9736328125,0.016279829666018486,0.013278806582093239,0.12904098629951477,0.11622671782970428,0.008493169210851192
radial,1,0.8587962818435497,0.007199999876320362,0.006183333229273558,2115.6416015625,0.010745521634817123,0.019603805616497993,0.1258884072303772,0.11357010155916214,0.008374433033168316
radial,1,0.8858024375513196,0.007199999876320362,0.006377777550369501,2069.563720703125,0.0068310885690152645,0.029024239629507065,0.12114611268043518,0.10895410925149918,0.007719726301729679
radial,1,0.9128086579342684,0.007199999876320362,0.006572222337126732,2001.1903076171875,0.004451466724276543,0.04032944142818451,0.11553023010492325,0.1030488982796669,0.006598083768039942
radial,1,0.9398148136420382,0.007199999876320362,0.006766666658222675,1927.6676025390625,0.0030734373722225428,0.05141418054699898,0.10987240821123123,0.09718313813209534,0.005520151928067207
radial,1,0.9668209693498082,0.007199999876320362,0.006961110979318619,1858.950927734375,0.0022728710900992155,0.06123041734099388,0.10469026118516922,0.09200941771268845,0.004670669324696064
radial,1,0.9938271897327569,0.007199999876320362,0.0071555557660758495,1797.646728515625,0.0017850915901362896,0.06967438012361526,0.10010392963886261,0.08760229498147964,0.004035064484924078
radial,1,1.0208333454405267,0.007199999876320362,0.007350000087171793,1742.4261474609375,0.0014625202165916562,0.07707906514406204,0.09599360823631287,0.08378082513809204,0.0035493955947458744
radial,1,1.0478395011482968,0.007199999876320362,0.0075444444082677364,1690.66650390625,0.0012280545197427273,0.08387232571840286,0.09216029942035675,0.08031230419874191,0.0031573015730828047
radial,1,1.0748456568560667,0.007199999876320362,0.00773888872936368,1639.6387939453125,0.001041984069161117,0.09044600278139114,0.08840328454971313,0.07698722928762436,0.0028199353255331516
radial,1,1.1018518772390153,0.007199999876320362,0.00793333351612091,1586.9019775390625,0.000883747183252126,0.09712398797273636,0.08454670011997223,0.07363589107990265,0.0025128317065536976
radial,1,1.1288580329467852,0.007199999876320362,0.008127777837216854,1530.6363525390625,0.0007434319122694433,0.10412999242544174,0.08046439290046692,0.07014290243387222,0.0022228409070521593
radial,1,1.1558641886545553,0.007199999876320362,0.008322222158312798,1469.995849609375,0.0006175502203404903,0.11155036091804504,0.07610620558261871,0.0664636418223381,0.001945964409969747
radial,1,1.1828703443623252,0.007199999876320362,0.008516666479408741,1405.0654296875,0.0005057462258264422,0.11934875696897507,0.07149289548397064,0.0626150369644165,0.001683770795352757
radial,1,1.209876500070095,0.007199999876320362,0.008711110800504684,1336.336181640625,0.0004080904764123261,0.12744101881980896,0.0666741281747818,0.05863741785287857,0.0014389384305104613
radial,1,1.236882655777865,0.007199999876320362,0.008905555121600628,1264.778076171875,0.00032448593992739916,0.1356930285692215,0.06173078343272209,0.05459513142704964,0.001214426476508379
radial,1,1.2638889408359926,0.007199999876320362,0.009100000374019146,1193.3641357421875,0.00025603745598345995,0.14373308420181274,0.0568886436522007,0.05066799372434616,0.0010175328934565187
radial,1,1.3124999693698354,0.007199999876320362,0.009449999779462814,1071.6827392578125,0.00016615826461929828,0.1570507138967514,0.04881632700562477,0.04418395832180977,0.0007349825464189053
radial,1,1.3397436123341322,0.007199999876320362,0.009646154008805752,1007.0858154296875,0.0001303508906858042,0.16393309831619263,0.04461931437253952,0.04084279015660286,0.0006102162878960371
radial,1,1.3669871259480715,0.007199999876320362,0.009842307306826115,945.1294555664062,0.00010205660510109738,0.1703994870185852,0.04066183790564537,0.03770868852734566,0.0005048168241046369
radial,1,1.3942307689123683,0.007199999876320362,0.010038461536169052,886.7713623046875,7.996720523806289e-05,0.1763826161623001,0.03698842599987984,0.034812889993190765,0.00041704720933921635
radial,1,1.4214744118766653,0.007199999876320362,0.01023461576551199,832.2539672851562,6.278200453380123e-05,0.18187928199768066,0.03360410034656525,0.03215577453374863,0.0003444028552621603
radial,1,1.4487179254906046,0.007199999876320362,0.010430769063532352,781.56982421875,4.939645077683963e-05,0.18691419064998627,0.03049624338746071,0.029724447056651115,0.00028438091976568103
radial,1,1.4759615684549015,0.007199999876320362,0.01062692329287529,734.6776733398438,3.89568303944543e-05,0.19151373207569122,0.027650723233819008,0.02750539779663086,0.0002348686393816024
radial,1,1.5032050820688407,0.007199999876320362,0.010823076590895653,691.476806640625,3.079890666413121e-05,0.19570766389369965,0.02505091391503811,0.025483673438429832,0.0001940645306603983
radial,1,1.5304487250331376,0.007199999876320362,0.01101923082023859,651.8478393554688,2.4413429855485447e-05,0.19952458143234253,0.02268054708838463,0.023645000532269478,0.00016047457756940275
radial,1,1.5576923679974344,0.007199999876320362,0.011215385049581528,615.6314697265625,1.940715083037503e-05,0.20299358665943146,0.020522737875580788,0.021974973380565643,0.00013284891610965133
radial,1,1.5849358816113737,0.007199999876320362,0.01141153834760189,582.6123046875,1.5472840459551662e-05,0.206145778298378,0.018559128046035767,0.020458316430449486,0.00011012891627615318
radial,1,1.6121795245756707,0.007199999876320362,0.011607692576944828,552.5253295898438,1.2370342119538691e-05,0.20901431143283844,0.01676984503865242,0.019078824669122696,9.141872578766197e-05
radial,1,1.63942303818961,0.007199999876320362,0.011803845874965191,524.9378051757812,9.901431440084707e-06,0.21164660155773163,0.015125938691198826,0.017813513055443764,7.589194137835875e-05
radial,1,1.6666666811539068,0.007199999876320362,0.012000000104308128,499.6434326171875,7.931755135359708e-06,0.2140650898218155,0.013613916002213955,0.01665145345032215,6.299072992987931e-05
radial,1,1.722222271685799,0.007199999876320362,0.012400000356137753,455.3553771972656,5.059125214756932e-06,0.21832628548145294,0.01094630267471075,0.014605007134377956,4.320111474953592e-05
radial,1,1.7777777328673336,0.007199999876320362,0.012799999676644802,419.7169189453125,3.2705058856663527e-06,0.22180011868476868,0.008768098428845406,0.012937698513269424,2.997984665853437e-05
radial,1,1.833333323399226,0.007199999876320362,0.013199999928474426,390.8003845214844,2.1353478132368764e-06,0.2246675044298172,0.006967815570533276,0.011562133207917213,2.1015843230998144e-05
radial,1,1.8888889139311182,0.007199999876320362,0.01360000018030405,367.35491943359375,1.4063011803955305e-06,0.22704273462295532,0.005474981851875782,0.01042312290519476,1.4882602044963278e-05
radial,1,1.9444445044630103,0.007199999876320362,0.014000000432133675,348.66204833984375,9.390563491251669e-07,0.22898341715335846,0.004254277795553207,0.009492799639701843,1.0697464858822059e-05
radial,1,1.999999965644545,0.007199999876320362,0.014399999752640724,334.1995544433594,6.424676257665851e-07,0.23052455484867096,0.00328431511297822,0.008754209615290165,7.862377970013767e-06
radial,1,2.0555555561764374,0.007199999876320362,0.014800000004470348,323.5164489746094,4.574369256715727e-07,0.2316923290491104,0.0025490652769804,0.00819468405097723,5.9623471315717325e-06
radial,1,2.1111111467083297,0.007199999876320362,0.015200000256299973,316.07391357421875,3.443318519202876e-07,0.2325243502855301,0.002025105757638812,0.007796095684170723,4.700516456068726e-06
radial,1,2.1666666078898644,0.007199999876320362,0.015599999576807022,311.0008544921875,2.7368281507733627e-07,0.23310257494449615,0.0016609702724963427,0.00751913245767355,3.83654059987748e-06
radial,1,2.2222223277721143,0.007199999876320362,0.01600000075995922,307.1493835449219,2.2253111353620625e-07,0.23355090618133545,0.0013786526396870613,0.007304409984499216,3.1627002954337513e-06
radial,1,2.2777777889536486,0.007199999876320362,0.01640000008046627,303.7194519042969,1.7788194384138478e-07,0.2339613288640976,0.0011202010791748762,0.007107849232852459,2.55175405072805e-06
radial,1,2.3333332501351833,0.007199999876320362,0.01679999940097332,300.5843505859375,1.3715579427753255e-07,0.2343495637178421,0.0008757057366892695,0.006921910680830479,1.9814185634459136e-06
radial,1,2.388888970017433,0.007199999876320362,0.01720000058412552,297.85400390625,1.0120812987679528e-07,0.23470228910446167,0.0006535766297020018,0.006752987392246723,1.468334517085168e-06
radial,1,2.444444431198968,0.007199999876320362,0.01759999990463257,295.5511474609375,6.996094015221388e-08,0.23501603305339813,0.00045597885036841035,0.006602725014090538,1.0165080084334477e-06
radial,1,2.4999998923805027,0.007199999876320362,0.017999999225139618,293.6616516113281,4.2941259437156987e-08,0.23529230058193207,0.00028198224026709795,0.0064704143442213535,6.232804139472137e-07
radial,1,2.5555556122627525,0.007199999876320362,0.018400000408291817,292.2272033691406,2.0710016812586218e-08,0.2355227768421173,0.00013682633289135993,0.0063600386492908,2.9972719062243414e-07
radial,1,2.611111073444287,0.007199999876320362,0.018799999728798866,291.3815612792969,6.513212635894661e-09,0.23567134141921997,4.3243886466370896e-05,0.0062888809479773045,9.392567079657965e-08
radial,1,2.6666667933265367,0.007199999876320362,0.019200000911951065,291.0732116699219,1.1488376916446441e-09,0.23572784662246704,7.653485226910561e-06,0.0062618195079267025,1.6531149782395005e-08
radial,1,2.7222222545080714,0.007199999876320362,0.019600000232458115,291.0106506347656,1.3991370562127514e-10,0.23573851585388184,9.342899716102693e-07,0.006256710272282362,2.0115904497686188e-09
radial,1,2.777777715689606,0.007199999876320362,0.019999999552965164,291.0018005371094,1.953963379985879e-11,0.2357397973537445,1.3074158289327897e-07,0.006256099324673414,2.807512278213409e-10
radial,1,2.888888896753391,0.007199999876320362,0.020800000056624413,291.00006103515625,6.499157765779695e-13,0.23573999106884003,4.359250294072581e-09,0.006256003398448229,9.327551751814323e-12
radial,1,3.0000000778171754,0.007199999876320362,0.02160000056028366,291.0,2.2077735893264415e-14,0.23574000597000122,1.483254075118623e-10,0.006256000138819218,3.16014927984401e-13
radial,1,3.1111110001802444,0.007199999876320362,0.02239999920129776,291.0,7.792759760067911e-16,0.23574000597000122,5.1751406979216874e-12,0.006256000138819218,1.0914925003592275e-14
radial,1,3.222222181244029,0.007199999876320362,0.02319999970495701,291.0,3.709806447371313e-17,0.23574000597000122,1.8827451262522915e-13,0.006256000138819218,3.579760287839278e-16
radial,1,3.3333333623078136,0.007199999876320362,0.024000000208616257,291.0,9.778415522441498e-18,0.23574000597000122,9.446737385127978e-15,0.006256000138819218,2.0897713151707992e-18
radial,1,3.444444543371598,0.007199999876320362,0.024800000712275505,291.0,8.02364615150008e-18,0.23574000597000122,2.4760744517427933e-15,0.006256000138819218,8.99663040742197e-21
radial,1,3.5555554657346673,0.007199999876320362,0.025599999353289604,291.0,7.329186668231186e-18,0.23574000597000122,1.9201785869210576e-15,0.006256000138819218,1.2371249425651293e-20
radial,1,3.666666646798452,0.007199999876320362,0.026399999856948853,291.0,6.970984375771223e-18,0.23574000597000122,1.7139635454725514e-15,0.006256000138819218,1.6687646690808483e-20
radial,1,3.7777778278622365,0.007199999876320362,0.0272000003606081,291.0,6.937973251885457e-18,0.23574000597000122,1.6139850703345742e-15,0.006256000138819218,2.2150872521927193e-20
radial,1,3.8888890089260206,0.007199999876320362,0.02800000086426735,291.0,7.246044263321644e-18,0.23574000597000122,1.6028322933971952e-15,0.006256000138819218,2.914120139520237e-20
radial,1,3.99999993128909,0.007199999876320362,0.02879999950528145,291.0,7.930853857564494e-18,0.23574000597000122,1.6802748216987614e-15,0.006256000138819218,3.8278761891694495e-20
radial,1,4.111111112352875,0.007199999876320362,0.029600000008940697,291.0,9.046296987424902e-18,0.23574000597000122,1.8560783098464043e-15,0.006256000138819218,5.1063106446165763e-20
radial,1,4.222222293416659,0.007199999876320362,0.030400000512599945,291.0,1.0662774167656641e-17,0.23574000597000122,2.148429614008858e-15,0.006256000138819218,6.869275514272016e-20
radial,1,4.333333215779729,0.007199999876320362,0.031199999153614044,291.0,1.2852363435295745e-17,0.23574000597000122,2.586062103460238e-15,0.006256000138819218,9.371840017952163e-20
radial,1,4.4444446555442285,0.007199999876320362,0.03200000151991844,291.0,1.564738190969405e-17,0.23574000597000122,3.1946349472717185e-15,0.006256000138819218,1.3240956653653636e-19
radial,1,4.555555577907297,0.007199999876320362,0.03280000016093254,291.0,1.901274968825379e-17,0.23574000597000122,3.986622823173988e-15,0.006256000138819218,1.8919033278477619e-19
radial,1,4.666666500270367,0.007199999876320362,0.03359999880194664,291.0,2.2752638378397943e-17,0.23574000597000122,4.947665981612243e-15,0.006256000138819218,2.665882656081705e-19
radial,1,4.777777940034866,0.007199999876320362,0.03440000116825104,291.0,2.6398936545315394e-17,0.23574000597000122,5.997908909176428e-15,0.006256000138819218,3.679370191975817e-19
radial,1,4.888888862397936,0.007199999876320362,0.03519999980926514,291.0,2.912404336870194e-17,0.23574000597000122,6.937904145908362e-15,0.006256000138819218,4.929628355443459e-19
radial,1,4.999999784761005,0.007199999876320362,0.035999998450279236,291.0,2.9995954600059386e-17,0.23574000597000122,7.482348548799693e-15,0.006256000138819218,6.8478384824628505e-19
radial,1,5.111111224525505,0.007199999876320362,0.03680000081658363,291.0,2.7752038591329637e-17,0.23574000597000122,7.196959431947196e-15,0.006256000138819218,9.65638756373099e-19
radial,1,5.222222146888574,0.007199999876320362,0.03759999945759773,291.0,2.1720550238864504e-17,0.23574000597000122,5.761969999301111e-15,0.006256000138819218,1.1416777833729859e-18
radial,1,5.333333586653073,0.007199999876320362,0.03840000182390213,291.0,1.4060392891119213e-17,0.23574000597000122,3.762541951043757e-15,0.006256000138819218,1.0913007263097048e-18
radial,1,5.444444509016143,0.007199999876320362,0.03920000046491623,291.0,7.206996375325465e-18,0.23574000597000122,1.9245054429738694e-15,0.006256000138819218,8.724751617400532e-19
radial,1,5.555555431379212,0.007199999876320362,0.03999999910593033,291.0,3.3024958481511178e-18,0.23574000597000122,8.66826466105298e-16,0.006256000138819218,6.151088225885067e-19
radial,1,5.969868248535527,0.007199999876320362,0.042983051389455795,291.0,2.048520412558845e-19,0.23574000597000122,8.154798450034446e-17,0.006256000138819218,1.5836826484194912e-19
radial,1,6.384180548290412,0.007199999876320362,0.045966099947690964,291.0,6.252936777510219e-20,0.23574000597000122,7.896105985264612e-17,0.006256000138819218,1.0947968051686602e-19
radial,1,6.798493365446727,0.007199999876320362,0.04894915223121643,291.0,7.290380885660545e-20,0.23574000597000122,1.1504185760904153e-16,0.006256000138819218,1.4978410756230058e-19
radial,1,7.212806182603042,0.007199999876320362,0.0519322045147419,291.0,1.0638748551668673e-19,0.23574000597000122,1.6657988168719486e-16,0.006256000138819218,2.3622228437558987e-19
radial,1,7.627118482357926,0.007199999876320362,0.054915253072977066,291.0,1.5324846921464337e-19,0.23574000597000122,2.3765221929959626e-16,0.006256000138819218,3.663920009096975e-19
radial,1,8.04143129951424,0.007199999876320362,0.05789830535650253,291.0,2.0974911850326035e-19,0.23574000597000122,3.351188182324909e-16,0.006256000138819218,5.712368172599192e-19
radial,1,8.455744116670555,0.007199999876320362,0.060881357640028,291.0,2.8954725804564507e-19,0.23574000597000122,4.689494680332987e-16,0.006256000138819218,9.069682830907848e-19
radial,1,8.87005693382687,0.007199999876320362,0.06386440992355347,291.0,3.9971339507335353e-19,0.23574000597000122,6.536370612482184e-16,0.006256000138819218,1.5190331327238846e-18
radial,1,9.284369233581755,0.007199999876320362,0.06684745848178864,291.0,5.306940588004928e-19,0.23574000597000122,9.130290958231455e-16,0.006256000138819218,2.6654724778954554e-18
radial,1,9.69868153333664,0.007199999876320362,0.0698305070400238,291.0,7.82907062735834e-19,0.23574000597000122,1.2875232199905978e-15,0.006256000138819218,4.776552792826233e-18
radial,1,10.112993833091524,0.007199999876320362,0.07281355559825897,291.0,1.3152571888214463e-18,0.23574000597000122,1.834513698042257e-15,0.006256000138819218,8.602536922666741e-18
radial,1,10.527307167649269,0.007199999876320362,0.07579661160707474,291.0,2.312621630408404e-18,0.23574000597000122,2.6592885252668457e-15,0.006256000138819218,1.5637440853092387e-17
radial,1,10.941619467404154,0.007199999876320362,0.0787796601653099,291.0,4.072867350595229e-18,0.23574000597000122,3.903111727321818e-15,0.006256000138819218,2.782982003868922e-17
radial,1,11.355931767159039,0.007199999876320362,0.08176270872354507,291.0,7.385763340587976e-18,0.23574000597000122,5.831850217449591e-15,0.006256000138819218,4.946081474135506e-17
radial,1,11.770245101716784,0.007199999876320362,0.08474576473236084,291.0,1.3418102861903425e-17,0.23574000597000122,8.792350223265407e-15,0.006256000138819218,8.614513009011406e-17
radial,1,12.184557401471668,0.007199999876320362,0.08772881329059601,291.0,2.4220359533171208e-17,0.23574000597000122,1.3392483668816894e-14,0.006256000138819218,1.4940159029573462e-16
radial,1,12.598869701226553,0.007199999876320362,0.09071186184883118,291.0,4.325579878562733e-17,0.23574000597000122,2.045844437327353e-14,0.006256000138819218,2.550081096772941e-16
radial,1,13.013183035784298,0.007199999876320362,0.09369491785764694,291.0,7.621437023271684e-17,0.23574000597000122,3.1206652117022476e-14,0.006256000138819218,4.2855814607810577e-16
radial,1,13.427495335539183,0.007199999876320362,0.09667796641588211,291.0,1.320285475008549e-16,0.23574000597000122,4.75398800187099e-14,0.006256000138819218,7.073297386208397e-16
radial,1,13.841807635294067,0.007199999876320362,0.09966101497411728,291.0,2.2774370729195426e-16,0.23574000597000122,7.164173497064413e-14,0.006256000138819218,1.1374910269005222e-15
radial,1,14.256120969851812,0.007199999876320362,0.10264407098293304,291.0,3.8671800073641395e-16,0.23574000597000122,1.0720968519417964e-13,0.006256000138819218,1.7899364716106314e-15
radial,1,14.670433269606697,0.007199999876320362,0.10562711954116821,291.0,6.334520543569116e-16,0.23574000597000122,1.578257652606191e-13,0.006256000138819218,2.741104072916849e-15
radial,1,15.084745569361582,0.007199999876320362,0.10861016809940338,291.0,1.0056387019573656e-15,0.23574000597000122,2.298274960101099e-13,0.006256000138819218,4.1188294196473334e-15
radial,1,15.499057869116466,0.007199999876320362,0.11159321665763855,291.0,1.5499463090277153e-15,0.23574000597000122,3.2926938085819923e-13,0.006256000138819218,6.07577707153399e-15
radial,1,15.913371203674211,0.007199999876320362,0.11457627266645432,291.0,2.3287502229850897e-15,0.23574000597000122,4.662044947138788e-13,0.006256000138819218,8.830421813145646e-15
radial,1,16.327683503429096,0.007199999876320362,0.11755932122468948,291.0,3.420474259800449e-15,0.23574000597000122,6.511675421962126e-13,0.006256000138819218,1.2665506630407577e-14
radial,1,16.74199580318398,0.007199999876320362,0.12054236978292465,291.0,4.914720211612314e-15,0.23574000597000122,8.982417674247012e-13,0.006256000138819218,1.7880299698529514e-14
radial,1,17.156309137741726,0.007199999876320362,0.12352542579174042,291.0,6.9241534130426354e-15,0.23574000597000122,1.224852684555966e-12,0.006256000138819218,2.4858336688995258e-14
radial,1,17.57062143749661,0.007199999876320362,0.12650847434997559,291.0,9.561924548592143e-15,0.23574000597000122,1.649504968379012e-12,0.006256000138819218,3.392181284131435e-14
radial,1,17.984933737251495,0.007199999876320362,0.12949152290821075,291.0,1.2962753361488687e-14,0.23574000597000122,2.1993633043254635e-12,0.006256000138819218,4.546291796259268e-14
radial,1,18.399246037006378,0.007199999876320362,0.13247457146644592,291.0,1.7259839594336267e-14,0.23574000597000122,2.906012236403299e-12,0.006256000138819218,5.982368056879975e-14
radial,1,18.813558336761265,0.007199999876320362,0.1354576200246811,291.0,2.259859339319003e-14,0.23574000597000122,3.8193970555711054e-12,0.006256000138819218,7.745952994688346e-14
radial,1,19.227872706121868,0.007199999876320362,0.13844068348407745,291.0,2.9134020093331617e-14,0.23574000597000122,5.008439843412482e-12,0.006256000138819218,9.891822197504244e-14
radial,1,19.642185005876755,0.007199999876320362,0.14142373204231262,291.0,3.703010188521767e-14,0.23574000597000122,6.567176923794049e-12,0.006256000138819218,1.2508483832052164e-13
radial,1,20.056497305631638,0.007199999876320362,0.1444067806005478,291.0,4.645542712447201e-14,0.23574000597000122,8.628605642491127e-12,0.006256000138819218,1.5700209687018185e-13
radial,1,20.470809605386524,0.007199999876320362,0.14738982915878296,291.0,5.7572456730378e-14,0.23574000597000122,1.1395740254216413e-11,0.006256000138819218,1.9591487178220734e-13
radial,1,20.885121905141407,0.007199999876320362,0.15037287771701813,291.0,7.048184193399198e-14,0.23574000597000122,1.5170904463235324e-11,0.006256000138819218,2.428624521540884e-13
radial,1,21.29943420489629,0.007199999876320362,0.1533559262752533,291.0,8.524152656516973e-14,0.23574000597000122,2.0127210662024275e-11,0.006256000138819218,2.981522093017247e-13
radial,1,21.713748574256897,0.007199999876320362,0.15633898973464966,291.0,1.0175213671853936e-13,0.23574000597000122,2.648637038860091e-11,0.006256000138819218,3.614227515359725e-13
radial,1,22.128060874011783,0.007199999876320362,0.15932203829288483,291.0,1.1988435417997767e-13,0.23574000597000122,3.441959217642676e-11,0.006256000138819218,4.308721077411065e-13
radial,1,22.542373173766666,0.007199999876320362,0.16230508685112,291.0,1.3928621981924155e-13,0.23574000597000122,4.412025605970982e-11,0.006256000138819218,5.039882899036952e-13
radial,1,22.956685473521553,0.007199999876320362,0.16528813540935516,291.0,1.5961314030459722e-13,0.23574000597000122,5.554413526343005e-11,0.006256000138819218,5.768599031612254e-13
radial,1,23.370997773276436,0.007199999876320362,0.16827118396759033,291.0,1.8022130283349563e-13,0.23573999106884003,6.853128481365545e-11,0.006256000138819218,6.447426143321722e-13
radial,1,23.78531007303132,0.007199999876320362,0.1712542325258255,291.0,2.004376618023121e-13,0.23573999106884003,8.248694088885955e-11,0.006256000138819218,7.018357791634122e-13
radial,1,24.199622372786205,0.007199999876320362,0.17423728108406067,291.0,2.1931717238739962e-13,0.23573999106884003,9.664400529851846e-11,0.006256000138819218,7.420755091143427e-13
radial,1,24.613936742146812,0.007199999876320362,0.17722034454345703,291.0,2.3593526763364403e-13,0.23573999106884003,1.0988936843814301e-10,0.006256000138819218,7.604224324872511e-13
radial,1,25.028249041901695,0.007199999876320362,0.1802033931016922,291.0,2.4947803697016047e-13,0.23573999106884003,1.2115880521079703e-10,0.006256000138819218,7.545482251167246e-13
radial,1,25.442561341656578,0.007199999876320362,0.18318644165992737,291.0,2.5936815629262755e-13,0.23573999106884003,1.2961097473063177e-10,0.006256000138819218,7.264906991960585e-13
radial,1,25.856873641411465,0.007199999876320362,0.18616949021816254,291.0,2.655849173395508e-13,0.23573999106884003,1.3477191584954085e-10,0.006256000138819218,6.828551938307947e-13
radial,1,26.271185941166348,0.007199999876320362,0.1891525387763977,291.0,2.6830477401450226e-13,0.23573999106884003,1.3686414501723476e-10,0.006256000138819218,6.336226573804005e-13
radial,1,26.685498240921234,0.007199999876320362,0.19213558733463287,291.0,2.6816431562305676e-13,0.23573999106884003,1.364262869341104e-10,0.006256000138819218,5.895801425195857e-13
radial,1,27.099812610281838,0.007199999876320362,0.19511865079402924,291.0,2.6548457442848727e-13,0.23573999106884003,1.343582051172021e-10,0.006256000138819218,5.588142795720508e-13
radial,1,27.514124910036724,0.007199999876320362,0.1981016993522644,291.0,2.603024404097126e-13,0.23573999106884003,1.312486092031051e-10,0.006256000138819218,5.441791223366466e-13
radial,1,27.928437209791607,0.007199999876320362,0.20108474791049957,291.0,2.52102727799422e-13,0.23573999106884003,1.2736280086134144e-10,0.006256000138819218,5.423616200248005e-13
radial,1,28.342749509546493,0.007199999876320362,0.20406779646873474,291.0,2.3858028725363967e-13,0.23573999106884003,1.21595969404531e-10,0.006256000138819218,5.393184271569595e-13
radial,1,28.757061809301376,0.007199999876320362,0.2070508450269699,291.0,2.1542991457575156e-13,0.23573999106884003,1.1117087111989221e-10,0.006256000138819218,5.149439902263353e-13
radial,1,29.171374109056263,0.007199999876320362,0.21003389358520508,291.0,1.8040426195010256e-13,0.23573999106884003,9.443000548170488e-11,0.006256000138819218,4.5196959781550194e-13
radial,1,29.585686408811146,0.007199999876320362,0.21301694214344025,291.0,1.3125187514530928e-13,0.23573999106884003,6.945757857756973e-11,0.006256000138819218,3.392156889582554e-13
radial,1,30.000000778171753,0.007199999876320362,0.2160000056028366,291.0,1.192628488371275e-13,0.23574000597000122,2.5296265082630498e-11,0.006256000138819218,4.589774198725249e-13
radial,2,0.0,0.014399999752640724,0.0,304.778076171875,0.15565963089466095,0.1949026882648468,0.0009109176462516189,0.000990908476524055,0.00019227310258429497
radial,2,0.041666668645727135,0.014399999752640724,0.0003000000142492354,305.3306884765625,0.15563146770000458,0.19483523070812225,0.0009491510572843254,0.0010325572220608592,0.00020037757349200547
radial,2,0.08333333729145427,0.014399999752640724,0.0006000000284984708,307.0794372558594,0.15554331243038177,0.19462323188781738,0.0010692684445530176,0.0011634131660684943,0.00022584407997783273
radial,2,0.12499999785278407,0.014399999752640724,0.0008999999845400453,310.29254150390625,0.15538467466831207,0.1942388266324997,0.0012869163183495402,0.0014005486154928803,0.0002720043412409723
radial,2,0.16666667458290854,0.014399999752640724,0.0012000000569969416,315.4726867675781,0.15513640642166138,0.19363047182559967,0.00163103302475065,0.0017755406443029642,0.0003450201766099781
radial,2,0.20833333514423835,0.014399999752640724,0.001500000013038516,323.5075988769531,0.15476498007774353,0.19270732998847961,0.0021525672636926174,0.0023439782671630383,0.00045573481475003064
radial,2,0.24999999570556813,0.014399999752640724,0.0017999999690800905,335.9231872558594,0.154213547706604,0.191313698887825,0.0029388100374490023,0.0032010909635573626,0.0006227125995792449
radial,2,0.2916666562668979,0.014399999752640724,0.002099999925121665,355.3398742675781,0.15338537096977234,0.18918152153491974,0.004139970988035202,0.004510705824941397,0.0008778583141975105
radial,2,0.3333333491658171,0.014399999752640724,0.002400000113993883,386.191650390625,0.15211598575115204,0.1858496367931366,0.006014356389641762,0.006554402410984039,0.0012759100645780563
radial,2,0.3750000097271469,0.014399999752640724,0.0027000000700354576,435.2601623535156,0.15014563500881195,0.18058043718338013,0.00897515844553709,0.009782081469893456,0.0019039991311728954
radial,2,0.4166666702884767,0.014399999752640724,0.003000000026077032,510.8690185546875,0.14712214469909668,0.17236632108688354,0.013587973080575466,0.01480772253125906,0.0028799097053706646
radial,2,0.4583333308498065,0.014399999752640724,0.0032999999821186066,619.809326171875,0.14267155528068542,0.160152867436409,0.020450111478567123,0.02227330580353737,0.004323005676269531
radial,2,0.49999999141113627,0.014399999752640724,0.003599999938160181,763.0619506835938,0.13655723631381989,0.14336057007312775,0.029909871518611908,0.032531265169382095,0.006285869982093573
radial,2,0.5347222193247743,0.014399999752640724,0.0038499999791383743,909.9815063476562,0.1299385279417038,0.12537546455860138,0.04010293260216713,0.043513089418411255,0.008345345966517925
radial,2,0.5617283750325441,0.014399999752640724,0.004044444300234318,1046.369384765625,0.1234700158238411,0.10815925151109695,0.049960192292928696,0.05401993542909622,0.010249057784676552
radial,2,0.5887345954154929,0.014399999752640724,0.0042388890869915485,1199.9000244140625,0.11580677330493927,0.08843442052602768,0.06145823374390602,0.06604340672492981,0.012289319187402725
radial,2,0.6157407511232628,0.014399999752640724,0.004433333408087492,1359.942626953125,0.10733062028884888,0.0678059533238411,0.07391747087240219,0.07857611775398254,0.014115037396550179
radial,2,0.6427469068310327,0.014399999752640724,0.0046277777291834354,1512.9912109375,0.09860368072986603,0.04847154766321182,0.08648798614740372,0.09021252393722534,0.015173635445535183
radial,2,0.6697530625388026,0.014399999752640724,0.004822222050279379,1642.5260009765625,0.0903950035572052,0.03303634002804756,0.09814034402370453,0.09927748143672943,0.01481651421636343
radial,2,0.6967592829217514,0.014399999752640724,0.00501666683703661,1744.2593994140625,0.08293771743774414,0.02214781753718853,0.10817046463489532,0.10546549409627914,0.013252295553684235
radial,2,0.7237654386295213,0.014399999752640724,0.005211111158132553,1825.32275390625,0.07594821602106094,0.014664609916508198,0.11639542877674103,0.10966920852661133,0.01128922775387764
radial,2,0.7507715943372912,0.014399999752640724,0.0054055554792284966,1891.5609130859375,0.0692230835556984,0.009633033536374569,0.12293042987585068,0.11256188154220581,0.009375269524753094
radial,2,0.7777777500450611,0.014399999752640724,0.00559999980032444,1947.301025390625,0.06263484060764313,0.006347065791487694,0.12798988819122314,0.1146065816283226,0.007731858640909195
radial,2,0.8047839704280099,0.014399999752640724,0.005794444587081671,1995.4749755859375,0.056117575615644455,0.004325243178755045,0.1317831128835678,0.11610107123851776,0.006455248687416315
radial,2,0.8317901261357797,0.014399999752640724,0.005988888908177614,2037.88818359375,0.04964297637343407,0.0032650178764015436,0.13447539508342743,0.11722326278686523,0.005576563533395529
radial,2,0.8587962818435497,0.014399999752640724,0.006183333229273558,2075.4072265625,0.04320734366774559,0.0030075153335928917,0.1361788809299469,0.11806026101112366,0.005090211518108845
radial,2,0.8858024375513196,0.014399999752640724,0.006377777550369501,2107.936279296875,0.036830004304647446,0.0035245695617049932,0.1369321644306183,0.1186228021979332,0.004978067707270384
radial,2,0.9128086579342684,0.014399999752640724,0.006572222337126732,2134.329833984375,0.030557988211512566,0.004915716126561165,0.136699378490448,0.11884685605764389,0.005211377516388893
radial,2,0.9398148136420382,0.014399999752640724,0.006766666658222675,2152.2373046875,0.024477887898683548,0.00741473026573658,0.135389044880867,0.11858215183019638,0.005729904863983393
radial,2,0.9668209693498082,0.014399999752640724,0.006961110979318619,2157.760009765625,0.018735405057668686,0.011415188200771809,0.13286356627941132,0.11756838113069534,0.0064177364110946655
radial,2,0.9938271897327569,0.014399999752640724,0.0071555557660758495,2145.088134765625,0.013561421073973179,0.017497902736067772,0.12897779047489166,0.1154012531042099,0.007052748929709196
radial,2,1.0208333454405267,0.014399999752640724,0.007350000087171793,2106.334228515625,0.009302489459514618,0.026432637125253677,0.12366247177124023,0.11150363832712173,0.007231955882161856
radial,2,1.0478395011482968,0.014399999752640724,0.0075444444082677364,2037.789306640625,0.006201083771884441,0.03842426463961601,0.11706668883562088,0.10564817488193512,0.006688228342682123
radial,2,1.0748456568560667,0.014399999752640724,0.00773888872936368,1946.6932373046875,0.004119175486266613,0.05237964913249016,0.10961034893989563,0.09849981218576431,0.005678240209817886
radial,2,1.1018518772390153,0.014399999752640724,0.00793333351612091,1844.75439453125,0.0027479135897010565,0.06680205464363098,0.10182857513427734,0.09100189059972763,0.004602164961397648
radial,2,1.1288580329467852,0.014399999752640724,0.008127777837216854,1740.829345703125,0.0018549360102042556,0.08068180084228516,0.0941866859793663,0.08376559615135193,0.0036451101768761873
radial,2,1.1558641886545553,0.014399999752640724,0.008322222158312798,1640.7498779296875,0.0012754061026498675,0.09345030784606934,0.08700539916753769,0.07712354511022568,0.0028658790979534388
radial,2,1.1828703443623252,0.014399999752640724,0.008516666479408741,1547.72509765625,0.0008977582328952849,0.1048760935664177,0.08045448362827301,0.07120645046234131,0.0022605573758482933
radial,2,1.209876500070095,0.014399999752640724,0.008711110800504684,1462.7491455078125,0.0006483127945102751,0.11498226970434189,0.07456453889608383,0.06600077450275421,0.001799565041437745
radial,2,1.236882655777865,0.014399999752640724,0.008905555121600628,1385.1942138671875,0.0004793904081452638,0.12395678460597992,0.06926295906305313,0.06140383332967758,0.0014477657387033105
radial,2,1.2638889408359926,0.014399999752640724,0.009100000374019146,1315.1483154296875,0.0003635228204075247,0.13185644149780273,0.06454545259475708,0.05737924203276634,0.0011805561371147633
radial,2,1.3124999693698354,0.014399999752640724,0.009449999779462814,1205.6109619140625,0.0002309951960342005,0.14389188587665558,0.05727990344166756,0.051288336515426636,0.0008412786992266774
radial,2,1.3397436123341322,0.014399999752640724,0.009646154008805752,1151.2647705078125,0.00018381107656750828,0.14972326159477234,0.05372649058699608,0.048356764018535614,0.0007063850061967969
radial,2,1.3669871259480715,0.014399999752640724,0.009842307306826115,1100.485595703125,0.00014800469216424972,0.15507888793945312,0.0504470095038414,0.045675162225961685,0.0005971554783172905
radial,2,1.3942307689123683,0.014399999752640724,0.010038461536169052,1052.9564208984375,0.00012033829989377409,0.16002491116523743,0.047406233847141266,0.043207570910453796,0.0005076219094917178
radial,2,1.4214744118766653,0.014399999752640724,0.01023461576551199,1008.3906860351562,9.867867629509419e-05,0.16460546851158142,0.044580813497304916,0.04092973470687866,0.0004336138954386115
radial,2,1.4487179254906046,0.014399999752640724,0.010430769063532352,966.3993530273438,8.146149048116058e-05,0.1688726395368576,0.04194139689207077,0.03881392627954483,0.0003717594954650849
radial,2,1.4759615684549015,0.014399999752640724,0.01062692329287529,926.685546875,6.760508404113352e-05,0.1728653460741043,0.03946593403816223,0.03683939203619957,0.00031960735213942826
radial,2,1.5032050820688407,0.014399999752640724,0.010823076590895653,889.0213623046875,5.6340282753808424e-05,0.17661382257938385,0.03713720291852951,0.034990016371011734,0.00027532794047147036
radial,2,1.5304487250331376,0.014399999752640724,0.01101923082023859,853.2321166992188,4.7106681449804455e-05,0.1801423281431198,0.03494127467274666,0.03325287997722626,0.00023752461129333824
radial,2,1.5576923679974344,0.014399999752640724,0.011215385049581528,819.1912231445312,3.949004894820973e-05,0.1834697425365448,0.03286730498075485,0.031617917120456696,0.00020512139599304646
radial,2,1.5849358816113737,0.014399999752640724,0.01141153834760189,786.8079223632812,3.3178577723447233e-05,0.18661077320575714,0.030906839296221733,0.030077261850237846,0.0001772754330886528
radial,2,1.6121795245756707,0.014399999752640724,0.011607692576944828,755.9137573242188,2.791612314467784e-05,0.1895872950553894,0.029046766459941864,0.02861964702606201,0.0001532350288471207
radial,2,1.63942303818961,0.014399999752640724,0.011803845874965191,726.1497802734375,2.3473256078432314e-05,0.19243936240673065,0.02726249024271965,0.027225041761994362,0.00013224563736002892
radial,2,1.6666666811539068,0.014399999752640724,0.012000000104308128,697.4466552734375,1.9712320863618515e-05,0.19517403841018677,0.02554994262754917,0.025889640673995018,0.00011389546853024513
radial,2,1.722222271685799,0.014399999752640724,0.012400000356137753,643.3157348632812,1.37808647195925e-05,0.20030373334884644,0.022333482280373573,0.02338906191289425,8.37266561575234e-05
radial,2,1.7777777328673336,0.014399999752640724,0.012799999676644802,594.7728881835938,9.634227353672031e-06,0.2048896700143814,0.019453544169664383,0.021158328279852867,6.139108154457062e-05
radial,2,1.833333323399226,0.014399999752640724,0.013199999928474426,550.8543090820312,6.700770427414682e-06,0.20903831720352173,0.01684487983584404,0.01914398744702339,4.4713458919432014e-05
radial,2,1.8888889139311182,0.014399999752640724,0.01360000018030405,511.26983642578125,4.629609975381754e-06,0.21279272437095642,0.014481575228273869,0.01732392981648445,3.231656955904327e-05
radial,2,1.9444445044630103,0.014399999752640724,0.014000000432133675,475.8070983886719,3.1768151984579163e-06,0.21618308126926422,0.012345535680651665,0.015682613477110863,2.3179569325293414e-05
radial,2,1.999999965644545,0.014399999752640724,0.014399999752640724,444.1534729003906,2.1629748516716063e-06,0.2192445546388626,0.01041527558118105,0.014202285557985306,1.6490861526108347e-05
radial,2,2.0555555561764374,0.014399999752640724,0.014800000004470348,416.0476989746094,1.4604561329178978e-06,0.22200459241867065,0.008674032986164093,0.012869125232100487,1.1636298040684778e-05
radial,2,2.1111111467083297,0.014399999752640724,0.015200000256299973,391.3117980957031,9.78650064098474e-07,0.22447985410690308,0.007111704908311367,0.011674636974930763,8.154323040798772e-06
radial,2,2.1666666078898644,0.014399999752640724,0.015599999576807022,369.829833984375,6.527104119413707e-07,0.22667810320854187,0.0057237050496041775,0.010614711791276932,5.69502662983723e-06
radial,2,2.2222223277721143,0.014399999752640724,0.01600000075995922,351.5069885253906,4.3578782538133964e-07,0.22860214114189148,0.004508509766310453,0.009687697514891624,3.989778178947745e-06
radial,2,2.2777777889536486,0.014399999752640724,0.01640000008046627,336.2744140625,2.9432939641083067e-07,0.23024863004684448,0.0034684063866734505,0.008894942700862885,2.8341844426904572e-06
radial,2,2.3333332501351833,0.014399999752640724,0.01679999940097332,324.0809020996094,2.044895950348291e-07,0.2316080778837204,0.002609523478895426,0.008240791969001293,2.073468749586027e-06
radial,2,2.388888970017433,0.014399999752640724,0.01720000058412552,314.8269348144531,1.4914235180185642e-07,0.23267219960689545,0.0019371812231838703,0.007729025557637215,1.5881545323281898e-06
radial,2,2.444444431198968,0.014399999752640724,0.01759999990463257,308.2880554199219,1.1591960458190442e-07,0.23344530165195465,0.0014487112639471889,0.007357396185398102,1.2854012538809911e-06
radial,2,2.4999998923805027,0.014399999752640724,0.017999999225139618,304.0666198730469,9.617457408239716e-08,0.23395514488220215,0.001126599032431841,0.007112419698387384,1.0967708021780709e-06
radial,2,2.5555556122627525,0.014399999752640724,0.018400000408291817,301.5712585449219,8.41959746367138e-08,0.23426051437854767,0.0009337021037936211,0.0069657498970627785,9.759332897374406e-07
radial,2,2.611111073444287,0.014399999752640724,0.018799999728798866,300.0987548828125,7.6239551560775e-08,0.2344421148300171,0.000819024455267936,0.006878566928207874,8.914552722671942e-07
radial,2,2.6666667933265367,0.014399999752640724,0.019200000911951065,299.0496826171875,6.977852251566219e-08,0.2345726191997528,0.0007366292411461473,0.00681593082845211,8.202705998883175e-07
radial,2,2.7222222545080714,0.014399999752640724,0.019600000232458115,298.07000732421875,6.321745615878172e-08,0.2346961796283722,0.0006586321978829801,0.006756639573723078,7.463380029548716e-07
radial,2,2.777777715689606,0.014399999752640724,0.019999999552965164,297.0123291015625,5.5686673050558966e-08,0.23483243584632874,0.000572633056435734,0.0066912672482430935,6.601539439543558e-07
radial,2,2.888888896753391,0.014399999752640724,0.020800000056624413,294.9039306640625,3.9211929703242276e-08,0.23511600494384766,0.00039368605939671397,0.006555243395268917,4.6825442723275046e-07
radial,2,3.0000000778171754,0.014399999752640724,0.02160000056028366,293.0567932128906,2.2568340085626915e-08,0.23538661003112793,0.0002229472593171522,0.006425462197512388,2.7081219400315604e-07
radial,2,3.1111110001802444,0.014399999752640724,0.02239999920129776,291.69512939453125,8.250133909371016e-09,0.23561222851276398,8.0604906543158e-05,0.006317267660051584,9.929481592507727e-08
radial,2,3.222222181244029,0.014399999752640724,0.02319999970495701,291.1004943847656,1.2103922308881465e-09,0.23572158813476562,1.1617803465924226e-05,0.006264830473810434,1.4614549570524105e-08
radial,2,3.3333333623078136,0.014399999752640724,0.024000000208616257,291.0076599121094,8.35817109967607e-11,0.23573875427246094,7.868847546887991e-07,0.006256598047912121,1.0126403049426358e-09
radial,2,3.444444543371598,0.014399999752640724,0.024800000712275505,291.00048828125,4.632292813222527e-12,0.23573993146419525,4.283572607732822e-08,0.006256032735109329,5.630545335533199e-11
radial,2,3.5555554657346673,0.014399999752640724,0.025599999353289604,291.0000305175781,2.5377031205586764e-13,0.23573999106884003,2.3052988407101793e-09,0.00625600153580308,3.0866776148941177e-12
radial,2,3.666666646798452,0.014399999752640724,0.026399999856948853,291.0,1.4307468987231724e-14,0.23574000597000122,1.2464360099606608e-10,0.006256000138819218,1.6828567348230877e-13
radial,2,3.7777778278622365,0.014399999752640724,0.0272000003606081,291.0,1.1917863682151149e-15,0.23574000597000122,6.880304919548719e-12,0.006256000138819218,8.257063517083316e-15
radial,2,3.8888890089260206,0.014399999752640724,0.02800000086426735,291.0,5.147293224313479e-16,0.23574000597000122,4.765251236139856e-13,0.006256000138819218,1.9444253417875754e-17
radial,2,3.99999993128909,0.014399999752640724,0.02879999950528145,291.0,5.080772550592047e-16,0.23574000597000122,1.2844670531191038e-13,0.006256000138819218,3.638505711956896e-18
radial,2,4.111111112352875,0.014399999752640724,0.029600000008940697,291.0,5.542900491724192e-16,0.23574000597000122,1.165331665799879e-13,0.006256000138819218,5.063454184435657e-18
radial,2,4.222222293416659,0.014399999752640724,0.030400000512599945,291.0,6.259994879100539e-16,0.23574000597000122,1.2906269477620802e-13,0.006256000138819218,6.9267459294312746e-18
radial,2,4.333333215779729,0.014399999752640724,0.031199999153614044,291.0,7.211536868969443e-16,0.23574000597000122,1.4955117493779119e-13,0.006256000138819218,9.282232886362789e-18
radial,2,4.4444446555442285,0.014399999752640724,0.03200000151991844,291.0,8.366602876613426e-16,0.23574000597000122,1.7716669873778929e-13,0.006256000138819218,1.2178294781306896e-17
radial,2,4.555555577907297,0.014399999752640724,0.03280000016093254,291.0,9.655564676185817e-16,0.23574000597000122,2.1111855753180864e-13,0.006256000138819218,1.564055270655681e-17
radial,2,4.666666500270367,0.014399999752640724,0.03359999880194664,291.0,1.093849877754731e-15,0.23574000597000122,2.49394634718042e-13,0.006256000138819218,1.9643536116690804e-17
radial,2,4.777777940034866,0.014399999752640724,0.03440000116825104,291.0,1.195709083672968e-15,0.23574000597000122,2.8648459472757626e-13,0.006256000138819218,2.407572700306631e-17
radial,2,4.888888862397936,0.014399999752640724,0.03519999980926514,291.0,1.232227850402653e-15,0.23574000597000122,3.111636653636146e-13,0.006256000138819218,2.8704351778227236e-17
radial,2,4.999999784761005,0.014399999752640724,0.035999998450279236,291.0,1.1760498724836693e-15,0.23574000597000122,3.1177363750585496e-13,0.006256000138819218,3.42453402254219e-17
radial,2,5.111111224525505,0.014399999752640724,0.03680000081658363,291.0,1.0151577640977278e-15,0.23574000597000122,2.8032041748601855e-13,0.006256000138819218,4.2531307683039084e-17
radial,2,5.222222146888574,0.014399999752640724,0.03759999945759773,291.0,7.610031989334701e-16,0.23574000597000122,2.1609344630531269e-13,0.006256000138819218,4.773524980912044e-17
radial,2,5.333333586653073,0.014399999752640724,0.03840000182390213,291.0,4.811137611283769e-16,0.23574000597000122,1.385888203243174e-13,0.006256000138819218,4.455689433216914e-17
radial,2,5.444444509016143,0.014399999752640724,0.03920000046491623,291.0,2.4398254650068087e-16,0.23574000597000122,7.052735132018206e-14,0.006256000138819218,3.5403485727224744e-17
radial,2,5.555555431379212,0.014399999752640724,0.03999999910593033,291.0,1.1348082882681106e-16,0.23574000597000122,3.246813489723652e-14,0.006256000138819218,2.5176686200400915e-17
radial,2,5.969868248535527,0.014399999752640724,0.042983051389455795,291.0,6.556557376305112e-18,0.23574000597000122,1.8660788043381622e-15,0.006256000138819218,6.3411446555452775e-18
radial,2,6.384180548290412,0.014399999752640724,0.045966099947690964,291.0,2.5817069991895074e-18,0.23574000597000122,9.252586633947215e-16,0.006256000138819218,3.860969733848438e-18
radial,2,6.798493365446727,0.014399999752640724,0.04894915223121643,291.0,3.597489961283454e-18,0.23574000597000122,1.2819428610549681e-15,0.006256000138819218,4.954505398775685e-18
radial,2,7.212806182603042,0.014399999752640724,0.0519322045147419,291.0,5.326823941979172e-18,0.23574000597000122,1.860654193585709e-15,0.006256000138819218,8.116558386624487e-18
radial,2,7.627118482357926,0.014399999752640724,0.054915253072977066,291.0,7.58311622703394e-18,0.23574000597000122,2.6786671567923664e-15,0.006256000138819218,1.3922793050582242e-17
radial,2,8.04143129951424,0.014399999752640724,0.05789830535650253,291.0,1.0552326530726723e-17,0.23574000597000122,3.833275978403069e-15,0.006256000138819218,2.368044716682927e-17
radial,2,8.455744116670555,0.014399999752640724,0.060881357640028,291.0,1.4247257954578617e-17,0.23574000597000122,5.508389087200381e-15,0.006256000138819218,3.941191033142811e-17
radial,2,8.87005693382687,0.014399999752640724,0.06386440992355347,291.0,1.8479908061787958e-17,0.23574000597000122,7.975457249373256e-15,0.006256000138819218,6.474488238240357e-17
radial,2,9.284369233581755,0.014399999752640724,0.06684745848178864,291.0,2.346157848547019e-17,0.23574000597000122,1.1618192742774997e-14,0.006256000138819218,1.0659211500758375e-16
radial,2,9.69868153333664,0.014399999752640724,0.0698305070400238,291.0,3.171240400194367e-17,0.23574000597000122,1.7128269966639256e-14,0.006256000138819218,1.7568200509416096e-16
radial,2,10.112993833091524,0.014399999752640724,0.07281355559825897,291.0,4.5039339152634566e-17,0.23574000597000122,2.5454151522555195e-14,0.006256000138819218,2.847510363454184e-16
radial,2,10.527307167649269,0.014399999752640724,0.07579661160707474,291.0,6.578918136213952e-17,0.23574000597000122,3.839178527496011e-14,0.006256000138819218,4.624033856586807e-16
radial,2,10.941619467404154,0.014399999752640724,0.0787796601653099,291.0,9.958323500640964e-17,0.23574000597000122,5.800526346137064e-14,0.006256000138819218,7.462198799654816e-16
radial,2,11.355931767159039,0.014399999752640724,0.08176270872354507,291.0,1.5871147500279444e-16,0.23574000597000122,8.812371541039657e-14,0.006256000138819218,1.2096298584028556e-15
radial,2,11.770245101716784,0.014399999752640724,0.08474576473236084,291.0,2.6000870103030785e-16,0.23574000597000122,1.3330123409174138e-13,0.006256000138819218,1.9394625625147226e-15
radial,2,12.184557401471668,0.014399999752640724,0.08772881329059601,291.0,4.3350407733624204e-16,0.23574000597000122,2.0127755256775515e-13,0.006256000138819218,3.105164762877378e-15
radial,2,12.598869701226553,0.014399999752640724,0.09071186184883118,291.0,7.271801145584218e-16,0.23574000597000122,3.0232343321487387e-13,0.006256000138819218,4.925300923672941e-15
radial,2,13.013183035784298,0.014399999752640724,0.09369491785764694,291.0,1.21126039682632e-15,0.23574000597000122,4.499015634866488e-13,0.006256000138819218,7.71992096171379e-15
radial,2,13.427495335539183,0.014399999752640724,0.09667796641588211,291.0,1.9946884754009925e-15,0.23574000597000122,6.655450929954343e-13,0.006256000138819218,1.1945482038429323e-14
radial,2,13.841807635294067,0.014399999752640724,0.09966101497411728,291.0,3.2825448969772165e-15,0.23574000597000122,9.707108164155875e-13,0.006256000138819218,1.8102938920583518e-14
radial,2,14.256120969851812,0.014399999752640724,0.10264407098293304,291.0,5.3215598770574475e-15,0.23574000597000122,1.403533539390267e-12,0.006256000138819218,2.6952456244492065e-14
radial,2,14.670433269606697,0.014399999752640724,0.10562711954116821,291.0,8.331539736003597e-15,0.23574000597000122,1.994911397532051e-12,0.006256000138819218,3.9228450538940016e-14
radial,2,15.084745569361582,0.014399999752640724,0.10861016809940338,291.0,1.266321371221936e-14,0.23574000597000122,2.8026749757797953e-12,0.006256000138819218,5.618632458164602e-14
radial,2,15.499057869116466,0.014399999752640724,0.11159321665763855,291.0,1.8725475949563433e-14,0.23574000597000122,3.876525836443712e-12,0.006256000138819218,7.935745973113723e-14
radial,2,15.913371203674211,0.014399999752640724,0.11457627266645432,291.0,2.7023571436677642e-14,0.23574000597000122,5.297475132171048e-12,0.006256000138819218,1.1067888142438087e-13
radial,2,16.327683503429096,0.014399999752640724,0.11755932122468948,291.0,3.8179783092657724e-14,0.23574000597000122,7.149032234254893e-12,0.006256000138819218,1.527480399110548e-13
radial,2,16.74199580318398,0.014399999752640724,0.12054236978292465,291.0,5.281070516332566e-14,0.23574000597000122,9.527966089717399e-12,0.006256000138819218,2.0774739350679083e-13
radial,2,17.156309137741726,0.014399999752640724,0.12352542579174042,291.0,7.167821837374827e-14,0.23574000597000122,1.2558189731171066e-11,0.006256000138819218,2.784159079498305e-13
radial,2,17.57062143749661,0.014399999752640724,0.12650847434997559,291.0,9.54405757441594e-14,0.23574000597000122,1.6351628384647654e-11,0.006256000138819218,3.665971877193225e-13
radial,2,17.984933737251495,0.014399999752640724,0.12949152290821075,291.0,1.2484241071475388e-13,0.23574000597000122,2.1088089607879112e-11,0.006256000138819218,4.743245184644918e-13
radial,2,18.399246037006378,0.014399999752640724,0.13247457146644592,291.0,1.6054055329041417e-13,0.23574000597000122,2.6971248151541616e-11,0.006256000138819218,6.031094135390547e-13
radial,2,18.813558336761265,0.014399999752640724,0.1354576200246811,291.0,2.031880116633647e-13,0.23574000597000122,3.433471562619417e-11,0.006256000138819218,7.54949271500327e-13
radial,2,19.227872706121868,0.014399999752640724,0.13844068348407745,291.0,2.534741351273989e-13,0.23574000597000122,4.3644841213330565e-11,0.006256000138819218,9.32366813963248e-13
radial,2,19.642185005876755,0.014399999752640724,0.14142373204231262,291.0,3.1212955397402764e-13,0.23573999106884003,5.551211920695742e-11,0.006256000138819218,1.1411964038685052e-12
radial,2,20.056497305631638,0.014399999752640724,0.1444067806005478,291.0,3.7987852880699835e-13,0.23573999106884003,7.080463992892305e-11,0.006256000138819218,1.388458141862725e-12
radial,2,20.470809605386524,0.014399999752640724,0.14738982915878296,291.0,4.573995262407982e-13,0.23573999106884003,9.096344510961529e-11,0.006256000138819218,1.6833629759224755e-12
radial,2,20.885121905141407,0.014399999752640724,0.15037287771701813,291.0,5.448146816501576e-13,0.23573999106884003,1.1788761633546585e-10,0.006256000138819218,2.0334949002442926e-12
radial,2,21.29943420489629,0.014399999752640724,0.1533559262752533,291.0,6.418884521131041e-13,0.23573999106884003,1.5228840410941302e-10,0.006256000138819218,2.4391842712301326e-12
radial,2,21.713748574256897,0.014399999752640724,0.15633898973464966,291.0,7.472157658242051e-13,0.23573999106884003,1.953426864709229e-10,0.006256000138819218,2.8953835856659893e-12
radial,2,22.128060874011783,0.014399999752640724,0.15932203829288483,291.0,8.592799323643707e-13,0.23573999106884003,2.477639204911952e-10,0.006256000138819218,3.3855036829510965e-12
radial,2,22.542373173766666,0.014399999752640724,0.16230508685112,291.0,9.751788135684003e-13,0.23573999106884003,3.103556855954537e-10,0.006256000138819218,3.88803919615377e-12
radial,2,22.956685473521553,0.014399999752640724,0.16528813540935516,291.0,1.092316341544386e-12,0.23573999106884003,3.823530103641559e-10,0.006256000138819218,4.3736221241874595e-12
radial,2,23.370997773276436,0.014399999752640724,0.16827118396759033,291.0,1.206374410089861e-12,0.23573999106884003,4.622864313574837e-10,0.006256000138819218,4.8073680453120105e-12
radial,2,23.78531007303132,0.014399999752640724,0.1712542325258255,291.0,1.3130434239894129e-12,0.23573999106884003,5.461009422447205e-10,0.006256000138819218,5.1486631798269844e-12
radial,2,24.199622372786205,0.014399999752640724,0.17423728108406067,291.0,1.4067808333170784e-12,0.23573999106884003,6.288545240096255e-10,0.006256000138819218,5.355587501254533e-12
radial,2,24.613936742146812,0.014399999752640724,0.17722034454345703,291.0,1.4824751669306746e-12,0.23573999106884003,7.038658544900045e-10,0.006256000604480505,5.395657878826121e-12
radial,2,25.028249041901695,0.014399999752640724,0.1802033931016922,291.0,1.5364941307119406e-12,0.23573999106884003,7.648456312736585e-10,0.006256000604480505,5.258933479662664e-12
radial,2,25.442561341656578,0.014399999752640724,0.18318644165992737,291.0,1.5667493344362349e-12,0.23573997616767883,8.071934232134481e-10,0.006256000604480505,4.969408565203004e-12
radial,2,25.856873641411465,0.014399999752640724,0.18616949021816254,291.0,1.5745635047539897e-12,0.23573997616767883,8.282179941865309e-10,0.006256000604480505,4.584201074298022e-12
radial,2,26.271185941166348,0.014399999752640724,0.1891525387763977,291.0,1.5613648611870201e-12,0.23573997616767883,8.292693753908509e-10,0.006256000604480505,4.1787029565754086e-12
radial,2,26.685498240921234,0.014399999752640724,0.19213558733463287,291.0,1.5300167816728605e-12,0.23573997616767883,8.129889539354451e-10,0.006256000604480505,3.823570800254306e-12
radial,2,27.099812610281838,0.014399999752640724,0.19511865079402924,291.0,1.4803056783835311e-12,0.23573997616767883,7.838319993069831e-10,0.006256000604480505,3.557910259813224e-12
radial,2,27.514124910036724,0.014399999752640724,0.1981016993522644,291.0,1.4102766263818234e-12,0.23573999106884003,7.443463623246771e-10,0.006256000604480505,3.376684999320534e-12
radial,2,27.928437209791607,0.014399999752640724,0.20108474791049957,291.0,1.3167007631778582e-12,0.23573999106884003,6.959724463406758e-10,0.006256000138819218,3.2381348036986113e-12
radial,2,28.342749509546493,0.014399999752640724,0.20406779646873474,291.0,1.192537821964601e-12,0.23573999106884003,6.352926518182755e-10,0.006256000138819218,3.0606689058187975e-12
radial,2,28.757061809301376,0.014399999752640724,0.2070508450269699,291.0,1.031051979905051e-12,0.23573999106884003,5.560703009166446e-10,0.006256000138819218,2.771128162007419e-12
radial,2,29.171374109056263,0.014399999752640724,0.21003389358520508,291.0,8.316385774476132e-13,0.23573999106884003,4.5533468662206644e-10,0.006256000138819218,2.318834577477724e-12
radial,2,29.585686408811146,0.014399999752640724,0.21301694214344025,291.0,5.982322926964545e-13,0.23573999106884003,3.3216648875900034e-10,0.006256000138819218,1.701763838353465e-12
radial,2,30.000000778171753,0.014399999752640724,0.2160000056028366,291.0,4.773951416472966e-13,0.23573999106884003,1.1410494077379596e-10,0.006256000138819218,2.0435818835762287e-12
radial,3,0.0,0.02160000056028366,0.0,331.2783203125,0.15447025001049042,0.19152021408081055,0.0028001698665320873,0.0030550959054380655,0.0005962475552223623
radial,3,0.041666668645727135,0.02160000056028366,0.0003000000142492354,332.4611511230469,0.15442325174808502,0.1913873851299286,0.002874430501833558,0.003136174753308296,0.0006120827747508883
radial,3,0.08333333729145427,0.02160000056028366,0.0006000000284984708,336.1712646484375,0.1542765498161316,0.19097185134887695,0.003106725635007024,0.0033897992689162493,0.0006616158643737435
radial,3,0.12499999785278407,0.02160000056028366,0.0008999999845400453,342.8103332519531,0.15401659905910492,0.19023217260837555,0.0035200875718146563,0.003841118887066841,0.0007497532642446458
radial,3,0.16666667458290854,0.02160000056028366,0.0012000000569969416,353.0507507324219,0.15362119674682617,0.18909965455532074,0.004152719397097826,0.004531843587756157,0.0008846272248774767
radial,3,0.20833333514423835,0.02160000056028366,0.001500000013038516,368.01629638671875,0.15305264294147491,0.1874578595161438,0.0050693703815341,0.005532648880034685,0.0010800076415762305
radial,3,0.24999999570556813,0.02160000056028366,0.0017999999690800905,389.42095947265625,0.15225253999233246,0.18512579798698425,0.006370695773512125,0.006953357718884945,0.0013572641182690859
radial,3,0.2916666562668979,0.02160000056028366,0.002099999925121665,419.7217102050781,0.1511346995830536,0.18183556199073792,0.008205759339034557,0.008956500329077244,0.0017479518428444862
radial,3,0.3333333491658171,0.02160000056028366,0.002400000113993883,462.2119445800781,0.14957717061042786,0.17720741033554077,0.010786069557070732,0.01177238766103983,0.002296605845913291
radial,3,0.3750000097271469,0.02160000056028366,0.0027000000700354576,520.8071899414062,0.14742016792297363,0.17074498534202576,0.014388708397746086,0.015701936557888985,0.0030609334353357553
radial,3,0.4166666702884767,0.02160000056028366,0.003000000026077032,599.4415283203125,0.1444731205701828,0.16186495125293732,0.019341330975294113,0.021098781377077103,0.004107451532036066
radial,3,0.4583333308498065,0.02160000056028366,0.0032999999821186066,701.0433959960938,0.14054006338119507,0.1499941051006317,0.025971485301852226,0.028310295194387436,0.005497864913195372
radial,3,0.49999999141113627,0.02160000056028366,0.003599999938160181,825.7949829101562,0.13549506664276123,0.13483671844005585,0.03446558490395546,0.03751514479517937,0.0072524575516581535
radial,3,0.5347222193247743,0.02160000056028366,0.0038499999791383743,949.1305541992188,0.1302664428949356,0.11931518465280533,0.043218258768320084,0.04693716764450073,0.00901124905794859
radial,3,0.5617283750325441,0.02160000056028366,0.004044444300234318,1061.533935546875,0.12529277801513672,0.1048172265291214,0.05147247016429901,0.055731818079948425,0.010599127039313316
radial,3,0.5887345954154929,0.02160000056028366,0.0042388890869915485,1187.744873046875,0.11946436762809753,0.08827660977840424,0.061039164662361145,0.06575140357017517,0.012304375879466534
radial,3,0.6157407511232628,0.02160000056028366,0.004433333408087492,1321.7703857421875,0.11295502632856369,0.07057633250951767,0.07158222049474716,0.07643790543079376,0.01390673778951168
radial,3,0.6427469068310327,0.02160000056028366,0.0046277777291834354,1455.49462890625,0.10604950040578842,0.0530453696846962,0.08264009654521942,0.08693678677082062,0.015034963376820087
radial,3,0.6697530625388026,0.02160000056028366,0.004822222050279379,1575.2308349609375,0.09932750463485718,0.0378713421523571,0.09343135356903076,0.09583008289337158,0.01508293580263853
radial,3,0.6967592829217514,0.02160000056028366,0.00501666683703661,1673.137939453125,0.09312368929386139,0.02631155587732792,0.10322066396474838,0.10237712413072586,0.013941338285803795
radial,3,0.7237654386295213,0.02160000056028366,0.005211111158132553,1751.8739013671875,0.08730707317590714,0.01796640269458294,0.11161720752716064,0.10698027163743973,0.012170042842626572
radial,3,0.7507715943372912,0.02160000056028366,0.0054055554792284966,1816.018310546875,0.08169694244861603,0.012100539170205593,0.11853974312543869,0.11020556092262268,0.010259144008159637
radial,3,0.7777777500450611,0.02160000056028366,0.00559999980032444,1869.5301513671875,0.07616996765136719,0.008066980168223381,0.12409355491399765,0.11250069737434387,0.00848819687962532
radial,3,0.8047839704280099,0.02160000056028366,0.005794444587081671,1915.447021484375,0.07066068053245544,0.005361482501029968,0.12845022976398468,0.11418729275465012,0.006996777839958668
radial,3,0.8317901261357797,0.02160000056028366,0.005988888908177614,1955.934814453125,0.06514405459165573,0.0036175346467643976,0.1317850649356842,0.1154828891158104,0.005841516423970461
radial,3,0.8587962818435497,0.02160000056028366,0.006183333229273558,1992.5126953125,0.05961596593260765,0.0025782291777431965,0.13426615297794342,0.11652646213769913,0.00502276886254549
radial,3,0.8858024375513196,0.02160000056028366,0.006377777550369501,2026.34033203125,0.054083503782749176,0.0020604627206921577,0.1360798329114914,0.11739863455295563,0.004484131932258606
radial,3,0.9128086579342684,0.02160000056028366,0.006572222337126732,2058.08642578125,0.04856033995747566,0.0019561622757464647,0.13736587762832642,0.11813805997371674,0.0041663567535579205
radial,3,0.9398148136420382,0.02160000056028366,0.006766666658222675,2087.691650390625,0.043066076934337616,0.0022429984528571367,0.13814730942249298,0.1187518835067749,0.004060153849422932
radial,3,0.9668209693498082,0.02160000056028366,0.006961110979318619,2114.500244140625,0.03762809932231903,0.002965075196698308,0.13836906850337982,0.11921918392181396,0.004184245597571135
radial,3,0.9938271897327569,0.02160000056028366,0.0071555557660758495,2137.53076171875,0.03228442370891571,0.0042060199193656445,0.13797685503959656,0.11948924511671066,0.0045338585041463375
radial,3,1.0208333454405267,0.02160000056028366,0.007350000087171793,2155.44775390625,0.027087194845080376,0.0060903653502464294,0.1369294375181198,0.11947695910930634,0.005069315899163485
radial,3,1.0478395011482968,0.02160000056028366,0.0075444444082677364,2166.291015625,0.022108223289251328,0.008806489408016205,0.1351621448993683,0.1190551295876503,0.0057333484292030334
radial,3,1.0748456568560667,0.02160000056028366,0.00773888872936368,2167.34228515625,0.017447492107748985,0.012617340311408043,0.13259731233119965,0.11804282665252686,0.0064354208298027515
radial,3,1.1018518772390153,0.02160000056028366,0.00793333351612091,2154.98388671875,0.013243097811937332,0.017872635275125504,0.12916184961795807,0.11619067192077637,0.007029294967651367
radial,3,1.1288580329467852,0.02160000056028366,0.008127777837216854,2124.630615234375,0.009683458134531975,0.025011803954839706,0.12481938302516937,0.1131681352853775,0.007282928563654423
radial,3,1.1558641886545553,0.02160000056028366,0.008322222158312798,2072.96875,0.006934951059520245,0.034296199679374695,0.11962570995092392,0.10874700546264648,0.006986240856349468
radial,3,1.1828703443623252,0.02160000056028366,0.008516666479408741,2002.8297119140625,0.004948657937347889,0.04526100307703018,0.11375904083251953,0.1032073050737381,0.006247129291296005
radial,3,1.209876500070095,0.02160000056028366,0.008711110800504684,1920.3907470703125,0.0035253185778856277,0.057118602097034454,0.10742869973182678,0.09707245975732803,0.005341670475900173
radial,3,1.236882655777865,0.02160000056028366,0.008905555121600628,1829.6788330078125,0.0025014113634824753,0.06942329555749893,0.10077133774757385,0.09064457565546036,0.004417731426656246
radial,3,1.2638889408359926,0.02160000056028366,0.009100000374019146,1735.3299560546875,0.0017737779999151826,0.08161474764347076,0.09405448287725449,0.08425676077604294,0.0035672832746058702
radial,3,1.3124999693698354,0.02160000056028366,0.009449999779462814,1572.9234619140625,0.0009548883535899222,0.1016421914100647,0.0827379822731018,0.07378031313419342,0.0023619115818291903
radial,3,1.3397436123341322,0.02160000056028366,0.009646154008805752,1487.217529296875,0.0006822581053711474,0.11179161071777344,0.07685602456331253,0.06849247217178345,0.00185841741040349
radial,3,1.3669871259480715,0.02160000056028366,0.009842307306826115,1404.5224609375,0.00048695513396523893,0.12132645398378372,0.07124713808298111,0.06354273110628128,0.0014492172049358487
radial,3,1.3942307689123683,0.02160000056028366,0.010038461536169052,1326.78564453125,0.00034872963442467153,0.1300995647907257,0.06601923704147339,0.05900592729449272,0.0011256808647885919
radial,3,1.4214744118766653,0.02160000056028366,0.01023461576551199,1254.777587890625,0.00025148483109660447,0.13806775212287903,0.06121818721294403,0.05490151420235634,0.0008744978695176542
radial,3,1.4487179254906046,0.02160000056028366,0.010430769063532352,1188.413330078125,0.00018276892660651356,0.14528393745422363,0.0568295456469059,0.051198847591876984,0.0006806505843997002
radial,3,1.4759615684549015,0.02160000056028366,0.01062692329287529,1127.4884033203125,0.00013398593000601977,0.15180519223213196,0.052832528948783875,0.04786532372236252,0.000531646132003516
radial,3,1.5032050820688407,0.02160000056028366,0.010823076590895653,1071.6845703125,9.915908594848588e-05,0.15769387781620026,0.049199849367141724,0.04486604779958725,0.0004173017805442214
radial,3,1.5304487250331376,0.02160000056028366,0.01101923082023859,1020.595947265625,7.412174454657361e-05,0.16301588714122772,0.04589921236038208,0.042164769023656845,0.0003294858615845442
radial,3,1.5576923679974344,0.02160000056028366,0.011215385049581528,973.7794799804688,5.598074494628236e-05,0.1678352952003479,0.042897190898656845,0.039726633578538895,0.000261870794929564
radial,3,1.5849358816113737,0.02160000056028366,0.01141153834760189,930.7881469726562,4.272863588994369e-05,0.17221152782440186,0.04016147553920746,0.03751961141824722,0.00020961495465599
radial,3,1.6121795245756707,0.02160000056028366,0.011607692576944828,891.1390991210938,3.295493661426008e-05,0.17620491981506348,0.03765780106186867,0.03551161661744118,0.00016898805915843695
radial,3,1.63942303818961,0.02160000056028366,0.011803845874965191,854.1990356445312,2.56397597695468e-05,0.17989009618759155,0.03534187376499176,0.0336637943983078,0.00013702051364816725
radial,3,1.6666666811539068,0.02160000056028366,0.012000000104308128,819.6371459960938,2.0120660337852314e-05,0.18330298364162445,0.0331929549574852,0.0319569930434227,0.00011172315862495452
radial,3,1.722222271685799,0.02160000056028366,0.012400000356137753,756.3035278320312,1.2481076737458352e-05,0.18948346376419067,0.029293669387698174,0.02887677401304245,7.465360249625519e-05
radial,3,1.7777777328673336,0.02160000056028366,0.012799999676644802,701.0892944335938,7.96542371972464e-06,0.19480714201927185,0.025928257033228874,0.026235219091176987,5.094888183521107e-05
radial,3,1.833333323399226,0.02160000056028366,0.013199999928474426,651.9976806640625,5.19025979883736e-06,0.19949504733085632,0.02296110987663269,0.02391807734966278,3.5295648558530957e-05
radial,3,1.8888889139311182,0.02160000056028366,0.01360000018030405,607.8128662109375,3.4319780297664693e-06,0.20368970930576324,0.020304184406995773,0.021851692348718643,2.469783248670865e-05
radial,3,1.9444445044630103,0.02160000056028366,0.014000000432133675,567.763427734375,2.292784301971551e-06,0.2074824869632721,0.01790080964565277,0.0199887678027153,1.7393829693901353e-05
radial,3,1.999999965644545,0.02160000056028366,0.014399999752640724,531.34521484375,1.5424426464960561e-06,0.2109345942735672,0.015712857246398926,0.018297528848052025,1.2296466593397781e-05
radial,3,2.0555555561764374,0.02160000056028366,0.014800000004470348,498.19219970703125,1.0423083267596667e-06,0.21409045159816742,0.013712541200220585,0.01675492152571678,8.708798304724041e-06
radial,3,2.1111111467083297,0.02160000056028366,0.015200000256299973,467.99169921875,7.058299047457695e-07,0.21698646247386932,0.011876974254846573,0.015342151746153831,6.167784249555552e-06
radial,3,2.1666666078898644,0.02160000056028366,0.015599999576807022,440.50408935546875,4.781120992447541e-07,0.21965013444423676,0.010188807733356953,0.014045016840100288,4.362327217677375e-06
radial,3,2.2222223277721143,0.02160000056028366,0.01600000075995922,415.5576171875,3.2365164770453703e-07,0.22210091352462769,0.008635765872895718,0.012853436172008514,3.0798657917330274e-06
radial,3,2.2777777889536486,0.02160000056028366,0.01640000008046627,393.0420227050781,2.1906653557834943e-07,0.22435081005096436,0.007210231851786375,0.011761066503822803,2.172786253140657e-06
radial,3,2.3333332501351833,0.02160000056028366,0.01679999940097332,372.9067687988281,1.487351397599923e-07,0.2264043539762497,0.005909323692321777,0.010765297338366508,1.5372773987110122e-06
radial,3,2.388888970017433,0.02160000056028366,0.01720000058412552,355.1636047363281,1.0211245893287924e-07,0.22825759649276733,0.004735503811389208,0.009867681190371513,1.0996782293659635e-06
radial,3,2.444444431198968,0.02160000056028366,0.01759999990463257,339.8808898925781,7.201275309398625e-08,0.22989752888679504,0.00369696575216949,0.009074199944734573,8.071677370935504e-07
radial,3,2.4999998923805027,0.02160000056028366,0.017999999225139618,327.15643310546875,5.345358999875316e-08,0.23130366206169128,0.002806646516546607,0.008394488133490086,6.209184562067094e-07
radial,3,2.5555556122627525,0.02160000056028366,0.018400000408291817,317.0596618652344,4.283580778974283e-08,0.23245351016521454,0.0020787103567272425,0.007839127443730831,5.107410743221408e-07
radial,3,2.611111073444287,0.02160000056028366,0.018799999728798866,309.5305480957031,3.7351899351278917e-08,0.23333576321601868,0.0015202745562419295,0.0074133435264229774,4.5105610979589983e-07
radial,3,2.6666667933265367,0.02160000056028366,0.019200000911951065,304.3055114746094,3.471166110102786e-08,0.2339632362127304,0.0011231719981878996,0.0071107312105596066,4.1970429265347775e-07
radial,3,2.7222222545080714,0.02160000056028366,0.019600000232458115,300.9415588378906,3.32306733241694e-08,0.2343747764825821,0.00086276262300089,0.006912375800311565,4.001027491540299e-07
radial,3,2.777777715689606,0.02160000056028366,0.019999999552965164,299.008056640625,3.208318588576731e-08,0.2346140742301941,0.0007113843457773328,0.006797112058848143,3.8457568507510587e-07
radial,3,2.888888896753391,0.02160000056028366,0.020800000056624413,297.120361328125,2.9789369193622406e-08,0.23484960198402405,0.0005624277400784194,0.006683733779937029,3.554247882675554e-07
radial,3,3.0000000778171754,0.02160000056028366,0.02160000056028366,296.05523681640625,2.704723378599283e-08,0.23498456180095673,0.0004771205422002822,0.0066188303753733635,3.221950066745194e-07
radial,3,3.1111110001802444,0.02160000056028366,0.02239999920129776,295.0200500488281,2.3370640533926235e-08,0.23511944711208344,0.0003918917791452259,0.006554001476615667,2.781290220355004e-07
radial,3,3.222222181244029,0.02160000056028366,0.02319999970495701,293.91436767578125,1.8569712878502287e-08,0.23526962101459503,0.0002970313944388181,0.006481856107711792,2.2081277961660817e-07
radial,3,3.3333333623078136,0.02160000056028366,0.024000000208616257,292.86456298828125,1.3102187779168162e-08,0.23542089760303497,0.00020148992189206183,0.006409201771020889,1.5569813172078284e-07
radial,3,3.444444543371598,0.02160000056028366,0.024800000712275505,291.93463134765625,7.254776335230417e-09,0.2355685532093048,0.00010824495984707028,0.0063383011147379875,8.616523672344556e-08
radial,3,3.5555554657346673,0.02160000056028366,0.025599999353289604,291.29144287109375,2.4749839955262587e-09,0.23568300902843475,3.5981294786324725e-05,0.006283356808125973,2.9378769639265556e-08
radial,3,3.666666646798452,0.02160000056028366,0.026399999856948853,291.0447082519531,3.8999109497339646e-10,0.23573128879070282,5.498057362274267e-06,0.006260179914534092,4.625803295965625e-09
radial,3,3.7777778278622365,0.02160000056028366,0.0272000003606081,291.0044860839844,3.740250470452011e-11,0.23573918640613556,5.119243837725662e-07,0.00625638896599412,4.432589295610967e-10
radial,3,3.8888890089260206,0.02160000056028366,0.02800000086426735,291.0003967285156,3.1682601420862655e-12,0.23573993146419525,4.210345849742225e-08,0.006256031803786755,3.7409669112475896e-11
radial,3,3.99999993128909,0.02160000056028366,0.02879999950528145,291.0000305175781,2.691561708755008e-13,0.23573999106884003,3.4074842947262596e-09,0.006256002467125654,3.0798284929300923e-12
radial,3,4.111111112352875,0.02160000056028366,0.029600000008940697,291.0,2.931902564153911e-14,0.23574000597000122,2.757704065103894e-10,0.006256000138819218,2.3504497501970756e-13
radial,3,4.222222293416659,0.02160000056028366,0.030400000512599945,291.0,1.1384513293286481e-14,0.23574000597000122,2.407376728519317e-11,0.006256000138819218,9.771683787650198e-15
radial,3,4.333333215779729,0.02160000056028366,0.031199999153614044,291.0,1.1158745978558267e-14,0.23574000597000122,4.148249452273767e-12,0.006256000138819218,2.127272028005646e-16
radial,3,4.4444446555442285,0.02160000056028366,0.03200000151991844,291.0,1.2307807157880928e-14,0.23574000597000122,2.8821914473120547e-12,0.006256000138819218,2.539522831085416e-16
radial,3,4.555555577907297,0.02160000056028366,0.03280000016093254,291.0,1.3663384287106606e-14,0.23574000597000122,3.166760256800849e-12,0.006256000138819218,3.0911765960886246e-16
radial,3,4.666666500270367,0.02160000056028366,0.03359999880194664,291.0,1.494088361332028e-14,0.23574000597000122,3.6019783076352008e-12,0.006256000138819218,3.7667383110831325e-16
radial,3,4.777777940034866,0.02160000056028366,0.03440000116825104,291.0,1.581502330895261e-14,0.23574000597000122,4.008690081269695e-12,0.006256000138819218,4.553955644486906e-16
radial,3,4.888888862397936,0.02160000056028366,0.03519999980926514,291.0,1.585746304774184e-14,0.23574000597000122,4.243873481801774e-12,0.006256000138819218,5.430748564947394e-16
radial,3,4.999999784761005,0.02160000056028366,0.035999998450279236,291.0,1.478631195890763e-14,0.23574000597000122,4.165035070308187e-12,0.006256000138819218,6.344608705970915e-16
radial,3,5.111111224525505,0.02160000056028366,0.03680000081658363,291.0,1.2588208097707044e-14,0.23574000597000122,3.700778832688156e-12,0.006256000138819218,7.177284444769255e-16
radial,3,5.222222146888574,0.02160000056028366,0.03759999945759773,291.0,9.502150280537355e-15,0.23574000597000122,2.872929975514249e-12,0.006256000138819218,7.806517163318097e-16
radial,3,5.333333586653073,0.02160000056028366,0.03840000182390213,291.0,6.185573293805355e-15,0.23574000597000122,1.8872180294199348e-12,0.006256000138819218,7.84847282277797e-16
radial,3,5.444444509016143,0.02160000056028366,0.03920000046491623,291.0,3.3172101438600724e-15,0.23574000597000122,9.982885828749288e-13,0.006256000138819218,6.794617723210219e-16
radial,3,5.555555431379212,0.02160000056028366,0.03999999910593033,291.0,1.6615911807064628e-15,0.23574000597000122,4.823277194310194e-13,0.006256000138819218,5.097208166142332e-16
radial,3,5.969868248535527,0.02160000056028366,0.042983051389455795,291.0,1.2657006866540117e-16,0.23574000597000122,2.750451505006274e-14,0.006256000138819218,1.5151420958019505e-16
radial,3,6.384180548290412,0.02160000056028366,0.045966099947690964,291.0,4.747237511917354e-17,0.23574000597000122,9.417273344057737e-15,0.006256000138819218,1.3232737807766825e-16
radial,3,6.798493365446727,0.02160000056028366,0.04894915223121643,291.0,5.596828432497913e-17,0.23574000597000122,1.2238087028959479e-14,0.006256000138819218,2.035582432001042e-16
radial,3,7.212806182603042,0.02160000056028366,0.0519322045147419,291.0,7.227736109387885e-17,0.23574000597000122,1.761399931617634e-14,0.006256000138819218,3.398141071475787e-16
radial,3,7.627118482357926,0.02160000056028366,0.054915253072977066,291.0,8.811534857776227e-17,0.23574000597000122,2.547504104910038e-14,0.006256000138819218,5.475762542742448e-16
radial,3,8.04143129951424,0.02160000056028366,0.05789830535650253,291.0,1.0310448993448867e-16,0.23574000597000122,3.6818902690149286e-14,0.006256000138819218,8.662938941397119e-16
radial,3,8.455744116670555,0.02160000056028366,0.060881357640028,291.0,1.209750587067619e-16,0.23574000597000122,5.31252322135637e-14,0.006256000138819218,1.3627038526856398e-15
radial,3,8.87005693382687,0.02160000056028366,0.06386440992355347,291.0,1.4768465451165015e-16,0.23574000597000122,7.702595749810651e-14,0.006256000138819218,2.12591738409497e-15
radial,3,9.284369233581755,0.02160000056028366,0.06684745848178864,291.0,1.853320264691026e-16,0.23574000597000122,1.1223620909614831e-13,0.006256000138819218,3.2801308530775418e-15
radial,3,9.69868153333664,0.02160000056028366,0.0698305070400238,291.0,2.57175058184387e-16,0.23574000597000122,1.6465846156173136e-13,0.006256000138819218,4.997777297804755e-15
radial,3,10.112993833091524,0.02160000056028366,0.07281355559825897,291.0,3.7989830025005316e-16,0.23574000597000122,2.4138639221141234e-13,0.006256000138819218,7.479160316786228e-15
radial,3,10.527307167649269,0.02160000056028366,0.07579661160707474,291.0,5.835414849728992e-16,0.23574000597000122,3.5602700258416387e-13,0.006256000138819218,1.1135102747901558e-14
radial,3,10.941619467404154,0.02160000056028366,0.0787796601653099,291.0,9.350434821222848e-16,0.23574000597000122,5.229486006556872e-13,0.006256000138819218,1.6437746685180922e-14
radial,3,11.355931767159039,0.02160000056028366,0.08176270872354507,291.0,1.5387597566515645e-15,0.23574000597000122,7.687418410173841e-13,0.006256000138819218,2.4186282113918857e-14
radial,3,11.770245101716784,0.02160000056028366,0.08474576473236084,291.0,2.514984815999051e-15,0.23574000597000122,1.1211930906265821e-12,0.006256000138819218,3.5396219375677385e-14
radial,3,12.184557401471668,0.02160000056028366,0.08772881329059601,291.0,4.088764408701016e-15,0.23574000597000122,1.628991754855369e-12,0.006256000138819218,5.17110022879054e-14
radial,3,12.598869701226553,0.02160000056028366,0.09071186184883118,291.0,6.589047697351047e-15,0.23574000597000122,2.351708671549657e-12,0.006256000138819218,7.510818003783268e-14
radial,3,13.013183035784298,0.02160000056028366,0.09369491785764694,291.0,1.0470763795941695e-14,0.23574000597000122,3.3629843701477036e-12,0.006256000138819218,1.0835261724309597e-13
radial,3,13.427495335539183,0.02160000056028366,0.09667796641588211,291.0,1.667511242205589e-14,0.23574000597000122,4.786239113374613e-12,0.006256000138819218,1.5532567636603045e-13
radial,3,13.841807635294067,0.02160000056028366,0.09966101497411728,291.0,2.6368460908678115e-14,0.23574000597000122,6.71959449888293e-12,0.006256000138819218,2.1973949623863703e-13
radial,3,14.256120969851812,0.02160000056028366,0.10264407098293304,291.0,4.0736914574046254e-14,0.23574000597000122,9.36977405385786e-12,0.006256000138819218,3.0607032750276653e-13
radial,3,14.670433269606697,0.02160000056028366,0.10562711954116821,291.0,6.091691550063477e-14,0.23574000597000122,1.28715224242959e-11,0.006256000138819218,4.1864864981817906e-13
radial,3,15.084745569361582,0.02160000056028366,0.10861016809940338,291.0,8.872458703065161e-14,0.23574000597000122,1.7524625847697983e-11,0.006256000138819218,5.658267365933611e-13
radial,3,15.499057869116466,0.02160000056028366,0.11159321665763855,291.0,1.2639631637341442e-13,0.23574000597000122,2.3598137333102898e-11,0.006256000138819218,7.62155258609426e-13
radial,3,15.913371203674211,0.02160000056028366,0.11457627266645432,291.0,1.7607849856979274e-13,0.23574000597000122,3.1435624936460016e-11,0.006256000138819218,1.0178818508552179e-12
radial,3,16.327683503429096,0.02160000056028366,0.11755932122468948,291.0,2.404490723282443e-13,0.23573999106884003,4.143774212650442e-11,0.006256000138819218,1.3518359608805097e-12
radial,3,16.74199580318398,0.02160000056028366,0.12054236978292465,291.0,3.215716538537694e-13,0.23573999106884003,5.391781118802008e-11,0.006256000138819218,1.7713724367526829e-12
radial,3,17.156309137741726,0.02160000056028366,0.12352542579174042,291.0,4.2141634691399144e-13,0.23573999106884003,6.926954843056166e-11,0.006256000138819218,2.284802338645142e-12
radial,3,17.57062143749661,0.02160000056028366,0.12650847434997559,291.0,5.404253975750672e-13,0.23573999106884003,8.773044790633122e-11,0.006256000138819218,2.893462379416345e-12
radial,3,17.984933737251495,0.02160000056028366,0.12949152290821075,291.0,6.802911099029751e-13,0.23573999106884003,1.0995190175000502e-10,0.006256000138819218,3.5977976240580967e-12
radial,3,18.399246037006378,0.02160000056028366,0.13247457146644592,291.0,8.423953266716022e-13,0.23573999106884003,1.3669651521830417e-10,0.006256000138819218,4.402987523188795e-12
radial,3,18.813558336761265,0.02160000056028366,0.1354576200246811,291.0,1.027498182024078e-12,0.23573999106884003,1.6908306699203735e-10,0.006256000138819218,5.303397478118033e-12
radial,3,19.227872706121868,0.02160000056028366,0.13844068348407745,291.0,1.236369513712976e-12,0.23573999106884003,2.0868248795657962e-10,0.006256000138819218,6.287536030019636e-12
radial,3,19.642185005876755,0.02160000056028366,0.14142373204231262,291.0,1.470236584387441e-12,0.23573999106884003,2.574145063771738e-10,0.006256000138819218,7.380156381853187e-12
radial,3,20.056497305631638,0.02160000056028366,0.1444067806005478,291.0,1.7295851166207465e-12,0.23573999106884003,3.1762228958065464e-10,0.006256000138819218,8.59857671176023e-12
radial,3,20.470809605386524,0.02160000056028366,0.14738982915878296,291.0,2.013542327664042e-12,0.23573999106884003,3.9507780380532154e-10,0.006256000138819218,9.995182632949184e-12
radial,3,20.885121905141407,0.02160000056028366,0.15037287771701813,291.0,2.3259376195905457e-12,0.23573999106884003,4.971256184482797e-10,0.006256000138819218,1.1663657019378437e-11
radial,3,21.29943420489629,0.02160000056028366,0.1533559262752533,291.0,2.6695865570219857e-12,0.23573997616767883,6.247324879637972e-10,0.006256000138819218,1.3641394437657883e-11
radial,3,21.713748574256897,0.02160000056028366,0.15633898973464966,291.0,3.03528860032265e-12,0.23573997616767883,7.823532377493336e-10,0.006256000138819218,1.590940226781079e-11
radial,3,22.128060874011783,0.02160000056028366,0.15932203829288483,291.0,3.413995431841843e-12,0.23573997616767883,9.712916027027063e-10,0.006256000604480505,1.836112685504876e-11
radial,3,22.542373173766666,0.02160000056028366,0.16230508685112,291.0,3.789003399229385e-12,0.23573997616767883,1.1934412347258672e-09,0.006256000604480505,2.0842544704025023e-11
radial,3,22.956685473521553,0.02160000056028366,0.16528813540935516,291.0,4.148327514830186e-12,0.23573996126651764,1.4448674479083934e-09,0.006256000604480505,2.3187753800391064e-11
radial,3,23.370997773276436,0.02160000056028366,0.16827118396759033,291.0,4.472666594729224e-12,0.23573996126651764,1.720207976063648e-09,0.006256001070141792,2.519262923272869e-11
radial,3,23.78531007303132,0.02160000056028366,0.1712542325258255,291.0000305175781,4.745525587074306e-12,0.23573996126651764,2.0043284809645456e-09,0.006256001070141792,2.6641465075694093e-11
radial,3,24.199622372786205,0.02160000056028366,0.17423728108406067,291.0000305175781,4.946826802354476e-12,0.23573994636535645,2.2788750886348907e-09,0.006256001070141792,2.728980236232914e-11
radial,3,24.613936742146812,0.02160000056028366,0.17722034454345703,291.0000305175781,5.059840567367413e-12,0.23573994636535645,2.5169057948914997e-09,0.00625600153580308,2.693048735402659e-11
radial,3,25.028249041901695,0.02160000056028366,0.1802033931016922,291.0000305175781,5.077287982407919e-12,0.23573994636535645,2.691511014063508e-09,0.00625600153580308,2.5483693280592412e-11
radial,3,25.442561341656578,0.02160000056028366,0.18318644165992737,291.0000305175781,4.996042208410545e-12,0.23573994636535645,2.7829654136724002e-09,0.00625600153580308,2.3071230689786226e-11
radial,3,25.856873641411465,0.02160000056028366,0.18616949021816254,291.0000305175781,4.827246241623229e-12,0.23573994636535645,2.7794615498066833e-09,0.00625600153580308,2.005000505900245e-11
radial,3,26.271185941166348,0.02160000056028366,0.1891525387763977,291.0000305175781,4.579399793397387e-12,0.23573994636535645,2.6877682302028916e-09,0.00625600153580308,1.689054625331199e-11
radial,3,26.685498240921234,0.02160000056028366,0.19213558733463287,291.0000305175781,4.268443237753772e-12,0.23573994636535645,2.5179138773978593e-09,0.00625600153580308,1.403777181302468e-11
radial,3,27.099812610281838,0.02160000056028366,0.19511865079402924,291.0000305175781,3.901130286865229e-12,0.23573994636535645,2.2910575658841026e-09,0.006256001070141792,1.1718179378228388e-11
radial,3,27.514124910036724,0.02160000056028366,0.1981016993522644,291.0000305175781,3.4854311277421335e-12,0.23573996126651764,2.0281840651392713e-09,0.006256001070141792,9.926422531170154e-12
radial,3,27.928437209791607,0.02160000056028366,0.20108474791049957,291.0000305175781,3.0345255388336545e-12,0.23573996126651764,1.7527074236411977e-09,0.006256001070141792,8.515284831422942e-12
radial,3,28.342749509546493,0.02160000056028366,0.20406779646873474,291.0,2.557604085115517e-12,0.23573997616767883,1.47596912469794e-09,0.006256000604480505,7.256827083690354e-12
radial,3,28.757061809301376,0.02160000056028366,0.2070508450269699,291.0,2.0707645667639163e-12,0.23573997616767883,1.2052414621877006e-09,0.006256000604480505,6.0132961977876764e-12
radial,3,29.171374109056263,0.02160000056028366,0.21003389358520508,291.0,1.5816159146253561e-12,0.23573997616767883,9.385796584382433e-10,0.006256000604480505,4.689841830857189e-12
radial,3,29.585686408811146,0.02160000056028366,0.21301694214344025,291.0,1.1002721086658673e-12,0.23573999106884003,6.782735484378577e-10,0.006256000138819218,3.288058410613748e-12
radial,3,30.000000778171753,0.02160000056028366,0.2160000056028366,291.0,7.166665806808414e-13,0.23573999106884003,3.728529152091653e-10,0.006256000138819218,3.28632845762733e-12
radial,15,30.000002847777473,0.1080000028014183,0.2160000205039978,296.9125671386719,4.22913743955422e-12,0.2328845113515854,0.000534217047970742,0.0066299838945269585,7.244789349599573e-14
radial,15,29.585686408811146,0.1080000028014183,0.21301694214344025,295.9403991699219,1.0486275476423446e-12,0.2333839237689972,0.0004604149144142866,0.00657985033467412,1.8051124221134078e-14
radial,15,29.171374109056263,0.1080000028014183,0.21003389358520508,295.92535400390625,1.0296442518042959e-12,0.23338955640792847,0.0004593507037498057,0.006579102016985416,1.7923954082565106e-14
radial,15,28.757063878907097,0.1080000028014183,0.2070508599281311,295.90496826171875,1.0057755409770275e-12,0.23339731991291046,0.00045788849820382893,0.006578078959137201,1.7772394477312894e-14
radial,15,28.342749509546493,0.1080000028014183,0.20406779646873474,295.8781433105469,9.755488517698696e-13,0.23340758681297302,0.00045595603296533227,0.006576729007065296,1.7583911011823973e-14
radial,15,27.928435140185886,0.1080000028014183,0.20108473300933838,295.8447265625,9.394503404369647e-13,0.23342043161392212,0.00045353721361607313,0.006575039587914944,1.7361503876797517e-14
radial,15,27.514124910036724,0.1080000028014183,0.1981016993522644,295.8049621582031,9.000756953994604e-13,0.23343580961227417,0.00045064225560054183,0.006573018617928028,1.7110162096292854e-14
radial,15,27.099812610281838,0.1080000028014183,0.19511865079402924,295.7588806152344,8.60356382491323e-13,0.2334536463022232,0.0004472780565265566,0.006570671685039997,1.6835736973909617e-14
radial,15,26.685498240921234,0.1080000028014183,0.19213558733463287,295.706787109375,8.191104045041087e-13,0.23347395658493042,0.00044345128117129207,0.006568002514541149,1.6542053710437606e-14
radial,15,26.271185941166348,0.1080000028014183,0.1891525387763977,295.64874267578125,7.744087489325313e-13,0.23349666595458984,0.0004391684487927705,0.006565015763044357,1.6231397600768513e-14
radial,15,25.856873641411465,0.1080000028014183,0.18616949021816254,295.5849304199219,7.260913875359321e-13,0.2335217297077179,0.0004344363696873188,0.006561716087162495,1.590486639960198e-14
radial,15,25.442561341656578,0.1080000028014183,0.18318644165992737,295.5155944824219,6.737242057644477e-13,0.2335491180419922,0.000429263076512143,0.006558108143508434,1.556176553992126e-14
radial,15,25.028249041901695,0.1080000028014183,0.1802033931016922,295.4408874511719,6.332479571095895e-13,0.23357875645160675,0.00042365846456959844,0.006554199382662773,1.5201613907012308e-14
radial,15,24.613936742146812,0.1080000028014183,0.17722034454345703,295.3610534667969,6.067187767813675e-13,0.233610600233078,0.0004176342627033591,0.006549997720867395,1.482569729688906e-14
radial,15,24.199622372786205,0.1080000028014183,0.17423728108406067,295.2763671875,5.79421385003831e-13,0.2336445450782776,0.0004112043243367225,0.00654551200568676,1.4437656257158815e-14
radial,15,23.78531007303132,0.1080000028014183,0.1712542325258255,295.18707275390625,5.510183238507937e-13,0.23368054628372192,0.0004043842782266438,0.0065407538786530495,1.4042761873852335e-14
radial,15,23.370997773276436,0.1080000028014183,0.16827118396759033,295.093505859375,5.345122673465486e-13,0.23371851444244385,0.00039719167398288846,0.006535734515637159,1.3647371129238764e-14
radial,15,22.956685473521553,0.1080000028014183,0.16528813540935516,294.99591064453125,5.313157682915182e-13,0.23375830054283142,0.0003896453126799315,0.006530468352138996,1.3258328896564864e-14
radial,15,22.542373173766666,0.1080000028014183,0.16230508685112,294.8946533203125,5.294926823384838e-13,0.23379984498023987,0.0003817652468569577,0.006524967961013317,1.2882550352812019e-14
radial,15,22.128060874011783,0.1080000028014183,0.15932203829288483,294.7900695800781,5.28601142892049e-13,0.23384302854537964,0.0003735724603757262,0.006519249640405178,1.2526739763757747e-14
radial,15,21.713748574256897,0.1080000028014183,0.15633898973464966,294.6824951171875,5.288941485291632e-13,0.23388773202896118,0.000365088606486097,0.006513327360153198,1.2197182960903621e-14
radial,15,21.29943420489629,0.1080000028014183,0.1533559262752533,294.572265625,5.306494176363086e-13,0.23393382132053375,0.00035633600782603025,0.006507217418402433,1.1899513560381832e-14
radial,15,20.885121905141407,0.1080000028014183,0.15037287771701813,294.459716796875,5.341724783856916e-13,0.23398122191429138,0.0003473373071756214,0.00650093425065279,1.1638571508452988e-14
radial,15,20.470809605386524,0.1080000028014183,0.14738982915878296,294.34521484375,5.397966145251343e-13,0.23402976989746094,0.0003381154965609312,0.006494496017694473,1.1418184547005734e-14
radial,15,20.056497305631638,0.1080000028014183,0.1444067806005478,294.22906494140625,5.478764685852566e-13,0.23407933115959167,0.0003286935680080205,0.006487917620688677,1.1241048781911178e-14
radial,15,19.642185005876755,0.1080000028014183,0.14142373204231262,294.11163330078125,5.587791514216622e-13,0.23412984609603882,0.0003190947463735938,0.006481214426457882,1.1108605016212601e-14
radial,15,19.227872706121868,0.1080000028014183,0.13844068348407745,293.9932861328125,5.728673828711561e-13,0.23418115079402924,0.0003093420818913728,0.0064744045957922935,1.1020967599357882e-14
radial,15,18.813558336761265,0.1080000028014183,0.1354576200246811,293.8742980957031,5.904846923920903e-13,0.23423311114311218,0.0002994585665874183,0.006467501632869244,1.097698626060465e-14
radial,15,18.399246037006378,0.1080000028014183,0.13247457146644592,293.7550048828125,6.119398065530801e-13,0.2342856228351593,0.0002894670469686389,0.00646052323281765,1.0974567134507292e-14
radial,15,17.984933737251495,0.1080000028014183,0.12949152290821075,293.6357421875,6.37502745905183e-13,0.23433855175971985,0.00027939004939980805,0.0064534833654761314,1.1011472360019162e-14
radial,15,17.57062143749661,0.1080000028014183,0.12650847434997559,293.5168151855469,6.674149622722114e-13,0.23439180850982666,0.0002692500129342079,0.006446399725973606,1.1086787988590172e-14
radial,15,17.156309137741726,0.1080000028014183,0.12352542579174042,293.3985290527344,7.019193711509109e-13,0.2344452440738678,0.000259069143794477,0.006439286284148693,1.1202811173573277e-14
radial,15,16.74199580318398,0.1080000028014183,0.12054236978292465,293.2811279296875,7.412762352727864e-13,0.2344987690448761,0.0002488693571649492,0.006432157941162586,1.1365997153059502e-14
radial,15,16.327683503429096,0.1080000028014183,0.11755932122468948,293.1649169921875,7.858574359830006e-13,0.23455223441123962,0.0002386724081588909,0.006425031460821629,1.1589203887188166e-14
radial,15,15.913372238477072,0.1080000028014183,0.11457628011703491,293.0501403808594,8.363767577818093e-13,0.234605610370636,0.00022849967353977263,0.006417920812964439,1.1892451846700573e-14
radial,15,15.499057869116466,0.1080000028014183,0.11159321665763855,292.93701171875,8.936560259159565e-13,0.23465873301029205,0.00021837236999999732,0.006410841830074787,1.230102581210521e-14
radial,15,15.084745569361582,0.1080000028014183,0.10861016809940338,292.82586669921875,9.583551400377255e-13,0.23471155762672424,0.00020831177243962884,0.006403809413313866,1.2841894465409707e-14
radial,15,14.670433269606697,0.1080000028014183,0.10562711954116821,292.7169189453125,1.0310054676318514e-12,0.2347639501094818,0.00019833931582979858,0.006396838463842869,1.3544066143958682e-14
radial,15,14.256120969851812,0.1080000028014183,0.10264407098293304,292.6103210449219,1.1117553275555303e-12,0.2348158359527588,0.00018847666797228158,0.006389944348484278,1.4435025372824643e-14
radial,15,13.841807635294067,0.1080000028014183,0.09966101497411728,292.50640869140625,1.2003230440843504e-12,0.23486711084842682,0.0001787459768820554,0.006383143365383148,1.553971727230423e-14
radial,15,13.427495335539183,0.1080000028014183,0.09667796641588211,292.4053039550781,1.2963128834253546e-12,0.23491770029067993,0.00016917022003326565,0.006376452278345823,1.7007630452093615e-14
radial,15,13.013183035784298,0.1080000028014183,0.09369491785764694,292.30731201171875,1.3991406774480075e-12,0.234967440366745,0.00015977367002051324,0.006369887385517359,1.944303144050044e-14
radial,15,12.598869701226553,0.1080000028014183,0.09071186184883118,292.21270751953125,1.5080439067644003e-12,0.23501625657081604,0.0001505817344877869,0.006363468244671822,2.384330661511433e-14
radial,15,12.184557401471668,0.1080000028014183,0.08772881329059601,292.1216735839844,1.622352209171285e-12,0.23506402969360352,0.0001416211889591068,0.006357212550938129,3.044926913690557e-14
radial,15,11.770245101716784,0.1080000028014183,0.08474576473236084,292.0345458984375,1.7617977389472461e-12,0.23511061072349548,0.00013292068615555763,0.006351141259074211,3.8743120988954036e-14
radial,15,11.355931767159039,0.1080000028014183,0.08176270872354507,291.9515686035156,1.934145118370756e-12,0.2351558804512024,0.00012451288057491183,0.006345279514789581,4.8388491835377884e-14
radial,15,10.941619467404154,0.1080000028014183,0.0787796601653099,291.873046875,2.125308609657317e-12,0.2351997196674347,0.00011643662583082914,0.006339655257761478,6.389385683947327e-14
radial,15,10.527307167649269,0.1080000028014183,0.07579661160707474,291.7994384765625,2.3681948329440372e-12,0.23524194955825806,0.00010873965220525861,0.006334303412586451,9.522202091497706e-14
radial,15,10.112993833091524,0.1080000028014183,0.07281355559825897,291.73126220703125,2.6583197448859508e-12,0.2352822870016098,0.00010149490117328241,0.006329279392957687,1.83213212938578e-13
radial,15,9.69868153333664,0.1080000028014183,0.0698305070400238,291.66912841796875,3.008793301312318e-12,0.23532052338123322,9.477983985561877e-05,0.006324639543890953,4.3600778369679016e-13
radial,15,9.284369233581755,0.1080000028014183,0.06684745848178864,291.6134033203125,3.4983587207659816e-12,0.23535650968551636,8.865151175996289e-05,0.006320428568869829,9.15582822232086e-13
radial,15,8.87005693382687,0.1080000028014183,0.06386440992355347,291.56463623046875,4.0851445490264204e-12,0.23539021611213684,8.317312313010916e-05,0.00631669769063592,1.5932018074607535e-12
radial,15,8.455744116670555,0.1080000028014183,0.060881357640028,291.52349853515625,4.877342453524225e-12,0.23542144894599915,7.843755884096026e-05,0.00631351862102747,3.058166567204701e-12
radial,15,8.04143129951424,0.1080000028014183,0.05789830535650253,291.4912109375,5.942891144472551e-12,0.23545008897781372,7.458467734977603e-05,0.006311004050076008,7.644725130706576e-12
radial,15,7.627118482357926,0.1080000028014183,0.054915253072977066,291.46966552734375,7.234317745546948e-12,0.23547577857971191,7.183018169598654e-05,0.0063093239441514015,1.821589233619303e-11
radial,15,7.212806700004472,0.1080000028014183,0.051932208240032196,291.462158203125,8.857820726904109e-12,0.23549801111221313,7.051524880807847e-05,0.006308747921139002,5.0154248809608504e-11
radial,15,6.798493365446727,0.1080000028014183,0.04894915223121643,291.4740295410156,1.0921409610009647e-11,0.23551589250564575,7.120602822396904e-05,0.006309724412858486,3.2992650278451663e-10
radial,15,6.384180548290412,0.1080000028014183,0.045966099947690964,291.5151672363281,1.3668820415813077e-11,0.23552793264389038,7.490144344046712e-05,0.006313045509159565,1.5530653429962626e-09
radial,15,5.969868248535527,0.1080000028014183,0.042983051389455795,291.605224609375,1.824883473500183e-11,0.2355310618877411,8.355191675946116e-05,0.006320260930806398,3.980498597400128e-09
radial,15,5.555555431379212,0.1080000028014183,0.03999999910593033,291.78045654296875,2.976990182146366e-11,0.2355194091796875,0.00010063960507977754,0.006334129720926285,7.704032078947876e-09
radial,15,5.444444509016143,0.1080000028014183,0.03920000046491623,291.8504638671875,3.521830743702381e-11,0.23551258444786072,0.00010745709005277604,0.006339617073535919,9.08159769608119e-09
radial,15,5.333333586653073,0.1080000028014183,0.03840000182390213,291.9386901855469,4.2994340726520974e-11,0.23550307750701904,0.00011601104779401794,0.006346485577523708,1.079768274792059e-08
radial,15,5.222222146888574,0.1080000028014183,0.03759999945759773,292.0494689941406,5.819404680362794e-11,0.23549026250839233,0.00012669552234001458,0.006355046760290861,1.29165433904177e-08
radial,15,5.111111224525505,0.1080000028014183,0.03680000081658363,292.1894226074219,1.0038763570419107e-10,0.2354731261730194,0.0001401020708726719,0.006365770474076271,1.5549161958006152e-08
radial,15,4.999999784761005,0.1080000028014183,0.035999998450279236,292.36871337890625,1.994120146786571e-10,0.23545029759407043,0.0001571348257130012,0.006379378028213978,1.887237210951298e-08
radial,15,4.888888862397936,0.1080000028014183,0.03519999980926514,292.6044921875,4.786725460448338e-10,0.23541942238807678,0.00017930020112544298,0.0063970694318413734,2.31900152414255e-08
radial,15,4.777777940034866,0.1080000028014183,0.03440000116825104,292.92401123046875,1.108530600646418e-09,0.23537683486938477,0.000208976591238752,0.006420738995075226,2.8996600676123307e-08
radial,15,4.666666500270367,0.1080000028014183,0.03359999880194664,293.3741760253906,2.110604135907579e-09,0.23531633615493774,0.0002501803101040423,0.006453588604927063,3.715620167099587e-08
radial,15,4.555555577907297,0.1080000028014183,0.03280000016093254,294.04180908203125,3.5530969277886015e-09,0.23522654175758362,0.00031024348572827876,0.006501460447907448,4.9315151073869856e-08
radial,15,4.4444446555442285,0.1080000028014183,0.03200000151991844,295.1014099121094,5.798413305058148e-09,0.23508498072624207,0.000403659010771662,0.006575906649231911,6.892042847539415e-08
radial,15,4.333333215779729,0.1080000028014183,0.031199999153614044,296.93450927734375,9.720705129723228e-09,0.23484352231025696,0.0005615000845864415,0.006701700389385223,1.0401427630313265e-07
radial,15,4.222222293416659,0.1080000028014183,0.030400000512599945,300.42218017578125,1.763172541302538e-08,0.2343934178352356,0.0008538478286936879,0.006934724748134613,1.7543612784720608e-07
radial,15,4.111111112352875,0.1080000028014183,0.029600000008940697,307.5047912597656,3.6114180090862646e-08,0.23350343108177185,0.0014296590816229582,0.007393809966742992,3.402190031920327e-07
radial,15,3.99999993128909,0.1080000028014183,0.02879999950528145,321.63958740234375,8.388570194028944e-08,0.23178628087043762,0.002538279164582491,0.008278018794953823,7.501968184442376e-07
radial,15,3.8888890089260206,0.1080000028014183,0.02800000086426735,346.94110107421875,2.0917435961109732e-07,0.22883442044258118,0.004441859200596809,0.0097970524802804,1.762927013260196e-06
radial,15,3.7777778278622365,0.1080000028014183,0.0272000003606081,385.68988037109375,5.157400551070168e-07,0.22450797259807587,0.007229688111692667,0.01202334463596344,4.066523615620099e-06
radial,15,3.666666646798452,0.1080000028014183,0.026399999856948853,437.02655029296875,1.1932572760997573e-06,0.21901284158229828,0.010767881758511066,0.014851883985102177,8.766610335442238e-06
radial,15,3.5555554657346673,0.1080000028014183,0.025599999353289604,498.63671875,2.5631620701460633e-06,0.21264511346817017,0.014863850548863411,0.018131397664546967,1.7508489690953866e-05
radial,15,3.444444543371598,0.1080000028014183,0.024800000712275505,568.740966796875,5.1599736252683215e-06,0.20557734370231628,0.019403643906116486,0.021774230524897575,3.2722560717957094e-05
radial,15,3.3333333623078136,0.1080000028014183,0.024000000208616257,646.4031982421875,9.858411431196146e-06,0.19786015152931213,0.02435048669576645,0.02575565315783024,5.795514152850956e-05
radial,15,3.222222181244029,0.1080000028014183,0.02319999970495701,731.1297607421875,1.806321961339563e-05,0.18948423862457275,0.029704347252845764,0.03008212149143219,9.825963934417814e-05
radial,15,3.1111110001802444,0.1080000028014183,0.02239999920129776,822.5841064453125,3.199030470568687e-05,0.1804182231426239,0.0354769229888916,0.03477189689874649,0.00016064720693975687
radial,15,3.0000000778171754,0.1080000028014183,0.02160000056028366,920.5239868164062,5.509590118890628e-05,0.1706228405237198,0.04168177768588066,0.039847828447818756,0.0002546373871155083
radial,15,2.888888896753391,0.1080000028014183,0.020800000056624413,1025.110107421875,9.284907719120383e-05,0.1600271761417389,0.04834835231304169,0.0453498512506485,0.00039330823346972466
radial,15,2.777777715689606,0.1080000028014183,0.019999999552965164,1137.551025390625,0.00015428838378284127,0.14847618341445923,0.055552929639816284,0.05136251822113991,0.0005955342203378677
radial,15,2.7222222545080714,0.1080000028014183,0.019600000232458115,1196.387939453125,0.00019724412413779646,0.14235073328018188,0.05934445932507515,0.05455723777413368,0.0007260378333739936
radial,15,2.6666667933265367,0.1080000028014183,0.019200000911951065,1255.83349609375,0.0002508463803678751,0.13608664274215698,0.0631977915763855,0.05782903730869293,0.0008785466197878122
radial,15,2.611111073444287,0.1080000028014183,0.018799999728798866,1316.026611328125,0.0003177120815962553,0.1296716183423996,0.0671166479587555,0.06118479371070862,0.0010562519310042262
radial,15,2.5555556122627525,0.1080000028014183,0.018400000408291817,1377.3974609375,0.00040158588672056794,0.1230485588312149,0.0711316391825676,0.06465479731559753,0.0012638677144423127
radial,15,2.4999998923805027,0.1080000028014183,0.017999999225139618,1439.920166015625,0.0005067033343948424,0.1162077784538269,0.07524374127388,0.06824453175067902,0.0015052735107019544
radial,15,2.444444431198968,0.1080000028014183,0.01759999990463257,1503.314697265625,0.0006379781989380717,0.10916612297296524,0.07943755388259888,0.07194538414478302,0.0017835870385169983
radial,15,2.388888970017433,0.1080000028014183,0.01720000058412552,1567.231689453125,0.0008013815386220813,0.10194753110408783,0.0836934745311737,0.07574477046728134,0.002101459540426731
radial,15,2.3333332501351833,0.1080000028014183,0.01679999940097332,1631.343994140625,0.0010043971706181765,0.09457363188266754,0.08799359947443008,0.07963091135025024,0.002461194759234786
radial,15,2.2777777889536486,0.1080000028014183,0.01640000008046627,1695.311279296875,0.0012563797645270824,0.08706729114055634,0.0923197865486145,0.08359082043170929,0.0028643165715038776
radial,15,2.2222223277721143,0.1080000028014183,0.01600000075995922,1758.7254638671875,0.0015689225401729345,0.0794585645198822,0.09665074944496155,0.08760691434144974,0.003310822881758213
radial,15,2.1666666078898644,0.1080000028014183,0.015599999576807022,1821.089111328125,0.001956372754648328,0.07178761065006256,0.10096106678247452,0.0916552022099495,0.003798304358497262
radial,15,2.1111111467083297,0.1080000028014183,0.015200000256299973,1881.79736328125,0.002436497714370489,0.06410712748765945,0.10522092878818512,0.09570345282554626,0.004320776090025902
radial,15,2.0555555561764374,0.1080000028014183,0.014800000004470348,1940.1170654296875,0.003031290601938963,0.05648559331893921,0.1093958169221878,0.09970898926258087,0.00486704520881176
radial,15,1.999999965644545,0.1080000028014183,0.014399999752640724,1995.1583251953125,0.003767880843952298,0.04901175945997238,0.11344625055789948,0.10361544042825699,0.005418430082499981
radial,15,1.9444445044630103,0.1080000028014183,0.014000000432133675,2045.84375,0.00467949453741312,0.04179991036653519,0.11732777208089828,0.10734891891479492,0.0059456899762153625
radial,15,1.8888889139311182,0.1080000028014183,0.01360000018030405,2090.89111328125,0.005806567147374153,0.034994326531887054,0.12099260091781616,0.11081434786319733,0.006405128166079521
radial,15,1.833333323399226,0.1080000028014183,0.013199999928474426,2128.80810546875,0.007198242470622063,0.028772152960300446,0.12439331412315369,0.11389225721359253,0.0067337388172745705
radial,15,1.7777777328673336,0.1080000028014183,0.012799999676644802,2157.88330078125,0.008913841098546982,0.023347698152065277,0.12748730182647705,0.11643442511558533,0.006842964794486761
radial,15,1.722222271685799,0.1080000028014183,0.012400000356137753,2177.589111328125,0.010967617854475975,0.018811456859111786,0.1302420049905777,0.11838552355766296,0.006709846202284098
radial,15,1.6666666811539068,0.1080000028014183,0.012000000104308128,2189.11328125,0.013340447098016739,0.015036621131002903,0.13266554474830627,0.11983521282672882,0.006399385165423155
radial,15,1.63942303818961,0.1080000028014183,0.011803845874965191,2192.14453125,0.014614168554544449,0.013422556221485138,0.13373781740665436,0.12039110064506531,0.006201360374689102
radial,15,1.6121795245756707,0.1080000028014183,0.011607692576944828,2193.615966796875,0.015936091542243958,0.011966673657298088,0.1347203552722931,0.12085206061601639,0.005986394360661507
radial,15,1.5849358816113737,0.1080000028014183,0.01141153834760189,2193.673828125,0.017293592914938927,0.010663434863090515,0.1356099247932434,0.12122538685798645,0.005761898588389158
radial,15,1.5576923679974344,0.1080000028014183,0.011215385049581528,2192.464599609375,0.01869206316769123,0.009489353746175766,0.13641643524169922,0.1215234324336052,0.005531524773687124
radial,15,1.5304487250331376,0.1080000028014183,0.01101923082023859,2190.1044921875,0.020132223144173622,0.008429327979683876,0.13714510202407837,0.12175501883029938,0.005298994481563568
radial,15,1.5032050820688407,0.1080000028014183,0.010823076590895653,2186.697509765625,0.02161124348640442,0.007473203353583813,0.13779841363430023,0.12192708253860474,0.00506808515638113
radial,15,1.4759615684549015,0.1080000028014183,0.01062692329287529,2182.33984375,0.02312624081969261,0.00661199726164341,0.13837863504886627,0.12204579263925552,0.0048421332612633705
radial,15,1.4487179254906046,0.1080000028014183,0.010430769063532352,2177.116943359375,0.024674953892827034,0.00583732221275568,0.1388881802558899,0.12211676687002182,0.004624002613127232
radial,15,1.4214744118766653,0.1080000028014183,0.01023461576551199,2171.107177734375,0.026255514472723007,0.005141518544405699,0.13932928442955017,0.12214507162570953,0.004416193813085556
radial,15,1.3942307689123683,0.1080000028014183,0.010038461536169052,2164.37841796875,0.027866600081324577,0.004517558962106705,0.13970410823822021,0.12213526666164398,0.004220893140882254
radial,15,1.3669871259480715,0.1080000028014183,0.009842307306826115,2156.98681640625,0.029508255422115326,0.003958768676966429,0.14001476764678955,0.1220913976430893,0.004039958585053682
radial,15,1.3397436123341322,0.1080000028014183,0.009646154008805752,2148.98974609375,0.031178779900074005,0.003459799801930785,0.1402626782655716,0.12201713025569916,0.0038753096014261246
radial,15,1.3124999693698354,0.1080000028014183,0.009449999779462814,2140.505126953125,0.03286605328321457,0.0030185317154973745,0.14044800400733948,0.12191642820835114,0.0037296239752322435
radial,15,1.2638889408359926,0.1080000028014183,0.009100000374019146,2124.12890625,0.03593911975622177,0.002353774616494775,0.1406286060810089,0.12167961895465851,0.00352068361826241
radial,15,1.236882655777865,0.1080000028014183,0.008905555121600628,2114.279052734375,0.03770127892494202,0.002043185755610466,0.14064723253250122,0.1215180978178978,0.003433891572058201
radial,15,1.209876500070095,0.1080000028014183,0.008711110800504684,2103.994873046875,0.03949392959475517,0.001772321411408484,0.14060725271701813,0.12133865058422089,0.0033706442918628454
radial,15,1.1828703443623252,0.1080000028014183,0.008516666479408741,2093.3837890625,0.04130280762910843,0.001539713004603982,0.14051219820976257,0.12114442884922028,0.003330742474645376
radial,15,1.1558641886545553,0.1080000028014183,0.008322222158312798,2082.461181640625,0.04313337057828903,0.0013401356991380453,0.1403677761554718,0.12093648314476013,0.0033115469850599766
radial,15,1.1288580329467852,0.1080000028014183,0.008127777837216854,2071.244140625,0.044989388436079025,0.0011694366112351418,0.1401785910129547,0.12071572989225388,0.003310958854854107
radial,15,1.1018518772390153,0.1080000028014183,0.00793333351612091,2059.763671875,0.0468716137111187,0.001024418044835329,0.13994865119457245,0.12048325687646866,0.0033272812142968178
radial,15,1.0748457215312455,0.1080000028014183,0.007738889195024967,2048.0478515625,0.04878018796443939,0.0009024137398228049,0.1396813988685608,0.12024004757404327,0.003359100315719843
radial,15,1.0478395658234756,0.1080000028014183,0.007544444873929024,2036.120849609375,0.050715476274490356,0.0008011632598936558,0.1393796056509018,0.119986891746521,0.0034052603878080845
radial,15,1.0208333454405267,0.1080000028014183,0.007350000087171793,2024.00146484375,0.05267796665430069,0.0007187884766608477,0.1390455663204193,0.11972446739673615,0.0034648459404706955
radial,15,0.9938271897327569,0.1080000028014183,0.0071555557660758495,2011.705078125,0.05466819554567337,0.0006537794251926243,0.13868096470832825,0.1194533184170723,0.003537173615768552
radial,15,0.9668209693498082,0.1080000028014183,0.006961110979318619,1999.2445068359375,0.05668666586279869,0.0006049796938896179,0.13828708231449127,0.11917383968830109,0.0036217798478901386
radial,15,0.9398148136420382,0.1080000028014183,0.006766666658222675,1986.62939453125,0.05873384326696396,0.0005715792067348957,0.13786464929580688,0.11888636648654938,0.0037184208631515503
radial,15,0.9128086579342684,0.1080000028014183,0.006572222337126732,1973.8671875,0.06081005930900574,0.0005531162023544312,0.13741397857666016,0.11859112232923508,0.003827072214335203
radial,15,0.8858024375513196,0.1080000028014183,0.006377777550369501,1960.9632568359375,0.06291547417640686,0.0005494869546964765,0.13693489134311676,0.11828823387622833,0.003947936464101076
radial,15,0.858796217168371,0.1080000028014183,0.00618333276361227,1947.921630859375,0.06504996120929718,0.0005609665531665087,0.13642668724060059,0.11797775328159332,0.004081450402736664
radial,15,0.8317901261357797,0.1080000028014183,0.005988888908177614,1934.745361328125,0.06721299886703491,0.0005882381228730083,0.1358882188796997,0.11765965819358826,0.004228303674608469
radial,15,0.8047839704280099,0.1080000028014183,0.005794444587081671,1921.436767578125,0.06940347701311111,0.0006324315909296274,0.13531780242919922,0.11733387410640717,0.004389454610645771
radial,15,0.7777777500450611,0.1080000028014183,0.00559999980032444,1907.998779296875,0.07161949574947357,0.0006951714749448001,0.13471317291259766,0.1170002669095993,0.004566148389130831
radial,15,0.7507715943372912,0.1080000028014183,0.0054055554792284966,1894.435302734375,0.07385805249214172,0.0007786264177411795,0.13407160341739655,0.11665869504213333,0.00475993100553751
radial,15,0.7237654386295213,0.1080000028014183,0.005211111158132553,1880.7540283203125,0.07611464709043503,0.0008855569176375866,0.13338977098464966,0.11630900204181671,0.004972655326128006
radial,15,0.6967592829217514,0.1080000028014183,0.00501666683703661,1866.9669189453125,0.07838277518749237,0.001019340823404491,0.13266399502754211,0.11595113575458527,0.00520646246150136
radial,15,0.6697530625388026,0.1080000028014183,0.004822222050279379,1853.094482421875,0.08065323531627655,0.0011839480139315128,0.13189028203487396,0.11558519303798676,0.0054637067951262
radial,15,0.6427469068310327,0.1080000028014183,0.0046277777291834354,1839.169189453125,0.08291345089673996,0.0013838328886777163,0.13106483221054077,0.11521154642105103,0.00574682978913188
radial,15,0.6157407511232628,0.1080000028014183,0.004433333408087492,1825.2376708984375,0.08514712750911713,0.0016237277304753661,0.13018430769443512,0.11483097821474075,0.006058176048099995
radial,15,0.5887345954154929,0.1080000028014183,0.0042388890869915485,1811.355224609375,0.0873352512717247,0.0019084359519183636,0.12924598157405853,0.11444451659917831,0.006399895064532757
radial,15,0.5617283750325441,0.1080000028014183,0.004044444300234318,1797.555419921875,0.08946160972118378,0.002243303693830967,0.1282457411289215,0.11405263841152191,0.00677462387830019
radial,15,0.5347222193247743,0.1080000028014183,0.0038499999791383743,1783.875732421875,0.09151016920804977,0.0026335427537560463,0.12717971205711365,0.11365573108196259,0.0071848309598863125
radial,15,0.49999999141113627,0.1080000028014183,0.003599999938160181,1766.7774658203125,0.0939638614654541,0.003214110154658556,0.1257321834564209,0.11314728856086731,0.00775779876857996
radial,15,0.4583333308498065,0.1080000028014183,0.0032999999821186066,1747.5023193359375,0.09654098749160767,0.004009881988167763,0.12393233180046082,0.11255795508623123,0.008492663502693176
radial,15,0.4166666702884767,0.1080000028014183,0.003000000026077032,1729.78271484375,0.09868411719799042,0.004893595818430185,0.12210337072610855,0.11200083792209625,0.009261258877813816
radial,15,0.3750000097271469,0.1080000028014183,0.0027000000700354576,1713.599365234375,0.10041709244251251,0.005841464269906282,0.12027935683727264,0.11147823929786682,0.01004469022154808
radial,15,0.3333333491658171,0.1080000028014183,0.002400000113993883,1698.934814453125,0.1017879843711853,0.006820204202085733,0.11850918084383011,0.11099082231521606,0.010813755914568901
radial,15,0.2916666562668979,0.1080000028014183,0.002099999925121665,1685.79736328125,0.1028549075126648,0.007791945710778236,0.11684715002775192,0.11053930968046188,0.011535964906215668
radial,15,0.24999999570556813,0.1080000028014183,0.0017999999690800905,1674.190185546875,0.10367657989263535,0.008721448481082916,0.11533679068088531,0.11012545228004456,0.012186391279101372
radial,15,0.20833333514423835,0.1080000028014183,0.001500000013038516,1664.1259765625,0.10430420190095901,0.009577632881700993,0.11400847136974335,0.10975299775600433,0.012749822810292244
radial,15,0.16666667458290854,0.1080000028014183,0.0012000000569969416,1655.633544921875,0.10477830469608307,0.010333698242902756,0.11288132518529892,0.10942775011062622,0.013219518586993217
radial,15,0.12499999785278407,0.1080000028014183,0.0008999999845400453,1648.79736328125,0.10512708127498627,0.01096295565366745,0.11197314411401749,0.10915817320346832,0.013591418042778969
radial,15,0.08333333729145427,0.1080000028014183,0.0006000000284984708,1643.7589111328125,0.10536737740039825,0.011437661945819855,0.11130455881357193,0.10895492881536484,0.013861138373613358
radial,15,0.041666668645727135,0.1080000028014183,0.0003000000142492354,1640.664794921875,0.10550849884748459,0.011733463034033775,0.11089468002319336,0.10882820934057236,0.014024699106812477
radial,15,0.0,0.1080000028014183,0.0,1639.62109375,0.10555505752563477,0.011833954602479935,0.11075657606124878,0.10878512263298035,0.014079495333135128
radial,30,30.000000778171753,0.2160000056028366,0.2160000056028366,335.2237854003906,1.4671625692130874e-08,0.21920214593410492,0.002949537942185998,0.008305230177938938,4.912857676231397e-08
radial,30,29.585686408811146,0.2160000056028366,0.21301694214344025,331.7983093261719,1.2294463225259733e-08,0.220955491065979,0.0027625979855656624,0.008194622583687305,3.867937792279008e-08
radial,30,29.171374109056263,0.2160000056028366,0.21003389358520508,331.7734375,1.2261134330060486e-08,0.22096450626850128,0.0027615006547421217,0.00819393154233694,3.86094924920144e-08
radial,30,28.757061809301376,0.2160000056028366,0.2070508450269699,331.7344665527344,1.219779655059483e-08,0.22097881138324738,0.0027597686275839806,0.008192840963602066,3.848807494932771e-08
radial,30,28.342749509546493,0.2160000056028366,0.20406779646873474,331.6812744140625,1.2117742365091999e-08,0.22099842131137848,0.002757401904091239,0.00819135271012783,3.834535533542294e-08
radial,30,27.928437209791607,0.2160000056028366,0.20108474791049957,331.6136474609375,1.2028280593767704e-08,0.22102342545986176,0.0027543914038687944,0.008189462125301361,3.8201946495064476e-08
radial,30,27.514124910036724,0.2160000056028366,0.1981016993522644,331.53179931640625,1.1936929666944707e-08,0.22105373442173004,0.002750748535618186,0.008187176659703255,3.807836179703372e-08
radial,30,27.099812610281838,0.2160000056028366,0.19511865079402924,331.4358825683594,1.1849055958634835e-08,0.22108933329582214,0.002746481914073229,0.008184503763914108,3.798977132873915e-08
radial,30,26.685498240921234,0.2160000056028366,0.19213558733463287,331.3260498046875,1.1768383600951893e-08,0.22113020718097687,0.0027415978256613016,0.008181448094546795,3.794650638155872e-08
radial,30,26.271185941166348,0.2160000056028366,0.1891525387763977,331.2023620605469,1.1697512292130341e-08,0.22117631137371063,0.002736102556809783,0.008178015239536762,3.795554448515759e-08
radial,30,25.856873641411465,0.2160000056028366,0.18616949021816254,331.0649719238281,1.1638393360158261e-08,0.22122766077518463,0.0027300016954541206,0.008174208924174309,3.8021486403749805e-08
radial,30,25.442561341656578,0.2160000056028366,0.18318644165992737,330.9139099121094,1.159255003102544e-08,0.22128425538539886,0.0027233005966991186,0.008170033805072308,3.8147003778021826e-08
radial,30,25.028249041901695,0.2160000056028366,0.1802033931016922,330.7492980957031,1.1561058776976552e-08,0.22134608030319214,0.0027160043828189373,0.008165494538843632,3.833367756556072e-08
radial,30,24.613936742146812,0.2160000056028366,0.17722034454345703,330.57122802734375,1.1544660338813628e-08,0.22141313552856445,0.002708119573071599,0.008160595782101154,3.858267305645313e-08
radial,30,24.199622372786205,0.2160000056028366,0.17423728108406067,330.3797607421875,1.154367534894618e-08,0.221485435962677,0.0026996524538844824,0.008155344054102898,3.889484645469565e-08
radial,30,23.78531007303132,0.2160000056028366,0.1712542325258255,330.175048828125,1.1558095813768432e-08,0.2215629667043686,0.0026906102430075407,0.008149744011461735,3.927100067357969e-08
radial,30,23.370997773276436,0.2160000056028366,0.16827118396759033,329.9571838378906,1.1587656167932892e-08,0.22164574265480042,0.00268100225366652,0.008143804967403412,3.9712102051225884e-08
radial,30,22.956685473521553,0.2160000056028366,0.16528813540935516,329.7263488769531,1.163194074393914e-08,0.22173373401165009,0.0026708380319178104,0.008137533441185951,4.0219429564558595e-08
radial,30,22.542373173766666,0.2160000056028366,0.16230508685112,329.4826965332031,1.1690454826407404e-08,0.2218269556760788,0.0026601303834468126,0.008130939677357674,4.0794702726998366e-08
radial,30,22.128060874011783,0.2160000056028366,0.15932203829288483,329.2264404296875,1.1762691265460035e-08,0.22192536294460297,0.0026488930452615023,0.008124036714434624,4.1440177511731235e-08
radial,30,21.713748574256897,0.2160000056028366,0.15633898973464966,328.9578552246094,1.1848173109285653e-08,0.2220289558172226,0.0026371432468295097,0.008116835728287697,4.2158752933119104e-08
radial,30,21.29943420489629,0.2160000056028366,0.1533559262752533,328.67718505859375,1.1946494460346457e-08,0.2221377044916153,0.0026249010115861893,0.008109355345368385,4.295409539167849e-08
radial,30,20.885121905141407,0.2160000056028366,0.15037287771701813,328.38482666015625,1.2057341791660292e-08,0.2222515493631363,0.00261218985542655,0.008101612329483032,4.3830759466345626e-08
radial,30,20.470809605386524,0.2160000056028366,0.14738982915878296,328.0811462402344,1.2180514374904305e-08,0.2223704606294632,0.002599037019535899,0.008093629032373428,4.479435489201933e-08
radial,30,20.056497305631638,0.2160000056028366,0.1444067806005478,327.7666320800781,1.2315938491269662e-08,0.22249437868595123,0.002585474867373705,0.008085430599749088,4.585169932624922e-08
radial,30,19.642185005876755,0.2160000056028366,0.14142373204231262,327.4418029785156,1.2463687859565198e-08,0.22262321412563324,0.0025715408846735954,0.008077047765254974,4.7011027959342755e-08
radial,30,19.227872706121868,0.2160000056028366,0.13844068348407745,327.1072998046875,1.2624012946105267e-08,0.22275690734386444,0.0025572781451046467,0.008068514056503773,4.828222444075436e-08
radial,30,18.813558336761265,0.2160000056028366,0.1354576200246811,326.763916015625,1.2797383597273893e-08,0.2228953242301941,0.0025427378714084625,0.008059869520366192,4.967710864889341e-08
radial,30,18.399246037006378,0.2160000056028366,0.13247457146644592,326.41241455078125,1.2984531672088906e-08,0.22303836047649384,0.002527977805584669,0.008051159791648388,5.120973867178691e-08
radial,30,17.984933737251495,0.2160000056028366,0.12949152290821075,326.0538024902344,1.3186465253056667e-08,0.22318588197231293,0.0025130659341812134,0.008042437955737114,5.289679450015683e-08
radial,30,17.57062143749661,0.2160000056028366,0.12650847434997559,325.6892395019531,1.3404434895392114e-08,0.22333770990371704,0.0024980802554637194,0.008033767342567444,5.47579794840658e-08
radial,30,17.156309137741726,0.2160000056028366,0.12352542579174042,325.32000732421875,1.363985369096099e-08,0.22349368035793304,0.0024831111077219248,0.0080252168700099,5.681639336785338e-08
radial,30,16.74199580318398,0.2160000056028366,0.12054236978292465,324.94757080078125,1.389427772835461e-08,0.22365356981754303,0.002468263264745474,0.008016870357096195,5.9098763216525185e-08
radial,30,16.327683503429096,0.2160000056028366,0.11755932122468948,324.57373046875,1.4169354578541515e-08,0.2238171249628067,0.0024536580312997103,0.008008822798728943,6.163645593915135e-08
radial,30,15.913371203674211,0.2160000056028366,0.11457627266645432,324.2004089355469,1.4467367748238757e-08,0.22398407757282257,0.002439436037093401,0.008001185953617096,6.446767031320633e-08
radial,30,15.499057869116466,0.2160000056028366,0.11159321665763855,323.83001708984375,1.479099953627383e-08,0.22415408492088318,0.002425762126222253,0.007994089275598526,6.763711724033783e-08
radial,30,15.084745569361582,0.2160000056028366,0.10861016809940338,323.4652099609375,1.51436072570732e-08,0.22432680428028107,0.0024128276854753494,0.007987684570252895,7.119735556671003e-08
radial,30,14.670433269606697,0.2160000056028366,0.10562711954116821,323.109130859375,1.552950124050767e-08,0.22450178861618042,0.0024008576292544603,0.007982149720191956,7.521158806866879e-08
radial,30,14.256120969851812,0.2160000056028366,0.10264407098293304,322.7655334472656,1.5954006116203345e-08,0.22467857599258423,0.0023901169188320637,0.007977697066962719,7.975575044838479e-08
radial,30,13.841807635294067,0.2160000056028366,0.09966101497411728,322.43878173828125,1.6424365867351298e-08,0.22485660016536713,0.0023809203412383795,0.007974574342370033,8.492416014860282e-08
radial,30,13.427495335539183,0.2160000056028366,0.09667796641588211,322.1341247558594,1.6950449932551237e-08,0.22503522038459778,0.0023736448492854834,0.007973084226250648,9.083323959657719e-08
radial,30,13.013183035784298,0.2160000056028366,0.09369491785764694,321.85784912109375,1.7545847441624574e-08,0.2252136915922165,0.0023687442298978567,0.007973588071763515,9.762787556155672e-08
radial,30,12.598869701226553,0.2160000056028366,0.09071186184883118,321.6176452636719,1.8229442844130972e-08,0.22539111971855164,0.0023667726200073957,0.007976528257131577,1.0549432261086622e-07
radial,30,12.184557401471668,0.2160000056028366,0.08772881329059601,321.4230041503906,1.9026517250608777e-08,0.22556643187999725,0.002368413144722581,0.00798245333135128,1.1467171390222575e-07
radial,30,11.770245101716784,0.2160000056028366,0.08474576473236084,321.28570556640625,1.9970160636262335e-08,0.2257383167743683,0.002374519594013691,0.007992046885192394,1.2546948369163147e-07
radial,30,11.355931767159039,0.2160000056028366,0.08176270872354507,321.2208251953125,2.110396479793053e-08,0.2259051650762558,0.0023861760273575783,0.008006179705262184,1.3829561851252947e-07
radial,30,10.941619467404154,0.2160000056028366,0.0787796601653099,321.2478942871094,2.2486153383738383e-08,0.22606492042541504,0.0024047845508903265,0.008025978691875935,1.5369711547918996e-07
radial,30,10.527307167649269,0.2160000056028366,0.07579661160707474,321.392822265625,2.4196937786769013e-08,0.2262149602174759,0.002432197332382202,0.00805293396115303,1.7242406613604544e-07
radial,30,10.112993833091524,0.2160000056028366,0.07281355559825897,321.690673828125,2.63502286657058e-08,0.22635173797607422,0.002470918232575059,0.008089061826467514,1.9552938113065466e-07
radial,30,9.69868153333664,0.2160000056028366,0.0698305070400238,322.1895751953125,2.9109044064057343e-08,0.22647026181221008,0.002524328650906682,0.008137078955769539,2.2449104619681748e-07
radial,30,9.284369233581755,0.2160000056028366,0.06684745848178864,322.9573669433594,3.271783910463455e-08,0.22656351327896118,0.0025971734430640936,0.008200796321034431,2.614851553062181e-07
radial,30,8.87005693382687,0.2160000056028366,0.06386440992355347,324.0962219238281,3.7570277555687426e-08,0.22662140429019928,0.0026965849101543427,0.00828595831990242,3.099670493611484e-07
radial,30,8.455744116670555,0.2160000056028366,0.060881357640028,325.7685546875,4.433674050119407e-08,0.22662831842899323,0.002833841135725379,0.008401653729379177,3.7573059330497927e-07
radial,30,8.04143129951424,0.2160000056028366,0.05789830535650253,328.2480163574219,5.42394218427944e-08,0.22655817866325378,0.0030277916230261326,0.00856307614594698,4.691535764322907e-07
radial,30,7.627118482357926,0.2160000056028366,0.054915253072977066,332.0322570800781,6.972339861022192e-08,0.22636370360851288,0.0033123388420790434,0.00879754964262247,6.105813668000337e-07
radial,30,7.212806182603042,0.2160000056028366,0.0519322045147419,338.1094055175781,9.629186337178908e-08,0.22595107555389404,0.00375391636043787,0.00915859080851078,8.447058803540131e-07
radial,30,6.798493365446727,0.2160000056028366,0.04894915223121643,348.6063232421875,1.481412539305893e-07,0.225118026137352,0.0044930120930075645,0.00975930318236351,1.2832292668463197e-06
radial,30,6.384180548290412,0.2160000056028366,0.045966099947690964,368.15423583984375,2.668295451258018e-07,0.22342386841773987,0.005827717948704958,0.010839502327144146,2.2384840576705756e-06
radial,30,5.969868248535527,0.2160000056028366,0.042983051389455795,406.16961669921875,5.905019975216419e-07,0.21998059749603271,0.008343956433236599,0.012870545499026775,4.680692200054182e-06
radial,30,5.555555431379212,0.2160000056028366,0.03999999910593033,477.5406494140625,1.598093604116002e-06,0.21342964470386505,0.012912794016301632,0.016554515808820724,1.1653942237899173e-05
radial,30,5.444444509016143,0.2160000056028366,0.03920000046491623,504.56658935546875,2.10861526284134e-06,0.210946187376976,0.014613076113164425,0.017925448715686798,1.5023292689875234e-05
radial,30,5.333333586653073,0.2160000056028366,0.03840000182390213,534.5695190429688,2.812797220030916e-06,0.2081906646490097,0.016485732048749924,0.019435899332165718,1.9488619727781042e-05
radial,30,5.222222146888574,0.2160000056028366,0.03759999945759773,566.5714111328125,3.752267957679578e-06,0.20525117218494415,0.018469762057065964,0.021037044003605843,2.5212830223608762e-05
radial,30,5.111111224525505,0.2160000056028366,0.03680000081658363,601.2622680664062,5.022468940296676e-06,0.20206063985824585,0.020610090345144272,0.022765563800930977,3.265553095843643e-05
radial,30,4.999999784761005,0.2160000056028366,0.035999998450279236,638.6817626953125,6.729841516062152e-06,0.1986110359430313,0.02291141264140606,0.024625808000564575,4.227370664011687e-05
radial,30,4.888888862397936,0.2160000056028366,0.03519999980926514,678.614990234375,9.001076250569895e-06,0.19491666555404663,0.025363460183143616,0.026610160246491432,5.456352300825529e-05
radial,30,4.777777940034866,0.2160000056028366,0.03440000116825104,720.8486328125,1.19957612696453e-05,0.19099071621894836,0.027956785634160042,0.028711780905723572,7.011166599113494e-05
radial,30,4.666666500270367,0.2160000056028366,0.03359999880194664,765.2061767578125,1.5915635231067427e-05,0.18684224784374237,0.030684659257531166,0.030926154926419258,8.961658022599295e-05
radial,30,4.555555577907297,0.2160000056028366,0.03280000016093254,811.5372314453125,2.1013844161643647e-05,0.18247763812541962,0.03354208171367645,0.03325030952692032,0.00011390046711312607
radial,30,4.4444446555442285,0.2160000056028366,0.03200000151991844,859.714111328125,2.7606529329204932e-05,0.1779012531042099,0.03652524575591087,0.03568239510059357,0.00014392346201930195
radial,30,4.333333215779729,0.2160000056028366,0.031199999153614044,909.6328125,3.608732731663622e-05,0.1731158196926117,0.03963121771812439,0.03822146728634834,0.00018079992150887847
radial,30,4.222222293416659,0.2160000056028366,0.030400000512599945,961.2155151367188,4.6945238864282146e-05,0.168122798204422,0.042857713997364044,0.04086729884147644,0.00022581583471037447
radial,30,4.111111112352875,0.2160000056028366,0.029600000008940697,1014.4132080078125,6.078699880163185e-05,0.16292248666286469,0.04620295763015747,0.04362030327320099,0.00028044809005223215
radial,30,3.99999993128909,0.2160000056028366,0.02879999950528145,1069.19091796875,7.836495933588594e-05,0.15751415491104126,0.04966556653380394,0.046481478959321976,0.00034638456418178976
radial,30,3.8888890089260206,0.2160000056028366,0.02800000086426735,1125.48291015625,0.00010060392378363758,0.15189798176288605,0.053243283182382584,0.049451347440481186,0.00042551683145575225
radial,30,3.7777778278622365,0.2160000056028366,0.0272000003606081,1183.1357421875,0.00012861128197982907,0.14608053863048553,0.056929487735033035,0.05252708122134209,0.0005198543076403439
radial,30,3.666666646798452,0.2160000056028366,0.026399999856948853,1241.969482421875,0.000163728604093194,0.14007069170475006,0.060715869069099426,0.05570467188954353,0.000631560105830431
radial,30,3.5555554657346673,0.2160000056028366,0.025599999353289604,1301.843017578125,0.00020761146151926368,0.1338736116886139,0.06459616124629974,0.05898202583193779,0.0007630354375578463
radial,30,3.444444543371598,0.2160000056028366,0.024800000712275505,1362.615478515625,0.000262286514043808,0.1274941861629486,0.0685640275478363,0.06235720217227936,0.0009168650722131133
radial,30,3.3333333623078136,0.2160000056028366,0.024000000208616257,1424.12548828125,0.00033022003481164575,0.12093905359506607,0.07261177152395248,0.06582729518413544,0.0010957451304420829
radial,30,3.222222181244029,0.2160000056028366,0.02319999970495701,1486.189453125,0.00041441377834416926,0.11421680450439453,0.07673028856515884,0.06938827782869339,0.0013024188810959458
radial,30,3.1111110001802444,0.2160000056028366,0.02239999920129776,1548.615478515625,0.0005185524933040142,0.10733642429113388,0.08091006428003311,0.07303579896688461,0.0015396485105156898
radial,30,3.0000000778171754,0.2160000056028366,0.02160000056028366,1611.1923828125,0.0006471555680036545,0.10030841827392578,0.08514060825109482,0.07676450908184052,0.0018100716406479478
radial,30,2.888888896753391,0.2160000056028366,0.020800000056624413,1673.6390380859375,0.000805662595666945,0.09315074235200882,0.0894070714712143,0.08056483417749405,0.0021157949231565
radial,30,2.777777715689606,0.2160000056028366,0.019999999552965164,1736.2115478515625,0.001002469565719366,0.08582617342472076,0.09372729063034058,0.08445616066455841,0.002461186842992902
radial,30,2.7222222545080714,0.2160000056028366,0.019600000232458115,1767.535888671875,0.0011179909342899919,0.0820939838886261,0.09591078758239746,0.08643960952758789,0.0026497310027480125
radial,30,2.6666667933265367,0.2160000056028366,0.019200000911951065,1798.3858642578125,0.0012453146046027541,0.07836688309907913,0.09807907789945602,0.08842049539089203,0.0028464519418776035
radial,30,2.611111073444287,0.2160000056028366,0.018799999728798866,1828.60546875,0.0013850654941052198,0.0746665894985199,0.10021942108869553,0.09038704633712769,0.0030501403380185366
radial,30,2.5555556122627525,0.2160000056028366,0.018400000408291817,1858.366943359375,0.0015395459486171603,0.070970319211483,0.10234501957893372,0.0923510491847992,0.003261831123381853
radial,30,2.4999998923805027,0.2160000056028366,0.017999999225139618,1887.6851806640625,0.0017106783343479037,0.06727401912212372,0.1044582799077034,0.09431427717208862,0.003481482621282339
radial,30,2.444444431198968,0.2160000056028366,0.01759999990463257,1916.4742431640625,0.0019000943284481764,0.06358607858419418,0.10655457526445389,0.09627179801464081,0.0037081821355968714
radial,30,2.388888970017433,0.2160000056028366,0.01720000058412552,1944.6397705078125,0.0021095469128340483,0.05991612747311592,0.10862882435321808,0.0982179045677185,0.003940715454518795
radial,30,2.3333332501351833,0.2160000056028366,0.01679999940097332,1972.08935546875,0.0023409901186823845,0.0562736950814724,0.11067627370357513,0.10014685988426208,0.004177607595920563
radial,30,2.2777777889536486,0.2160000056028366,0.01640000008046627,1998.72607421875,0.00259655574336648,0.05266905203461647,0.11269209533929825,0.10205236077308655,0.004417030140757561
radial,30,2.2222223277721143,0.2160000056028366,0.01600000075995922,2024.44677734375,0.0028785481117665768,0.04911351203918457,0.11467122286558151,0.10392742604017258,0.00465672742575407
radial,30,2.1666666078898644,0.2160000056028366,0.015599999576807022,2049.142578125,0.0031894580461084843,0.04561940208077431,0.11660850793123245,0.10576435923576355,0.004893965553492308
radial,30,2.1111111467083297,0.2160000056028366,0.015200000256299973,2072.69873046875,0.0035319733433425426,0.04220004752278328,0.11849873512983322,0.10755473375320435,0.005125466734170914
radial,30,2.0555555561764374,0.2160000056028366,0.014800000004470348,2094.99609375,0.003908978309482336,0.03886989876627922,0.12033665180206299,0.10928931832313538,0.005347333382815123
radial,30,1.999999965644545,0.2160000056028366,0.014399999752640724,2115.90771484375,0.0043235295452177525,0.03564473241567612,0.12211696803569794,0.11095794290304184,0.005554962437599897
radial,30,1.9444445044630103,0.2160000056028366,0.014000000432133675,2135.302490234375,0.004778850823640823,0.03254159912467003,0.12383443117141724,0.11254948377609253,0.005742969922721386
radial,30,1.8888889139311182,0.2160000056028366,0.01360000018030405,2153.049072265625,0.005278445780277252,0.029578059911727905,0.1254843920469284,0.11405228078365326,0.0059051550924777985
radial,30,1.833333323399226,0.2160000056028366,0.013199999928474426,2169.02197265625,0.005826362408697605,0.026771049946546555,0.1270635426044464,0.11545461416244507,0.006034451071172953
radial,30,1.7777777328673336,0.2160000056028366,0.012799999676644802,2183.091796875,0.0064269425347447395,0.024138713255524635,0.12856900691986084,0.11674375087022781,0.0061226943507790565
radial,30,1.722222271685799,0.2160000056028366,0.012400000356137753,2195.0947265625,0.007082996889948845,0.021706977859139442,0.12999464571475983,0.11790278553962708,0.006160435266792774
radial,30,1.6666666811539068,0.2160000056028366,0.012000000104308128,2205.01318359375,0.007802488282322884,0.019475121051073074,0.13134804368019104,0.11892925202846527,0.006141120567917824
radial,30,1.63942303818961,0.2160000056028366,0.011803845874965191,2209.154296875,0.008180651813745499,0.01844618283212185,0.13198968768119812,0.11938799172639847,0.006111111491918564
radial,30,1.6121795245756707,0.2160000056028366,0.011607692576944828,2212.81103515625,0.008570355363190174,0.01746748387813568,0.13261042535305023,0.11981524527072906,0.0060697756707668304
radial,30,1.5849358816113737,0.2160000056028366,0.01141153834760189,2215.987060546875,0.008967740461230278,0.016543710604310036,0.13320593535900116,0.1202097088098526,0.006018686108291149
radial,30,1.5576923679974344,0.2160000056028366,0.011215385049581528,2218.72900390625,0.009373739361763,0.01566743664443493,0.13377970457077026,0.12057538330554962,0.005958843976259232
radial,30,1.5304487250331376,0.2160000056028366,0.01101923082023859,2221.068603515625,0.009788223542273045,0.01483452320098877,0.13433322310447693,0.12091473489999771,0.0058912234380841255
radial,30,1.5032050820688407,0.2160000056028366,0.010823076590895653,2223.029052734375,0.010210108011960983,0.014043215662240982,0.1348666101694107,0.12122917175292969,0.005816843826323748
radial,30,1.4759615684549015,0.2160000056028366,0.01062692329287529,2224.633056640625,0.010638246312737465,0.013291955925524235,0.13537989556789398,0.12151998281478882,0.005736669525504112
radial,30,1.4487179254906046,0.2160000056028366,0.010430769063532352,2225.902587890625,0.011071613058447838,0.012579040601849556,0.13587328791618347,0.12178850173950195,0.005651580635458231
radial,30,1.4214744118766653,0.2160000056028366,0.01023461576551199,2226.85986328125,0.011509205214679241,0.011902817524969578,0.13634702563285828,0.12203601002693176,0.005562394391745329
radial,30,1.3942307689123683,0.2160000056028366,0.010038461536169052,2227.525634765625,0.011950039304792881,0.011261693201959133,0.13680142164230347,0.12226372957229614,0.005469866096973419
radial,30,1.3669871259480715,0.2160000056028366,0.009842307306826115,2227.92138671875,0.012393512763082981,0.010653646662831306,0.13723713159561157,0.12247300148010254,0.005374615546315908
radial,30,1.3397436123341322,0.2160000056028366,0.009646154008805752,2228.066162109375,0.012839562259614468,0.010076111182570457,0.13765528798103333,0.12266530096530914,0.0052770934998989105
radial,30,1.3124999693698354,0.2160000056028366,0.009449999779462814,2227.979736328125,0.01328465435653925,0.009530887939035892,0.13805389404296875,0.12284067273139954,0.0051784696988761425
radial,30,1.2638889408359926,0.2160000056028366,0.009100000374019146,2227.316162109375,0.014074524864554405,0.00863218680024147,0.13871893286705017,0.12311552464962006,0.005001360550522804
radial,30,1.236882655777865,0.2160000056028366,0.008905555121600628,2226.687744140625,0.014513020403683186,0.00816839374601841,0.1390661895275116,0.12324964255094528,0.004902268759906292
radial,30,1.209876500070095,0.2160000056028366,0.008711110800504684,2225.89794921875,0.014949057251214981,0.0077294958755373955,0.13939723372459412,0.12337137758731842,0.004803501535207033
radial,30,1.1828703443623252,0.2160000056028366,0.008516666479408741,2224.96533203125,0.015380488708615303,0.0073157018050551414,0.13971149921417236,0.12348119169473648,0.004705741070210934
radial,30,1.1558641886545553,0.2160000056028366,0.008322222158312798,2223.904541015625,0.01580709032714367,0.006925301160663366,0.14000985026359558,0.12358007580041885,0.004609201569110155
radial,30,1.1288580329467852,0.2160000056028366,0.008127777837216854,2222.72998046875,0.016228370368480682,0.0065569644793868065,0.1402929574251175,0.12366888672113419,0.004514129366725683
radial,30,1.1018518772390153,0.2160000056028366,0.00793333351612091,2221.456298828125,0.016643645241856575,0.0062096258625388145,0.1405612975358963,0.12374837696552277,0.004420788958668709
radial,30,1.0748456568560667,0.2160000056028366,0.00773888872936368,2220.097412109375,0.017052194103598595,0.005882317200303078,0.14081531763076782,0.12381923943758011,0.004329428542405367
radial,30,1.0478395011482968,0.2160000056028366,0.0075444444082677364,2218.666015625,0.01745334081351757,0.005574097391217947,0.14105550944805145,0.12388215214014053,0.004240264650434256
radial,30,1.0208333454405267,0.2160000056028366,0.007350000087171793,2217.17529296875,0.017846442759037018,0.005284060724079609,0.141282320022583,0.12393775582313538,0.004153486341238022
radial,30,0.9938271897327569,0.2160000056028366,0.0071555557660758495,2215.636962890625,0.018230890855193138,0.005011344328522682,0.1414962261915207,0.12398664653301239,0.004069257061928511
radial,30,0.9668209693498082,0.2160000056028366,0.006961110979318619,2214.0625,0.01860610768198967,0.004755120724439621,0.1416977047920227,0.12402941286563873,0.003987716510891914
radial,30,0.9398148136420382,0.2160000056028366,0.006766666658222675,2212.462646484375,0.018971579149365425,0.004514585714787245,0.14188720285892487,0.12406658381223679,0.003908978309482336
radial,30,0.9128086579342684,0.2160000056028366,0.006572222337126732,2210.847412109375,0.019326848909258842,0.004288957454264164,0.14206522703170776,0.12409866601228714,0.003833130467683077
radial,30,0.8858024375513196,0.2160000056028366,0.006377777550369501,2209.2255859375,0.019671520218253136,0.00407747644931078,0.1422322541475296,0.12412615865468979,0.0037602363154292107
radial,30,0.8587962818435497,0.2160000056028366,0.006183333229273558,2207.606201171875,0.0200052410364151,0.0038794137071818113,0.14238877594470978,0.12414950132369995,0.003690340556204319
radial,30,0.8317901261357797,0.2160000056028366,0.005988888908177614,2205.996826171875,0.02032770961523056,0.003694071201607585,0.1425352543592453,0.12416912615299225,0.0036234697327017784
radial,30,0.8047839704280099,0.2160000056028366,0.005794444587081671,2204.40478515625,0.02063867449760437,0.0035207809414714575,0.14267215132713318,0.12418542057275772,0.0035596343223005533
radial,30,0.7777777500450611,0.2160000056028366,0.00559999980032444,2202.8369140625,0.020937927067279816,0.0033589035738259554,0.14279994368553162,0.12419874966144562,0.0034988289698958397
radial,30,0.7507715943372912,0.2160000056028366,0.0054055554792284966,2201.298583984375,0.021225325763225555,0.003207823494449258,0.14291907846927643,0.1242094561457634,0.003441033186390996
radial,30,0.7237654386295213,0.2160000056028366,0.005211111158132553,2199.794921875,0.021500786766409874,0.003066943259909749,0.14303000271320343,0.12421786040067673,0.003386210883036256
radial,30,0.6967592829217514,0.2160000056028366,0.00501666683703661,2198.330810546875,0.021764280274510384,0.0029356880113482475,0.14313314855098724,0.1242242306470871,0.0033343129325658083
radial,30,0.6697530625388026,0.2160000056028366,0.004822222050279379,2196.91015625,0.022015800699591637,0.002813520608469844,0.1432289332151413,0.12422885000705719,0.003285285085439682
radial,30,0.6427469068310327,0.2160000056028366,0.0046277777291834354,2195.535888671875,0.02225537970662117,0.002699929289519787,0.14331777393817902,0.12423194944858551,0.003239064710214734
radial,30,0.6157407511232628,0.2160000056028366,0.004433333408087492,2194.2109375,0.022483214735984802,0.0025943699292838573,0.14340010285377502,0.12423375248908997,0.0031955582089722157
radial,30,0.5887345954154929,0.2160000056028366,0.0042388890869915485,2192.93701171875,0.022699426859617233,0.0024963761679828167,0.14347627758979797,0.12423446029424667,0.0031546885147690773
radial,30,0.5617283750325441,0.2160000056028366,0.004044444300234318,2191.718505859375,0.02290382608771324,0.002405656734481454,0.14354658126831055,0.12423423677682877,0.0031164370011538267
radial,30,0.5347222193247743,0.2160000056028366,0.0038499999791383743,2190.556396484375,0.02309659868478775,0.0023217881098389626,0.14361132681369781,0.12423326075077057,0.003080716822296381
radial,30,0.49999999141113627,0.2160000056028366,0.003599999938160181,2189.14306640625,0.023328466340899467,0.00222303019836545,0.14368724822998047,0.12423112243413925,0.0030382212717086077
radial,30,0.4583333308498065,0.2160000056028366,0.0032999999821186066,2187.570068359375,0.02358323708176613,0.002117137424647808,0.14376820623874664,0.12422759085893631,0.002992141991853714
radial,30,0.4166666702884767,0.2160000056028366,0.003000000026077032,2186.1396484375,0.02381208725273609,0.002024340210482478,0.14383868873119354,0.12422338128089905,0.0029513288754969835
radial,30,0.3750000097271469,0.2160000056028366,0.0027000000700354576,2184.85107421875,0.02401597425341606,0.0019434996647760272,0.14389966428279877,0.12421882152557373,0.002915454562753439
radial,30,0.3333333491658171,0.2160000056028366,0.002400000113993883,2183.70166015625,0.024196140468120575,0.001873489934951067,0.1439521312713623,0.12421416491270065,0.0028841581661254168
radial,30,0.2916666562668979,0.2160000056028366,0.002099999925121665,2182.69091796875,0.024353237822651863,0.0018135278951376677,0.14399676024913788,0.12420964241027832,0.002857196144759655
radial,30,0.24999999570556813,0.2160000056028366,0.0017999999690800905,2181.818603515625,0.024487856775522232,0.0017629469512030482,0.14403414726257324,0.12420541793107986,0.002834349637851119
radial,30,0.20833333514423835,0.2160000056028366,0.001500000013038516,2181.083251953125,0.024600641801953316,0.0017211384838446975,0.14406485855579376,0.12420164048671722,0.002815401880070567
radial,30,0.16666667458290854,0.2160000056028366,0.0012000000569969416,2180.483642578125,0.024692192673683167,0.0016875823494046926,0.14408937096595764,0.12419840693473816,0.0028001596219837666
radial,30,0.12499999785278407,0.2160000056028366,0.0008999999845400453,2180.019287109375,0.024762753397226334,0.001661954098381102,0.14410798251628876,0.12419582158327103,0.0027885078452527523
radial,30,0.08333333729145427,0.2160000056028366,0.0006000000284984708,2179.6904296875,0.02481263130903244,0.0016439593164250255,0.1441209763288498,0.1241939440369606,0.0027803273405879736
radial,30,0.041666668645727135,0.2160000056028366,0.0003000000142492354,2179.4931640625,0.024842461571097374,0.0016332430532202125,0.1441286951303482,0.12419280409812927,0.0027754565235227346
radial,30,0.0,0.2160000056028366,0.0,2179.42724609375,0.024852436035871506,0.0016296671237796545,0.14413125813007355,0.12419241666793823,0.0027738308999687433
radial,45,30.000002847777473,0.3240000009536743,0.2160000205039978,410.8369140625,1.1763433782618904e-08,0.19338935613632202,0.006911202799528837,0.010963423177599907,5.871300245985367e-08
radial,45,29.585686408811146,0.3240000009536743,0.21301694214344025,406.761474609375,9.499435904558595e-09,0.19648322463035583,0.00673495139926672,0.010897602885961533,4.7709363570902497e-08
radial,45,29.171374109056263,0.3240000009536743,0.21003389358520508,406.76519775390625,9.507800768915331e-09,0.19648988544940948,0.006735643371939659,0.010898362845182419,4.779246509656332e-08
radial,45,28.757061809301376,0.3240000009536743,0.2070508450269699,406.7680969238281,9.518966059829381e-09,0.1965019702911377,0.0067366063594818115,0.010899493470788002,4.7930406310570106e-08
radial,45,28.342749509546493,0.3240000009536743,0.20406779646873474,406.77227783203125,9.533858147392493e-09,0.19651862978935242,0.006737955845892429,0.0109010711312294,4.812228482364844e-08
radial,45,27.92843927939733,0.3240000009536743,0.20108476281166077,406.77789306640625,9.552627133757596e-09,0.19654002785682678,0.006739710923284292,0.010903116315603256,4.837002265389856e-08
radial,45,27.514124910036724,0.3240000009536743,0.1981016993522644,406.7849426269531,9.575315651488836e-09,0.19656626880168915,0.006741875316947699,0.010905633680522442,4.8674543506876944e-08
radial,45,27.099812610281838,0.3240000009536743,0.19511865079402924,406.7933349609375,9.601905937017818e-09,0.19659733772277832,0.006744454614818096,0.01090862974524498,4.9036533056323606e-08
radial,45,26.685498240921234,0.3240000009536743,0.19213558733463287,406.80303955078125,9.63240864848558e-09,0.19663329422473907,0.006747456267476082,0.010912109166383743,4.9457234752026125e-08
radial,45,26.271185941166348,0.3240000009536743,0.1891525387763977,406.81402587890625,9.666893063808857e-09,0.19667422771453857,0.00675088819116354,0.010916084982454777,4.9938378765546076e-08
radial,45,25.856873641411465,0.3240000009536743,0.18616949021816254,406.8262939453125,9.705493297929024e-09,0.1967202126979828,0.006754759699106216,0.010920563712716103,5.048218199021903e-08
radial,45,25.442561341656578,0.3240000009536743,0.18318644165992737,406.8397216796875,9.748413631882613e-09,0.1967712789773941,0.006759079173207283,0.010925554670393467,5.1091276986880985e-08
radial,45,25.028249041901695,0.3240000009536743,0.1802033931016922,406.854248046875,9.795915190125015e-09,0.19682760536670685,0.006763854995369911,0.010931069031357765,5.176872619472306e-08
radial,45,24.613936742146812,0.3240000009536743,0.17722034454345703,406.86968994140625,9.848288406999472e-09,0.1968892514705658,0.006769099272787571,0.010937118902802467,5.251794732430426e-08
radial,45,24.199622372786205,0.3240000009536743,0.17423728108406067,406.8859558105469,9.905855691272336e-09,0.19695638120174408,0.0067748213186860085,0.010943716391921043,5.334283770253023e-08
radial,45,23.78531007303132,0.3240000009536743,0.1712542325258255,406.9029235839844,9.968980307917263e-09,0.19702914357185364,0.006781033240258694,0.010950875468552113,5.424793059205513e-08
radial,45,23.370997773276436,0.3240000009536743,0.16827118396759033,406.92041015625,1.0038095688003068e-08,0.1971076875925064,0.006787748541682959,0.010958612896502018,5.523835611143113e-08
radial,45,22.956685473521553,0.3240000009536743,0.16528813540935516,406.938232421875,1.0113697435087943e-08,0.1971922218799591,0.006794983521103859,0.010966945439577103,5.6319883867672615e-08
radial,45,22.542373173766666,0.3240000009536743,0.16230508685112,406.9562072753906,1.0196323785294226e-08,0.19728294014930725,0.0068027544766664505,0.010975893586874008,5.7498898087260386e-08
radial,45,22.12805880440606,0.3240000009536743,0.15932202339172363,406.9742126464844,1.0286564489092598e-08,0.19738005101680756,0.006811084691435099,0.01098548248410225,5.878267117509495e-08
radial,45,21.713748574256897,0.3240000009536743,0.15633898973464966,406.9921569824219,1.0385074133978378e-08,0.19748380780220032,0.006820002570748329,0.010995741933584213,6.017967280058656e-08
radial,45,21.29943420489629,0.3240000009536743,0.1533559262752533,407.01007080078125,1.0492622770641447e-08,0.19759441912174225,0.006829546764492989,0.011006709188222885,6.169963739921513e-08
radial,45,20.885121905141407,0.3240000009536743,0.15037287771701813,407.02801513671875,1.0610090583895726e-08,0.19771218299865723,0.0068397605791687965,0.011018429882824421,6.335358193609864e-08
radial,45,20.470809605386524,0.3240000009536743,0.14738982915878296,407.04620361328125,1.0738457234538146e-08,0.19783729314804077,0.006850699428468943,0.011030955240130424,6.51538343277025e-08
radial,45,20.056497305631638,0.3240000009536743,0.1444067806005478,407.0650634765625,1.0878815182024937e-08,0.1979699730873108,0.006862429901957512,0.01104434672743082,6.711459832331457e-08
radial,45,19.642185005876755,0.3240000009536743,0.14142373204231262,407.08514404296875,1.1032416757927876e-08,0.198110431432724,0.006875038146972656,0.0110586853697896,6.925258588807992e-08
radial,45,19.227872706121868,0.3240000009536743,0.13844068348407745,407.1073303222656,1.1200746996564703e-08,0.19825895130634308,0.00688862893730402,0.011074061505496502,7.158727299838574e-08
radial,45,18.813558336761265,0.3240000009536743,0.1354576200246811,407.13275146484375,1.1385562714849584e-08,0.19841568171977997,0.006903327070176601,0.011090587824583054,7.414129044036599e-08
radial,45,18.399246037006378,0.3240000009536743,0.13247457146644592,407.1629333496094,1.1588911164039928e-08,0.1985808163881302,0.006919282954186201,0.01110839657485485,7.694072223785042e-08
radial,45,17.984933737251495,0.3240000009536743,0.12949152290821075,407.1997985839844,1.1813179767727888e-08,0.19875450432300568,0.006936679128557444,0.011127643287181854,8.00161927827503e-08
radial,45,17.57062143749661,0.3240000009536743,0.12650847434997559,407.24578857421875,1.206119648600179e-08,0.19893687963485718,0.006955733988434076,0.011148517020046711,8.340412449570067e-08
radial,45,17.156309137741726,0.3240000009536743,0.12352542579174042,407.3040466308594,1.2336398569345874e-08,0.19912806153297424,0.006976713426411152,0.011171243153512478,8.714786758901027e-08
radial,45,16.74199580318398,0.3240000009536743,0.12054236978292465,407.3784484863281,1.2642975555365865e-08,0.19932809472084045,0.006999934557825327,0.011196091771125793,9.129917799555187e-08
radial,45,16.327683503429096,0.3240000009536743,0.11755932122468948,407.4739685058594,1.2986032693618199e-08,0.199536994099617,0.007025783881545067,0.011223386973142624,9.591992977675545e-08
radial,45,15.91337016887135,0.3240000009536743,0.11457626521587372,407.5966491699219,1.337180766114443e-08,0.19975465536117554,0.007054731249809265,0.01125352457165718,1.010850851912437e-07
radial,45,15.499057869116466,0.3240000009536743,0.11159321665763855,407.7542724609375,1.3807994747594421e-08,0.1999809443950653,0.007087349891662598,0.011286983266472816,1.0688657425816928e-07
radial,45,15.084745569361582,0.3240000009536743,0.10861016809940338,407.95654296875,1.4304287532240778e-08,0.20021560788154602,0.007124342955648899,0.01132434606552124,1.1343798433927077e-07
radial,45,14.670433269606697,0.3240000009536743,0.10562711954116821,408.215576171875,1.4873009490656841e-08,0.20045819878578186,0.007166579365730286,0.011366337537765503,1.2088115397546062e-07
radial,45,14.256120969851812,0.3240000009536743,0.10264407098293304,408.5469665527344,1.5529957764215396e-08,0.20070810616016388,0.00721514318138361,0.01141385268419981,1.2939472071593627e-07
radial,45,13.841807635294067,0.3240000009536743,0.09966101497411728,408.97039794921875,1.629557822013794e-08,0.20096445083618164,0.0072713918052613735,0.011468012817203999,1.3920724484250968e-07
radial,45,13.427495335539183,0.3240000009536743,0.09667796641588211,409.51123046875,1.7196700952126776e-08,0.20122605562210083,0.007337045855820179,0.011530238203704357,1.5061625902035303e-07
radial,45,13.013183035784298,0.3240000009536743,0.09369491785764694,410.2025146484375,1.826925100090193e-08,0.20149120688438416,0.007414313964545727,0.011602343060076237,1.6401524760567554e-07
radial,45,12.598869701226553,0.3240000009536743,0.09071186184883118,411.08740234375,1.9562198971811995e-08,0.20175766944885254,0.007506060414016247,0.011686687357723713,1.799345028530297e-07
radial,45,12.184557401471668,0.3240000009536743,0.08772881329059601,412.22357177734375,2.1143696571357395e-08,0.20202228426933289,0.007616057060658932,0.011786362156271935,1.9910284265733935e-07
radial,45,11.770245101716784,0.3240000009536743,0.08474576473236084,413.6888122558594,2.3110620972488505e-08,0.2022807002067566,0.007749360986053944,0.011905521154403687,2.2254673126553826e-07
radial,45,11.355931767159039,0.3240000009536743,0.08176270872354507,415.5897521972656,2.5603364761650482e-08,0.20252665877342224,0.00791282020509243,0.012049769051373005,2.517401469503966e-07
radial,45,10.941619467404154,0.3240000009536743,0.0787796601653099,418.0747985839844,2.883128935593504e-08,0.2027510404586792,0.008115865290164948,0.01222681812942028,2.8885622782581777e-07
radial,45,10.527307167649269,0.3240000009536743,0.07579661160707474,421.35577392578125,3.311804874783775e-08,0.20294047892093658,0.008371827192604542,0.012447558343410492,3.3721488534865784e-07
radial,45,10.112993833091524,0.3240000009536743,0.07281355559825897,425.741455078125,3.8981802674697974e-08,0.2030748575925827,0.008699897676706314,0.012727639637887478,4.0205497953138547e-07
radial,45,9.69868153333664,0.3240000009536743,0.0698305070400238,431.68682861328125,4.72808991958118e-08,0.2031233310699463,0.009127997793257236,0.013089794665575027,4.91916239298007e-07
radial,45,9.284369233581755,0.3240000009536743,0.06684745848178864,439.8658752441406,5.9486730208391236e-08,0.2030380815267563,0.009696820750832558,0.013567086309194565,6.211616323525959e-07
radial,45,8.87005693382687,0.3240000009536743,0.06386440992355347,451.2629089355469,7.819878788950518e-08,0.20274561643600464,0.01046469621360302,0.014206781052052975,8.145851779772784e-07
radial,45,8.455744116670555,0.3240000009536743,0.060881357640028,467.2555847167969,1.0810503425773277e-07,0.20213711261749268,0.01151141244918108,0.015073331072926521,1.1156433856740477e-06
radial,45,8.04143129951424,0.3240000009536743,0.05789830535650253,489.618408203125,1.577180057665828e-07,0.20106329023838043,0.012936918064951897,0.016247179359197617,1.6005196812329814e-06
radial,45,7.627118482357926,0.3240000009536743,0.054915253072977066,520.3447265625,2.4232966211457097e-07,0.19934362173080444,0.014849781058728695,0.017815297469496727,2.4003402359085158e-06
radial,45,7.2128056652016115,0.3240000009536743,0.0519322007894516,561.247314453125,3.886417516696383e-07,0.19679614901542664,0.01734481379389763,0.019853169098496437,3.7326956316974247e-06
radial,45,6.798493365446727,0.3240000009536743,0.04894915223121643,613.5088500976562,6.415279472093971e-07,0.19327670335769653,0.0204815324395895,0.02240772172808647,5.942562893324066e-06
radial,45,6.384180548290412,0.3240000009536743,0.045966099947690964,677.5366821289062,1.0740027391875628e-06,0.18869726359844208,0.02428269386291504,0.025496628135442734,9.557070370647125e-06
radial,45,5.969868248535527,0.3240000009536743,0.042983051389455795,753.3076782226562,1.8033572359854588e-06,0.18300294876098633,0.028759770095348358,0.02912929654121399,1.537147181807086e-05
radial,45,5.555555431379212,0.3240000009536743,0.03999999910593033,842.576904296875,3.041186118935002e-06,0.1760128140449524,0.034030165523290634,0.03340194746851921,2.4761029635556042e-05
radial,45,5.444444509016143,0.3240000009536743,0.03920000046491623,868.7574462890625,3.4871445677708834e-06,0.17391152679920197,0.03558184206485748,0.03465951234102249,2.8055575967300683e-05
radial,45,5.333333586653073,0.3240000009536743,0.03840000182390213,894.6781005859375,3.976509105996229e-06,0.17180423438549042,0.0371255986392498,0.035910651087760925,3.161924541927874e-05
radial,45,5.222222146888574,0.3240000009536743,0.03759999945759773,920.2794799804688,4.511411589191994e-06,0.1697021871805191,0.03865383565425873,0.03714924305677414,3.5457644116831943e-05
radial,45,5.111111224525505,0.3240000009536743,0.03680000081658363,946.3255004882812,5.112160124554066e-06,0.1675431728363037,0.04021244868636131,0.03841254487633705,3.9706952520646155e-05
radial,45,4.999999784761005,0.3240000009536743,0.035999998450279236,972.9917602539062,5.789755959995091e-06,0.16531240940093994,0.041812263429164886,0.039709385484457016,4.4432279537431896e-05
radial,45,4.888888862397936,0.3240000009536743,0.03519999980926514,1000.2373046875,6.551220394612756e-06,0.16301313042640686,0.04345107823610306,0.04103803634643555,4.966812048223801e-05
radial,45,4.777777940034866,0.3240000009536743,0.03440000116825104,1028.01123046875,7.403648396575591e-06,0.16064952313899994,0.045125994831323624,0.042396217584609985,5.544769737753086e-05
radial,45,4.666666500270367,0.3240000009536743,0.03359999880194664,1056.2725830078125,8.35477840155363e-06,0.15822486579418182,0.046834833920001984,0.04378223419189453,6.180683703860268e-05
radial,45,4.555555577907297,0.3240000009536743,0.03280000016093254,1084.9796142578125,9.412709005118813e-06,0.155742347240448,0.048575520515441895,0.04519445821642876,6.878198473714292e-05
radial,45,4.4444446555442285,0.3240000009536743,0.03200000151991844,1114.0889892578125,1.0585755262582097e-05,0.15320533514022827,0.05034588277339935,0.046631209552288055,7.640918192919344e-05
radial,45,4.333333215779729,0.3240000009536743,0.031199999153614044,1143.5555419921875,1.1882329999934882e-05,0.15061740577220917,0.05214358866214752,0.048090655356645584,8.472331683151424e-05
radial,45,4.222222293416659,0.3240000009536743,0.030400000512599945,1173.3310546875,1.3310784197528847e-05,0.1479826122522354,0.053966060280799866,0.04957079142332077,9.375716763315722e-05
radial,45,4.111111112352875,0.3240000009536743,0.029600000008940697,1203.36279296875,1.4879179616400506e-05,0.14530539512634277,0.05581042170524597,0.05106933414936066,0.00010354012192692608
radial,45,3.99999993128909,0.3240000009536743,0.02879999950528145,1233.591796875,1.6594967746641487e-05,0.14259099960327148,0.057673320174217224,0.05258363485336304,0.00011409642320359126
radial,45,3.8888890089260206,0.3240000009536743,0.02800000086426735,1263.9512939453125,1.846463965193834e-05,0.13984543085098267,0.05955085530877113,0.05411059409379959,0.0001254433300346136
radial,45,3.7777778278622365,0.3240000009536743,0.0272000003606081,1294.36669921875,2.0493374904617667e-05,0.13707566261291504,0.06143855303525925,0.0556466206908226,0.00013758942077402025
radial,45,3.666666646798452,0.3240000009536743,0.026399999856948853,1324.7550048828125,2.2684673240291886e-05,0.13428951799869537,0.06333135068416595,0.05718766897916794,0.00015053301467560232
radial,45,3.5555554657346673,0.3240000009536743,0.025599999353289604,1355.0245361328125,2.503982796042692e-05,0.1314958930015564,0.06522352993488312,0.058729104697704315,0.00016425971989519894
radial,45,3.444444543371598,0.3240000009536743,0.024800000712275505,1385.072021484375,2.7557256544241682e-05,0.12870493531227112,0.06710851937532425,0.060265637934207916,0.0001787393557606265
radial,45,3.3333333623078136,0.3240000009536743,0.024000000208616257,1414.78076171875,3.0231749406084418e-05,0.12592826783657074,0.06897883117198944,0.06179117038846016,0.0001939226349350065
radial,45,3.222222181244029,0.3240000009536743,0.02319999970495701,1444.019287109375,3.3053736842703074e-05,0.12317913770675659,0.07082590460777283,0.06329875439405441,0.00020973818027414382
radial,45,3.1111110001802444,0.3240000009536743,0.02239999920129776,1472.658935546875,3.6010416806675494e-05,0.12047082930803299,0.07264123111963272,0.06478140503168106,0.00022609996085520834
radial,45,3.0000000778171754,0.3240000009536743,0.02160000056028366,1500.5828857421875,3.908657527063042e-05,0.11781560629606247,0.07441699504852295,0.06623274087905884,0.00024291276349686086
radial,45,2.888888896753391,0.3240000009536743,0.020800000056624413,1527.528564453125,4.224546501063742e-05,0.11523996293544769,0.07613591849803925,0.06763859838247299,0.0002599700528662652
radial,45,2.777777715689606,0.3240000009536743,0.019999999552965164,1553.3785400390625,4.546120544546284e-05,0.11275792121887207,0.07778909802436829,0.06899162381887436,0.0002771303406916559
radial,45,2.7222222545080714,0.3240000009536743,0.019600000232458115,1565.8927001953125,4.708687265519984e-05,0.11155221611261368,0.07859103381633759,0.06964829564094543,0.00028573066811077297
radial,45,2.6666667933265367,0.3240000009536743,0.019200000911951065,1578.05615234375,4.87121578771621e-05,0.11037716269493103,0.0793718695640564,0.07028792798519135,0.0002942806459031999
radial,45,2.611111073444287,0.3240000009536743,0.018799999728798866,1589.8448486328125,5.033053457736969e-05,0.10923569649457932,0.08012974262237549,0.07090894877910614,0.0003027479106094688
radial,45,2.5555556122627525,0.3240000009536743,0.018400000408291817,1601.246826171875,5.193751712795347e-05,0.10812930762767792,0.08086372166872025,0.07151059806346893,0.00031111063435673714
radial,45,2.4999998923805027,0.3240000009536743,0.017999999225139618,1612.2283935546875,5.352534935809672e-05,0.10706159472465515,0.08157147467136383,0.07209094613790512,0.00031933054560795426
radial,45,2.444444431198968,0.3240000009536743,0.01759999990463257,1622.76611328125,5.5087366490624845e-05,0.1060350239276886,0.08225143700838089,0.07264868915081024,0.0003273757756687701
radial,45,2.388888970017433,0.3240000009536743,0.01720000058412552,1632.8292236328125,5.661554678226821e-05,0.10505271703004837,0.08290160447359085,0.07318216562271118,0.00033520819852128625
radial,45,2.3333332501351833,0.3240000009536743,0.01679999940097332,1642.3734130859375,5.809975118609145e-05,0.10411887615919113,0.08351925760507584,0.07368913292884827,0.00034277953091077507
radial,45,2.2777777889536486,0.3240000009536743,0.01640000008046627,1651.3980712890625,5.953539948677644e-05,0.10323330014944077,0.08410461992025375,0.07416974753141403,0.00035007167025469244
radial,45,2.2222223277721143,0.3240000009536743,0.01600000075995922,1660.010009765625,6.0933627537451684e-05,0.10238570719957352,0.08466456830501556,0.07462961226701736,0.0003571471315808594
radial,45,2.1666666078898644,0.3240000009536743,0.015599999576807022,1668.35498046875,6.231386942090467e-05,0.10156242549419403,0.08520814776420593,0.0750761553645134,0.00036410707980394363
radial,45,2.1111111467083297,0.3240000009536743,0.015200000256299973,1676.502685546875,6.36862896499224e-05,0.10075698047876358,0.08573964983224869,0.07551288604736328,0.0003710027667693794
radial,45,2.0555555561764374,0.3240000009536743,0.014800000004470348,1684.4603271484375,6.505103374365717e-05,0.09996883571147919,0.08625943958759308,0.07594010978937149,0.0003778351529035717
radial,45,1.999999965644545,0.3240000009536743,0.014399999752640724,1692.2236328125,6.640610081376508e-05,0.09919849038124084,0.08676720410585403,0.07635755091905594,0.0003845950122922659
radial,45,1.9444445044630103,0.3240000009536743,0.014000000432133675,1699.7889404296875,6.774945359211415e-05,0.09844642877578735,0.08726265281438828,0.07676497846841812,0.0003912732354365289
radial,45,1.8888889139311182,0.3240000009536743,0.01360000018030405,1707.1527099609375,6.907908391440287e-05,0.09771310538053513,0.08774549514055252,0.07716213166713715,0.0003978607419412583
radial,45,1.833333323399226,0.3240000009536743,0.013199999928474426,1714.3115234375,7.039296178845689e-05,0.09699895977973938,0.08821548521518707,0.0775488093495369,0.0004043484223075211
radial,45,1.7777777328673336,0.3240000009536743,0.012799999676644802,1721.26220703125,7.168900629039854e-05,0.09630442410707474,0.08867233246564865,0.07792477309703827,0.0004107273416593671
radial,45,1.722222271685799,0.3240000009536743,0.012400000356137753,1728.000244140625,7.296494004549459e-05,0.09563004225492477,0.08911572396755219,0.07828973978757858,0.0004169871099293232
radial,45,1.6666666811539068,0.3240000009536743,0.012000000104308128,1734.524169921875,7.421885675285012e-05,0.09497610479593277,0.08954545855522156,0.0786435604095459,0.0004231198108755052
radial,45,1.63942303818961,0.3240000009536743,0.011803845874965191,1737.645263671875,7.482540240744129e-05,0.09466292709112167,0.08975120633840561,0.07881298661231995,0.00042607946670614183
radial,45,1.6121795245756707,0.3240000009536743,0.011607692576944828,1740.7156982421875,7.542650564573705e-05,0.0943545401096344,0.08995375037193298,0.07897979021072388,0.0004290082142688334
radial,45,1.5849358816113737,0.3240000009536743,0.01141153834760189,1743.7364501953125,7.602199912071228e-05,0.09405093640089035,0.09015311300754547,0.07914400100708008,0.00043190535507164896
radial,45,1.5576923679974344,0.3240000009536743,0.011215385049581528,1746.70556640625,7.661134441150352e-05,0.09375230967998505,0.09034917503595352,0.0793055072426796,0.0004347685317043215
radial,45,1.530448854383495,0.3240000009536743,0.011019231751561165,1749.622802734375,7.719431596342474e-05,0.09345868974924088,0.09054189920425415,0.07946427911520004,0.0004375966382212937
radial,45,1.5032050820688407,0.3240000009536743,0.010823076590895653,1752.48779296875,7.777067366987467e-05,0.09317012131214142,0.09073127061128616,0.07962030917406082,0.00044038883061148226
radial,45,1.4759615684549015,0.3240000009536743,0.01062692329287529,1755.30029296875,7.834022107999772e-05,0.09288664162158966,0.09091727435588837,0.07977357506752014,0.0004431441775523126
radial,45,1.4487179254906046,0.3240000009536743,0.010430769063532352,1758.060302734375,7.890274719102308e-05,0.0926082655787468,0.09109988808631897,0.0799240693449974,0.00044586180592887104
radial,45,1.4214744118766653,0.3240000009536743,0.01023461576551199,1760.767578125,7.945802644826472e-05,0.09233503043651581,0.09127909690141678,0.08007177710533142,0.00044854084262624383
radial,45,1.3942307689123683,0.3240000009536743,0.010038461536169052,1763.421875,8.000586240086704e-05,0.09206695854663849,0.09145487844944,0.0802166685461998,0.0004511804727371782
radial,45,1.3669871259480715,0.3240000009536743,0.009842307306826115,1766.0233154296875,8.054604404605925e-05,0.09180407226085663,0.09162724018096924,0.08035875111818314,0.0004537798813544214
radial,45,1.3397436123341322,0.3240000009536743,0.009646154008805752,1768.5721435546875,8.107857138384134e-05,0.09154631942510605,0.09179619699716568,0.08049804717302322,0.00045633906847797334
radial,45,1.3124999693698354,0.3240000009536743,0.009449999779462814,1771.067138671875,8.160297875292599e-05,0.09129384160041809,0.09196166694164276,0.08063448220491409,0.00045885605504736304
radial,45,1.2638889408359926,0.3240000009536743,0.009100000374019146,1775.383544921875,8.251724648289382e-05,0.09085673093795776,0.09224808216094971,0.08087066560983658,0.0004632368218153715
radial,45,1.236882655777865,0.3240000009536743,0.008905555121600628,1777.70654296875,8.301316120196134e-05,0.09062130004167557,0.09240231662988663,0.08099786937236786,0.00046560901682823896
radial,45,1.209876500070095,0.3240000009536743,0.008711110800504684,1779.9766845703125,8.35005339467898e-05,0.09039108455181122,0.09255309402942657,0.08112223446369171,0.0004679375560954213
radial,45,1.1828703443623252,0.3240000009536743,0.008516666479408741,1782.1949462890625,8.397932106163353e-05,0.09016601741313934,0.09270048886537552,0.08124381303787231,0.00047022238140925765
radial,45,1.1558641886545553,0.3240000009536743,0.008322222158312798,1784.360107421875,8.444917330052704e-05,0.08994618058204651,0.09284443408250809,0.08136256039142609,0.00047246209578588605
radial,45,1.1288580329467852,0.3240000009536743,0.008127777837216854,1786.4727783203125,8.490991604048759e-05,0.0897315964102745,0.09298491477966309,0.08147846162319183,0.0004746558843180537
radial,45,1.1018518772390153,0.3240000009536743,0.00793333351612091,1788.532470703125,8.536141103832051e-05,0.08952227234840393,0.09312193840742111,0.08159151673316956,0.00047680336865596473
radial,45,1.074845592180888,0.3240000009536743,0.007738888263702393,1790.539306640625,8.580351277487352e-05,0.08931820094585419,0.09325549006462097,0.08170172572135925,0.0004789038503076881
radial,45,1.0478395658234756,0.3240000009536743,0.007544444873929024,1792.49365234375,8.623606845503673e-05,0.08911940455436707,0.09338559210300446,0.08180908858776093,0.0004809568345081061
radial,45,1.0208333454405267,0.3240000009536743,0.007350000087171793,1794.39501953125,8.665895438753068e-05,0.08892587572336197,0.09351222217082977,0.08191359043121338,0.00048296188469976187
radial,45,0.9938271897327569,0.3240000009536743,0.0071555557660758495,1796.2440185546875,8.707203960511833e-05,0.0887376070022583,0.09363538771867752,0.082015261054039,0.00048491847701370716
radial,45,0.9668209693498082,0.3240000009536743,0.006961110979318619,1798.040283203125,8.747520041652024e-05,0.08855460584163666,0.0937550961971283,0.0821140706539154,0.00048682617489248514
radial,45,0.9398148136420382,0.3240000009536743,0.006766666658222675,1799.7841796875,8.786830585449934e-05,0.08837686479091644,0.0938713476061821,0.08221003413200378,0.0004886845126748085
radial,45,0.9128086579342684,0.3240000009536743,0.006572222337126732,1801.475830078125,8.825126860756427e-05,0.08820436894893646,0.09398414939641953,0.08230315893888474,0.0004904931993223727
radial,45,0.8858024375513196,0.3240000009536743,0.006377777550369501,1803.115234375,8.862395770847797e-05,0.08803713321685791,0.09409350901842117,0.08239344507455826,0.0004922517691738904
radial,45,0.858796217168371,0.3240000009536743,0.00618333276361227,1804.7025146484375,8.898627856979147e-05,0.08787514269351959,0.09419941902160645,0.08248089253902435,0.000493959872983396
radial,45,0.8317901908109586,0.3240000009536743,0.0059888893738389015,1806.238037109375,8.933813660405576e-05,0.08771838247776031,0.09430190175771713,0.08256550878286362,0.0004956172779202461
radial,45,0.8047839704280099,0.3240000009536743,0.005794444587081671,1807.7218017578125,8.967944449977949e-05,0.08756684511899948,0.09440094977617264,0.08264730870723724,0.0004972234601154923
radial,45,0.7777777500450611,0.3240000009536743,0.00559999980032444,1809.15380859375,9.001010039355606e-05,0.08742053061723709,0.09449657797813416,0.08272628486156464,0.0004987784195691347
radial,45,0.7507715943372912,0.3240000009536743,0.0054055554792284966,1810.534423828125,9.033003880176693e-05,0.08727941662073135,0.09458880871534348,0.08280245214700699,0.0005002816906198859
radial,45,0.7237654386295213,0.3240000009536743,0.005211111158132553,1811.8638916015625,9.063918696483597e-05,0.08714349567890167,0.09467761963605881,0.0828758105635643,0.0005017331568524241
radial,45,0.6967592829217514,0.3240000009536743,0.00501666683703661,1813.1422119140625,9.093746484722942e-05,0.08701274544000626,0.09476306289434433,0.08294637501239777,0.0005031325272284448
radial,45,0.6697530625388026,0.3240000009536743,0.004822222050279379,1814.36962890625,9.122480696532875e-05,0.0868871659040451,0.09484510868787766,0.08301415294408798,0.0005044796271249652
radial,45,0.6427469068310327,0.3240000009536743,0.0046277777291834354,1815.5465087890625,9.150116238743067e-05,0.08676671981811523,0.09492378681898117,0.08307915180921555,0.0005057742819190025
radial,45,0.6157407511232628,0.3240000009536743,0.004433333408087492,1816.6728515625,9.176646562991664e-05,0.08665142208337784,0.09499909728765488,0.08314137160778046,0.0005070163169875741
radial,45,0.5887345954154929,0.3240000009536743,0.0042388890869915485,1817.7486572265625,9.202068031299859e-05,0.08654123544692993,0.09507107734680176,0.0832008421421051,0.000508205674123019
radial,45,0.5617283750325441,0.3240000009536743,0.004044444300234318,1818.774658203125,9.226374822901562e-05,0.08643613755702972,0.09513971954584122,0.08325754106044769,0.0005093422369100153
radial,45,0.5347222193247743,0.3240000009536743,0.0038499999791383743,1819.7508544921875,9.249565482605249e-05,0.08633612096309662,0.09520503133535385,0.08331151306629181,0.0005104258889332414
radial,45,0.49999999141113627,0.3240000009536743,0.003599999938160181,1820.932861328125,9.2777241661679e-05,0.08621497452259064,0.09528414905071259,0.08337688446044922,0.0005117408582009375
radial,45,0.4583333308498065,0.3240000009536743,0.0032999999821186066,1822.2431640625,9.309034794569016e-05,0.0860806405544281,0.09537187218666077,0.08344937115907669,0.0005132018704898655
radial,45,0.4166666702884767,0.3240000009536743,0.003000000026077032,1823.436279296875,9.337634401163086e-05,0.08595827221870422,0.09545175731182098,0.08351539075374603,0.0005145353497937322
radial,45,0.3750000097271469,0.3240000009536743,0.0027000000700354576,1824.512939453125,9.363519347971305e-05,0.08584782481193542,0.09552386403083801,0.08357498049736023,0.0005157414707355201
radial,45,0.3333333491658171,0.3240000009536743,0.002400000113993883,1825.4739990234375,9.386687452206388e-05,0.08574919402599335,0.09558823704719543,0.08362819254398346,0.0005168202915228903
radial,45,0.2916666562668979,0.3240000009536743,0.002099999925121665,1826.320068359375,9.407133620698005e-05,0.085662342607975,0.09564493596553802,0.08367505669593811,0.0005177718121558428
radial,45,0.24999999570556813,0.3240000009536743,0.0017999999690800905,1827.052001953125,9.424852032680064e-05,0.08558721095323563,0.09569398313760757,0.08371558785438538,0.0005185960908420384
radial,45,0.20833333514423835,0.3240000009536743,0.001500000013038516,1827.670166015625,9.439843415748328e-05,0.08552372455596924,0.09573541581630707,0.08374983072280884,0.0005192931275814772
radial,45,0.16666667458290854,0.3240000009536743,0.0012000000569969416,1828.1754150390625,9.452105587115511e-05,0.08547184616327286,0.09576926380395889,0.08377782255411148,0.0005198630387894809
radial,45,0.12499999785278407,0.3240000009536743,0.0008999999845400453,1828.5677490234375,9.46163636399433e-05,0.0854315459728241,0.09579557180404663,0.0837995633482933,0.0005203059408813715
radial,45,0.08333333729145427,0.3240000009536743,0.0006000000284984708,1828.8477783203125,9.468435018789023e-05,0.08540278673171997,0.09581433981657028,0.0838150754570961,0.000520621775649488
radial,45,0.041666668645727135,0.3240000009536743,0.0003000000142492354,1829.015625,9.472503006691113e-05,0.08538553863763809,0.09582559764385223,0.08382438123226166,0.0005208108341321349
radial,45,0.0,0.3240000009536743,0.0,1829.071533203125,9.473854152020067e-05,0.08537978678941727,0.09582935273647308,0.08382748067378998,0.0005208736401982605
radial,60,30.000000778171753,0.4320000410079956,0.2160000056028366,486.50152587890625,6.022813359152224e-09,0.15969523787498474,0.0104948990046978,0.013093795627355576,3.737176967888445e-08
radial,60,29.585684339205425,0.4320000410079956,0.21301692724227905,487.02935791015625,4.429501210267972e-09,0.16336888074874878,0.010570492595434189,0.013255028054118156,3.0072431655980836e-08
radial,60,29.171374109056263,0.4320000410079956,0.21003389358520508,487.11383056640625,4.42687131396724e-09,0.163361057639122,0.010574664920568466,0.013258339837193489,3.009563442901708e-08
radial,60,28.757063878907097,0.4320000410079956,0.2070508599281311,487.2477722167969,4.420209531730279e-09,0.16335390508174896,0.010581320151686668,0.013263762928545475,3.0131165118518766e-08
radial,60,28.342749509546493,0.4320000410079956,0.20406779646873474,487.43572998046875,4.409999476706616e-09,0.16334611177444458,0.010590681806206703,0.013271452859044075,3.01809492952998e-08
radial,60,27.92843927939733,0.4320000410079956,0.20108476281166077,487.6787109375,4.396494279745866e-09,0.1633376181125641,0.010602803900837898,0.013281449675559998,3.024604566803646e-08
radial,60,27.514124910036724,0.4320000410079956,0.1981016993522644,487.9776611328125,4.379757445605037e-09,0.16332843899726868,0.010617736726999283,0.013293802738189697,3.0327207412028656e-08
radial,60,27.09981467988756,0.4320000410079956,0.19511866569519043,488.33306884765625,4.359878680304519e-09,0.16331902146339417,0.010635513812303543,0.013308544643223286,3.042541862896542e-08
radial,60,26.685500310526955,0.4320000410079956,0.19213560223579407,488.74554443359375,4.336961900719416e-09,0.1633097529411316,0.010656172409653664,0.013325722888112068,3.054180552908292e-08
radial,60,26.271185941166348,0.4320000410079956,0.1891525387763977,489.21588134765625,4.311126122757969e-09,0.16330105066299438,0.010679764673113823,0.013345390558242798,3.0677650642019216e-08
radial,60,25.856873641411465,0.4320000410079956,0.18616949021816254,489.7452697753906,4.2825014645586634e-09,0.1632932871580124,0.010706357657909393,0.013367611914873123,3.083440347495525e-08
radial,60,25.442561341656578,0.4320000410079956,0.18318644165992737,490.33514404296875,4.251237584185219e-09,0.1632867455482483,0.010736032389104366,0.013392466120421886,3.101369827618328e-08
radial,60,25.028251111507416,0.4320000410079956,0.1802034080028534,490.9873046875,4.217505455983428e-09,0.16328167915344238,0.010768890380859375,0.013420045375823975,3.121737535138891e-08
radial,60,24.613936742146812,0.4320000410079956,0.17722034454345703,491.7039489746094,4.181502255562464e-09,0.16327831149101257,0.010805051773786545,0.01345045305788517,3.1447495274505854e-08
radial,60,24.199622372786205,0.4320000410079956,0.17423728108406067,492.487548828125,4.143442922099894e-09,0.1632768213748932,0.01084465067833662,0.013483813032507896,3.170639928384844e-08
radial,60,23.785312142637043,0.4320000410079956,0.1712542474269867,493.34100341796875,4.10355704971721e-09,0.16327735781669617,0.01088784821331501,0.013520259410142899,3.1996702176684266e-08
radial,60,23.370997773276436,0.4320000410079956,0.16827118396759033,494.26751708984375,4.062110647851114e-09,0.16328004002571106,0.010934820398688316,0.013559948652982712,3.232138823250352e-08
radial,60,22.956687543127273,0.4320000410079956,0.16528815031051636,495.27093505859375,4.019402588539833e-09,0.1632850617170334,0.01098577119410038,0.013603053987026215,3.268383608201475e-08
radial,60,22.542373173766666,0.4320000410079956,0.16230508685112,496.3554992675781,3.975787699062039e-09,0.16329249739646912,0.011040929704904556,0.013649774715304375,3.308792173584152e-08
radial,60,22.128060874011783,0.4320000410079956,0.15932203829288483,497.52593994140625,3.931662106992917e-09,0.16330251097679138,0.011100558564066887,0.01370033249258995,3.353809674422337e-08
radial,60,21.713748574256897,0.4320000410079956,0.15633898973464966,498.7877197265625,3.88746279611496e-09,0.16331523656845093,0.0111649539321661,0.013754984363913536,3.40395054365672e-08
radial,60,21.29943420489629,0.4320000410079956,0.1533559262752533,500.1471862792969,3.843692031324508e-09,0.1633307784795761,0.011234461329877377,0.013814021833240986,3.4598098608285e-08
radial,60,20.885121905141407,0.4320000410079956,0.15037287771701813,501.61163330078125,3.8009311253972555e-09,0.16334927082061768,0.01130947470664978,0.013877782970666885,3.522081826190515e-08
radial,60,20.470809605386524,0.4320000410079956,0.14738982915878296,503.189453125,3.759868860697679e-09,0.16337087750434875,0.011390453204512596,0.01394665613770485,3.591583919160257e-08
radial,60,20.056497305631638,0.4320000410079956,0.1444067806005478,504.89019775390625,3.7213061521157442e-09,0.1633957028388977,0.011477922089397907,0.014021093025803566,3.669279280416049e-08
radial,60,19.642185005876755,0.4320000410079956,0.14142373204231262,506.72515869140625,3.6861607100036053e-09,0.16342395544052124,0.011572493240237236,0.014101611450314522,3.756309752134257e-08
radial,60,19.22787477572759,0.4320000410079956,0.13844069838523865,508.70703125,3.655528102441963e-09,0.1634557545185089,0.011674869805574417,0.01418880932033062,3.854032115668815e-08
radial,60,18.813558336761265,0.4320000410079956,0.1354576200246811,510.8504638671875,3.630713063529356e-09,0.1634914129972458,0.011785861104726791,0.014283375814557076,3.9640656979145206e-08
radial,60,18.399246037006378,0.4320000410079956,0.13247457146644592,513.1723022460938,3.6133054326370484e-09,0.16353118419647217,0.011906400322914124,0.014386107213795185,4.088349214725895e-08
radial,60,17.984933737251495,0.4320000410079956,0.12949152290821075,515.6915893554688,3.6052139051889753e-09,0.1635754257440567,0.012037552893161774,0.014497910626232624,4.2292121804621274e-08
radial,60,17.57062143749661,0.4320000410079956,0.12650847434997559,518.429931640625,3.6087142163410135e-09,0.1636246144771576,0.012180538848042488,0.014619827270507812,4.389463725829046e-08
radial,60,17.156309137741726,0.4320000410079956,0.12352542579174042,521.4116821289062,3.626575040271973e-09,0.1636793315410614,0.012336743995547295,0.014753046445548534,4.572500600374951e-08
radial,60,16.74199683798684,0.4320000410079956,0.12054237723350525,524.6643676757812,3.6621692345306656e-09,0.1637403666973114,0.012507745996117592,0.014898914843797684,4.782442175610413e-08
radial,60,16.327684538231956,0.4320000410079956,0.11755932867527008,528.21875,3.7196372648651277e-09,0.163808673620224,0.012695335783064365,0.0150589719414711,5.024307370149472e-08
radial,60,15.913371203674211,0.4320000410079956,0.11457627266645432,532.109375,3.804022874476232e-09,0.16388534009456635,0.0129015501588583,0.015234963968396187,5.3042295888872104e-08
radial,60,15.499057869116466,0.4320000410079956,0.11159321665763855,536.373779296875,3.921500457693128e-09,0.1639719307422638,0.01312864851206541,0.01542884111404419,5.629748756064146e-08
radial,60,15.084745569361582,0.4320000410079956,0.10861016809940338,541.0548706054688,4.0796690470301655e-09,0.1640702188014984,0.013379236683249474,0.015642846003174782,6.010218811525192e-08
radial,60,14.670434304409557,0.4320000410079956,0.10562712699174881,546.1967163085938,4.287640464895048e-09,0.16418153047561646,0.013656049966812134,0.015879323706030846,6.456800605292301e-08
radial,60,14.256120969851812,0.4320000410079956,0.10264407098293304,551.8436279296875,4.556706123537424e-09,0.16430814564228058,0.01396195963025093,0.016140758991241455,6.983230349533187e-08
radial,60,13.841808670096928,0.4320000410079956,0.09966102242469788,558.0504760742188,4.90094231864191e-09,0.1644519716501236,0.014300467446446419,0.01643015816807747,7.606932683756895e-08
radial,60,13.427496370342043,0.4320000410079956,0.09667797386646271,564.8692626953125,5.336861619298361e-09,0.16461321711540222,0.014674973674118519,0.016750391572713852,8.34828171036861e-08
radial,60,13.013183035784298,0.4320000410079956,0.09369491785764694,572.3599243164062,5.885001819194713e-09,0.16479089856147766,0.015089362859725952,0.01710471510887146,9.232812203663343e-08
radial,60,12.598869701226553,0.4320000410079956,0.09071186184883118,580.6438598632812,6.574663036218453e-09,0.1649814248085022,0.015550901181995869,0.0174991637468338,1.0298326458269003e-07
radial,60,12.184557401471668,0.4320000410079956,0.08772881329059601,589.880126953125,7.446896876928122e-09,0.16518154740333557,0.0160691998898983,0.017941761761903763,1.1598073257346186e-07
radial,60,11.770245101716784,0.4320000410079956,0.08474576473236084,600.2073364257812,8.554209784961131e-09,0.16539010405540466,0.016653170809149742,0.01844000071287155,1.3199294812693552e-07
radial,60,11.355931767159039,0.4320000410079956,0.08176270872354507,611.7518920898438,9.963310176885898e-09,0.1656046211719513,0.01731126382946968,0.019000941887497902,1.5186731161520584e-07
radial,60,10.941620502207014,0.4320000410079956,0.0787796676158905,624.6429443359375,1.1760878493305427e-08,0.16582009196281433,0.018052173778414726,0.019631793722510338,1.7669717067292368e-07
radial,60,10.527307167649269,0.4320000410079956,0.07579661160707474,639.0086669921875,1.4059272857025462e-08,0.16602826118469238,0.018884502351284027,0.020339597016572952,2.0788510823877004e-07
radial,60,10.112993833091524,0.4320000410079956,0.07281355559825897,654.971923828125,1.700333562837386e-08,0.16621673107147217,0.019816312938928604,0.02113083377480507,2.4721362024138216e-07
radial,60,9.69868153333664,0.4320000410079956,0.0698305070400238,672.6463012695312,2.077801575239846e-08,0.1663685441017151,0.020854661241173744,0.022011008113622665,2.969213710457552e-07
radial,60,9.284369233581755,0.4320000410079956,0.06684745848178864,692.134033203125,2.5616675003448108e-08,0.16646212339401245,0.022005215287208557,0.022984344512224197,3.597802731292177e-07
radial,60,8.87005693382687,0.4320000410079956,0.06386440992355347,713.520263671875,3.180870322694318e-08,0.1664719134569168,0.023271732032299042,0.024053335189819336,4.3915525793636334e-07
radial,60,8.455744634071985,0.4320000410079956,0.0608813613653183,736.87060546875,3.97051280742744e-08,0.16636937856674194,0.024655766785144806,0.025218553841114044,5.390314754549763e-07
radial,60,8.04143181691567,0.4320000410079956,0.05789830908179283,762.2379150390625,4.9724569350928505e-08,0.1661243587732315,0.026157105341553688,0.02647903934121132,6.640404990321258e-07
radial,60,7.627118482357926,0.4320000410079956,0.054915253072977066,789.6304931640625,6.234862581777634e-08,0.1657094657421112,0.02777249738574028,0.02783132903277874,8.193534313249984e-07
radial,60,7.212806182603042,0.4320000410079956,0.0519322045147419,818.978271484375,7.809205726516666e-08,0.16510263085365295,0.029494069516658783,0.02926822006702423,1.010287860481185e-06
radial,60,6.798493365446727,0.4320000410079956,0.04894915223121643,850.1455688476562,9.747424911665803e-08,0.16428834199905396,0.03131040930747986,0.030779695138335228,1.241962195308588e-06
radial,60,6.384180548290412,0.4320000410079956,0.045966099947690964,882.98828125,1.2102461255381058e-07,0.1632581651210785,0.03321034833788872,0.03235611319541931,1.5193762692433666e-06
radial,60,5.969868765936957,0.4320000410079956,0.042983055114746094,917.2415771484375,1.4919632462806476e-07,0.16201719641685486,0.035177432000637054,0.0339837446808815,1.8464270397089422e-06
radial,60,5.555555431379212,0.4320000410079956,0.03999999910593033,953.3519287109375,1.8299044768355088e-07,0.16055136919021606,0.03723149746656418,0.035678986459970474,2.233069608337246e-06
radial,60,5.444444509016143,0.4320000410079956,0.03920000046491623,963.4176025390625,1.9314336441311752e-07,0.16011735796928406,0.037801019847393036,0.0361483134329319,2.348169800825417e-06
radial,60,5.333333586653073,0.4320000410079956,0.03840000182390213,973.435791015625,2.0359655650281638e-07,0.15967445075511932,0.03836774826049805,0.03661505505442619,2.4661294446559623e-06
radial,60,5.222222146888574,0.4320000410079956,0.03759999945759773,983.347900390625,2.1428158447633905e-07,0.15922611951828003,0.0389278382062912,0.03707605600357056,2.5862052552838577e-06
radial,60,5.111111224525505,0.4320000410079956,0.03680000081658363,993.2372436523438,2.2528803356181015e-07,0.15876899659633636,0.03948599100112915,0.037535205483436584,2.7093869903183077e-06
radial,60,4.999999784761005,0.4320000410079956,0.035999998450279236,1003.10205078125,2.3661723957957292e-07,0.15830357372760773,0.04004211723804474,0.037992432713508606,2.8356701022858033e-06
radial,60,4.888888862397936,0.4320000410079956,0.03519999980926514,1012.9324951171875,2.4826067601679824e-07,0.15783068537712097,0.04059567674994469,0.038447305560112,2.9649395401065703e-06
radial,60,4.777777940034866,0.4320000410079956,0.03440000116825104,1022.7193603515625,2.602090773962118e-07,0.15735113620758057,0.0411461740732193,0.03889942914247513,3.097075932601001e-06
radial,60,4.666666500270367,0.4320000410079956,0.03359999880194664,1032.452880859375,2.724517003116489e-07,0.15686580538749695,0.04169311374425888,0.03934840112924576,3.2319444471795578e-06
radial,60,4.555555577907297,0.4320000410079956,0.03280000016093254,1042.12353515625,2.849759823675413e-07,0.15637555718421936,0.04223598912358284,0.03979382663965225,3.369394562469097e-06
radial,60,4.4444446555442285,0.4320000410079956,0.03200000151991844,1051.721435546875,2.9776759902233607e-07,0.15588130056858063,0.04277428239583969,0.04023528844118118,3.5092564303340623e-06
radial,60,4.333333474480444,0.4320000410079956,0.031200001016259193,1061.23583984375,3.108102362148202e-07,0.15538394451141357,0.043307460844516754,0.040672361850738525,3.6513429222395644e-06
radial,60,4.222222552117374,0.4320000410079956,0.030400002375245094,1070.6568603515625,3.2408561878582987e-07,0.1548844575881958,0.043834999203681946,0.04110461845993996,3.795448265009327e-06
radial,60,4.11111137105359,0.4320000410079956,0.029600001871585846,1079.9737548828125,3.375737378519261e-07,0.15438374876976013,0.044356346130371094,0.041531629860401154,3.941348950320389e-06
radial,60,3.99999993128909,0.4320000410079956,0.02879999950528145,1089.17626953125,3.5125259501000983e-07,0.15388284623622894,0.044870950281620026,0.0419529527425766,4.088805326318834e-06
radial,60,3.8888890089260206,0.4320000410079956,0.02800000086426735,1098.253662109375,3.650984012892877e-07,0.15338268876075745,0.04537827521562576,0.04236815869808197,4.237559551256709e-06
radial,60,3.7777778278622365,0.4320000410079956,0.0272000003606081,1107.1954345703125,3.7908540662101586e-07,0.15288430452346802,0.045877762138843536,0.04277680069208145,4.387336502986727e-06
radial,60,3.666666905499167,0.4320000410079956,0.026400001719594002,1115.990966796875,3.931861840555939e-07,0.15238864719867706,0.046368859708309174,0.043178439140319824,4.537846052699024e-06
radial,60,3.5555557244353824,0.4320000410079956,0.025600001215934753,1124.6298828125,4.0737162976256514e-07,0.15189671516418457,0.0468510240316391,0.04357264190912247,4.688783519668505e-06
radial,60,3.4444448020723133,0.4320000410079956,0.024800002574920654,1133.10205078125,4.2161127566942014e-07,0.15140947699546814,0.04732372611761093,0.043958984315395355,4.839831944991602e-06
radial,60,3.3333333623078136,0.4320000410079956,0.024000000208616257,1141.3974609375,4.3587337472672516e-07,0.15092793107032776,0.04778643324971199,0.044337041676044464,4.9906648200703785e-06
radial,60,3.222222439944744,0.4320000410079956,0.023200001567602158,1149.5062255859375,4.501245314258995e-07,0.15045298635959625,0.04823862761259079,0.04470640420913696,5.140939720149618e-06
radial,60,3.1111110001802444,0.4320000410079956,0.02239999920129776,1157.4180908203125,4.643292186301551e-07,0.14998562633991241,0.04867976903915405,0.04506663978099823,5.290296485327417e-06
radial,60,3.0000000778171754,0.4320000410079956,0.02160000056028366,1165.12451171875,4.784529892276623e-07,0.14952674508094788,0.04910939186811447,0.045417383313179016,5.4383872338803485e-06
radial,60,2.888889155454106,0.4320000410079956,0.020800001919269562,1172.61767578125,4.924619361190707e-07,0.1490771621465683,0.04952709376811981,0.045758310705423355,5.584873179032002e-06
radial,60,2.777777715689606,0.4320000410079956,0.019999999552965164,1179.896728515625,5.063299681751232e-07,0.14863739907741547,0.049932725727558136,0.046089306473731995,5.729500117013231e-06
radial,60,2.7222222545080714,0.4320000410079956,0.019600000232458115,1183.4537353515625,5.132041565047984e-07,0.14842140674591064,0.05013091117143631,0.046250998973846436,5.801069164590444e-06
radial,60,2.6666667933265367,0.4320000410079956,0.019200000911951065,1186.9541015625,5.200338364375057e-07,0.1482081115245819,0.05032595619559288,0.04641011357307434,5.872107976756524e-06
radial,60,2.611111073444287,0.4320000410079956,0.018799999728798866,1190.397705078125,5.268138920655474e-07,0.14799758791923523,0.05051784962415695,0.04656663537025452,5.942550160398241e-06
radial,60,2.5555556122627525,0.4320000410079956,0.018400000408291817,1193.781005859375,5.335348305379739e-07,0.1477901041507721,0.050706394016742706,0.046720411628484726,6.012300218571909e-06
radial,60,2.4999998923805027,0.4320000410079956,0.017999999225139618,1197.10302734375,5.401911380431557e-07,0.14758574962615967,0.05089151859283447,0.04687138646841049,6.081302672100719e-06
radial,60,2.444444431198968,0.4320000410079956,0.01759999990463257,1200.3626708984375,5.467788355417724e-07,0.1473846286535263,0.05107319355010986,0.047019533812999725,6.149521141196601e-06
radial,60,2.388888970017433,0.4320000410079956,0.01720000058412552,1203.5595703125,5.532933755603153e-07,0.1471867859363556,0.0512513741850853,0.04716481640934944,6.2169092416297644e-06
radial,60,2.3333332501351833,0.4320000410079956,0.01679999940097332,1206.692626953125,5.597299264081812e-07,0.14699238538742065,0.051426008343696594,0.04730719327926636,6.283422408159822e-06
radial,60,2.2777777889536486,0.4320000410079956,0.01640000008046627,1209.7611083984375,5.660838837684423e-07,0.1468014419078827,0.05159705504775047,0.047446638345718384,6.349014256556984e-06
radial,60,2.2222223277721143,0.4320000410079956,0.01600000075995922,1212.7640380859375,5.72350643324171e-07,0.14661407470703125,0.05176446586847305,0.04758310317993164,6.4136420405702665e-06
radial,60,2.166666737240222,0.4320000410079956,0.015600000508129597,1215.70068359375,5.785257144452771e-07,0.1464303731918335,0.05192819610238075,0.04771655797958374,6.477260285464581e-06
radial,60,2.111111276058687,0.4320000410079956,0.015200001187622547,1218.5704345703125,5.846044359714142e-07,0.1462504267692566,0.05208820849657059,0.04784698039293289,6.539826244988944e-06
radial,60,2.055555685526795,0.4320000410079956,0.014800000935792923,1221.37255859375,5.905823172724922e-07,0.14607428014278412,0.05224446579813957,0.04797431826591492,6.601297172892373e-06
radial,60,1.999999965644545,0.4320000410079956,0.014399999752640724,1224.106201171875,5.964551519355155e-07,0.14590203762054443,0.05239693075418472,0.04809856042265892,6.661630777671235e-06
radial,60,1.9444445044630103,0.4320000410079956,0.014000000432133675,1226.7711181640625,6.022186767040694e-07,0.14573374390602112,0.052545562386512756,0.048219673335552216,6.720787496306002e-06
radial,60,1.8888889139311182,0.4320000410079956,0.01360000018030405,1229.3663330078125,6.078686851651582e-07,0.14556947350502014,0.05269033461809158,0.048337630927562714,6.778727765777148e-06
radial,60,1.8333334527495835,0.4320000410079956,0.013200000859797001,1231.891357421875,6.1340028878476e-07,0.14540931582450867,0.052831195294857025,0.04845239967107773,6.83540383761283e-06
radial,60,1.7777778622176912,0.4320000410079956,0.012800000607967377,1234.3455810546875,6.188099632709054e-07,0.14525333046913147,0.05296812951564789,0.04856395348906517,6.8907838794984855e-06
radial,60,1.7222224010361566,0.4320000410079956,0.012400001287460327,1236.7293701171875,6.240953780434211e-07,0.14510153234004974,0.05310114473104477,0.04867231100797653,6.944844244571868e-06
radial,60,1.6666666811539068,0.4320000410079956,0.012000000104308128,1239.0419921875,6.292519856287981e-07,0.14495399594306946,0.053230203688144684,0.04877743870019913,6.997544915066101e-06
radial,60,1.6394231675399675,0.4320000410079956,0.011803846806287766,1240.14990234375,6.31733371392329e-07,0.14488321542739868,0.05329202860593796,0.048827797174453735,7.0228993536147755e-06
radial,60,1.6121796539260282,0.4320000410079956,0.011607693508267403,1241.2412109375,6.341854827951465e-07,0.1448134332895279,0.05335293337702751,0.04887740686535835,7.047954568406567e-06
radial,60,1.5849358816113737,0.4320000410079956,0.01141153834760189,1242.31640625,6.366079219333187e-07,0.1447446048259735,0.053412940353155136,0.04892628267407417,7.072699645505054e-06
radial,60,1.5576923679974344,0.4320000410079956,0.011215385049581528,1243.37451171875,6.3899847191351e-07,0.1446768343448639,0.05347200483083725,0.04897439107298851,7.097111847542692e-06
radial,60,1.530448854383495,0.4320000410079956,0.011019231751561165,1244.4156494140625,6.413565643015318e-07,0.14461009204387665,0.05353011563420296,0.04902172088623047,7.121184808056569e-06
radial,60,1.5032050820688407,0.4320000410079956,0.010823076590895653,1245.439697265625,6.436820285671274e-07,0.14454437792301178,0.053587280213832855,0.049068279564380646,7.144918527046684e-06
radial,60,1.4759615684549015,0.4320000410079956,0.01062692329287529,1246.446533203125,6.459744099629461e-07,0.14447972178459167,0.05364348739385605,0.049114055931568146,7.1683084570395295e-06
radial,60,1.4487179254906046,0.4320000410079956,0.010430769063532352,1247.436279296875,6.482332537416369e-07,0.14441612362861633,0.053698740899562836,0.04915904998779297,7.191349141066894e-06
radial,60,1.4214744118766653,0.4320000410079956,0.01023461576551199,1248.4085693359375,6.504582188426866e-07,0.14435358345508575,0.05375302955508232,0.049203261733055115,7.214037850644672e-06
radial,60,1.3942307689123683,0.4320000410079956,0.010038461536169052,1249.36376953125,6.526490778924199e-07,0.14429208636283875,0.0538063645362854,0.04924669489264488,7.236373221530812e-06
radial,60,1.366987255298429,0.4320000410079956,0.00984230823814869,1250.3013916015625,6.548049213961349e-07,0.14423169195652008,0.053858719766139984,0.04928933084011078,7.258346158778295e-06
radial,60,1.3397437416844897,0.4320000410079956,0.009646154940128326,1251.2213134765625,6.569248967025487e-07,0.14417240023612976,0.053910091519355774,0.04933116212487221,7.279947567440104e-06
radial,60,1.3124999693698354,0.4320000410079956,0.009449999779462814,1252.12353515625,6.59009174341918e-07,0.1441141813993454,0.05396047979593277,0.04937219247221947,7.3011806307476945e-06
radial,60,1.2638889408359926,0.4320000410079956,0.009100000374019146,1253.689453125,6.626363528994261e-07,0.14401307702064514,0.05404794216156006,0.04944341629743576,7.3381015681661665e-06
radial,60,1.236882655777865,0.4320000410079956,0.008905555121600628,1254.5345458984375,6.64599497213203e-07,0.1439584493637085,0.05409514531493187,0.049481846392154694,7.358077709795907e-06
radial,60,1.209876500070095,0.4320000410079956,0.008711110800504684,1255.362060546875,6.665265459560032e-07,0.1439049243927002,0.054141364991664886,0.049519479274749756,7.377689144050237e-06
radial,60,1.1828703443623252,0.4320000410079956,0.008516666479408741,1256.1724853515625,6.684179538751778e-07,0.14385248720645905,0.054186634719371796,0.049556341022253036,7.396934051939752e-06
radial,60,1.1558641886545553,0.4320000410079956,0.008322222158312798,1256.96533203125,6.702724135720928e-07,0.14380112290382385,0.05423092842102051,0.04959241300821304,7.415797426801873e-06
radial,60,1.128858162297143,0.4320000410079956,0.008127778768539429,1257.7406005859375,6.720890723954653e-07,0.1437508910894394,0.054274242371320724,0.04962766915559769,7.434272447426338e-06
radial,60,1.1018518772390153,0.4320000410079956,0.00793333351612091,1258.4981689453125,6.738678166584577e-07,0.14370177686214447,0.05431656911969185,0.049662135541439056,7.452359568560496e-06
radial,60,1.0748457215312455,0.4320000410079956,0.007738889195024967,1259.238037109375,6.756083621439757e-07,0.1436537802219391,0.05435790866613388,0.04969578981399536,7.47005469747819e-06
radial,60,1.0478395658234756,0.4320000410079956,0.007544444873929024,1259.960205078125,6.773104246349249e-07,0.14360690116882324,0.05439825356006622,0.0497286394238472,7.487354196200613e-06
radial,60,1.0208334101157057,0.4320000410079956,0.00735000055283308,1260.66455078125,6.789736062273732e-07,0.14356115460395813,0.05443761497735977,0.04976068437099457,7.504256245738361e-06
radial,60,0.9938271897327569,0.4320000410079956,0.0071555557660758495,1261.35107421875,6.805975090173888e-07,0.14351655542850494,0.05447597801685333,0.04979191720485687,7.5207562986179255e-06
radial,60,0.9668209693498082,0.4320000410079956,0.006961110979318619,1262.0196533203125,6.82181962474715e-07,0.1434730738401413,0.054513342678546906,0.049822334200143814,7.536851626355201e-06
radial,60,0.9398148783172171,0.4320000410079956,0.006766667123883963,1262.6702880859375,6.837265686954197e-07,0.14343073964118958,0.054549701511859894,0.04985193908214569,7.552540409960784e-06
radial,60,0.9128087226094471,0.4320000410079956,0.006572222802788019,1263.302978515625,6.852310434624087e-07,0.14338956773281097,0.05458506569266319,0.049880724400281906,7.5678185567085166e-06
radial,60,0.8858025022264984,0.4320000410079956,0.006377778016030788,1263.9176025390625,6.866951025585877e-07,0.1433495432138443,0.05461942031979561,0.04990869015455246,7.582683792861644e-06
radial,60,0.8587962818435497,0.4320000410079956,0.006183333229273558,1264.5142822265625,6.881184617668623e-07,0.14331068098545074,0.05465276911854744,0.04993583634495735,7.5971338446834125e-06
radial,60,0.8317901908109586,0.4320000410079956,0.0059888893738389015,1265.0927734375,6.895007800267194e-07,0.1432729810476303,0.05468510463833809,0.04996216297149658,7.611165528942365e-06
radial,60,0.8047840351031886,0.4320000410079956,0.005794445052742958,1265.653076171875,6.908418299644836e-07,0.143236443400383,0.054716430604457855,0.049987662583589554,7.624777026649099e-06
radial,60,0.7777777500450611,0.4320000410079956,0.00559999980032444,1266.1953125,6.921413842064794e-07,0.14320108294487,0.05474674701690674,0.05001233518123627,7.637964699824806e-06
radial,60,0.7507715943372912,0.4320000410079956,0.0054055554792284966,1266.71923828125,6.933992153790314e-07,0.14316686987876892,0.054776035249233246,0.05003618448972702,7.650728548469488e-06
radial,60,0.7237654386295213,0.4320000410079956,0.005211111158132553,1267.22509765625,6.946148687347886e-07,0.14313384890556335,0.05480431392788887,0.05005919933319092,7.663063115614932e-06
radial,60,0.6967592829217514,0.4320000410079956,0.00501666683703661,1267.7125244140625,6.9578840111717e-07,0.1431020200252533,0.054831571877002716,0.05008138716220856,7.67496840126114e-06
radial,60,0.6697530625388026,0.4320000410079956,0.004822222050279379,1268.1817626953125,6.969193009354058e-07,0.14307136833667755,0.054857805371284485,0.05010274052619934,7.686441676924005e-06
radial,60,0.6427469068310327,0.4320000410079956,0.0046277777291834354,1268.632568359375,6.980076250329148e-07,0.14304189383983612,0.05488301441073418,0.05012326315045357,7.697479304624721e-06
radial,60,0.6157407511232628,0.4320000410079956,0.004433333408087492,1269.065185546875,6.990529755057651e-07,0.1430136114358902,0.05490720272064209,0.05014295130968094,7.70808219385799e-06
radial,60,0.5887346600906717,0.4320000410079956,0.004238889552652836,1269.4793701171875,7.000551818237e-07,0.14298652112483978,0.05493036285042763,0.050161801278591156,7.718248525634408e-06
radial,60,0.5617283750325441,0.4320000410079956,0.004044444300234318,1269.875,7.010140166130441e-07,0.14296063780784607,0.05495248734951019,0.05017981678247452,7.727972842985764e-06
radial,60,0.5347222193247743,0.4320000410079956,0.0038499999791383743,1270.2523193359375,7.019291388132842e-07,0.14293594658374786,0.05497358739376068,0.05019698292016983,7.737255145912059e-06
radial,60,0.49999999141113627,0.4320000410079956,0.003599999938160181,1270.7103271484375,7.030411097730394e-07,0.14290596544742584,0.054999202489852905,0.05021783336997032,7.748529242235236e-06
radial,60,0.45833336318739587,0.4320000410079956,0.0033000002149492502,1271.219482421875,7.042781362542883e-07,0.1428726315498352,0.05502768233418465,0.05024101585149765,7.761060260236263e-06
radial,60,0.4166666702884767,0.4320000410079956,0.003000000026077032,1271.6844482421875,7.054085813251731e-07,0.1428421586751938,0.05505368858575821,0.05026218295097351,7.772505341563374e-06
radial,60,0.3750000097271469,0.4320000410079956,0.0027000000700354576,1272.105224609375,7.064326155159506e-07,0.14281460642814636,0.055077217519283295,0.0502813383936882,7.782868124195375e-06
radial,60,0.3333333491658171,0.4320000410079956,0.002400000113993883,1272.4818115234375,7.073497272358509e-07,0.14278991520404816,0.055098287761211395,0.050298482179641724,7.792146789142862e-06
radial,60,0.2916666562668979,0.4320000410079956,0.002099999925121665,1272.814208984375,7.081597459546174e-07,0.14276811480522156,0.05511687695980072,0.050313614308834076,7.80033860792173e-06
radial,60,0.24999999570556813,0.4320000410079956,0.0017999999690800905,1273.102294921875,7.088621032380615e-07,0.14274922013282776,0.055132992565631866,0.05032672733068466,7.807437214069068e-06
radial,60,0.20833333514423835,0.4320000410079956,0.001500000013038516,1273.3460693359375,7.09456514869089e-07,0.14273323118686676,0.05514662712812424,0.05033782869577408,7.813440788595472e-06
radial,60,0.16666667458290854,0.4320000410079956,0.0012000000569969416,1273.545654296875,7.099428103174432e-07,0.14272014796733856,0.05515778809785843,0.05034691095352173,7.818347512511536e-06
radial,60,0.12499999785278407,0.4320000410079956,0.0008999999845400453,1273.7008056640625,7.103205348357733e-07,0.14270997047424316,0.055166468024253845,0.05035397782921791,7.822154657333158e-06
radial,60,0.08333333729145427,0.4320000410079956,0.0006000000284984708,1273.8115234375,7.105895178938226e-07,0.14270269870758057,0.055172666907310486,0.05035902187228203,7.82485949457623e-06
radial,60,0.041666668645727135,0.4320000410079956,0.0003000000142492354,1273.8780517578125,7.107499868652667e-07,0.14269833266735077,0.05517639219760895,0.05036205053329468,7.82646475272486e-06
radial,60,0.0,0.4320000410079956,0.0,1273.9002685546875,7.108030786184827e-07,0.14269688725471497,0.055177632719278336,0.05036306008696556,7.82699316914659e-06
radial,75,30.000000778171753,0.5400000214576721,0.2160000056028366,300.0,0.0,0.0,0.0,0.0,0.0
radial,75,29.585686408811146,0.5400000214576721,0.21301694214344025,504.4461364746094,1.9643451310003e-09,0.13231799006462097,0.01129821315407753,0.013044558465480804,1.4448696461499821e-08
radial,75,29.171374109056263,0.5400000214576721,0.21003389358520508,504.7580261230469,1.9662362849004467e-09,0.13245731592178345,0.011312512680888176,0.013060317374765873,1.4472413489841074e-08
radial,75,28.757061809301376,0.5400000214576721,0.2070508450269699,505.0971984863281,1.9675938656149583e-09,0.1325950175523758,0.011328051798045635,0.013077076524496078,1.4502551159978339e-08
radial,75,28.342749509546493,0.5400000214576721,0.20406779646873474,505.4622802734375,1.9685526542190246e-09,0.13273049890995026,0.011344770900905132,0.013094769790768623,1.4539406123503795e-08
radial,75,27.928437209791607,0.5400000214576721,0.20108474791049957,505.8560791015625,1.969087781716894e-09,0.1328645944595337,0.011362794786691666,0.013113523833453655,1.4583309670967992e-08
radial,75,27.514124910036724,0.5400000214576721,0.1981016993522644,506.28045654296875,1.969134855173138e-09,0.13299748301506042,0.011382210068404675,0.013133416883647442,1.4634433220805931e-08
radial,75,27.099812610281838,0.5400000214576721,0.19511865079402924,506.73675537109375,1.968622154180366e-09,0.1331290304660797,0.01140307355672121,0.01315449271351099,1.4692852268183287e-08
radial,75,26.685498240921234,0.5400000214576721,0.19213558733463287,507.2263488769531,1.9674861739815697e-09,0.13325904309749603,0.011425445787608624,0.01317679788917303,1.4758662736369388e-08
radial,75,26.271185941166348,0.5400000214576721,0.1891525387763977,507.7506103515625,1.9656762884068257e-09,0.13338737189769745,0.011449387297034264,0.013200378976762295,1.483199341123509e-08
radial,75,25.856873641411465,0.5400000214576721,0.18616949021816254,508.31097412109375,1.9631567482747414e-09,0.13351382315158844,0.011474959552288055,0.013225282542407513,1.4913018375750653e-08
radial,75,25.442561341656578,0.5400000214576721,0.18318644165992737,508.9088134765625,1.9599075695708734e-09,0.13363826274871826,0.011502224020659924,0.013251557014882565,1.5001953457272066e-08
radial,75,25.028249041901695,0.5400000214576721,0.1802033931016922,509.5455627441406,1.9559229791354937e-09,0.1337605118751526,0.011531242169439793,0.013279248960316181,1.5099043793043165e-08
radial,75,24.613936742146812,0.5400000214576721,0.17722034454345703,510.22265625,1.9512138571542437e-09,0.1338803768157959,0.011562076397240162,0.013308406807482243,1.5204580705585613e-08
radial,75,24.199622372786205,0.5400000214576721,0.17423728108406067,510.9415588378906,1.9458037403552453e-09,0.13399769365787506,0.011594788171350956,0.013339078053832054,1.53188839391305e-08
radial,75,23.78531007303132,0.5400000214576721,0.1712542325258255,511.7037048339844,1.939726379518447e-09,0.13411228358745575,0.011629441753029823,0.013371311128139496,1.544230343597519e-08
radial,75,23.370997773276436,0.5400000214576721,0.16827118396759033,512.5106201171875,1.9330264056094393e-09,0.13422398269176483,0.011666102334856987,0.013405156321823597,1.557523354733803e-08
radial,75,22.956685473521553,0.5400000214576721,0.16528813540935516,513.3639526367188,1.9257602179578726e-09,0.13433264195919037,0.011704838834702969,0.01344066858291626,1.571811658607203e-08
radial,75,22.542373173766666,0.5400000214576721,0.16230508685112,514.2653198242188,1.9180002031049526e-09,0.13443812727928162,0.011745722033083439,0.013477903790771961,1.587144993209222e-08
radial,75,22.128060874011783,0.5400000214576721,0.15932203829288483,515.2164306640625,1.9098294057329213e-09,0.13454031944274902,0.011788824573159218,0.013516920618712902,1.6035782479661975e-08
radial,75,21.713748574256897,0.5400000214576721,0.15633898973464966,516.2191162109375,1.9013373098175634e-09,0.13463912904262543,0.011834224686026573,0.013557781465351582,1.621169687382462e-08
radial,75,21.29943420489629,0.5400000214576721,0.1533559262752533,517.2752075195312,1.892622503163466e-09,0.13473448157310486,0.011882001534104347,0.013600551523268223,1.6399827273971823e-08
radial,75,20.885121905141407,0.5400000214576721,0.15037287771701813,518.38671875,1.883792677404017e-09,0.13482633233070374,0.01193223986774683,0.013645301572978497,1.6600871788341465e-08
radial,75,20.470809605386524,0.5400000214576721,0.14738982915878296,519.5556030273438,1.874972177517975e-09,0.13491465151309967,0.011985025368630886,0.013692101463675499,1.6815594250374488e-08
radial,75,20.056497305631638,0.5400000214576721,0.1444067806005478,520.7839965820312,1.866296672758949e-09,0.13499943912029266,0.012040447443723679,0.013741028495132923,1.7044817113287536e-08
radial,75,19.642185005876755,0.5400000214576721,0.14142373204231262,522.0740356445312,1.8579068283841593e-09,0.13508069515228271,0.012098599225282669,0.013792160898447037,1.728939302836352e-08
radial,75,19.227872706121868,0.5400000214576721,0.13844068348407745,523.427978515625,1.8499518583681152e-09,0.1351584643125534,0.012159575708210468,0.013845578767359257,1.755023859573157e-08
radial,75,18.813558336761265,0.5400000214576721,0.1354576200246811,524.8480834960938,1.8425886372241962e-09,0.1352328211069107,0.012223475612699986,0.013901368714869022,1.782832725893968e-08
radial,75,18.399246037006378,0.5400000214576721,0.13247457146644592,526.3368530273438,1.8359928022348981e-09,0.1353038251399994,0.012290401384234428,0.013959617353975773,1.812471772666413e-08
radial,75,17.984933737251495,0.5400000214576721,0.12949152290821075,527.8965454101562,1.830352536202895e-09,0.135371595621109,0.01236045453697443,0.014020414091646671,1.8440518445572707e-08
radial,75,17.57062143749661,0.5400000214576721,0.12650847434997559,529.5296630859375,1.8258603518006566e-09,0.1354362517595291,0.012433735653758049,0.014083847403526306,1.877685029683107e-08
radial,75,17.156309137741726,0.5400000214576721,0.12352542579174042,531.2384643554688,1.8227157561057084e-09,0.13549788296222687,0.012510347180068493,0.014150005765259266,1.9134875017812192e-08
radial,75,16.74199580318398,0.5400000214576721,0.12054236978292465,533.0254516601562,1.821123252199186e-09,0.1355566829442978,0.01259038969874382,0.014218978583812714,1.951579697845318e-08
radial,75,16.327683503429096,0.5400000214576721,0.11755932122468948,534.8929443359375,1.821308326377391e-09,0.13561275601387024,0.01267396192997694,0.014290853403508663,1.992089160296473e-08
radial,75,15.913371203674211,0.5400000214576721,0.11457627266645432,536.8431396484375,1.8235076781891735e-09,0.13566631078720093,0.012761158868670464,0.014365713112056255,2.035145207912592e-08
radial,75,15.499057869116466,0.5400000214576721,0.11159321665763855,538.8779907226562,1.8279596725179204e-09,0.1357174813747406,0.012852062471210957,0.014443634077906609,2.0808723633081172e-08
radial,75,15.084745569361582,0.5400000214576721,0.10861016809940338,540.9993896484375,1.834904450603858e-09,0.13576644659042358,0.012946750037372112,0.01452468428760767,2.129393728012019e-08
radial,75,14.670433269606697,0.5400000214576721,0.10562711954116821,543.2090454101562,1.8445810434641885e-09,0.135813370347023,0.013045291416347027,0.014608928002417088,2.1808297390180087e-08
radial,75,14.256120969851812,0.5400000214576721,0.10264407098293304,545.50830078125,1.8572451354614827e-09,0.1358584463596344,0.013147741556167603,0.014696415513753891,2.2353017214982174e-08
radial,75,13.841807635294067,0.5400000214576721,0.09966101497411728,547.8980102539062,1.8731574069619228e-09,0.1359018087387085,0.0132541349157691,0.014787180349230766,2.292922296476263e-08
radial,75,13.427495335539183,0.5400000214576721,0.09667796641588211,550.3785400390625,1.8925694345028887e-09,0.13594363629817963,0.013364482671022415,0.014881235547363758,2.3537861437716856e-08
radial,75,13.013183035784298,0.5400000214576721,0.09369491785764694,552.94970703125,1.915720693190792e-09,0.13598406314849854,0.013478770852088928,0.014978576451539993,2.417970534906999e-08
radial,75,12.598869701226553,0.5400000214576721,0.09071186184883118,555.6107788085938,1.942830785139904e-09,0.13602319359779358,0.013596964068710804,0.01507917232811451,2.4855314251226446e-08
radial,75,12.184557401471668,0.5400000214576721,0.08772881329059601,558.3601684570312,1.9741179801968656e-09,0.1360611617565155,0.013718984089791775,0.015182962641119957,2.5565052297338298e-08
radial,75,11.770245101716784,0.5400000214576721,0.08474576473236084,561.1950073242188,2.0097821185061093e-09,0.1360980123281479,0.013844704255461693,0.015289842151105404,2.6308924816476065e-08
radial,75,11.355931767159039,0.5400000214576721,0.08176270872354507,564.1114501953125,2.049984182406206e-09,0.13613377511501312,0.013973946683108807,0.015399660915136337,2.7086434428724715e-08
radial,75,10.941619467404154,0.5400000214576721,0.0787796601653099,567.104248046875,2.0948338619319884e-09,0.1361684501171112,0.014106476679444313,0.015512220561504364,2.7896499332769054e-08
radial,75,10.527307167649269,0.5400000214576721,0.07579661160707474,570.166259765625,2.14436601808643e-09,0.13620193302631378,0.014241975732147694,0.01562725193798542,2.8737209945006725e-08
radial,75,10.112993833091524,0.5400000214576721,0.07281355559825897,573.2871704101562,2.1985295806103977e-09,0.13623400032520294,0.014379977248609066,0.015744352713227272,2.9605409679334116e-08
radial,75,9.69868153333664,0.5400000214576721,0.0698305070400238,576.4464111328125,2.2570236790642184e-09,0.136263906955719,0.01451956108212471,0.015862727537751198,3.049405705723984e-08
radial,75,9.284369233581755,0.5400000214576721,0.06684745848178864,579.6217041015625,2.3194506315604713e-09,0.13629084825515747,0.01465972512960434,0.015981512144207954,3.139519932915391e-08
radial,75,8.87005693382687,0.5400000214576721,0.06386440992355347,582.8148193359375,2.3858575115554004e-09,0.13631553947925568,0.014800558798015118,0.016100801527500153,3.230936229670078e-08
radial,75,8.455744116670555,0.5400000214576721,0.060881357640028,586.0382690429688,2.456427283803464e-09,0.1363391876220703,0.014942629262804985,0.016221100464463234,3.3240052488281435e-08
radial,75,8.04143129951424,0.5400000214576721,0.05789830535650253,589.2919921875,2.53100296276898e-09,0.13636241853237152,0.015085949562489986,0.016342440620064735,3.418614369365969e-08
radial,75,7.627118482357926,0.5400000214576721,0.054915253072977066,592.568115234375,2.60916577232706e-09,0.1363857388496399,0.015230185352265835,0.01646455004811287,3.514348989597238e-08
radial,75,7.212806182603042,0.5400000214576721,0.0519322045147419,595.8541259765625,2.690284217621297e-09,0.13640926778316498,0.015374796465039253,0.01658697985112667,3.610528764852461e-08
radial,75,6.798493365446727,0.5400000214576721,0.04894915223121643,599.1339721679688,2.773512530751532e-09,0.13643300533294678,0.015519089065492153,0.016709137707948685,3.7062445557012325e-08
radial,75,6.384180548290412,0.5400000214576721,0.045966099947690964,602.3892822265625,2.8577897825954324e-09,0.13645683228969574,0.015662256628274918,0.01683034375309944,3.80037903369157e-08
radial,75,5.969868248535527,0.5400000214576721,0.042983051389455795,605.5985717773438,2.9418572022876788e-09,0.13648058474063873,0.015803366899490356,0.016949808225035667,3.891633681973872e-08
radial,75,5.555555431379212,0.5400000214576721,0.03999999910593033,608.7373657226562,3.0245488336078097e-09,0.13650409877300262,0.015941310673952103,0.017066584900021553,3.978817630923004e-08
radial,75,5.444444509016143,0.5400000214576721,0.03920000046491623,609.5659790039062,3.047019081492408e-09,0.13651032745838165,0.015977714210748672,0.01709740422666073,4.002056286367406e-08
radial,75,5.333333586653073,0.5400000214576721,0.03840000182390213,610.3900146484375,3.0701297060176103e-09,0.1365165263414383,0.016013918444514275,0.017128055915236473,4.025791611184104e-08
radial,75,5.222222146888574,0.5400000214576721,0.03759999945759773,611.2080078125,3.0934030892382225e-09,0.13652266561985016,0.016049856320023537,0.01715848408639431,4.049552160267922e-08
radial,75,5.111111224525505,0.5400000214576721,0.03680000081658363,612.0186767578125,3.116784830226038e-09,0.13652877509593964,0.016085471957921982,0.01718863844871521,4.0732896167128274e-08
radial,75,4.999999784761005,0.5400000214576721,0.035999998450279236,612.8214111328125,3.1402391797996643e-09,0.13653482496738434,0.01612073928117752,0.01721849851310253,4.0969720060957115e-08
radial,75,4.888888862397936,0.5400000214576721,0.03519999980926514,613.6157836914062,3.1637348296698065e-09,0.13654080033302307,0.01615563966333866,0.01724804751574993,4.120574104149455e-08
radial,75,4.777777940034866,0.5400000214576721,0.03440000116825104,614.4012451171875,3.187238695190331e-09,0.13654673099517822,0.016190148890018463,0.017277268692851067,4.144066778621891e-08
radial,75,4.666666500270367,0.5400000214576721,0.03359999880194664,615.1773681640625,3.2107174696704988e-09,0.1365525722503662,0.016224246472120285,0.017306139692664146,4.167421252532222e-08
radial,75,4.555555577907297,0.5400000214576721,0.03280000016093254,615.9435424804688,3.2341374023303615e-09,0.13655835390090942,0.016257910057902336,0.01733464188873768,4.190608038356913e-08
radial,75,4.4444446555442285,0.5400000214576721,0.03200000151991844,616.6993408203125,3.2574647423899705e-09,0.13656406104564667,0.016291117295622826,0.01736276037991047,4.2135972933010635e-08
radial,75,4.333333215779729,0.5400000214576721,0.031199999153614044,617.4442138671875,3.280665739069377e-09,0.13656967878341675,0.016323843970894814,0.017390470951795578,4.2363591745697704e-08
radial,75,4.222222293416659,0.5400000214576721,0.030400000512599945,618.1776123046875,3.303706641588633e-09,0.13657520711421967,0.016356071457266808,0.01741775870323181,4.2588631288253964e-08
radial,75,4.111111112352875,0.5400000214576721,0.029600000008940697,618.8991088867188,3.326553477123184e-09,0.1365806609392166,0.01638777367770672,0.017444603145122528,4.281078602730304e-08
radial,75,3.99999993128909,0.5400000214576721,0.02879999950528145,619.6080932617188,3.3491724948930823e-09,0.136585995554924,0.016418932005763054,0.017470985651016235,4.302974687675487e-08
radial,75,3.8888890089260206,0.5400000214576721,0.02800000086426735,620.3041381835938,3.371529722073774e-09,0.13659124076366425,0.016449520364403725,0.01749688759446144,4.3245204750519406e-08
radial,75,3.7777778278622365,0.5400000214576721,0.0272000003606081,620.9866943359375,3.393591629929915e-09,0.13659639656543732,0.01647951826453209,0.017522288486361504,4.345685056250659e-08
radial,75,3.666666646798452,0.5400000214576721,0.026399999856948853,621.6552734375,3.4153249117707674e-09,0.13660143315792084,0.016508905217051506,0.01754717156291008,4.366437877934004e-08
radial,75,3.5555554657346673,0.5400000214576721,0.025599999353289604,622.3093872070312,3.436695816816382e-09,0.1366063505411148,0.016537658870220184,0.01757151633501053,4.386747320950235e-08
radial,75,3.444444543371598,0.5400000214576721,0.024800000712275505,622.9485473632812,3.457671260420625e-09,0.13661116361618042,0.016565755009651184,0.017595307901501656,4.406582476690346e-08
radial,75,3.3333333623078136,0.5400000214576721,0.024000000208616257,623.572265625,3.4782186020265726e-09,0.1366158425807953,0.016593175008893013,0.01761852391064167,4.4259127918166996e-08
radial,75,3.222222181244029,0.5400000214576721,0.02319999970495701,624.1800537109375,3.4983054231219057e-09,0.1366204172372818,0.01661989837884903,0.017641151323914528,4.44470735772029e-08
radial,75,3.1111110001802444,0.5400000214576721,0.02239999920129776,624.7713623046875,3.517897084748256e-09,0.13662485778331757,0.016645900905132294,0.017663167789578438,4.4629334894352723e-08
radial,75,3.0000000778171754,0.5400000214576721,0.02160000056028366,625.3458251953125,3.536962056571724e-09,0.1366291642189026,0.016671163961291313,0.017684556543827057,4.480560633624009e-08
radial,75,2.888888896753391,0.5400000214576721,0.020800000056624413,625.9031372070312,3.5554748034627437e-09,0.13663335144519806,0.016695674508810043,0.017705310136079788,4.497564276562116e-08
radial,75,2.777777715689606,0.5400000214576721,0.019999999552965164,626.4426879882812,3.5734031289536006e-09,0.1366373896598816,0.016719406470656395,0.017725400626659393,4.5139206150679456e-08
radial,75,2.7222222545080714,0.5400000214576721,0.019600000232458115,626.7056274414062,3.5822123045647913e-09,0.13663935661315918,0.01673097349703312,0.01773519441485405,4.521961116665807e-08
radial,75,2.6666667933265367,0.5400000214576721,0.019200000911951065,626.9641723632812,3.5909548667945046e-09,0.13664129376411438,0.016742346808314323,0.017744822427630424,4.52996609112688e-08
radial,75,2.611111073444287,0.5400000214576721,0.018799999728798866,627.2183227539062,3.5995675329303367e-09,0.136643186211586,0.016753526404500008,0.017754288390278816,4.537841391538677e-08
radial,75,2.5555556122627525,0.5400000214576721,0.018400000408291817,627.4678344726562,3.6080418652773005e-09,0.13664504885673523,0.016764502972364426,0.01776358298957348,4.545579201931105e-08
radial,75,2.4999998923805027,0.5400000214576721,0.017999999225139618,627.7127075195312,3.6163734229432976e-09,0.13664686679840088,0.016775276511907578,0.017772702500224113,4.553175614319116e-08
radial,75,2.444444431198968,0.5400000214576721,0.01759999990463257,627.9528198242188,3.6245604295714884e-09,0.13664865493774414,0.016785841435194016,0.01778164692223072,4.5606288523458716e-08
radial,75,2.388888970017433,0.5400000214576721,0.01720000058412552,628.1881713867188,3.6325991104035893e-09,0.13665041327476501,0.01679619774222374,0.0177904162555933,4.567936429111796e-08
radial,75,2.3333332501351833,0.5400000214576721,0.01679999940097332,628.4187622070312,3.640487022948946e-09,0.1366521269083023,0.0168063435703516,0.017799004912376404,4.575095502445947e-08
radial,75,2.2777777889536486,0.5400000214576721,0.01640000008046627,628.6444702148438,3.648220392449275e-09,0.13665379583835602,0.01681627705693245,0.01780741475522518,4.582103230177381e-08
radial,75,2.2222223277721143,0.5400000214576721,0.01600000075995922,628.8652954101562,3.655796776413922e-09,0.13665543496608734,0.016825996339321136,0.017815643921494484,4.588957125406523e-08
radial,75,2.1666666078898644,0.5400000214576721,0.015599999576807022,629.0811767578125,3.6632128441738132e-09,0.13665702939033508,0.016835497692227364,0.017823686823248863,4.595654701233798e-08
radial,75,2.1111111467083297,0.5400000214576721,0.015200000256299973,629.2921142578125,3.6704657091490844e-09,0.13665859401226044,0.01684478111565113,0.017831547185778618,4.6021927602168944e-08
radial,75,2.0555555561764374,0.5400000214576721,0.014800000004470348,629.4979858398438,3.6775524847598717e-09,0.1366601139307022,0.01685384474694729,0.0178392194211483,4.6085688154562376e-08
radial,75,1.999999965644545,0.5400000214576721,0.014399999752640724,629.6988525390625,3.684470506470916e-09,0.1366616040468216,0.01686268486082554,0.01784670539200306,4.61478073532362e-08
radial,75,1.9444445044630103,0.5400000214576721,0.014000000432133675,629.8945922851562,3.6912164436131434e-09,0.1366630494594574,0.01687130145728588,0.017853999510407448,4.6208253223767315e-08
radial,75,1.8888889139311182,0.5400000214576721,0.01360000018030405,630.0851440429688,3.6977880757405046e-09,0.1366644650697708,0.016879694536328316,0.017861103639006615,4.626700089715996e-08
radial,75,1.833333323399226,0.5400000214576721,0.013199999928474426,630.2705688476562,3.704181628094716e-09,0.13666582107543945,0.016887856647372246,0.01786801405251026,4.632402195170471e-08
radial,75,1.7777777328673336,0.5400000214576721,0.012799999676644802,630.4508056640625,3.7103944361405183e-09,0.1366671621799469,0.01689579151570797,0.01787473075091839,4.637928796569213e-08
radial,75,1.722222271685799,0.5400000214576721,0.012400000356137753,630.6257934570312,3.7164267219225167e-09,0.13666844367980957,0.016903497278690338,0.017881255596876144,4.643279893912222e-08
radial,75,1.6666666811539068,0.5400000214576721,0.012000000104308128,630.7955322265625,3.7222740445486124e-09,0.13666969537734985,0.016910972073674202,0.017887581139802933,4.6484530002999236e-08
radial,75,1.63942303818961,0.5400000214576721,0.011803845874965191,630.8767700195312,3.7250911244512963e-09,0.1366702914237976,0.016914548352360725,0.017890609800815582,4.650955176543903e-08
radial,75,1.6121795245756707,0.5400000214576721,0.011607692576944828,630.956787109375,3.727885111715068e-09,0.13667088747024536,0.01691807247698307,0.01789359375834465,4.653449181546421e-08
radial,75,1.5849358816113737,0.5400000214576721,0.01141153834760189,631.0355834960938,3.730638464816138e-09,0.13667145371437073,0.016921542584896088,0.017896529287099838,4.655906948869415e-08
radial,75,1.5576923679974344,0.5400000214576721,0.011215385049581528,631.113037109375,3.733349629442273e-09,0.1366720348596573,0.01692495495080948,0.017899418249726295,4.658326702156046e-08
radial,75,1.5304487250331376,0.5400000214576721,0.01101923082023859,631.1892700195312,3.736017717415052e-09,0.13667258620262146,0.016928311437368393,0.017902260646224022,4.660707730863578e-08
radial,75,1.5032050820688407,0.5400000214576721,0.010823076590895653,631.26416015625,3.738643172823686e-09,0.13667313754558563,0.01693161018192768,0.01790505275130272,4.663050745534747e-08
radial,75,1.4759615684549015,0.5400000214576721,0.01062692329287529,631.3378295898438,3.741225551578964e-09,0.1366736739873886,0.016934853047132492,0.017907798290252686,4.665355390898185e-08
radial,75,1.4487179254906046,0.5400000214576721,0.010430769063532352,631.41015625,3.7437648536808865e-09,0.1366741955280304,0.016938040032982826,0.017910495400428772,4.667621311682524e-08
radial,75,1.4214744118766653,0.5400000214576721,0.01023461576551199,631.481201171875,3.746260635040244e-09,0.13667471706867218,0.016941169276833534,0.017913145944476128,4.669848152616396e-08
radial,75,1.3942307689123683,0.5400000214576721,0.010038461536169052,631.5509643554688,3.748713339746246e-09,0.13667522370815277,0.016944240778684616,0.017915746197104454,4.672036624242537e-08
radial,75,1.3669871259480715,0.5400000214576721,0.009842307306826115,631.6194458007812,3.7511220796204725e-09,0.13667573034763336,0.01694725640118122,0.0179182980209589,4.6741860160182114e-08
radial,75,1.3397436123341322,0.5400000214576721,0.009646154008805752,631.6865234375,3.7534855223952945e-09,0.13667622208595276,0.01695021241903305,0.017920801416039467,4.676295262129315e-08
radial,75,1.3124999693698354,0.5400000214576721,0.009449999779462814,631.7523803710938,3.755805444427551e-09,0.13667669892311096,0.016953112557530403,0.017923256382346153,4.6783647178472165e-08
radial,75,1.2638889408359926,0.5400000214576721,0.009100000374019146,631.8666381835938,3.75980846456514e-09,0.13667753338813782,0.016958145424723625,0.017927516251802444,4.681914589355074e-08
radial,75,1.236882655777865,0.5400000214576721,0.008905555121600628,631.92822265625,3.7619680703926406e-09,0.13667798042297363,0.016960859298706055,0.017929814755916595,4.683828436213844e-08
radial,75,1.209876500070095,0.5400000214576721,0.008711110800504684,631.9885864257812,3.764096589975452e-09,0.13667842745780945,0.016963517293334007,0.017932064831256866,4.6857248747755875e-08
radial,75,1.1828703443623252,0.5400000214576721,0.008516666479408741,632.0476684570312,3.766182476994118e-09,0.13667885959148407,0.016966119408607483,0.017934266477823257,4.687583299300968e-08
radial,75,1.1558641886545553,0.5400000214576721,0.008322222158312798,632.1054077148438,3.7682235110025886e-09,0.1366792768239975,0.016968663781881332,0.017936421558260918,4.689402288704514e-08
radial,75,1.1288580329467852,0.5400000214576721,0.008127777837216854,632.161865234375,3.7702201360900744e-09,0.13667969405651093,0.016971152275800705,0.01793852634727955,4.691181487714857e-08
radial,75,1.1018518772390153,0.5400000214576721,0.00793333351612091,632.217041015625,3.7721719081673655e-09,0.13668008148670197,0.01697358302772045,0.01794058457016945,4.692921251603366e-08
radial,75,1.0748456568560667,0.5400000214576721,0.00773888872936368,632.2709350585938,3.774078827234462e-09,0.1366804838180542,0.016975954174995422,0.01794259250164032,4.694621225098672e-08
radial,75,1.0478395011482968,0.5400000214576721,0.0075444444082677364,632.323486328125,3.775940893291363e-09,0.13668085634708405,0.016978269442915916,0.01794455200433731,4.6962810529294075e-08
radial,75,1.0208333454405267,0.5400000214576721,0.007350000087171793,632.3746948242188,3.7777576622488596e-09,0.1366812288761139,0.016980526968836784,0.017946463078260422,4.6979010903669405e-08
radial,75,0.9938271897327569,0.5400000214576721,0.0071555557660758495,632.4246215820312,3.7795291341069515e-09,0.13668160140514374,0.016982728615403175,0.017948325723409653,4.699481337411271e-08
radial,75,0.9668209693498082,0.5400000214576721,0.006961110979318619,632.4732666015625,3.781255308865639e-09,0.1366819441318512,0.01698487065732479,0.017950139939785004,4.701021438791031e-08
radial,75,0.9398148136420382,0.5400000214576721,0.006766666658222675,632.5205688476562,3.782935742435711e-09,0.13668228685855865,0.01698695495724678,0.017951903864741325,4.7025213945062205e-08
radial,75,0.9128086579342684,0.5400000214576721,0.006572222337126732,632.5665893554688,3.784570434817169e-09,0.1366826295852661,0.016988979652523994,0.017953619360923767,4.703980849285472e-08
radial,75,0.8858024375513196,0.5400000214576721,0.006377777550369501,632.6112670898438,3.786159830099223e-09,0.13668295741081238,0.01699094846844673,0.01795528642833233,4.7054001584001526e-08
radial,75,0.8587962818435497,0.5400000214576721,0.006183333229273558,632.6546020507812,3.787703040103452e-09,0.13668327033519745,0.016992859542369843,0.01795690320432186,4.706779321850263e-08
radial,75,0.8317901261357797,0.5400000214576721,0.005988888908177614,632.6966552734375,3.789200508919066e-09,0.13668356835842133,0.016994711011648178,0.017958469688892365,4.708117984364435e-08
radial,75,0.8047839704280099,0.5400000214576721,0.005794444587081671,632.7373657226562,3.790651792456856e-09,0.1366838663816452,0.016996504738926888,0.017959987744688988,4.7094161459426687e-08
radial,75,0.7777777500450611,0.5400000214576721,0.00559999980032444,632.7767333984375,3.792056890716822e-09,0.13668414950370789,0.01699823886156082,0.01796145737171173,4.710674161856332e-08
radial,75,0.7507715943372912,0.5400000214576721,0.0054055554792284966,632.8148193359375,3.793415803698963e-09,0.13668443262577057,0.01699991710484028,0.017962876707315445,4.711891321562689e-08
radial,75,0.7237654386295213,0.5400000214576721,0.005211111158132553,632.8515014648438,3.79472853140328e-09,0.13668468594551086,0.01700153388082981,0.01796424761414528,4.7130683356044756e-08
radial,75,0.6967592829217514,0.5400000214576721,0.00501666683703661,632.8869018554688,3.795995073829772e-09,0.13668495416641235,0.017003094777464867,0.017965568229556084,4.714204848710324e-08
radial,75,0.6697530625388026,0.5400000214576721,0.004822222050279379,632.9210205078125,3.79721543097844e-09,0.13668519258499146,0.017004596069455147,0.01796683855354786,4.715300860880234e-08
radial,75,0.6427469068310327,0.5400000214576721,0.0046277777291834354,632.9537353515625,3.798389158760074e-09,0.13668543100357056,0.01700603775680065,0.017968058586120605,4.716356727385573e-08
radial,75,0.6157407511232628,0.5400000214576721,0.004433333408087492,632.9851684570312,3.799516257174673e-09,0.13668565452098846,0.01700742170214653,0.017969230189919472,4.7173720929549745e-08
radial,75,0.5887345954154929,0.5400000214576721,0.0042388890869915485,633.0151977539062,3.800597170311448e-09,0.13668587803840637,0.017008746042847633,0.017970353364944458,4.718347668131173e-08
radial,75,0.5617283750325441,0.5400000214576721,0.004044444300234318,633.0439453125,3.801631898170399e-09,0.13668608665466309,0.01701001264154911,0.017971424385905266,4.7192827423714334e-08
radial,75,0.5347222193247743,0.5400000214576721,0.0038499999791383743,633.0713500976562,3.8026195525731055e-09,0.1366862803697586,0.017011219635605812,0.017972446978092194,4.7201773156757554e-08
radial,75,0.49999999141113627,0.5400000214576721,0.003599999938160181,633.1046142578125,3.803814596636812e-09,0.1366865187883377,0.017012685537338257,0.01797368749976158,4.721256630091375e-08
radial,75,0.4583333308498065,0.5400000214576721,0.0032999999821186066,633.1416015625,3.805129100697968e-09,0.1366867870092392,0.017014313489198685,0.017975065857172012,4.722432578319058e-08
radial,75,0.4166666702884767,0.5400000214576721,0.003000000026077032,633.1753540039062,3.806320147958786e-09,0.1366870403289795,0.01701580174267292,0.017976325005292892,4.723491997538076e-08
radial,75,0.3750000097271469,0.5400000214576721,0.0027000000700354576,633.2059326171875,3.807394843846623e-09,0.1366872638463974,0.017017148435115814,0.017977464944124222,4.724445901160834e-08
radial,75,0.3333333491658171,0.5400000214576721,0.002400000113993883,633.2332763671875,3.80835318836148e-09,0.13668745756149292,0.017018353566527367,0.017978485673666,4.725294289187332e-08
radial,75,0.2916666562668979,0.5400000214576721,0.002099999925121665,633.2573852539062,3.8091947374141455e-09,0.13668763637542725,0.017019417136907578,0.01797938533127308,4.726037516888937e-08
radial,75,0.24999999570556813,0.5400000214576721,0.0017999999690800905,633.2783203125,3.809919935093831e-09,0.13668778538703918,0.017020339146256447,0.017980165779590607,4.7266748737229136e-08
radial,75,0.20833333514423835,0.5400000214576721,0.001500000013038516,633.2960205078125,3.810527893222115e-09,0.13668791949748993,0.017021119594573975,0.017980827018618584,4.727206359689262e-08
radial,75,0.16666667458290854,0.5400000214576721,0.0012000000569969416,633.310546875,3.811018611799e-09,0.1366880238056183,0.01702175848186016,0.01798136718571186,4.7276323300593504e-08
radial,75,0.12499999785278407,0.5400000214576721,0.0008999999845400453,633.3218383789062,3.811392979002903e-09,0.13668809831142426,0.017022255808115005,0.017981788143515587,4.727952784833178e-08
radial,75,0.08333333729145427,0.5400000214576721,0.0006000000284984708,633.3298950195312,3.811649218476987e-09,0.13668815791606903,0.01702260971069336,0.017982088029384613,4.728167368739378e-08
radial,75,0.041666668645727135,0.5400000214576721,0.0003000000142492354,633.334716796875,3.811789994756509e-09,0.1366882026195526,0.01702282205224037,0.01798226870596409,4.728279634491628e-08
radial,75,0.0,0.5400000214576721,0.0,633.3363037109375,3.811832183231445e-09,0.1366882175207138,0.01702289469540119,0.017982330173254013,4.728311253643369e-08
centerline,0.0,0.0,0.0,0.0,294.0,0.15636999905109406,0.1964999884366989,3.3169238466967954e-09,3.4679765725798006e-09,5.991603324595474e-10
centerline,0.041666668645727135,0.0,0.0003000000142492354,0.0,294.00006103515625,0.15636998414993286,0.19649997353553772,1.1989506276677275e-08,1.2539306482040047e-08,2.1685948592420345e-09
centerline,0.08333333729145427,0.0,0.0006000000284984708,0.0,294.0001220703125,0.15636996924877167,0.19649995863437653,2.8295358944774307e-08,2.9610569995952574e-08,5.1311337401216406e-09
centerline,0.12499999785278407,0.0,0.0008999999845400453,0.0,294.00030517578125,0.15636992454528809,0.19649989902973175,6.008119157741021e-08,6.292647469763324e-08,1.093460433310156e-08
centerline,0.16666667458290854,0.0,0.0012000000569969416,0.0,294.0006408691406,0.1563698649406433,0.1964998096227646,1.182518687414813e-07,1.2398101034705178e-07,2.1617982071120423e-08
centerline,0.20833333514423835,0.0,0.001500000013038516,0.0,294.001220703125,0.15636974573135376,0.19649964570999146,2.190573553662034e-07,2.2994851178737008e-07,4.025430655474338e-08
centerline,0.24999999570556813,0.0,0.0017999999690800905,0.0,294.00225830078125,0.15636956691741943,0.19649937748908997,3.854817407500377e-07,4.051904340940382e-07,7.124202738850727e-08
centerline,0.2916666562668979,0.0,0.002099999925121665,0.0,294.00390625,0.15636928379535675,0.19649894535541534,6.485088306362741e-07,6.826450089647551e-07,1.2058281129156967e-07
centerline,0.3333333491658171,0.0,0.002400000113993883,0.0,294.0065612792969,0.15636883676052094,0.19649827480316162,1.048092485689267e-06,1.1049148724850966e-06,1.9611076140790829e-07
centerline,0.3750000097271469,0.0,0.0027000000700354576,0.0,294.01055908203125,0.1563682109117508,0.19649732112884521,1.6337203305738512e-06,1.7249288930543116e-06,3.076472694374388e-07
centerline,0.4166666702884767,0.0,0.003000000026077032,0.0,294.0164489746094,0.15636731684207916,0.1964959353208542,2.4644978111609817e-06,2.606094085422228e-06,4.6706264811291476e-07
centerline,0.4583333308498065,0.0,0.0032999999821186066,0.0,294.0248107910156,0.15636609494686127,0.19649404287338257,3.608736960813985e-06,3.821913196588866e-06,6.882355592097156e-07
centerline,0.49999999141113627,0.0,0.003599999938160181,0.0,294.036376953125,0.15636448562145233,0.19649147987365723,5.143097496329574e-06,5.455112386698602e-06,9.869160066955374e-07
centerline,0.5416666519724661,0.0,0.0038999998942017555,0.0,294.0519714355469,0.1563623994588852,0.1964881271123886,7.151368663471658e-06,7.596372142870678e-06,1.3805049547954695e-06
centerline,0.5833333125337958,0.0,0.00419999985024333,0.0,294.072509765625,0.15635976195335388,0.1964838206768036,9.722976756165735e-06,1.0342741006752476e-05,1.8877661887017894e-06
centerline,0.6249999730951257,0.0,0.0044999998062849045,0.0,294.0989990234375,0.15635648369789124,0.19647839665412903,1.2951305507158395e-05,1.3795835911878385e-05,2.528486902519944e-06
centerline,0.6666666983316342,0.0,0.004800000227987766,0.0,294.1325378417969,0.15635249018669128,0.1964716762304306,1.6931933714658953e-05,1.8059932699543424e-05,3.323110149722197e-06
centerline,0.708333358892964,0.0,0.005100000184029341,0.0,294.1742858886719,0.15634770691394806,0.19646352529525757,2.1760830350103788e-05,2.3240005248226225e-05,4.292346602596808e-06
centerline,0.7500000194542938,0.0,0.005400000140070915,0.0,294.225341796875,0.15634207427501678,0.1964537352323532,2.753262197074946e-05,2.9439810532494448e-05,5.456793587654829e-06
centerline,0.7916666800156236,0.0,0.00570000009611249,0.0,294.2869873046875,0.1563355028629303,0.19644217193126678,3.4338987461524084e-05,3.6760116927325726e-05,6.836570719315205e-06
centerline,0.8333333405769534,0.0,0.006000000052154064,0.0,294.3603515625,0.15632793307304382,0.19642867147922516,4.226727469358593e-05,4.529716898105107e-05,8.451002941001207e-06
centerline,0.8750000011382831,0.0,0.006300000008195639,0.0,294.4466857910156,0.15631933510303497,0.1964130848646164,5.1399383664829656e-05,5.514142321771942e-05,1.0318347449356224e-05
centerline,0.916666661699613,0.0,0.006599999964237213,0.0,294.547119140625,0.15630966424942017,0.19639526307582855,6.181065691635013e-05,6.637629849137738e-05,1.245553357875906e-05
centerline,0.9583333222609427,0.0,0.006899999920278788,0.0,294.6627502441406,0.15629887580871582,0.19637510180473328,7.356891001109034e-05,7.907709368737414e-05,1.4877929061185569e-05
centerline,0.9999999828222725,0.0,0.007199999876320362,0.0,294.7946472167969,0.15628695487976074,0.19635246694087982,8.673469710629433e-05,9.331119508715346e-05,1.7599355487618595e-05
centerline,1.0416666433836024,0.0,0.007499999832361937,0.0,294.94378662109375,0.15627387166023254,0.19632726907730103,0.0001013621294987388,0.00010913897858699784,2.063224201265257e-05
centerline,1.0833333039449322,0.0,0.007799999788403511,0.0,295.111083984375,0.15625964105129242,0.19629941880702972,0.00011749967961804941,0.00012661459913942963,2.398776268819347e-05
centerline,1.1250000291814406,0.0,0.008100000210106373,0.0,295.2974853515625,0.1562442183494568,0.19626882672309875,0.00013519109052140266,0.0001457869802834466,2.767601836239919e-05
centerline,1.1666666250675917,0.0,0.00839999970048666,0.0,295.5038146972656,0.15622761845588684,0.19623541831970215,0.0001544760598335415,0.00016670054174028337,3.170617128489539e-05
centerline,1.2083333503041003,0.0,0.008700000122189522,0.0,295.73089599609375,0.15620985627174377,0.19619911909103394,0.00017539072723593563,0.0001893957087304443,3.6086545151192695e-05
centerline,1.2499999461902513,0.0,0.008999999612569809,0.0,295.97943115234375,0.1561909168958664,0.19615985453128815,0.00019796795095317066,0.0002139092393917963,4.0824670577421784e-05
centerline,1.29166667142676,0.0,0.00930000003427267,0.0,296.2502136230469,0.1561708003282547,0.1961175799369812,0.00022223746054805815,0.0002402743702987209,4.592735422193073e-05
centerline,1.3333333966632683,0.0,0.009600000455975533,0.0,296.54388427734375,0.15614952147006989,0.19607225060462952,0.000248226075200364,0.00026852107839658856,5.140069333720021e-05
centerline,1.3749999925494194,0.0,0.00989999994635582,0.0,296.8611145019531,0.15612708032131195,0.19602380692958832,0.00027595789288170636,0.0002986761974170804,5.725012670154683e-05
centerline,1.416666717785928,0.0,0.010200000368058681,0.0,297.2025146484375,0.15610350668430328,0.19597218930721283,0.0003054543340113014,0.00033076369436457753,6.348048191284761e-05
centerline,1.458333313672079,0.0,0.010499999858438969,0.0,297.5686340332031,0.1560787856578827,0.19591739773750305,0.00033673440339043736,0.00036480475682765245,7.009598630247638e-05
centerline,1.5000000389085877,0.0,0.01080000028014183,0.0,297.9599914550781,0.15605293214321136,0.19585935771465302,0.00036981486482545733,0.00040081795305013657,7.710035424679518e-05
centerline,1.5416666347947385,0.0,0.011099999770522118,0.0,298.37713623046875,0.1560259759426117,0.19579805433750153,0.0004047103866469115,0.0004388196102809161,8.449680171906948e-05
centerline,1.5833333600312471,0.0,0.01140000019222498,0.0,298.8205261230469,0.15599791705608368,0.1957334578037262,0.0004414337163325399,0.00047882390208542347,9.228807903127745e-05
centerline,1.6249999559173982,0.0,0.011699999682605267,0.0,299.2905578613281,0.1559687703847885,0.19566555321216583,0.0004799957969225943,0.0005208429647609591,0.00010047654359368607
centerline,1.6666666811539068,0.0,0.012000000104308128,0.0,299.78765869140625,0.1559385508298874,0.19559431076049805,0.0005204060580581427,0.0005648871301673353,0.00010906415991485119
centerline,1.7083332770400577,0.0,0.012299999594688416,0.0,300.3122253417969,0.1559072583913803,0.19551973044872284,0.0005626723286695778,0.0006109651294536889,0.00011805256508523598
centerline,1.7500000022765663,0.0,0.012600000016391277,0.0,300.8645324707031,0.15587492287158966,0.19544176757335663,0.0006068011862225831,0.0006590841221623123,0.00012744308332912624
centerline,1.7916667275130749,0.0,0.012900000438094139,0.0,301.4449768066406,0.15584155917167664,0.19536042213439941,0.0006527979858219624,0.0007092499872669578,0.00013723674055654556
centerline,1.833333323399226,0.0,0.013199999928474426,0.0,302.0538024902344,0.15580716729164124,0.1952756941318512,0.0007006669766269624,0.0007614673231728375,0.00014743435895070434
centerline,1.8750000486357346,0.0,0.013500000350177288,0.0,302.6912536621094,0.15577176213264465,0.1951875537633896,0.0007504114182665944,0.0008157397387549281,0.0001580365060362965
centerline,1.9166666445218854,0.0,0.013799999840557575,0.0,303.357666015625,0.15573537349700928,0.19509601593017578,0.0008020337554626167,0.0008720697369426489,0.00016904357471503317
centerline,1.958333369758394,0.0,0.014100000262260437,0.0,304.0531921386719,0.1556979864835739,0.19500106573104858,0.0008555355598218739,0.0009304590057581663,0.00018045575416181237
centerline,1.999999965644545,0.0,0.014399999752640724,0.0,304.778076171875,0.15565963089466095,0.1949026882648468,0.0009109176462516189,0.000990908476524055,0.00019227310258429497
centerline,2.0416666908810535,0.0,0.014700000174343586,0.0,305.5325012207031,0.15562030673027039,0.19480089843273163,0.0009681804804131389,0.0010534183820709586,0.00020449553267098963
centerline,2.0833332867672048,0.0,0.014999999664723873,0.0,306.3166198730469,0.1555800437927246,0.19469569623470306,0.0010273237712681293,0.0011179883731529117,0.0002171228697989136
centerline,2.125000012003713,0.0,0.015300000086426735,0.0,307.1306457519531,0.15553882718086243,0.19458706676959991,0.0010883467039093375,0.0011846176348626614,0.00023015480837784708
centerline,2.1666666078898644,0.0,0.015599999576807022,0.0,307.97467041015625,0.15549668669700623,0.19447501003742218,0.0011512483470141888,0.0012533047702163458,0.00024359097005799413
centerline,2.2083334624767303,0.0,0.01590000092983246,0.0,308.8488464355469,0.155453622341156,0.19435952603816986,0.0012160270707681775,0.0013240479165688157,0.00025743088917806745
centerline,2.250000058362881,0.0,0.016200000420212746,0.0,309.7532653808594,0.15540964901447296,0.19424064457416534,0.0012826810125261545,0.001396845211274922,0.0002716740418691188
centerline,2.2916666542490325,0.0,0.016499999910593033,0.0,310.68804931640625,0.1553647667169571,0.19411833584308624,0.0013512083096429706,0.001471694209612906,0.00028631987515836954
centerline,2.3333332501351833,0.0,0.01679999940097332,0.0,311.6533203125,0.1553189903497696,0.19399259984493256,0.0014216064009815454,0.0015485921176150441,0.00030136771965771914
centerline,2.3750001047220497,0.0,0.017100000753998756,0.0,312.6490783691406,0.15527233481407166,0.19386348128318787,0.0014938728418201208,0.0016275361413136125,0.000316816964186728
centerline,2.4166667006082005,0.0,0.017400000244379044,0.0,313.67547607421875,0.15522480010986328,0.1937309354543686,0.0015680049546062946,0.0017085233703255653,0.0003326669102534652
centerline,2.4583332964943514,0.0,0.01769999973475933,0.0,314.7325134277344,0.15517638623714447,0.19359499216079712,0.0016440001782029867,0.0017915506614372134,0.00034891683026216924
centerline,2.4999998923805027,0.0,0.017999999225139618,0.0,315.8202819824219,0.15512710809707642,0.19345565140247345,0.0017218553693965077,0.0018766148714348674,0.00036556602572090924
centerline,2.5416667469673686,0.0,0.018300000578165054,0.0,316.93878173828125,0.1550769805908203,0.19331292808055878,0.0018015678506344557,0.0019637125078588724,0.0003826137981377542
centerline,2.58333334285352,0.0,0.01860000006854534,0.0,318.0881042480469,0.15502598881721497,0.1931668072938919,0.0018831347115337849,0.0020528407767415047,0.0004000594199169427
centerline,2.6249999387396707,0.0,0.01889999955892563,0.0,319.2682189941406,0.15497414767742157,0.19301730394363403,0.0019665530417114496,0.0021439960692077875,0.0004179022216703743
centerline,2.6666667933265367,0.0,0.019200000911951065,0.0,320.4792175292969,0.15492147207260132,0.19286441802978516,0.0020518198143690825,0.00223717512562871,0.00043614141759462655
centerline,2.708333389212688,0.0,0.019500000402331352,0.0,321.7210693359375,0.1548679620027542,0.19270814955234528,0.002138932468369603,0.002332374919205904,0.00045477639650925994
centerline,2.749999985098839,0.0,0.01979999989271164,0.0,322.9937744140625,0.15481361746788025,0.19254852831363678,0.0022278877440840006,0.002429592190310359,0.0004738064599223435
centerline,2.79166658098499,0.0,0.020099999383091927,0.0,324.29736328125,0.15475843846797943,0.19238552451133728,0.002318683313205838,0.0025288239121437073,0.0004932309384457767
centerline,2.833333435571856,0.0,0.020400000736117363,0.0,325.6318359375,0.15470243990421295,0.19221916794776917,0.0024113161489367485,0.0026300670579075813,0.0005130491335876286
centerline,2.875000031458007,0.0,0.02070000022649765,0.0,326.9971923828125,0.15464560687541962,0.19204945862293243,0.002505783922970295,0.0027333188336342573,0.000533260521478951
centerline,2.916666627344158,0.0,0.020999999716877937,0.0,328.3934020996094,0.15458796918392181,0.1918763816356659,0.00260208360850811,0.002838575979694724,0.0005538644618354738
centerline,2.958333223230309,0.0,0.021299999207258224,0.0,329.8204345703125,0.15452951192855835,0.19169996678829193,0.002700213110074401,0.0029458359349519014,0.000574860314372927
centerline,3.0000000778171754,0.0,0.02160000056028366,0.0,331.2783203125,0.15447025001049042,0.19152021408081055,0.0028001698665320873,0.0030550959054380655,0.0005962475552223623
centerline,3.041666673703326,0.0,0.021900000050663948,0.0,332.7669982910156,0.15441016852855682,0.19133710861206055,0.002901951316744089,0.003166353330016136,0.0006180256023071706
centerline,3.083333269589477,0.0,0.022199999541044235,0.0,334.2864685058594,0.15434928238391876,0.19115068018436432,0.003005555598065257,0.003279605647549033,0.0006401939899660647
centerline,3.1250001241763434,0.0,0.02250000089406967,0.0,335.836669921875,0.15428759157657623,0.19096089899539948,0.003110980149358511,0.00339485052973032,0.0006627521361224353
centerline,3.1666667200624943,0.0,0.02280000038444996,0.0,337.4176025390625,0.15422509610652924,0.1907678097486496,0.0032182226423174143,0.0035120851825922728,0.0006856995751149952
centerline,3.2083333159486456,0.0,0.023099999874830246,0.0,339.0291748046875,0.15416181087493896,0.1905713826417923,0.0033272812142968178,0.003631307277828455,0.0007090357830747962
centerline,3.2499999118347964,0.0,0.023399999365210533,0.0,340.67138671875,0.15409772098064423,0.19037164747714996,0.003438153536990285,0.0037525147199630737,0.0007327602943405509
centerline,3.2916667664216623,0.0,0.02370000071823597,0.0,342.34417724609375,0.15403282642364502,0.1901685893535614,0.003550837514922023,0.003875704947859049,0.0007568725850433111
centerline,3.3333333623078136,0.0,0.024000000208616257,0.0,344.0474853515625,0.15396714210510254,0.1899622082710266,0.003665331518277526,0.004000876098871231,0.0007813723059371114
centerline,3.3749999581939645,0.0,0.024299999698996544,0.0,345.7812805175781,0.1539006531238556,0.18975253403186798,0.003781632985919714,0.004128025379031897,0.0008062588749453425
centerline,3.4166665540801153,0.0,0.02459999918937683,0.0,347.54547119140625,0.15383337438106537,0.18953953683376312,0.003899739822372794,0.004257150460034609,0.0008315318846143782
centerline,3.4583334086669817,0.0,0.024900000542402267,0.0,349.34002685546875,0.15376530587673187,0.18932324647903442,0.004019649233669043,0.004388248082250357,0.0008571906364522874
centerline,3.5000000045531325,0.0,0.025200000032782555,0.0,351.1648254394531,0.1536964476108551,0.18910366296768188,0.004141359124332666,0.004521316383033991,0.000883234606590122
centerline,3.541666600439284,0.0,0.025499999523162842,0.0,353.0198059082031,0.15362679958343506,0.1888807862997055,0.00426486786454916,0.004656353034079075,0.0009096635621972382
centerline,3.5833334550261497,0.0,0.025800000876188278,0.0,354.9049987792969,0.15355636179447174,0.18865461647510529,0.004390178248286247,0.004793361760675907,0.0009364780853502452
centerline,3.625000050912301,0.0,0.026100000366568565,0.0,356.82037353515625,0.15348511934280396,0.18842512369155884,0.004517292603850365,0.004932344425469637,0.0009636786417104304
centerline,3.666666646798452,0.0,0.026399999856948853,0.0,358.7658386230469,0.1534130871295929,0.18819235265254974,0.004646205808967352,0.005073296371847391,0.0009912641253322363
centerline,3.7083332426846027,0.0,0.02669999934732914,0.0,360.7412109375,0.15334028005599976,0.187956303358078,0.004776907153427601,0.005216204095631838,0.0010192322079092264
centerline,3.750000097271469,0.0,0.027000000700354576,0.0,362.7461853027344,0.15326668322086334,0.187717005610466,0.004909384064376354,0.005361055489629507,0.0010475801536813378
centerline,3.79166669315762,0.0,0.027300000190734863,0.0,364.7806091308594,0.15319232642650604,0.18747448921203613,0.005043624900281429,0.005507837049663067,0.0010763055179268122
centerline,3.833333289043771,0.0,0.02759999968111515,0.0,366.8442077636719,0.15311719477176666,0.1872287392616272,0.005179619882255793,0.005656538065522909,0.0011054062051698565
centerline,3.874999884929922,0.0,0.027899999171495438,0.0,368.93682861328125,0.1530413031578064,0.18697980046272278,0.005317360162734985,0.005807149689644575,0.0011348803527653217
centerline,3.916666739516788,0.0,0.028200000524520874,0.0,371.0583190917969,0.15296463668346405,0.18672768771648407,0.0054568396881222725,0.005959664471447468,0.0011647265637293458
centerline,3.9583333354029393,0.0,0.02850000001490116,0.0,373.2084655761719,0.152887225151062,0.18647238612174988,0.005598052404820919,0.006114075426012278,0.0011949435574933887
centerline,3.99999993128909,0.0,0.02879999950528145,0.0,375.3870849609375,0.15280906856060028,0.18621394038200378,0.0057409885339438915,0.006270372774451971,0.0012255293549969792
centerline,4.0416667858759565,0.0,0.029100000858306885,0.0,377.5940246582031,0.15273015201091766,0.1859523057937622,0.005885661114007235,0.006428570486605167,0.0012564867502078414
centerline,4.083333381762107,0.0,0.029400000348687172,0.0,379.8318176269531,0.15265034139156342,0.18568705022335052,0.006032309029251337,0.0065889302641153336,0.0012878668494522572
centerline,4.124999977648258,0.0,0.02969999983906746,0.0,382.1341857910156,0.15256837010383606,0.1854136884212494,0.006183413788676262,0.006754165980964899,0.0013202009722590446
centerline,4.1666665735344095,0.0,0.029999999329447746,0.0,384.8162841796875,0.15247361361980438,0.18509668111801147,0.0063586109317839146,0.0069457488134503365,0.0013576901983469725
centerline,4.249338526278734,0.0,0.030595237389206886,0.0,390.17236328125,0.15228556096553802,0.18446554243564606,0.006707352586090565,0.007327110506594181,0.001432313583791256
centerline,4.332010479023059,0.0,0.031190475448966026,0.0,394.966064453125,0.15211766958236694,0.1838996410369873,0.007019962649792433,0.007668965496122837,0.0014992046635597944
centerline,4.4146826904681,0.0,0.031785715371370316,0.0,399.8799133300781,0.1519463211297989,0.18331986665725708,0.007340167183429003,0.008019129745662212,0.0015677200863137841
centerline,4.497354643212424,0.0,0.032380953431129456,0.0,404.9102783203125,0.1517716348171234,0.18272657692432404,0.00766777154058218,0.008377390913665295,0.0016378184081986547
centerline,12.353801478942236,0.0,0.0889473706483841,0.0,1327.72314453125,0.11732286959886551,0.05748427286744118,0.07659260928630829,0.08372541517019272,0.016348572447896004
centerline,12.105263562666046,0.0,0.08715789765119553,0.0,1286.9173583984375,0.11899718642234802,0.06363962590694427,0.07319770008325577,0.08002647757530212,0.0156338419765234
centerline,11.856725646389856,0.0,0.08536842465400696,0.0,1246.863525390625,0.12063142657279968,0.06964872032403946,0.0698876902461052,0.07641444355249405,0.01493261381983757
centerline,11.608186695310804,0.0,0.08357894420623779,0.0,1207.5870361328125,0.12222409248352051,0.07550555467605591,0.06666373461484909,0.07289344817399979,0.014247369021177292
centerline,11.359648779034615,0.0,0.08178947120904922,0.0,1169.118896484375,0.12377369403839111,0.08120420575141907,0.06352811306715012,0.06946726888418198,0.01357958558946848
centerline,11.111110862758425,0.0,0.07999999821186066,0.0,1122.5465087890625,0.1256333440542221,0.08804341405630112,0.059766024351119995,0.06535513699054718,0.012777258642017841
centerline,11.028439427415531,0.0,0.07940476387739182,0.0,1107.2049560546875,0.1262430101633072,0.09028627723455429,0.05853249505162239,0.06400658190250397,0.012513983994722366
centerline,10.945766957269775,0.0,0.07880952209234238,0.0,1094.96435546875,0.1267278492450714,0.09206976741552353,0.057551704347133636,0.06293419748544693,0.012304550036787987
centerline,10.86309552192688,0.0,0.07821428775787354,0.0,1082.8743896484375,0.12720537185668945,0.09382539987564087,0.05658620968461037,0.061878547072410583,0.012098381295800209
centerline,10.780423051781124,0.0,0.0776190459728241,0.0,1070.848388671875,0.12767940759658813,0.09556780010461807,0.05562799423933029,0.06083083152770996,0.011893748305737972
centerline,10.69775161643823,0.0,0.07702381163835526,0.0,1058.887939453125,0.1281498670578003,0.09729665517807007,0.05467723682522774,0.05979124456644058,0.011690689250826836
centerline,10.615079146292475,0.0,0.07642856985330582,0.0,1047.0023193359375,0.1286163181066513,0.09901046752929688,0.053734757006168365,0.058760687708854675,0.011489380151033401
centerline,10.53240771094958,0.0,0.07583333551883698,0.0,1035.19482421875,0.12907859683036804,0.10070862621068954,0.052800893783569336,0.057739533483982086,0.01128989364951849
centerline,10.449735240803825,0.0,0.07523809373378754,0.0,1023.4673461914062,0.12953661382198334,0.1023908331990242,0.05187581852078438,0.05672796443104744,0.011092265136539936
centerline,10.36706380546093,0.0,0.0746428593993187,0.0,1011.821044921875,0.1299903243780136,0.10405689477920532,0.050959620624780655,0.05572608858346939,0.010896517895162106
centerline,10.284391335315174,0.0,0.07404761761426926,0.0,1000.2562866210938,0.13043968379497528,0.10570670664310455,0.05005237087607384,0.05473397299647331,0.010702665895223618
centerline,10.20171989997228,0.0,0.07345238327980042,0.0,988.7719116210938,0.13088469207286835,0.10734020173549652,0.049154095351696014,0.05375165492296219,0.010510717518627644
centerline,10.119047429826525,0.0,0.07285714149475098,0.0,977.366455078125,0.13132533431053162,0.10895735025405884,0.04826481267809868,0.05277915671467781,0.010320676490664482
centerline,10.03637599448363,0.0,0.07226190716028214,0.0,966.0399169921875,0.1317616105079651,0.1105581670999527,0.047384511679410934,0.05181646719574928,0.010132542811334133
centerline,9.953703524337875,0.0,0.0716666653752327,0.0,954.7928466796875,0.13219352066516876,0.1121426448225975,0.04651320353150368,0.0508635938167572,0.00994631927460432
centerline,9.87103208899498,0.0,0.07107143104076385,0.0,943.6260986328125,0.13262106478214264,0.11371072381734848,0.0456509068608284,0.049920566380023956,0.009762010537087917
centerline,9.788359618849224,0.0,0.07047618925571442,0.0,932.540283203125,0.13304422795772552,0.11526238173246384,0.04479764401912689,0.048987407237291336,0.009579622186720371
centerline,9.70568818350633,0.0,0.06988095492124557,0.0,921.535888671875,0.13346301019191742,0.11679761856794357,0.04395340755581856,0.048064108937978745,0.009399154223501682
centerline,9.623015713360575,0.0,0.06928571313619614,0.0,910.6129760742188,0.1338774412870407,0.11831649392843246,0.04311816766858101,0.047150637954473495,0.009220600128173828
centerline,9.54034427801768,0.0,0.0686904788017273,0.0,899.771484375,0.1342875361442566,0.11981908231973648,0.042291879653930664,0.04624694958329201,0.009043951518833637
centerline,9.457671807871925,0.0,0.06809523701667786,0.0,889.0114135742188,0.13469330966472626,0.121305450797081,0.04147450253367424,0.045353002846241,0.008869200944900513
centerline,9.37500037252903,0.0,0.06750000268220901,0.0,878.3330078125,0.1350947916507721,0.12277565151453018,0.040666013956069946,0.04446876421570778,0.008696343749761581
centerline,9.292327902383274,0.0,0.06690476089715958,0.0,867.736328125,0.1354919821023941,0.12422972917556763,0.03986638784408569,0.04359421133995056,0.008525373414158821
centerline,9.20965646704038,0.0,0.06630952656269073,0.0,857.2216796875,0.13588489592075348,0.1256677210330963,0.039075594395399094,0.04272931441664696,0.008356287144124508
centerline,9.126983996894625,0.0,0.0657142847776413,0.0,846.7891845703125,0.1362735629081726,0.12708967924118042,0.038293611258268356,0.041874051094055176,0.00818907842040062
centerline,9.04431256155173,0.0,0.06511905044317245,0.0,836.43896484375,0.13665799796581268,0.12849566340446472,0.03752041235566139,0.041028380393981934,0.008023741655051708
centerline,8.961640091405975,0.0,0.06452380865812302,0.0,826.1712646484375,0.1370382010936737,0.1298857033252716,0.036755964159965515,0.04019228368997574,0.007860272191464901
centerline,8.87896865606308,0.0,0.06392857432365417,0.0,815.9862670898438,0.13741418719291687,0.13125985860824585,0.036000240594148636,0.039365723729133606,0.0076986635103821754
centerline,8.796296185917324,0.0,0.06333333253860474,0.0,805.8841552734375,0.13778600096702576,0.13261817395687103,0.035253219306468964,0.038548678159713745,0.007538911420851946
centerline,8.71362475057443,0.0,0.0627380982041359,0.0,795.8651123046875,0.13815362751483917,0.13396069407463074,0.03451487049460411,0.03774110972881317,0.007381009869277477
centerline,8.630952280428675,0.0,0.062142856419086456,0.0,785.929443359375,0.1385170817375183,0.13528747856616974,0.03378516435623169,0.036942996084690094,0.007224952802062035
centerline,8.548280327684349,0.0,0.061547618359327316,0.0,776.0773315429688,0.13887640833854675,0.1365985870361328,0.03306407108902931,0.03615429997444153,0.00707073463127017
centerline,8.465608374940025,0.0,0.060952380299568176,0.0,766.3089599609375,0.1392316073179245,0.13789404928684235,0.03235156461596489,0.03537499159574509,0.006918348837643862
centerline,8.3829364221957,0.0,0.060357142239809036,0.0,756.6245727539062,0.13958269357681274,0.13917392492294312,0.031647615134716034,0.03460503742098808,0.006767790298908949
centerline,8.300264469451374,0.0,0.059761904180049896,0.0,747.0244750976562,0.13992968201637268,0.1404382735490799,0.03095219098031521,0.03384440764784813,0.006619052030146122
centerline,8.21759251670705,0.0,0.059166666120290756,0.0,737.5089721679688,0.1402725875377655,0.14168715476989746,0.030265266075730324,0.03309307247400284,0.006472129374742508
centerline,8.134920563962725,0.0,0.058571428060531616,0.0,728.078369140625,0.1406114399433136,0.142920583486557,0.029586810618638992,0.03235100209712982,0.006327015347778797
centerline,8.052248611218399,0.0,0.057976190000772476,0.0,718.7329711914062,0.14094623923301697,0.1441386491060257,0.028916798532009125,0.03161816671490669,0.0061837052926421165
centerline,7.969576658474074,0.0,0.057380951941013336,0.0,709.4732055664062,0.141277015209198,0.14534138143062592,0.028255200013518333,0.030894527211785316,0.0060421922244131565
centerline,7.88690470572975,0.0,0.056785713881254196,0.0,700.29931640625,0.14160378277301788,0.14652884006500244,0.02760198526084423,0.030180059373378754,0.005902470555156469
centerline,7.804232752985425,0.0,0.056190475821495056,0.0,691.2117309570312,0.14192655682563782,0.14770106971263885,0.02695712447166443,0.02947472780942917,0.0057645332999527454
centerline,7.721560800241099,0.0,0.055595237761735916,0.0,682.2108154296875,0.142245352268219,0.14885814487934113,0.02632058411836624,0.028778497129678726,0.00562837440520525
centerline,7.638888847496775,0.0,0.054999999701976776,0.0,673.2969970703125,0.1425601840019226,0.15000011026859283,0.02569233626127243,0.02809133566915989,0.00549398735165596
centerline,7.55621689475245,0.0,0.054404761642217636,0.0,664.470703125,0.14287108182907104,0.15112701058387756,0.025072351098060608,0.02741321176290512,0.005361366551369429
centerline,7.473544942008124,0.0,0.053809523582458496,0.0,655.732421875,0.1431780606508255,0.1522389054298401,0.024460598826408386,0.026744091883301735,0.005230505019426346
centerline,7.3908729892638,0.0,0.053214285522699356,0.0,647.0825805664062,0.14348112046718597,0.15333585441112518,0.023857051506638527,0.026083948090672493,0.005101397167891264
centerline,7.308201036519475,0.0,0.052619047462940216,0.0,638.5217895507812,0.14378030598163605,0.15441788733005524,0.023261679336428642,0.02543274685740471,0.004974036943167448
centerline,7.225529083775149,0.0,0.052023809403181076,0.0,630.0504760742188,0.14407560229301453,0.15548507869243622,0.022674456238746643,0.024790456518530846,0.004848418291658163
centerline,7.142857131030825,0.0,0.051428571343421936,0.0,621.6693115234375,0.144367054104805,0.1565374732017517,0.022095346823334694,0.024157043546438217,0.004724534228444099
centerline,7.0601851782865,0.0,0.050833333283662796,0.0,613.3787231445312,0.14465467631816864,0.15757513046264648,0.021524325013160706,0.023532476276159286,0.004602379165589809
centerline,6.977513225542174,0.0,0.050238095223903656,0.0,605.1793823242188,0.14493846893310547,0.15859809517860413,0.020961357280611992,0.022916719317436218,0.004481946118175983
centerline,6.89484127279785,0.0,0.049642857164144516,0.0,597.07177734375,0.14521847665309906,0.1596064418554306,0.020406413823366165,0.022309741005301476,0.004363228566944599
centerline,6.812169320053525,0.0,0.049047619104385376,0.0,589.0565185546875,0.14549468457698822,0.1606002002954483,0.01985946111381054,0.021711502224206924,0.004246219526976347
centerline,6.729497367309199,0.0,0.048452381044626236,0.0,581.13427734375,0.14576715230941772,0.1615794450044632,0.019320469349622726,0.021121975034475327,0.004130912479013205
centerline,6.646825414564875,0.0,0.047857142984867096,0.0,573.3056030273438,0.14603586494922638,0.16254423558712006,0.01878940872848034,0.020541120320558548,0.004017301369458437
centerline,6.56415346182055,0.0,0.047261904925107956,0.0,565.5711669921875,0.14630086719989777,0.16349461674690247,0.01826624386012554,0.019968904554843903,0.0039053785149008036
centerline,6.481481509076224,0.0,0.046666666865348816,0.0,557.931640625,0.14656215906143188,0.1644306480884552,0.017750946804881096,0.019405296072363853,0.0037951383274048567
centerline,6.3988095563319,0.0,0.046071428805589676,0.0,550.3876953125,0.14681975543498993,0.16535238921642303,0.017243487760424614,0.018850261345505714,0.003686573589220643
centerline,6.316137603587575,0.0,0.045476190745830536,0.0,542.9400024414062,0.14707370102405548,0.16625988483428955,0.01674383506178856,0.01830376498401165,0.0035796782467514277
centerline,6.233465650843249,0.0,0.044880952686071396,0.0,535.5892944335938,0.14732399582862854,0.16715319454669952,0.016251957044005394,0.017765777185559273,0.003474446013569832
centerline,6.150793698098925,0.0,0.044285714626312256,0.0,528.3362426757812,0.1475706696510315,0.16803237795829773,0.01576782763004303,0.017236264422535896,0.0033708703704178333
centerline,6.0681217453546,0.0,0.043690476566553116,0.0,521.181640625,0.14781372249126434,0.16889746487140656,0.01529141329228878,0.016715193167328835,0.0032689447980374098
centerline,5.985449792610274,0.0,0.043095238506793976,0.0,514.1261596679688,0.14805319905281067,0.16974852979183197,0.014822686091065407,0.0162025298923254,0.003168663242831826
centerline,5.90277783986595,0.0,0.042500000447034836,0.0,507.1705017089844,0.14828909933567047,0.17058563232421875,0.014361615292727947,0.01569824479520321,0.0030700189527124166
centerline,5.820105887121625,0.0,0.041904762387275696,0.0,500.3154602050781,0.14852143824100494,0.17140880227088928,0.013908171094954014,0.015202301554381847,0.002973005874082446
centerline,5.737433934377299,0.0,0.041309524327516556,0.0,493.5616760253906,0.14875026047229767,0.17221811413764954,0.013462322764098644,0.014714669436216354,0.0028776172548532486
centerline,5.654761981632975,0.0,0.040714286267757416,0.0,486.9099426269531,0.14897556602954865,0.1730136126279831,0.013024041429162025,0.014235315844416618,0.0027838468085974455
centerline,5.57209002888865,0.0,0.040119048207998276,0.0,480.3609619140625,0.14919738471508026,0.17379535734653473,0.01259329728782177,0.013764208182692528,0.0026916884817183018
centerline,5.489418076144324,0.0,0.039523810148239136,0.0,473.9154357910156,0.1494157314300537,0.17456339299678802,0.012170061469078064,0.013301314786076546,0.002601135987788439
centerline,5.4067461234,0.0,0.038928572088479996,0.0,467.57415771484375,0.14963063597679138,0.17531776428222656,0.011754305101931095,0.01284660492092371,0.0025121832732111216
centerline,5.324074170655675,0.0,0.038333334028720856,0.0,461.3377990722656,0.14984208345413208,0.17605851590633392,0.0113460011780262,0.012400048784911633,0.0024248245172202587
centerline,5.241402217911349,0.0,0.037738095968961716,0.0,455.20709228515625,0.15005013346672058,0.17678572237491608,0.010945121757686138,0.011961615644395351,0.0023390536662191153
centerline,5.158730265167025,0.0,0.037142857909202576,0.0,449.1827392578125,0.15025478601455688,0.1774994134902954,0.010551641695201397,0.011531277559697628,0.0022548651322722435
centerline,5.0760583124227,0.0,0.036547619849443436,0.0,443.2655029296875,0.15045605599880219,0.1781996339559555,0.010165533050894737,0.01110900565981865,0.0021722535602748394
centerline,4.993386359678374,0.0,0.035952381789684296,0.0,437.4560852050781,0.15065397322177887,0.17888642847537994,0.009786773473024368,0.010694772936403751,0.0020912138279527426
centerline,4.91071440693405,0.0,0.035357143729925156,0.0,431.7552490234375,0.15084855258464813,0.1795598268508911,0.009415343403816223,0.010288559831678867,0.0020117415115237236
centerline,4.828042454189725,0.0,0.034761905670166016,0.0,426.1639709472656,0.15103977918624878,0.1802198439836502,0.00905123632401228,0.009890359826385975,0.001933835563249886
centerline,4.745370501445399,0.0,0.034166667610406876,0.0,420.6831359863281,0.1512276977300644,0.18086649477481842,0.008694443851709366,0.009500162675976753,0.0018574942369014025
centerline,4.662698548701075,0.0,0.033571429550647736,0.0,415.31329345703125,0.15141230821609497,0.18149982392787933,0.008344939909875393,0.00911793950945139,0.0017827118281275034
centerline,4.58002659595675,0.0,0.032976191490888596,0.0,410.0552673339844,0.15159361064434052,0.18211986124515533,0.008002710528671741,0.008743677288293839,0.0017094854265451431
centerline,4.497354643212424,0.0,0.032380953431129456,0.0,404.9102783203125,0.1517716348171234,0.18272657692432404,0.00766777154058218,0.008377390913665295,0.0016378184081986547
centerline,35.41666600439284,0.0,0.2549999952316284,0.0,2293.23095703125,0.0042977952398359776,0.013097823597490788,0.1372886747121811,0.12269345670938492,0.005254049319773912
centerline,34.72222222222222,0.0,0.25,0.0,2296.991455078125,0.006257413886487484,0.009227967821061611,0.13957801461219788,0.12428856641054153,0.00516141252592206
centerline,34.47368327114317,0.0,0.24821051955223083,0.0,2295.087890625,0.007142497692257166,0.008100275881588459,0.14031806588172913,0.12466539442539215,0.005027915816754103
centerline,34.225146389669845,0.0,0.24642105400562286,0.0,2291.765380859375,0.008004995994269848,0.00725540379062295,0.14089474081993103,0.12489914149045944,0.00487976148724556
centerline,33.97660743859079,0.0,0.2446315735578537,0.0,2287.581787109375,0.008875281549990177,0.006561562418937683,0.1413831114768982,0.1250530332326889,0.004721572622656822
centerline,33.72807055711746,0.0,0.24284210801124573,0.0,2282.77734375,0.00976040679961443,0.00596913555637002,0.14180633425712585,0.12515240907669067,0.004559987224638462
centerline,33.479531606038414,0.0,0.24105262756347656,0.0,2277.498291015625,0.010664054192602634,0.005446770694106817,0.142181396484375,0.12521301209926605,0.004397714510560036
centerline,33.230994724565086,0.0,0.2392631620168686,0.0,2271.829833984375,0.011590883135795593,0.004976063501089811,0.14251749217510223,0.125243678689003,0.0042364830151200294
centerline,32.98245577348603,0.0,0.23747368156909943,0.0,2265.82421875,0.012530268169939518,0.00455885985866189,0.14281001687049866,0.12524640560150146,0.004080663435161114
centerline,32.7339188920127,0.0,0.23568421602249146,0.0,2259.552978515625,0.01348030660301447,0.004184963647276163,0.14306524395942688,0.12522688508033752,0.003931010141968727
centerline,32.485379940933655,0.0,0.2338947355747223,0.0,2253.0732421875,0.014440380968153477,0.0038482225500047207,0.1432865560054779,0.12518857419490814,0.0037882167380303144
centerline,32.23684305946032,0.0,0.23210527002811432,0.0,2246.417236328125,0.015411552041769028,0.003541707992553711,0.14347851276397705,0.12513476610183716,0.003652177518233657
centerline,31.98830410838127,0.0,0.23031578958034515,0.0,2239.59765625,0.016395293176174164,0.003260686295107007,0.14364391565322876,0.12506762146949768,0.0035229064524173737
centerline,31.739765157302223,0.0,0.228526309132576,0.0,2232.621337890625,0.01739296317100525,0.0030013779178261757,0.14378492534160614,0.1249888464808464,0.003400447079911828
centerline,31.49122827582889,0.0,0.22673684358596802,0.0,2225.491455078125,0.018405718728899956,0.0027610540855675936,0.14390283823013306,0.12489968538284302,0.003285015933215618
centerline,31.24268932474984,0.0,0.22494736313819885,0.0,2218.208740234375,0.019434621557593346,0.002537566004320979,0.1439984291791916,0.1248011589050293,0.0031769515480846167
centerline,30.994152443276512,0.0,0.22315789759159088,0.0,2210.773193359375,0.020480608567595482,0.0023292957339435816,0.14407195150852203,0.1246940866112709,0.0030767673160880804
centerline,30.74561349219746,0.0,0.22136841714382172,0.0,2203.1826171875,0.021544555202126503,0.0021350227762013674,0.1441231667995453,0.12457913905382156,0.002985171275213361
centerline,30.497076610724132,0.0,0.21957895159721375,0.0,2195.432861328125,0.022627297788858414,0.001953893806785345,0.14415131509304047,0.12445690482854843,0.002903132466599345
centerline,30.24853765964508,0.0,0.21778947114944458,0.0,2187.51806640625,0.023729655891656876,0.0017854365287348628,0.14415490627288818,0.12432786077260971,0.0028320064302533865
centerline,30.000000778171753,0.0,0.2160000056028366,0.0,2179.42724609375,0.024852436035871506,0.0016296671237796545,0.14413125813007355,0.12419241666793823,0.0027738308999687433
centerline,29.7514618270927,0.0,0.21421052515506744,0.0,2171.142822265625,0.025996452197432518,0.001487394911237061,0.1440761834383011,0.12405090779066086,0.002731567481532693
centerline,29.502924945619373,0.0,0.21242105960845947,0.0,2162.660400390625,0.02716252952814102,0.0013586333952844143,0.14398954808712006,0.1239035502076149,0.002705560764297843
centerline,29.25438599454032,0.0,0.2106315791606903,0.0,2153.99755859375,0.02835150994360447,0.0012417063117027283,0.14387574791908264,0.1237504631280899,0.002693155547603965
centerline,29.00584704346127,0.0,0.20884209871292114,0.0,2145.171630859375,0.02956424653530121,0.0011348597472533584,0.14373838901519775,0.12359169125556946,0.0026921371463686228
centerline,28.75731016198794,0.0,0.20705263316631317,0.0,2136.19384765625,0.030801622197031975,0.0010368179064244032,0.14358003437519073,0.12342724204063416,0.0027008713223040104
centerline,28.50877121090889,0.0,0.205263152718544,0.0,2127.071533203125,0.032064564526081085,0.0009465999319218099,0.1434025913476944,0.123257115483284,0.002718138974159956
centerline,28.260234329435562,0.0,0.20347368717193604,0.0,2117.809814453125,0.03335403650999069,0.0008634208934381604,0.14320749044418335,0.1230812817811966,0.0027430164627730846
centerline,28.01169537835651,0.0,0.20168420672416687,0.0,2108.412109375,0.03467104211449623,0.0007866375381127,0.14299580454826355,0.12289971113204956,0.00277479225769639
centerline,27.763158496883182,0.0,0.1998947411775589,0.0,2098.880615234375,0.036016613245010376,0.0007157108630053699,0.14276835322380066,0.12271237373352051,0.0028129101265221834
centerline,27.51461954580413,0.0,0.19810526072978973,0.0,2089.216796875,0.037391819059848785,0.0006501834141090512,0.1425257921218872,0.12251923233270645,0.0028569335117936134
centerline,27.266082664330803,0.0,0.19631579518318176,0.0,2079.422119140625,0.03879774734377861,0.000589658971875906,0.1422686129808426,0.12232023477554321,0.00290652085095644
centerline,27.01754371325175,0.0,0.1945263147354126,0.0,2069.497314453125,0.04023551195859909,0.0005337911425158381,0.14199715852737427,0.12211533635854721,0.002961407881230116
centerline,26.76900683177842,0.0,0.19273684918880463,0.0,2059.443359375,0.04170624911785126,0.00048227226943708956,0.14171172678470612,0.12190448492765427,0.0030213906429708004
centerline,26.52046788069937,0.0,0.19094736874103546,0.0,2049.26123046875,0.04321109503507614,0.0004348273214418441,0.14141251146793365,0.1216876283288002,0.0030863166321069
centerline,26.27192892962032,0.0,0.1891578882932663,0.0,2038.95166015625,0.04475119337439537,0.000391206907806918,0.14109963178634644,0.12146472185850143,0.003156074555590749
centerline,26.02339204814699,0.0,0.18736842274665833,0.0,2028.51611328125,0.04632767289876938,0.0003511834074743092,0.14077317714691162,0.12123572081327438,0.0032305880449712276
centerline,25.77485309706794,0.0,0.18557894229888916,0.0,2017.9564208984375,0.04794163256883621,0.00031454855343326926,0.1404331922531128,0.12100057303905487,0.003309807972982526
centerline,25.526316215594612,0.0,0.1837894767522812,0.0,2007.27490234375,0.04959411546587944,0.0002811120357364416,0.14007967710494995,0.1207592636346817,0.0033937087282538414
centerline,25.27777726451556,0.0,0.18199999630451202,0.0,1996.47509765625,0.05128609016537666,0.0002507008903194219,0.1397126317024231,0.12051176279783249,0.003482284490019083
centerline,25.02924038304223,0.0,0.18021053075790405,0.0,1985.5611572265625,0.053018391132354736,0.00022315930982585996,0.13933202624320984,0.12025807797908783,0.0035755466669797897
centerline,24.78070143196318,0.0,0.1784210503101349,0.0,1974.5391845703125,0.05479166656732559,0.00019834957493003458,0.1389378309249878,0.11999823898077011,0.0036735220346599817
centerline,24.53216455048985,0.0,0.17663158476352692,0.0,1963.416748046875,0.05660629644989967,0.0001761532766977325,0.13853006064891815,0.1197323128581047,0.003776248311623931
centerline,24.2836255994108,0.0,0.17484210431575775,0.0,1952.2041015625,0.05846230313181877,0.00015647413965780288,0.1381087452173233,0.11946042627096176,0.0038837692700326443
centerline,24.03508871793747,0.0,0.17305263876914978,0.0,1940.914306640625,0.06035923585295677,0.00013924103404860944,0.1376739740371704,0.1191827654838562,0.003996127750724554
centerline,23.78654976685842,0.0,0.17126315832138062,0.0,1929.5638427734375,0.062296051532030106,0.00012441187573131174,0.1372259110212326,0.11889961361885071,0.004113363102078438
centerline,23.53801081577937,0.0,0.16947367787361145,0.0,1918.1732177734375,0.06427093595266342,0.00011197828280273825,0.13676486909389496,0.11861135065555573,0.004235504195094109
centerline,23.289473934306038,0.0,0.16768421232700348,0.0,1906.7677001953125,0.06628111749887466,0.00010197198571404442,0.1362912952899933,0.11831848323345184,0.004362553358078003
centerline,23.04093498322699,0.0,0.16589473187923431,0.0,1895.3779296875,0.06832269579172134,9.4471855845768e-05,0.13580581545829773,0.11802167445421219,0.004494479391723871
centerline,22.79239810175366,0.0,0.16410526633262634,0.0,1884.0401611328125,0.07039038836956024,8.961052662925795e-05,0.13530932366847992,0.11772176623344421,0.00463120685890317
centerline,22.54385915067461,0.0,0.16231578588485718,0.0,1872.796630859375,0.07247737795114517,8.758437616052106e-05,0.13480296730995178,0.11741979420185089,0.004772603046149015
centerline,22.29532226920128,0.0,0.1605263203382492,0.0,1861.6954345703125,0.07457512617111206,8.866359712556005e-05,0.13428819179534912,0.11711698770523071,0.004918463993817568
centerline,22.04678331812223,0.0,0.15873683989048004,0.0,1850.7900390625,0.07667329162359238,9.320086246589199e-05,0.1337667852640152,0.11681481450796127,0.005068496335297823
centerline,21.7982464366489,0.0,0.15694737434387207,0.0,1840.1380615234375,0.07875975221395493,0.00010164137347601354,0.13324084877967834,0.11651492118835449,0.005222322419285774
centerline,21.549707485569847,0.0,0.1551578938961029,0.0,1829.79931640625,0.080820731818676,0.00011453016486484557,0.13271276652812958,0.11621911823749542,0.005379480309784412
centerline,21.30117060409652,0.0,0.15336842834949493,0.0,1819.833984375,0.08284109830856323,0.00013251598284114152,0.1321851909160614,0.11592934280633926,0.005539434961974621
centerline,21.052631653017468,0.0,0.15157894790172577,0.0,1810.298583984375,0.08480501174926758,0.0001563535479363054,0.1316608041524887,0.11564754694700241,0.00570160336792469
centerline,20.80409270193842,0.0,0.1497894674539566,0.0,1801.2431640625,0.08669650554656982,0.0001869024126790464,0.1311422884464264,0.11537561565637589,0.005865385755896568
centerline,20.555555820465088,0.0,0.14800000190734863,0.0,1792.708251953125,0.08850029855966568,0.00022512584109790623,0.13063205778598785,0.11511523276567459,0.006030213553458452
centerline,20.307016869386036,0.0,0.14621052145957947,0.0,1784.72119140625,0.09020277112722397,0.00027209482504986227,0.13013210892677307,0.11486778408288956,0.006195622030645609
centerline,20.05847998791271,0.0,0.1444210559129715,0.0,1777.2935791015625,0.09179285913705826,0.000328999652992934,0.12964369356632233,0.1146341934800148,0.006361324340105057
centerline,19.809941036833656,0.0,0.14263157546520233,0.0,1770.42041015625,0.09326260536909103,0.0003971736878156662,0.12916719913482666,0.11441488564014435,0.006527273915708065
centerline,19.56140415536033,0.0,0.14084210991859436,0.0,1764.0806884765625,0.09460750967264175,0.0004781356255989522,0.12870196998119354,0.11420969665050507,0.006693731527775526
centerline,19.312865204281277,0.0,0.1390526294708252,0.0,1758.237548828125,0.09582673013210297,0.0005736619932577014,0.12824614346027374,0.11401788890361786,0.006861340720206499
centerline,19.06432832280795,0.0,0.13726316392421722,0.0,1752.8397216796875,0.09692291170358658,0.0006858888664282858,0.12779653072357178,0.1138380765914917,0.007031197659671307
centerline,18.815789371728897,0.0,0.13547368347644806,0.0,1747.8238525390625,0.09790169447660446,0.0008174400427378714,0.12734854221343994,0.11366835236549377,0.007204909343272448
centerline,18.56725249025557,0.0,0.1336842179298401,0.0,1743.116455078125,0.09877113252878189,0.0009715866181068122,0.12689611315727234,0.1135062426328659,0.007384658325463533
centerline,18.318713539176517,0.0,0.13189473748207092,0.0,1738.635498046875,0.09954098612070084,0.0011524310102686286,0.12643158435821533,0.11334879696369171,0.007573271170258522
centerline,18.070174588097466,0.0,0.13010525703430176,0.0,1734.29150390625,0.10022206604480743,0.0013651177287101746,0.12594561278820038,0.11319257318973541,0.007774300407618284
centerline,17.821637706624138,0.0,0.1283157914876938,0.0,1729.988037109375,0.10082561522722244,0.001616077614016831,0.1254269778728485,0.11303367465734482,0.007992119528353214
centerline,17.573098755545086,0.0,0.12652631103992462,0.0,1725.6204833984375,0.10136287659406662,0.0019133195746690035,0.12486227601766586,0.11286766827106476,0.008232055231928825
centerline,17.324561874071758,0.0,0.12473684549331665,0.0,1721.0750732421875,0.10184478759765625,0.002266780473291874,0.12423556298017502,0.11268949508666992,0.008500561118125916
centerline,17.076022922992706,0.0,0.12294736504554749,0.0,1716.224609375,0.10228191316127777,0.0026887834537774324,0.12352778017520905,0.1124933660030365,0.008805466815829277
centerline,16.82748500671652,0.0,0.12115789204835892,0.0,1710.9256591796875,0.1026843711733818,0.0031945996452122927,0.12271598726511002,0.11227250099182129,0.00915629230439663
centerline,16.578947090440327,0.0,0.11936841905117035,0.0,1705.0113525390625,0.10306201875209808,0.003803205443546176,0.12177232652902603,0.1120188906788826,0.009564690291881561
centerline,16.330409174164135,0.0,0.11757894605398178,0.0,1698.2852783203125,0.10342461615800858,0.004538202658295631,0.12066276371479034,0.1117229014635086,0.010044973343610764
centerline,16.081871257887947,0.0,0.11578947305679321,0.0,1690.5128173828125,0.10378199815750122,0.005428952630609274,0.11934556066989899,0.11137288063764572,0.010614752769470215
centerline,15.833333341611757,0.0,0.11400000005960464,0.0,1681.4105224609375,0.10414444655179977,0.006511952728033066,0.11776943504810333,0.11095456779003143,0.011295688338577747
centerline,15.584795425335567,0.0,0.11221052706241608,0.0,1670.8037109375,0.10452311486005783,0.007813870906829834,0.11592274904251099,0.1104503944516182,0.012081601656973362
centerline,15.336257509059376,0.0,0.11042105406522751,0.0,1658.70751953125,0.10493016242980957,0.009341808967292309,0.11385931074619293,0.10983970761299133,0.01292226742953062
centerline,15.087719592783186,0.0,0.10863158106803894,0.0,1645.059326171875,0.10537803918123245,0.011111918836832047,0.11161450296640396,0.10910018533468246,0.01377786509692669
centerline,14.839181676506996,0.0,0.10684210807085037,0.0,1629.65087890625,0.10587960481643677,0.01315769087523222,0.10918370634317398,0.10820751637220383,0.014632484875619411
centerline,14.590643760230806,0.0,0.1050526350736618,0.0,1612.24951171875,0.1064489409327507,0.015517165884375572,0.10656245797872543,0.10713396966457367,0.015467455610632896
centerline,14.342104809151756,0.0,0.10326315462589264,0.0,1592.60205078125,0.107101671397686,0.01823255605995655,0.10374964028596878,0.10584785044193268,0.016258882358670235
centerline,14.093566892875566,0.0,0.10147368162870407,0.0,1570.4342041015625,0.10785523056983948,0.02135029062628746,0.10074897110462189,0.10431300103664398,0.016976317390799522
centerline,13.845028976599377,0.0,0.0996842086315155,0.0,1545.45166015625,0.10872907191514969,0.0249209925532341,0.09757062792778015,0.10248839110136032,0.017581414431333542
centerline,13.596491060323185,0.0,0.09789473563432693,0.0,1517.3419189453125,0.1097448468208313,0.02899918518960476,0.09423314034938812,0.10032779723405838,0.018026474863290787
centerline,13.347953144046995,0.0,0.09610526263713837,0.0,1485.77685546875,0.11092650890350342,0.03364288806915283,0.09076549112796783,0.09777955710887909,0.018252911046147346
centerline,13.099415227770805,0.0,0.0943157896399498,0.0,1450.4193115234375,0.11230029165744781,0.03891247510910034,0.08720967173576355,0.09478671103715897,0.018189730122685432
centerline,12.850877311494616,0.0,0.09252631664276123,0.0,1410.9315185546875,0.11389429867267609,0.04486866295337677,0.08362284302711487,0.09128791093826294,0.01775287836790085
centerline,12.602339395218426,0.0,0.09073684364557266,0.0,1369.211181640625,0.11561297625303268,0.05119853839278221,0.08007042855024338,0.08749999105930328,0.017069295048713684
centerline,12.353801478942236,0.0,0.0889473706483841,0.0,1327.72314453125,0.11732286959886551,0.05748427286744118,0.07659260928630829,0.08372541517019272,0.016348572447896004
centerline,100.00000397364299,0.0,0.7200000286102295,0.0,504.3903503417969,5.6847770935064545e-09,0.12117073684930801,0.01117307972162962,0.012644194066524506,1.5197613834061485e-08
centerline,99.30555191304948,0.0,0.7149999737739563,0.0,512.5736083984375,3.3140687971666694e-09,0.12368997186422348,0.011597909964621067,0.013063138350844383,1.072236166521634e-08
centerline,98.61110813087888,0.0,0.7099999785423279,0.0,512.6952514648438,3.324432729101545e-09,0.12372060865163803,0.011603310704231262,0.013068486005067825,1.0751341150694316e-08
centerline,97.91666434870827,0.0,0.7049999833106995,0.0,512.9032592773438,3.3309091040933936e-09,0.12377218157052994,0.011612544767558575,0.013077612966299057,1.0791655569164504e-08
centerline,97.22222056653764,0.0,0.699999988079071,0.0,513.2003784179688,3.3343872107849393e-09,0.12384519726037979,0.0116257444024086,0.013090642169117928,1.0845031539474803e-08
centerline,96.52777678436703,0.0,0.6949999928474426,0.0,513.585693359375,3.334597931115013e-09,0.12393904477357864,0.011642878875136375,0.013107530772686005,1.0911055170481632e-08
centerline,95.83333300219643,0.0,0.6899999976158142,0.0,514.0601806640625,3.3320439740691654e-09,0.1240534707903862,0.011663991026580334,0.013128310441970825,1.0990565790791607e-08
centerline,95.1388892200258,0.0,0.6850000023841858,0.0,514.6245727539062,3.326562580951986e-09,0.12418803572654724,0.011689121834933758,0.013153004460036755,1.1083653994603537e-08
centerline,94.4444454378552,0.0,0.6800000071525574,0.0,515.280517578125,3.31831673250349e-09,0.12434238940477371,0.01171834859997034,0.01318166684359312,1.1190906867852846e-08
centerline,93.75000165568458,0.0,0.675000011920929,0.0,516.0303344726562,3.3072862226646293e-09,0.12451615184545517,0.011751771904528141,0.013214374892413616,1.1313020742420576e-08
centerline,93.05555787351396,0.0,0.6700000166893005,0.0,516.8765869140625,3.2936289251495054e-09,0.12470896542072296,0.011789514683187008,0.013251221738755703,1.1450939751966871e-08
centerline,92.36111409134335,0.0,0.6650000214576721,0.0,517.822998046875,3.2774185587669535e-09,0.12492049485445023,0.01183173805475235,0.013292334973812103,1.1605944649772937e-08
centerline,91.66667030917274,0.0,0.6600000262260437,0.0,518.8734741210938,3.258810998829631e-09,0.12515035271644592,0.011878619901835918,0.013337856158614159,1.1779374808895682e-08
centerline,90.97221824857924,0.0,0.6549999713897705,0.0,520.0330200195312,3.2379374736990485e-09,0.1253981590270996,0.011930378153920174,0.013387959450483322,1.1972980829000335e-08
centerline,90.27777446640863,0.0,0.6499999761581421,0.0,521.3072509765625,3.214946309171296e-09,0.12566359341144562,0.01198726799339056,0.01344284974038601,1.2188567488635726e-08
centerline,89.583330684238,0.0,0.6449999809265137,0.0,522.702880859375,3.1899978214511293e-09,0.1259462833404541,0.012049585580825806,0.013502771034836769,1.2428417406340486e-08
centerline,88.8888869020674,0.0,0.6399999856948853,0.0,524.2274780273438,3.1632401142900335e-09,0.12624585628509521,0.012117663398385048,0.01356799341738224,1.2694877149499462e-08
centerline,88.19444311989679,0.0,0.6349999904632568,0.0,525.8890991210938,3.1348594831115406e-09,0.12656183540821075,0.012191863730549812,0.013638811185956001,1.2990791553590952e-08
centerline,87.49999933772617,0.0,0.6299999952316284,0.0,527.6968383789062,3.105020240923295e-09,0.12689369916915894,0.012272585183382034,0.013715548440814018,1.3319154668067767e-08
centerline,86.80555555555556,0.0,0.625,0.0,529.6617431640625,3.073941767794963e-09,0.12724101543426514,0.01236031949520111,0.013798610307276249,1.368383628630454e-08
centerline,86.11111177338495,0.0,0.6200000047683716,0.0,531.7960205078125,3.041821683424928e-09,0.12760333716869354,0.012455611489713192,0.013888445682823658,1.4089038380404872e-08
centerline,85.41666799121433,0.0,0.6150000095367432,0.0,534.1131591796875,3.008974180929158e-09,0.1279800683259964,0.012559055350720882,0.013985542580485344,1.4539920378808802e-08
centerline,84.72222420904372,0.0,0.6100000143051147,0.0,536.62744140625,2.975722113163215e-09,0.1283704936504364,0.012671285308897495,0.014090419746935368,1.504207780556044e-08
centerline,84.02778042687311,0.0,0.6050000190734863,0.0,539.3518676757812,2.942567522978834e-09,0.12877336144447327,0.012792883440852165,0.014203537255525589,1.5601955283273128e-08
centerline,83.33333664470248,0.0,0.6000000238418579,0.0,542.303955078125,2.9100570841933404e-09,0.1291876882314682,0.012924627400934696,0.014325528405606747,1.6227390986500723e-08
centerline,82.63889286253188,0.0,0.5950000286102295,0.0,545.52783203125,2.8790083650420684e-09,0.12961536645889282,0.01306847482919693,0.014458095654845238,1.6933814350750254e-08
centerline,81.94444080193837,0.0,0.5899999737739563,0.0,549.1036987304688,2.850353286731888e-09,0.13006192445755005,0.013228004798293114,0.014604405499994755,1.7746499381132708e-08
centerline,81.24999701976776,0.0,0.5849999785423279,0.0,553.126708984375,2.8256472717202996e-09,0.1305333524942398,0.013407479971647263,0.014768216758966446,1.869907961804529e-08
centerline,80.55555323759715,0.0,0.5799999833106995,0.0,557.6907958984375,2.8070972213356526e-09,0.13103391230106354,0.013611141592264175,0.014953222125768661,1.982969877190044e-08
centerline,79.86110945542653,0.0,0.574999988079071,0.0,562.9008178710938,2.7982767214496107e-09,0.13156722486019135,0.013843744061887264,0.015163534320890903,2.1188036214425665e-08
centerline,79.16666567325592,0.0,0.5699999928474426,0.0,568.884521484375,2.803947518614791e-09,0.13213738799095154,0.014111116528511047,0.015404187142848969,2.2838753110931975e-08
centerline,78.47222189108531,0.0,0.5649999976158142,0.0,575.8007202148438,2.8313014155401106e-09,0.1327492594718933,0.014420568011701107,0.01568148285150528,2.4872310433465827e-08
centerline,77.77777810891469,0.0,0.5600000023841858,0.0,583.848876953125,2.8899453941022557e-09,0.1334087997674942,0.014781348407268524,0.016003388911485672,2.741071369882775e-08
centerline,77.08333432674408,0.0,0.5550000071525574,0.0,593.2788696289062,2.993934655748376e-09,0.13412320613861084,0.015205183997750282,0.016380006447434425,3.0627450797737765e-08
centerline,76.38889054457347,0.0,0.550000011920929,0.0,604.4021606445312,3.1622686691434865e-09,0.13490112125873566,0.01570691540837288,0.016824092715978622,3.476134580182588e-08
centerline,75.69444676240285,0.0,0.5450000166893005,0.0,617.6012573242188,3.4223823774937046e-09,0.13575245440006256,0.01630515046417713,0.017351627349853516,4.015415910885167e-08
centerline,75.00000298023224,0.0,0.5400000214576721,0.0,633.3363037109375,3.811832183231445e-09,0.1366882175207138,0.01702289469540119,0.017982330173254013,4.728311253643369e-08
centerline,74.30555919806163,0.0,0.5350000262260437,0.0,652.1390991210938,4.384177021421465e-09,0.13771967589855194,0.017887845635414124,0.018739888444542885,5.683028803105117e-08
centerline,73.61110713746812,0.0,0.5299999713897705,0.0,674.579833984375,5.213101506029716e-09,0.13885654509067535,0.01893165521323681,0.01965128816664219,6.974897104328193e-08
centerline,72.91666335529752,0.0,0.5249999761581421,0.0,701.1864624023438,6.401127627952974e-09,0.14010335505008698,0.020187221467494965,0.020744426175951958,8.736871848213923e-08
centerline,72.2222195731269,0.0,0.5199999809265137,0.0,732.3034057617188,8.086446179333961e-09,0.1414545476436615,0.02168312296271324,0.02204328216612339,1.1149065670679192e-07
centerline,71.52777579095628,0.0,0.5149999856948853,0.0,767.8978881835938,1.0451899790098196e-08,0.14288833737373352,0.02343481406569481,0.02356031723320484,1.444802961714231e-07
centerline,70.83333200878567,0.0,0.5099999904632568,0.0,807.3768310546875,1.373113889258093e-08,0.14436224102973938,0.025434475392103195,0.025287795811891556,1.893252346008012e-07
centerline,70.13888822661507,0.0,0.5049999952316284,0.0,849.527587890625,1.821144302027733e-08,0.14581362903118134,0.027644086629152298,0.02719194069504738,2.4960183964140015e-07
centerline,69.44444444444444,0.0,0.5,0.0,892.68115234375,2.423666067841168e-08,0.1471676230430603,0.029997214674949646,0.029214659705758095,3.2945322914201824e-07
centerline,68.75000066227383,0.0,0.4950000047683716,0.0,935.07470703125,3.2209218403522755e-08,0.14835049211978912,0.03241116926074028,0.03128417953848839,4.335322216775239e-07
centerline,68.05555688010323,0.0,0.49000000953674316,0.0,975.2529907226562,4.26016804055962e-08,0.1493028700351715,0.034804873168468475,0.03333047404885292,5.670903533427918e-07
centerline,67.3611130979326,0.0,0.48500001430511475,0.0,1012.3228759765625,5.597514274313653e-08,0.14998722076416016,0.03711429610848427,0.03529849648475647,7.361356324508961e-07
centerline,66.66666517655055,0.0,0.47999998927116394,0.0,1045.9901123046875,7.30065892184939e-08,0.15038801729679108,0.03929995745420456,0.03715452179312706,9.477105322730495e-07
centerline,65.97222139437993,0.0,0.4749999940395355,0.0,1076.4307861328125,9.452492122363765e-08,0.1505071073770523,0.04134633019566536,0.03888551518321037,1.2101961601729272e-06
centerline,65.27777761220932,0.0,0.4699999988079071,0.0,1104.1009521484375,1.215498031115203e-07,0.15035778284072876,0.043256405740976334,0.04049438610672951,1.5336580645453068e-06
centerline,64.58333383003871,0.0,0.4650000035762787,0.0,1129.5682373046875,1.5534283193119336e-07,0.14995954930782318,0.04504476115107536,0.04199398308992386,1.930223334056791e-06
centerline,63.888890047868095,0.0,0.46000000834465027,0.0,1153.3934326171875,1.974637200419238e-07,0.1493348479270935,0.04673151299357414,0.043401915580034256,2.414516757198726e-06
centerline,63.19444626569748,0.0,0.45500001311302185,0.0,1176.06298828125,2.4984282731566054e-07,0.1485070139169693,0.04833798110485077,0.0447368323802948,3.0041239824640797e-06
centerline,62.49999834431542,0.0,0.44999998807907104,0.0,1197.9603271484375,3.1486788998336124e-07,0.14749926328659058,0.049883920699357986,0.04601607099175453,3.7201898521743715e-06
centerline,61.80555456214481,0.0,0.4449999928474426,0.0,1219.363525390625,3.954901615088602e-07,0.1463339775800705,0.05138617008924484,0.047254469245672226,4.588112915371312e-06
centerline,61.1111107799742,0.0,0.4399999976158142,0.0,1240.4642333984375,4.953619736625114e-07,0.1450318992137909,0.052858415991067886,0.048464179039001465,5.638420134346234e-06
centerline,60.41666699780358,0.0,0.4350000023841858,0.0,1261.3919677734375,6.189972623360518e-07,0.14361131191253662,0.054311662912368774,0.04965502396225929,6.907639544806443e-06
centerline,59.72222321563297,0.0,0.4300000071525574,0.0,1282.2391357421875,7.720071835137787e-07,0.14208725094795227,0.05575494468212128,0.05083508417010307,8.43989801069256e-06
centerline,59.02777943346236,0.0,0.42500001192092896,0.0,1303.0819091796875,9.61370233198977e-07,0.14047104120254517,0.05719614401459694,0.0520113930106163,1.0288378689438105e-05
centerline,58.3333315120803,0.0,0.41999998688697815,0.0,1323.99267578125,1.195821596411406e-06,0.13877002894878387,0.05864257365465164,0.05319039523601532,1.2517748473328538e-05
centerline,57.63888772990968,0.0,0.41499999165534973,0.0,1345.0469970703125,1.4863303476886358e-06,0.13698796927928925,0.06010139733552933,0.054378341883420944,1.5206796888378449e-05
centerline,56.944443947739074,0.0,0.4099999964237213,0.0,1366.3243408203125,1.846748546086019e-06,0.13512538373470306,0.06157974898815155,0.05558139085769653,1.8452026779414155e-05
centerline,56.25000016556846,0.0,0.4050000011920929,0.0,1387.9029541015625,2.2945655473449733e-06,0.13318060338497162,0.06308449804782867,0.056805457919836044,2.2371261366060935e-05
centerline,55.55555638339784,0.0,0.4000000059604645,0.0,1409.856201171875,2.8519120860437397e-06,0.131150484085083,0.06462211161851883,0.058056097477674484,2.710847729758825e-05
centerline,54.861112601227234,0.0,0.39500001072883606,0.0,1432.255615234375,3.5468833630147856e-06,0.1290305256843567,0.06619884818792343,0.059338703751564026,3.283982732682489e-05
centerline,54.16666467984518,0.0,0.38999998569488525,0.0,1455.168212890625,4.415271632751683e-06,0.12681539356708527,0.06782069802284241,0.06065846234560013,3.978137101512402e-05
centerline,53.47222089767456,0.0,0.38499999046325684,0.0,1478.6539306640625,5.502635303855641e-06,0.12449933588504791,0.06949319690465927,0.06202024221420288,4.81969109387137e-05
centerline,52.77777711550395,0.0,0.3799999952316284,0.0,1502.767578125,6.867127467558021e-06,0.12207626551389694,0.07122156769037247,0.06342869251966476,5.840893936692737e-05
centerline,52.083333333333336,0.0,0.375,0.0,1527.56103515625,8.583190719946288e-06,0.11953961104154587,0.0730108916759491,0.06488844007253647,7.081190415192395e-05
centerline,51.38888955116272,0.0,0.3700000047683716,0.0,1553.0845947265625,1.0746397492766846e-05,0.11688234657049179,0.07486617565155029,0.06640414148569107,8.588861237512901e-05
centerline,50.69444576899211,0.0,0.36500000953674316,0.0,1579.3858642578125,1.3479791050485801e-05,0.11409703642129898,0.07679235935211182,0.06798051297664642,0.00010422990453662351
centerline,50.000001986821495,0.0,0.36000001430511475,0.0,1606.5089111328125,1.6942272850428708e-05,0.11117593199014664,0.07879425585269928,0.06962233036756516,0.00012655895261559635
centerline,49.30555406543944,0.0,0.35499998927116394,0.0,1634.493896484375,2.1339339582482353e-05,0.10811109095811844,0.08087646961212158,0.07133438438177109,0.00015375846123788506
centerline,48.61111028326882,0.0,0.3499999940395355,0.0,1663.3760986328125,2.6938057999359444e-05,0.10489445924758911,0.08304335922002792,0.07312151789665222,0.00018690818978939205
centerline,47.91666650109821,0.0,0.3449999988079071,0.0,1693.1866455078125,3.4085878723999485e-05,0.10151775926351547,0.0852990448474884,0.07498863339424133,0.00022732191428076476
centerline,47.2222227189276,0.0,0.3400000035762787,0.0,1723.9525146484375,4.323733446653932e-05,0.09797250479459763,0.08764741569757462,0.07694079726934433,0.0002766020770650357
centerline,46.52777893675698,0.0,0.33500000834465027,0.0,1755.69384765625,5.4987907788017765e-05,0.09425009787082672,0.09009193629026413,0.07898315042257309,0.00033669028198346496
centerline,45.83333515458637,0.0,0.33000001311302185,0.0,1788.4217529296875,7.012103742454201e-05,0.09034207463264465,0.09263547509908676,0.08112083375453949,0.0004099342040717602
centerline,45.138887233204315,0.0,0.32499998807907104,0.0,1822.13525390625,8.967101166490465e-05,0.08624034374952316,0.09528005868196487,0.08335886150598526,0.0004991582245565951
centerline,44.4444434510337,0.0,0.3199999928474426,0.0,1856.8173828125,0.00011500895925564691,0.0819375142455101,0.09802654385566711,0.08570198714733124,0.0006077365833334625
centerline,43.74999966886308,0.0,0.3149999976158142,0.0,1892.429931640625,0.00014795926108490676,0.07742741703987122,0.10087423771619797,0.08815441280603409,0.0007396639557555318
centerline,43.055555886692474,0.0,0.3100000023841858,0.0,1928.9080810546875,0.00019096315372735262,0.07270556688308716,0.10382044315338135,0.09071953594684601,0.000899618724361062
centerline,42.36111210452186,0.0,0.3050000071525574,0.0,1966.149658203125,0.00024729754659347236,0.06777039915323257,0.10685964673757553,0.093399278819561,0.001092970254831016
centerline,41.66666832235124,0.0,0.30000001192092896,0.0,2004.005615234375,0.000321393454214558,0.06262419372797012,0.10998290032148361,0.09619352966547012,0.0013257437385618687
centerline,40.972220400969185,0.0,0.29499998688697815,0.0,2042.2613525390625,0.0004192687338218093,0.0572754442691803,0.11317645013332367,0.09909872710704803,0.0016044116346165538
centerline,40.277776618798576,0.0,0.28999999165534973,0.0,2080.626953125,0.000549175136256963,0.05173978954553604,0.1164214164018631,0.10210713744163513,0.001935525331646204
centerline,39.58333283662796,0.0,0.2849999964237213,0.0,2118.69482421875,0.000722453580237925,0.04604576528072357,0.11969100683927536,0.10520336031913757,0.0023247655481100082
centerline,38.888889054457344,0.0,0.2800000011920929,0.0,2155.940185546875,0.0009550709510222077,0.04023410379886627,0.12295219302177429,0.10836392641067505,0.0027756609488278627
centerline,38.194445272286735,0.0,0.2750000059604645,0.0,2191.61767578125,0.0012694231700152159,0.03437259793281555,0.12615938484668732,0.1115480288863182,0.003286228282377124
centerline,37.50000149011612,0.0,0.27000001072883606,0.0,2224.797607421875,0.0016978939529508352,0.028549356386065483,0.12926268577575684,0.11469872295856476,0.003844727762043476
centerline,36.80555356873406,0.0,0.26499998569488525,0.0,2254.087646484375,0.0022872101981192827,0.022916611284017563,0.132191464304924,0.11771517992019653,0.004418075550347567
centerline,36.11110978656345,0.0,0.25999999046325684,0.0,2277.801025390625,0.003114105900749564,0.01765548810362816,0.13489072024822235,0.12046303600072861,0.004937590565532446
centerline,35.41666600439284,0.0,0.2549999952316284,0.0,2293.23095703125,0.0042977952398359776,0.013097823597490788,0.1372886747121811,0.12269345670938492,0.005254049319773912
