profile,x_over_d,r_over_d,x_m,y_m,temperature,ch4,o2,co2,h2o,co
radial,0.75,0.0,0.005400000140070915,0.0,294.3844909667969,0.15632778406143188,0.19643177092075348,4.0850802179193124e-05,4.3501684558577836e-05,7.962849849718623e-06
radial,0.75,0.062499998926392034,0.005400000140070915,0.00044999999227002263,294.4956970214844,0.15631768107414246,0.19641542434692383,5.064124343334697e-05,5.392399907577783e-05,9.868349479802419e-06
radial,0.75,0.12499999785278407,0.005400000140070915,0.0008999999845400453,294.9132080078125,0.15628142654895782,0.1963563710451126,8.596746192779392e-05,9.154349390882999e-05,1.6753305317251943e-05
radial,0.75,0.18750000486357346,0.005400000140070915,0.0013500000350177288,295.95025634765625,0.1561977118253708,0.19621862471103668,0.00016822724137455225,0.00017921639664564282,3.2837706385180354e-05
radial,0.75,0.24999999570556813,0.005400000140070915,0.0017999999690800905,298.4169616699219,0.15601548552513123,0.19591376185417175,0.0003497278376016766,0.0003729474847204983,6.853299419162795e-05
radial,0.75,0.31249998654756284,0.005400000140070915,0.0022499999031424522,304.4794921875,0.1556098461151123,0.19521717727184296,0.0007625616854056716,0.0008146008476614952,0.00015044368046801537
radial,0.75,0.3750000097271469,0.005400000140070915,0.0027000000700354576,321.7690124511719,0.1545705795288086,0.19336281716823578,0.0018545360071584582,0.001986380200833082,0.00036965985782444477
radial,0.75,0.437500032906731,0.005400000140070915,0.003150000236928463,389.3739318847656,0.1508709043264389,0.18641598522663116,0.005914447363466024,0.006356722675263882,0.0011942865094169974
radial,0.75,0.49999999141113627,0.005400000140070915,0.003599999938160181,618.8045654296875,0.1385805755853653,0.1619640290737152,0.02012460120022297,0.021657276898622513,0.004079398699104786
radial,0.75,0.5347222193247743,0.005400000140070915,0.0038499999791383743,887.1465454101562,0.12354675680398941,0.13164591789245605,0.037828076630830765,0.04057817906141281,0.007562742102891207
radial,0.75,0.5752314528864291,0.005400000140070915,0.0041416664607822895,1298.1776123046875,0.0984964445233345,0.08348320424556732,0.06680222600698471,0.0705828070640564,0.012521174736320972
radial,0.75,0.6157407511232628,0.005400000140070915,0.004433333408087492,1665.55859375,0.0725422352552414,0.042290475219488144,0.09516267478466034,0.09596869349479675,0.01429758034646511
radial,0.75,0.6562499846849177,0.005400000140070915,0.004724999889731407,1918.2454833984375,0.0496300607919693,0.019057108089327812,0.1163107231259346,0.11013779789209366,0.011954929679632187
radial,0.75,0.6967592829217514,0.005400000140070915,0.00501666683703661,2068.535888671875,0.029801486060023308,0.01071032602339983,0.12802742421627045,0.1158188134431839,0.00901634618639946
radial,0.75,0.7372685164834063,0.005400000140070915,0.005308333318680525,2121.571533203125,0.013654655776917934,0.014023902826011181,0.1301863044500351,0.11524134874343872,0.007280012592673302
radial,0.75,0.7777777500450611,0.005400000140070915,0.00559999980032444,2066.4501953125,0.004432405810803175,0.027723675593733788,0.12474434077739716,0.10835974663496017,0.005437495652586222
radial,0.75,0.8182870482818948,0.005400000140070915,0.0058916667476296425,1973.924560546875,0.0014698092127218843,0.0424237921833992,0.11772700399160385,0.1003313958644867,0.0036520531866699457
radial,0.75,0.8587962818435497,0.005400000140070915,0.006183333229273558,1914.9666748046875,0.0006994036375544965,0.05103589966893196,0.11309774965047836,0.09568856656551361,0.0029439805075526237
radial,0.75,0.8993055800803834,0.005400000140070915,0.00647500017657876,1880.3250732421875,0.00043253012700006366,0.05607033520936966,0.11022934317588806,0.09305175393819809,0.0026604989543557167
radial,0.75,0.9398148136420382,0.005400000140070915,0.006766666658222675,1855.19384765625,0.0003015511902049184,0.05975763127207756,0.10809870064258575,0.09116298705339432,0.0024817842058837414
radial,0.75,0.9803240472036931,0.005400000140070915,0.0070583331398665905,1831.82568359375,0.00022051123960409313,0.06317786872386932,0.10611643642187119,0.08943764120340347,0.00232429220341146
radial,0.75,1.0208333454405267,0.005400000140070915,0.007350000087171793,1803.6451416015625,0.0001592524495208636,0.06724672019481659,0.10374785214662552,0.08740738779306412,0.0021478207781910896
radial,0.75,1.0613425790021818,0.005400000140070915,0.007641666568815708,1763.1436767578125,0.00010796199057949707,0.07297641783952713,0.1003885567188263,0.08457161486148834,0.0019204599084332585
radial,0.75,1.1018518772390153,0.005400000140070915,0.00793333351612091,1701.6412353515625,6.65761181153357e-05,0.08142745494842529,0.09538444131612778,0.08041556179523468,0.0016260623233392835
radial,0.75,1.1423611754758491,0.005400000140070915,0.008225000463426113,1611.3780517578125,3.70512243534904e-05,0.09334105998277664,0.08824452757835388,0.07458610087633133,0.00127971894107759
radial,0.75,1.1828703443623252,0.005400000140070915,0.008516666479408741,1491.010009765625,1.9039483959204517e-05,0.10844824463129044,0.07907676696777344,0.06722188740968704,0.0009295761701650918
radial,0.75,1.2233796425991588,0.005400000140070915,0.008808333426713943,1349.7835693359375,9.451974619878456e-06,0.12521672248840332,0.06878291070461273,0.059068527072668076,0.0006296843057498336
radial,0.75,1.2638889408359926,0.005400000140070915,0.009100000374019146,1204.385986328125,4.76423701911699e-06,0.1415504664182663,0.05865573510527611,0.05113685876131058,0.0004083925159648061
radial,0.75,1.3124999693698354,0.005400000140070915,0.009449999779462814,1042.4329833984375,2.169988874811679e-06,0.15883870422840118,0.047838035970926285,0.04274166375398636,0.00023625351605005562
radial,0.75,1.3518518406069941,0.005400000140070915,0.009733333252370358,925.7061767578125,1.195938011733233e-06,0.17078155279159546,0.04030350223183632,0.036934994161129,0.00015030632494017482
radial,0.75,1.391203711844153,0.005400000140070915,0.0100166667252779,822.3616333007812,6.753984393981227e-07,0.18102528154850006,0.03379743546247482,0.0319431833922863,9.483112808084115e-05
radial,0.75,1.4305555830813117,0.005400000140070915,0.010300000198185444,731.9530029296875,3.885310491114069e-07,0.1897747963666916,0.028203222900629044,0.027665402740240097,5.934694127063267e-05
radial,0.75,1.4699074543184705,0.005400000140070915,0.010583333671092987,653.3101806640625,2.265791323452504e-07,0.197255939245224,0.023386666551232338,0.023991644382476807,3.681583984871395e-05
radial,0.75,1.5092591962052717,0.005400000140070915,0.010866666212677956,585.1928100585938,1.3346988225748646e-07,0.20366786420345306,0.01922779157757759,0.020825568586587906,2.260954715893604e-05
radial,0.75,1.5486110674424305,0.005400000140070915,0.011149999685585499,526.8203735351562,7.967989290591504e-08,0.20913507044315338,0.015652935951948166,0.01810789480805397,1.3769156794296578e-05
radial,0.75,1.5879629386795893,0.005400000140070915,0.011433333158493042,477.8727111816406,4.899271388580928e-08,0.21371446549892426,0.012631881050765514,0.015813501551747322,8.379674000025261e-06
radial,0.75,1.627314809916748,0.005400000140070915,0.011716666631400585,438.1192321777344,3.2070513356075026e-08,0.21743661165237427,0.010151700116693974,0.013931132853031158,5.170260010345373e-06
radial,0.75,1.6666666811539068,0.005400000140070915,0.012000000104308128,408.3975524902344,2.359664108553261e-08,0.22022421658039093,0.008273454383015633,0.012506183236837387,3.3604005693632644e-06
radial,0.75,1.746031792006559,0.005400000140070915,0.012571428902447224,371.2062072753906,1.779106639787642e-08,0.22370339930057526,0.00588452722877264,0.01069413498044014,1.6497170918228221e-06
radial,0.75,1.8253967735088534,0.005400000140070915,0.013142856769263744,351.7681884765625,1.7662150852970626e-08,0.22548887133598328,0.004610978998243809,0.009728044271469116,9.994736274165916e-07
radial,0.75,1.9047618843615055,0.005400000140070915,0.01371428556740284,341.2879638671875,1.8647254407255787e-08,0.22641520202159882,0.0039125969633460045,0.009198032319545746,7.051080501696561e-07
radial,0.75,1.9841269952141576,0.005400000140070915,0.014285714365541935,335.0723571777344,1.9437976561675896e-08,0.226932555437088,0.003491808194667101,0.00887847039848566,5.446741511150321e-07
radial,0.75,2.0634921060668097,0.005400000140070915,0.01485714316368103,331.1069641113281,1.9698321196415236e-08,0.22723455727100372,0.0032196207903325558,0.008671573363244534,4.468098495635786e-07
radial,0.75,2.142857087569104,0.005400000140070915,0.015428571030497551,328.4388732910156,1.942161453882818e-08,0.22741277515888214,0.0030342715326696634,0.00853052455931902,3.8285580217234383e-07
radial,0.75,2.2222223277721143,0.005400000140070915,0.01600000075995922,326.57769775390625,1.876311017667831e-08,0.2275145947933197,0.0029036139603704214,0.00843095313757658,3.3933858389900706e-07
radial,0.75,2.301587309274409,0.005400000140070915,0.01657142862677574,325.24310302734375,1.7900141813242954e-08,0.2275671362876892,0.0028090528212487698,0.008358760736882687,3.0893946245669213e-07
radial,0.75,2.3809522907767033,0.005400000140070915,0.017142856493592262,324.26275634765625,1.6902067301316492e-08,0.22758732736110687,0.0027390012983232737,0.00830516591668129,2.873115931834036e-07
radial,0.75,2.460317530979713,0.005400000140070915,0.017714286223053932,323.5311584472656,1.584425213252416e-08,0.2275855541229248,0.002686313819140196,0.008264748379588127,2.717939651120105e-07
radial,0.75,2.5396825124820075,0.005400000140070915,0.018285714089870453,322.98492431640625,1.4834133921226567e-08,0.22756782174110413,0.0026466608978807926,0.008234226144850254,2.6067576186505903e-07
radial,0.75,2.619047493984302,0.005400000140070915,0.018857141956686974,322.580810546875,1.3937501819327736e-08,0.22753852605819702,0.0026170662604272366,0.008211343549191952,2.5279962301283376e-07
radial,0.75,2.6984129928880267,0.005400000140070915,0.019428573548793793,322.2822570800781,1.3205953663941727e-08,0.2275022566318512,0.0025950069539248943,0.008194193243980408,2.4731710368541826e-07
radial,0.75,2.777777715689606,0.005400000140070915,0.019999999552965164,322.05859375,1.2621500289355936e-08,0.227461576461792,0.0025783327873796225,0.008181140758097172,2.435392332245101e-07
radial,0.75,2.941176450500886,0.005400000140070915,0.021176470443606377,321.7501220703125,1.1798951149444292e-08,0.22736598551273346,0.0025549279525876045,0.008162560872733593,2.3894611445030023e-07
radial,0.75,3.1045751853121653,0.005400000140070915,0.02235294133424759,321.5895080566406,1.1319027493073008e-08,0.22726184129714966,0.002542203525081277,0.008152101188898087,2.3722274988813297e-07
radial,0.75,3.2679739201234446,0.005400000140070915,0.0235294122248888,321.5267028808594,1.0884705581304388e-08,0.2271568775177002,0.0025366260670125484,0.008147102780640125,2.373288765511461e-07
radial,0.75,3.4313726549347243,0.005400000140070915,0.024705883115530014,321.5265808105469,1.03884429947243e-08,0.22705286741256714,0.002535638166591525,0.008145618252456188,2.38577229083603e-07
radial,0.75,3.5947711310452886,0.005400000140070915,0.025882352143526077,321.568603515625,9.812981538459553e-09,0.22695104777812958,0.0025377373676747084,0.008146503008902073,2.405571422059438e-07
radial,0.75,3.7581698658565683,0.005400000140070915,0.02705882303416729,321.6399230957031,9.16837894493483e-09,0.22685210406780243,0.0025419755838811398,0.008149037137627602,2.4299242795677856e-07
radial,0.75,3.9215686006678476,0.005400000140070915,0.028235293924808502,321.7314758300781,8.477424096042796e-09,0.22675631940364838,0.002547693205997348,0.008152716793119907,2.4569084189351997e-07
radial,0.75,4.084967335479127,0.005400000140070915,0.029411764815449715,321.8374938964844,7.76461650531246e-09,0.2266637682914734,0.002554449485614896,0.00815720297396183,2.485197683199658e-07
radial,0.75,4.248366070290406,0.005400000140070915,0.030588235706090927,321.9537658691406,7.05057967564926e-09,0.2265743613243103,0.002561939414590597,0.008162264712154865,2.513889683086745e-07
radial,0.75,4.411764546400971,0.005400000140070915,0.03176470473408699,322.077392578125,6.351021930584011e-09,0.22648800909519196,0.002569946926087141,0.008167734369635582,2.5423648253308784e-07
radial,0.75,4.575163539912966,0.005400000140070915,0.03294117748737335,322.2064208984375,5.676745740146316e-09,0.2264045923948288,0.0025783164892345667,0.008173493668437004,2.570192521034187e-07
radial,0.75,4.73856201602353,0.005400000140070915,0.034117646515369415,322.3390808105469,5.033207628457603e-09,0.2263239622116089,0.002586925867944956,0.00817944761365652,2.597071784293803e-07
radial,0.75,4.901961009535524,0.005400000140070915,0.03529411926865578,322.4746398925781,4.41884395740999e-09,0.2262459397315979,0.00259571336209774,0.008185550570487976,2.622896886350645e-07
radial,0.75,5.065359485646089,0.005400000140070915,0.03647058829665184,322.6114807128906,3.820570082524455e-09,0.22617051005363464,0.002604564419016242,0.008191713131964207,2.647648216225207e-07
radial,0.75,5.228757961756654,0.005400000140070915,0.0376470573246479,322.7503356933594,3.206285903445405e-09,0.22609737515449524,0.0026135121006518602,0.008197960443794727,2.6718518597590446e-07
radial,0.75,5.392156955268648,0.005400000140070915,0.038823530077934265,322.8902893066406,2.5339910170174562e-09,0.226026713848114,0.002622497035190463,0.00820425059646368,2.695960006349196e-07
radial,0.75,5.555555431379212,0.005400000140070915,0.03999999910593033,323.0278625488281,1.788873382757572e-09,0.22595930099487305,0.002631288953125477,0.008210413157939911,2.7195613938602037e-07
radial,0.75,6.166666539178954,0.005400000140070915,0.04439999908208847,323.5413818359375,1.6625428811423149e-10,0.2257191240787506,0.00266406312584877,0.008233423344790936,2.7916587441723095e-07
radial,0.75,6.777777646978697,0.005400000140070915,0.04879999905824661,324.0447082519531,1.40449659726951e-17,0.2254960834980011,0.00269616418518126,0.008255986496806145,2.8386531880641996e-07
radial,0.75,7.3888887547784385,0.005400000140070915,0.053199999034404755,324.5192565917969,1.1411411499505921e-17,0.2252936214208603,0.0027262733783572912,0.00827714428305626,2.8680040031758836e-07
radial,0.75,7.99999986257818,0.005400000140070915,0.0575999990105629,324.96929931640625,9.515612797207888e-18,0.22510774433612823,0.0027546402998268604,0.008297067135572433,2.8850854505435564e-07
radial,0.75,8.611110970377922,0.005400000140070915,0.06199999898672104,325.3944091796875,8.256430492304141e-18,0.2249366044998169,0.0027812342159450054,0.008315724320709705,2.892167003665236e-07
radial,0.75,9.222222078177664,0.005400000140070915,0.06639999896287918,325.794189453125,7.756479221354641e-18,0.22477874159812927,0.0028060423210263252,0.008333100005984306,2.890243138153892e-07
radial,0.75,9.833333185977406,0.005400000140070915,0.07079999893903732,326.1705627441406,7.372128922551264e-18,0.22463251650333405,0.0028292119968682528,0.008349296636879444,2.8802003271266585e-07
radial,0.75,10.444444293777147,0.005400000140070915,0.07519999891519547,326.5229187011719,7.005189948461516e-18,0.22449715435504913,0.0028507192619144917,0.008364291861653328,2.862619794541388e-07
radial,0.75,11.05555540157689,0.005400000140070915,0.07959999889135361,326.852783203125,6.665667048594225e-18,0.22437156736850739,0.00287068379111588,0.008378171361982822,2.8383436756485025e-07
radial,0.75,11.666666509376633,0.005400000140070915,0.08399999886751175,327.1609802246094,6.3546512741773496e-18,0.2242550104856491,0.002889178926125169,0.00839098822325468,2.808205863402691e-07
radial,0.75,12.277777617176374,0.005400000140070915,0.08839999884366989,327.4482116699219,6.0732473249189535e-18,0.22414681315422058,0.002906265202909708,0.008402788080275059,2.7730663987313164e-07
radial,0.75,12.888887690173256,0.005400000140070915,0.09279999136924744,327.71563720703125,5.8220214059483296e-18,0.22404633462429047,0.002922029234468937,0.008413629606366158,2.733784469910461e-07
radial,0.75,13.499999832775858,0.005400000140070915,0.09719999879598618,327.9644775390625,5.597708221797425e-18,0.22395293414592743,0.0029365678783506155,0.00842358823865652,2.691180043257191e-07
radial,0.75,14.1111109405756,0.005400000140070915,0.10159999877214432,328.19635009765625,5.399303988792906e-18,0.22386595606803894,0.002949997317045927,0.008432748727500439,2.6460065782885067e-07
radial,0.75,14.722222048375341,0.005400000140070915,0.10599999874830246,328.4131774902344,5.224039719834251e-18,0.2237847000360489,0.0029624435119330883,0.008441204205155373,2.59901895560688e-07
radial,0.75,15.333333156175083,0.005400000140070915,0.1103999987244606,328.61663818359375,5.068876766941248e-18,0.22370858490467072,0.002974026370793581,0.008449042215943336,2.550984277149837e-07
radial,0.75,15.944444263974827,0.005400000140070915,0.11479999870061874,328.80841064453125,4.931314563122148e-18,0.22363705933094025,0.0029848592821508646,0.008456348441541195,2.5026864136634686e-07
radial,0.75,16.555555371774567,0.005400000140070915,0.11919999867677689,328.98968505859375,4.808359128149816e-18,0.22356967628002167,0.0029950321186333895,0.008463190868496895,2.4548916144340183e-07
radial,0.75,17.16666647957431,0.005400000140070915,0.12359999865293503,329.1615905761719,4.697336600694174e-18,0.22350609302520752,0.0030046189203858376,0.008469627238810062,2.408316674973321e-07
radial,0.75,17.777778622176914,0.005400000140070915,0.12800000607967377,329.3248596191406,4.5956475656802735e-18,0.2234460562467575,0.0030136797577142715,0.008475701324641705,2.3635709567315644e-07
radial,0.75,18.388889729976654,0.005400000140070915,0.1324000060558319,329.4800720214844,4.501088000365968e-18,0.2233893722295761,0.0030222604982554913,0.008481448516249657,2.3211312338844436e-07
radial,0.75,19.000000837776398,0.005400000140070915,0.13680000603199005,329.62762451171875,4.411797989143931e-18,0.22333583235740662,0.0030303990934044123,0.008486899547278881,2.2813443933955568e-07
radial,0.75,19.611111945576138,0.005400000140070915,0.1412000060081482,329.7679138183594,4.3259598026180785e-18,0.22328531742095947,0.0030381246469914913,0.008492076769471169,2.2444501723839494e-07
radial,0.75,20.22222305337588,0.005400000140070915,0.14560000598430634,329.90106201171875,4.241801206326015e-18,0.2232377827167511,0.003045450896024704,0.00849698856472969,2.2106131325472234e-07
radial,0.75,20.83333416117562,0.005400000140070915,0.15000000596046448,330.0271301269531,4.15778157637686e-18,0.22319312393665314,0.003052388783544302,0.008501647971570492,2.179955060910288e-07
radial,0.75,21.444445268975365,0.005400000140070915,0.15440000593662262,330.1460266113281,4.072507527028768e-18,0.22315140068531036,0.003058929927647114,0.008506045676767826,2.1525488591578323e-07
radial,0.75,22.055556376775108,0.005400000140070915,0.15880000591278076,330.25787353515625,3.984757726107305e-18,0.2231125384569168,0.0030650831758975983,0.00851018913090229,2.128440854676228e-07
radial,0.75,22.666667484574848,0.005400000140070915,0.1632000058889389,330.36273193359375,3.893574712053441e-18,0.2230764925479889,0.0030708513222634792,0.008514078333973885,2.107638721327021e-07
radial,0.75,23.27777859237459,0.005400000140070915,0.16760000586509705,330.4609680175781,3.7984977452659835e-18,0.22304314374923706,0.0030762553215026855,0.008517730049788952,2.0901288166896848e-07
radial,0.75,23.88888970017433,0.005400000140070915,0.1720000058412552,330.55291748046875,3.699480090040323e-18,0.22301240265369415,0.003081313567236066,0.008521158248186111,2.0758581342761318e-07
radial,0.75,24.500000807974075,0.005400000140070915,0.17640000581741333,330.6390686035156,3.597030462453181e-18,0.22298407554626465,0.0030860586557537317,0.00852438248693943,2.064758604092276e-07
radial,0.75,25.111111915773815,0.005400000140070915,0.18080000579357147,330.7200622558594,3.4923052610009046e-18,0.22295796871185303,0.0030905292369425297,0.00852743349969387,2.0567125602610759e-07
radial,0.75,25.72222302357356,0.005400000140070915,0.18520000576972961,330.796630859375,3.3873941507059572e-18,0.22293387353420258,0.0030947760678827763,0.008530345745384693,2.0515642518148525e-07
radial,0.75,26.3333341313733,0.005400000140070915,0.18960000574588776,330.8697509765625,3.2849397668302923e-18,0.22291143238544464,0.0030988678336143494,0.008533172309398651,2.0490784891080693e-07
radial,0.75,26.944445239173042,0.005400000140070915,0.1940000057220459,330.9408264160156,3.1883769768675364e-18,0.2228902131319046,0.003102893941104412,0.008535975590348244,2.0489606811224803e-07
radial,0.75,27.55555427736706,0.005400000140070915,0.19839999079704285,331.011474609375,3.1016437809189012e-18,0.22286972403526306,0.0031069640535861254,0.008538836613297462,2.0508015552422876e-07
radial,0.75,28.166667454772526,0.005400000140070915,0.20280000567436218,331.08514404296875,3.0293281362519122e-18,0.2228490561246872,0.003111297497525811,0.008541916497051716,2.0543041046039434e-07
radial,0.75,28.77777856257227,0.005400000140070915,0.20720000565052032,331.1615295410156,2.975088249125585e-18,0.22282817959785461,0.003115881234407425,0.008545205928385258,2.0587940241512115e-07
radial,0.75,29.38888967037201,0.005400000140070915,0.21160000562667847,331.2306213378906,2.942562266669081e-18,0.2228097915649414,0.0031200724188238382,0.008548231795430183,2.063344197722472e-07
radial,0.75,30.000000778171753,0.005400000140070915,0.2160000056028366,334.6784973144531,1.1729836330669434e-17,0.22104494273662567,0.0033266833052039146,0.008671795949339867,2.494860780188901e-07
radial,1,0.0,0.007199999876320362,0.0,295.1375427246094,0.15626120567321777,0.1963106393814087,0.00011184290633536875,0.0001199606922455132,2.2424221242545173e-05
radial,1,0.062499998926392034,0.007199999876320362,0.00044999999227002263,295.3894958496094,0.15624162554740906,0.19627588987350464,0.0001323049800703302,0.00014192724484018981,2.6539728423813358e-05
radial,1,0.12499999785278407,0.007199999876320362,0.0008999999845400453,296.2876281738281,0.15617436170578003,0.19615569710731506,0.00020301625772845,0.000217873792280443,4.078709025634453e-05
radial,1,0.18750000486357346,0.007199999876320362,0.0013500000350177288,298.345458984375,0.15602999925613403,0.1958937793970108,0.0003567601088434458,0.00038315728306770325,7.187423761934042e-05
radial,1,0.24999999570556813,0.007199999876320362,0.0017999999690800905,302.8262939453125,0.15574054419994354,0.1953563690185547,0.0006711598834954202,0.0007216318626888096,0.00013577913341578096
radial,1,0.31249998654756284,0.007199999876320362,0.0022499999031424522,312.96075439453125,0.15514406561851501,0.1942126750946045,0.0013372082030400634,0.0014399724313989282,0.0002720542543102056
radial,1,0.3750000097271469,0.007199999876320362,0.0027000000700354576,339.57061767578125,0.15372413396835327,0.19137147068977356,0.0029826913960278034,0.003218120662495494,0.00061107735382393
radial,1,0.43750000056914157,0.007199999876320362,0.0031500000040978193,421.50543212890625,0.14967025816440582,0.18284398317337036,0.007894651964306831,0.008532587438821793,0.0016269576735794544
radial,1,0.49999999141113627,0.007199999876320362,0.003599999938160181,630.5426025390625,0.13940489292144775,0.1602935791015625,0.020863350480794907,0.02252761647105217,0.004278151318430901
radial,1,0.5347222193247743,0.007199999876320362,0.0038499999791383743,853.3951416015625,0.1279006451368332,0.1348162293434143,0.035607270896434784,0.03830263763666153,0.007186014670878649
radial,1,0.5752314528864291,0.007199999876320362,0.0041416664607822895,1203.45849609375,0.10820801556110382,0.09300670027732849,0.06043574586510658,0.06414342671632767,0.011523702181875706
radial,1,0.6157407511232628,0.007199999876320362,0.004433333408087492,1547.8814697265625,0.08619328588247299,0.05230412632226944,0.08697614073753357,0.08909628540277481,0.014097653329372406
radial,1,0.6562499846849177,0.007199999876320362,0.004724999889731407,1810.277587890625,0.06570714712142944,0.024809785187244415,0.10931413620710373,0.10561978816986084,0.012804772704839706
radial,1,0.6967592829217514,0.007199999876320362,0.00501666683703661,1981.6531982421875,0.04774398356676102,0.011489548720419407,0.12446035444736481,0.1136641725897789,0.009500069543719292
radial,1,0.7372685164834063,0.007199999876320362,0.005308333318680525,2092.670166015625,0.03126603364944458,0.006932366639375687,0.13260233402252197,0.11714529246091843,0.007098596077412367
radial,1,0.7777777500450611,0.007199999876320362,0.00559999980032444,2144.613525390625,0.016496604308485985,0.009736912325024605,0.13388493657112122,0.11700151115655899,0.006223395001143217
radial,1,0.8182870482818948,0.007199999876320362,0.0058916667476296425,2101.954345703125,0.006269742269068956,0.022700896486639977,0.12813450396060944,0.11093579977750778,0.0051755052991211414
radial,1,0.858796217168371,0.007199999876320362,0.00618333276361227,1993.297607421875,0.0019204108975827694,0.040847297757864,0.11904940754175186,0.10131298750638962,0.0034257511142641306
radial,1,0.8993055800803834,0.007199999876320362,0.00647500017657876,1902.795166015625,0.0007203651475720108,0.054171495139598846,0.11183805018663406,0.0941833034157753,0.002382250502705574
radial,1,0.9398148136420382,0.007199999876320362,0.006766666658222675,1847.832763671875,0.0003862061130348593,0.06194651499390602,0.10732892900705338,0.09013685584068298,0.0020046308636665344
radial,1,0.9803240472036931,0.007199999876320362,0.0070583331398665905,1808.568115234375,0.00026071612956002355,0.06742367148399353,0.10406976193189621,0.08735842257738113,0.0018113782862201333
radial,1,1.0208333454405267,0.007199999876320362,0.007350000087171793,1769.7169189453125,0.00019077079195994884,0.07277815788984299,0.10086572170257568,0.08468513935804367,0.0016422464977949858
radial,1,1.0613425790021818,0.007199999876320362,0.007641666568815708,1719.778564453125,0.00013786258932668716,0.07953428477048874,0.09680967777967453,0.08134335279464722,0.0014431612798944116
radial,1,1.1018518772390153,0.007199999876320362,0.00793333351612091,1649.8603515625,9.343686542706564e-05,0.08874822407960892,0.09124667942523956,0.07681295275688171,0.001198708196170628
radial,1,1.1423611754758491,0.007199999876320362,0.008225000463426113,1557.082763671875,5.865897401235998e-05,0.10055080056190491,0.08406458050012589,0.07103438675403595,0.0009301570244133472
radial,1,1.1828703443623252,0.007199999876320362,0.008516666479408741,1446.146484375,3.471562740742229e-05,0.11407021433115005,0.07576419413089752,0.06443535536527634,0.000678149750456214
radial,1,1.2233796425991588,0.007199999876320362,0.008808333426713943,1326.38720703125,1.9948281988035887e-05,0.1280052661895752,0.06713289022445679,0.057646360248327255,0.00047251564683392644
radial,1,1.2638889408359926,0.007199999876320362,0.009100000374019146,1207.44677734375,1.1447551514720544e-05,0.14123015105724335,0.05887528508901596,0.05120842531323433,0.0003210434515494853
radial,1,1.3124999693698354,0.007199999876320362,0.009449999779462814,1073.8839111328125,5.928025075263577e-06,0.1554708182811737,0.049913544207811356,0.04427329823374748,0.00019836895808111876
radial,1,1.3518518406069941,0.007199999876320362,0.009733333252370358,974.3953857421875,3.5348361961951014e-06,0.1657068133354187,0.04342520236968994,0.039281271398067474,0.0001331928069703281
radial,1,1.391203711844153,0.007199999876320362,0.0100166667252779,882.4102172851562,2.1216237655607983e-06,0.174906924366951,0.037558041512966156,0.0347844660282135,8.847318531479686e-05
radial,1,1.4305555830813117,0.007199999876320362,0.010300000198185444,797.8941650390625,1.276649300052668e-06,0.18316373229026794,0.03226069360971451,0.03073638118803501,5.804666579933837e-05
radial,1,1.4699074543184705,0.007199999876320362,0.010583333671092987,721.0133056640625,7.690766210544098e-07,0.1905330866575241,0.027503525838255882,0.02710934355854988,3.7631445593433455e-05
radial,1,1.5092591962052717,0.007199999876320362,0.010866666212677956,651.8201904296875,4.640553186163743e-07,0.19707314670085907,0.023254401981830597,0.023875247687101364,2.413999209238682e-05
radial,1,1.5486110674424305,0.007199999876320362,0.011149999685585499,590.1156005859375,2.807315411246236e-07,0.20285044610500336,0.019475184381008148,0.021002521738409996,1.534280090709217e-05
radial,1,1.5879629386795893,0.007199999876320362,0.011433333158493042,535.718505859375,1.7088517267893621e-07,0.20791634917259216,0.0161372572183609,0.018467625603079796,9.687963029136881e-06
radial,1,1.627314809916748,0.007199999876320362,0.011716666631400585,488.4983215332031,1.0554985152566587e-07,0.21230491995811462,0.013223168440163136,0.016256073489785194,6.105013198975939e-06
radial,1,1.6666666811539068,0.007199999876320362,0.012000000104308128,450.20703125,6.863448476224221e-08,0.21586397290229797,0.010840711183845997,0.014448778703808784,3.949785877921386e-06
radial,1,1.7460316626562014,0.007199999876320362,0.012571427971124649,398.2714538574219,3.5518318952654226e-08,0.2206883281469345,0.0075707328505814075,0.011968926526606083,1.8264458958583418e-06
radial,1,1.8253967735088534,0.007199999876320362,0.013142856769263744,369.63336181640625,2.5882103571461812e-08,0.2233298420906067,0.00573890283703804,0.010579889640212059,1.0406313322164351e-06
radial,1,1.9047618843615055,0.007199999876320362,0.01371428556740284,354.1009216308594,2.3268549753652223e-08,0.22473648190498352,0.0047319852747023106,0.009816243313252926,7.142359663703246e-07
radial,1,1.9841269952141576,0.007199999876320362,0.014285714365541935,345.0150146484375,2.2430173274301524e-08,0.22553575038909912,0.004135134629905224,0.009363427758216858,5.515991574611689e-07
radial,1,2.0634921060668097,0.007199999876320362,0.01485714316368103,339.27178955078125,2.1831130680993738e-08,0.2260197252035141,0.0037533401045948267,0.009073621593415737,4.5829972350475146e-07
radial,1,2.142857087569104,0.007199999876320362,0.015428571030497551,335.3963317871094,2.1022739105092114e-08,0.22632759809494019,0.0034930186811834574,0.008875894360244274,3.992728636603715e-07
radial,1,2.2222223277721143,0.007199999876320362,0.01600000075995922,332.6422424316406,1.999612209147017e-08,0.22652992606163025,0.003306353697553277,0.008734001778066158,3.594056465772155e-07
radial,1,2.301587309274409,0.007199999876320362,0.01657142862677574,330.6122131347656,1.8842211346736804e-08,0.22666440904140472,0.00316768791526556,0.008628497831523418,3.313738261567778e-07
radial,1,2.3809522907767033,0.007199999876320362,0.017142856493592262,329.07611083984375,1.7586863521046325e-08,0.2267528921365738,0.003062052885070443,0.008548038080334663,3.111753699158726e-07
radial,1,2.460317530979713,0.007199999876320362,0.017714286223053932,327.88934326171875,1.628785284424339e-08,0.22680921852588654,0.0029799574986100197,0.008485427126288414,2.9639932108693756e-07
radial,1,2.5396825124820075,0.007199999876320362,0.018285714089870453,326.9554748535156,1.504168700705577e-08,0.2268424928188324,0.002915020100772381,0.008435827679932117,2.8547492547659203e-07
radial,1,2.619047493984302,0.007199999876320362,0.018857141956686974,326.2184143066406,1.3928890041370323e-08,0.22685834765434265,0.002863522619009018,0.008396423421800137,2.774399092686508e-07
radial,1,2.6984127341873116,0.007199999876320362,0.019428571686148643,325.64227294921875,1.3007846355606034e-08,0.2268608957529068,0.002823092509061098,0.008365418761968613,2.716471101393836e-07
radial,1,2.777777715689606,0.007199999876320362,0.019999999552965164,325.1869201660156,1.2333245535955939e-08,0.22685354948043823,0.0027910093776881695,0.008340750820934772,2.6748330128611997e-07
radial,1,2.941176450500886,0.007199999876320362,0.021176470443606377,324.4825134277344,1.1458866744362695e-08,0.22681733965873718,0.002741110511124134,0.008302207104861736,2.619461270114698e-07
radial,1,3.1045751853121653,0.007199999876320362,0.02235294133424759,324.0090637207031,1.0854409815408417e-08,0.22676245868206024,0.002707306994125247,0.008275874890387058,2.592096848275105e-07
radial,1,3.2679739201234446,0.007199999876320362,0.0235294122248888,323.700927734375,1.0280443163424025e-08,0.22669774293899536,0.0026851140428334475,0.008258371613919735,2.5833159611465817e-07
radial,1,3.4313726549347243,0.007199999876320362,0.024705883115530014,323.5025329589844,9.6780219394077e-09,0.22662732005119324,0.002670648042112589,0.00824674777686596,2.5864139274744957e-07
radial,1,3.5947711310452886,0.007199999876320362,0.025882352143526077,323.380859375,9.023166214205958e-09,0.22655397653579712,0.002661586506292224,0.00823923759162426,2.5973406536650145e-07
radial,1,3.7581698658565683,0.007199999876320362,0.02705882303416729,323.315185546875,8.319301691983583e-09,0.22647948563098907,0.0026564630679786205,0.008234730921685696,2.613362539705122e-07
radial,1,3.9215686006678476,0.007199999876320362,0.028235293924808502,323.29058837890625,7.582953820417515e-09,0.22640487551689148,0.0026542239356786013,0.008232426829636097,2.632530708979175e-07
radial,1,4.084967335479127,0.007199999876320362,0.029411764815449715,323.29693603515625,6.8338672498668984e-09,0.22633084654808044,0.002654146868735552,0.008231774903833866,2.653479498349043e-07
radial,1,4.248366070290406,0.007199999876320362,0.030588235706090927,323.3271179199219,6.08937789081665e-09,0.22625772655010223,0.002655724063515663,0.008232389576733112,2.675274402008654e-07
radial,1,4.411764546400971,0.007199999876320362,0.03176470473408699,323.3756103515625,5.363652189060986e-09,0.2261858433485031,0.002658560872077942,0.008233971893787384,2.6972091404786624e-07
radial,1,4.575163539912966,0.007199999876320362,0.03294117748737335,323.43865966796875,4.667001896052625e-09,0.22611528635025024,0.0026623900048434734,0.008236316964030266,2.7188303874936537e-07
radial,1,4.73856201602353,0.007199999876320362,0.034117646515369415,323.5128173828125,4.0060053052570765e-09,0.22604621946811676,0.002666968386620283,0.008239241316914558,2.7397436497267336e-07
radial,1,4.901961009535524,0.007199999876320362,0.03529411926865578,323.5958251953125,3.3825957590494227e-09,0.22597870230674744,0.002672133268788457,0.008242618292570114,2.759742301350343e-07
radial,1,5.065359485646089,0.007199999876320362,0.03647058829665184,323.6869201660156,2.788859587710135e-09,0.22591246664524078,0.002677823416888714,0.008246402256190777,2.7789172918346594e-07
radial,1,5.228757961756654,0.007199999876320362,0.0376470573246479,323.78472900390625,2.2055879345117546e-09,0.22584758698940277,0.002683937083929777,0.008250514976680279,2.7975002581115405e-07
radial,1,5.392156955268648,0.007199999876320362,0.038823530077934265,323.8869934082031,1.6035641703382453e-09,0.22578465938568115,0.002690319437533617,0.00825484562665224,2.8156804887657927e-07
radial,1,5.555555431379212,0.007199999876320362,0.03999999910593033,323.9913330078125,1.020595052914075e-09,0.22572410106658936,0.002696813317015767,0.008259275928139687,2.833322412243433e-07
radial,1,6.166666539178954,0.007199999876320362,0.04439999908208847,324.3982238769531,2.0333426254255955e-17,0.22550636529922485,0.0027222090866416693,0.008276727050542831,2.8870775281575334e-07
radial,1,6.777777646978697,0.007199999876320362,0.04879999905824661,324.8193359375,1.4972657301479445e-17,0.2253013700246811,0.0027485827449709177,0.008294985629618168,2.9219870611996157e-07
radial,1,7.3888887547784385,0.007199999876320362,0.053199999034404755,325.2335205078125,1.1812248335098092e-17,0.22511254251003265,0.002774463966488838,0.008312966674566269,2.943018273526832e-07
radial,1,7.99999986257818,0.007199999876320362,0.0575999990105629,325.6344909667969,9.770657395476363e-18,0.2249380201101303,0.0027993812691420317,0.008330300450325012,2.953509579128877e-07
radial,1,8.611110970377922,0.007199999876320362,0.06199999898672104,326.0192565917969,8.408990721399746e-18,0.22477635741233826,0.002823136979714036,0.008346828632056713,2.9551310376518813e-07
radial,1,9.222222078177664,0.007199999876320362,0.06639999896287918,326.3862609863281,7.845853604999158e-18,0.22462628781795502,0.002845634240657091,0.00836247019469738,2.948635824395751e-07
radial,1,9.833333185977406,0.007199999876320362,0.07079999893903732,326.73419189453125,7.437869101733916e-18,0.22448688745498657,0.002866797149181366,0.00837716180831194,2.934522171926801e-07
radial,1,10.444444293777147,0.007199999876320362,0.07519999891519547,327.0627136230469,7.056363477057109e-18,0.22435733675956726,0.00288661802187562,0.00839089136570692,2.9133531143088476e-07
radial,1,11.05555540157689,0.007199999876320362,0.07959999889135361,327.3719482421875,6.706395767595111e-18,0.22423674166202545,0.002905124332755804,0.008403676562011242,2.885813330522069e-07
radial,1,11.666666509376633,0.007199999876320362,0.08399999886751175,327.6622314453125,6.38790848429535e-18,0.22412455081939697,0.0029223496094346046,0.008415540680289268,2.8526815754048584e-07
radial,1,12.277777617176374,0.007199999876320362,0.08839999884366989,327.93426513671875,6.102184584287896e-18,0.22402004897594452,0.0029383543878793716,0.008426525630056858,2.814843185205973e-07
radial,1,12.888888724976116,0.007199999876320362,0.09279999881982803,328.1888122558594,5.846833102012164e-18,0.2239226996898651,0.0029532010667026043,0.008436677046120167,2.773127505406592e-07
radial,1,13.499999832775858,0.007199999876320362,0.09719999879598618,328.4272766113281,5.620175688005284e-18,0.22383180260658264,0.002966990927234292,0.008446070365607738,2.728353365455405e-07
radial,1,14.1111109405756,0.007199999876320362,0.10159999877214432,328.6510314941406,5.419291981114637e-18,0.22374671697616577,0.002979828044772148,0.008454781025648117,2.6812418241206615e-07
radial,1,14.722223083178203,0.007199999876320362,0.10600000619888306,328.8619384765625,5.241819139920466e-18,0.22366684675216675,0.002991829998791218,0.008462897501885891,2.632521329815063e-07
radial,1,15.333333156175083,0.007199999876320362,0.1103999987244606,329.06146240234375,5.085264869237149e-18,0.22359158098697662,0.0030031008645892143,0.00847049430012703,2.582937668194063e-07
radial,1,15.944444263974827,0.007199999876320362,0.11479999870061874,329.2508850097656,4.9465400630671055e-18,0.22352048754692078,0.0030137309804558754,0.008477641269564629,2.533252256853302e-07
radial,1,16.555555371774567,0.007199999876320362,0.11919999867677689,329.4311828613281,4.822642055786769e-18,0.22345320880413055,0.003023790894076228,0.008484391495585442,2.484231913513213e-07
radial,1,17.16666544477145,0.007199999876320362,0.12359999120235443,329.6031799316406,4.7108233669915445e-18,0.22338947653770447,0.0030333404429256916,0.00849078968167305,2.4365976969420444e-07
radial,1,17.777778622176914,0.007199999876320362,0.12800000607967377,329.7674560546875,4.6084779641615835e-18,0.22332905232906342,0.0030424275901168585,0.008496874943375587,2.390963800280588e-07
radial,1,18.388889729976654,0.007199999876320362,0.1324000060558319,329.924560546875,4.51340058378382e-18,0.22327175736427307,0.003051089821383357,0.008502673357725143,2.3477970501062373e-07
radial,1,19.000002907382118,0.007199999876320362,0.13680002093315125,330.07470703125,4.4236899512203e-18,0.2232174426317215,0.0030593578703701496,0.008508212864398956,2.3074241539688956e-07
radial,1,19.611111945576138,0.007199999876320362,0.1412000060081482,330.2181396484375,4.337542399145352e-18,0.22316601872444153,0.0030672531574964523,0.008513507433235645,2.2700612589687807e-07
radial,1,20.22222305337588,0.007199999876320362,0.14560000598430634,330.3548889160156,4.2531939649027075e-18,0.22311745584011078,0.003074778476729989,0.008518559858202934,2.235851468412875e-07
radial,1,20.83333416117562,0.007199999876320362,0.15000000596046448,330.4848327636719,4.16907796841219e-18,0.22307172417640686,0.0030819326639175415,0.008523371070623398,2.2049019321457308e-07
radial,1,21.444445268975365,0.007199999876320362,0.15440000593662262,330.6077880859375,4.083743948469688e-18,0.22302886843681335,0.003088709432631731,0.008527936413884163,2.1772873992631503e-07
radial,1,22.055556376775108,0.007199999876320362,0.15880000591278076,330.72412109375,3.995932109002284e-18,0.2229887694120407,0.003095122054219246,0.008532265201210976,2.1530594551677495e-07
radial,1,22.666667484574848,0.007199999876320362,0.1632000058889389,330.83392333984375,3.904672994332065e-18,0.22295138239860535,0.003101182635873556,0.008536365814507008,2.1322333054740739e-07
radial,1,23.27777859237459,0.007199999876320362,0.16760000586509705,330.93756103515625,3.809470709681806e-18,0.2229165881872177,0.003106909105554223,0.008540251292288303,2.1147914708308235e-07
radial,1,23.88888970017433,0.007199999876320362,0.1720000058412552,331.035400390625,3.710238814677494e-18,0.22288426756858826,0.0031123249791562557,0.008543937467038631,2.1006806605328165e-07
radial,1,24.500000807974075,0.007199999876320362,0.17640000581741333,331.1279602050781,3.607488920527995e-18,0.22285425662994385,0.0031174577306956053,0.008547443896532059,2.0898228569876665e-07
radial,1,25.111111915773815,0.007199999876320362,0.18080000579357147,331.2156982421875,3.502421266302122e-18,0.22282637655735016,0.003122344147413969,0.008550797589123249,2.0820932888909738e-07
radial,1,25.72222302357356,0.007199999876320362,0.18520000576972961,331.2992248535156,3.3971108345664645e-18,0.22280044853687286,0.0031270207837224007,0.008554022759199142,2.0773164521870058e-07
radial,1,26.3333341313733,0.007199999876320362,0.18960000574588776,331.3793029785156,3.2941578675765833e-18,0.22277617454528809,0.0031315386295318604,0.008557160384953022,2.0752362672737945e-07
radial,1,26.944445239173042,0.007199999876320362,0.1940000057220459,331.45660400390625,3.1970840867904227e-18,0.22275333106517792,0.003135948209092021,0.008560243062675,2.0755157947860425e-07
radial,1,27.555556346972786,0.007199999876320362,0.19840000569820404,331.5317077636719,3.1099381277161236e-18,0.22273170948028564,0.00314028887078166,0.008563302457332611,2.0776724340976216e-07
radial,1,28.166667454772526,0.007199999876320362,0.20280000567436218,331.6055908203125,3.0373679182156214e-18,0.2227110117673874,0.003144624177366495,0.008566383272409439,2.0812611012388516e-07
radial,1,28.77777856257227,0.007199999876320362,0.20720000565052032,331.6746520996094,2.9831296854505193e-18,0.22269213199615479,0.0031487259548157454,0.008569317869842052,2.0854197657627083e-07
radial,1,29.38888967037201,0.007199999876320362,0.21160000562667847,331.7283630371094,2.9514681067341334e-18,0.22267785668373108,0.0031519168987870216,0.008571608923375607,2.0891464203032228e-07
radial,1,30.000000778171753,0.007199999876320362,0.2160000056028366,335.1854553222656,1.1768564926949167e-17,0.22090399265289307,0.0033585606142878532,0.00869491882622242,2.523684372590651e-07
radial,2,0.0,0.014399999752640724,0.0,306.0656433105469,0.15559405088424683,0.19478383660316467,0.0009810369228944182,0.0010658337268978357,0.0002060977858491242
radial,2,0.062499998926392034,0.014399999752640724,0.00044999999227002263,307.3243713378906,0.1555306315422058,0.19463440775871277,0.0010659372201189399,0.001158195547759533,0.00022400532907340676
radial,2,0.12499999785278407,0.014399999752640724,0.0008999999845400453,311.497802734375,0.15532465279102325,0.19414499402046204,0.001343769719824195,0.0014604838797822595,0.00028262718115001917
radial,2,0.18750000486357346,0.014399999752640724,0.0013500000350177288,319.90020751953125,0.15492546558380127,0.1931816190481186,0.001889919862151146,0.002054836368188262,0.00039792616735212505
radial,2,0.24999999570556813,0.014399999752640724,0.0017999999690800905,335.47125244140625,0.15422190725803375,0.1914459466934204,0.002872074255719781,0.003123913425952196,0.000605365785304457
radial,2,0.31249998654756284,0.014399999752640724,0.0022499999031424522,364.67193603515625,0.15297119319438934,0.18827779591083527,0.004661197308450937,0.005071557126939297,0.0009831858333200216
radial,2,0.3750000097271469,0.014399999752640724,0.0027000000700354576,421.260986328125,0.15064744651317596,0.18222594261169434,0.00807280745357275,0.008784295991063118,0.001702351262792945
radial,2,0.4374999682315522,0.014399999752640724,0.0031499997712671757,526.6787719726562,0.14635802805423737,0.17079198360443115,0.014514962211251259,0.01578565500676632,0.0030524050816893578
radial,2,0.49999999141113627,0.014399999752640724,0.003599999938160181,696.171875,0.13923415541648865,0.15162016451358795,0.025346269831061363,0.02750827558338642,0.005283713806420565
radial,2,0.5347222193247743,0.014399999752640724,0.0038499999791383743,837.9493408203125,0.13295800983905792,0.13482967019081116,0.03489077836275101,0.03776540607213974,0.007193362340331078
radial,2,0.5752314528864291,0.014399999752640724,0.0041416664607822895,1058.2498779296875,0.12252994626760483,0.10766157507896423,0.05055397376418114,0.054345399141311646,0.010131776332855225
radial,2,0.6157407511232628,0.014399999752640724,0.004433333408087492,1310.159423828125,0.10949860513210297,0.07582639902830124,0.06961604207754135,0.07370957732200623,0.013078231364488602
radial,2,0.6562499846849177,0.014399999752640724,0.004724999889731407,1552.5430908203125,0.09539209306240082,0.04585340619087219,0.08961035311222076,0.09168320149183273,0.014357166364789009
radial,2,0.6967592829217514,0.014399999752640724,0.00501666683703661,1741.0255126953125,0.08218333125114441,0.024716366082429886,0.10710307210683823,0.1039653867483139,0.01280710007995367
radial,2,0.7372685811585851,0.014399999752640724,0.005308333784341812,1873.650390625,0.07016295939683914,0.012667696923017502,0.12029359489679337,0.11080536991357803,0.009761176072061062
radial,2,0.7777777500450611,0.014399999752640724,0.00559999980032444,1971.2652587890625,0.05865442007780075,0.006347944959998131,0.12933529913425446,0.11463257670402527,0.007002423517405987
radial,2,0.8182870482818948,0.014399999752640724,0.0058916667476296425,2047.6107177734375,0.04728851094841957,0.0035506789572536945,0.1349603682756424,0.11687754094600677,0.005167840048670769
radial,2,0.8587962818435497,0.014399999752640724,0.006183333229273558,2108.51123046875,0.03596410155296326,0.0032906904816627502,0.13763786852359772,0.11814624071121216,0.004419003613293171
radial,2,0.8993055800803834,0.014399999752640724,0.00647500017657876,2150.720458984375,0.024817826226353645,0.005796953570097685,0.1372540295124054,0.1183130145072937,0.004716829396784306
radial,2,0.9398148136420382,0.014399999752640724,0.006766666658222675,2156.056640625,0.014502672478556633,0.012977012433111668,0.1329510658979416,0.11619450151920319,0.005670581012964249
radial,2,0.9803239825285144,0.014399999752640724,0.007058332674205303,2082.52685546875,0.006911624222993851,0.029083186760544777,0.12375013530254364,0.10880093276500702,0.005567220970988274
radial,2,1.0208333454405267,0.014399999752640724,0.007350000087171793,1931.404296875,0.0029470990411937237,0.052700936794281006,0.11099538207054138,0.0966200903058052,0.003941676579415798
radial,2,1.0613425790021818,0.014399999752640724,0.007641666568815708,1764.6427001953125,0.0012757015647366643,0.07580326497554779,0.09820901602506638,0.08449534326791763,0.002355431206524372
radial,2,1.1018518772390153,0.014399999752640724,0.00793333351612091,1622.464111328125,0.0006040679872967303,0.0941118448972702,0.08763039857149124,0.0749744400382042,0.0014008510624989867
radial,2,1.1423611754758491,0.014399999752640724,0.008225000463426113,1507.9490966796875,0.00032094254856929183,0.10806360095739365,0.07928905636072159,0.06781811267137527,0.0008850267040543258
radial,2,1.1828703443623252,0.014399999752640724,0.008516666479408741,1411.2430419921875,0.00018672802252694964,0.1193418875336647,0.0723842903971672,0.062102414667606354,0.0005928071914240718
radial,2,1.2233796425991588,0.014399999752640724,0.008808333426713943,1324.04296875,0.00011486145376693457,0.12915992736816406,0.0662764236330986,0.057170093059539795,0.00041180336847901344
radial,2,1.2638889408359926,0.014399999752640724,0.009100000374019146,1242.473388671875,7.30909887352027e-05,0.13807106018066406,0.06067042425274849,0.05271889641880989,0.0002921064442489296
radial,2,1.3124999693698354,0.014399999752640724,0.009449999779462814,1150.0390625,4.347687718109228e-05,0.14789769053459167,0.05443284288048744,0.04782777279615402,0.00019600587256718427
radial,2,1.3518517112566366,0.014399999752640724,0.009733332321047783,1078.49951171875,2.897859667427838e-05,0.15532059967517853,0.04968687891960144,0.04413957893848419,0.0001427739771315828
radial,2,1.391203711844153,0.014399999752640724,0.0100166667252779,1009.4252319335938,1.943515962921083e-05,0.1623413860797882,0.04517354443669319,0.04065211862325668,0.00010401718463981524
radial,2,1.4305557124316692,0.014399999752640724,0.010300001129508018,942.9761962890625,1.3090947504679207e-05,0.16897177696228027,0.04089009016752243,0.03735651820898056,7.568096043542027e-05
radial,2,1.4699074543184705,0.014399999752640724,0.010583333671092987,879.1642456054688,8.842464922054205e-06,0.17522627115249634,0.036830686032772064,0.034243565052747726,5.4925923905102536e-05
radial,2,1.5092591962052717,0.014399999752640724,0.010866666212677956,818.01171875,5.981863068882376e-06,0.18111853301525116,0.03298920765519142,0.03130519762635231,3.972429476561956e-05
radial,2,1.5486110674424305,0.014399999752640724,0.011149999685585499,759.6878051757812,4.052896201756084e-06,0.18665023148059845,0.0293668694794178,0.028539886698126793,2.8632024623220786e-05
radial,2,1.5879629386795893,0.014399999752640724,0.011433333158493042,704.1376342773438,2.748633505689213e-06,0.19184565544128418,0.025949688628315926,0.025935180485248566,2.0553074136842042e-05
radial,2,1.627314809916748,0.014399999752640724,0.011716666631400585,650.8732299804688,1.8581479253043653e-06,0.19676946103572845,0.022696752101182938,0.023458611220121384,1.463326407247223e-05
radial,2,1.6666666811539068,0.014399999752640724,0.012000000104308128,601.0307006835938,1.2600429499798338e-06,0.2013269066810608,0.019672609865665436,0.021158304065465927,1.0382801519881468e-05
radial,2,1.746031792006559,0.014399999752640724,0.012571428902447224,517.751220703125,5.845525947734131e-07,0.2088695913553238,0.0146362679079175,0.017330575734376907,5.234971013123868e-06
radial,2,1.8253967735088534,0.014399999752640724,0.013142856769263744,457.9215393066406,2.968220655930054e-07,0.2142496556043625,0.011010964401066303,0.014577344991266727,2.8330032364465296e-06
radial,2,1.9047618843615055,0.014399999752640724,0.01371428556740284,417.7036437988281,1.7111862860019755e-07,0.2178450971841812,0.008564296178519726,0.012719943188130856,1.7068065290004597e-06
radial,2,1.9841269952141576,0.014399999752640724,0.014285714365541935,391.6834716796875,1.1249768760990264e-07,0.22016021609306335,0.006971420720219612,0.011510899290442467,1.155646714323666e-06
radial,2,2.0634921060668097,0.014399999752640724,0.01485714316368103,374.90997314453125,8.235070936279953e-08,0.22164380550384521,0.0059374189004302025,0.01072606910020113,8.670688202983001e-07
radial,2,2.142857087569104,0.014399999752640724,0.015428571030497551,363.8208923339844,6.485861092642153e-08,0.22261635959148407,0.005249106325209141,0.010203579440712929,7.036741749288922e-07
radial,2,2.2222223277721143,0.014399999752640724,0.01600000075995922,356.2123718261719,5.33826778337243e-08,0.223275825381279,0.004773815628141165,0.00984273012727499,6.0414720337576e-07
radial,2,2.301587309274409,0.014399999752640724,0.01657142862677574,350.7806701660156,4.5005482007809405e-08,0.22373929619789124,0.0044325487688183784,0.009583570994436741,5.395597781898687e-07
radial,2,2.3809522907767033,0.014399999752640724,0.017142856493592262,346.7574768066406,3.8395420176584594e-08,0.22407576441764832,0.004178476519882679,0.009390569292008877,4.953900543114287e-07
radial,2,2.460317530979713,0.014399999752640724,0.017714286223053932,343.67913818359375,3.293940409321294e-08,0.22432701289653778,0.0039831846952438354,0.009242162108421326,4.6384832330659265e-07
radial,2,2.5396825124820075,0.014399999752640724,0.018285714089870453,341.25750732421875,2.8512520344747827e-08,0.22451892495155334,0.0038289260119199753,0.009124885313212872,4.4050810288354114e-07
radial,2,2.619047493984302,0.014399999752640724,0.018857141956686974,339.3096618652344,2.4957236277600714e-08,0.22466805577278137,0.0037043963093310595,0.009030160494148731,4.2274265865671623e-07
radial,2,2.6984127341873116,0.014399999752640724,0.019428571686148643,337.71722412109375,2.2003165511819134e-08,0.22478510439395905,0.0036022551357746124,0.008952419273555279,4.0893118580243026e-07
radial,2,2.777777715689606,0.014399999752640724,0.019999999552965164,336.4119873046875,1.9577386822788867e-08,0.2248765081167221,0.0035182684659957886,0.00888845231384039,3.9811970964365173e-07
radial,2,2.941176450500886,0.014399999752640724,0.021176470443606377,334.3111572265625,1.5947428266827046e-08,0.22501179575920105,0.0033825626596808434,0.008784977719187737,3.8161104498612985e-07
radial,2,3.1045751853121653,0.014399999752640724,0.02235294133424759,332.75653076171875,1.3593696834846014e-08,0.22509756684303284,0.0032816738821566105,0.008707908913493156,3.7018523357801314e-07
radial,2,3.2679739201234446,0.014399999752640724,0.0235294122248888,331.5952453613281,1.1821949641444007e-08,0.22514870762825012,0.003206017427146435,0.008649983443319798,3.6220248489371443e-07
radial,2,3.4313726549347243,0.014399999752640724,0.024705883115530014,330.70758056640625,1.0296704822110314e-08,0.22517594695091248,0.0031479811295866966,0.008605425246059895,3.5650657537189545e-07
radial,2,3.5947711310452886,0.014399999752640724,0.025882352143526077,330.0187072753906,8.919176508470628e-09,0.22518613934516907,0.0031027840450406075,0.00857060868293047,3.5239906992501346e-07
radial,2,3.7581698658565683,0.014399999752640724,0.02705882303416729,329.478271484375,7.640259980234987e-09,0.22518397867679596,0.0030672019347548485,0.008543087169528008,3.4939907322950603e-07
radial,2,3.9215686006678476,0.014399999752640724,0.028235293924808502,329.0515441894531,6.437517185986508e-09,0.2251725196838379,0.003038999857380986,0.008521167561411858,3.471880347660772e-07
radial,2,4.084967335479127,0.014399999752640724,0.029411764815449715,328.7134704589844,5.302539740625889e-09,0.2251540571451187,0.003016553120687604,0.008503616787493229,3.4552806482679443e-07
radial,2,4.248366070290406,0.014399999752640724,0.030588235706090927,328.44500732421875,4.232808326065651e-09,0.2251303493976593,0.002998634707182646,0.00848950445652008,3.4423675288053346e-07
radial,2,4.411764546400971,0.014399999752640724,0.03176470473408699,328.23291015625,3.2273250738512615e-09,0.225102499127388,0.0029843810480087996,0.008478174917399883,3.43199246799486e-07
radial,2,4.575163539912966,0.014399999752640724,0.03294117748737335,328.0661315917969,2.2872108651483813e-09,0.22507154941558838,0.0029730717651546,0.008469082415103912,3.4231106837978587e-07
radial,2,4.73856201602353,0.014399999752640724,0.034117646515369415,327.9363098144531,1.413197447952541e-09,0.22503827512264252,0.0029641599394381046,0.00846181157976389,3.4149766747759713e-07
radial,2,4.901961009535524,0.014399999752640724,0.03529411926865578,327.8374328613281,6.060509316618834e-10,0.22500313818454742,0.00295725604519248,0.008456067182123661,3.4071609888997045e-07
radial,2,5.065359485646089,0.014399999752640724,0.03647058829665184,327.7640380859375,1.0977740938500347e-10,0.22496646642684937,0.002951995702460408,0.008451570756733418,3.3992020576079085e-07
radial,2,5.228757961756654,0.014399999752640724,0.0376470573246479,327.7128601074219,4.6830075990971013e-17,0.22492863237857819,0.002948165638372302,0.008448162116110325,3.391045595435571e-07
radial,2,5.392156955268648,0.014399999752640724,0.038823530077934265,327.68109130859375,4.363007816047287e-17,0.2248908281326294,0.0029455842450261116,0.008445714600384235,3.3825961054390064e-07
radial,2,5.555555431379212,0.014399999752640724,0.03999999910593033,327.66424560546875,4.071368416607221e-17,0.22485339641571045,0.0029439644422382116,0.008444007486104965,3.373619676949602e-07
radial,2,6.166666539178954,0.014399999752640724,0.04439999908208847,327.6912841796875,3.015263253424428e-17,0.22470910847187042,0.0029437262564897537,0.008442063815891743,3.343774324093829e-07
radial,2,6.777777646978697,0.014399999752640724,0.04879999905824661,327.82415771484375,2.0015788899035593e-17,0.22456227242946625,0.0029504045378416777,0.008445437066257,3.3212964467566053e-07
radial,2,7.3888887547784385,0.014399999752640724,0.053199999034404755,328.016845703125,1.38129434652352e-17,0.2244201898574829,0.002961009042337537,0.008451889269053936,3.301298932001373e-07
radial,2,7.99999986257818,0.014399999752640724,0.0575999990105629,328.2410583496094,1.1180356793362709e-17,0.22428415715694427,0.0029736561700701714,0.0084599694237113,3.279902216490882e-07
radial,2,8.611110970377922,0.014399999752640724,0.06199999898672104,328.48187255859375,9.19543351596515e-18,0.22415457665920258,0.002987355925142765,0.008468915708363056,3.255386218370404e-07
radial,2,9.222222078177664,0.014399999752640724,0.06639999896287918,328.7289123535156,8.20931097589067e-18,0.2240317016839981,0.0030014400836080313,0.008478214964270592,3.226645901577285e-07
radial,2,9.833333185977406,0.014399999752640724,0.07079999893903732,328.97613525390625,7.720866614442395e-18,0.22391541302204132,0.003015512367710471,0.008487559854984283,3.1931568855725345e-07
radial,2,10.444444293777147,0.014399999752640724,0.07519999891519547,329.21923828125,7.2824087774107e-18,0.22380556166172028,0.003029297571629286,0.008496735244989395,3.1546338163934706e-07
radial,2,11.05555540157689,0.014399999752640724,0.07959999889135361,329.45599365234375,6.892063487117845e-18,0.2237018197774887,0.00304265390150249,0.008505629375576973,3.111177875325666e-07
radial,2,11.666666509376633,0.014399999752640724,0.08399999886751175,329.68505859375,6.545326331538173e-18,0.22360384464263916,0.0030555021949112415,0.008514180779457092,3.0633495384790876e-07
radial,2,12.277777617176374,0.014399999752640724,0.08839999884366989,329.9060974121094,6.237880668645076e-18,0.22351108491420746,0.003067834535613656,0.008522379212081432,3.01218051390606e-07
radial,2,12.888888724976116,0.014399999752640724,0.09279999881982803,330.1192626953125,5.965453283394106e-18,0.22342315316200256,0.003079671412706375,0.008530239574611187,2.958561537980131e-07
radial,2,13.499999832775858,0.014399999752640724,0.09719999879598618,330.32525634765625,5.724703606881466e-18,0.22333945333957672,0.0030910582281649113,0.008537793532013893,2.903149436406238e-07
radial,2,14.11111197537846,0.014399999752640724,0.10160000622272491,330.52471923828125,5.512719549760664e-18,0.2232595682144165,0.003102043643593788,0.008545076474547386,2.846439599579753e-07
radial,2,14.722222048375341,0.014399999752640724,0.10599999874830246,330.71832275390625,5.326662641759724e-18,0.22318311035633087,0.003112673992291093,0.008552120998501778,2.7889339548892167e-07
radial,2,15.333334190977945,0.014399999752640724,0.1104000061750412,330.9066467285156,5.163452048687192e-18,0.22310979664325714,0.003122982569038868,0.008558952249586582,2.731241295350628e-07
radial,2,15.944444263974827,0.014399999752640724,0.11479999870061874,331.0899963378906,5.019867142828094e-18,0.2230393886566162,0.0031329947523772717,0.008565588854253292,2.6740670477920503e-07
radial,2,16.555554336971706,0.014399999752640724,0.11919999122619629,331.2685852050781,4.892451963583182e-18,0.22297176718711853,0.003142731497064233,0.00857204757630825,2.6182567580690375e-07
radial,2,17.16666647957431,0.014399999752640724,0.12359999865293503,331.4427185058594,4.7777571677981104e-18,0.22290678322315216,0.003152210498228669,0.008578346110880375,2.5647264578765316e-07
radial,2,17.777778622176914,0.014399999752640724,0.12800000607967377,331.6122741699219,4.672761891875836e-18,0.22284436225891113,0.003161442931741476,0.008584492839872837,2.514231596251193e-07
radial,2,18.388889729976654,0.014399999752640724,0.1324000060558319,331.7771911621094,4.575215377369601e-18,0.22278447449207306,0.0031704274006187916,0.008590488694608212,2.467176614118216e-07
radial,2,19.000000837776398,0.014399999752640724,0.13680000603199005,331.9368896484375,4.483371032416001e-18,0.2227272093296051,0.003179139457643032,0.008596316911280155,2.4236948092948296e-07
radial,2,19.611111945576138,0.014399999752640724,0.1412000060081482,332.09088134765625,4.395664244886391e-18,0.22267264127731323,0.003187551163136959,0.008601956069469452,2.383786750215222e-07
radial,2,20.22222305337588,0.014399999752640724,0.14560000598430634,332.23907470703125,4.310439412784746e-18,0.22262072563171387,0.0031956611201167107,0.008607406169176102,2.3474636634546187e-07
radial,2,20.83333416117562,0.014399999752640724,0.15000000596046448,332.38165283203125,4.2259565616925614e-18,0.22257140278816223,0.0032034851610660553,0.00861268024891615,2.3148196248712338e-07
radial,2,21.444445268975365,0.014399999752640724,0.15440000593662262,332.51873779296875,4.140418641729065e-18,0.22252459824085236,0.0032110302709043026,0.008617782033979893,2.2859813952891272e-07
radial,2,22.055556376775108,0.014399999752640724,0.15880000591278076,332.6504211425781,4.052326801624312e-18,0.22248028218746185,0.0032182997092604637,0.008622715249657631,2.2610214500673464e-07
radial,2,22.666667484574848,0.014399999752640724,0.1632000058889389,332.7768249511719,3.960511821582457e-18,0.22243839502334595,0.0032253034878522158,0.008627485483884811,2.2399633792247187e-07
radial,2,23.27777859237459,0.014399999752640724,0.16760000586509705,332.898193359375,3.864310302752234e-18,0.22239887714385986,0.0032320518512278795,0.00863210204988718,2.2227686713449657e-07
radial,2,23.88888970017433,0.014399999752640724,0.1720000058412552,333.0146484375,3.76354026539888e-18,0.22236163914203644,0.00323855085298419,0.008636566810309887,2.2093351503826852e-07
radial,2,24.500000807974075,0.014399999752640724,0.17640000581741333,333.12628173828125,3.658720765356773e-18,0.22232665121555328,0.0032448023557662964,0.00864088162779808,2.199514881340292e-07
radial,2,25.111111915773815,0.014399999752640724,0.18080000579357147,333.2327575683594,3.5510036516288925e-18,0.2222939282655716,0.0032507930882275105,0.00864503439515829,2.1931001015218499e-07
radial,2,25.72222302357356,0.014399999752640724,0.18520000576972961,333.33380126953125,3.4423900809121578e-18,0.22226351499557495,0.003256500232964754,0.00864900927990675,2.1898090096783562e-07
radial,2,26.3333341313733,0.014399999752640724,0.18960000574588776,333.4283447265625,3.335640148115505e-18,0.22223563492298126,0.00326186278834939,0.008652758784592152,2.1892324753025605e-07
radial,2,26.944445239173042,0.014399999752640724,0.1940000057220459,333.51513671875,3.234440597229083e-18,0.22221052646636963,0.0032668057829141617,0.008656228892505169,2.1908456915298302e-07
radial,2,27.555556346972786,0.014399999752640724,0.19840000569820404,333.5917663574219,3.1426272715484535e-18,0.22218872606754303,0.0032711802050471306,0.008659309707581997,2.1939253258551616e-07
radial,2,28.166667454772526,0.014399999752640724,0.20280000567436218,333.6559143066406,3.0655927682820026e-18,0.22217079997062683,0.0032748407684266567,0.008661892265081406,2.1976869390982756e-07
radial,2,28.77777856257227,0.014399999752640724,0.20720000565052032,333.7031555175781,3.008882713051439e-18,0.22215783596038818,0.003277513664215803,0.008663777261972427,2.20110024429232e-07
radial,2,29.38888967037201,0.014399999752640724,0.21160000562667847,333.731201171875,2.9769841470895566e-18,0.22215037047863007,0.0032790503464639187,0.008664852008223534,2.2032872948329896e-07
radial,2,30.000000778171753,0.014399999752640724,0.2160000056028366,337.24951171875,1.1871831808981512e-17,0.22033323347568512,0.0034873727709054947,0.008788240142166615,2.651510726536799e-07
radial,3,0.0,0.02160000056028366,0.0,333.150146484375,0.15437784790992737,0.19136500358581543,0.002892483491450548,0.0031537022441625595,0.0006144686485640705
radial,3,0.062499998926392034,0.02160000056028366,0.00044999999227002263,335.7127685546875,0.1542750895023346,0.19107967615127563,0.003052297979593277,0.0033280549105256796,0.0006484539480879903
radial,3,0.12499999785278407,0.02160000056028366,0.0008999999845400453,344.02972412109375,0.1539447009563446,0.19015800952911377,0.0035683694295585155,0.0038910647854208946,0.0007581830723211169
radial,3,0.18750000486357346,0.02160000056028366,0.0013500000350177288,359.921142578125,0.15332452952861786,0.18841224908828735,0.004545342177152634,0.004956839606165886,0.0009658330236561596
radial,3,0.24999999570556813,0.02160000056028366,0.0017999999690800905,386.94354248046875,0.15229246020317078,0.185471311211586,0.006190038751810789,0.006750764325261116,0.001315116765908897
radial,3,0.31249998654756284,0.02160000056028366,0.0022499999031424522,431.3930358886719,0.15062402188777924,0.18065263330936432,0.008883299306035042,0.009687316603958607,0.0018861042335629463
radial,3,0.3750000097271469,0.02160000056028366,0.0027000000700354576,502.65692138671875,0.1479557454586029,0.17285223305225372,0.01324268989264965,0.014436568133533001,0.002807033248245716
radial,3,0.43750000056914157,0.02160000056028366,0.0031500000040978193,610.879638671875,0.14381247758865356,0.1606530249118805,0.020067717880010605,0.021858124062418938,0.004237809684127569
radial,3,0.49999999141113627,0.02160000056028366,0.003599999938160181,760.1901245117188,0.13783088326454163,0.14308974146842957,0.02993033267557621,0.03253646567463875,0.006269202567636967
radial,3,0.5347222193247743,0.02160000056028366,0.0038499999791383743,872.81005859375,0.13310092687606812,0.12935376167297363,0.037689659744501114,0.040883906185626984,0.007825684733688831
radial,3,0.5752314528864291,0.02160000056028366,0.0041416664607822895,1039.4150390625,0.12572889029979706,0.10840895771980286,0.04964745044708252,0.05360361933708191,0.010112321004271507
radial,3,0.6157407511232628,0.02160000056028366,0.004433333408087492,1232.6932373046875,0.116560198366642,0.08349572122097015,0.06421838700771332,0.06870383024215698,0.012588937766849995
radial,3,0.6562499846849177,0.02160000056028366,0.004724999889731407,1438.83154296875,0.10592423379421234,0.05692158639431,0.08067241311073303,0.08470511436462402,0.014569856226444244
radial,3,0.6967592829217514,0.02160000056028366,0.00501666683703661,1620.0400390625,0.09531711041927338,0.0346304252743721,0.09682687371969223,0.09777870774269104,0.014465538784861565
radial,3,0.7372685164834063,0.02160000056028366,0.005308333318680525,1755.593505859375,0.08559836447238922,0.019879216328263283,0.11055419594049454,0.10606344044208527,0.012178618460893631
radial,3,0.7777777500450611,0.02160000056028366,0.00559999980032444,1856.4942626953125,0.07633247971534729,0.010964194312691689,0.12108204513788223,0.11102492362260818,0.009333829395473003
radial,3,0.8182870482818948,0.02160000056028366,0.0058916667476296425,1935.06689453125,0.06715057045221329,0.005905838217586279,0.1286284327507019,0.11406048387289047,0.0068719456903636456
radial,3,0.8587962818435497,0.02160000056028366,0.006183333229273558,1999.9853515625,0.05788315087556839,0.003311414737254381,0.1337125450372696,0.11604958772659302,0.005139599088579416
radial,3,0.8993055800803834,0.02160000056028366,0.00647500017657876,2056.1767578125,0.048505645245313644,0.0023793827276676893,0.13679291307926178,0.11745009571313858,0.0041948165744543076
radial,3,0.9398148136420382,0.02160000056028366,0.006766666658222675,2104.93212890625,0.03908173739910126,0.002824117662385106,0.13808804750442505,0.11840561777353287,0.004005068447440863
radial,3,0.9803240472036931,0.02160000056028366,0.0070583331398665905,2143.44580078125,0.029765313491225243,0.0048580109141767025,0.13751369714736938,0.11877335608005524,0.00450915889814496
radial,3,1.0208333454405267,0.02160000056028366,0.007350000087171793,2163.577880859375,0.020861579105257988,0.009263972751796246,0.1347222626209259,0.1180524230003357,0.005536755546927452
radial,3,1.0613425790021818,0.02160000056028366,0.007641666568815708,2149.222412109375,0.012964162044227123,0.017606519162654877,0.1291724145412445,0.1151961162686348,0.006619013845920563
radial,3,1.1018518772390153,0.02160000056028366,0.00793333351612091,2073.90185546875,0.007172015495598316,0.0324053019285202,0.12050839513540268,0.10835587978363037,0.006551108788698912
radial,3,1.1423611754758491,0.02160000056028366,0.008225000463426113,1937.7049560546875,0.0037916433066129684,0.052917174994945526,0.10936690121889114,0.09781904518604279,0.005164411850273609
radial,3,1.1828703443623252,0.02160000056028366,0.008516666479408741,1774.033203125,0.001985101029276848,0.07488437741994858,0.0972769483923912,0.08626586198806763,0.0035869053099304438
radial,3,1.2233796425991588,0.02160000056028366,0.008808333426713943,1609.998046875,0.0010471644345670938,0.0953747034072876,0.08560755103826523,0.07547566294670105,0.002345099812373519
radial,3,1.2638889408359926,0.02160000056028366,0.009100000374019146,1460.386962890625,0.0005663959309458733,0.11309830844402313,0.0751817598938942,0.06618782877922058,0.0014997489051893353
radial,3,1.3124999693698354,0.02160000056028366,0.009449999779462814,1307.3099365234375,0.0002809740835800767,0.1304745376110077,0.06467171013355255,0.057143814861774445,0.0008774502202868462
radial,3,1.3518518406069941,0.02160000056028366,0.009733333252370358,1203.1494140625,0.00016661148401908576,0.1418834924697876,0.05761541798710823,0.05124538764357567,0.0005796204786747694
radial,3,1.391203711844153,0.02160000056028366,0.0100166667252779,1112.9207763671875,0.00010236980597255751,0.1514873057603836,0.051586128771305084,0.04630468785762787,0.00039028754690662026
radial,3,1.4305557124316692,0.02160000056028366,0.010300001129508018,1033.7962646484375,6.490752275567502e-05,0.15970641374588013,0.04636497050523758,0.042092736810445786,0.0002678513410501182
radial,3,1.4699074543184705,0.02160000056028366,0.010583333671092987,963.3178100585938,4.229103069519624e-05,0.1668635606765747,0.041775066405534744,0.038435325026512146,0.00018708655261434615
radial,3,1.5092591962052717,0.02160000056028366,0.010866666212677956,899.425048828125,2.8163683964521624e-05,0.17321357131004333,0.03767085075378418,0.035196296870708466,0.0001325717312283814
radial,3,1.5486110674424305,0.02160000056028366,0.011149999685585499,840.7003173828125,1.90920563909458e-05,0.17893069982528687,0.033951181918382645,0.032282840460538864,9.50573812588118e-05
radial,3,1.5879629386795893,0.02160000056028366,0.011433333158493042,786.041748046875,1.3127308193361387e-05,0.18415042757987976,0.030535569414496422,0.02962338551878929,6.877972191432491e-05
radial,3,1.627314809916748,0.02160000056028366,0.011716666631400585,734.339599609375,9.10584185476182e-06,0.18900245428085327,0.02734420821070671,0.027150152251124382,4.998033546144143e-05
radial,3,1.6666666811539068,0.02160000056028366,0.012000000104308128,685.6817016601562,6.380642844305839e-06,0.19348984956741333,0.02437906712293625,0.02486058697104454,3.650321377790533e-05
radial,3,1.746031792006559,0.02160000056028366,0.012571428902447224,599.8870849609375,3.1565598419547314e-06,0.20125812292099,0.019215578213334084,0.020887885242700577,1.9541352230589837e-05
radial,3,1.8253967735088534,0.02160000056028366,0.013142856769263744,531.1824951171875,1.643704536036239e-06,0.20737206935882568,0.015120191499590874,0.017748044803738594,1.0886734344239812e-05
radial,3,1.9047618843615055,0.02160000056028366,0.01371428556740284,478.68206787109375,9.148823778559745e-07,0.21198277175426483,0.012008951976895332,0.015367856249213219,6.414045401470503e-06
radial,3,1.9841269952141576,0.02160000056028366,0.014285714365541935,440.344482421875,5.499690587384976e-07,0.21532008051872253,0.009740464389324188,0.01363467052578926,4.04689217248233e-06
radial,3,2.0634921060668097,0.02160000056028366,0.01485714316368103,413.2252197265625,3.5761934213951463e-07,0.21766555309295654,0.008134011179208755,0.012408273294568062,2.7491332730278373e-06
radial,3,2.142857087569104,0.02160000056028366,0.015428571030497551,394.19683837890625,2.4916221263993066e-07,0.21930235624313354,0.0070038000121712685,0.011545851826667786,2.0012957975268364e-06
radial,3,2.2222223277721143,0.02160000056028366,0.01600000075995922,380.721923828125,1.8340686835927045e-07,0.22045527398586273,0.006200623698532581,0.010933136567473412,1.5464274838450365e-06
radial,3,2.301587309274409,0.02160000056028366,0.01657142862677574,371.0035705566406,1.4067384768168267e-07,0.22128178179264069,0.005619123578071594,0.010489577427506447,1.2553230135381455e-06
radial,3,2.3809522907767033,0.02160000056028366,0.017142856493592262,363.84344482421875,1.1116620868278915e-07,0.22188636660575867,0.005189018324017525,0.010161501355469227,1.060581666934013e-06
radial,3,2.460317530979713,0.02160000056028366,0.017714286223053932,358.447265625,8.974629395197553e-08,0.22233803570270538,0.0048636263236403465,0.009913276880979538,9.251596111425897e-07
radial,3,2.5396825124820075,0.02160000056028366,0.018285714089870453,354.281005859375,7.357660081197537e-08,0.22268304228782654,0.004611470736563206,0.00972088985145092,8.275760592368897e-07
radial,3,2.619047493984302,0.02160000056028366,0.018857141956686974,350.98785400390625,6.103841343474414e-08,0.22295233607292175,0.004411448258906603,0.00956824142485857,7.549982683485723e-07
radial,3,2.6984127341873116,0.02160000056028366,0.019428571686148643,348.32733154296875,5.114812395845547e-08,0.22316670417785645,0.004249299876391888,0.009444460272789001,6.995082912908401e-07
radial,3,2.777777715689606,0.02160000056028366,0.019999999552965164,346.16754150390625,4.349517013224613e-08,0.2233378142118454,0.004117224365472794,0.00934359896928072,6.566641559402342e-07
radial,3,2.9411761918001704,0.02160000056028366,0.021176468580961227,342.73626708984375,3.2183454123924093e-08,0.22360186278820038,0.003906444646418095,0.009182531386613846,5.927116717430181e-07
radial,3,3.1045751853121653,0.02160000056028366,0.02235294133424759,340.2201843261719,2.4314433133554303e-08,0.22378575801849365,0.00375096732750535,0.009063594043254852,5.494853212439921e-07
radial,3,3.2679739201234446,0.02160000056028366,0.0235294122248888,338.3382263183594,1.9113949534244057e-08,0.2239144742488861,0.0036340346559882164,0.008974021300673485,5.19314141911309e-07
radial,3,3.4313726549347243,0.02160000056028366,0.024705883115530014,336.88916015625,1.5677292353188932e-08,0.22400541603565216,0.0035435198806226254,0.008904572576284409,4.97369342156162e-07
radial,3,3.5947711310452886,0.02160000056028366,0.025882352143526077,335.75030517578125,1.2855510433951167e-08,0.2240692377090454,0.0034720159601420164,0.008849604055285454,4.80873609376431e-07
radial,3,3.7581698658565683,0.02160000056028366,0.02705882303416729,334.83978271484375,1.0453000243160204e-08,0.22411319613456726,0.003414556384086609,0.008805330842733383,4.6805791953374865e-07
radial,3,3.9215686006678476,0.02160000056028366,0.028235293924808502,334.10198974609375,8.35677482768915e-09,0.2241421937942505,0.003367757424712181,0.00876917690038681,4.577758261348208e-07
radial,3,4.084967076778412,0.02160000056028366,0.029411762952804565,333.4981689453125,6.498322768777598e-09,0.22415956854820251,0.0033292570151388645,0.008739343844354153,4.4926832742930856e-07
radial,3,4.248366070290406,0.02160000056028366,0.030588235706090927,333.0,4.8336330493725654e-09,0.22416792809963226,0.003297320567071438,0.008714509196579456,4.420157324602769e-07
radial,3,4.411764546400971,0.02160000056028366,0.03176470473408699,332.5864562988281,3.331722675525839e-09,0.22416913509368896,0.0032706584315747023,0.008693692274391651,4.3566703311626043e-07
radial,3,4.575163539912966,0.02160000056028366,0.03294117748737335,332.2418212890625,1.9725152622385167e-09,0.22416456043720245,0.003248297143727541,0.008676152676343918,4.2997521632059943e-07
radial,3,4.73856201602353,0.02160000056028366,0.034117646515369415,331.9535217285156,7.403013757567578e-10,0.22415538132190704,0.0032294592820107937,0.008661296218633652,4.2475971895328257e-07
radial,3,4.901961009535524,0.02160000056028366,0.03529411926865578,331.7121276855469,7.702732895964459e-11,0.22414247691631317,0.0032135634683072567,0.00864868238568306,4.199074794541957e-07
radial,3,5.065359485646089,0.02160000056028366,0.03647058829665184,331.509521484375,8.420161299263907e-17,0.22412638366222382,0.0032000942155718803,0.00863791722804308,4.15314701740499e-07
radial,3,5.228757961756654,0.02160000056028366,0.0376470573246479,331.3398132324219,7.711472655097876e-17,0.22410783171653748,0.0031886883080005646,0.008628725074231625,4.1091334423981607e-07
radial,3,5.392156955268648,0.02160000056028366,0.038823530077934265,331.20147705078125,7.066459712741686e-17,0.224087655544281,0.0031792628578841686,0.008621051907539368,4.067077838953992e-07
radial,3,5.555555431379212,0.02160000056028366,0.03999999910593033,331.09027099609375,6.488163188127084e-17,0.22406595945358276,0.0031715561635792255,0.008614698424935341,4.026770454856887e-07
radial,3,6.166666539178954,0.02160000056028366,0.04439999908208847,330.8171081542969,4.596770711515998e-17,0.22397343814373016,0.003151697339490056,0.008597777225077152,3.8997208662294724e-07
radial,3,6.777777646978697,0.02160000056028366,0.04879999905824661,330.713134765625,2.993084886840656e-17,0.2238699197769165,0.003142576664686203,0.008589104749262333,3.808911799296766e-07
radial,3,7.3888887547784385,0.02160000056028366,0.053199999034404755,330.7200927734375,1.8744074807851668e-17,0.22376354038715363,0.003140597138553858,0.00858597457408905,3.7396426932900795e-07
radial,3,7.99999986257818,0.02160000056028366,0.0575999990105629,330.79534912109375,1.3226503016617768e-17,0.2236572802066803,0.003143022069707513,0.008586276322603226,3.679324152017216e-07
radial,3,8.611110970377922,0.02160000056028366,0.06199999898672104,330.9144592285156,1.0293673770626292e-17,0.22355258464813232,0.0031482912600040436,0.008588810451328754,3.6225193866812333e-07
radial,3,9.222222078177664,0.02160000056028366,0.06639999896287918,331.060791015625,8.677180873962914e-18,0.22345072031021118,0.0031553376466035843,0.008592754602432251,3.5665073028212646e-07
radial,3,9.833333185977406,0.02160000056028366,0.07079999893903732,331.22393798828125,8.086962691487952e-18,0.22335217893123627,0.003163487883284688,0.008597590029239655,3.509607040541596e-07
radial,3,10.444444293777147,0.02160000056028366,0.07519999891519547,331.39697265625,7.574714553552239e-18,0.22325721383094788,0.0031722914427518845,0.00860296655446291,3.4502207313380495e-07
radial,3,11.05555540157689,0.02160000056028366,0.07959999889135361,331.5759582519531,7.133157270765307e-18,0.22316575050354004,0.0031814801041036844,0.00860867090523243,3.38682127676293e-07
radial,3,11.666666509376633,0.02160000056028366,0.08399999886751175,331.7581787109375,6.753176139957435e-18,0.22307755053043365,0.0031908880919218063,0.008614571765065193,3.319333075069153e-07
radial,3,12.277777617176374,0.02160000056028366,0.08839999884366989,331.9416809082031,6.42072480714686e-18,0.22299246490001678,0.0032004108652472496,0.008620594628155231,3.2505005265193176e-07
radial,3,12.888888724976116,0.02160000056028366,0.09279999881982803,332.1250305175781,6.1267150389434624e-18,0.2229103147983551,0.0032099774107337,0.008626687340438366,3.1817953072277305e-07
radial,3,13.499999832775858,0.02160000056028366,0.09719999879598618,332.3079833984375,5.867876990385819e-18,0.22283083200454712,0.0032195630483329296,0.008632827550172806,3.112921547199221e-07
radial,3,14.1111109405756,0.02160000056028366,0.10159999877214432,332.4903869628906,5.641141821401359e-18,0.22275376319885254,0.0032291552051901817,0.008639002218842506,3.043939784674876e-07
radial,3,14.722222048375341,0.02160000056028366,0.10599999874830246,332.67205810546875,5.443848491959499e-18,0.22267892956733704,0.0032387380488216877,0.008645197376608849,2.974836093017075e-07
radial,3,15.333333156175083,0.02160000056028366,0.1103999987244606,332.8529052734375,5.272716817341159e-18,0.22260619699954987,0.0032483001705259085,0.008651403710246086,2.9059904704809014e-07
radial,3,15.944444263974827,0.02160000056028366,0.11479999870061874,333.03277587890625,5.124402919920095e-18,0.22253546118736267,0.0032578296959400177,0.008657610043883324,2.837971351254964e-07
radial,3,16.555554336971706,0.02160000056028366,0.11919999122619629,333.21142578125,4.995103009649481e-18,0.22246675193309784,0.0032673105597496033,0.00866380799561739,2.7716754402717925e-07
radial,3,17.16666751437717,0.02160000056028366,0.12360000610351562,333.3880920410156,4.878930455700084e-18,0.22240014374256134,0.0032767094671726227,0.008669978007674217,2.7090325716017105e-07
radial,3,17.777778622176914,0.02160000056028366,0.12800000607967377,333.56158447265625,4.770824153493997e-18,0.22233593463897705,0.0032859635539352894,0.008676080964505672,2.6516011075727874e-07
radial,3,18.388889729976654,0.02160000056028366,0.1324000060558319,333.73101806640625,4.66926250429443e-18,0.22227418422698975,0.003295025322586298,0.008682082407176495,2.5993830377046834e-07
radial,3,19.000000837776398,0.02160000056028366,0.13680000603199005,333.8961486816406,4.5736573826858575e-18,0.2222149521112442,0.0033038838300853968,0.008687971159815788,2.5519324253764353e-07
radial,3,19.611111945576138,0.02160000056028366,0.1412000060081482,334.05682373046875,4.483416527349691e-18,0.22215816378593445,0.0033125339541584253,0.00869374256581068,2.5087297217396554e-07
radial,3,20.22222305337588,0.02160000056028366,0.14560000598430634,334.2130432128906,4.397398015450302e-18,0.22210374474525452,0.0033209770917892456,0.008699394762516022,2.4693991917956737e-07
radial,3,20.83333416117562,0.02160000056028366,0.15000000596046448,334.36468505859375,4.313218326052618e-18,0.2220516800880432,0.003329206258058548,0.008704924955964088,2.434118187011336e-07
radial,3,21.444445268975365,0.02160000056028366,0.15440000593662262,334.511474609375,4.227924010779519e-18,0.2220020741224289,0.0033372067846357822,0.00871032290160656,2.403343728474283e-07
radial,3,22.055556376775108,0.02160000056028366,0.15880000591278076,334.6533203125,4.139614622173664e-18,0.22195491194725037,0.003344971686601639,0.008715586736798286,2.3771768553615402e-07
radial,3,22.666667484574848,0.02160000056028366,0.1632000058889389,334.7902526855469,4.04691538605699e-18,0.22191014885902405,0.0033525023609399796,0.008720715530216694,2.3556218309295218e-07
radial,3,23.27777859237459,0.02160000056028366,0.16760000586509705,334.92218017578125,3.948938737632228e-18,0.22186782956123352,0.003359787631779909,0.00872570089995861,2.338628348752536e-07
radial,3,23.88888970017433,0.02160000056028366,0.1720000058412552,335.048828125,3.845487394323283e-18,0.22182799875736237,0.003366805613040924,0.008730527944862843,2.3259545400833304e-07
radial,3,24.500000807974075,0.02160000056028366,0.17640000581741333,335.16943359375,3.737016719057367e-18,0.22179077565670013,0.003373514860868454,0.008735163137316704,2.3172874819010758e-07
radial,3,25.111111915773815,0.02160000056028366,0.18080000579357147,335.283203125,3.6245201557501554e-18,0.22175633907318115,0.003379862057045102,0.00873956736177206,2.3123357095755637e-07
radial,3,25.72222302357356,0.02160000056028366,0.18520000576972961,335.3889465332031,3.5098754043921434e-18,0.2217249721288681,0.00338577339425683,0.008743684738874435,2.310716951114955e-07
radial,3,26.3333341313733,0.02160000056028366,0.18960000574588776,335.485107421875,3.395725100245285e-18,0.22169697284698486,0.0033911538776010275,0.008747443556785583,2.3118725778203952e-07
radial,3,26.944445239173042,0.02160000056028366,0.1940000057220459,335.57012939453125,3.2856786459124553e-18,0.2216726839542389,0.00339590385556221,0.00875076837837696,2.315062772595411e-07
radial,3,27.555556346972786,0.02160000056028366,0.19840000569820404,335.6413879394531,3.1836072466604025e-18,0.22165265679359436,0.0033998736180365086,0.008753550238907337,2.319465863820369e-07
radial,3,28.166667454772526,0.02160000056028366,0.20280000567436218,335.69732666015625,3.0964315090840515e-18,0.22163721919059753,0.0034029644448310137,0.008755714632570744,2.3242816382662568e-07
radial,3,28.77777856257227,0.02160000056028366,0.20720000565052032,335.7354736328125,3.031969530742947e-18,0.221626877784729,0.003405028721317649,0.008757153525948524,2.3284404448986606e-07
radial,3,29.38888967037201,0.02160000056028366,0.21160000562667847,335.7562255859375,2.9946680278150215e-18,0.22162136435508728,0.003406098112463951,0.008757886476814747,2.3307501351155224e-07
radial,3,30.000000778171753,0.02160000056028366,0.2160000056028366,339.33953857421875,1.1933288019771752e-17,0.21975906193256378,0.003616358619183302,0.008881507441401482,2.7935627144870523e-07
radial,15,0.0,0.1080000028014183,0.0,1621.507080078125,0.10545916855335236,0.013863836415112019,0.10892803966999054,0.10783413052558899,0.014500136487185955
radial,15,0.062499998926392034,0.1080000028014183,0.00044999999227002263,1623.9051513671875,0.10534507036209106,0.01363196037709713,0.1092241108417511,0.10793931782245636,0.014392292127013206
radial,15,0.12499999785278407,0.1080000028014183,0.0008999999845400453,1630.927001953125,0.1049974337220192,0.012961859814822674,0.11009417474269867,0.1082426980137825,0.01407056674361229
radial,15,0.18750000486357346,0.1080000028014183,0.0013500000350177288,1642.137939453125,0.10439644753932953,0.011921935714781284,0.11148975789546967,0.10871244966983795,0.01354023814201355
radial,15,0.24999999570556813,0.1080000028014183,0.0017999999690800905,1657.093017578125,0.10349419713020325,0.010599261149764061,0.11335289478302002,0.1093110516667366,0.012807467952370644
radial,15,0.31249998654756284,0.1080000028014183,0.0022499999031424522,1675.510009765625,0.10220305621623993,0.009084807708859444,0.11562271416187286,0.11000588536262512,0.011883165687322617
radial,15,0.3750000097271469,0.1080000028014183,0.0027000000700354576,1697.322021484375,0.10038986802101135,0.007472824305295944,0.11822281032800674,0.110773965716362,0.010794537141919136
radial,15,0.4374999682315522,0.1080000028014183,0.0031499997712671757,1722.776123046875,0.09786837548017502,0.00585717661306262,0.1210557147860527,0.11160716414451599,0.009592525660991669
radial,15,0.49999999141113627,0.1080000028014183,0.003599999938160181,1752.0936279296875,0.09445109963417053,0.0043458277359604836,0.12397024035453796,0.11250143498182297,0.008365023881196976
radial,15,0.5347222193247743,0.1080000028014183,0.0038499999791383743,1769.751708984375,0.09217001497745514,0.003602985292673111,0.12553273141384125,0.11301137506961823,0.007719826884567738
radial,15,0.5752314528864291,0.1080000028014183,0.0041416664607822895,1790.8614501953125,0.08926205337047577,0.00286752893589437,0.12721124291419983,0.11359449476003647,0.00704273022711277
radial,15,0.6157407511232628,0.1080000028014183,0.004433333408087492,1812.3544921875,0.08613015711307526,0.0022673355415463448,0.128733828663826,0.11416193097829819,0.006445696111768484
radial,15,0.6562499846849177,0.1080000028014183,0.004724999889731407,1834.131103515625,0.08282432705163956,0.0017885753186419606,0.13010956346988678,0.11471226811408997,0.0059227105230093
radial,15,0.6967592829217514,0.1080000028014183,0.00501666683703661,1855.922607421875,0.07941986620426178,0.0014183870516717434,0.13134124875068665,0.11524061858654022,0.00546977948397398
radial,15,0.7372685164834063,0.1080000028014183,0.005308333318680525,1877.543701171875,0.0759769082069397,0.0011405972763895988,0.13244003057479858,0.11574490368366241,0.0050795236602425575
radial,15,0.7777777500450611,0.1080000028014183,0.00559999980032444,1898.88427734375,0.0725381001830101,0.0009394154185429215,0.1334204375743866,0.11622487008571625,0.004743560682982206
radial,15,0.8182870482818948,0.1080000028014183,0.0058916667476296425,1919.885498046875,0.06913121789693832,0.0008015441708266735,0.1342967003583908,0.11668124794960022,0.004454151727259159
radial,15,0.8587962818435497,0.1080000028014183,0.006183333229273558,1940.516357421875,0.0657733902335167,0.0007169181481003761,0.13508063554763794,0.11711492389440536,0.004204990342259407
radial,15,0.8993055800803834,0.1080000028014183,0.00647500017657876,1960.757080078125,0.062474582344293594,0.0006786771700717509,0.13578101992607117,0.11752662062644958,0.003991429693996906
radial,15,0.9398148136420382,0.1080000028014183,0.006766666658222675,1980.58935546875,0.05924011766910553,0.0006828546756878495,0.136403426527977,0.11791667342185974,0.003810437396168709
radial,15,0.9803241118788719,0.1080000028014183,0.007058333605527878,1999.989990234375,0.05607234686613083,0.000728044135030359,0.13695034384727478,0.11828489601612091,0.0036604702472686768
radial,15,1.0208333454405267,0.1080000028014183,0.007350000087171793,2018.9267578125,0.052971817553043365,0.0008151466608978808,0.1374213993549347,0.11863063275814056,0.003541370388120413
radial,15,1.0613425790021818,0.1080000028014183,0.007641666568815708,2037.353271484375,0.049938127398490906,0.000947226770222187,0.13781334459781647,0.11895254254341125,0.003454304998740554
radial,15,1.1018518772390153,0.1080000028014183,0.00793333351612091,2055.20751953125,0.046970516443252563,0.0011294807773083448,0.13812002539634705,0.11924869567155838,0.003401760943233967
radial,15,1.1423611754758491,0.1080000028014183,0.008225000463426113,2072.40673828125,0.04406797140836716,0.0013693402288481593,0.13833223283290863,0.11951636523008347,0.00338759645819664
radial,15,1.1828703443623252,0.1080000028014183,0.008516666479408741,2088.850341796875,0.04122879356145859,0.0016767634078860283,0.1384374350309372,0.11975207924842834,0.003417180385440588
radial,15,1.2233796425991588,0.1080000028014183,0.008808333426713943,2104.404052734375,0.038452260196208954,0.0020644175820052624,0.13841921091079712,0.11995130032300949,0.003497582394629717
radial,15,1.2638889408359926,0.1080000028014183,0.009100000374019146,2118.90234375,0.03574521094560623,0.0025439858436584473,0.13826599717140198,0.12010791897773743,0.003631781553849578
radial,15,1.3124999693698354,0.1080000028014183,0.009449999779462814,2134.7119140625,0.03259378299117088,0.00325561361387372,0.13790158927440643,0.12022939324378967,0.0038577027153223753
radial,15,1.3518518406069941,0.1080000028014183,0.009733333252370358,2146.173095703125,0.030111275613307953,0.00395546667277813,0.1374603807926178,0.12026616930961609,0.004086876288056374
radial,15,1.391203711844153,0.1080000028014183,0.0100166667252779,2156.3212890625,0.027687594294548035,0.004783283919095993,0.13688431680202484,0.12023738026618958,0.004351792857050896
radial,15,1.4305555830813117,0.1080000028014183,0.010300000198185444,2164.95654296875,0.025331411510705948,0.005754532292485237,0.13617002964019775,0.120131716132164,0.004646061919629574
radial,15,1.4699074543184705,0.1080000028014183,0.010583333671092987,2171.8740234375,0.023048974573612213,0.006888140924274921,0.13531282544136047,0.11993620544672012,0.0049627600237727165
radial,15,1.5092591962052717,0.1080000028014183,0.010866666212677956,2176.845947265625,0.020846132189035416,0.008206373080611229,0.13430702686309814,0.1196359172463417,0.00529396440833807
radial,15,1.5486110674424305,0.1080000028014183,0.011149999685585499,2179.60986328125,0.01872924715280533,0.009735247120261192,0.13314612209796906,0.11921343207359314,0.0056303273886442184
radial,15,1.5879629386795893,0.1080000028014183,0.011433333158493042,2179.86279296875,0.016698971390724182,0.011511193588376045,0.1318184733390808,0.11864636093378067,0.005961655173450708
radial,15,1.627314809916748,0.1080000028014183,0.011716666631400585,2177.212890625,0.014748875983059406,0.013588330708444118,0.13030308485031128,0.11790350079536438,0.006276451516896486
radial,15,1.6666666811539068,0.1080000028014183,0.012000000104308128,2171.228515625,0.012902841903269291,0.015997035428881645,0.12860092520713806,0.11695969849824905,0.006555010564625263
radial,15,1.746031792006559,0.1080000028014183,0.012571428902447224,2147.43359375,0.009651388972997665,0.021928295493125916,0.12467562407255173,0.11435604095458984,0.006892571225762367
radial,15,1.8253967735088534,0.1080000028014183,0.013142856769263744,2105.13525390625,0.007109181955456734,0.029578261077404022,0.12009434401988983,0.1106143593788147,0.006770603824406862
radial,15,1.9047618843615055,0.1080000028014183,0.01371428556740284,2044.67431640625,0.005220068618655205,0.0388510636985302,0.11489608883857727,0.1058080792427063,0.0062189856544137
radial,15,1.9841268658638,0.1080000028014183,0.01428571343421936,1970.903564453125,0.0038245883770287037,0.04913584887981415,0.1092173308134079,0.10034847259521484,0.005470229312777519
radial,15,2.0634921060668097,0.1080000028014183,0.01485714316368103,1888.0068359375,0.0027972930110991,0.05995120108127594,0.10320930182933807,0.09454582631587982,0.00466928631067276
radial,15,2.142857087569104,0.1080000028014183,0.015428571030497551,1799.279052734375,0.0020425375550985336,0.0709504783153534,0.09700915217399597,0.08861774206161499,0.0038980436511337757
radial,15,2.2222223277721143,0.1080000028014183,0.01600000075995922,1707.2255859375,0.0014885654672980309,0.08189497888088226,0.09073039889335632,0.08271057903766632,0.003197969403117895
radial,15,2.301587309274409,0.1080000028014183,0.01657142862677574,1613.7235107421875,0.001082244561985135,0.09262467920780182,0.08446303009986877,0.07691995054483414,0.0025860504247248173
radial,15,2.3809522907767033,0.1080000028014183,0.017142856493592262,1520.2115478515625,0.0007845705840736628,0.10303063690662384,0.07827910780906677,0.0713089182972908,0.0020653654355555773
radial,15,2.460317530979713,0.1080000028014183,0.017714286223053932,1427.906494140625,0.0005671181133948267,0.11302834749221802,0.07224234938621521,0.06592433154582977,0.0016318350099027157
radial,15,2.5396825124820075,0.1080000028014183,0.018285714089870453,1337.9373779296875,0.0004091360606253147,0.12254416942596436,0.06641285866498947,0.06080549210309982,0.0012779233511537313
radial,15,2.619047493984302,0.1080000028014183,0.018857141956686974,1250.8690185546875,0.0002947984030470252,0.13156163692474365,0.0608161985874176,0.05595998466014862,0.0009930916130542755
radial,15,2.6984127341873116,0.1080000028014183,0.019428571686148643,1166.1220703125,0.00021161214681342244,0.1401749700307846,0.05540754646062851,0.0513356551527977,0.0007642839336767793
radial,15,2.777777715689606,0.1080000028014183,0.019999999552965164,1083.6490478515625,0.00015126938524190336,0.1483953446149826,0.050192151218652725,0.04692485183477402,0.0005819862708449364
radial,15,2.941176450500886,0.1080000028014183,0.021176470443606377,928.21923828125,7.392895349767059e-05,0.16355827450752258,0.04045208543539047,0.03878956288099289,0.00032241459120996296
radial,15,3.1045751853121653,0.1080000028014183,0.02235294133424759,794.886474609375,3.595396992750466e-05,0.17627175152301788,0.03216593340039253,0.03196191042661667,0.000175277644302696
radial,15,3.2679739201234446,0.1080000028014183,0.0235294122248888,683.303955078125,1.751563286234159e-05,0.1867092251777649,0.02528356947004795,0.02634318731725216,9.425861208001152e-05
radial,15,3.4313726549347243,0.1080000028014183,0.024705883115530014,594.5960693359375,8.72343844093848e-06,0.19491402804851532,0.01982029899954796,0.021909870207309723,5.1144103053957224e-05
radial,15,3.5947711310452886,0.1080000028014183,0.025882352143526077,528.703125,4.588038791553117e-06,0.20097854733467102,0.015746545046567917,0.018616532906889915,2.8878039302071556e-05
radial,15,3.7581698658565683,0.1080000028014183,0.02705882303416729,482.77325439453125,2.6221518965030555e-06,0.20519904792308807,0.012887155637145042,0.016310036182403564,1.745602276059799e-05
radial,15,3.9215686006678476,0.1080000028014183,0.028235293924808502,452.00799560546875,1.6466512988699833e-06,0.20802362263202667,0.010956286452710629,0.014754400588572025,1.1446063581388444e-05
radial,15,4.084967335479127,0.1080000028014183,0.029411764815449715,431.5347900390625,1.127925770560978e-06,0.20990000665187836,0.009660907089710236,0.013711359351873398,8.109849659376778e-06
radial,15,4.248366070290406,0.1080000028014183,0.030588235706090927,417.6259460449219,8.291470408039459e-07,0.21117037534713745,0.008774127811193466,0.012997448444366455,6.128462700871751e-06
radial,15,4.411764546400971,0.1080000028014183,0.03176470473408699,407.82769775390625,6.429839913835167e-07,0.21206045150756836,0.008145011961460114,0.012490930035710335,4.866985364060383e-06
radial,15,4.575163539912966,0.1080000028014183,0.03294117748737335,400.64007568359375,5.185873988011735e-07,0.21270854771137238,0.00768051203340292,0.012116851285099983,4.0112240640155505e-06
radial,15,4.73856201602353,0.1080000028014183,0.034117646515369415,395.17254638671875,4.3061231735919137e-07,0.2131969928741455,0.007325042970478535,0.011830464005470276,3.399601609999081e-06
radial,15,4.901961009535524,0.1080000028014183,0.03529411926865578,390.88427734375,3.6553433346853126e-07,0.2135758250951767,0.007044662721455097,0.011604459956288338,2.943843128377921e-06
radial,15,5.065359485646089,0.1080000028014183,0.03647058829665184,387.4332580566406,3.1562470326207404e-07,0.21387672424316406,0.006817813962697983,0.011421497911214828,2.5925955924321897e-06
radial,15,5.228757961756654,0.1080000028014183,0.0376470573246479,384.5997314453125,2.762629947028472e-07,0.21412014961242676,0.00663059763610363,0.011270398274064064,2.31478088608128e-06
radial,15,5.392156955268648,0.1080000028014183,0.038823530077934265,382.22930908203125,2.4443539814456017e-07,0.2143203765153885,0.006473200395703316,0.011143270879983902,2.089916279146564e-06
radial,15,5.555555431379212,0.1080000028014183,0.03999999910593033,380.270263671875,2.1885195167214988e-07,0.2144828885793686,0.006342428736388683,0.011037563905119896,1.9092053662461694e-06
radial,15,6.166666539178954,0.1080000028014183,0.04439999908208847,374.9036865234375,1.515000889185103e-07,0.21490806341171265,0.005980520509183407,0.010744455270469189,1.4328329598356504e-06
radial,15,6.777777646978697,0.1080000028014183,0.04879999905824661,371.4166259765625,1.1006297029325651e-07,0.2151561826467514,0.0057411640882492065,0.010549822822213173,1.1397228263376746e-06
radial,15,7.3888887547784385,0.1080000028014183,0.053199999034404755,369.0704650878906,8.284708030714683e-08,0.21529921889305115,0.005577127914875746,0.010415783151984215,9.490001957601635e-07
radial,15,7.99999986257818,0.1080000028014183,0.0575999990105629,367.40447998046875,6.354818538056861e-08,0.2153799831867218,0.005458303727209568,0.010318124666810036,8.157614956871839e-07
radial,15,8.611110970377922,0.1080000028014183,0.06199999898672104,366.1749267578125,4.910137718638907e-08,0.21542103588581085,0.005368657410144806,0.010243949480354786,7.176038252509898e-07
radial,15,9.222222078177664,0.1080000028014183,0.06639999896287918,365.2467041015625,3.792488456610954e-08,0.21543502807617188,0.005299289245158434,0.010186104103922844,6.42623263047426e-07
radial,15,9.833333185977406,0.1080000028014183,0.07079999893903732,364.53497314453125,2.9115486910313848e-08,0.21542994678020477,0.005244576372206211,0.0101400688290596,5.836635637024301e-07
radial,15,10.444444293777147,0.1080000028014183,0.07519999891519547,363.984130859375,2.215805494643064e-08,0.2154112011194229,0.005200840067118406,0.010102891363203526,5.362661568142357e-07
radial,15,11.05555540157689,0.1080000028014183,0.07959999889135361,363.555908203125,1.6719910789220194e-08,0.2153826355934143,0.005165537819266319,0.01007253397256136,4.974846206096117e-07
radial,15,11.666666509376633,0.1080000028014183,0.08399999886751175,363.2227783203125,1.2643919689026006e-08,0.21534694731235504,0.0051368409767746925,0.010047530755400658,4.652661118598189e-07
radial,15,12.277777617176374,0.1080000028014183,0.08839999884366989,362.96441650390625,9.60370805103139e-09,0.2153060883283615,0.005113387014716864,0.010026789270341396,4.381396365715773e-07
radial,15,12.888888724976116,0.1080000028014183,0.09279999881982803,362.7655029296875,7.153689196570667e-09,0.21526159346103668,0.0050941454246640205,0.010009481571614742,4.1503852798996377e-07
radial,15,13.499999832775858,0.1080000028014183,0.09719999879598618,362.61419677734375,5.113557577374195e-09,0.21521461009979248,0.005078325048089027,0.009994975291192532,3.9517601635452593e-07
radial,15,14.1111109405756,0.1080000028014183,0.10159999877214432,362.50140380859375,3.4130196446824357e-09,0.2151661217212677,0.0050653074868023396,0.009982775896787643,3.779640564971487e-07
radial,15,14.722222048375341,0.1080000028014183,0.10599999874830246,362.4197082519531,1.9956865049408634e-09,0.21511684358119965,0.005054601933807135,0.00997249037027359,3.6295716654421994e-07
radial,15,15.333333156175083,0.1080000028014183,0.1103999987244606,362.36334228515625,9.249740418049157e-10,0.21506740152835846,0.00504581443965435,0.009963804855942726,3.498137175483862e-07
radial,15,15.944444263974827,0.1080000028014183,0.11479999870061874,362.3275146484375,3.001566217797347e-10,0.21501828730106354,0.005038625095039606,0.009956464171409607,3.3826887602117495e-07
radial,15,16.555555371774567,0.1080000028014183,0.11919999867677689,362.3084411621094,5.093726135330101e-11,0.2149699330329895,0.0050327712669968605,0.009950259700417519,3.281139129285293e-07
radial,15,17.16666647957431,0.1080000028014183,0.12359999865293503,362.3028564453125,1.176479926992858e-16,0.214922696352005,0.005028035957366228,0.009945018216967583,3.1918108334139106e-07
radial,15,17.777778622176914,0.1080000028014183,0.12800000607967377,362.30810546875,8.926109960526662e-17,0.21487683057785034,0.005024238023906946,0.009940595366060734,3.1133390621107537e-07
radial,15,18.388889729976654,0.1080000028014183,0.1324000060558319,362.322021484375,7.18865745027292e-17,0.2148326188325882,0.005021226592361927,0.009936871938407421,3.0445897891695495e-07
radial,15,19.000000837776398,0.1080000028014183,0.13680000603199005,362.3426513671875,5.91546502189824e-17,0.2147902399301529,0.005018874071538448,0.009933745488524437,2.984616287449171e-07
radial,15,19.611111945576138,0.1080000028014183,0.1412000060081482,362.3685302734375,4.907364458384349e-17,0.21474985778331757,0.005017071962356567,0.009931130334734917,2.9326238859539444e-07
radial,15,20.22222305337588,0.1080000028014183,0.14560000598430634,362.3983154296875,4.010994819802691e-17,0.21471160650253296,0.0050157299265265465,0.009928952902555466,2.8879395586045575e-07
radial,15,20.83333416117562,0.1080000028014183,0.15000000596046448,362.430908203125,3.264893789147621e-17,0.21467559039592743,0.005014771595597267,0.009927152656018734,2.8499894710876106e-07
radial,15,21.444445268975365,0.1080000028014183,0.15440000593662262,362.46539306640625,2.685126868276144e-17,0.21464189887046814,0.005014132708311081,0.009925678372383118,2.818279654093203e-07
radial,15,22.055556376775108,0.1080000028014183,0.15880000591278076,362.50091552734375,2.2676521218430813e-17,0.21461059153079987,0.00501375924795866,0.00992448627948761,2.7923820766773133e-07
radial,15,22.666667484574848,0.1080000028014183,0.1632000058889389,362.5369567871094,1.9873110169537546e-17,0.214581698179245,0.005013605579733849,0.009923539124429226,2.771929246137006e-07
radial,15,23.27777859237459,0.1080000028014183,0.16760000586509705,362.5729064941406,1.7671229825176516e-17,0.21455523371696472,0.005013634916394949,0.009922807104885578,2.7566122184907726e-07
radial,15,23.88888970017433,0.1080000028014183,0.1720000058412552,362.60833740234375,1.572867391157331e-17,0.21453124284744263,0.0050138141959905624,0.009922263212502003,2.746182872215286e-07
radial,15,24.500000807974075,0.1080000028014183,0.17640000581741333,362.642822265625,1.3939048803980134e-17,0.21450969576835632,0.005014116410166025,0.009921884164214134,2.740455329330871e-07
radial,15,25.111111915773815,0.1080000028014183,0.18080000579357147,362.676025390625,1.227581027654016e-17,0.214490607380867,0.005014518275856972,0.00992165319621563,2.739282365382678e-07
radial,15,25.72222302357356,0.1080000028014183,0.18520000576972961,362.70770263671875,1.0717144749319751e-17,0.2144739329814911,0.0050150007009506226,0.009921552613377571,2.74250368192952e-07
radial,15,26.3333341313733,0.1080000028014183,0.18960000574588776,362.737548828125,9.251030806476676e-18,0.21445965766906738,0.005015546455979347,0.009921569377183914,2.749824830061698e-07
radial,15,26.944445239173042,0.1080000028014183,0.1940000057220459,362.76519775390625,7.880932680416307e-18,0.21444767713546753,0.005016134586185217,0.009921684861183167,2.760624511211063e-07
radial,15,27.555556346972786,0.1080000028014183,0.19840000569820404,362.7901611328125,6.668835150340303e-18,0.21443793177604675,0.005016736686229706,0.009921875782310963,2.7737198138311214e-07
radial,15,28.166667454772526,0.1080000028014183,0.20280000567436218,362.8114013671875,5.796112454801944e-18,0.2144303321838379,0.005017303861677647,0.00992210116237402,2.787187156627624e-07
radial,15,28.77777856257227,0.1080000028014183,0.20720000565052032,362.82781982421875,5.355213607782604e-18,0.21442484855651855,0.005017767660319805,0.009922306053340435,2.798668106152036e-07
radial,15,29.38888967037201,0.1080000028014183,0.21160000562667847,362.83929443359375,5.1895500106035465e-18,0.21442106366157532,0.005018126219511032,0.009922483935952187,2.805385861393006e-07
radial,15,30.000000778171753,0.1080000028014183,0.2160000056028366,366.95843505859375,2.057872501054733e-17,0.21200239658355713,0.00523725338280201,0.01003799494355917,3.303978246549377e-07
radial,30,0.0,0.2160000056028366,0.0,2169.699462890625,0.0224338099360466,0.0019386144122108817,0.13983802497386932,0.12128926068544388,0.0028820419684052467
radial,30,0.062499998926392034,0.2160000056028366,0.00044999999227002263,2169.80126953125,0.022414471954107285,0.001946694916114211,0.13982999324798584,0.12128818035125732,0.0028856380376964808
radial,30,0.12499999785278407,0.2160000056028366,0.0008999999845400453,2170.10498046875,0.02235667034983635,0.0019709691405296326,0.1398058831691742,0.12128488719463348,0.0028964118100702763
radial,30,0.18750000486357346,0.2160000056028366,0.0013500000350177288,2170.610595703125,0.022259898483753204,0.002011993434280157,0.1397651880979538,0.12127922475337982,0.0029145320877432823
radial,30,0.24999999570556813,0.2160000056028366,0.0017999999690800905,2171.3232421875,0.022122478112578392,0.002071049530059099,0.13970661163330078,0.12127082049846649,0.0029404403176158667
radial,30,0.31249998654756284,0.2160000056028366,0.0022499999031424522,2172.2392578125,0.021943669766187668,0.0021492650266736746,0.13962915539741516,0.12125923484563828,0.002974448725581169
radial,30,0.3750000097271469,0.2160000056028366,0.0027000000700354576,2173.3564453125,0.021722353994846344,0.0022482278291136026,0.13953134417533875,0.12124387919902802,0.003016980830579996
radial,30,0.43750000056914157,0.2160000056028366,0.0031500000040978193,2174.67724609375,0.021455680951476097,0.00237066438421607,0.1394106149673462,0.1212238073348999,0.0030688480474054813
radial,30,0.49999999141113627,0.2160000056028366,0.003599999938160181,2176.18896484375,0.02114323154091835,0.0025186208076775074,0.13926519453525543,0.12119811028242111,0.0031304406002163887
radial,30,0.5347222193247743,0.2160000056028366,0.0038499999791383743,2177.10595703125,0.020949792116880417,0.002612665994092822,0.13917304575443268,0.12118099629878998,0.003168996889144182
radial,30,0.5752314528864291,0.2160000056028366,0.0041416664607822895,2178.24609375,0.020704731345176697,0.0027346680872142315,0.1390538513660431,0.12115791440010071,0.003218307625502348
radial,30,0.6157407511232628,0.2160000056028366,0.004433333408087492,2179.4580078125,0.020438142120838165,0.002871019532904029,0.1389211118221283,0.12113100290298462,0.0032725101336836815
radial,30,0.6562499846849177,0.2160000056028366,0.004724999889731407,2180.73388671875,0.020150084048509598,0.0030227000825107098,0.1387740522623062,0.12109974026679993,0.0033317096531391144
radial,30,0.6967592829217514,0.2160000056028366,0.00501666683703661,2182.06591796875,0.01984018087387085,0.0031910687685012817,0.1386115550994873,0.12106349319219589,0.0033961047884076834
radial,30,0.7372685164834063,0.2160000056028366,0.005308333318680525,2183.447509765625,0.019507773220539093,0.0033778082579374313,0.13843223452568054,0.12102150171995163,0.0034659565426409245
radial,30,0.7777777500450611,0.2160000056028366,0.00559999980032444,2184.86669921875,0.019152771681547165,0.0035844899248331785,0.1382349282503128,0.12097297608852386,0.0035414055455476046
radial,30,0.8182870482818948,0.2160000056028366,0.0058916667476296425,2186.31005859375,0.0187752153724432,0.003812822513282299,0.13801833987236023,0.12091699987649918,0.003622562624514103
radial,30,0.8587962818435497,0.2160000056028366,0.006183333229273558,2187.761962890625,0.018375268206000328,0.004064664710313082,0.13778114318847656,0.12085257470607758,0.003709501586854458
radial,30,0.8993055800803834,0.2160000056028366,0.00647500017657876,2189.2041015625,0.01795332320034504,0.0043419767171144485,0.13752199709415436,0.12077859044075012,0.00380223011597991
radial,30,0.9398148136420382,0.2160000056028366,0.006766666658222675,2190.614501953125,0.01751001924276352,0.004646817222237587,0.13723954558372498,0.12069383263587952,0.0039006820879876614
radial,30,0.9803240472036931,0.2160000056028366,0.0070583331398665905,2191.969482421875,0.017046228051185608,0.004981350619345903,0.13693247735500336,0.1205969899892807,0.0040047066286206245
radial,30,1.0208334101157057,0.2160000056028366,0.00735000055283308,2193.2421875,0.016563057899475098,0.005347844213247299,0.13659949600696564,0.12048663198947906,0.0041140601970255375
radial,30,1.0613425790021818,0.2160000056028366,0.007641666568815708,2194.402099609375,0.016061853617429733,0.005748671013861895,0.13623929023742676,0.12036122381687164,0.004228397738188505
radial,30,1.1018518772390153,0.2160000056028366,0.00793333351612091,2195.417724609375,0.01554415188729763,0.006186329759657383,0.13585065305233002,0.12021908164024353,0.004347268026322126
radial,30,1.1423611754758491,0.2160000056028366,0.008225000463426113,2196.253173828125,0.015011651441454887,0.006663469597697258,0.13543233275413513,0.12005843222141266,0.004470109939575195
radial,30,1.1828703443623252,0.2160000056028366,0.008516666479408741,2196.871337890625,0.014466303400695324,0.007182798348367214,0.13498321175575256,0.11987736076116562,0.004596222657710314
radial,30,1.2233796425991588,0.2160000056028366,0.008808333426713943,2197.232421875,0.013910284265875816,0.0077470820397138596,0.13450227677822113,0.11967389285564423,0.004724755883216858
radial,30,1.2638889408359926,0.2160000056028366,0.009100000374019146,2197.29443359375,0.013345809653401375,0.008359323255717754,0.13398849964141846,0.11944585293531418,0.004854741971939802
radial,30,1.3124999693698354,0.2160000056028366,0.009449999779462814,2196.90966796875,0.012661043554544449,0.009161416441202164,0.1333276629447937,0.11913663148880005,0.005010922439396381
radial,30,1.3518518406069941,0.2160000056028366,0.009733333252370358,2196.182861328125,0.012102380394935608,0.009869242087006569,0.1327553689479828,0.11885486543178558,0.005136389750987291
radial,30,1.391203711844153,0.2160000056028366,0.0100166667252779,2195.032470703125,0.011541804298758507,0.010633870959281921,0.13214820623397827,0.11854194104671478,0.005259635858237743
radial,30,1.4305555830813117,0.2160000056028366,0.010300000198185444,2193.41259765625,0.01098238117992878,0.011457957327365875,0.13150614500045776,0.11819557100534439,0.005378980189561844
radial,30,1.4699074543184705,0.2160000056028366,0.010583333671092987,2191.274658203125,0.0104264747351408,0.012345277704298496,0.13082846999168396,0.11781297624111176,0.0054927426390349865
radial,30,1.5092591962052717,0.2160000056028366,0.010866666212677956,2188.5673828125,0.00987660326063633,0.013299652375280857,0.13011468946933746,0.11739125102758408,0.005599029362201691
radial,30,1.5486110674424305,0.2160000056028366,0.011149999685585499,2185.237548828125,0.009335174225270748,0.014325400814414024,0.12936416268348694,0.11692718416452408,0.00569577282294631
radial,30,1.5879629386795893,0.2160000056028366,0.011433333158493042,2181.219970703125,0.008803457953035831,0.015429666265845299,0.12857457995414734,0.11641617119312286,0.0057808589190244675
radial,30,1.627314809916748,0.2160000056028366,0.011716666631400585,2176.4287109375,0.008281460031867027,0.016623642295598984,0.12774118781089783,0.1158515065908432,0.005852017551660538
radial,30,1.6666666811539068,0.2160000056028366,0.012000000104308128,2170.82958984375,0.007775397971272469,0.017904456704854965,0.126869335770607,0.11523304879665375,0.005905892234295607
radial,30,1.746031792006559,0.2160000056028366,0.012571428902447224,2157.031005859375,0.006831139791756868,0.02073075994849205,0.12502363324165344,0.11382590234279633,0.005946663208305836
radial,30,1.825396644158496,0.2160000056028366,0.01314285583794117,2139.587890625,0.005989705212414265,0.023915152996778488,0.12304858863353729,0.11218763887882233,0.005890777334570885
radial,30,1.9047618843615055,0.2160000056028366,0.01371428556740284,2118.474609375,0.005243139807134867,0.027452517300844193,0.12093635648488998,0.11032712459564209,0.005749817937612534
radial,30,1.9841268658638,0.2160000056028366,0.01428571343421936,2094.06591796875,0.004583622328937054,0.03128562122583389,0.11869904398918152,0.10828162729740143,0.0055450755171477795
radial,30,2.0634921060668097,0.2160000056028366,0.01485714316368103,2066.68310546875,0.004001818131655455,0.03536933660507202,0.1163453683257103,0.10608096420764923,0.005294133443385363
radial,30,2.142857087569104,0.2160000056028366,0.015428571030497551,2036.642822265625,0.003489344846457243,0.039661310613155365,0.11388589441776276,0.10375246405601501,0.005011489614844322
radial,30,2.2222223277721143,0.2160000056028366,0.01600000075995922,2004.265869140625,0.0030388571321964264,0.04412030801177025,0.11133348941802979,0.10132208466529846,0.00470911618322134
radial,30,2.301587309274409,0.2160000056028366,0.01657142862677574,1969.86328125,0.0026436620391905308,0.048708148300647736,0.10870173573493958,0.09881341457366943,0.0043967124074697495
radial,30,2.3809522907767033,0.2160000056028366,0.017142856493592262,1933.73193359375,0.002297639846801758,0.05339016765356064,0.10600435733795166,0.0962475836277008,0.004081998020410538
radial,30,2.460317530979713,0.2160000056028366,0.017714286223053932,1896.1634521484375,0.0019953164737671614,0.05813373625278473,0.10325564444065094,0.09364412724971771,0.003771084826439619
radial,30,2.5396825124820075,0.2160000056028366,0.018285714089870453,1857.42578125,0.0017316961893811822,0.06291025876998901,0.10046909749507904,0.09101998805999756,0.003468602430075407
radial,30,2.619047493984302,0.2160000056028366,0.018857141956686974,1817.612060546875,0.0015014312230050564,0.06771297752857208,0.09764651954174042,0.08837977796792984,0.003176859114319086
radial,30,2.6984127341873116,0.2160000056028366,0.019428571686148643,1776.52880859375,0.0012986668152734637,0.07256855070590973,0.09477074444293976,0.08570943772792816,0.002895559649914503
radial,30,2.777777715689606,0.2160000056028366,0.019999999552965164,1734.4669189453125,0.0011209113290533423,0.07743798941373825,0.09186412394046783,0.0830308347940445,0.002627656329423189
radial,30,2.941176450500886,0.2160000056028366,0.021176470443606377,1647.907470703125,0.000826530042104423,0.08720073103904724,0.08596669137477875,0.07765958458185196,0.002134941052645445
radial,30,3.1045751853121653,0.2160000056028366,0.02235294133424759,1562.016845703125,0.000609240960329771,0.0965929850935936,0.08020190894603729,0.0724911019206047,0.0017185870092362165
radial,30,3.2679739201234446,0.2160000056028366,0.0235294122248888,1476.65576171875,0.0004474013694562018,0.1056569367647171,0.07455413043498993,0.06750135868787766,0.001369242207147181
radial,30,3.4313726549347243,0.2160000056028366,0.024705883115530014,1392.493896484375,0.00032714148983359337,0.11435794085264206,0.06905530393123627,0.06270788609981537,0.0010802843607962132
radial,30,3.5947711310452886,0.2160000056028366,0.025882352143526077,1310.12841796875,0.00023809834965504706,0.12266741693019867,0.06373412907123566,0.05812457948923111,0.0008443863480351865
radial,30,3.7581698658565683,0.2160000056028366,0.02705882303416729,1230.061279296875,0.00017243818729184568,0.13056513667106628,0.05861390009522438,0.05376072973012924,0.0006540804170072079
radial,30,3.9215686006678476,0.2160000056028366,0.028235293924808502,1152.736328125,0.0001242453436134383,0.1380355954170227,0.053714409470558167,0.04962322860956192,0.0005022641853429377
radial,30,4.084967335479127,0.2160000056028366,0.029411764815449715,1078.667236328125,8.909360622055829e-05,0.14505678415298462,0.04905910789966583,0.04572285711765289,0.00038259330904111266
radial,30,4.248366070290406,0.2160000056028366,0.030588235706090927,1008.398681640625,6.365497392835096e-05,0.151603102684021,0.04467331990599632,0.042072851210832596,0.00028946966631338
radial,30,4.411764546400971,0.2160000056028366,0.03176470473408699,942.29248046875,4.537333734333515e-05,0.15766172111034393,0.04057341814041138,0.03867992013692856,0.00021783076226711273
radial,30,4.575163539912966,0.2160000056028366,0.03294117748737335,880.5654907226562,3.231064329156652e-05,0.16322964429855347,0.03676857426762581,0.03554583340883255,0.00016326524200849235
radial,30,4.73856201602353,0.2160000056028366,0.034117646515369415,823.4491577148438,2.3032618628349155e-05,0.1683037430047989,0.03326757624745369,0.03267301619052887,0.00012211549619678408
radial,30,4.901961009535524,0.2160000056028366,0.03529411926865578,771.238037109375,1.6489071640535258e-05,0.17287755012512207,0.03008124604821205,0.030066441744565964,9.141964255832136e-05
radial,30,5.065359485646089,0.2160000056028366,0.03647058829665184,724.18994140625,1.1909478416782804e-05,0.1769479215145111,0.027217958122491837,0.027729863300919533,6.878081330796704e-05
radial,30,5.228757961756654,0.2160000056028366,0.0376470573246479,682.084228515625,8.705762411409523e-06,0.18055087327957153,0.024658147245645523,0.025644954293966293,5.2142422646284103e-05
radial,30,5.392156955268648,0.2160000056028366,0.038823530077934265,643.872314453125,6.4190853663603775e-06,0.18378916382789612,0.022333646193146706,0.02375451847910881,3.969356475863606e-05
radial,30,5.555555431379212,0.2160000056028366,0.03999999910593033,611.1254272460938,4.848360731557477e-06,0.1865420937538147,0.020337458699941635,0.022132815793156624,3.0760260415263474e-05
radial,30,6.166666539178954,0.2160000056028366,0.04439999908208847,528.896484375,1.8829042573997867e-06,0.193366140127182,0.015286417677998543,0.018032575026154518,1.3002174455323257e-05
radial,30,6.777777646978697,0.2160000056028366,0.04879999905824661,486.1053466796875,9.349702736471954e-07,0.19681279361248016,0.01261691004037857,0.0158659927546978,6.775455403840169e-06
radial,30,7.3888887547784385,0.2160000056028366,0.053199999034404755,463.32086181640625,5.668687208526535e-07,0.19856798648834229,0.011177271604537964,0.014696045778691769,4.214844011585228e-06
radial,30,7.99999986257818,0.2160000056028366,0.0575999990105629,449.94720458984375,3.89715921755851e-07,0.1995398998260498,0.010321160778403282,0.013998801819980145,2.9421453291433863e-06
radial,30,8.611110970377922,0.2160000056028366,0.06199999898672104,441.3768615722656,2.901374216435215e-07,0.20011791586875916,0.00976557657122612,0.013545077294111252,2.2143601654533995e-06
radial,30,9.222222078177664,0.2160000056028366,0.06639999896287918,435.4677734375,2.274852448636011e-07,0.20048101246356964,0.00937784742563963,0.013227436691522598,1.7524200757179642e-06
radial,30,9.833333185977406,0.2160000056028366,0.07079999893903732,431.1593017578125,1.8473389218343073e-07,0.20071712136268616,0.009091808460652828,0.012992301024496555,1.4362019555846928e-06
radial,30,10.444444293777147,0.2160000056028366,0.07519999891519547,427.8836364746094,1.537748346436274e-07,0.20087295770645142,0.008871850557625294,0.012810826301574707,1.20752497423382e-06
radial,30,11.05555540157689,0.2160000056028366,0.07959999889135361,425.31353759765625,1.3033302082021692e-07,0.2009754180908203,0.008697343990206718,0.012666305527091026,1.0353021480113966e-06
radial,30,11.666666509376633,0.2160000056028366,0.08399999886751175,423.24871826171875,1.1197015226116491e-07,0.2010408639907837,0.008555618114769459,0.012548467144370079,9.015715249915957e-07
radial,30,12.277777617176374,0.2160000056028366,0.08839999884366989,421.55889892578125,9.719573057509479e-08,0.20107990503311157,0.008438386023044586,0.012450600042939186,7.952203304739669e-07
radial,30,12.888888724976116,0.2160000056028366,0.09279999881982803,420.154052734375,8.504231630013237e-08,0.20109985768795013,0.00833990890532732,0.012368051335215569,7.089691393957764e-07
radial,30,13.499999832775858,0.2160000056028366,0.09719999879598618,418.9704895019531,7.485773778626026e-08,0.20110589265823364,0.008256107568740845,0.01229751668870449,6.37879111309303e-07
radial,30,14.1111109405756,0.2160000056028366,0.10159999877214432,417.9621276855469,6.618904535571346e-08,0.20110175013542175,0.008184016682207584,0.012236591428518295,5.785010444014915e-07
radial,30,14.722223083178203,0.2160000056028366,0.10600000619888306,417.0947265625,5.871281416602869e-08,0.20109015703201294,0.008121427148580551,0.012183483690023422,5.283568498271052e-07
radial,30,15.333333156175083,0.2160000056028366,0.1103999987244606,416.3424072265625,5.219368404141278e-08,0.20107319951057434,0.008066664449870586,0.012136837467551231,4.856251507590059e-07
radial,30,15.944444263974827,0.2160000056028366,0.11479999870061874,415.6852111816406,4.64564990920735e-08,0.20105251669883728,0.008018428459763527,0.012095597572624683,4.4893317863170523e-07
radial,30,16.555555371774567,0.2160000056028366,0.11919999867677689,415.1073303222656,4.1368146241893555e-08,0.20102930068969727,0.007975690066814423,0.012058928608894348,4.1722137211763766e-07
radial,30,17.16666647957431,0.2160000056028366,0.12359999865293503,414.5961608886719,3.68270605122234e-08,0.20100460946559906,0.007937626913189888,0.012026163749396801,3.896621478816087e-07
radial,30,17.777778622176914,0.2160000056028366,0.12800000607967377,414.1416320800781,3.2756712897707985e-08,0.20097920298576355,0.007903574965894222,0.011996762827038765,3.6560189187184733e-07
radial,30,18.388889729976654,0.2160000056028366,0.1324000060558319,413.735595703125,2.9088507602637037e-08,0.20095373690128326,0.007872995920479298,0.011970289051532745,3.4451812780389446e-07
radial,30,19.000000837776398,0.2160000056028366,0.13680000603199005,413.3712463378906,2.5766912159497224e-08,0.2009287029504776,0.007845444604754448,0.011946382001042366,3.259891627749312e-07
radial,30,19.611111945576138,0.2160000056028366,0.1412000060081482,413.043212890625,2.2761323492659358e-08,0.20090454816818237,0.007820556871592999,0.01192474365234375,3.096717478001665e-07
radial,30,20.22222305337588,0.2160000056028366,0.14560000598430634,412.7469482421875,2.002885324259296e-08,0.20088154077529907,0.007798031438142061,0.011905129998922348,2.952840532088885e-07
radial,30,20.83333416117562,0.2160000056028366,0.15000000596046448,412.47869873046875,1.754114897778436e-08,0.20086002349853516,0.007777614053338766,0.011887331493198872,2.825928220318019e-07
radial,30,21.444445268975365,0.2160000056028366,0.15440000593662262,412.2353515625,1.5312584977777988e-08,0.20084016025066376,0.007759095169603825,0.011871179565787315,2.7140336555930844e-07
radial,30,22.055556376775108,0.2160000056028366,0.15880000591278076,412.014404296875,1.3303099066774848e-08,0.200822114944458,0.007742300629615784,0.011856529861688614,2.615510936720966e-07
radial,30,22.666667484574848,0.2160000056028366,0.1632000058889389,411.81378173828125,1.1456254611630357e-08,0.20080599188804626,0.007727084215730429,0.011843264102935791,2.528948073177162e-07
radial,30,23.27777859237459,0.2160000056028366,0.16760000586509705,411.63177490234375,9.84743575571656e-09,0.2007918655872345,0.007713327184319496,0.011831281706690788,2.453121794587787e-07
radial,30,23.88888970017433,0.2160000056028366,0.1720000058412552,411.4670104980469,8.543448615228044e-09,0.2007797360420227,0.007700932212173939,0.011820502579212189,2.3869625920269755e-07
radial,30,24.500000807974075,0.2160000056028366,0.17640000581741333,411.3185119628906,7.44325934221024e-09,0.2007696032524109,0.0076898206025362015,0.01181085966527462,2.3295365281228442e-07
radial,30,25.111111915773815,0.2160000056028366,0.18080000579357147,411.18536376953125,6.460505019845186e-09,0.20076145231723785,0.007679927162826061,0.011802297085523605,2.28004239488655e-07
radial,30,25.72222302357356,0.2160000056028366,0.18520000576972961,411.0670166015625,5.596692886911114e-09,0.20075522363185883,0.00767119973897934,0.011794768273830414,2.2378060293704038e-07
radial,30,26.3333341313733,0.2160000056028366,0.18960000574588776,410.96282958984375,4.853301316387615e-09,0.20075085759162903,0.007663593627512455,0.01178823597729206,2.2022723555892298e-07
radial,30,26.944445239173042,0.2160000056028366,0.1940000057220459,410.8721923828125,4.2312824355406065e-09,0.20074835419654846,0.007657060399651527,0.011782660149037838,2.172978668113501e-07
radial,30,27.555556346972786,0.2160000056028366,0.19840000569820404,410.79443359375,3.731575937138132e-09,0.2007477581501007,0.007651550229638815,0.011777997016906738,2.1495512214642076e-07
radial,30,28.166667454772526,0.2160000056028366,0.20280000567436218,410.7283935546875,3.3552933764724457e-09,0.20074927806854248,0.007646997459232807,0.011774199083447456,2.1316937193205376e-07
radial,30,28.77777856257227,0.2160000056028366,0.20720000565052032,410.6720886230469,3.0990188193413815e-09,0.20075319707393646,0.007643275894224644,0.011771168559789658,2.1189747201333375e-07
radial,30,29.38888967037201,0.2160000056028366,0.21160000562667847,410.6241455078125,2.9623126174271874e-09,0.20075970888137817,0.0076402961276471615,0.011768833734095097,2.1112361991981743e-07
radial,30,30.000000778171753,0.2160000056028366,0.2160000056028366,414.46990966796875,1.0900556995466237e-15,0.1975366473197937,0.007815347984433174,0.011827919632196426,2.4874594828361296e-07
radial,45,0.0,0.3240000009536743,0.0,1770.4901123046875,8.715847070561722e-05,0.08143751323223114,0.08996308594942093,0.0788722038269043,0.00046057417057454586
radial,45,0.062499998926392034,0.3240000009536743,0.00044999999227002263,1770.3812255859375,8.713020361028612e-05,0.08144797384738922,0.08995597064495087,0.07886628061532974,0.0004604459390975535
radial,45,0.12499999785278407,0.3240000009536743,0.0008999999845400453,1770.05419921875,8.704545325599611e-05,0.08147937059402466,0.08993462473154068,0.07884851843118668,0.00046006139018572867
radial,45,0.18750000486357346,0.3240000009536743,0.0013500000350177288,1769.5086669921875,8.690424874657765e-05,0.08153172582387924,0.08989900350570679,0.0788188949227333,0.0004594206402543932
radial,45,0.24999999570556813,0.3240000009536743,0.0017999999690800905,1768.74365234375,8.670662646181881e-05,0.08160512149333954,0.0898490697145462,0.07877735793590546,0.0004585234564729035
radial,45,0.31249998654756284,0.3240000009536743,0.0022499999031424522,1767.758544921875,8.645272464491427e-05,0.08169962465763092,0.08978477120399475,0.07872387766838074,0.00045736998436041176
radial,45,0.3750000097271469,0.3240000009536743,0.0027000000700354576,1766.5548095703125,8.614587568445131e-05,0.08181490749120712,0.08970621228218079,0.07865852862596512,0.00045599424629472196
radial,45,0.43750000056914157,0.3240000009536743,0.0031500000040978193,1765.1324462890625,8.57880077091977e-05,0.08195085823535919,0.08961337059736252,0.078581303358078,0.00045441347174346447
radial,45,0.49999999141113627,0.3240000009536743,0.003599999938160181,1763.4869384765625,8.537584653822705e-05,0.08210805058479309,0.08950602263212204,0.07849201560020447,0.0004525891854427755
radial,45,0.5347222193247743,0.3240000009536743,0.0038499999791383743,1762.4752197265625,8.512262138538063e-05,0.08220470696687698,0.08944004029035568,0.07843713462352753,0.0004514614993240684
radial,45,0.5752314528864291,0.3240000009536743,0.0041416664607822895,1761.2064208984375,8.480560063617304e-05,0.08232592046260834,0.08935732394456863,0.07836833596229553,0.00045004443381913006
radial,45,0.6157407511232628,0.3240000009536743,0.004433333408087492,1759.8424072265625,8.446548599749804e-05,0.08245622366666794,0.08926839381456375,0.07829440385103226,0.0004485187237150967
radial,45,0.6562499846849177,0.3240000009536743,0.004724999889731407,1758.3822021484375,8.410244481638074e-05,0.08259566873311996,0.08917324990034103,0.07821528613567352,0.0004468850966077298
radial,45,0.6967592829217514,0.3240000009536743,0.00501666683703661,1756.830078125,8.372205775231123e-05,0.08274365961551666,0.08907213062047958,0.07813121378421783,0.0004451952991075814
radial,45,0.7372685164834063,0.3240000009536743,0.005308333318680525,1755.187744140625,8.332567813340575e-05,0.08289986848831177,0.08896517008543015,0.07804228365421295,0.00044346513459458947
radial,45,0.7777777500450611,0.3240000009536743,0.00559999980032444,1753.456298828125,8.291393896797672e-05,0.08306431025266647,0.08885236829519272,0.07794848829507828,0.0004416976007632911
radial,45,30.000000778171753,0.3240000009536743,0.2160000056028366,306.7468566894531,3.657297242831703e-10,0.007209105417132378,0.0004230860504321754,0.0005481279804371297,6.92612411867799e-09
radial,45,29.38888967037201,0.3240000009536743,0.21160000562667847,470.55596923828125,1.2899741719252233e-08,0.18015319108963013,0.010693290270864964,0.013801105320453644,1.480908622397692e-07
radial,45,28.77777856257227,0.3240000009536743,0.20720000565052032,470.59869384765625,1.2969313623045764e-08,0.18022173643112183,0.010696164332330227,0.013805347494781017,1.4873248233016056e-07
radial,45,28.166667454772526,0.3240000009536743,0.20280000567436218,470.6679382324219,1.3071607796177886e-08,0.18029777705669403,0.010700788348913193,0.013811266049742699,1.4972560791193246e-07
radial,45,27.555556346972786,0.3240000009536743,0.19840000569820404,470.7677917480469,1.3210778249117539e-08,0.1803775280714035,0.010707365348935127,0.013818933628499508,1.5106731154901354e-07
radial,45,26.944445239173042,0.3240000009536743,0.1940000057220459,470.9033508300781,1.3390966557835782e-08,0.18045924603939056,0.010716174729168415,0.013828540220856667,1.527721593674869e-07
radial,45,26.3333341313733,0.3240000009536743,0.18960000574588776,471.076171875,1.3616419991535622e-08,0.18054258823394775,0.010727320797741413,0.013840163126587868,1.5486077131754428e-07
radial,45,25.72222302357356,0.3240000009536743,0.18520000576972961,471.2882080078125,1.3890844030584049e-08,0.180626779794693,0.010740912519395351,0.013853877782821655,1.573502714791175e-07
radial,45,25.111111915773815,0.3240000009536743,0.18080000579357147,471.5415344238281,1.4218159982704037e-08,0.18071119487285614,0.010757086798548698,0.013869780115783215,1.602623598273567e-07
radial,45,24.500000807974075,0.3240000009536743,0.17640000581741333,471.8386535644531,1.460265774966274e-08,0.1807953417301178,0.010775994509458542,0.013887984678149223,1.6362440646844334e-07
radial,45,23.88888970017433,0.3240000009536743,0.1720000058412552,472.1824951171875,1.5048970070097312e-08,0.18087880313396454,0.01079781074076891,0.0139086302369833,1.6746915321164124e-07
radial,45,23.27777859237459,0.3240000009536743,0.16760000586509705,472.5762023925781,1.5562067190444395e-08,0.18096119165420532,0.010822735726833344,0.013931872323155403,1.718354809554512e-07
radial,45,22.666667484574848,0.3240000009536743,0.1632000058889389,473.0235900878906,1.6147776449315643e-08,0.1810421347618103,0.010851001366972923,0.013957900926470757,1.7676940444744105e-07
radial,45,22.055556376775108,0.3240000009536743,0.15880000591278076,473.52911376953125,1.6812467862337144e-08,0.1811213195323944,0.010882883332669735,0.013986939564347267,1.8232550758057187e-07
radial,45,21.444445268975365,0.3240000009536743,0.15440000593662262,474.0979309082031,1.7562319598596332e-08,0.1811983585357666,0.01091870479285717,0.014019248075783253,1.8856883343687514e-07
radial,45,20.83333416117562,0.3240000009536743,0.15000000596046448,474.73638916015625,1.8404483270728633e-08,0.18127284944057465,0.010958847589790821,0.014055143110454082,1.955772859218996e-07
radial,45,20.22222305337588,0.3240000009536743,0.14560000598430634,475.45184326171875,1.9347798030366903e-08,0.18134436011314392,0.011003770865499973,0.014094998128712177,2.0344415929685056e-07
radial,45,19.611111945576138,0.3240000009536743,0.1412000060081482,476.2532653808594,2.0402746159220442e-08,0.18141241371631622,0.01105402410030365,0.014139262959361076,2.1228214563961956e-07
radial,45,19.000000837776398,0.3240000009536743,0.13680000603199005,477.1513671875,2.1581595177622148e-08,0.1814763993024826,0.011110265739262104,0.01418848056346178,2.2222869233701203e-07
radial,45,18.388889729976654,0.3240000009536743,0.1324000060558319,478.15924072265625,2.289913147990319e-08,0.18153563141822815,0.011173293925821781,0.014243307523429394,2.3345299382526719e-07
radial,45,17.777778622176914,0.3240000009536743,0.12800000607967377,479.2928161621094,2.4373949969458408e-08,0.1815893054008484,0.011244083754718304,0.014304544776678085,2.4616568339297373e-07
radial,45,17.16666647957431,0.3240000009536743,0.12359999865293503,480.57183837890625,2.602934046080918e-08,0.18163637816905975,0.011323842220008373,0.01437318604439497,2.6063275981869083e-07
radial,45,16.555555371774567,0.3240000009536743,0.11919999867677689,482.0215148925781,2.789496988953033e-08,0.18167546391487122,0.011414100416004658,0.014450485818088055,2.771960225800285e-07
radial,45,15.944444263974827,0.3240000009536743,0.11479999870061874,483.67401123046875,3.0009349671900054e-08,0.1817048341035843,0.011516804806888103,0.014538044109940529,2.9630180620188185e-07
radial,45,15.333332121372223,0.3240000009536743,0.11039999127388,485.57098388671875,3.242432100591941e-08,0.18172211945056915,0.01163447741419077,0.014637929387390614,3.1854577287049324e-07
radial,45,14.722222048375341,0.3240000009536743,0.10599999874830246,487.7673645019531,3.521208213896898e-08,0.18172428011894226,0.011770426295697689,0.014752856455743313,3.4474220456104376e-07
radial,45,14.1111109405756,0.3240000009536743,0.10159999877214432,490.33685302734375,3.847548768476372e-08,0.18170711398124695,0.011929087340831757,0.0148864621296525,3.7603251712425845e-07
radial,45,13.499999832775858,0.3240000009536743,0.09719999879598618,493.3805847167969,4.2365751795614415e-08,0.18166480958461761,0.012116525322198868,0.015043718740344048,4.1406201489735395e-07
radial,45,12.888887690173256,0.3240000009536743,0.09279999136924744,497.0404052734375,4.711228740461593e-08,0.18158915638923645,0.012341225519776344,0.01523157861083746,4.6127621544655995e-07
radial,45,12.277777617176374,0.3240000009536743,0.08839999884366989,501.51861572265625,5.3075936534696666e-08,0.18146833777427673,0.012615256942808628,0.015459930524230003,5.214245675233542e-07
radial,45,11.666666509376633,0.3240000009536743,0.08399999886751175,507.11016845703125,6.08463679441229e-08,0.18128490447998047,0.012956165708601475,0.015743141993880272,6.004655688229832e-07
radial,45,11.05555540157689,0.3240000009536743,0.07959999889135361,514.2611694335938,7.143099622908267e-08,0.18101203441619873,0.013390392065048218,0.016102854162454605,7.083103810145985e-07
radial,45,10.44444532858001,0.3240000009536743,0.07520000636577606,523.6681518554688,8.66381029140939e-08,0.1806066632270813,0.013959046453237534,0.016572678461670876,8.622974405625428e-07
radial,45,9.833333185977406,0.3240000009536743,0.07079999893903732,536.4381103515625,1.0988328114081014e-07,0.1799982786178589,0.014727167785167694,0.01720574125647545,1.0943333563773194e-06
radial,45,9.222222078177664,0.3240000009536743,0.06639999896287918,554.3267211914062,1.479538269677505e-07,0.17907081544399261,0.015797361731529236,0.018085746094584465,1.4660066653959802e-06
radial,45,8.611110970377922,0.3240000009536743,0.06199999898672104,580.0030517578125,2.1490696155979094e-07,0.1776386946439743,0.01732468791306019,0.019338974729180336,2.100473466271069e-06
radial,45,7.99999986257818,0.3240000009536743,0.0575999990105629,617.0979614257812,3.404443020826875e-07,0.175431028008461,0.019518790766596794,0.02113577350974083,3.2466045922774356e-06
radial,45,7.3888887547784385,0.3240000009536743,0.053199999034404755,669.6266479492188,5.867465802111838e-07,0.17211346328258514,0.02261073887348175,0.023663336411118507,5.396516826294828e-06
radial,45,6.777777646978697,0.3240000009536743,0.04879999905824661,740.7266235351562,1.0790280384753714e-06,0.16736498475074768,0.02678401954472065,0.02706972137093544,9.473187674302608e-06
radial,45,6.166666539178954,0.3240000009536743,0.04439999908208847,832.028076171875,2.0614115783246234e-06,0.16092932224273682,0.03214928135275841,0.03144431859254837,1.713579513307195e-05
radial,45,5.555555431379212,0.3240000009536743,0.03999999910593033,945.9600219726562,4.022293524030829e-06,0.15249240398406982,0.038866233080625534,0.03691857308149338,3.144859510939568e-05
radial,45,5.392156955268648,0.3240000009536743,0.038823530077934265,979.9580078125,4.781465577252675e-06,0.14989638328552246,0.04088406264781952,0.03856312483549118,3.679747169371694e-05
radial,45,5.228757961756654,0.3240000009536743,0.0376470573246479,1013.4942626953125,5.640148629026953e-06,0.14729374647140503,0.042887553572654724,0.04019627347588539,4.2717896576505154e-05
radial,45,5.065359485646089,0.3240000009536743,0.03647058829665184,1046.51171875,6.606078386539593e-06,0.14470024406909943,0.04486527293920517,0.04180881381034851,4.923509186482988e-05
radial,45,4.901961009535524,0.3240000009536743,0.03529411926865578,1080.191162109375,7.726162039034534e-06,0.1420244574546814,0.04688781127333641,0.04345841705799103,5.663567571900785e-05
radial,45,4.73856201602353,0.3240000009536743,0.034117646515369415,1114.758544921875,9.028104614117183e-06,0.13924753665924072,0.048969484865665436,0.04515689238905907,6.506300996989012e-05
radial,45,4.575163539912966,0.3240000009536743,0.03294117748737335,1150.070068359375,1.0529942301218398e-05,0.1363798826932907,0.05110248923301697,0.04689802601933479,7.45885117794387e-05
radial,45,4.411764546400971,0.3240000009536743,0.03176470473408699,1185.9638671875,1.2249159226485062e-05,0.13343371450901031,0.053277842700481415,0.04867464676499367,8.527421596227214e-05
radial,45,4.248366070290406,0.3240000009536743,0.030588235706090927,1222.2969970703125,1.4203606042428873e-05,0.1304202675819397,0.05548756197094917,0.05048038065433502,9.717935608932748e-05
radial,45,4.084967335479127,0.3240000009536743,0.029411764815449715,1258.921630859375,1.6409987438237295e-05,0.1273515373468399,0.05772324278950691,0.05230851471424103,0.00011035150237148628
radial,45,3.9215686006678476,0.3240000009536743,0.028235293924808502,1295.67578125,1.888242877612356e-05,0.12424126267433167,0.05997541546821594,0.054151441901922226,0.00012481905287131667
radial,45,3.7581698658565683,0.3240000009536743,0.02705882303416729,1332.380615234375,2.1631072741001844e-05,0.12110504508018494,0.062233395874500275,0.05600055679678917,0.00014058501983527094
radial,45,3.5947711310452886,0.3240000009536743,0.025882352143526077,1368.837890625,2.4660406779730693e-05,0.11796072870492935,0.06448512524366379,0.0578460693359375,0.00015761969552841038
radial,45,3.4313726549347243,0.3240000009536743,0.024705883115530014,1404.827880859375,2.7967287678620778e-05,0.11482857167720795,0.06671691685914993,0.05967685580253601,0.0001758526632329449
radial,45,3.2679739201234446,0.3240000009536743,0.0235294122248888,1440.117919921875,3.153995203319937e-05,0.11173056811094284,0.06891409307718277,0.06148090958595276,0.0001951710437424481
radial,45,3.1045751853121653,0.3240000009536743,0.02235294133424759,1474.47802734375,3.5357956221560016e-05,0.108689084649086,0.07106182724237442,0.06324607133865356,0.00021542274043895304
radial,45,2.941176450500886,0.3240000009536743,0.021176470443606377,1507.528564453125,3.937121800845489e-05,0.10574039071798325,0.07313570380210876,0.06495220959186554,0.00023631262592971325
radial,45,2.777777715689606,0.3240000009536743,0.019999999552965164,1539.053955078125,4.3534844735404477e-05,0.10290853679180145,0.07512003183364868,0.06658632308244705,0.0002575873222667724
radial,45,2.6984127341873116,0.3240000009536743,0.019428571686148643,1553.7647705078125,4.559877561405301e-05,0.10158026963472366,0.0760483369231224,0.06735137850046158,0.0002679922035895288
radial,45,2.619047493984302,0.3240000009536743,0.018857141956686974,1567.9638671875,4.7668210754636675e-05,0.10029327124357224,0.07694639265537262,0.06809185445308685,0.0002783357340376824
radial,45,2.5396825124820075,0.3240000009536743,0.018285714089870453,1581.6024169921875,4.97293149237521e-05,0.09905305504798889,0.07781053334474564,0.06880472600460052,0.0002885517315007746
radial,45,2.460317530979713,0.3240000009536743,0.017714286223053932,1594.540771484375,5.175738624529913e-05,0.09787271916866302,0.07863175868988037,0.06948252767324448,0.0002985187456943095
radial,45,2.3809522907767033,0.3240000009536743,0.017142856493592262,1606.589599609375,5.371573570300825e-05,0.09676995873451233,0.07939793169498444,0.07011522352695465,0.000308062182739377
radial,45,2.301587309274409,0.3240000009536743,0.01657142862677574,1617.7318115234375,5.558544216910377e-05,0.09574709832668304,0.08010775595903397,0.07070165872573853,0.00031710564508102834
radial,45,2.2222223277721143,0.3240000009536743,0.01600000075995922,1628.167236328125,5.7383393141208217e-05,0.09478653222322464,0.08077367395162582,0.07125204056501389,0.0003257471544202417
radial,45,2.142857087569104,0.3240000009536743,0.015428571030497551,1638.1456298828125,5.914461144129746e-05,0.09386575222015381,0.08141139894723892,0.07177931815385818,0.00033416133373975754
radial,45,2.0634921060668097,0.3240000009536743,0.01485714316368103,1647.783935546875,6.0887094150530174e-05,0.0929742082953453,0.08202826976776123,0.07228955626487732,0.00034243453410454094
radial,45,1.9841268658638,0.3240000009536743,0.01428571343421936,1657.0885009765625,6.260945519898087e-05,0.09211145341396332,0.0826246440410614,0.07278301566839218,0.0003505607310216874
radial,45,1.9047618843615055,0.3240000009536743,0.01371428556740284,1666.05029296875,6.430652865674347e-05,0.09127859771251678,0.08319985121488571,0.0732591450214386,0.00035851739812642336
radial,45,1.825396902859211,0.3240000009536743,0.013142857700586319,1674.660888671875,6.597310857614502e-05,0.09047659486532211,0.08375326544046402,0.07371740788221359,0.00036628195084631443
radial,45,1.7460316626562014,0.3240000009536743,0.012571427971124649,1682.9111328125,6.760362157365307e-05,0.08970655500888824,0.0842842161655426,0.0741572231054306,0.0003738306986633688
radial,45,1.6666666811539068,0.3240000009536743,0.012000000104308128,1690.7978515625,6.91933382768184e-05,0.08896910399198532,0.08479233086109161,0.07457827776670456,0.0003811439382843673
radial,45,1.627314809916748,0.3240000009536743,0.011716666631400585,1694.5723876953125,6.996520096436143e-05,0.08861567080020905,0.08503573387861252,0.07478002458810806,0.00038467778358608484
radial,45,1.5879629386795893,0.3240000009536743,0.011433333158493042,1698.257568359375,7.072573498589918e-05,0.08827026188373566,0.08527351170778275,0.07497715950012207,0.0003881487064063549
radial,45,1.5486110674424305,0.3240000009536743,0.011149999685585499,1701.853759765625,7.147454016376287e-05,0.08793289214372635,0.08550570905208588,0.07516967505216599,0.0003915549605153501
radial,45,1.5092591962052717,0.3240000009536743,0.010866666212677956,1705.35791015625,7.221052510431036e-05,0.087603859603405,0.085732102394104,0.07535742223262787,0.0003948919184040278
radial,45,1.4699074543184705,0.3240000009536743,0.010583333671092987,1708.769775390625,7.293307862710208e-05,0.08728325366973877,0.08595263212919235,0.07554034143686295,0.00039815690251998603
radial,45,1.4305555830813117,0.3240000009536743,0.010300000198185444,1712.0887451171875,7.364164775935933e-05,0.08697114139795303,0.08616727590560913,0.07571840286254883,0.00040134781738743186
radial,45,1.391203711844153,0.3240000009536743,0.0100166667252779,1715.3143310546875,7.433567225234583e-05,0.08666756749153137,0.08637600392103195,0.07589158415794373,0.00040446233469992876
radial,45,1.3518518406069941,0.3240000009536743,0.009733333252370358,1718.44677734375,7.501468644477427e-05,0.08637256920337677,0.08657880127429962,0.07605986297130585,0.00040749850450083613
radial,45,1.3124999693698354,0.3240000009536743,0.009449999779462814,1721.485107421875,7.56780500523746e-05,0.0860862284898758,0.08677560091018677,0.0762232095003128,0.00041045373654924333
radial,45,1.2638889408359926,0.3240000009536743,0.009100000374019146,1725.108154296875,7.647505117347464e-05,0.08574455976486206,0.08701039850711823,0.07641811668872833,0.00041398906614631414
radial,45,1.2233796425991588,0.3240000009536743,0.008808333426713943,1728.017333984375,7.71197082940489e-05,0.0854700356721878,0.08719903230667114,0.07657472789287567,0.000416835566284135
radial,45,1.1828703443623252,0.3240000009536743,0.008516666479408741,1730.826171875,7.774605910526589e-05,0.08520480990409851,0.08738125115633011,0.0767260417342186,0.0004195893125142902
radial,45,1.1423611754758491,0.3240000009536743,0.008225000463426113,1733.53564453125,7.835371798137203e-05,0.08494886755943298,0.08755709230899811,0.0768720731139183,0.0004222486459184438
radial,45,1.1018518772390153,0.3240000009536743,0.00793333351612091,1736.1451416015625,7.894213922554627e-05,0.08470224589109421,0.08772653341293335,0.0770128071308136,0.0004248112381901592
radial,45,1.0613425790021818,0.3240000009536743,0.007641666568815708,1738.655029296875,7.951084262458608e-05,0.08446495980024338,0.08788955211639404,0.07714824378490448,0.0004272750811651349
radial,45,1.0208333454405267,0.3240000009536743,0.007350000087171793,1741.0653076171875,8.005936979316175e-05,0.08423703163862228,0.08804617077112198,0.07727837562561035,0.00042963825399056077
radial,45,0.9803240472036931,0.3240000009536743,0.0070583331398665905,1743.3759765625,8.058732055360451e-05,0.08401845395565033,0.08819638937711716,0.07740320265293121,0.00043189877760596573
radial,45,0.9398148136420382,0.3240000009536743,0.006766666658222675,1745.587890625,8.109446207527071e-05,0.08380918204784393,0.08834023028612137,0.07752273976802826,0.0004340572631917894
radial,45,0.8993055800803834,0.3240000009536743,0.00647500017657876,1747.701416015625,8.158099808497354e-05,0.08360916376113892,0.088477723300457,0.07763701677322388,0.000436117232311517
radial,45,0.8587962818435497,0.3240000009536743,0.006183333229273558,1749.716796875,8.204628102248535e-05,0.08341841399669647,0.08860887587070465,0.07774604111909866,0.00043807391193695366
radial,45,0.8182870482818948,0.3240000009536743,0.0058916667476296425,1751.6341552734375,8.248939411714673e-05,0.08323695510625839,0.08873369544744492,0.07784981280565262,0.0004399194149300456
radial,45,0.7777777500450611,0.3240000009536743,0.00559999980032444,1753.456298828125,8.291393896797672e-05,0.08306431025266647,0.08885236829519272,0.07794848829507828,0.0004416976007632911
radial,60,30.000000778171753,0.4320000112056732,0.2160000056028366,300.0,0.0,0.0,0.0,0.0,0.0
radial,60,29.38888967037201,0.4320000112056732,0.21160000562667847,514.343505859375,7.330045459497114e-09,0.15978676080703735,0.012730247341096401,0.014984209090471268,7.43053050200615e-08
radial,60,28.77777856257227,0.4320000112056732,0.20720000565052032,514.7478637695312,7.353461395354088e-09,0.1599803864955902,0.012750526890158653,0.015006469562649727,7.449438754747462e-08
radial,60,28.166667454772526,0.4320000112056732,0.20280000567436218,515.208740234375,7.38621430684816e-09,0.16016870737075806,0.012773782014846802,0.015031106770038605,7.474077534652679e-08
radial,60,27.555556346972786,0.4320000112056732,0.19840000569820404,515.7236938476562,7.4286088391772864e-09,0.16034962236881256,0.012799903750419617,0.015057970769703388,7.504731058816105e-08
radial,60,26.944445239173042,0.4320000112056732,0.1940000057220459,516.2994384765625,7.481183672553016e-09,0.16052456200122833,0.012829229235649109,0.015087384730577469,7.541802915511653e-08
radial,60,26.3333341313733,0.4320000112056732,0.18960000574588776,516.941162109375,7.544333158193695e-09,0.1606939733028412,0.012862032279372215,0.01511959545314312,7.585637717966165e-08
radial,60,25.72222302357356,0.4320000112056732,0.18520000576972961,517.6535034179688,7.6182455899243e-09,0.16085776686668396,0.012898537330329418,0.01515478640794754,7.636506893504702e-08
radial,60,25.111111915773815,0.4320000112056732,0.18080000579357147,518.44140625,7.703053306329366e-09,0.16101577877998352,0.012939011678099632,0.015193182975053787,7.694733028529299e-08
radial,60,24.500000807974075,0.4320000112056732,0.17640000581741333,519.311279296875,7.798893975063947e-09,0.1611679345369339,0.012983772903680801,0.015235049650073051,7.760730369454905e-08
radial,60,23.88888970017433,0.4320000112056732,0.1720000058412552,520.27001953125,7.905923027351491e-09,0.16131415963172913,0.01303318701684475,0.015280692838132381,7.835006954337587e-08
radial,60,23.27777859237459,0.4320000112056732,0.16760000586509705,521.3260498046875,8.024270137241274e-09,0.16145430505275726,0.013087674975395203,0.01533046830445528,7.91817882372925e-08
radial,60,22.666667484574848,0.4320000112056732,0.1632000058889389,522.4886474609375,8.154045438857338e-09,0.16158823668956757,0.01314772479236126,0.01538478210568428,8.010992758045177e-08
radial,60,22.055556376775108,0.4320000112056732,0.15880000591278076,523.7688598632812,8.295296893834347e-09,0.1617157757282257,0.013213902711868286,0.01544411014765501,8.114346172760634e-08
radial,60,21.444445268975365,0.4320000112056732,0.15440000593662262,525.1795043945312,8.448082233769583e-09,0.1618366837501526,0.013286871835589409,0.01550900749862194,8.229319803376711e-08
radial,60,20.83333416117562,0.4320000112056732,0.15000000596046448,526.7357177734375,8.612534685425999e-09,0.1619507074356079,0.013367409817874432,0.015580125153064728,8.357236680467395e-08
radial,60,20.22222305337588,0.4320000112056732,0.14560000598430634,528.455078125,8.78887718158694e-09,0.1620575189590454,0.013456430286169052,0.015658225864171982,8.499734605038611e-08
radial,60,19.611111945576138,0.4320000112056732,0.1412000060081482,530.3585205078125,8.977481869010262e-09,0.16215664148330688,0.013555018231272697,0.01574421487748623,8.65884999257105e-08
radial,60,19.000000837776398,0.4320000112056732,0.13680000603199005,532.4713134765625,9.178836357648379e-09,0.16224762797355652,0.013664469122886658,0.01583917811512947,8.837128007144202e-08
radial,60,18.388889729976654,0.4320000112056732,0.1324000060558319,534.8232421875,9.393721356332208e-09,0.1623297929763794,0.01378634199500084,0.01594441384077072,9.03779096006474e-08
radial,60,17.777778622176914,0.4320000112056732,0.12800000607967377,537.4508056640625,9.623442487338707e-09,0.16240233182907104,0.013922520913183689,0.01606149598956108,9.264972788969317e-08
radial,60,17.16666751437717,0.4320000112056732,0.12360000610351562,540.3986206054688,9.87003634378425e-09,0.16246414184570312,0.01407531462609768,0.016192346811294556,9.524081434619802e-08
radial,60,16.555555371774567,0.4320000112056732,0.11919999867677689,543.7216186523438,1.0136636419133538e-08,0.16251391172409058,0.014247572049498558,0.016339341178536415,9.822269930737093e-08
radial,60,15.944444263974827,0.4320000112056732,0.11479999870061874,547.4882202148438,1.0427813279534348e-08,0.16254985332489014,0.014442842453718185,0.01650543510913849,1.0169114261771028e-07
radial,60,15.333333156175083,0.4320000112056732,0.1103999987244606,551.7839965820312,1.0750399681569434e-08,0.16256971657276154,0.014665579423308372,0.016694335266947746,1.0577605991102246e-07
radial,60,14.722221013572481,0.4320000112056732,0.10599999129772186,556.7174682617188,1.1114757114683016e-08,0.16257040202617645,0.014921417459845543,0.016910726204514503,1.1065658611641993e-07
radial,60,14.1111109405756,0.4320000112056732,0.10159999877214432,562.4276733398438,1.1536654298538451e-08,0.16254788637161255,0.015217605978250504,0.017160631716251373,1.165848857453966e-07
radial,60,13.499999832775858,0.4320000112056732,0.09719999879598618,569.095458984375,1.2040203500873758e-08,0.1624966263771057,0.01556356344372034,0.017451871186494827,1.239218647697271e-07
radial,60,12.888888724976116,0.4320000112056732,0.09279999881982803,576.9572143554688,1.266218419004872e-08,0.16240905225276947,0.015971647575497627,0.01779470033943653,1.331923868974627e-07
radial,60,12.277777617176374,0.4320000112056732,0.08839999884366989,586.3243408203125,1.345944777852992e-08,0.1622745394706726,0.016458164900541306,0.01820262521505356,1.4517254953716474e-07
radial,60,11.666666509376633,0.4320000112056732,0.08399999886751175,597.607421875,1.4521039481962816e-08,0.16207820177078247,0.01704469509422779,0.018693504855036736,1.6102970334941347e-07
radial,60,11.05555540157689,0.4320000112056732,0.07959999889135361,611.3450927734375,1.5987863477562314e-08,0.16179898381233215,0.017759695649147034,0.019290857017040253,1.8254837641507038e-07
radial,60,10.444444293777147,0.4320000112056732,0.07519999891519547,628.2314453125,1.808452942952954e-08,0.16140717267990112,0.01864011399447918,0.02002514712512493,2.124894251664955e-07
radial,60,9.833333185977406,0.4320000112056732,0.07079999893903732,649.1268310546875,2.1169309860624708e-08,0.1608617901802063,0.019732262939214706,0.020934466272592545,2.5514822254990577e-07
radial,60,9.222222078177664,0.4320000112056732,0.06639999896287918,675.0197143554688,2.5809733017467806e-08,0.16010862588882446,0.0210903100669384,0.02206321805715561,3.1716575676909997e-07
radial,60,8.611110970377922,0.4320000112056732,0.06199999898672104,706.8931884765625,3.288493743980325e-08,0.15908148884773254,0.022769883275032043,0.023456715047359467,4.0856764371710597e-07
radial,60,7.99999986257818,0.4320000112056732,0.0575999990105629,745.4639892578125,4.369867667719518e-08,0.1577102243900299,0.024814769625663757,0.025150179862976074,5.437883032755053e-07
radial,60,7.3888887547784385,0.4320000112056732,0.053199999034404755,790.8797607421875,6.006841601902124e-08,0.15593594312667847,0.027240470051765442,0.02715521678328514,7.422498811138212e-07
radial,60,6.777777646978697,0.4320000112056732,0.04879999905824661,842.5958251953125,8.436752096940836e-08,0.15372619032859802,0.03002616949379444,0.029453441500663757,1.0282674338668585e-06
radial,60,6.166666539178954,0.4320000112056732,0.04439999908208847,899.435791015625,1.194346168631455e-07,0.15108701586723328,0.033115316182374954,0.031997255980968475,1.429368012395571e-06
radial,60,5.555555431379212,0.4320000112056732,0.03999999910593033,961.6912841796875,1.6983619843813358e-07,0.14798003435134888,0.036516863852739334,0.03479333594441414,1.9896592675650027e-06
radial,60,5.392156955268648,0.4320000112056732,0.038823530077934265,979.2114868164062,1.8640103860434465e-07,0.14706945419311523,0.03747796639800072,0.03558255732059479,2.1710175133193843e-06
radial,60,5.228757961756654,0.4320000112056732,0.0376470573246479,996.189208984375,2.036286446127633e-07,0.1461707353591919,0.0384131595492363,0.03635019809007645,2.358313622607966e-06
radial,60,5.065359485646089,0.4320000112056732,0.03647058829665184,1012.40234375,2.212529039979927e-07,0.1452987790107727,0.039308011531829834,0.0370844304561615,2.548524207668379e-06
radial,60,4.901961009535524,0.4320000112056732,0.03529411926865578,1028.2900390625,2.3970883944457455e-07,0.14443162083625793,0.04018636792898178,0.03780486062169075,2.7462970138003584e-06
radial,60,4.73856201602353,0.4320000112056732,0.034117646515369415,1043.91552734375,2.5906660994223785e-07,0.14356690645217896,0.04105154424905777,0.03851422667503357,2.952292106783716e-06
radial,60,4.575163539912966,0.4320000112056732,0.03294117748737335,1059.203857421875,2.7922635581489885e-07,0.14270979166030884,0.04189925640821457,0.039209041744470596,3.1653612495574635e-06
radial,60,4.411764546400971,0.4320000112056732,0.03176470473408699,1074.0670166015625,3.0004548534634523e-07,0.1418662667274475,0.042724501341581345,0.03988522291183472,3.3839360185083933e-06
radial,60,4.248366070290406,0.4320000112056732,0.030588235706090927,1088.4139404296875,3.213490913367423e-07,0.14104261994361877,0.04352211952209473,0.040538571774959564,3.606148766266415e-06
radial,60,4.084967335479127,0.4320000112056732,0.029411764815449715,1102.103759765625,3.428619663736754e-07,0.1402481347322464,0.04428425431251526,0.04116268828511238,3.8291304917947855e-06
radial,60,3.9215686006678476,0.4320000112056732,0.028235293924808502,1114.9473876953125,3.64165543942363e-07,0.13949520885944366,0.04500032961368561,0.04174893721938133,4.048624759889208e-06
radial,60,3.7581698658565683,0.4320000112056732,0.02705882303416729,1126.9228515625,3.850186089948693e-07,0.13878682255744934,0.045668825507164,0.04229610413312912,4.262318725523073e-06
radial,60,3.5947711310452886,0.4320000112056732,0.025882352143526077,1138.2510986328125,4.0560348679719027e-07,0.13811127841472626,0.046301644295454025,0.04281396046280861,4.472243745112792e-06
radial,60,3.4313726549347243,0.4320000112056732,0.024705883115530014,1149.121337890625,4.261546564521268e-07,0.13745805621147156,0.04690922796726227,0.04331105947494507,4.680856363847852e-06
radial,60,3.2679739201234446,0.4320000112056732,0.0235294122248888,1159.57666015625,4.466898815280729e-07,0.13682514429092407,0.047494012862443924,0.04378940910100937,4.888366220257012e-06
radial,60,3.1045751853121653,0.4320000112056732,0.02235294133424759,1169.608154296875,4.6712113999092253e-07,0.13621366024017334,0.048055462539196014,0.04424858093261719,5.093916570331203e-06
radial,60,2.941176450500886,0.4320000112056732,0.021176470443606377,1179.1953125,4.873333523391921e-07,0.1356254667043686,0.04859239608049393,0.04468764364719391,5.296391464071348e-06
radial,60,2.777777715689606,0.4320000112056732,0.019999999552965164,1188.332275390625,5.072299700259464e-07,0.13506165146827698,0.04910427704453468,0.045106131583452225,5.494873676070711e-06
radial,60,2.6984127341873116,0.4320000112056732,0.019428571686148643,1192.60595703125,5.167574954612064e-07,0.1347968578338623,0.04934375733137131,0.045301903039216995,5.589680768025573e-06
radial,60,2.619047493984302,0.4320000112056732,0.018857141956686974,1196.77001953125,5.261813953438832e-07,0.13453808426856995,0.04957721009850502,0.04549273103475571,5.683339622919448e-06
radial,60,2.5396825124820075,0.4320000112056732,0.018285714089870453,1200.8233642578125,5.354872882890049e-07,0.134285569190979,0.04980451986193657,0.0456785224378109,5.775669706054032e-06
radial,60,2.460317530979713,0.4320000112056732,0.017714286223053932,1204.760498046875,5.446533464237291e-07,0.13403964042663574,0.05002537742257118,0.04585902765393257,5.86646274314262e-06
radial,60,2.3809522907767033,0.4320000112056732,0.017142856493592262,1208.5794677734375,5.536652452065027e-07,0.13380056619644165,0.05023965984582901,0.046034153550863266,5.955584128969349e-06
radial,60,2.301587309274409,0.4320000112056732,0.01657142862677574,1212.278564453125,5.625099674944067e-07,0.1335684210062027,0.05044728145003319,0.046203821897506714,6.042912900738884e-06
radial,60,2.2222223277721143,0.4320000112056732,0.01600000075995922,1215.8565673828125,5.711742119274277e-07,0.1333433836698532,0.05064815655350685,0.04636796936392784,6.128328095655888e-06
radial,60,2.142857087569104,0.4320000112056732,0.015428571030497551,1219.31201171875,5.79645131892903e-07,0.13312558829784393,0.050842203199863434,0.046526528894901276,6.2117101151670795e-06
radial,60,2.0634921060668097,0.4320000112056732,0.01485714316368103,1222.643798828125,5.879102218386834e-07,0.13291513919830322,0.051029354333877563,0.04667944088578224,6.2929457271820866e-06
radial,60,1.9841269952141576,0.4320000112056732,0.014285714365541935,1225.8509521484375,5.959573172731325e-07,0.13271218538284302,0.051209546625614166,0.04682666063308716,6.371923518599942e-06
radial,60,1.9047618843615055,0.4320000112056732,0.01371428556740284,1228.932373046875,6.037745947651274e-07,0.1325168013572693,0.05138271674513817,0.04696814343333244,6.448536169045838e-06
radial,60,1.825396902859211,0.4320000112056732,0.013142857700586319,1231.8876953125,6.113507993177336e-07,0.13232910633087158,0.051548831164836884,0.047103844583034515,6.522682269860525e-06
radial,60,1.746031792006559,0.4320000112056732,0.012571428902447224,1234.715576171875,6.186740506564092e-07,0.13214915990829468,0.05170781910419464,0.04723372682929039,6.594255864911247e-06
radial,60,1.6666666811539068,0.4320000112056732,0.012000000104308128,1237.41650390625,6.257352538341365e-07,0.13197705149650574,0.05185968428850174,0.04735778272151947,6.663174644927494e-06
radial,60,1.627314809916748,0.4320000112056732,0.011716666631400585,1238.708740234375,6.291382987910765e-07,0.13189461827278137,0.05193234980106354,0.04741714149713516,6.696375294268364e-06
radial,60,1.5879629386795893,0.4320000112056732,0.011433333158493042,1239.970458984375,6.324773380583792e-07,0.13181406259536743,0.05200330913066864,0.04747510328888893,6.728950211254414e-06
radial,60,1.5486110674424305,0.4320000112056732,0.011149999685585499,1241.201904296875,6.357507231768977e-07,0.13173536956310272,0.05207257717847824,0.04753167927265167,6.760868473065784e-06
radial,60,1.5092591962052717,0.4320000112056732,0.010866666212677956,1242.4024658203125,6.389558393493644e-07,0.1316586136817932,0.05214010924100876,0.047586843371391296,6.792105978092877e-06
radial,60,1.4699074543184705,0.4320000112056732,0.010583333671092987,1243.572021484375,6.420914928639831e-07,0.1315837800502777,0.05220590531826019,0.04764058440923691,6.822651357651921e-06
radial,60,1.4305555830813117,0.4320000112056732,0.010300000198185444,1244.710693359375,6.451567173826334e-07,0.1315108835697174,0.05226995795965195,0.04769290238618851,6.8524968810379505e-06
radial,60,1.391203711844153,0.4320000112056732,0.0100166667252779,1245.8182373046875,6.481504328803567e-07,0.1314399242401123,0.05233227461576462,0.047743797302246094,6.881633453303948e-06
radial,60,1.3518518406069941,0.4320000112056732,0.009733333252370358,1246.8946533203125,6.510716730190325e-07,0.1313709020614624,0.05239284783601761,0.04779326915740967,6.910051524755545e-06
radial,60,1.3124999693698354,0.4320000112056732,0.009449999779462814,1247.93994140625,6.539193577737024e-07,0.1313038468360901,0.05245167016983032,0.04784131050109863,6.9377420004457235e-06
radial,60,1.2638889408359926,0.4320000112056732,0.009100000374019146,1249.1881103515625,6.573333735104825e-07,0.13122372329235077,0.05252190679311752,0.047898679971694946,6.970917638682295e-06
radial,60,1.2233796425991588,0.4320000112056732,0.008808333426713943,1250.191650390625,6.600898814212997e-07,0.131159245967865,0.0525783970952034,0.0479448139667511,6.997690434218384e-06
radial,60,1.1828703443623252,0.4320000112056732,0.008516666479408741,1251.162353515625,6.627653874602402e-07,0.13109686970710754,0.052633024752140045,0.04798942804336548,7.023669240879826e-06
radial,60,1.1423611754758491,0.4320000112056732,0.008225000463426113,1252.0999755859375,6.6535909581944e-07,0.13103657960891724,0.052685804665088654,0.04803253337740898,7.048844508972252e-06
radial,60,1.1018518772390153,0.4320000112056732,0.00793333351612091,1253.0045166015625,6.678699264739407e-07,0.13097837567329407,0.05273672565817833,0.04807412251830101,7.0732057793065906e-06
radial,60,1.0613425790021818,0.4320000112056732,0.007641666568815708,1253.8759765625,6.702970267724595e-07,0.13092227280139923,0.05278579145669937,0.04811418801546097,7.096745775925228e-06
radial,60,1.0208334101157057,0.4320000112056732,0.00735000055283308,1254.714599609375,6.726396577505511e-07,0.13086825609207153,0.05283300206065178,0.04815274477005005,7.119457222870551e-06
radial,60,0.9803239825285144,0.4320000112056732,0.007058332674205303,1255.520263671875,6.748969667569327e-07,0.13081634044647217,0.05287835747003555,0.04818978160619736,7.141335117921699e-06
radial,60,0.9398148136420382,0.4320000112056732,0.006766666658222675,1256.292724609375,6.770682716705778e-07,0.13076655566692352,0.05292186141014099,0.04822530969977379,7.1623726398684084e-06
radial,60,0.8993055800803834,0.4320000112056732,0.00647500017657876,1257.032470703125,6.791528903704602e-07,0.13071884214878082,0.052963510155677795,0.048259321600198746,7.182563876995118e-06
radial,60,0.8587962818435497,0.4320000112056732,0.006183333229273558,1257.7391357421875,6.811501975789724e-07,0.13067325949668884,0.053003307431936264,0.048291824758052826,7.201902917586267e-06
radial,60,0.8182870482818948,0.4320000112056732,0.0058916667476296425,1258.4129638671875,6.830595111750881e-07,0.1306297481060028,0.053041256964206696,0.048322807997465134,7.220386123663047e-06
radial,60,0.7777777500450611,0.4320000112056732,0.00559999980032444,1259.053955078125,6.848802627246187e-07,0.1305883675813675,0.05307735502719879,0.04835228621959686,7.238007128762547e-06
radial,60,0.7372685164834063,0.4320000112056732,0.005308333318680525,1259.662109375,6.866119974802132e-07,0.13054907321929932,0.05311160907149315,0.04838025942444801,7.254761840158608e-06
radial,60,0.6967592829217514,0.4320000112056732,0.00501666683703661,1260.237548828125,6.882540901642642e-07,0.13051190972328186,0.05314401537179947,0.04840672016143799,7.270646619872423e-06
radial,60,0.6562499846849177,0.4320000112056732,0.004724999889731407,1260.780029296875,6.89806029186002e-07,0.13047683238983154,0.05317457765340805,0.04843167960643768,7.2856560109357815e-06
radial,60,0.6157407511232628,0.4320000112056732,0.004433333408087492,1261.2900390625,6.912674734849134e-07,0.13044385612010956,0.05320329964160919,0.0484551340341568,7.299789103853982e-06
radial,60,0.5752314528864291,0.4320000112056732,0.0041416664607822895,1261.767333984375,6.926380820004852e-07,0.1304129958152771,0.05323018506169319,0.04847708344459534,7.3130404416588135e-06
radial,60,0.5347222193247743,0.4320000112056732,0.0038499999791383743,1262.2119140625,6.939172862985288e-07,0.13038423657417297,0.05325523018836975,0.04849753528833389,7.325407295866171e-06
radial,60,0.49999999141113627,0.4320000112056732,0.003599999938160181,1262.5670166015625,6.949409794287931e-07,0.13036125898361206,0.05327523499727249,0.04851387441158295,7.335306690947618e-06
radial,60,0.43750000056914157,0.4320000112056732,0.0031500000040978193,1263.14599609375,6.966116643525311e-07,0.13032378256320953,0.053307853639125824,0.04854050278663635,7.351445674430579e-06
radial,60,0.3750000097271469,0.4320000112056732,0.0027000000700354576,1263.6473388671875,6.980600346651045e-07,0.13029131293296814,0.05333609879016876,0.04856356978416443,7.365408237092197e-06
radial,60,0.31249998654756284,0.4320000112056732,0.0022499999031424522,1264.0712890625,6.992861472099321e-07,0.13026386499404907,0.0533599816262722,0.048583075404167175,7.377219844784122e-06
radial,60,0.24999999570556813,0.4320000112056732,0.0017999999690800905,1264.41796875,7.002897746133385e-07,0.13024142384529114,0.05337951332330704,0.04859901964664459,7.386876859527547e-06
radial,60,0.18750000486357346,0.4320000112056732,0.0013500000350177288,1264.6873779296875,7.010702347542974e-07,0.13022395968437195,0.05339469760656357,0.048611417412757874,7.3943765528383665e-06
radial,60,0.12499999785278407,0.4320000112056732,0.0008999999845400453,1264.8797607421875,7.016268455117824e-07,0.1302115023136139,0.053405534476041794,0.04862026870250702,7.399710739264265e-06
radial,60,0.062499998926392034,0.4320000112056732,0.00044999999227002263,1264.9951171875,7.019595500423748e-07,0.13020402193069458,0.05341203883290291,0.048625580966472626,7.402883056784049e-06
radial,60,0.0,0.4320000112056732,0.0,1265.03369140625,7.020699399618024e-07,0.1302015334367752,0.05341420695185661,0.0486273467540741,7.403928066196386e-06
radial,75,30.000000778171753,0.5400000214576721,0.2160000056028366,300.0,0.0,0.0,0.0,0.0,0.0
radial,75,29.38888967037201,0.5400000214576721,0.21160000562667847,538.9972534179688,4.407951337270788e-09,0.14395593106746674,0.013709034770727158,0.015392079018056393,3.0580359577925265e-08
radial,75,28.777776492966545,0.5400000214576721,0.20719999074935913,539.6051635742188,4.4176435842757655e-09,0.14420823752880096,0.013737933710217476,0.015423174947500229,3.0637583137149704e-08
radial,75,28.166667454772526,0.5400000214576721,0.20280000567436218,540.27685546875,4.426318422900977e-09,0.1444564312696457,0.013769719749689102,0.015456602908670902,3.069425602575393e-08
radial,75,27.555556346972786,0.5400000214576721,0.19840000569820404,540.998779296875,4.434501654770884e-09,0.1446937918663025,0.013803744688630104,0.015491635538637638,3.074917032108715e-08
radial,75,26.944445239173042,0.5400000214576721,0.1940000057220459,541.78271484375,4.4421497591429215e-09,0.1449238359928131,0.013840554282069206,0.015528829768300056,3.080268129451724e-08
radial,75,26.3333341313733,0.5400000214576721,0.18960000574588776,542.6365356445312,4.449138835127542e-09,0.14514797925949097,0.013880508951842785,0.015568527393043041,3.0854952370873434e-08
radial,75,25.72222302357356,0.5400000214576721,0.18520000576972961,543.5643920898438,4.455297020200533e-09,0.1453663408756256,0.01392379030585289,0.015610884875059128,3.09060048664378e-08
radial,75,25.111111915773815,0.5400000214576721,0.18080000579357147,544.5709838867188,4.460437352804547e-09,0.14557905495166779,0.01397060789167881,0.015656083822250366,3.095595602076173e-08
radial,75,24.500000807974075,0.5400000214576721,0.17640000581741333,545.6622924804688,4.4643786445419664e-09,0.14578628540039062,0.014021218754351139,0.01570434682071209,3.1005082945512186e-08
radial,75,23.88888970017433,0.5400000214576721,0.1720000058412552,546.8447875976562,4.4669490328885786e-09,0.14598819613456726,0.014075912535190582,0.015755921602249146,3.105378354462118e-08
radial,75,23.27777859237459,0.5400000214576721,0.16760000586509705,548.1258544921875,4.46798109621227e-09,0.1461850106716156,0.014135011471807957,0.01581108756363392,3.110262625227733e-08
radial,75,22.666667484574848,0.5400000214576721,0.1632000058889389,549.5140991210938,4.467302083810409e-09,0.1463768482208252,0.014198887161910534,0.015870165079832077,3.115233582207111e-08
radial,75,22.055556376775108,0.5400000214576721,0.15880000591278076,551.0189819335938,4.4647192609659214e-09,0.14656388759613037,0.014267961494624615,0.015933509916067123,3.1203828854131643e-08
radial,75,21.444447338581085,0.5400000214576721,0.1544000208377838,552.6515502929688,4.460023017571757e-09,0.14674624800682068,0.014342712238430977,0.016001533716917038,3.1258231558695115e-08
radial,75,20.83333416117562,0.5400000214576721,0.15000000596046448,554.4242553710938,4.45299574991509e-09,0.14692406356334686,0.014423682354390621,0.01607470214366913,3.1316872650677396e-08
radial,75,20.22222305337588,0.5400000214576721,0.14560000598430634,556.3514404296875,4.443419410193883e-09,0.14709749817848206,0.01451149582862854,0.016153542324900627,3.13813757202297e-08
radial,75,19.611111945576138,0.5400000214576721,0.1412000060081482,558.4495849609375,4.4310817237658284e-09,0.14726661145687103,0.014606873504817486,0.01623866893351078,3.145371962887111e-08
radial,75,19.000000837776398,0.5400000214576721,0.13680000603199005,560.73779296875,4.415766863274939e-09,0.14743155241012573,0.014710643328726292,0.016330787912011147,3.1536352196326334e-08
radial,75,18.388889729976654,0.5400000214576721,0.1324000060558319,563.238037109375,4.397270103595474e-09,0.14759236574172974,0.014823762699961662,0.016430707648396492,3.163224704394452e-08
radial,75,17.777778622176914,0.5400000214576721,0.12800000607967377,565.9757080078125,4.375413364954284e-09,0.1477491557598114,0.014947333373129368,0.01653936505317688,3.174499951796861e-08
radial,75,17.16666544477145,0.5400000214576721,0.12359999120235443,568.9803466796875,4.350073634640239e-09,0.14790189266204834,0.015082640573382378,0.01665784791111946,3.187903985235607e-08
radial,75,16.555555371774567,0.5400000214576721,0.11919999867677689,572.286376953125,4.321210944624454e-09,0.14805057644844055,0.015231180936098099,0.016787419095635414,3.203985343702698e-08
radial,75,15.944444263974827,0.5400000214576721,0.11479999870061874,575.9340209960938,4.288873700630802e-09,0.14819516241550446,0.015394705347716808,0.016929561272263527,3.223433964194555e-08
radial,75,15.333333156175083,0.5400000214576721,0.1103999987244606,579.9706420898438,4.253230656559026e-09,0.14833544194698334,0.015575278550386429,0.01708601787686348,3.2471128008637606e-08
radial,75,14.722222048375341,0.5400000214576721,0.10599999874830246,584.4520874023438,4.2146219847438715e-09,0.1484711915254593,0.01577533222734928,0.017258837819099426,3.27610010231183e-08
radial,75,14.1111109405756,0.5400000214576721,0.10159999877214432,589.44482421875,4.173640544280488e-09,0.14860202372074127,0.015997765585780144,0.017450466752052307,3.3117643738478364e-08
radial,75,13.500000867578718,0.5400000214576721,0.09720000624656677,595.028564453125,4.131218034331141e-09,0.1487273871898651,0.016246069222688675,0.01766384206712246,3.3558514189735433e-08
radial,75,12.888888724976116,0.5400000214576721,0.09279999881982803,601.2996826171875,4.088715588324021e-09,0.14884652197360992,0.01652447134256363,0.017902517691254616,3.4106303559156004e-08
radial,75,12.277777617176374,0.5400000214576721,0.08839999884366989,608.3743286132812,4.048059665251458e-09,0.14895828068256378,0.01683807373046875,0.018170787021517754,3.4790392788863755e-08
radial,75,11.666666509376633,0.5400000214576721,0.08399999886751175,616.39111328125,4.011938337100673e-09,0.14906111359596252,0.01719302125275135,0.018473800271749496,3.564892026020061e-08
radial,75,11.05555540157689,0.5400000214576721,0.07959999889135361,625.5142822265625,3.984099272713593e-09,0.14915284514427185,0.017596611753106117,0.018817681819200516,3.673146764526791e-08
radial,75,10.444443258974287,0.5400000214576721,0.07519999146461487,635.9324951171875,3.969697015548945e-09,0.1492304652929306,0.018057312816381454,0.019209515303373337,3.810212234611754e-08
radial,75,9.833333185977406,0.5400000214576721,0.07079999893903732,647.8507080078125,3.9756495873177755e-09,0.14928995072841644,0.018584461882710457,0.019657088443636894,3.984260388278926e-08
radial,75,9.222222078177664,0.5400000214576721,0.06639999896287918,661.4718627929688,4.010888510208588e-09,0.1493261605501175,0.019187498837709427,0.020168256014585495,4.2053223126004013e-08
radial,75,8.611110970377922,0.5400000214576721,0.06199999898672104,676.9683837890625,4.086372129563642e-09,0.14933282136917114,0.019874796271324158,0.020749935880303383,4.485101001705516e-08
radial,75,7.99999986257818,0.5400000214576721,0.0575999990105629,694.4487915039062,4.214776971878109e-09,0.1493029147386551,0.020652256906032562,0.021406935527920723,4.83641500181875e-08
radial,75,7.3888887547784385,0.5400000214576721,0.053199999034404755,713.9261474609375,4.4097712148527535e-09,0.14922934770584106,0.021521931514143944,0.022140806540846825,5.272217151741643e-08
radial,75,6.777777646978697,0.5400000214576721,0.04879999905824661,735.2726440429688,4.684631349505253e-09,0.1491059809923172,0.02247992902994156,0.022948089987039566,5.803738289955618e-08
radial,75,6.166666539178954,0.5400000214576721,0.04439999908208847,758.0352783203125,5.047577467109932e-09,0.1489304155111313,0.023507829755544662,0.023813148960471153,6.433388932691742e-08
radial,75,5.555555431379212,0.5400000214576721,0.03999999910593033,782.0916748046875,5.509959599692138e-09,0.14869993925094604,0.02460060827434063,0.024731649085879326,7.170133642375731e-08
radial,75,5.392156955268648,0.5400000214576721,0.038823530077934265,788.8008422851562,5.6526117120370145e-09,0.1486280858516693,0.024906698614358902,0.024988733232021332,7.390467970935788e-08
radial,75,5.228757961756654,0.5400000214576721,0.0376470573246479,795.418212890625,5.799090541103169e-09,0.1485540270805359,0.025209501385688782,0.02524297498166561,7.616110764274708e-08
radial,75,5.065359485646089,0.5400000214576721,0.03647058829665184,801.78662109375,5.9458535872636276e-09,0.14847977459430695,0.025501595810055733,0.025488153100013733,7.839913962470746e-08
radial,75,4.901961009535524,0.5400000214576721,0.03529411926865578,808.02587890625,6.095213667123289e-09,0.14840421080589294,0.025788431987166405,0.025728845968842506,8.065603651630227e-08
radial,75,4.73856201602353,0.5400000214576721,0.034117646515369415,814.1607666015625,6.247518502533467e-09,0.14832717180252075,0.026071112602949142,0.025965984910726547,8.293766740052888e-08
radial,75,4.575163539912966,0.5400000214576721,0.03294117748737335,820.15234375,6.401527308241839e-09,0.14824935793876648,0.02634781412780285,0.026198044419288635,8.522577132907827e-08
radial,75,4.411764546400971,0.5400000214576721,0.03176470473408699,825.940673828125,6.5551795103147015e-09,0.1481717973947525,0.026615696027874947,0.026422645896673203,8.749067603730509e-08
radial,75,4.248366070290406,0.5400000214576721,0.030588235706090927,831.4759521484375,6.706580180093624e-09,0.14809533953666687,0.026872381567955017,0.026637807488441467,8.970576459432777e-08
radial,75,4.084967335479127,0.5400000214576721,0.029411764815449715,836.7735595703125,6.855801704119813e-09,0.14801998436450958,0.027118520811200142,0.026844074949622154,9.187370153540542e-08
radial,75,3.9215686006678476,0.5400000214576721,0.028235293924808502,841.878173828125,7.003715829512203e-09,0.14794529974460602,0.027356121689081192,0.027043135836720467,9.400869060982586e-08
radial,75,3.7581698658565683,0.5400000214576721,0.02705882303416729,846.7982177734375,7.150120495680312e-09,0.14787140488624573,0.02758549153804779,0.027235252782702446,9.610867834908277e-08
radial,75,3.5947711310452886,0.5400000214576721,0.025882352143526077,851.5348510742188,7.294751025455071e-09,0.14779847860336304,0.027806658297777176,0.02742045558989048,9.817019019919826e-08
radial,75,3.4313726549347243,0.5400000214576721,0.024705883115530014,856.095458984375,7.437495064266386e-09,0.1477266550064087,0.028019927442073822,0.027599003165960312,1.0019189744525647e-07
radial,75,3.2679739201234446,0.5400000214576721,0.0235294122248888,860.4771728515625,7.577908078815199e-09,0.1476561725139618,0.028225131332874298,0.027770761400461197,1.0216773205229401e-07
radial,75,3.1045751853121653,0.5400000214576721,0.02235294133424759,864.6746826171875,7.715488692383587e-09,0.14758726954460144,0.02842198871076107,0.02793550118803978,1.0409072359607308e-07
radial,75,2.941176709201601,0.5400000214576721,0.021176472306251526,868.6824340820312,7.84971110334709e-09,0.1475202590227127,0.028610199689865112,0.02809297665953636,1.0595360322440683e-07
radial,75,2.777777715689606,0.5400000214576721,0.019999999552965164,872.4976196289062,7.98009303082381e-09,0.1474553942680359,0.028789564967155457,0.02824302203953266,1.0775018211006682e-07
radial,75,2.6984127341873116,0.5400000214576721,0.019428571686148643,874.2811279296875,8.04190314340758e-09,0.14742468297481537,0.028873488306999207,0.02831321954727173,1.0860182442229416e-07
radial,75,2.619047493984302,0.5400000214576721,0.018857141956686974,876.01904296875,8.10265099460139e-09,0.14739453792572021,0.02895532362163067,0.02838166058063507,1.0944120276690228e-07
radial,75,2.5396825124820075,0.5400000214576721,0.018285714089870453,877.7103271484375,8.162287734592155e-09,0.14736498892307281,0.02903500199317932,0.02844829484820366,1.1026378388123703e-07
radial,75,2.460317530979713,0.5400000214576721,0.017714286223053932,879.3534545898438,8.220725433716325e-09,0.14733606576919556,0.029112456366419792,0.028513064607977867,1.1106839536978441e-07
radial,75,2.3809522907767033,0.5400000214576721,0.017142856493592262,880.947998046875,8.277908136733458e-09,0.14730781316757202,0.029187660664319992,0.028575949370861053,1.1185429826809923e-07
radial,75,2.301587309274409,0.5400000214576721,0.01657142862677574,882.4932861328125,8.333777223867855e-09,0.1472802460193634,0.029260585084557533,0.02863692119717598,1.126207180845995e-07
radial,75,2.2222223277721143,0.5400000214576721,0.01600000075995922,883.9888916015625,8.388276739879075e-09,0.1472533941268921,0.02933119609951973,0.028695955872535706,1.133669229602674e-07
radial,75,2.142857087569104,0.5400000214576721,0.015428571030497551,885.4343872070312,8.441352505883515e-09,0.14722730219364166,0.029399476945400238,0.028753036633133888,1.1409220235236717e-07
radial,75,2.0634921060668097,0.5400000214576721,0.01485714316368103,886.8292236328125,8.492953007532833e-09,0.14720195531845093,0.02946539968252182,0.028808142989873886,1.1479586703444511e-07
radial,75,1.9841271245645153,0.5400000214576721,0.01428571529686451,888.1731567382812,8.543025842300267e-09,0.14717738330364227,0.029528940096497536,0.028861258178949356,1.154772348854749e-07
radial,75,1.9047618843615055,0.5400000214576721,0.01371428556740284,889.465576171875,8.591523048551153e-09,0.14715364575386047,0.029590081423521042,0.028912357985973358,1.16135659311567e-07
radial,75,1.8253967735088534,0.5400000214576721,0.013142856769263744,890.7064819335938,8.638394000115568e-09,0.14713072776794434,0.0296487994492054,0.028961434960365295,1.1677049371883186e-07
radial,75,1.746031792006559,0.5400000214576721,0.012571428902447224,891.8951416015625,8.683588959002009e-09,0.14710865914821625,0.029705071821808815,0.029008466750383377,1.173810488808158e-07
radial,75,1.6666666811539068,0.5400000214576721,0.012000000104308128,893.03125,8.727054634505294e-09,0.1470874696969986,0.02975887432694435,0.029053429141640663,1.1796668530905663e-07
radial,75,1.627314809916748,0.5400000214576721,0.011716666631400585,893.5748291015625,8.747942814579801e-09,0.1470772922039032,0.029784629121422768,0.02907494828104973,1.1824883472399961e-07
radial,75,1.5879629386795893,0.5400000214576721,0.011433333158493042,894.1055297851562,8.76838335273078e-09,0.14706732332706451,0.029809769243001938,0.029095955193042755,1.1852596060180076e-07
radial,75,1.5486110674424305,0.5400000214576721,0.011149999685585499,894.6231689453125,8.78837713713665e-09,0.14705759286880493,0.02983429655432701,0.029116451740264893,1.1879693317951023e-07
radial,75,1.5092591962052717,0.5400000214576721,0.010866666212677956,895.1275634765625,8.807912621477954e-09,0.14704808592796326,0.02985820174217224,0.029136426746845245,1.1906163166486294e-07
radial,75,1.4699074543184705,0.5400000214576721,0.010583333671092987,895.6187744140625,8.826988917576273e-09,0.1470387876033783,0.029881484806537628,0.029155880212783813,1.1931999210901267e-07
radial,75,1.4305555830813117,0.5400000214576721,0.010300000198185444,896.0966796875,8.84559803182583e-09,0.14702974259853363,0.029904142022132874,0.029174812138080597,1.195719505631132e-07
radial,75,1.391203711844153,0.5400000214576721,0.0100166667252779,896.5614013671875,8.863738187869785e-09,0.14702095091342926,0.029926175251603127,0.029193222522735596,1.1981749992173718e-07
radial,75,1.3518518406069941,0.5400000214576721,0.009733333252370358,897.0130615234375,8.881408497529719e-09,0.1470123678445816,0.029947588220238686,0.02921111322939396,1.2005661176317517e-07
radial,75,1.3124999693698354,0.5400000214576721,0.009449999779462814,897.4513549804688,8.898602743556694e-09,0.14700400829315186,0.02996838092803955,0.029228482395410538,1.202892292440083e-07
radial,75,1.2638889408359926,0.5400000214576721,0.009100000374019146,897.9747314453125,8.919186278433244e-09,0.14699400961399078,0.029993204399943352,0.029249222949147224,1.205672219839471e-07
radial,75,1.2233796425991588,0.5400000214576721,0.008808333426713943,898.3955688476562,8.935779227670082e-09,0.1469859629869461,0.03001316823065281,0.02926590107381344,1.2079118505425868e-07
radial,75,1.1828703443623252,0.5400000214576721,0.008516666479408741,898.8024291992188,8.951858809780333e-09,0.14697816967964172,0.03003247268497944,0.02928202971816063,1.2100838375772582e-07
radial,75,1.1423611754758491,0.5400000214576721,0.008225000463426113,899.1954956054688,8.967421472050319e-09,0.14697062969207764,0.03005112335085869,0.029297608882188797,1.2121857650981838e-07
radial,75,1.1018518772390153,0.5400000214576721,0.00793333351612091,899.5745849609375,8.982466326301619e-09,0.14696334302425385,0.03006911650300026,0.02931263856589794,1.214217206779722e-07
radial,75,1.0613425790021818,0.5400000214576721,0.007641666568815708,899.9398193359375,8.996988931642136e-09,0.14695629477500916,0.030086452141404152,0.029327120631933212,1.2161778784047783e-07
radial,75,1.0208333454405267,0.5400000214576721,0.007350000087171793,900.291259765625,9.01098839989345e-09,0.14694952964782715,0.030103132128715515,0.02934105508029461,1.2180673536477116e-07
radial,75,0.9803240472036931,0.5400000214576721,0.0070583331398665905,900.6288452148438,9.02446029016346e-09,0.14694301784038544,0.0301191583275795,0.029354441910982132,1.2198856325085217e-07
radial,75,0.9398148136420382,0.5400000214576721,0.006766666658222675,900.9525756835938,9.03740371427375e-09,0.14693675935268402,0.030134528875350952,0.02936728298664093,1.2216324307701143e-07
radial,75,0.8993055154052045,0.5400000214576721,0.006474999710917473,901.2625732421875,9.04981689586748e-09,0.1469307392835617,0.030149247497320175,0.029379576444625854,1.2233074642153952e-07
radial,75,0.8587962818435497,0.5400000214576721,0.006183333229273558,901.5587768554688,9.061697170409388e-09,0.14692500233650208,0.03016331046819687,0.029391324147582054,1.224910590735817e-07
radial,75,0.8182870482818948,0.5400000214576721,0.0058916667476296425,901.8412475585938,9.073041873364218e-09,0.14691951870918274,0.03017672523856163,0.02940252795815468,1.2264415261142858e-07
radial,75,0.7777777500450611,0.5400000214576721,0.00559999980032444,902.10986328125,9.083850116553549e-09,0.1469142884016037,0.030189484357833862,0.029413186013698578,1.2279002703508013e-07
radial,75,0.7372685164834063,0.5400000214576721,0.005308333318680525,902.3648681640625,9.094118347263702e-09,0.14690932631492615,0.030201595276594162,0.0294233039021492,1.2292866813368164e-07
radial,75,0.6967592829217514,0.5400000214576721,0.00501666683703661,902.606201171875,9.103848341851517e-09,0.14690463244915009,0.03021305426955223,0.0294328723102808,1.230600616963784e-07
radial,75,0.6562499846849177,0.5400000214576721,0.004724999889731407,902.833740234375,9.113035659424895e-09,0.14690017700195312,0.030223865061998367,0.029441900551319122,1.231841935123157e-07
radial,75,0.6157407511232628,0.5400000214576721,0.004433333408087492,903.047607421875,9.121677635448577e-09,0.14689600467681885,0.030234023928642273,0.02945038676261902,1.233010493706388e-07
radial,75,0.5752314528864291,0.5400000214576721,0.0041416664607822895,903.2478637695312,9.129776046279403e-09,0.14689210057258606,0.030243536457419395,0.029458332806825638,1.2341062927134772e-07
radial,75,0.5347222193247743,0.5400000214576721,0.0038499999791383743,903.434326171875,9.137328227382113e-09,0.14688844978809357,0.030252398923039436,0.02946573495864868,1.2351293321444246e-07
radial,75,0.49999999141113627,0.5400000214576721,0.003599999938160181,903.5834350585938,9.143364287922395e-09,0.14688552916049957,0.03025948256254196,0.02947165071964264,1.2359498668956803e-07
radial,75,0.4374999682315522,0.5400000214576721,0.0031499997712671757,903.8264770507812,9.153220403845808e-09,0.14688077569007874,0.030271030962467194,0.029481297358870506,1.2372802871141175e-07
radial,75,0.3750000097271469,0.5400000214576721,0.0027000000700354576,904.037109375,9.16177533838436e-09,0.14687664806842804,0.03028104268014431,0.029489656910300255,1.2384197134451824e-07
radial,75,0.31249998654756284,0.5400000214576721,0.0022499999031424522,904.21533203125,9.169018433397014e-09,0.14687314629554749,0.030289512127637863,0.029496729373931885,1.2393805093324772e-07
radial,75,0.24999999570556813,0.5400000214576721,0.0017999999690800905,904.361083984375,9.174947024348512e-09,0.14687028527259827,0.030296439304947853,0.029502518475055695,1.2401623905589076e-07
radial,75,0.18750000486357346,0.5400000214576721,0.0013500000350177288,904.4744873046875,9.179560223060435e-09,0.14686806499958038,0.030301829800009727,0.029507018625736237,1.2407650729073794e-07
radial,75,0.12499999785278407,0.5400000214576721,0.0008999999845400453,904.555419921875,9.182850924105423e-09,0.14686648547649384,0.03030567802488804,0.02951023355126381,1.2411884142693452e-07
radial,75,0.062499998926392034,0.5400000214576721,0.00044999999227002263,904.6040649414062,9.184820015661899e-09,0.14686551690101624,0.030307987704873085,0.029512163251638412,1.2414329830789939e-07
radial,75,0.0,0.5400000214576721,0.0,904.6202392578125,9.185471938621959e-09,0.14686521887779236,0.030308758839964867,0.029512805864214897,1.2415105743457389e-07
centerline,0.0,0.0,0.0,0.0,294.0001220703125,0.15636996924877167,0.19649995863437653,2.1973995956159342e-08,2.2692232093390885e-08,3.756782440689221e-09
centerline,0.06218905279335256,0.0,0.0004477611801121384,0.0,294.0005798339844,0.1563698947429657,0.19649985432624817,8.895666780972533e-08,9.19618372563491e-08,1.5281930387800458e-08
centerline,0.12437810558670512,0.0,0.0008955223602242768,0.0,294.0016174316406,0.15636971592903137,0.19649963080883026,2.3485114297727705e-07,2.432556129861041e-07,4.069929460115418e-08
centerline,0.18656716242225635,0.0,0.0013432835694402456,0.0,294.0038757324219,0.1563693732023239,0.19649913907051086,5.363982040762494e-07,5.570018970502133e-07,9.40146165362421e-08
centerline,0.24875621117341024,0.0,0.0017910447204485536,0.0,294.0082702636719,0.15636871755123138,0.19649823009967804,1.1017012866432196e-06,1.1473380254756194e-06,1.9558436292754777e-07
centerline,0.3109452599245641,0.0,0.0022388058714568615,0.0,294.01617431640625,0.15636761486530304,0.1964966356754303,2.07898233384185e-06,2.1717671643273206e-06,3.740681790986855e-07
centerline,0.3731343248445127,0.0,0.0026865671388804913,0.0,294.0294189453125,0.15636587142944336,0.19649405777454376,3.6572896533471067e-06,3.832410129689379e-06,6.669312142548733e-07
centerline,0.4353233897644613,0.0,0.003134328406304121,0.0,294.0502624511719,0.15636323392391205,0.1964900940656662,6.0632892200374044e-06,6.3730039983056486e-06,1.1201160532436916e-06
centerline,0.49751242234682047,0.0,0.003582089440897107,0.0,294.0814514160156,0.1563594937324524,0.19648431241512299,9.554782991472166e-06,1.0072244549519382e-05,1.7869502926259884e-06
centerline,0.5597015196043584,0.0,0.0040298509411513805,0.0,294.12615966796875,0.1563543975353241,0.19647623598575592,1.4411368283617776e-05,1.5233890735544264e-05,2.7263483843853464e-06
centerline,0.6218905198491282,0.0,0.004477611742913723,0.0,294.18780517578125,0.15634767711162567,0.19646534323692322,2.0923176634823903e-05,2.2174626792548224e-05,4.000492936029332e-06
centerline,0.6840795847690768,0.0,0.004925373010337353,0.0,294.2699890136719,0.1563391238451004,0.19645114243030548,2.937996032414958e-05,3.121211193501949e-05,5.672458883054787e-06
centerline,0.7462686496890254,0.0,0.0053731342777609825,0.0,294.3764343261719,0.15632854402065277,0.19643311202526093,4.006094241049141e-05,4.2653748096199706e-05,7.803911103110295e-06
centerline,0.808457714608974,0.0,0.005820895545184612,0.0,294.5107421875,0.15631574392318726,0.19641080498695374,5.322517972672358e-05,5.678593515767716e-05,1.0452867172716651e-05
centerline,0.8706467795289226,0.0,0.006268656812608242,0.0,294.6764831542969,0.1563006192445755,0.1963837742805481,6.910638330737129e-05,7.386809011222795e-05,1.3672350178239867e-05
centerline,0.9328358444488711,0.0,0.006716418080031872,0.0,294.8769226074219,0.15628306567668915,0.19635166227817535,8.791266736807302e-05,9.413201041752473e-05,1.751006675476674e-05
centerline,0.9950248446936409,0.0,0.007164178881794214,0.0,295.1152038574219,0.15626300871372223,0.19631409645080566,0.00010982796811731532,0.00011778309271903709,2.2008480300428346e-05
centerline,1.0572139096135895,0.0,0.007611940149217844,0.0,295.394287109375,0.15624040365219116,0.19627076387405396,0.00013501467765308917,0.00014500298129860312,2.7205223886994645e-05
centerline,1.1194030392087169,0.0,0.008059701882302761,0.0,295.71685791015625,0.15621523559093475,0.19622142612934113,0.00016361576854251325,0.0001759517181199044,3.3133444958366454e-05
centerline,1.1815921041286654,0.0,0.00850746314972639,0.0,296.08544921875,0.15618747472763062,0.19616581499576569,0.0001957558124559,0.0002107688778778538,3.982199996244162e-05
centerline,1.2437810396982565,0.0,0.008955223485827446,0.0,296.50238037109375,0.15615715086460114,0.19610372185707092,0.00023154205700848252,0.0002495745720807463,4.729565989691764e-05
centerline,1.305970104618205,0.0,0.009402984753251076,0.0,296.96978759765625,0.1561242640018463,0.1960349678993225,0.00027106580091640353,0.00029247108614072204,5.5575430451426655e-05
centerline,1.3681591695381536,0.0,0.009850746020674706,0.0,297.48956298828125,0.15608884394168854,0.1959594041109085,0.00031440387829206884,0.000339544378221035,6.467886851169169e-05
centerline,1.4303482344581022,0.0,0.010298507288098335,0.0,298.06353759765625,0.1560509204864502,0.19587688148021698,0.0003616200410760939,0.00039086584001779556,7.462043140549213e-05
centerline,1.4925372993780508,0.0,0.010746268555521965,0.0,298.69317626953125,0.15601053833961487,0.19578731060028076,0.0004127668507862836,0.0004464940866455436,8.541190618416294e-05
centerline,1.5547263642979994,0.0,0.011194029822945595,0.0,299.3799743652344,0.15596772730350494,0.1956905871629715,0.00046788694453425705,0.0005064767901785672,9.706274431664497e-05
centerline,1.616915429217948,0.0,0.011641791090369225,0.0,300.1251525878906,0.155922532081604,0.1955866515636444,0.0005270143738016486,0.0005708516691811383,0.00010958033089991659
centerline,1.6791044941378965,0.0,0.012089552357792854,0.0,300.9298400878906,0.15587499737739563,0.19547542929649353,0.0005901754484511912,0.0006396480603143573,0.00012297027569729835
centerline,1.741293559057845,0.0,0.012537313625216484,0.0,301.7950439453125,0.1558251678943634,0.19535686075687408,0.0006573903956450522,0.000712888257112354,0.00013723672600463033
centerline,1.8034826239777937,0.0,0.012985074892640114,0.0,302.72161865234375,0.1557730883359909,0.19523094594478607,0.0007286739419214427,0.0007905883830972016,0.00015238254854921252
centerline,1.8656716888977423,0.0,0.013432836160063744,0.0,303.7103576660156,0.15571880340576172,0.19509762525558472,0.000804036040790379,0.0008727592648938298,0.00016840954776853323
centerline,1.9278607538176908,0.0,0.013880597427487373,0.0,304.761962890625,0.15566234290599823,0.19495689868927002,0.000883482804056257,0.0009594075381755829,0.00018531864043325186
centerline,1.9900496893872819,0.0,0.014328357763588428,0.0,305.87701416015625,0.15560375154018402,0.1948087364435196,0.0009670172585174441,0.0010505361715331674,0.00020311004482209682
centerline,2.0522387543072305,0.0,0.014776119031012058,0.0,307.0560302734375,0.15554307401180267,0.19465315341949463,0.001054639695212245,0.001146145281381905,0.00022178336803335696
centerline,2.114427819227179,0.0,0.015223880298435688,0.0,308.2995300292969,0.15548032522201538,0.19449011981487274,0.001146348426118493,0.0012462326558306813,0.00024133776605594903
centerline,2.176617013497485,0.0,0.015671642497181892,0.0,309.60784912109375,0.15541554987430573,0.19431965053081512,0.00124213972594589,0.0013507938710972667,0.00026177201652899384
centerline,2.2388060784174337,0.0,0.016119403764605522,0.0,310.9813232421875,0.1553487777709961,0.19414174556732178,0.0013420088216662407,0.0014598233392462134,0.00028308460605330765
centerline,2.3009951433373823,0.0,0.016567165032029152,0.0,312.4203186035156,0.15528002381324768,0.1939564198255539,0.001445949892513454,0.0015733143081888556,0.0003052738611586392
centerline,2.363184208257331,0.0,0.01701492629945278,0.0,313.92498779296875,0.15520933270454407,0.19376367330551147,0.0015539563028141856,0.0016912592109292746,0.0003283378900960088
centerline,2.4253730144765644,0.0,0.017462685704231262,0.0,315.4955749511719,0.15513671934604645,0.1935635209083557,0.0016660208348184824,0.0018136496655642986,0.0003522748011164367
centerline,2.487562079396513,0.0,0.017910446971654892,0.0,317.13226318359375,0.1550622135400772,0.1933559775352478,0.0017821360379457474,0.0019404771737754345,0.00037708249874413013
centerline,2.5497511443164615,0.0,0.01835820823907852,0.0,318.83514404296875,0.15498581528663635,0.19314102828502655,0.0019022941123694181,0.0020717328879982233,0.0004027590330224484
centerline,2.61194020923641,0.0,0.01880596950650215,0.0,320.60430908203125,0.15490755438804626,0.19291871786117554,0.0020264871418476105,0.002207407960668206,0.0004293023666832596
centerline,2.6741292741563587,0.0,0.01925373077392578,0.0,322.43988037109375,0.15482744574546814,0.19268904626369476,0.002154707442969084,0.0023474935442209244,0.00045671043335460126
centerline,2.7363183390763073,0.0,0.01970149204134941,0.0,324.34185791015625,0.15474551916122437,0.19245201349258423,0.002286947099491954,0.0024919803254306316,0.00048498125397600234
centerline,2.798507403996256,0.0,0.02014925330877304,0.0,326.3102722167969,0.15466175973415375,0.19220764935016632,0.0024231981951743364,0.002640859689563513,0.0005141128785908222
centerline,2.8606964689162044,0.0,0.02059701457619667,0.0,328.3451232910156,0.15457619726657867,0.19195596873760223,0.0025634532794356346,0.00279412348754704,0.0005441035027615726
centerline,2.922885533836153,0.0,0.0210447758436203,0.0,330.4463806152344,0.15448883175849915,0.19169697165489197,0.002707705833017826,0.002951763803139329,0.0005749513511545956
centerline,2.9850745987561016,0.0,0.02149253711104393,0.0,332.614013671875,0.15439967811107635,0.19143065810203552,0.0028559486381709576,0.003113772952929139,0.0006066547939553857
centerline,3.04726366367605,0.0,0.02194029837846756,0.0,334.8479309082031,0.1543087512254715,0.19115707278251648,0.0030081758741289377,0.003280143951997161,0.0006392122595570982
centerline,3.1094527285959987,0.0,0.02238805964589119,0.0,337.1480712890625,0.15421605110168457,0.19087618589401245,0.0031643814872950315,0.0034508698154240847,0.0006726223509758711
centerline,3.1716417935159473,0.0,0.02283582091331482,0.0,339.5143127441406,0.15412159264087677,0.19058804214000702,0.003324559424072504,0.0036259444896131754,0.0007068835548125207
centerline,3.233830858435896,0.0,0.02328358218073845,0.0,341.94659423828125,0.1540253609418869,0.19029264152050018,0.00348870363086462,0.0038053609896451235,0.0007419945322908461
centerline,3.2960199233558445,0.0,0.02373134344816208,0.0,344.4447326660156,0.15392738580703735,0.18998998403549194,0.0036568075884133577,0.003989111166447401,0.0007779535953886807
centerline,3.358208988275793,0.0,0.02417910471558571,0.0,347.0085144042969,0.15382765233516693,0.1896800845861435,0.0038288631476461887,0.004177187103778124,0.0008147589978761971
centerline,3.4203980531957416,0.0,0.02462686598300934,0.0,349.63775634765625,0.15372617542743683,0.18936298787593842,0.004004862159490585,0.004369579255580902,0.0008524088189005852
centerline,3.48258711811569,0.0,0.025074627250432968,0.0,352.332275390625,0.15362295508384705,0.18903866410255432,0.0041847992688417435,0.004566281568259001,0.0008909019525162876
centerline,3.544776183035639,0.0,0.025522388517856598,0.0,355.092041015625,0.15351799130439758,0.1887071281671524,0.004368683323264122,0.004767303820699453,0.0009302399703301489
centerline,3.6069652479555874,0.0,0.025970149785280228,0.0,357.9170837402344,0.15341128408908844,0.18836833536624908,0.004556523635983467,0.004972655791789293,0.0009704249678179622
centerline,3.669154312875536,0.0,0.026417911052703857,0.0,360.80706787109375,0.15330283343791962,0.18802234530448914,0.004748302046209574,0.005182317458093166,0.0010114527540281415
centerline,3.7313433777954845,0.0,0.026865672320127487,0.0,363.7611389160156,0.1531926691532135,0.18766924738883972,0.004943970590829849,0.005396234802901745,0.0010533122112974524
centerline,11.860670314894783,0.0,0.08539682626724243,0.0,1238.6605224609375,0.1204984188079834,0.07026734948158264,0.06959503889083862,0.07607206702232361,0.014854053035378456
centerline,11.485890588826603,0.0,0.08269841223955154,0.0,1181.6065673828125,0.12283153831958771,0.07879255712032318,0.06489646434783936,0.07094636559486389,0.013859936036169529
centerline,11.111110862758425,0.0,0.07999999821186066,0.0,1113.0888671875,0.125600203871727,0.08891388028860092,0.05932392552495003,0.06485987454652786,0.012675082311034203
centerline,10.987103192342653,0.0,0.0791071429848671,0.0,1090.8175048828125,0.12649375200271606,0.09218204766511917,0.05752536654472351,0.06289443373680115,0.012291871942579746
centerline,10.86309552192688,0.0,0.07821428775787354,0.0,1073.150634765625,0.12719886004924774,0.09476082772016525,0.056106504052877426,0.06134349852800369,0.011989222839474678
centerline,10.739086816708246,0.0,0.07732142508029938,0.0,1055.7025146484375,0.12789267301559448,0.09729636460542679,0.05471140146255493,0.05981849879026413,0.011691607534885406
centerline,10.615079146292475,0.0,0.07642856985330582,0.0,1038.3875732421875,0.12857912480831146,0.09980396926403046,0.05333169549703598,0.058310262858867645,0.011397221125662327
centerline,10.491071475876703,0.0,0.07553571462631226,0.0,1021.2080688476562,0.12925806641578674,0.10228312760591507,0.05196765810251236,0.05681909993290901,0.011106128804385662
centerline,10.36706380546093,0.0,0.0746428593993187,0.0,1004.1851196289062,0.12992849946022034,0.10473033785820007,0.05062121897935867,0.05534710735082626,0.01081873755902052
centerline,10.243055100242296,0.0,0.07374999672174454,0.0,987.3230590820312,0.1305900365114212,0.10714434087276459,0.04929308220744133,0.05389506369829178,0.010535202920436859
centerline,10.119047429826525,0.0,0.07285714149475098,0.0,970.6217651367188,0.1312425285577774,0.10952453315258026,0.0479835607111454,0.05246332287788391,0.010255597531795502
centerline,9.995039759410753,0.0,0.07196428626775742,0.0,954.0827026367188,0.13188590109348297,0.11187061667442322,0.04669281840324402,0.05105206370353699,0.009979958645999432
centerline,9.87103208899498,0.0,0.07107143104076385,0.0,937.7079467773438,0.13252012431621552,0.1141824945807457,0.04542090743780136,0.04966134950518608,0.009708304889500141
centerline,9.747023383776346,0.0,0.0701785683631897,0.0,921.4996337890625,0.13314516842365265,0.11646003276109695,0.0441678911447525,0.04829125851392746,0.009440652094781399
centerline,9.623015713360575,0.0,0.06928571313619614,0.0,905.4609375,0.1337609738111496,0.1187029778957367,0.042933911085128784,0.04694194346666336,0.00917703378945589
centerline,9.499008042944803,0.0,0.06839285790920258,0.0,889.5939331054688,0.13436751067638397,0.12091121077537537,0.04171902686357498,0.04561347886919975,0.008917467668652534
centerline,9.37500037252903,0.0,0.06750000268220901,0.0,873.899169921875,0.13496482372283936,0.12308483570814133,0.04052317142486572,0.044305797666311264,0.008661942556500435
centerline,9.250991667310396,0.0,0.06660714000463486,0.0,858.3765869140625,0.13555297255516052,0.1252240687608719,0.03934622183442116,0.04301876574754715,0.008410435169935226
centerline,9.126983996894625,0.0,0.0657142847776413,0.0,843.0264892578125,0.13613203167915344,0.12732908129692078,0.038188088685274124,0.04175228998064995,0.008162927813827991
centerline,9.002976326478853,0.0,0.06482142955064774,0.0,827.8499145507812,0.1367020159959793,0.12939997017383575,0.037048716098070145,0.040506307035684586,0.007919411174952984
centerline,8.87896865606308,0.0,0.06392857432365417,0.0,812.8479614257812,0.1372629553079605,0.1314367800951004,0.035928066819906235,0.039280783385038376,0.007679880131036043
centerline,8.754959950844446,0.0,0.06303571164608002,0.0,798.0216674804688,0.13781489431858063,0.13343960046768188,0.034826092422008514,0.03807567059993744,0.007444326300173998
centerline,8.630952280428675,0.0,0.062142856419086456,0.0,783.3720703125,0.13835786283016205,0.13540853559970856,0.03374273702502251,0.0368909016251564,0.007212737575173378
centerline,8.506944610012903,0.0,0.061250001192092896,0.0,768.8999633789062,0.13889189064502716,0.13734371960163116,0.032677918672561646,0.0357264019548893,0.006985100917518139
centerline,8.3829364221957,0.0,0.060357142239809036,0.0,754.6064453125,0.13941703736782074,0.13924527168273926,0.03163157030940056,0.03458208590745926,0.006761400494724512
centerline,8.258928751779928,0.0,0.059464287012815475,0.0,740.4924926757812,0.13993336260318756,0.14111332595348358,0.030603619292378426,0.033457886427640915,0.00654162373393774
centerline,8.134920563962725,0.0,0.058571428060531616,0.0,726.5595703125,0.14044086635112762,0.1429479867219925,0.02959400974214077,0.032353732734918594,0.0063257585279643536
centerline,8.010912893546953,0.0,0.057678572833538055,0.0,712.80908203125,0.1409396082162857,0.14474934339523315,0.028602680191397667,0.03126956894993782,0.006113794166594744
centerline,7.88690470572975,0.0,0.056785713881254196,0.0,699.2425537109375,0.14142963290214539,0.14651751518249512,0.02762957662343979,0.03020533174276352,0.005905718542635441
centerline,7.762897035313977,0.0,0.055892858654260635,0.0,685.8616333007812,0.14191097021102905,0.14825260639190674,0.026674631983041763,0.02916095033288002,0.0057015190832316875
centerline,7.638888847496775,0.0,0.054999999701976776,0.0,672.6677856445312,0.1423836499452591,0.14995473623275757,0.02573777362704277,0.028136344626545906,0.005501180421561003
centerline,7.514881177081002,0.0,0.054107144474983215,0.0,659.6627197265625,0.14284774661064148,0.15162406861782074,0.024818923324346542,0.02713143453001976,0.005304686725139618
centerline,7.3908729892638,0.0,0.053214285522699356,0.0,646.8480834960938,0.1433033049106598,0.1532607078552246,0.02391800284385681,0.02614612877368927,0.005112021695822477
centerline,7.266865318848027,0.0,0.052321430295705795,0.0,634.2255859375,0.1437503546476364,0.1548648476600647,0.023034928366541862,0.02518034167587757,0.004923167638480663
centerline,7.142857131030825,0.0,0.051428571343421936,0.0,621.7971801757812,0.14418897032737732,0.15643659234046936,0.02216961979866028,0.024233980104327202,0.00473810825496912
centerline,7.018849460615052,0.0,0.050535716116428375,0.0,609.5647583007812,0.1446191966533661,0.15797610580921173,0.021321993321180344,0.023306960240006447,0.004556826315820217
centerline,6.89484127279785,0.0,0.049642857164144516,0.0,597.5304565429688,0.1450410783290863,0.15948353707790375,0.02049197256565094,0.022399194538593292,0.004379305522888899
centerline,6.770833084980647,0.0,0.04874999821186066,0.0,585.6965942382812,0.14545467495918274,0.16095900535583496,0.01967948116362095,0.021510601043701172,0.004205530043691397
centerline,6.646825414564875,0.0,0.047857142984867096,0.0,574.0653686523438,0.14586001634597778,0.16240264475345612,0.0188844446092844,0.02064109966158867,0.004035484045743942
centerline,6.522817226747672,0.0,0.04696428403258324,0.0,562.6392822265625,0.1462571620941162,0.16381458938121796,0.018106786534190178,0.01979060471057892,0.003869150998070836
centerline,6.3988095563319,0.0,0.046071428805589676,0.0,551.420654296875,0.1466461569070816,0.16519500315189362,0.017346423119306564,0.018959026783704758,0.0037065146025270224
centerline,6.274801368514697,0.0,0.04517856985330582,0.0,540.4119262695312,0.14702707529067993,0.16654400527477264,0.016603274270892143,0.018146280199289322,0.00354755693115294
centerline,6.150793698098925,0.0,0.044285714626312256,0.0,529.6155395507812,0.14739996194839478,0.16786177456378937,0.0158772561699152,0.01735226996243,0.0033922605216503143
centerline,6.026785510281722,0.0,0.0433928556740284,0.0,519.0340576171875,0.14776486158370972,0.16914843022823334,0.015168280340731144,0.01657690294086933,0.003240607213228941
centerline,5.90277783986595,0.0,0.042500000447034836,0.0,508.6697998046875,0.14812183380126953,0.17040416598320007,0.014476263895630836,0.015820086002349854,0.003092578612267971
centerline,5.778769652048747,0.0,0.04160714149475098,0.0,498.5254211425781,0.1484709531068802,0.17162910103797913,0.013801119290292263,0.015081726014614105,0.0029481572564691305
centerline,5.654761981632975,0.0,0.040714286267757416,0.0,488.60333251953125,0.14881224930286407,0.17282339930534363,0.013142762705683708,0.0143617307767272,0.0028073242865502834
centerline,5.530753793815772,0.0,0.039821427315473557,0.0,478.906005859375,0.14914581179618835,0.17398720979690552,0.012501107528805733,0.0136600062251091,0.0026700622402131557
centerline,5.4067461234,0.0,0.038928572088479996,0.0,469.4359436035156,0.14947167038917542,0.17512068152427673,0.011876067146658897,0.012976457364857197,0.002536352491006255
centerline,5.282737935582797,0.0,0.038035713136196136,0.0,460.1954345703125,0.14978989958763123,0.1762239933013916,0.011267552152276039,0.012310987338423729,0.002406175946816802
centerline,5.158730265167025,0.0,0.037142857909202576,0.0,451.1868896484375,0.15010057389736176,0.17729727923870087,0.01067547220736742,0.011663497425615788,0.0022795137483626604
centerline,5.034722077349822,0.0,0.036249998956918716,0.0,442.41259765625,0.15040373802185059,0.17834070324897766,0.01009974256157875,0.011033895425498486,0.0021563477348536253
centerline,4.91071440693405,0.0,0.035357143729925156,0.0,433.87554931640625,0.1506994217634201,0.17935435473918915,0.0095403166487813,0.01042213011533022,0.0020366681274026632
centerline,4.786706219116847,0.0,0.034464284777641296,0.0,425.57928466796875,0.1509876549243927,0.18033820390701294,0.008997205644845963,0.009828214533627033,0.0019204773707315326
centerline,4.662698548701075,0.0,0.033571429550647736,0.0,417.52801513671875,0.15126840770244598,0.1812921166419983,0.008470474742352962,0.009252220392227173,0.0018077899003401399
centerline,4.538690360883872,0.0,0.032678570598363876,0.0,409.7247619628906,0.15154168009757996,0.1822160929441452,0.0079601239413023,0.008694146759808064,0.0016986054833978415
centerline,4.4146826904681,0.0,0.031785715371370316,0.0,402.1728820800781,0.1518074870109558,0.18311011791229248,0.0074661774560809135,0.008154021576046944,0.0015929294750094414
centerline,4.290674502650897,0.0,0.030892856419086456,0.0,394.8815002441406,0.15206557512283325,0.18397334218025208,0.006989083718508482,0.0076323337852954865,0.0014908576849848032
centerline,4.1666665735344095,0.0,0.029999999329447746,0.0,386.80084228515625,0.1523529291152954,0.18492843210697174,0.006461019162088633,0.007054923567920923,0.0013778791762888432
centerline,4.104477508614461,0.0,0.029552238062024117,0.0,382.82647705078125,0.1524953544139862,0.18539944291114807,0.0062005226500332355,0.006770088337361813,0.0013221448753029108
centerline,4.042288443694512,0.0,0.029104476794600487,0.0,379.4620361328125,0.15261705219745636,0.18579977750778198,0.0059790415689349174,0.006527918856590986,0.0012747581349685788
centerline,3.9800993787745638,0.0,0.028656715527176857,0.0,376.1992492675781,0.15273547172546387,0.1861875355243683,0.0057644592598080635,0.006293298210948706,0.0012288485886529088
centerline,3.9179105725553303,0.0,0.028208956122398376,0.0,372.9985656738281,0.15285219252109528,0.18656815588474274,0.005553776398301125,0.006062945816665888,0.0011837739730253816
centerline,3.8557215076353817,0.0,0.027761194854974747,0.0,369.8577575683594,0.15296731889247894,0.18694205582141876,0.005346755031496286,0.00583660090342164,0.0011394830653443933
centerline,3.793532442715433,0.0,0.027313433587551117,0.0,366.7783203125,0.15308082103729248,0.1873091161251068,0.005143469665199518,0.005614344961941242,0.0010959920473396778
centerline,3.7313433777954845,0.0,0.026865672320127487,0.0,363.7611389160156,0.1531926691532135,0.18766924738883972,0.004943970590829849,0.005396234802901745,0.0010533122112974524
centerline,45.08377363284429,0.0,0.3246031701564789,0.0,1766.4459228515625,8.410244481638074e-05,0.0819065198302269,0.08964978158473969,0.0786031112074852,0.000448128383141011
centerline,44.047617250018654,0.0,0.3171428442001343,0.0,1816.467529296875,0.00012190103734610602,0.07610560208559036,0.09352486580610275,0.08193130046129227,0.000602064945269376
centerline,43.01146500640446,0.0,0.30968254804611206,0.0,1868.6029052734375,0.00017760356422513723,0.06985656917095184,0.09762071073055267,0.08550074696540833,0.0008064472349360585
centerline,41.97530862357881,0.0,0.30222222208976746,0.0,1922.62158203125,0.0002602775930427015,0.06314557790756226,0.10192696750164032,0.08932170271873474,0.0010761497542262077
centerline,40.939152240753174,0.0,0.29476189613342285,0.0,1978.10791015625,0.0003840149147436023,0.05597177892923355,0.1064210757613182,0.09339792281389236,0.0014291848056018353
centerline,39.90299999713898,0.0,0.28730159997940063,0.0,2034.2542724609375,0.0005707282689400017,0.048372168093919754,0.11105374991893768,0.09771227836608887,0.0018842007266357541
centerline,38.86684361431334,0.0,0.27984127402305603,0.0,2089.8359375,0.0008554680389352143,0.04042781889438629,0.11575014144182205,0.10222283750772476,0.002456609858199954
centerline,37.8306872314877,0.0,0.2723809480667114,0.0,2142.8232421875,0.0012942854082211852,0.03232002258300781,0.12038677930831909,0.10682810842990875,0.0031463387422263622
centerline,36.794530848662056,0.0,0.2649206221103668,0.0,2190.587646484375,0.0019843042828142643,0.024301210418343544,0.12483398616313934,0.11137562990188599,0.003918464761227369
centerline,35.75837860504786,0.0,0.2574603259563446,0.0,2228.7626953125,0.003089774399995804,0.016857383772730827,0.1289229393005371,0.11555476486682892,0.004640617873519659
centerline,34.72222222222222,0.0,0.25,0.0,2251.637451171875,0.005295234732329845,0.010151932016015053,0.13297265768051147,0.11912403255701065,0.004939833655953407
centerline,34.3474435309569,0.0,0.2473015934228897,0.0,2253.696533203125,0.006403409875929356,0.00828817579895258,0.13426274061203003,0.1200285255908966,0.004865438211709261
centerline,33.97266277008587,0.0,0.24460317194461823,0.0,2251.51806640625,0.007523943670094013,0.007107568439096212,0.13518261909484863,0.12052929401397705,0.004711446817964315
centerline,33.59788407882055,0.0,0.24190476536750793,0.0,2247.42724609375,0.008690765127539635,0.0062191057950258255,0.1359407901763916,0.1208515390753746,0.0045227897353470325
centerline,33.22310331794951,0.0,0.23920634388923645,0.0,2242.154052734375,0.009910404682159424,0.005488210823386908,0.13659951090812683,0.12107651680707932,0.004323589149862528
centerline,32.84832462668419,0.0,0.23650793731212616,0.0,2235.964111328125,0.011181549169123173,0.004867256619036198,0.13718006014823914,0.1212332472205162,0.0041228123009204865
centerline,32.47354593541887,0.0,0.23380953073501587,0.0,2229.027587890625,0.012511936016380787,0.004317171406000853,0.13770458102226257,0.12134326249361038,0.003923360258340836
centerline,32.09876517454783,0.0,0.23111110925674438,0.0,2221.4501953125,0.013883105479180813,0.003840547753497958,0.1381632685661316,0.12140942364931107,0.003733046120032668
centerline,31.723986483282513,0.0,0.2284127026796341,0.0,2213.337890625,0.015296520665287971,0.003416916821151972,0.13856926560401917,0.12144268304109573,0.0035520100500434637
centerline,31.349205722411476,0.0,0.2257142812013626,0.0,2204.7216796875,0.016755757853388786,0.0030364985577762127,0.1389273852109909,0.12144830822944641,0.0033813922200351954
centerline,30.974427031146156,0.0,0.22301587462425232,0.0,2195.6240234375,0.018263552337884903,0.0026918763760477304,0.1392408013343811,0.12143035978078842,0.003222416155040264
centerline,30.599646270275116,0.0,0.22031745314598083,0.0,2186.05419921875,0.019822120666503906,0.00237859389744699,0.1395099014043808,0.12139154970645905,0.0030770127195864916
centerline,30.2248675790098,0.0,0.21761904656887054,0.0,2176.01318359375,0.021433714777231216,0.0020935724023729563,0.1397334337234497,0.1213340237736702,0.0029477353673428297
centerline,29.85008888774448,0.0,0.21492063999176025,0.0,2165.490234375,0.023100541904568672,0.0018353085033595562,0.13990776240825653,0.1212594211101532,0.0028382460586726665
centerline,29.47530812687344,0.0,0.21222221851348877,0.0,2154.45947265625,0.024824954569339752,0.0016041283961385489,0.1400257647037506,0.12116904556751251,0.002754186512902379
centerline,29.100529435608124,0.0,0.20952381193637848,0.0,2142.887451171875,0.026609359309077263,0.001401551067829132,0.14007696509361267,0.12106381356716156,0.0027030182536691427
centerline,28.725748674737083,0.0,0.206825390458107,0.0,2130.791748046875,0.02845650166273117,0.001225298852659762,0.1400621086359024,0.12094416469335556,0.0026845945976674557
centerline,28.350969983471764,0.0,0.2041269838809967,0.0,2118.22119140625,0.030369505286216736,0.0010703153675422072,0.13999228179454803,0.12081016600131989,0.002691839123144746
centerline,27.976191292206448,0.0,0.2014285773038864,0.0,2105.204345703125,0.0323517769575119,0.000933155242819339,0.13987517356872559,0.12066170573234558,0.002719801152125001
centerline,27.601410531335407,0.0,0.19873015582561493,0.0,2091.758056640625,0.034406863152980804,0.0008113600197248161,0.13971580564975739,0.12049861997365952,0.002765182638540864
centerline,27.22663184007009,0.0,0.19603174924850464,0.0,2077.89306640625,0.03653838112950325,0.0007030649576336145,0.13951751589775085,0.12032074481248856,0.002825775882229209
centerline,26.85185107919905,0.0,0.19333332777023315,0.0,2063.617919921875,0.038749996572732925,0.0006068116053938866,0.1392824649810791,0.12012791633605957,0.0029001119546592236
centerline,26.47707238793373,0.0,0.19063492119312286,0.0,2048.93994140625,0.04104532301425934,0.0005214357515797019,0.13901203870773315,0.11991995573043823,0.0029872136656194925
centerline,26.102293696668415,0.0,0.18793651461601257,0.0,2033.8670654296875,0.04342783987522125,0.00044598098611459136,0.13870707154273987,0.11969669908285141,0.0030864293221384287
centerline,25.727512935797375,0.0,0.1852380931377411,0.0,2018.41015625,0.04590074345469475,0.0003796450619120151,0.13836805522441864,0.11945798248052597,0.0031973228324204683
centerline,25.352734244532055,0.0,0.1825396865606308,0.0,2002.5838623046875,0.0484667532145977,0.00032175061642192304,0.13799525797367096,0.11920367181301117,0.003319616662338376
centerline,24.977953483661018,0.0,0.17984126508235931,0.0,1986.407958984375,0.05112786218523979,0.00027173393755219877,0.137588769197464,0.11893368512392044,0.003453152487054467
centerline,24.6031747923957,0.0,0.17714285850524902,0.0,1969.91015625,0.053884975612163544,0.0002291435084771365,0.1371486783027649,0.11864805966615677,0.003597859526053071
centerline,24.228394031524658,0.0,0.17444443702697754,0.0,1953.1282958984375,0.05673736333847046,0.00019365247862879187,0.13667507469654083,0.11834701895713806,0.0037537305615842342
centerline,23.853615340259342,0.0,0.17174603044986725,0.0,1936.1151123046875,0.059681739658117294,0.00016509118722751737,0.13616827130317688,0.11803102493286133,0.0039207772351801395
centerline,23.478836648994022,0.0,0.16904762387275696,0.0,1918.9420166015625,0.06271132081747055,0.0001434864243492484,0.1356288641691208,0.11770093441009521,0.004098974633961916
centerline,23.104055888122982,0.0,0.16634920239448547,0.0,1901.7021484375,0.06581474840641022,0.00012911393423564732,0.1350579857826233,0.11735808849334717,0.0042882091365754604
centerline,22.729277196857666,0.0,0.16365079581737518,0.0,1884.5145263671875,0.06897474825382233,0.0001225735031766817,0.13445742428302765,0.11700445413589478,0.004488225094974041
centerline,22.354496435986626,0.0,0.1609523743391037,0.0,1867.524658203125,0.07216689735651016,0.00012487707135733217,0.13382992148399353,0.11664270609617233,0.004698581527918577
centerline,21.979717744721306,0.0,0.1582539677619934,0.0,1850.9019775390625,0.0753590390086174,0.0001375374267809093,0.13317914307117462,0.11627630889415741,0.0049186390824615955
centerline,21.60493905345599,0.0,0.15555556118488312,0.0,1834.8321533203125,0.07851139456033707,0.00016265426529571414,0.13250970840454102,0.11590941995382309,0.005147552117705345
centerline,21.23015829258495,0.0,0.15285713970661163,0.0,1819.502685546875,0.0815783441066742,0.00020298607705626637,0.13182687759399414,0.11554668843746185,0.005384355783462524
centerline,20.85537960131963,0.0,0.15015873312950134,0.0,1805.083740234375,0.08451177179813385,0.00026199486455880105,0.13113589584827423,0.11519281566143036,0.005628140177577734
centerline,20.480598840448593,0.0,0.14746031165122986,0.0,1791.7105712890625,0.08726461976766586,0.00034386059269309044,0.13044124841690063,0.11485207080841064,0.005878225434571505
centerline,20.105820149183273,0.0,0.14476190507411957,0.0,1779.46337890625,0.0897962898015976,0.0004535112821031362,0.12974561750888824,0.11452766507863998,0.006134509574621916
centerline,19.731041457917957,0.0,0.14206349849700928,0.0,1768.3497314453125,0.09207777678966522,0.0005967408651486039,0.1290484517812729,0.11422108113765717,0.006397908553481102
centerline,19.356260697046917,0.0,0.1393650770187378,0.0,1758.2999267578125,0.09409478306770325,0.0007805047789588571,0.12834489345550537,0.1139315664768219,0.006670802365988493
centerline,18.981482005781597,0.0,0.1366666704416275,0.0,1749.169921875,0.09584857523441315,0.0010134896729141474,0.12762457132339478,0.11365587264299393,0.006957519333809614
centerline,18.606701244910557,0.0,0.13396824896335602,0.0,1740.751220703125,0.09735407680273056,0.0013070163549855351,0.12687063217163086,0.11338819563388824,0.0072648245841264725
centerline,18.23192255364524,0.0,0.13126984238624573,0.0,1732.7802734375,0.09863652288913727,0.0016763301100581884,0.12605857849121094,0.11312008649110794,0.0076025244779884815
centerline,17.85714386237992,0.0,0.12857143580913544,0.0,1724.945068359375,0.09972765296697617,0.002142274519428611,0.12515473365783691,0.11284036189317703,0.007984225638210773
centerline,17.482363101508884,0.0,0.12587301433086395,0.0,1716.8836669921875,0.10066219419240952,0.002733374247327447,0.12411421537399292,0.1125347837805748,0.008428306318819523
centerline,17.107583375440704,0.0,0.12317460030317307,0.0,1708.1749267578125,0.1014753207564354,0.003488493151962757,0.12287785112857819,0.11218542605638504,0.008959271013736725
centerline,16.732804684175385,0.0,0.12047619372606277,0.0,1698.3148193359375,0.10220170021057129,0.004460470285266638,0.12136754393577576,0.11176946014165878,0.009609781205654144
centerline,16.358024958107208,0.0,0.11777777969837189,0.0,1686.6805419921875,0.10287555307149887,0.005721138324588537,0.11947944760322571,0.11125746369361877,0.010423616506159306
centerline,15.983245232039028,0.0,0.115079365670681,0.0,1672.5963134765625,0.10353168845176697,0.007355392444878817,0.11710992455482483,0.11061078310012817,0.011437147855758667
centerline,15.60846550597085,0.0,0.11238095164299011,0.0,1655.7867431640625,0.10420730710029602,0.009411790408194065,0.11430080980062485,0.10977884382009506,0.012584780342876911
centerline,15.23368577990267,0.0,0.10968253761529922,0.0,1636.0330810546875,0.10494089126586914,0.011937516741454601,0.11113397032022476,0.10870165377855301,0.013768070377409458
centerline,14.858906053834492,0.0,0.10698412358760834,0.0,1612.7364501953125,0.10577209293842316,0.015026907436549664,0.10759614408016205,0.10731033235788345,0.014942143112421036
centerline,14.484127362569174,0.0,0.10428571701049805,0.0,1585.201904296875,0.10674475878477097,0.01879287138581276,0.10367505252361298,0.10552219301462173,0.016050729900598526
centerline,14.109347636500996,0.0,0.10158730298280716,0.0,1552.6512451171875,0.10790891945362091,0.023365531116724014,0.09937389194965363,0.10323760658502579,0.017014529556035995
centerline,13.734567910432816,0.0,0.09888888895511627,0.0,1514.223388671875,0.10932231694459915,0.028892196714878082,0.0947202742099762,0.10033758729696274,0.017723606899380684
centerline,13.359788184364637,0.0,0.09619047492742538,0.0,1468.9803466796875,0.1110515296459198,0.03553628921508789,0.08977655321359634,0.09668169170618057,0.018029212951660156
centerline,12.985008458296459,0.0,0.0934920608997345,0.0,1415.927001953125,0.11317238956689835,0.043473415076732635,0.0846528485417366,0.09210740029811859,0.017735039815306664
centerline,12.61022976703114,0.0,0.0907936543226242,0.0,1357.107666015625,0.11559762060642242,0.05237411707639694,0.0795050635933876,0.08681880682706833,0.01690061390399933
centerline,12.235450040962961,0.0,0.08809524029493332,0.0,1297.2415771484375,0.11808224767446518,0.06144315376877785,0.07446809113025665,0.08137534558773041,0.01587507501244545
centerline,11.860670314894783,0.0,0.08539682626724243,0.0,1238.6605224609375,0.1204984188079834,0.07026734948158264,0.06959503889083862,0.07607206702232361,0.014854053035378456
centerline,100.00000397364299,0.0,0.7200000286102295,0.0,600.106689453125,6.97662372317609e-10,0.13829849660396576,0.015735100954771042,0.016952289268374443,4.421606192295258e-09
centerline,98.96384345160591,0.0,0.7125396728515625,0.0,612.947998046875,1.2664784776461602e-09,0.14169415831565857,0.0164262093603611,0.017624951899051666,6.163320964702734e-09
centerline,97.92769120799171,0.0,0.7050793766975403,0.0,614.781494140625,1.286944995015915e-09,0.14181241393089294,0.016496840864419937,0.017687862738966942,6.267913299495831e-09
centerline,96.89153068595462,0.0,0.6976190209388733,0.0,617.5164184570312,1.3068122139969773e-09,0.14198718965053558,0.016603581607341766,0.017782876268029213,6.440431299381544e-09
centerline,95.85537844234042,0.0,0.6901587247848511,0.0,621.0752563476562,1.327337462164735e-09,0.14221107959747314,0.01674431748688221,0.017907999455928802,6.683870346080312e-09
centerline,94.81922619872623,0.0,0.6826984286308289,0.0,625.37841796875,1.3490463190990454e-09,0.1424751877784729,0.016916651278734207,0.018060965463519096,7.001446533649869e-09
centerline,93.78306567668915,0.0,0.6752380728721619,0.0,630.3873291015625,1.3731205061873197e-09,0.14277225732803345,0.01711965724825859,0.01824078895151615,7.3980985781929576e-09
centerline,92.74691343307495,0.0,0.6677777767181396,0.0,636.0988159179688,1.4004547521651034e-09,0.14309658110141754,0.017353780567646027,0.018447699025273323,7.88410048357946e-09
centerline,91.71076118946075,0.0,0.6603174805641174,0.0,642.5286865234375,1.4323416896999674e-09,0.14344282448291779,0.01762024126946926,0.018682578578591347,8.47270253956367e-09
centerline,90.67460066742368,0.0,0.6528571248054504,0.0,649.7105712890625,1.4701341255474176e-09,0.14380612969398499,0.01792106032371521,0.01894700713455677,9.18265374849625e-09
centerline,89.63844842380948,0.0,0.6453968286514282,0.0,657.693115234375,1.5155888766216208e-09,0.14418169856071472,0.01825897954404354,0.019243178889155388,1.0037996212020062e-08
centerline,88.60229618019528,0.0,0.637936532497406,0.0,666.5404052734375,1.5707581901835965e-09,0.14456480741500854,0.018637539818882942,0.01957395300269127,1.1071302985499187e-08
centerline,87.5661356581582,0.0,0.630476176738739,0.0,676.3358764648438,1.6385097723059516e-09,0.14495070278644562,0.01906130649149418,0.01994306966662407,1.2325922504885511e-08
centerline,86.529983414544,0.0,0.6230158805847168,0.0,687.1784057617188,1.7225790793773399e-09,0.14533434808254242,0.019535815343260765,0.020355070009827614,1.386107406631254e-08
centerline,85.49383117092981,0.0,0.6155555844306946,0.0,699.179931640625,1.8283643488103962e-09,0.1457100659608841,0.020067550241947174,0.020815283060073853,1.5756521420939862e-08
centerline,84.45767064889272,0.0,0.6080952286720276,0.0,712.4619750976562,1.9632659942203645e-09,0.14607127010822296,0.020663898438215256,0.02132977545261383,1.8122120692964927e-08
centerline,83.42151840527852,0.0,0.6006349325180054,0.0,727.1504516601562,2.137936050417011e-09,0.14641015231609344,0.021333051845431328,0.021905265748500824,2.1107851466695138e-08
centerline,82.38535788324144,0.0,0.5931745767593384,0.0,743.3668212890625,2.3672364068971774e-09,0.14671747386455536,0.022083738818764687,0.022548886016011238,2.492259376651873e-08
centerline,81.34920563962724,0.0,0.5857142806053162,0.0,761.214599609375,2.672264409753211e-09,0.14698229730129242,0.022924745455384254,0.02326776459813118,2.985330027627242e-08
centerline,80.31305339601305,0.0,0.578253984451294,0.0,780.7617797851562,3.0825413332991047e-09,0.14719200134277344,0.023864155635237694,0.024068398401141167,3.63010954629317e-08
centerline,79.27689287397597,0.0,0.570793628692627,0.0,802.0173950195312,3.6392679980679077e-09,0.14733253419399261,0.02490818500518799,0.024955663830041885,4.481546511669876e-08
centerline,78.24074063036177,0.0,0.5633333325386047,0.0,824.9069213867188,4.39956426845356e-09,0.14738894999027252,0.026059744879603386,0.025931620970368385,5.615687115323453e-08
centerline,77.20458838674757,0.0,0.5558730363845825,0.0,849.2583618164062,5.441768813341241e-09,0.1473465859889984,0.02731715887784958,0.026994459331035614,7.135496815635634e-08
centerline,76.1684278647105,0.0,0.5484126806259155,0.0,874.8030395507812,6.873335678392323e-09,0.14719244837760925,0.02867337130010128,0.02813785895705223,9.181202642594144e-08
centerline,75.1322756210963,0.0,0.5409523844718933,0.0,901.1931762695312,8.84056383654297e-09,0.14691665768623352,0.030115805566310883,0.029350927099585533,1.1939970079311024e-07
centerline,74.0961233774821,0.0,0.5334920883178711,0.0,928.0389404296875,1.1542389266594455e-08,0.1465136557817459,0.031627289950847626,0.030618997290730476,1.5661926511256752e-07
centerline,73.05996285544502,0.0,0.5260317325592041,0.0,954.9598388671875,1.5248112106291956e-08,0.14598260819911957,0.033188145607709885,0.03192541003227234,2.0674907830198208e-07
centerline,72.02381061183083,0.0,0.5185714364051819,0.0,981.634521484375,2.0322621807622454e-08,0.1453268826007843,0.03477879986166954,0.03325371816754341,2.7411877567828924e-07
centerline,70.98765836821663,0.0,0.5111111402511597,0.0,1007.8348388671875,2.7258330703716638e-08,0.1445527970790863,0.03638223186135292,0.034589700400829315,3.643594368440972e-07
centerline,69.95149784617954,0.0,0.5036507844924927,0.0,1033.4388427734375,3.672237980367754e-08,0.143668070435524,0.03798564895987511,0.03592277318239212,4.848829462389403e-07
centerline,68.91534560256534,0.0,0.49619048833847046,0.0,1058.4234619140625,4.961739108466645e-08,0.14268019795417786,0.03958127275109291,0.037246569991111755,6.453558967223216e-07
centerline,67.8791892197397,0.0,0.48873016238212585,0.0,1082.8436279296875,6.716908984572001e-08,0.14159536361694336,0.041166212409734726,0.03855884075164795,8.585084287915379e-07
centerline,66.84303283691406,0.0,0.48126983642578125,0.0,1106.8095703125,9.104533660320158e-08,0.14041763544082642,0.04274178668856621,0.03986083343625069,1.1410984370741062e-06
centerline,65.80687645408842,0.0,0.47380951046943665,0.0,1130.466552734375,1.235229660778714e-07,0.13914871215820312,0.04431257024407387,0.04115650802850723,1.5152780861171777e-06
centerline,64.77072421047423,0.0,0.46634921431541443,0.0,1153.9769287109375,1.677173031566781e-07,0.13778793811798096,0.04588542878627777,0.04245168715715408,2.0104143914068118e-06
centerline,63.73456782764859,0.0,0.4588888883590698,0.0,1177.5072021484375,2.2789795650624e-07,0.1363326460123062,0.04746865853667259,0.043753381818532944,2.6652239739632932e-06
centerline,62.69841144482295,0.0,0.4514285624027252,0.0,1201.220947265625,3.0994064559308754e-07,0.13477826118469238,0.04907143488526344,0.04506929591298103,3.5311411465954734e-06
centerline,61.662259201208755,0.0,0.443968266248703,0.0,1225.275390625,4.2194977822873625e-07,0.1331186443567276,0.05070343613624573,0.046407558023929596,4.676306616602233e-06
centerline,60.62610281838311,0.0,0.4365079402923584,0.0,1249.8201904296875,5.751617209170945e-07,0.13134615123271942,0.05237460881471634,0.04777649790048599,6.191610282257898e-06
centerline,59.58994643555747,0.0,0.4290476143360138,0.0,1274.9974365234375,7.851864438634948e-07,0.12945188581943512,0.0540950745344162,0.04918460175395012,8.197916940844152e-06
centerline,58.553790052731834,0.0,0.4215872883796692,0.0,1300.9434814453125,1.07382425085234e-06,0.12742562592029572,0.055875085294246674,0.05064050480723381,1.085689746105345e-05
centerline,57.51763780911764,0.0,0.414126992225647,0.0,1327.788818359375,1.4715984661961556e-06,0.12525609135627747,0.05772499740123749,0.052152957767248154,1.4384149835677817e-05
centerline,56.481481426292,0.0,0.40666666626930237,0.0,1355.6610107421875,2.021474983848748e-06,0.12293070554733276,0.05965537950396538,0.053730953484773636,1.9068615074502304e-05
centerline,55.445325043466354,0.0,0.39920634031295776,0.0,1384.6865234375,2.7841515475302003e-06,0.12043559551239014,0.06167711690068245,0.055383868515491486,2.5297153115388937e-05
centerline,54.40917279985216,0.0,0.39174604415893555,0.0,1414.9896240234375,3.845777882816037e-06,0.11775554716587067,0.06380141526460648,0.05712147057056427,3.3588821679586545e-05
centerline,53.37301641702652,0.0,0.38428571820259094,0.0,1446.69482421875,5.3291983022063505e-06,0.1148739904165268,0.0660398006439209,0.05895402655005455,4.464047378860414e-05
centerline,52.33686003420088,0.0,0.37682539224624634,0.0,1479.9315185546875,7.410521448036889e-06,0.11177241802215576,0.06840453296899796,0.06089266762137413,5.93885088164825e-05
centerline,51.300703651375244,0.0,0.36936506628990173,0.0,1514.8358154296875,1.0343371286580805e-05,0.10842998325824738,0.07090882211923599,0.06294972449541092,7.908922270871699e-05
centerline,50.26455140776105,0.0,0.3619047701358795,0.0,1551.5458984375,1.449543924536556e-05,0.10482356697320938,0.07356670498847961,0.06513873487710953,0.00010543106327531859
centerline,49.22839502493541,0.0,0.3544444441795349,0.0,1590.194091796875,2.040198705799412e-05,0.10092831403017044,0.07639244198799133,0.06747416406869888,0.0001406729716109112
centerline,48.192238642109764,0.0,0.3469841182231903,0.0,1630.8944091796875,2.8839285732829012e-05,0.09671902656555176,0.07939963787794113,0.06997092068195343,0.00018775877833832055
centerline,47.15608639849557,0.0,0.3395238220691681,0.0,1673.7440185546875,4.094950418220833e-05,0.09217017889022827,0.0826009139418602,0.07264441251754761,0.0002505682350602001
centerline,46.11993001566993,0.0,0.3320634961128235,0.0,1718.8507080078125,5.8441557484911755e-05,0.08725245296955109,0.08600987493991852,0.07551257312297821,0.00033429835457354784
centerline,45.08377363284429,0.0,0.3246031701564789,0.0,1766.4459228515625,8.410244481638074e-05,0.0819065198302269,0.08964978158473969,0.0786031112074852,0.000448128383141011
